scenario,schema_version,evidence_level,model,layer,kind,format,format_bits,output_channels,positions,reduction,model_c_products,tile_m,tile_p,tile_k,word_bits,banks,read_ports,write_ports,clock_mhz,compute_mac_per_cycle,external_bandwidth_budget_GBps,bank_capacity_bits,peak_local_bank_bits,peak_single_bank_bits,full_input_packed_bits,full_output_packed_bits,full_activation_pair_packed_bits,full_activation_pair_fits_local_bank,peak_input_bank_bits,peak_weight_bank_bits,peak_output_and_bias_bank_bits,peak_accumulator_register_bits,fits_local_bank,double_buffer_inputs,cache_mapped_scales,spill_accumulator_after_k_tile,external_bits,weight_bits,input_bits,output_bits,bias_bits,scale_bits,spill_bits,local_read_cycles,local_write_cycles,compute_cycles,tile_instances,external_cycles,external_GB,external_bits_per_mac,limiter,delivered_external_GBps,analytical_mac_per_s
base_64b_8x8,memory-schedule-1.0.0,analytical_schedule_upper_bound,resnet18,conv1,standard,int8,8,64,12544,147,118013952,8,8,32,64,4,1,1,500,64,8.0,65536,10240,2560,1204480,6422784,7627264,False,4608,4608,1024,4096,True,True,True,False,253690048,122028032,122028032,6422528,3211264,8830976,0,1103872,1116416,1843968,62720,1981954,0.031711256,2.1496614908718588,external,7.999997981789688,29772121855.502197
base_64b_8x8,memory-schedule-1.0.0,analytical_schedule_upper_bound,resnet18,conv1,standard,int6,6,64,12544,147,118013952,8,8,32,64,4,1,1,500,64,8.0,65536,8192,2048,903424,5046528,5949952,False,3584,3584,1024,4096,True,True,True,False,189464768,89915392,89915392,6422528,3211264,8830976,0,852992,865536,1843968,62720,1480194,0.023683096,1.6054438037970291,compute,6.4217752151881164,32000000000.0
base_64b_8x8,memory-schedule-1.0.0,analytical_schedule_upper_bound,resnet18,conv1,standard,int5,5,64,12544,147,118013952,8,8,32,64,4,1,1,500,64,8.0,65536,8192,2048,774400,4129024,4903424,False,3584,3584,1024,4096,True,True,True,False,189464768,89915392,89915392,6422528,3211264,8830976,0,852992,865536,1843968,62720,1480194,0.023683096,1.6054438037970291,compute,6.4217752151881164,32000000000.0
base_64b_8x8,memory-schedule-1.0.0,analytical_schedule_upper_bound,resnet18,conv1,standard,int4,4,64,12544,147,118013952,8,8,32,64,4,1,1,500,64,8.0,65536,6144,1536,602368,3211520,3813888,False,2560,2560,1024,4096,True,True,True,False,138084544,64225280,64225280,6422528,3211264,8830976,0,652288,664832,1843968,62720,1078786,0.017260568,1.1700696541371651,compute,4.6802786165486605,32000000000.0
base_64b_8x8,memory-schedule-1.0.0,analytical_schedule_upper_bound,resnet18,conv1,standard,q1_6,8,64,12544,147,118013952,8,8,32,64,4,1,1,500,64,8.0,65536,8960,2240,1204224,6422528,7626752,False,4096,4096,768,4096,True,True,True,False,253689856,122028032,122028032,6422528,3211264,0,0,965888,978432,1843968,62720,1981952,0.031711232,2.1496598639455784,external,8.0,29772151898.734177
base_64b_8x8,memory-schedule-1.0.0,analytical_schedule_upper_bound,resnet18,conv1,standard,fp8_e4m3fn,8,64,12544,147,118013952,8,8,32,64,4,1,1,500,64,8.0,65536,8960,2240,1204224,6422528,7626752,False,4096,4096,768,4096,True,True,True,False,253689856,122028032,122028032,6422528,3211264,0,0,965888,978432,1843968,62720,1981952,0.031711232,2.1496598639455784,external,8.0,29772151898.734177
base_64b_8x8,memory-schedule-1.0.0,analytical_schedule_upper_bound,resnet18,conv1,standard,fp8_e5m2,8,64,12544,147,118013952,8,8,32,64,4,1,1,500,64,8.0,65536,8960,2240,1204224,6422528,7626752,False,4096,4096,768,4096,True,True,True,False,253689856,122028032,122028032,6422528,3211264,0,0,965888,978432,1843968,62720,1981952,0.031711232,2.1496598639455784,external,8.0,29772151898.734177
base_64b_8x8,memory-schedule-1.0.0,analytical_schedule_upper_bound,resnet18,conv1,standard,fp7_e3m3,7,64,12544,147,118013952,8,8,32,64,4,1,1,500,64,8.0,65536,8960,2240,1075200,5963776,7038976,False,4096,4096,768,4096,True,True,True,False,253689856,122028032,122028032,6422528,3211264,0,0,965888,978432,1843968,62720,1981952,0.031711232,2.1496598639455784,external,8.0,29772151898.734177
base_64b_8x8,memory-schedule-1.0.0,analytical_schedule_upper_bound,resnet18,conv1,standard,fp6_e3m2,6,64,12544,147,118013952,8,8,32,64,4,1,1,500,64,8.0,65536,6912,1728,903168,5046272,5949440,False,3072,3072,768,4096,True,True,True,False,189464576,89915392,89915392,6422528,3211264,0,0,715008,727552,1843968,62720,1480192,0.023683072,1.6054421768707483,compute,6.421768707482993,32000000000.0
base_64b_8x8,memory-schedule-1.0.0,analytical_schedule_upper_bound,resnet18,conv1,standard,fp6_e2m3,6,64,12544,147,118013952,8,8,32,64,4,1,1,500,64,8.0,65536,6912,1728,903168,5046272,5949440,False,3072,3072,768,4096,True,True,True,False,189464576,89915392,89915392,6422528,3211264,0,0,715008,727552,1843968,62720,1480192,0.023683072,1.6054421768707483,compute,6.421768707482993,32000000000.0
base_64b_8x8,memory-schedule-1.0.0,analytical_schedule_upper_bound,resnet18,conv1,standard,fp5_e2m2,5,64,12544,147,118013952,8,8,32,64,4,1,1,500,64,8.0,65536,6912,1728,774144,4128768,4902912,False,3072,3072,768,4096,True,True,True,False,189464576,89915392,89915392,6422528,3211264,0,0,715008,727552,1843968,62720,1480192,0.023683072,1.6054421768707483,compute,6.421768707482993,32000000000.0
base_64b_8x8,memory-schedule-1.0.0,analytical_schedule_upper_bound,resnet18,conv1,standard,fp4_e2m1,4,64,12544,147,118013952,8,8,32,64,4,1,1,500,64,8.0,65536,4864,1216,602112,3211264,3813376,False,2048,2048,768,4096,True,True,True,False,138084352,64225280,64225280,6422528,3211264,0,0,514304,526848,1843968,62720,1078784,0.017260544,1.1700680272108843,compute,4.680272108843537,32000000000.0
base_64b_8x8,memory-schedule-1.0.0,analytical_schedule_upper_bound,resnet18,conv1,standard,bfp6,6,64,12544,147,118013952,8,8,32,64,4,1,1,500,64,8.0,65536,8192,2048,940800,5275648,6216448,False,3584,3584,1024,4096,True,True,True,False,198295552,89915392,89915392,6422528,3211264,8830976,0,852992,865536,1843968,62720,1549184,0.024786944,1.6802721088435375,compute,6.721088435374149,32000000000.0
base_64b_8x8,memory-schedule-1.0.0,analytical_schedule_upper_bound,resnet18,conv1,standard,mxfp8_e4m3,8,64,12544,147,118013952,8,8,32,64,4,1,1,500,64,8.0,65536,10240,2560,1241856,6651904,7893760,False,4608,4608,1024,4096,True,True,True,False,262520832,122028032,122028032,6422528,3211264,8830976,0,1103872,1116416,1843968,62720,2050944,0.032815104,2.2244897959183674,external,8.0,28770642201.83486
base_64b_8x8,memory-schedule-1.0.0,analytical_schedule_upper_bound,resnet18,conv1,standard,mxfp6_e3m2,6,64,12544,147,118013952,8,8,32,64,4,1,1,500,64,8.0,65536,8192,2048,940800,5275648,6216448,False,3584,3584,1024,4096,True,True,True,False,198295552,89915392,89915392,6422528,3211264,8830976,0,852992,865536,1843968,62720,1549184,0.024786944,1.6802721088435375,compute,6.721088435374149,32000000000.0
base_64b_8x8,memory-schedule-1.0.0,analytical_schedule_upper_bound,resnet18,conv1,standard,mxfp4_e2m1,4,64,12544,147,118013952,8,8,32,64,4,1,1,500,64,8.0,65536,6144,1536,639744,3440640,4080384,False,2560,2560,1024,4096,True,True,True,False,146915328,64225280,64225280,6422528,3211264,8830976,0,652288,664832,1843968,62720,1147776,0.018364416,1.2448979591836735,compute,4.979591836734693,32000000000.0
base_64b_8x8,memory-schedule-1.0.0,analytical_schedule_upper_bound,resnet18,conv1,standard,posit8_es1,8,64,12544,147,118013952,8,8,32,64,4,1,1,500,64,8.0,65536,8960,2240,1204224,6422528,7626752,False,4096,4096,768,4096,True,True,True,False,253689856,122028032,122028032,6422528,3211264,0,0,965888,978432,1843968,62720,1981952,0.031711232,2.1496598639455784,external,8.0,29772151898.734177
base_64b_8x8,memory-schedule-1.0.0,analytical_schedule_upper_bound,resnet18,conv1,standard,posit6_es1,6,64,12544,147,118013952,8,8,32,64,4,1,1,500,64,8.0,65536,6912,1728,903168,5046272,5949440,False,3072,3072,768,4096,True,True,True,False,189464576,89915392,89915392,6422528,3211264,0,0,715008,727552,1843968,62720,1480192,0.023683072,1.6054421768707483,compute,6.421768707482993,32000000000.0
base_64b_8x8,memory-schedule-1.0.0,analytical_schedule_upper_bound,resnet18,conv1,standard,posit4_es0,4,64,12544,147,118013952,8,8,32,64,4,1,1,500,64,8.0,65536,4864,1216,602112,3211264,3813376,False,2048,2048,768,4096,True,True,True,False,138084352,64225280,64225280,6422528,3211264,0,0,514304,526848,1843968,62720,1078784,0.017260544,1.1700680272108843,compute,4.680272108843537,32000000000.0
base_64b_8x8,memory-schedule-1.0.0,analytical_schedule_upper_bound,resnet18,conv1,standard,log8,8,64,12544,147,118013952,8,8,32,64,4,1,1,500,64,8.0,65536,8960,2240,1204224,6422528,7626752,False,4096,4096,768,4096,True,True,True,False,253689856,122028032,122028032,6422528,3211264,0,0,965888,978432,1843968,62720,1981952,0.031711232,2.1496598639455784,external,8.0,29772151898.734177
base_64b_8x8,memory-schedule-1.0.0,analytical_schedule_upper_bound,resnet18,conv1,standard,log6,6,64,12544,147,118013952,8,8,32,64,4,1,1,500,64,8.0,65536,6912,1728,903168,5046272,5949440,False,3072,3072,768,4096,True,True,True,False,189464576,89915392,89915392,6422528,3211264,0,0,715008,727552,1843968,62720,1480192,0.023683072,1.6054421768707483,compute,6.421768707482993,32000000000.0
base_64b_8x8,memory-schedule-1.0.0,analytical_schedule_upper_bound,resnet18,conv1,standard,log4,4,64,12544,147,118013952,8,8,32,64,4,1,1,500,64,8.0,65536,4864,1216,602112,3211264,3813376,False,2048,2048,768,4096,True,True,True,False,138084352,64225280,64225280,6422528,3211264,0,0,514304,526848,1843968,62720,1078784,0.017260544,1.1700680272108843,compute,4.680272108843537,32000000000.0
base_64b_8x8,memory-schedule-1.0.0,analytical_schedule_upper_bound,resnet18,conv1,standard,nf4,4,64,12544,147,118013952,8,8,32,64,4,1,1,500,64,8.0,65536,6144,1536,602368,3211520,3813888,False,2560,2560,1024,4096,True,True,True,False,138084544,64225280,64225280,6422528,3211264,8830976,0,652288,664832,1843968,62720,1078786,0.017260568,1.1700696541371651,compute,4.6802786165486605,32000000000.0
base_64b_8x8,memory-schedule-1.0.0,analytical_schedule_upper_bound,resnet18,conv1,standard,binary_pm1,1,64,12544,147,118013952,8,8,32,64,4,1,1,500,64,8.0,65536,4096,1024,172288,917760,1090048,False,1536,1536,1024,4096,True,True,True,False,73859264,32112640,32112640,6422528,3211264,8830976,0,401408,413952,1843968,62720,577026,0.009232408,0.6258519670623351,compute,2.5034078682493406,32000000000.0
base_64b_8x8,memory-schedule-1.0.0,analytical_schedule_upper_bound,resnet18,conv1,standard,ternary,2,64,12544,147,118013952,8,8,32,64,4,1,1,500,64,8.0,65536,4096,1024,301312,1835264,2136576,False,1536,1536,1024,4096,True,True,True,False,73859264,32112640,32112640,6422528,3211264,8830976,0,401408,413952,1843968,62720,577026,0.009232408,0.6258519670623351,compute,2.5034078682493406,32000000000.0
base_64b_8x8,memory-schedule-1.0.0,analytical_schedule_upper_bound,mobilenet_v2,features_1_conv_0_0,depthwise,int8,8,32,12544,9,3612672,8,8,32,64,4,1,1,500,64,8.0,65536,20480,5120,3211520,3211520,6423040,False,16896,2560,1024,4096,True,True,True,False,62619840,6422528,51380224,3211264,1605632,1204224,0,250880,257152,56448,6272,489218,0.00782748,17.333386479591837,external,7.999991823685964,3692292597.5740876
base_64b_8x8,memory-schedule-1.0.0,analytical_schedule_upper_bound,mobilenet_v2,features_1_conv_0_0,depthwise,int6,6,32,12544,9,3612672,8,8,32,64,4,1,1,500,64,8.0,65536,11264,2816,2523392,2523392,5046784,False,8704,1536,1024,4096,True,True,True,False,33718464,3211264,25690112,3211264,1605632,1204224,0,137984,144256,56448,6272,263426,0.004214808,9.333386479591837,external,7.9999848154699995,6857090795.89714
base_64b_8x8,memory-schedule-1.0.0,analytical_schedule_upper_bound,mobilenet_v2,features_1_conv_0_0,depthwise,int5,5,32,12544,9,3612672,8,8,32,64,4,1,1,500,64,8.0,65536,11264,2816,2064640,2064640,4129280,False,8704,1536,1024,4096,True,True,True,False,33718464,3211264,25690112,3211264,1605632,1204224,0,137984,144256,56448,6272,263426,0.004214808,9.333386479591837,external,7.9999848154699995,6857090795.89714
base_64b_8x8,memory-schedule-1.0.0,analytical_schedule_upper_bound,mobilenet_v2,features_1_conv_0_0,depthwise,int4,4,32,12544,9,3612672,8,8,32,64,4,1,1,500,64,8.0,65536,11264,2816,1605888,1605888,3211776,False,8704,1536,1024,4096,True,True,True,False,33718464,3211264,25690112,3211264,1605632,1204224,0,137984,144256,56448,6272,263426,0.004214808,9.333386479591837,external,7.9999848154699995,6857090795.89714
base_64b_8x8,memory-schedule-1.0.0,analytical_schedule_upper_bound,mobilenet_v2,features_1_conv_0_0,depthwise,q1_6,8,32,12544,9,3612672,8,8,32,64,4,1,1,500,64,8.0,65536,19200,4800,3211264,3211264,6422528,False,16384,2048,768,4096,True,True,True,False,62619648,6422528,51380224,3211264,1605632,0,0,232064,238336,56448,6272,489216,0.007827456,17.333333333333332,external,8.0,3692307692.3076925
base_64b_8x8,memory-schedule-1.0.0,analytical_schedule_upper_bound,mobilenet_v2,features_1_conv_0_0,depthwise,fp8_e4m3fn,8,32,12544,9,3612672,8,8,32,64,4,1,1,500,64,8.0,65536,19200,4800,3211264,3211264,6422528,False,16384,2048,768,4096,True,True,True,False,62619648,6422528,51380224,3211264,1605632,0,0,232064,238336,56448,6272,489216,0.007827456,17.333333333333332,external,8.0,3692307692.3076925
base_64b_8x8,memory-schedule-1.0.0,analytical_schedule_upper_bound,mobilenet_v2,features_1_conv_0_0,depthwise,fp8_e5m2,8,32,12544,9,3612672,8,8,32,64,4,1,1,500,64,8.0,65536,19200,4800,3211264,3211264,6422528,False,16384,2048,768,4096,True,True,True,False,62619648,6422528,51380224,3211264,1605632,0,0,232064,238336,56448,6272,489216,0.007827456,17.333333333333332,external,8.0,3692307692.3076925
base_64b_8x8,memory-schedule-1.0.0,analytical_schedule_upper_bound,mobilenet_v2,features_1_conv_0_0,depthwise,fp7_e3m3,7,32,12544,9,3612672,8,8,32,64,4,1,1,500,64,8.0,65536,9984,2496,2981888,2981888,5963776,False,8192,1024,768,4096,True,True,True,False,33718272,3211264,25690112,3211264,1605632,0,0,119168,125440,56448,6272,263424,0.004214784,9.333333333333334,external,8.0,6857142857.142858
base_64b_8x8,memory-schedule-1.0.0,analytical_schedule_upper_bound,mobilenet_v2,features_1_conv_0_0,depthwise,fp6_e3m2,6,32,12544,9,3612672,8,8,32,64,4,1,1,500,64,8.0,65536,9984,2496,2523136,2523136,5046272,False,8192,1024,768,4096,True,True,True,False,33718272,3211264,25690112,3211264,1605632,0,0,119168,125440,56448,6272,263424,0.004214784,9.333333333333334,external,8.0,6857142857.142858
base_64b_8x8,memory-schedule-1.0.0,analytical_schedule_upper_bound,mobilenet_v2,features_1_conv_0_0,depthwise,fp6_e2m3,6,32,12544,9,3612672,8,8,32,64,4,1,1,500,64,8.0,65536,9984,2496,2523136,2523136,5046272,False,8192,1024,768,4096,True,True,True,False,33718272,3211264,25690112,3211264,1605632,0,0,119168,125440,56448,6272,263424,0.004214784,9.333333333333334,external,8.0,6857142857.142858
base_64b_8x8,memory-schedule-1.0.0,analytical_schedule_upper_bound,mobilenet_v2,features_1_conv_0_0,depthwise,fp5_e2m2,5,32,12544,9,3612672,8,8,32,64,4,1,1,500,64,8.0,65536,9984,2496,2064384,2064384,4128768,False,8192,1024,768,4096,True,True,True,False,33718272,3211264,25690112,3211264,1605632,0,0,119168,125440,56448,6272,263424,0.004214784,9.333333333333334,external,8.0,6857142857.142858
base_64b_8x8,memory-schedule-1.0.0,analytical_schedule_upper_bound,mobilenet_v2,features_1_conv_0_0,depthwise,fp4_e2m1,4,32,12544,9,3612672,8,8,32,64,4,1,1,500,64,8.0,65536,9984,2496,1605632,1605632,3211264,False,8192,1024,768,4096,True,True,True,False,33718272,3211264,25690112,3211264,1605632,0,0,119168,125440,56448,6272,263424,0.004214784,9.333333333333334,external,8.0,6857142857.142858
base_64b_8x8,memory-schedule-1.0.0,analytical_schedule_upper_bound,mobilenet_v2,features_1_conv_0_0,depthwise,bfp6,6,32,12544,9,3612672,8,8,32,64,4,1,1,500,64,8.0,65536,11776,2944,2637824,2637824,5275648,False,9216,1536,1024,4096,True,True,True,False,37732352,3211264,25690112,3211264,1605632,4014080,0,144256,150528,56448,6272,294784,0.004716544,10.444444444444445,external,8.0,6127659574.468085
base_64b_8x8,memory-schedule-1.0.0,analytical_schedule_upper_bound,mobilenet_v2,features_1_conv_0_0,depthwise,mxfp8_e4m3,8,32,12544,9,3612672,8,8,32,64,4,1,1,500,64,8.0,65536,20992,5248,3325952,3325952,6651904,False,17408,2560,1024,4096,True,True,True,False,66633728,6422528,51380224,3211264,1605632,4014080,0,257152,263424,56448,6272,520576,0.008329216,18.444444444444443,external,8.0,3469879518.072289
base_64b_8x8,memory-schedule-1.0.0,analytical_schedule_upper_bound,mobilenet_v2,features_1_conv_0_0,depthwise,mxfp6_e3m2,6,32,12544,9,3612672,8,8,32,64,4,1,1,500,64,8.0,65536,11776,2944,2637824,2637824,5275648,False,9216,1536,1024,4096,True,True,True,False,37732352,3211264,25690112,3211264,1605632,4014080,0,144256,150528,56448,6272,294784,0.004716544,10.444444444444445,external,8.0,6127659574.468085
base_64b_8x8,memory-schedule-1.0.0,analytical_schedule_upper_bound,mobilenet_v2,features_1_conv_0_0,depthwise,mxfp4_e2m1,4,32,12544,9,3612672,8,8,32,64,4,1,1,500,64,8.0,65536,11776,2944,1720320,1720320,3440640,False,9216,1536,1024,4096,True,True,True,False,37732352,3211264,25690112,3211264,1605632,4014080,0,144256,150528,56448,6272,294784,0.004716544,10.444444444444445,external,8.0,6127659574.468085
base_64b_8x8,memory-schedule-1.0.0,analytical_schedule_upper_bound,mobilenet_v2,features_1_conv_0_0,depthwise,posit8_es1,8,32,12544,9,3612672,8,8,32,64,4,1,1,500,64,8.0,65536,19200,4800,3211264,3211264,6422528,False,16384,2048,768,4096,True,True,True,False,62619648,6422528,51380224,3211264,1605632,0,0,232064,238336,56448,6272,489216,0.007827456,17.333333333333332,external,8.0,3692307692.3076925
base_64b_8x8,memory-schedule-1.0.0,analytical_schedule_upper_bound,mobilenet_v2,features_1_conv_0_0,depthwise,posit6_es1,6,32,12544,9,3612672,8,8,32,64,4,1,1,500,64,8.0,65536,9984,2496,2523136,2523136,5046272,False,8192,1024,768,4096,True,True,True,False,33718272,3211264,25690112,3211264,1605632,0,0,119168,125440,56448,6272,263424,0.004214784,9.333333333333334,external,8.0,6857142857.142858
base_64b_8x8,memory-schedule-1.0.0,analytical_schedule_upper_bound,mobilenet_v2,features_1_conv_0_0,depthwise,posit4_es0,4,32,12544,9,3612672,8,8,32,64,4,1,1,500,64,8.0,65536,9984,2496,1605632,1605632,3211264,False,8192,1024,768,4096,True,True,True,False,33718272,3211264,25690112,3211264,1605632,0,0,119168,125440,56448,6272,263424,0.004214784,9.333333333333334,external,8.0,6857142857.142858
base_64b_8x8,memory-schedule-1.0.0,analytical_schedule_upper_bound,mobilenet_v2,features_1_conv_0_0,depthwise,log8,8,32,12544,9,3612672,8,8,32,64,4,1,1,500,64,8.0,65536,19200,4800,3211264,3211264,6422528,False,16384,2048,768,4096,True,True,True,False,62619648,6422528,51380224,3211264,1605632,0,0,232064,238336,56448,6272,489216,0.007827456,17.333333333333332,external,8.0,3692307692.3076925
base_64b_8x8,memory-schedule-1.0.0,analytical_schedule_upper_bound,mobilenet_v2,features_1_conv_0_0,depthwise,log6,6,32,12544,9,3612672,8,8,32,64,4,1,1,500,64,8.0,65536,9984,2496,2523136,2523136,5046272,False,8192,1024,768,4096,True,True,True,False,33718272,3211264,25690112,3211264,1605632,0,0,119168,125440,56448,6272,263424,0.004214784,9.333333333333334,external,8.0,6857142857.142858
base_64b_8x8,memory-schedule-1.0.0,analytical_schedule_upper_bound,mobilenet_v2,features_1_conv_0_0,depthwise,log4,4,32,12544,9,3612672,8,8,32,64,4,1,1,500,64,8.0,65536,9984,2496,1605632,1605632,3211264,False,8192,1024,768,4096,True,True,True,False,33718272,3211264,25690112,3211264,1605632,0,0,119168,125440,56448,6272,263424,0.004214784,9.333333333333334,external,8.0,6857142857.142858
base_64b_8x8,memory-schedule-1.0.0,analytical_schedule_upper_bound,mobilenet_v2,features_1_conv_0_0,depthwise,nf4,4,32,12544,9,3612672,8,8,32,64,4,1,1,500,64,8.0,65536,11264,2816,1605888,1605888,3211776,False,8704,1536,1024,4096,True,True,True,False,33718464,3211264,25690112,3211264,1605632,1204224,0,137984,144256,56448,6272,263426,0.004214808,9.333386479591837,external,7.9999848154699995,6857090795.89714
base_64b_8x8,memory-schedule-1.0.0,analytical_schedule_upper_bound,mobilenet_v2,features_1_conv_0_0,depthwise,binary_pm1,1,32,12544,9,3612672,8,8,32,64,4,1,1,500,64,8.0,65536,11264,2816,459008,459008,918016,False,8704,1536,1024,4096,True,True,True,False,33718464,3211264,25690112,3211264,1605632,1204224,0,137984,144256,56448,6272,263426,0.004214808,9.333386479591837,external,7.9999848154699995,6857090795.89714
base_64b_8x8,memory-schedule-1.0.0,analytical_schedule_upper_bound,mobilenet_v2,features_1_conv_0_0,depthwise,ternary,2,32,12544,9,3612672,8,8,32,64,4,1,1,500,64,8.0,65536,11264,2816,917760,917760,1835520,False,8704,1536,1024,4096,True,True,True,False,33718464,3211264,25690112,3211264,1605632,1204224,0,137984,144256,56448,6272,263426,0.004214808,9.333386479591837,external,7.9999848154699995,6857090795.89714
base_64b_8x8,memory-schedule-1.0.0,analytical_schedule_upper_bound,mobilenet_v2,features_1_conv_1,pointwise,int8,8,16,12544,32,6422528,8,8,32,64,4,1,1,500,64,8.0,65536,10240,2560,3211520,1605888,4817408,False,4608,4608,1024,4096,True,True,True,False,15253696,6422528,6422528,1605632,802816,602112,0,62720,65856,100352,3136,119170,0.001906712,2.375029894770408,external,7.999966434505328,26946916170.17706
base_64b_8x8,memory-schedule-1.0.0,analytical_schedule_upper_bound,mobilenet_v2,features_1_conv_1,pointwise,int6,6,16,12544,32,6422528,8,8,32,64,4,1,1,500,64,8.0,65536,8192,2048,2523392,1261824,3785216,False,3584,3584,1024,4096,True,True,True,False,12042432,4816896,4816896,1605632,802816,602112,0,50176,53312,100352,3136,94082,0.001505304,1.8750298947704083,compute,7.500119579081632,32000000000.0
base_64b_8x8,memory-schedule-1.0.0,analytical_schedule_upper_bound,mobilenet_v2,features_1_conv_1,pointwise,int5,5,16,12544,32,6422528,8,8,32,64,4,1,1,500,64,8.0,65536,8192,2048,2064640,1032448,3097088,False,3584,3584,1024,4096,True,True,True,False,12042432,4816896,4816896,1605632,802816,602112,0,50176,53312,100352,3136,94082,0.001505304,1.8750298947704083,compute,7.500119579081632,32000000000.0
base_64b_8x8,memory-schedule-1.0.0,analytical_schedule_upper_bound,mobilenet_v2,features_1_conv_1,pointwise,int4,4,16,12544,32,6422528,8,8,32,64,4,1,1,500,64,8.0,65536,6144,1536,1605888,803072,2408960,False,2560,2560,1024,4096,True,True,True,False,8831168,3211264,3211264,1605632,802816,602112,0,37632,40768,100352,3136,68994,0.001103896,1.3750298947704083,compute,5.500119579081632,32000000000.0
base_64b_8x8,memory-schedule-1.0.0,analytical_schedule_upper_bound,mobilenet_v2,features_1_conv_1,pointwise,q1_6,8,16,12544,32,6422528,8,8,32,64,4,1,1,500,64,8.0,65536,8960,2240,3211264,1605632,4816896,False,4096,4096,768,4096,True,True,True,False,15253504,6422528,6422528,1605632,802816,0,0,53312,56448,100352,3136,119168,0.001906688,2.375,external,8.0,26947368421.05263
base_64b_8x8,memory-schedule-1.0.0,analytical_schedule_upper_bound,mobilenet_v2,features_1_conv_1,pointwise,fp8_e4m3fn,8,16,12544,32,6422528,8,8,32,64,4,1,1,500,64,8.0,65536,8960,2240,3211264,1605632,4816896,False,4096,4096,768,4096,True,True,True,False,15253504,6422528,6422528,1605632,802816,0,0,53312,56448,100352,3136,119168,0.001906688,2.375,external,8.0,26947368421.05263
base_64b_8x8,memory-schedule-1.0.0,analytical_schedule_upper_bound,mobilenet_v2,features_1_conv_1,pointwise,fp8_e5m2,8,16,12544,32,6422528,8,8,32,64,4,1,1,500,64,8.0,65536,8960,2240,3211264,1605632,4816896,False,4096,4096,768,4096,True,True,True,False,15253504,6422528,6422528,1605632,802816,0,0,53312,56448,100352,3136,119168,0.001906688,2.375,external,8.0,26947368421.05263
base_64b_8x8,memory-schedule-1.0.0,analytical_schedule_upper_bound,mobilenet_v2,features_1_conv_1,pointwise,fp7_e3m3,7,16,12544,32,6422528,8,8,32,64,4,1,1,500,64,8.0,65536,8960,2240,2981888,1490944,4472832,False,4096,4096,768,4096,True,True,True,False,15253504,6422528,6422528,1605632,802816,0,0,53312,56448,100352,3136,119168,0.001906688,2.375,external,8.0,26947368421.05263
base_64b_8x8,memory-schedule-1.0.0,analytical_schedule_upper_bound,mobilenet_v2,features_1_conv_1,pointwise,fp6_e3m2,6,16,12544,32,6422528,8,8,32,64,4,1,1,500,64,8.0,65536,6912,1728,2523136,1261568,3784704,False,3072,3072,768,4096,True,True,True,False,12042240,4816896,4816896,1605632,802816,0,0,40768,43904,100352,3136,94080,0.00150528,1.875,compute,7.5,32000000000.0
base_64b_8x8,memory-schedule-1.0.0,analytical_schedule_upper_bound,mobilenet_v2,features_1_conv_1,pointwise,fp6_e2m3,6,16,12544,32,6422528,8,8,32,64,4,1,1,500,64,8.0,65536,6912,1728,2523136,1261568,3784704,False,3072,3072,768,4096,True,True,True,False,12042240,4816896,4816896,1605632,802816,0,0,40768,43904,100352,3136,94080,0.00150528,1.875,compute,7.5,32000000000.0
base_64b_8x8,memory-schedule-1.0.0,analytical_schedule_upper_bound,mobilenet_v2,features_1_conv_1,pointwise,fp5_e2m2,5,16,12544,32,6422528,8,8,32,64,4,1,1,500,64,8.0,65536,6912,1728,2064384,1032192,3096576,False,3072,3072,768,4096,True,True,True,False,12042240,4816896,4816896,1605632,802816,0,0,40768,43904,100352,3136,94080,0.00150528,1.875,compute,7.5,32000000000.0
base_64b_8x8,memory-schedule-1.0.0,analytical_schedule_upper_bound,mobilenet_v2,features_1_conv_1,pointwise,fp4_e2m1,4,16,12544,32,6422528,8,8,32,64,4,1,1,500,64,8.0,65536,4864,1216,1605632,802816,2408448,False,2048,2048,768,4096,True,True,True,False,8830976,3211264,3211264,1605632,802816,0,0,28224,31360,100352,3136,68992,0.001103872,1.375,compute,5.5,32000000000.0
base_64b_8x8,memory-schedule-1.0.0,analytical_schedule_upper_bound,mobilenet_v2,features_1_conv_1,pointwise,bfp6,6,16,12544,32,6422528,8,8,32,64,4,1,1,500,64,8.0,65536,8192,2048,2637824,1318912,3956736,False,3584,3584,1024,4096,True,True,True,False,12644352,4816896,4816896,1605632,802816,602112,0,50176,53312,100352,3136,98784,0.001580544,1.96875,compute,7.875,32000000000.0
base_64b_8x8,memory-schedule-1.0.0,analytical_schedule_upper_bound,mobilenet_v2,features_1_conv_1,pointwise,mxfp8_e4m3,8,16,12544,32,6422528,8,8,32,64,4,1,1,500,64,8.0,65536,10240,2560,3325952,1662976,4988928,False,4608,4608,1024,4096,True,True,True,False,15855616,6422528,6422528,1605632,802816,602112,0,62720,65856,100352,3136,123872,0.001981952,2.46875,external,8.0,25924050632.911392
base_64b_8x8,memory-schedule-1.0.0,analytical_schedule_upper_bound,mobilenet_v2,features_1_conv_1,pointwise,mxfp6_e3m2,6,16,12544,32,6422528,8,8,32,64,4,1,1,500,64,8.0,65536,8192,2048,2637824,1318912,3956736,False,3584,3584,1024,4096,True,True,True,False,12644352,4816896,4816896,1605632,802816,602112,0,50176,53312,100352,3136,98784,0.001580544,1.96875,compute,7.875,32000000000.0
base_64b_8x8,memory-schedule-1.0.0,analytical_schedule_upper_bound,mobilenet_v2,features_1_conv_1,pointwise,mxfp4_e2m1,4,16,12544,32,6422528,8,8,32,64,4,1,1,500,64,8.0,65536,6144,1536,1720320,860160,2580480,False,2560,2560,1024,4096,True,True,True,False,9433088,3211264,3211264,1605632,802816,602112,0,37632,40768,100352,3136,73696,0.001179136,1.46875,compute,5.875,32000000000.0
base_64b_8x8,memory-schedule-1.0.0,analytical_schedule_upper_bound,mobilenet_v2,features_1_conv_1,pointwise,posit8_es1,8,16,12544,32,6422528,8,8,32,64,4,1,1,500,64,8.0,65536,8960,2240,3211264,1605632,4816896,False,4096,4096,768,4096,True,True,True,False,15253504,6422528,6422528,1605632,802816,0,0,53312,56448,100352,3136,119168,0.001906688,2.375,external,8.0,26947368421.05263
base_64b_8x8,memory-schedule-1.0.0,analytical_schedule_upper_bound,mobilenet_v2,features_1_conv_1,pointwise,posit6_es1,6,16,12544,32,6422528,8,8,32,64,4,1,1,500,64,8.0,65536,6912,1728,2523136,1261568,3784704,False,3072,3072,768,4096,True,True,True,False,12042240,4816896,4816896,1605632,802816,0,0,40768,43904,100352,3136,94080,0.00150528,1.875,compute,7.5,32000000000.0
base_64b_8x8,memory-schedule-1.0.0,analytical_schedule_upper_bound,mobilenet_v2,features_1_conv_1,pointwise,posit4_es0,4,16,12544,32,6422528,8,8,32,64,4,1,1,500,64,8.0,65536,4864,1216,1605632,802816,2408448,False,2048,2048,768,4096,True,True,True,False,8830976,3211264,3211264,1605632,802816,0,0,28224,31360,100352,3136,68992,0.001103872,1.375,compute,5.5,32000000000.0
base_64b_8x8,memory-schedule-1.0.0,analytical_schedule_upper_bound,mobilenet_v2,features_1_conv_1,pointwise,log8,8,16,12544,32,6422528,8,8,32,64,4,1,1,500,64,8.0,65536,8960,2240,3211264,1605632,4816896,False,4096,4096,768,4096,True,True,True,False,15253504,6422528,6422528,1605632,802816,0,0,53312,56448,100352,3136,119168,0.001906688,2.375,external,8.0,26947368421.05263
base_64b_8x8,memory-schedule-1.0.0,analytical_schedule_upper_bound,mobilenet_v2,features_1_conv_1,pointwise,log6,6,16,12544,32,6422528,8,8,32,64,4,1,1,500,64,8.0,65536,6912,1728,2523136,1261568,3784704,False,3072,3072,768,4096,True,True,True,False,12042240,4816896,4816896,1605632,802816,0,0,40768,43904,100352,3136,94080,0.00150528,1.875,compute,7.5,32000000000.0
base_64b_8x8,memory-schedule-1.0.0,analytical_schedule_upper_bound,mobilenet_v2,features_1_conv_1,pointwise,log4,4,16,12544,32,6422528,8,8,32,64,4,1,1,500,64,8.0,65536,4864,1216,1605632,802816,2408448,False,2048,2048,768,4096,True,True,True,False,8830976,3211264,3211264,1605632,802816,0,0,28224,31360,100352,3136,68992,0.001103872,1.375,compute,5.5,32000000000.0
base_64b_8x8,memory-schedule-1.0.0,analytical_schedule_upper_bound,mobilenet_v2,features_1_conv_1,pointwise,nf4,4,16,12544,32,6422528,8,8,32,64,4,1,1,500,64,8.0,65536,6144,1536,1605888,803072,2408960,False,2560,2560,1024,4096,True,True,True,False,8831168,3211264,3211264,1605632,802816,602112,0,37632,40768,100352,3136,68994,0.001103896,1.3750298947704083,compute,5.500119579081632,32000000000.0
base_64b_8x8,memory-schedule-1.0.0,analytical_schedule_upper_bound,mobilenet_v2,features_1_conv_1,pointwise,binary_pm1,1,16,12544,32,6422528,8,8,32,64,4,1,1,500,64,8.0,65536,4096,1024,459008,229632,688640,False,1536,1536,1024,4096,True,True,True,False,5619904,1605632,1605632,1605632,802816,602112,0,25088,28224,100352,3136,43906,0.000702488,0.8750298947704082,compute,3.5001195790816326,32000000000.0
base_64b_8x8,memory-schedule-1.0.0,analytical_schedule_upper_bound,mobilenet_v2,features_1_conv_1,pointwise,ternary,2,16,12544,32,6422528,8,8,32,64,4,1,1,500,64,8.0,65536,4096,1024,917760,459008,1376768,False,1536,1536,1024,4096,True,True,True,False,5619904,1605632,1605632,1605632,802816,602112,0,25088,28224,100352,3136,43906,0.000702488,0.8750298947704082,compute,3.5001195790816326,32000000000.0
base_64b_8x8,memory-schedule-1.0.0,analytical_schedule_upper_bound,mobilenet_v3_large,features_1_block_1_0,pointwise,int8,8,16,12544,16,3211264,8,8,32,64,4,1,1,500,64,8.0,65536,6144,1536,1605888,1605888,3211776,False,2560,2560,1024,4096,True,True,True,False,8831168,3211264,3211264,1605632,802816,602112,0,37632,40768,50176,3136,68994,0.001103896,2.7500597895408165,external,7.999942023944111,23272052642.258747
base_64b_8x8,memory-schedule-1.0.0,analytical_schedule_upper_bound,mobilenet_v3_large,features_1_block_1_0,pointwise,int6,6,16,12544,16,3211264,8,8,32,64,4,1,1,500,64,8.0,65536,6144,1536,1261824,1261824,2523648,False,2560,2560,1024,4096,True,True,True,False,8831168,3211264,3211264,1605632,802816,602112,0,37632,40768,50176,3136,68994,0.001103896,2.7500597895408165,external,7.999942023944111,23272052642.258747
base_64b_8x8,memory-schedule-1.0.0,analytical_schedule_upper_bound,mobilenet_v3_large,features_1_block_1_0,pointwise,int5,5,16,12544,16,3211264,8,8,32,64,4,1,1,500,64,8.0,65536,6144,1536,1032448,1032448,2064896,False,2560,2560,1024,4096,True,True,True,False,8831168,3211264,3211264,1605632,802816,602112,0,37632,40768,50176,3136,68994,0.001103896,2.7500597895408165,external,7.999942023944111,23272052642.258747
base_64b_8x8,memory-schedule-1.0.0,analytical_schedule_upper_bound,mobilenet_v3_large,features_1_block_1_0,pointwise,int4,4,16,12544,16,3211264,8,8,32,64,4,1,1,500,64,8.0,65536,4096,1024,803072,803072,1606144,False,1536,1536,1024,4096,True,True,True,False,5619904,1605632,1605632,1605632,802816,602112,0,25088,28224,50176,3136,43906,0.000702488,1.7500597895408163,compute,7.000239158163265,32000000000.0
base_64b_8x8,memory-schedule-1.0.0,analytical_schedule_upper_bound,mobilenet_v3_large,features_1_block_1_0,pointwise,q1_6,8,16,12544,16,3211264,8,8,32,64,4,1,1,500,64,8.0,65536,4864,1216,1605632,1605632,3211264,False,2048,2048,768,4096,True,True,True,False,8830976,3211264,3211264,1605632,802816,0,0,28224,31360,50176,3136,68992,0.001103872,2.75,external,8.0,23272727272.727272
base_64b_8x8,memory-schedule-1.0.0,analytical_schedule_upper_bound,mobilenet_v3_large,features_1_block_1_0,pointwise,fp8_e4m3fn,8,16,12544,16,3211264,8,8,32,64,4,1,1,500,64,8.0,65536,4864,1216,1605632,1605632,3211264,False,2048,2048,768,4096,True,True,True,False,8830976,3211264,3211264,1605632,802816,0,0,28224,31360,50176,3136,68992,0.001103872,2.75,external,8.0,23272727272.727272
base_64b_8x8,memory-schedule-1.0.0,analytical_schedule_upper_bound,mobilenet_v3_large,features_1_block_1_0,pointwise,fp8_e5m2,8,16,12544,16,3211264,8,8,32,64,4,1,1,500,64,8.0,65536,4864,1216,1605632,1605632,3211264,False,2048,2048,768,4096,True,True,True,False,8830976,3211264,3211264,1605632,802816,0,0,28224,31360,50176,3136,68992,0.001103872,2.75,external,8.0,23272727272.727272
base_64b_8x8,memory-schedule-1.0.0,analytical_schedule_upper_bound,mobilenet_v3_large,features_1_block_1_0,pointwise,fp7_e3m3,7,16,12544,16,3211264,8,8,32,64,4,1,1,500,64,8.0,65536,4864,1216,1490944,1490944,2981888,False,2048,2048,768,4096,True,True,True,False,8830976,3211264,3211264,1605632,802816,0,0,28224,31360,50176,3136,68992,0.001103872,2.75,external,8.0,23272727272.727272
base_64b_8x8,memory-schedule-1.0.0,analytical_schedule_upper_bound,mobilenet_v3_large,features_1_block_1_0,pointwise,fp6_e3m2,6,16,12544,16,3211264,8,8,32,64,4,1,1,500,64,8.0,65536,4864,1216,1261568,1261568,2523136,False,2048,2048,768,4096,True,True,True,False,8830976,3211264,3211264,1605632,802816,0,0,28224,31360,50176,3136,68992,0.001103872,2.75,external,8.0,23272727272.727272
base_64b_8x8,memory-schedule-1.0.0,analytical_schedule_upper_bound,mobilenet_v3_large,features_1_block_1_0,pointwise,fp6_e2m3,6,16,12544,16,3211264,8,8,32,64,4,1,1,500,64,8.0,65536,4864,1216,1261568,1261568,2523136,False,2048,2048,768,4096,True,True,True,False,8830976,3211264,3211264,1605632,802816,0,0,28224,31360,50176,3136,68992,0.001103872,2.75,external,8.0,23272727272.727272
base_64b_8x8,memory-schedule-1.0.0,analytical_schedule_upper_bound,mobilenet_v3_large,features_1_block_1_0,pointwise,fp5_e2m2,5,16,12544,16,3211264,8,8,32,64,4,1,1,500,64,8.0,65536,4864,1216,1032192,1032192,2064384,False,2048,2048,768,4096,True,True,True,False,8830976,3211264,3211264,1605632,802816,0,0,28224,31360,50176,3136,68992,0.001103872,2.75,external,8.0,23272727272.727272
base_64b_8x8,memory-schedule-1.0.0,analytical_schedule_upper_bound,mobilenet_v3_large,features_1_block_1_0,pointwise,fp4_e2m1,4,16,12544,16,3211264,8,8,32,64,4,1,1,500,64,8.0,65536,2816,704,802816,802816,1605632,False,1024,1024,768,4096,True,True,True,False,5619712,1605632,1605632,1605632,802816,0,0,15680,18816,50176,3136,43904,0.000702464,1.75,compute,7.0,32000000000.0
base_64b_8x8,memory-schedule-1.0.0,analytical_schedule_upper_bound,mobilenet_v3_large,features_1_block_1_0,pointwise,bfp6,6,16,12544,16,3211264,8,8,32,64,4,1,1,500,64,8.0,65536,6144,1536,1318912,1318912,2637824,False,2560,2560,1024,4096,True,True,True,False,9433088,3211264,3211264,1605632,802816,602112,0,37632,40768,50176,3136,73696,0.001179136,2.9375,external,8.0,21787234042.553192
base_64b_8x8,memory-schedule-1.0.0,analytical_schedule_upper_bound,mobilenet_v3_large,features_1_block_1_0,pointwise,mxfp8_e4m3,8,16,12544,16,3211264,8,8,32,64,4,1,1,500,64,8.0,65536,6144,1536,1662976,1662976,3325952,False,2560,2560,1024,4096,True,True,True,False,9433088,3211264,3211264,1605632,802816,602112,0,37632,40768,50176,3136,73696,0.001179136,2.9375,external,8.0,21787234042.553192
base_64b_8x8,memory-schedule-1.0.0,analytical_schedule_upper_bound,mobilenet_v3_large,features_1_block_1_0,pointwise,mxfp6_e3m2,6,16,12544,16,3211264,8,8,32,64,4,1,1,500,64,8.0,65536,6144,1536,1318912,1318912,2637824,False,2560,2560,1024,4096,True,True,True,False,9433088,3211264,3211264,1605632,802816,602112,0,37632,40768,50176,3136,73696,0.001179136,2.9375,external,8.0,21787234042.553192
base_64b_8x8,memory-schedule-1.0.0,analytical_schedule_upper_bound,mobilenet_v3_large,features_1_block_1_0,pointwise,mxfp4_e2m1,4,16,12544,16,3211264,8,8,32,64,4,1,1,500,64,8.0,65536,4096,1024,860160,860160,1720320,False,1536,1536,1024,4096,True,True,True,False,6221824,1605632,1605632,1605632,802816,602112,0,25088,28224,50176,3136,48608,0.000777728,1.9375,compute,7.75,32000000000.0
base_64b_8x8,memory-schedule-1.0.0,analytical_schedule_upper_bound,mobilenet_v3_large,features_1_block_1_0,pointwise,posit8_es1,8,16,12544,16,3211264,8,8,32,64,4,1,1,500,64,8.0,65536,4864,1216,1605632,1605632,3211264,False,2048,2048,768,4096,True,True,True,False,8830976,3211264,3211264,1605632,802816,0,0,28224,31360,50176,3136,68992,0.001103872,2.75,external,8.0,23272727272.727272
base_64b_8x8,memory-schedule-1.0.0,analytical_schedule_upper_bound,mobilenet_v3_large,features_1_block_1_0,pointwise,posit6_es1,6,16,12544,16,3211264,8,8,32,64,4,1,1,500,64,8.0,65536,4864,1216,1261568,1261568,2523136,False,2048,2048,768,4096,True,True,True,False,8830976,3211264,3211264,1605632,802816,0,0,28224,31360,50176,3136,68992,0.001103872,2.75,external,8.0,23272727272.727272
base_64b_8x8,memory-schedule-1.0.0,analytical_schedule_upper_bound,mobilenet_v3_large,features_1_block_1_0,pointwise,posit4_es0,4,16,12544,16,3211264,8,8,32,64,4,1,1,500,64,8.0,65536,2816,704,802816,802816,1605632,False,1024,1024,768,4096,True,True,True,False,5619712,1605632,1605632,1605632,802816,0,0,15680,18816,50176,3136,43904,0.000702464,1.75,compute,7.0,32000000000.0
base_64b_8x8,memory-schedule-1.0.0,analytical_schedule_upper_bound,mobilenet_v3_large,features_1_block_1_0,pointwise,log8,8,16,12544,16,3211264,8,8,32,64,4,1,1,500,64,8.0,65536,4864,1216,1605632,1605632,3211264,False,2048,2048,768,4096,True,True,True,False,8830976,3211264,3211264,1605632,802816,0,0,28224,31360,50176,3136,68992,0.001103872,2.75,external,8.0,23272727272.727272
base_64b_8x8,memory-schedule-1.0.0,analytical_schedule_upper_bound,mobilenet_v3_large,features_1_block_1_0,pointwise,log6,6,16,12544,16,3211264,8,8,32,64,4,1,1,500,64,8.0,65536,4864,1216,1261568,1261568,2523136,False,2048,2048,768,4096,True,True,True,False,8830976,3211264,3211264,1605632,802816,0,0,28224,31360,50176,3136,68992,0.001103872,2.75,external,8.0,23272727272.727272
base_64b_8x8,memory-schedule-1.0.0,analytical_schedule_upper_bound,mobilenet_v3_large,features_1_block_1_0,pointwise,log4,4,16,12544,16,3211264,8,8,32,64,4,1,1,500,64,8.0,65536,2816,704,802816,802816,1605632,False,1024,1024,768,4096,True,True,True,False,5619712,1605632,1605632,1605632,802816,0,0,15680,18816,50176,3136,43904,0.000702464,1.75,compute,7.0,32000000000.0
base_64b_8x8,memory-schedule-1.0.0,analytical_schedule_upper_bound,mobilenet_v3_large,features_1_block_1_0,pointwise,nf4,4,16,12544,16,3211264,8,8,32,64,4,1,1,500,64,8.0,65536,4096,1024,803072,803072,1606144,False,1536,1536,1024,4096,True,True,True,False,5619904,1605632,1605632,1605632,802816,602112,0,25088,28224,50176,3136,43906,0.000702488,1.7500597895408163,compute,7.000239158163265,32000000000.0
base_64b_8x8,memory-schedule-1.0.0,analytical_schedule_upper_bound,mobilenet_v3_large,features_1_block_1_0,pointwise,binary_pm1,1,16,12544,16,3211264,8,8,32,64,4,1,1,500,64,8.0,65536,4096,1024,229632,229632,459264,False,1536,1536,1024,4096,True,True,True,False,5619904,1605632,1605632,1605632,802816,602112,0,25088,28224,50176,3136,43906,0.000702488,1.7500597895408163,compute,7.000239158163265,32000000000.0
base_64b_8x8,memory-schedule-1.0.0,analytical_schedule_upper_bound,mobilenet_v3_large,features_1_block_1_0,pointwise,ternary,2,16,12544,16,3211264,8,8,32,64,4,1,1,500,64,8.0,65536,4096,1024,459008,459008,918016,False,1536,1536,1024,4096,True,True,True,False,5619904,1605632,1605632,1605632,802816,602112,0,25088,28224,50176,3136,43906,0.000702488,1.7500597895408163,compute,7.000239158163265,32000000000.0
base_64b_8x8,memory-schedule-1.0.0,analytical_schedule_upper_bound,yolov8n,model_0_conv,standard,int8,8,16,102400,27,44236800,8,8,32,64,4,1,1,500,64,8.0,65536,10240,2560,9830656,13107456,22938112,False,4608,4608,1024,4096,True,True,True,False,124518592,52428800,52428800,13107200,6553600,4915200,0,512000,537600,691200,25600,972802,0.015564824,2.8148191550925925,external,7.999995888166349,22736795360.20691
base_64b_8x8,memory-schedule-1.0.0,analytical_schedule_upper_bound,yolov8n,model_0_conv,standard,int6,6,16,102400,27,44236800,8,8,32,64,4,1,1,500,64,8.0,65536,8192,2048,7373056,9830656,17203712,False,3584,3584,1024,4096,True,True,True,False,98304192,39321600,39321600,13107200,6553600,4915200,0,409600,435200,691200,25600,768002,0.012288024,2.2222265625,external,7.99999479168023,28799925000.195312
base_64b_8x8,memory-schedule-1.0.0,analytical_schedule_upper_bound,yolov8n,model_0_conv,standard,int5,5,16,102400,27,44236800,8,8,32,64,4,1,1,500,64,8.0,65536,8192,2048,6144256,8192256,14336512,False,3584,3584,1024,4096,True,True,True,False,98304192,39321600,39321600,13107200,6553600,4915200,0,409600,435200,691200,25600,768002,0.012288024,2.2222265625,external,7.99999479168023,28799925000.195312
base_64b_8x8,memory-schedule-1.0.0,analytical_schedule_upper_bound,yolov8n,model_0_conv,standard,int4,4,16,102400,27,44236800,8,8,32,64,4,1,1,500,64,8.0,65536,6144,1536,4915456,6553856,11469312,False,2560,2560,1024,4096,True,True,True,False,72089792,26214400,26214400,13107200,6553600,4915200,0,307200,332800,691200,25600,563202,0.009011224,1.6296339699074074,compute,6.51853587962963,32000000000.0
base_64b_8x8,memory-schedule-1.0.0,analytical_schedule_upper_bound,yolov8n,model_0_conv,standard,q1_6,8,16,102400,27,44236800,8,8,32,64,4,1,1,500,64,8.0,65536,8960,2240,9830400,13107200,22937600,False,4096,4096,768,4096,True,True,True,False,124518400,52428800,52428800,13107200,6553600,0,0,435200,460800,691200,25600,972800,0.0155648,2.814814814814815,external,8.0,22736842105.263157
base_64b_8x8,memory-schedule-1.0.0,analytical_schedule_upper_bound,yolov8n,model_0_conv,standard,fp8_e4m3fn,8,16,102400,27,44236800,8,8,32,64,4,1,1,500,64,8.0,65536,8960,2240,9830400,13107200,22937600,False,4096,4096,768,4096,True,True,True,False,124518400,52428800,52428800,13107200,6553600,0,0,435200,460800,691200,25600,972800,0.0155648,2.814814814814815,external,8.0,22736842105.263157
base_64b_8x8,memory-schedule-1.0.0,analytical_schedule_upper_bound,yolov8n,model_0_conv,standard,fp8_e5m2,8,16,102400,27,44236800,8,8,32,64,4,1,1,500,64,8.0,65536,8960,2240,9830400,13107200,22937600,False,4096,4096,768,4096,True,True,True,False,124518400,52428800,52428800,13107200,6553600,0,0,435200,460800,691200,25600,972800,0.0155648,2.814814814814815,external,8.0,22736842105.263157
base_64b_8x8,memory-schedule-1.0.0,analytical_schedule_upper_bound,yolov8n,model_0_conv,standard,fp7_e3m3,7,16,102400,27,44236800,8,8,32,64,4,1,1,500,64,8.0,65536,6912,1728,8601600,11468800,20070400,False,3072,3072,768,4096,True,True,True,False,98304000,39321600,39321600,13107200,6553600,0,0,332800,358400,691200,25600,768000,0.012288,2.2222222222222223,external,8.0,28800000000.0
base_64b_8x8,memory-schedule-1.0.0,analytical_schedule_upper_bound,yolov8n,model_0_conv,standard,fp6_e3m2,6,16,102400,27,44236800,8,8,32,64,4,1,1,500,64,8.0,65536,6912,1728,7372800,9830400,17203200,False,3072,3072,768,4096,True,True,True,False,98304000,39321600,39321600,13107200,6553600,0,0,332800,358400,691200,25600,768000,0.012288,2.2222222222222223,external,8.0,28800000000.0
base_64b_8x8,memory-schedule-1.0.0,analytical_schedule_upper_bound,yolov8n,model_0_conv,standard,fp6_e2m3,6,16,102400,27,44236800,8,8,32,64,4,1,1,500,64,8.0,65536,6912,1728,7372800,9830400,17203200,False,3072,3072,768,4096,True,True,True,False,98304000,39321600,39321600,13107200,6553600,0,0,332800,358400,691200,25600,768000,0.012288,2.2222222222222223,external,8.0,28800000000.0
base_64b_8x8,memory-schedule-1.0.0,analytical_schedule_upper_bound,yolov8n,model_0_conv,standard,fp5_e2m2,5,16,102400,27,44236800,8,8,32,64,4,1,1,500,64,8.0,65536,6912,1728,6144000,8192000,14336000,False,3072,3072,768,4096,True,True,True,False,98304000,39321600,39321600,13107200,6553600,0,0,332800,358400,691200,25600,768000,0.012288,2.2222222222222223,external,8.0,28800000000.0
base_64b_8x8,memory-schedule-1.0.0,analytical_schedule_upper_bound,yolov8n,model_0_conv,standard,fp4_e2m1,4,16,102400,27,44236800,8,8,32,64,4,1,1,500,64,8.0,65536,4864,1216,4915200,6553600,11468800,False,2048,2048,768,4096,True,True,True,False,72089600,26214400,26214400,13107200,6553600,0,0,230400,256000,691200,25600,563200,0.0090112,1.6296296296296295,compute,6.518518518518518,32000000000.0
base_64b_8x8,memory-schedule-1.0.0,analytical_schedule_upper_bound,yolov8n,model_0_conv,standard,bfp6,6,16,102400,27,44236800,8,8,32,64,4,1,1,500,64,8.0,65536,8192,2048,7680000,10240000,17920000,False,3584,3584,1024,4096,True,True,True,False,103219200,39321600,39321600,13107200,6553600,4915200,0,409600,435200,691200,25600,806400,0.0129024,2.3333333333333335,external,8.0,27428571428.57143
base_64b_8x8,memory-schedule-1.0.0,analytical_schedule_upper_bound,yolov8n,model_0_conv,standard,mxfp8_e4m3,8,16,102400,27,44236800,8,8,32,64,4,1,1,500,64,8.0,65536,10240,2560,10137600,13516800,23654400,False,4608,4608,1024,4096,True,True,True,False,129433600,52428800,52428800,13107200,6553600,4915200,0,512000,537600,691200,25600,1011200,0.0161792,2.925925925925926,external,8.0,21873417721.518986
base_64b_8x8,memory-schedule-1.0.0,analytical_schedule_upper_bound,yolov8n,model_0_conv,standard,mxfp6_e3m2,6,16,102400,27,44236800,8,8,32,64,4,1,1,500,64,8.0,65536,8192,2048,7680000,10240000,17920000,False,3584,3584,1024,4096,True,True,True,False,103219200,39321600,39321600,13107200,6553600,4915200,0,409600,435200,691200,25600,806400,0.0129024,2.3333333333333335,external,8.0,27428571428.57143
base_64b_8x8,memory-schedule-1.0.0,analytical_schedule_upper_bound,yolov8n,model_0_conv,standard,mxfp4_e2m1,4,16,102400,27,44236800,8,8,32,64,4,1,1,500,64,8.0,65536,6144,1536,5222400,6963200,12185600,False,2560,2560,1024,4096,True,True,True,False,77004800,26214400,26214400,13107200,6553600,4915200,0,307200,332800,691200,25600,601600,0.0096256,1.7407407407407407,compute,6.962962962962963,32000000000.0
base_64b_8x8,memory-schedule-1.0.0,analytical_schedule_upper_bound,yolov8n,model_0_conv,standard,posit8_es1,8,16,102400,27,44236800,8,8,32,64,4,1,1,500,64,8.0,65536,8960,2240,9830400,13107200,22937600,False,4096,4096,768,4096,True,True,True,False,124518400,52428800,52428800,13107200,6553600,0,0,435200,460800,691200,25600,972800,0.0155648,2.814814814814815,external,8.0,22736842105.263157
base_64b_8x8,memory-schedule-1.0.0,analytical_schedule_upper_bound,yolov8n,model_0_conv,standard,posit6_es1,6,16,102400,27,44236800,8,8,32,64,4,1,1,500,64,8.0,65536,6912,1728,7372800,9830400,17203200,False,3072,3072,768,4096,True,True,True,False,98304000,39321600,39321600,13107200,6553600,0,0,332800,358400,691200,25600,768000,0.012288,2.2222222222222223,external,8.0,28800000000.0
base_64b_8x8,memory-schedule-1.0.0,analytical_schedule_upper_bound,yolov8n,model_0_conv,standard,posit4_es0,4,16,102400,27,44236800,8,8,32,64,4,1,1,500,64,8.0,65536,4864,1216,4915200,6553600,11468800,False,2048,2048,768,4096,True,True,True,False,72089600,26214400,26214400,13107200,6553600,0,0,230400,256000,691200,25600,563200,0.0090112,1.6296296296296295,compute,6.518518518518518,32000000000.0
base_64b_8x8,memory-schedule-1.0.0,analytical_schedule_upper_bound,yolov8n,model_0_conv,standard,log8,8,16,102400,27,44236800,8,8,32,64,4,1,1,500,64,8.0,65536,8960,2240,9830400,13107200,22937600,False,4096,4096,768,4096,True,True,True,False,124518400,52428800,52428800,13107200,6553600,0,0,435200,460800,691200,25600,972800,0.0155648,2.814814814814815,external,8.0,22736842105.263157
base_64b_8x8,memory-schedule-1.0.0,analytical_schedule_upper_bound,yolov8n,model_0_conv,standard,log6,6,16,102400,27,44236800,8,8,32,64,4,1,1,500,64,8.0,65536,6912,1728,7372800,9830400,17203200,False,3072,3072,768,4096,True,True,True,False,98304000,39321600,39321600,13107200,6553600,0,0,332800,358400,691200,25600,768000,0.012288,2.2222222222222223,external,8.0,28800000000.0
base_64b_8x8,memory-schedule-1.0.0,analytical_schedule_upper_bound,yolov8n,model_0_conv,standard,log4,4,16,102400,27,44236800,8,8,32,64,4,1,1,500,64,8.0,65536,4864,1216,4915200,6553600,11468800,False,2048,2048,768,4096,True,True,True,False,72089600,26214400,26214400,13107200,6553600,0,0,230400,256000,691200,25600,563200,0.0090112,1.6296296296296295,compute,6.518518518518518,32000000000.0
base_64b_8x8,memory-schedule-1.0.0,analytical_schedule_upper_bound,yolov8n,model_0_conv,standard,nf4,4,16,102400,27,44236800,8,8,32,64,4,1,1,500,64,8.0,65536,6144,1536,4915456,6553856,11469312,False,2560,2560,1024,4096,True,True,True,False,72089792,26214400,26214400,13107200,6553600,4915200,0,307200,332800,691200,25600,563202,0.009011224,1.6296339699074074,compute,6.51853587962963,32000000000.0
base_64b_8x8,memory-schedule-1.0.0,analytical_schedule_upper_bound,yolov8n,model_0_conv,standard,binary_pm1,1,16,102400,27,44236800,8,8,32,64,4,1,1,500,64,8.0,65536,4096,1024,1229056,1638656,2867712,False,1536,1536,1024,4096,True,True,True,False,45875392,13107200,13107200,13107200,6553600,4915200,0,204800,230400,691200,25600,358402,0.005734424,1.0370413773148148,compute,4.148165509259259,32000000000.0
base_64b_8x8,memory-schedule-1.0.0,analytical_schedule_upper_bound,yolov8n,model_0_conv,standard,ternary,2,16,102400,27,44236800,8,8,32,64,4,1,1,500,64,8.0,65536,4096,1024,2457856,3277056,5734912,False,1536,1536,1024,4096,True,True,True,False,45875392,13107200,13107200,13107200,6553600,4915200,0,204800,230400,691200,25600,358402,0.005734424,1.0370413773148148,compute,4.148165509259259,32000000000.0
large_tile_64b_16x16,memory-schedule-1.0.0,analytical_schedule_upper_bound,resnet18,conv1,standard,int8,8,64,12544,147,118013952,16,16,32,64,4,1,1,500,64,8.0,65536,20224,5056,1204480,6422784,7627264,False,8704,8704,2816,16384,True,True,True,False,130056384,61014016,61014016,6422528,1605632,2207744,0,517440,536256,1843968,15680,1016066,0.016257048,1.1020424432528113,compute,4.408169773011246,32000000000.0
large_tile_64b_16x16,memory-schedule-1.0.0,analytical_schedule_upper_bound,resnet18,conv1,standard,int6,6,64,12544,147,118013952,16,16,32,64,4,1,1,500,64,8.0,65536,16128,4032,903424,5046528,5949952,False,6656,6656,2816,16384,True,True,True,False,97943744,44957696,44957696,6422528,1605632,2207744,0,392000,410816,1843968,15680,765186,0.012242968,0.8299335997153964,compute,3.3197343988615855,32000000000.0
large_tile_64b_16x16,memory-schedule-1.0.0,analytical_schedule_upper_bound,resnet18,conv1,standard,int5,5,64,12544,147,118013952,16,16,32,64,4,1,1,500,64,8.0,65536,16128,4032,774400,4129024,4903424,False,6656,6656,2816,16384,True,True,True,False,97943744,44957696,44957696,6422528,1605632,2207744,0,392000,410816,1843968,15680,765186,0.012242968,0.8299335997153964,compute,3.3197343988615855,32000000000.0
large_tile_64b_16x16,memory-schedule-1.0.0,analytical_schedule_upper_bound,resnet18,conv1,standard,int4,4,64,12544,147,118013952,16,16,32,64,4,1,1,500,64,8.0,65536,11008,2752,602368,3211520,3813888,False,4608,4608,1792,16384,True,True,True,False,69042368,32112640,32112640,3211264,1605632,2207744,0,291648,297920,1843968,15680,539394,0.008630296,0.5850356405317229,compute,2.3401425621268914,32000000000.0
large_tile_64b_16x16,memory-schedule-1.0.0,analytical_schedule_upper_bound,resnet18,conv1,standard,q1_6,8,64,12544,147,118013952,16,16,32,64,4,1,1,500,64,8.0,65536,18944,4736,1204224,6422528,7626752,False,8192,8192,2560,16384,True,True,True,False,130056192,61014016,61014016,6422528,1605632,0,0,482944,501760,1843968,15680,1016064,0.016257024,1.1020408163265305,compute,4.408163265306123,32000000000.0
large_tile_64b_16x16,memory-schedule-1.0.0,analytical_schedule_upper_bound,resnet18,conv1,standard,fp8_e4m3fn,8,64,12544,147,118013952,16,16,32,64,4,1,1,500,64,8.0,65536,18944,4736,1204224,6422528,7626752,False,8192,8192,2560,16384,True,True,True,False,130056192,61014016,61014016,6422528,1605632,0,0,482944,501760,1843968,15680,1016064,0.016257024,1.1020408163265305,compute,4.408163265306123,32000000000.0
large_tile_64b_16x16,memory-schedule-1.0.0,analytical_schedule_upper_bound,resnet18,conv1,standard,fp8_e5m2,8,64,12544,147,118013952,16,16,32,64,4,1,1,500,64,8.0,65536,18944,4736,1204224,6422528,7626752,False,8192,8192,2560,16384,True,True,True,False,130056192,61014016,61014016,6422528,1605632,0,0,482944,501760,1843968,15680,1016064,0.016257024,1.1020408163265305,compute,4.408163265306123,32000000000.0
large_tile_64b_16x16,memory-schedule-1.0.0,analytical_schedule_upper_bound,resnet18,conv1,standard,fp7_e3m3,7,64,12544,147,118013952,16,16,32,64,4,1,1,500,64,8.0,65536,18944,4736,1075200,5963776,7038976,False,8192,8192,2560,16384,True,True,True,False,130056192,61014016,61014016,6422528,1605632,0,0,482944,501760,1843968,15680,1016064,0.016257024,1.1020408163265305,compute,4.408163265306123,32000000000.0
large_tile_64b_16x16,memory-schedule-1.0.0,analytical_schedule_upper_bound,resnet18,conv1,standard,fp6_e3m2,6,64,12544,147,118013952,16,16,32,64,4,1,1,500,64,8.0,65536,14848,3712,903168,5046272,5949440,False,6144,6144,2560,16384,True,True,True,False,97943552,44957696,44957696,6422528,1605632,0,0,357504,376320,1843968,15680,765184,0.012242944,0.8299319727891157,compute,3.3197278911564627,32000000000.0
large_tile_64b_16x16,memory-schedule-1.0.0,analytical_schedule_upper_bound,resnet18,conv1,standard,fp6_e2m3,6,64,12544,147,118013952,16,16,32,64,4,1,1,500,64,8.0,65536,14848,3712,903168,5046272,5949440,False,6144,6144,2560,16384,True,True,True,False,97943552,44957696,44957696,6422528,1605632,0,0,357504,376320,1843968,15680,765184,0.012242944,0.8299319727891157,compute,3.3197278911564627,32000000000.0
large_tile_64b_16x16,memory-schedule-1.0.0,analytical_schedule_upper_bound,resnet18,conv1,standard,fp5_e2m2,5,64,12544,147,118013952,16,16,32,64,4,1,1,500,64,8.0,65536,14848,3712,774144,4128768,4902912,False,6144,6144,2560,16384,True,True,True,False,97943552,44957696,44957696,6422528,1605632,0,0,357504,376320,1843968,15680,765184,0.012242944,0.8299319727891157,compute,3.3197278911564627,32000000000.0
large_tile_64b_16x16,memory-schedule-1.0.0,analytical_schedule_upper_bound,resnet18,conv1,standard,fp4_e2m1,4,64,12544,147,118013952,16,16,32,64,4,1,1,500,64,8.0,65536,9728,2432,602112,3211264,3813376,False,4096,4096,1536,16384,True,True,True,False,69042176,32112640,32112640,3211264,1605632,0,0,257152,263424,1843968,15680,539392,0.008630272,0.5850340136054422,compute,2.3401360544217686,32000000000.0
large_tile_64b_16x16,memory-schedule-1.0.0,analytical_schedule_upper_bound,resnet18,conv1,standard,bfp6,6,64,12544,147,118013952,16,16,32,64,4,1,1,500,64,8.0,65536,16128,4032,940800,5275648,6216448,False,6656,6656,2816,16384,True,True,True,False,102359040,44957696,44957696,6422528,1605632,4415488,0,392000,410816,1843968,15680,799680,0.01279488,0.8673469387755102,compute,3.4693877551020407,32000000000.0
large_tile_64b_16x16,memory-schedule-1.0.0,analytical_schedule_upper_bound,resnet18,conv1,standard,mxfp8_e4m3,8,64,12544,147,118013952,16,16,32,64,4,1,1,500,64,8.0,65536,20224,5056,1241856,6651904,7893760,False,8704,8704,2816,16384,True,True,True,False,134471680,61014016,61014016,6422528,1605632,4415488,0,517440,536256,1843968,15680,1050560,0.01680896,1.1394557823129252,compute,4.5578231292517,32000000000.0
large_tile_64b_16x16,memory-schedule-1.0.0,analytical_schedule_upper_bound,resnet18,conv1,standard,mxfp6_e3m2,6,64,12544,147,118013952,16,16,32,64,4,1,1,500,64,8.0,65536,16128,4032,940800,5275648,6216448,False,6656,6656,2816,16384,True,True,True,False,102359040,44957696,44957696,6422528,1605632,4415488,0,392000,410816,1843968,15680,799680,0.01279488,0.8673469387755102,compute,3.4693877551020407,32000000000.0
large_tile_64b_16x16,memory-schedule-1.0.0,analytical_schedule_upper_bound,resnet18,conv1,standard,mxfp4_e2m1,4,64,12544,147,118013952,16,16,32,64,4,1,1,500,64,8.0,65536,11008,2752,639744,3440640,4080384,False,4608,4608,1792,16384,True,True,True,False,73457664,32112640,32112640,3211264,1605632,4415488,0,291648,297920,1843968,15680,573888,0.009182208,0.6224489795918368,compute,2.4897959183673466,32000000000.0
large_tile_64b_16x16,memory-schedule-1.0.0,analytical_schedule_upper_bound,resnet18,conv1,standard,posit8_es1,8,64,12544,147,118013952,16,16,32,64,4,1,1,500,64,8.0,65536,18944,4736,1204224,6422528,7626752,False,8192,8192,2560,16384,True,True,True,False,130056192,61014016,61014016,6422528,1605632,0,0,482944,501760,1843968,15680,1016064,0.016257024,1.1020408163265305,compute,4.408163265306123,32000000000.0
large_tile_64b_16x16,memory-schedule-1.0.0,analytical_schedule_upper_bound,resnet18,conv1,standard,posit6_es1,6,64,12544,147,118013952,16,16,32,64,4,1,1,500,64,8.0,65536,14848,3712,903168,5046272,5949440,False,6144,6144,2560,16384,True,True,True,False,97943552,44957696,44957696,6422528,1605632,0,0,357504,376320,1843968,15680,765184,0.012242944,0.8299319727891157,compute,3.3197278911564627,32000000000.0
large_tile_64b_16x16,memory-schedule-1.0.0,analytical_schedule_upper_bound,resnet18,conv1,standard,posit4_es0,4,64,12544,147,118013952,16,16,32,64,4,1,1,500,64,8.0,65536,9728,2432,602112,3211264,3813376,False,4096,4096,1536,16384,True,True,True,False,69042176,32112640,32112640,3211264,1605632,0,0,257152,263424,1843968,15680,539392,0.008630272,0.5850340136054422,compute,2.3401360544217686,32000000000.0
large_tile_64b_16x16,memory-schedule-1.0.0,analytical_schedule_upper_bound,resnet18,conv1,standard,log8,8,64,12544,147,118013952,16,16,32,64,4,1,1,500,64,8.0,65536,18944,4736,1204224,6422528,7626752,False,8192,8192,2560,16384,True,True,True,False,130056192,61014016,61014016,6422528,1605632,0,0,482944,501760,1843968,15680,1016064,0.016257024,1.1020408163265305,compute,4.408163265306123,32000000000.0
large_tile_64b_16x16,memory-schedule-1.0.0,analytical_schedule_upper_bound,resnet18,conv1,standard,log6,6,64,12544,147,118013952,16,16,32,64,4,1,1,500,64,8.0,65536,14848,3712,903168,5046272,5949440,False,6144,6144,2560,16384,True,True,True,False,97943552,44957696,44957696,6422528,1605632,0,0,357504,376320,1843968,15680,765184,0.012242944,0.8299319727891157,compute,3.3197278911564627,32000000000.0
large_tile_64b_16x16,memory-schedule-1.0.0,analytical_schedule_upper_bound,resnet18,conv1,standard,log4,4,64,12544,147,118013952,16,16,32,64,4,1,1,500,64,8.0,65536,9728,2432,602112,3211264,3813376,False,4096,4096,1536,16384,True,True,True,False,69042176,32112640,32112640,3211264,1605632,0,0,257152,263424,1843968,15680,539392,0.008630272,0.5850340136054422,compute,2.3401360544217686,32000000000.0
large_tile_64b_16x16,memory-schedule-1.0.0,analytical_schedule_upper_bound,resnet18,conv1,standard,nf4,4,64,12544,147,118013952,16,16,32,64,4,1,1,500,64,8.0,65536,11008,2752,602368,3211520,3813888,False,4608,4608,1792,16384,True,True,True,False,69042368,32112640,32112640,3211264,1605632,2207744,0,291648,297920,1843968,15680,539394,0.008630296,0.5850356405317229,compute,2.3401425621268914,32000000000.0
large_tile_64b_16x16,memory-schedule-1.0.0,analytical_schedule_upper_bound,resnet18,conv1,standard,binary_pm1,1,64,12544,147,118013952,16,16,32,64,4,1,1,500,64,8.0,65536,6912,1728,172288,917760,1090048,False,2560,2560,1792,16384,True,True,True,False,36929728,16056320,16056320,3211264,1605632,2207744,0,166208,172480,1843968,15680,288514,0.004616216,0.3129267969943079,compute,1.2517071879772317,32000000000.0
large_tile_64b_16x16,memory-schedule-1.0.0,analytical_schedule_upper_bound,resnet18,conv1,standard,ternary,2,64,12544,147,118013952,16,16,32,64,4,1,1,500,64,8.0,65536,6912,1728,301312,1835264,2136576,False,2560,2560,1792,16384,True,True,True,False,36929728,16056320,16056320,3211264,1605632,2207744,0,166208,172480,1843968,15680,288514,0.004616216,0.3129267969943079,compute,1.2517071879772317,32000000000.0
large_tile_64b_16x16,memory-schedule-1.0.0,analytical_schedule_upper_bound,mobilenet_v2,features_1_conv_0_0,depthwise,int8,8,32,12544,9,3612672,16,16,32,64,4,1,1,500,64,8.0,65536,73472,18368,3211520,3211520,6423040,False,66048,4608,2816,16384,False,True,True,False,58605760,3211264,51380224,3211264,802816,301056,0,221088,230496,56448,1568,457858,0.00732572,16.222275368480727,capacity,,
large_tile_64b_16x16,memory-schedule-1.0.0,analytical_schedule_upper_bound,mobilenet_v2,features_1_conv_0_0,depthwise,int6,6,32,12544,9,3612672,16,16,32,64,4,1,1,500,64,8.0,65536,38656,9664,2523392,2523392,5046784,False,33280,2560,2816,16384,True,True,True,False,31310016,1605632,25690112,3211264,802816,301056,0,114464,123872,56448,1568,244610,0.003913752,8.66671981292517,external,7.99998364743878,7384555005.927803
large_tile_64b_16x16,memory-schedule-1.0.0,analytical_schedule_upper_bound,mobilenet_v2,features_1_conv_0_0,depthwise,int5,5,32,12544,9,3612672,16,16,32,64,4,1,1,500,64,8.0,65536,38656,9664,2064640,2064640,4129280,False,33280,2560,2816,16384,True,True,True,False,31310016,1605632,25690112,3211264,802816,301056,0,114464,123872,56448,1568,244610,0.003913752,8.66671981292517,external,7.99998364743878,7384555005.927803
large_tile_64b_16x16,memory-schedule-1.0.0,analytical_schedule_upper_bound,mobilenet_v2,features_1_conv_0_0,depthwise,int4,4,32,12544,9,3612672,16,16,32,64,4,1,1,500,64,8.0,65536,37632,9408,1605888,1605888,3211776,False,33280,2560,1792,16384,True,True,True,False,29704384,1605632,25690112,1605632,802816,301056,0,114464,117600,56448,1568,232066,0.003713048,8.222275368480725,external,7.99998276352417,7783716701.283256
large_tile_64b_16x16,memory-schedule-1.0.0,analytical_schedule_upper_bound,mobilenet_v2,features_1_conv_0_0,depthwise,q1_6,8,32,12544,9,3612672,16,16,32,64,4,1,1,500,64,8.0,65536,72192,18048,3211264,3211264,6422528,False,65536,4096,2560,16384,False,True,True,False,58605568,3211264,51380224,3211264,802816,0,0,216384,225792,56448,1568,457856,0.007325696,16.22222222222222,capacity,,
large_tile_64b_16x16,memory-schedule-1.0.0,analytical_schedule_upper_bound,mobilenet_v2,features_1_conv_0_0,depthwise,fp8_e4m3fn,8,32,12544,9,3612672,16,16,32,64,4,1,1,500,64,8.0,65536,72192,18048,3211264,3211264,6422528,False,65536,4096,2560,16384,False,True,True,False,58605568,3211264,51380224,3211264,802816,0,0,216384,225792,56448,1568,457856,0.007325696,16.22222222222222,capacity,,
large_tile_64b_16x16,memory-schedule-1.0.0,analytical_schedule_upper_bound,mobilenet_v2,features_1_conv_0_0,depthwise,fp8_e5m2,8,32,12544,9,3612672,16,16,32,64,4,1,1,500,64,8.0,65536,72192,18048,3211264,3211264,6422528,False,65536,4096,2560,16384,False,True,True,False,58605568,3211264,51380224,3211264,802816,0,0,216384,225792,56448,1568,457856,0.007325696,16.22222222222222,capacity,,
large_tile_64b_16x16,memory-schedule-1.0.0,analytical_schedule_upper_bound,mobilenet_v2,features_1_conv_0_0,depthwise,fp7_e3m3,7,32,12544,9,3612672,16,16,32,64,4,1,1,500,64,8.0,65536,37376,9344,2981888,2981888,5963776,False,32768,2048,2560,16384,True,True,True,False,31309824,1605632,25690112,3211264,802816,0,0,109760,119168,56448,1568,244608,0.003913728,8.666666666666666,external,8.0,7384615384.615385
large_tile_64b_16x16,memory-schedule-1.0.0,analytical_schedule_upper_bound,mobilenet_v2,features_1_conv_0_0,depthwise,fp6_e3m2,6,32,12544,9,3612672,16,16,32,64,4,1,1,500,64,8.0,65536,37376,9344,2523136,2523136,5046272,False,32768,2048,2560,16384,True,True,True,False,31309824,1605632,25690112,3211264,802816,0,0,109760,119168,56448,1568,244608,0.003913728,8.666666666666666,external,8.0,7384615384.615385
large_tile_64b_16x16,memory-schedule-1.0.0,analytical_schedule_upper_bound,mobilenet_v2,features_1_conv_0_0,depthwise,fp6_e2m3,6,32,12544,9,3612672,16,16,32,64,4,1,1,500,64,8.0,65536,37376,9344,2523136,2523136,5046272,False,32768,2048,2560,16384,True,True,True,False,31309824,1605632,25690112,3211264,802816,0,0,109760,119168,56448,1568,244608,0.003913728,8.666666666666666,external,8.0,7384615384.615385
large_tile_64b_16x16,memory-schedule-1.0.0,analytical_schedule_upper_bound,mobilenet_v2,features_1_conv_0_0,depthwise,fp5_e2m2,5,32,12544,9,3612672,16,16,32,64,4,1,1,500,64,8.0,65536,37376,9344,2064384,2064384,4128768,False,32768,2048,2560,16384,True,True,True,False,31309824,1605632,25690112,3211264,802816,0,0,109760,119168,56448,1568,244608,0.003913728,8.666666666666666,external,8.0,7384615384.615385
large_tile_64b_16x16,memory-schedule-1.0.0,analytical_schedule_upper_bound,mobilenet_v2,features_1_conv_0_0,depthwise,fp4_e2m1,4,32,12544,9,3612672,16,16,32,64,4,1,1,500,64,8.0,65536,36352,9088,1605632,1605632,3211264,False,32768,2048,1536,16384,True,True,True,False,29704192,1605632,25690112,1605632,802816,0,0,109760,112896,56448,1568,232064,0.003713024,8.222222222222221,external,8.0,7783783783.783784
large_tile_64b_16x16,memory-schedule-1.0.0,analytical_schedule_upper_bound,mobilenet_v2,features_1_conv_0_0,depthwise,bfp6,6,32,12544,9,3612672,16,16,32,64,4,1,1,500,64,8.0,65536,42240,10560,2637824,2637824,5275648,False,36864,2560,2816,16384,True,True,True,False,34922496,1605632,25690112,3211264,802816,3612672,0,125440,134848,56448,1568,272832,0.004365312,9.666666666666666,external,8.0,6620689655.172414
large_tile_64b_16x16,memory-schedule-1.0.0,analytical_schedule_upper_bound,mobilenet_v2,features_1_conv_0_0,depthwise,mxfp8_e4m3,8,32,12544,9,3612672,16,16,32,64,4,1,1,500,64,8.0,65536,77056,19264,3325952,3325952,6651904,False,69632,4608,2816,16384,False,True,True,False,62218240,3211264,51380224,3211264,802816,3612672,0,232064,241472,56448,1568,486080,0.00777728,17.22222222222222,capacity,,
large_tile_64b_16x16,memory-schedule-1.0.0,analytical_schedule_upper_bound,mobilenet_v2,features_1_conv_0_0,depthwise,mxfp6_e3m2,6,32,12544,9,3612672,16,16,32,64,4,1,1,500,64,8.0,65536,42240,10560,2637824,2637824,5275648,False,36864,2560,2816,16384,True,True,True,False,34922496,1605632,25690112,3211264,802816,3612672,0,125440,134848,56448,1568,272832,0.004365312,9.666666666666666,external,8.0,6620689655.172414
large_tile_64b_16x16,memory-schedule-1.0.0,analytical_schedule_upper_bound,mobilenet_v2,features_1_conv_0_0,depthwise,mxfp4_e2m1,4,32,12544,9,3612672,16,16,32,64,4,1,1,500,64,8.0,65536,41216,10304,1720320,1720320,3440640,False,36864,2560,1792,16384,True,True,True,False,33316864,1605632,25690112,1605632,802816,3612672,0,125440,128576,56448,1568,260288,0.004164608,9.222222222222221,external,8.0,6939759036.144578
large_tile_64b_16x16,memory-schedule-1.0.0,analytical_schedule_upper_bound,mobilenet_v2,features_1_conv_0_0,depthwise,posit8_es1,8,32,12544,9,3612672,16,16,32,64,4,1,1,500,64,8.0,65536,72192,18048,3211264,3211264,6422528,False,65536,4096,2560,16384,False,True,True,False,58605568,3211264,51380224,3211264,802816,0,0,216384,225792,56448,1568,457856,0.007325696,16.22222222222222,capacity,,
large_tile_64b_16x16,memory-schedule-1.0.0,analytical_schedule_upper_bound,mobilenet_v2,features_1_conv_0_0,depthwise,posit6_es1,6,32,12544,9,3612672,16,16,32,64,4,1,1,500,64,8.0,65536,37376,9344,2523136,2523136,5046272,False,32768,2048,2560,16384,True,True,True,False,31309824,1605632,25690112,3211264,802816,0,0,109760,119168,56448,1568,244608,0.003913728,8.666666666666666,external,8.0,7384615384.615385
large_tile_64b_16x16,memory-schedule-1.0.0,analytical_schedule_upper_bound,mobilenet_v2,features_1_conv_0_0,depthwise,posit4_es0,4,32,12544,9,3612672,16,16,32,64,4,1,1,500,64,8.0,65536,36352,9088,1605632,1605632,3211264,False,32768,2048,1536,16384,True,True,True,False,29704192,1605632,25690112,1605632,802816,0,0,109760,112896,56448,1568,232064,0.003713024,8.222222222222221,external,8.0,7783783783.783784
large_tile_64b_16x16,memory-schedule-1.0.0,analytical_schedule_upper_bound,mobilenet_v2,features_1_conv_0_0,depthwise,log8,8,32,12544,9,3612672,16,16,32,64,4,1,1,500,64,8.0,65536,72192,18048,3211264,3211264,6422528,False,65536,4096,2560,16384,False,True,True,False,58605568,3211264,51380224,3211264,802816,0,0,216384,225792,56448,1568,457856,0.007325696,16.22222222222222,capacity,,
large_tile_64b_16x16,memory-schedule-1.0.0,analytical_schedule_upper_bound,mobilenet_v2,features_1_conv_0_0,depthwise,log6,6,32,12544,9,3612672,16,16,32,64,4,1,1,500,64,8.0,65536,37376,9344,2523136,2523136,5046272,False,32768,2048,2560,16384,True,True,True,False,31309824,1605632,25690112,3211264,802816,0,0,109760,119168,56448,1568,244608,0.003913728,8.666666666666666,external,8.0,7384615384.615385
large_tile_64b_16x16,memory-schedule-1.0.0,analytical_schedule_upper_bound,mobilenet_v2,features_1_conv_0_0,depthwise,log4,4,32,12544,9,3612672,16,16,32,64,4,1,1,500,64,8.0,65536,36352,9088,1605632,1605632,3211264,False,32768,2048,1536,16384,True,True,True,False,29704192,1605632,25690112,1605632,802816,0,0,109760,112896,56448,1568,232064,0.003713024,8.222222222222221,external,8.0,7783783783.783784
large_tile_64b_16x16,memory-schedule-1.0.0,analytical_schedule_upper_bound,mobilenet_v2,features_1_conv_0_0,depthwise,nf4,4,32,12544,9,3612672,16,16,32,64,4,1,1,500,64,8.0,65536,37632,9408,1605888,1605888,3211776,False,33280,2560,1792,16384,True,True,True,False,29704384,1605632,25690112,1605632,802816,301056,0,114464,117600,56448,1568,232066,0.003713048,8.222275368480725,external,7.99998276352417,7783716701.283256
large_tile_64b_16x16,memory-schedule-1.0.0,analytical_schedule_upper_bound,mobilenet_v2,features_1_conv_0_0,depthwise,binary_pm1,1,32,12544,9,3612672,16,16,32,64,4,1,1,500,64,8.0,65536,37632,9408,459008,459008,918016,False,33280,2560,1792,16384,True,True,True,False,29704384,1605632,25690112,1605632,802816,301056,0,114464,117600,56448,1568,232066,0.003713048,8.222275368480725,external,7.99998276352417,7783716701.283256
large_tile_64b_16x16,memory-schedule-1.0.0,analytical_schedule_upper_bound,mobilenet_v2,features_1_conv_0_0,depthwise,ternary,2,32,12544,9,3612672,16,16,32,64,4,1,1,500,64,8.0,65536,37632,9408,917760,917760,1835520,False,33280,2560,1792,16384,True,True,True,False,29704384,1605632,25690112,1605632,802816,301056,0,114464,117600,56448,1568,232066,0.003713048,8.222275368480725,external,7.99998276352417,7783716701.283256
large_tile_64b_16x16,memory-schedule-1.0.0,analytical_schedule_upper_bound,mobilenet_v2,features_1_conv_1,pointwise,int8,8,16,12544,32,6422528,16,16,32,64,4,1,1,500,64,8.0,65536,20224,5056,3211520,1605888,4817408,False,8704,8704,2816,16384,True,True,True,False,8429760,3211264,3211264,1605632,401408,150528,0,29008,33712,100352,784,65858,0.00105372,1.3125298947704083,compute,5.250119579081632,32000000000.0
large_tile_64b_16x16,memory-schedule-1.0.0,analytical_schedule_upper_bound,mobilenet_v2,features_1_conv_1,pointwise,int6,6,16,12544,32,6422528,16,16,32,64,4,1,1,500,64,8.0,65536,16128,4032,2523392,1261824,3785216,False,6656,6656,2816,16384,True,True,True,False,6824128,2408448,2408448,1605632,401408,150528,0,22736,27440,100352,784,53314,0.000853016,1.0625298947704083,compute,4.250119579081632,32000000000.0
large_tile_64b_16x16,memory-schedule-1.0.0,analytical_schedule_upper_bound,mobilenet_v2,features_1_conv_1,pointwise,int5,5,16,12544,32,6422528,16,16,32,64,4,1,1,500,64,8.0,65536,16128,4032,2064640,1032448,3097088,False,6656,6656,2816,16384,True,True,True,False,6824128,2408448,2408448,1605632,401408,150528,0,22736,27440,100352,784,53314,0.000853016,1.0625298947704083,compute,4.250119579081632,32000000000.0
large_tile_64b_16x16,memory-schedule-1.0.0,analytical_schedule_upper_bound,mobilenet_v2,features_1_conv_1,pointwise,int4,4,16,12544,32,6422528,16,16,32,64,4,1,1,500,64,8.0,65536,11008,2752,1605888,803072,2408960,False,4608,4608,1792,16384,True,True,True,False,4415680,1605632,1605632,802816,401408,150528,0,16464,18032,100352,784,34498,0.00055196,0.6875298947704082,compute,2.7501195790816326,32000000000.0
large_tile_64b_16x16,memory-schedule-1.0.0,analytical_schedule_upper_bound,mobilenet_v2,features_1_conv_1,pointwise,q1_6,8,16,12544,32,6422528,16,16,32,64,4,1,1,500,64,8.0,65536,18944,4736,3211264,1605632,4816896,False,8192,8192,2560,16384,True,True,True,False,8429568,3211264,3211264,1605632,401408,0,0,26656,31360,100352,784,65856,0.001053696,1.3125,compute,5.25,32000000000.0
large_tile_64b_16x16,memory-schedule-1.0.0,analytical_schedule_upper_bound,mobilenet_v2,features_1_conv_1,pointwise,fp8_e4m3fn,8,16,12544,32,6422528,16,16,32,64,4,1,1,500,64,8.0,65536,18944,4736,3211264,1605632,4816896,False,8192,8192,2560,16384,True,True,True,False,8429568,3211264,3211264,1605632,401408,0,0,26656,31360,100352,784,65856,0.001053696,1.3125,compute,5.25,32000000000.0
large_tile_64b_16x16,memory-schedule-1.0.0,analytical_schedule_upper_bound,mobilenet_v2,features_1_conv_1,pointwise,fp8_e5m2,8,16,12544,32,6422528,16,16,32,64,4,1,1,500,64,8.0,65536,18944,4736,3211264,1605632,4816896,False,8192,8192,2560,16384,True,True,True,False,8429568,3211264,3211264,1605632,401408,0,0,26656,31360,100352,784,65856,0.001053696,1.3125,compute,5.25,32000000000.0
large_tile_64b_16x16,memory-schedule-1.0.0,analytical_schedule_upper_bound,mobilenet_v2,features_1_conv_1,pointwise,fp7_e3m3,7,16,12544,32,6422528,16,16,32,64,4,1,1,500,64,8.0,65536,18944,4736,2981888,1490944,4472832,False,8192,8192,2560,16384,True,True,True,False,8429568,3211264,3211264,1605632,401408,0,0,26656,31360,100352,784,65856,0.001053696,1.3125,compute,5.25,32000000000.0
large_tile_64b_16x16,memory-schedule-1.0.0,analytical_schedule_upper_bound,mobilenet_v2,features_1_conv_1,pointwise,fp6_e3m2,6,16,12544,32,6422528,16,16,32,64,4,1,1,500,64,8.0,65536,14848,3712,2523136,1261568,3784704,False,6144,6144,2560,16384,True,True,True,False,6823936,2408448,2408448,1605632,401408,0,0,20384,25088,100352,784,53312,0.000852992,1.0625,compute,4.25,32000000000.0
large_tile_64b_16x16,memory-schedule-1.0.0,analytical_schedule_upper_bound,mobilenet_v2,features_1_conv_1,pointwise,fp6_e2m3,6,16,12544,32,6422528,16,16,32,64,4,1,1,500,64,8.0,65536,14848,3712,2523136,1261568,3784704,False,6144,6144,2560,16384,True,True,True,False,6823936,2408448,2408448,1605632,401408,0,0,20384,25088,100352,784,53312,0.000852992,1.0625,compute,4.25,32000000000.0
large_tile_64b_16x16,memory-schedule-1.0.0,analytical_schedule_upper_bound,mobilenet_v2,features_1_conv_1,pointwise,fp5_e2m2,5,16,12544,32,6422528,16,16,32,64,4,1,1,500,64,8.0,65536,14848,3712,2064384,1032192,3096576,False,6144,6144,2560,16384,True,True,True,False,6823936,2408448,2408448,1605632,401408,0,0,20384,25088,100352,784,53312,0.000852992,1.0625,compute,4.25,32000000000.0
large_tile_64b_16x16,memory-schedule-1.0.0,analytical_schedule_upper_bound,mobilenet_v2,features_1_conv_1,pointwise,fp4_e2m1,4,16,12544,32,6422528,16,16,32,64,4,1,1,500,64,8.0,65536,9728,2432,1605632,802816,2408448,False,4096,4096,1536,16384,True,True,True,False,4415488,1605632,1605632,802816,401408,0,0,14112,15680,100352,784,34496,0.000551936,0.6875,compute,2.75,32000000000.0
large_tile_64b_16x16,memory-schedule-1.0.0,analytical_schedule_upper_bound,mobilenet_v2,features_1_conv_1,pointwise,bfp6,6,16,12544,32,6422528,16,16,32,64,4,1,1,500,64,8.0,65536,16128,4032,2637824,1318912,3956736,False,6656,6656,2816,16384,True,True,True,False,7124992,2408448,2408448,1605632,401408,301056,0,22736,27440,100352,784,55664,0.000890624,1.109375,compute,4.4375,32000000000.0
large_tile_64b_16x16,memory-schedule-1.0.0,analytical_schedule_upper_bound,mobilenet_v2,features_1_conv_1,pointwise,mxfp8_e4m3,8,16,12544,32,6422528,16,16,32,64,4,1,1,500,64,8.0,65536,20224,5056,3325952,1662976,4988928,False,8704,8704,2816,16384,True,True,True,False,8730624,3211264,3211264,1605632,401408,301056,0,29008,33712,100352,784,68208,0.001091328,1.359375,compute,5.4375,32000000000.0
large_tile_64b_16x16,memory-schedule-1.0.0,analytical_schedule_upper_bound,mobilenet_v2,features_1_conv_1,pointwise,mxfp6_e3m2,6,16,12544,32,6422528,16,16,32,64,4,1,1,500,64,8.0,65536,16128,4032,2637824,1318912,3956736,False,6656,6656,2816,16384,True,True,True,False,7124992,2408448,2408448,1605632,401408,301056,0,22736,27440,100352,784,55664,0.000890624,1.109375,compute,4.4375,32000000000.0
large_tile_64b_16x16,memory-schedule-1.0.0,analytical_schedule_upper_bound,mobilenet_v2,features_1_conv_1,pointwise,mxfp4_e2m1,4,16,12544,32,6422528,16,16,32,64,4,1,1,500,64,8.0,65536,11008,2752,1720320,860160,2580480,False,4608,4608,1792,16384,True,True,True,False,4716544,1605632,1605632,802816,401408,301056,0,16464,18032,100352,784,36848,0.000589568,0.734375,compute,2.9375,32000000000.0
large_tile_64b_16x16,memory-schedule-1.0.0,analytical_schedule_upper_bound,mobilenet_v2,features_1_conv_1,pointwise,posit8_es1,8,16,12544,32,6422528,16,16,32,64,4,1,1,500,64,8.0,65536,18944,4736,3211264,1605632,4816896,False,8192,8192,2560,16384,True,True,True,False,8429568,3211264,3211264,1605632,401408,0,0,26656,31360,100352,784,65856,0.001053696,1.3125,compute,5.25,32000000000.0
large_tile_64b_16x16,memory-schedule-1.0.0,analytical_schedule_upper_bound,mobilenet_v2,features_1_conv_1,pointwise,posit6_es1,6,16,12544,32,6422528,16,16,32,64,4,1,1,500,64,8.0,65536,14848,3712,2523136,1261568,3784704,False,6144,6144,2560,16384,True,True,True,False,6823936,2408448,2408448,1605632,401408,0,0,20384,25088,100352,784,53312,0.000852992,1.0625,compute,4.25,32000000000.0
large_tile_64b_16x16,memory-schedule-1.0.0,analytical_schedule_upper_bound,mobilenet_v2,features_1_conv_1,pointwise,posit4_es0,4,16,12544,32,6422528,16,16,32,64,4,1,1,500,64,8.0,65536,9728,2432,1605632,802816,2408448,False,4096,4096,1536,16384,True,True,True,False,4415488,1605632,1605632,802816,401408,0,0,14112,15680,100352,784,34496,0.000551936,0.6875,compute,2.75,32000000000.0
large_tile_64b_16x16,memory-schedule-1.0.0,analytical_schedule_upper_bound,mobilenet_v2,features_1_conv_1,pointwise,log8,8,16,12544,32,6422528,16,16,32,64,4,1,1,500,64,8.0,65536,18944,4736,3211264,1605632,4816896,False,8192,8192,2560,16384,True,True,True,False,8429568,3211264,3211264,1605632,401408,0,0,26656,31360,100352,784,65856,0.001053696,1.3125,compute,5.25,32000000000.0
large_tile_64b_16x16,memory-schedule-1.0.0,analytical_schedule_upper_bound,mobilenet_v2,features_1_conv_1,pointwise,log6,6,16,12544,32,6422528,16,16,32,64,4,1,1,500,64,8.0,65536,14848,3712,2523136,1261568,3784704,False,6144,6144,2560,16384,True,True,True,False,6823936,2408448,2408448,1605632,401408,0,0,20384,25088,100352,784,53312,0.000852992,1.0625,compute,4.25,32000000000.0
large_tile_64b_16x16,memory-schedule-1.0.0,analytical_schedule_upper_bound,mobilenet_v2,features_1_conv_1,pointwise,log4,4,16,12544,32,6422528,16,16,32,64,4,1,1,500,64,8.0,65536,9728,2432,1605632,802816,2408448,False,4096,4096,1536,16384,True,True,True,False,4415488,1605632,1605632,802816,401408,0,0,14112,15680,100352,784,34496,0.000551936,0.6875,compute,2.75,32000000000.0
large_tile_64b_16x16,memory-schedule-1.0.0,analytical_schedule_upper_bound,mobilenet_v2,features_1_conv_1,pointwise,nf4,4,16,12544,32,6422528,16,16,32,64,4,1,1,500,64,8.0,65536,11008,2752,1605888,803072,2408960,False,4608,4608,1792,16384,True,True,True,False,4415680,1605632,1605632,802816,401408,150528,0,16464,18032,100352,784,34498,0.00055196,0.6875298947704082,compute,2.7501195790816326,32000000000.0
large_tile_64b_16x16,memory-schedule-1.0.0,analytical_schedule_upper_bound,mobilenet_v2,features_1_conv_1,pointwise,binary_pm1,1,16,12544,32,6422528,16,16,32,64,4,1,1,500,64,8.0,65536,6912,1728,459008,229632,688640,False,2560,2560,1792,16384,True,True,True,False,2810048,802816,802816,802816,401408,150528,0,10192,11760,100352,784,21954,0.000351256,0.43752989477040816,compute,1.7501195790816326,32000000000.0
large_tile_64b_16x16,memory-schedule-1.0.0,analytical_schedule_upper_bound,mobilenet_v2,features_1_conv_1,pointwise,ternary,2,16,12544,32,6422528,16,16,32,64,4,1,1,500,64,8.0,65536,6912,1728,917760,459008,1376768,False,2560,2560,1792,16384,True,True,True,False,2810048,802816,802816,802816,401408,150528,0,10192,11760,100352,784,21954,0.000351256,0.43752989477040816,compute,1.7501195790816326,32000000000.0
large_tile_64b_16x16,memory-schedule-1.0.0,analytical_schedule_upper_bound,mobilenet_v3_large,features_1_block_1_0,pointwise,int8,8,16,12544,16,3211264,16,16,32,64,4,1,1,500,64,8.0,65536,12032,3008,1605888,1605888,3211776,False,4608,4608,2816,16384,True,True,True,False,5218496,1605632,1605632,1605632,401408,150528,0,16464,21168,50176,784,40770,0.000652312,1.6250597895408163,compute,6.500239158163265,32000000000.0
large_tile_64b_16x16,memory-schedule-1.0.0,analytical_schedule_upper_bound,mobilenet_v3_large,features_1_block_1_0,pointwise,int6,6,16,12544,16,3211264,16,16,32,64,4,1,1,500,64,8.0,65536,12032,3008,1261824,1261824,2523648,False,4608,4608,2816,16384,True,True,True,False,5218496,1605632,1605632,1605632,401408,150528,0,16464,21168,50176,784,40770,0.000652312,1.6250597895408163,compute,6.500239158163265,32000000000.0
large_tile_64b_16x16,memory-schedule-1.0.0,analytical_schedule_upper_bound,mobilenet_v3_large,features_1_block_1_0,pointwise,int5,5,16,12544,16,3211264,16,16,32,64,4,1,1,500,64,8.0,65536,12032,3008,1032448,1032448,2064896,False,4608,4608,2816,16384,True,True,True,False,5218496,1605632,1605632,1605632,401408,150528,0,16464,21168,50176,784,40770,0.000652312,1.6250597895408163,compute,6.500239158163265,32000000000.0
large_tile_64b_16x16,memory-schedule-1.0.0,analytical_schedule_upper_bound,mobilenet_v3_large,features_1_block_1_0,pointwise,int4,4,16,12544,16,3211264,16,16,32,64,4,1,1,500,64,8.0,65536,6912,1728,803072,803072,1606144,False,2560,2560,1792,16384,True,True,True,False,2810048,802816,802816,802816,401408,150528,0,10192,11760,50176,784,21954,0.000351256,0.8750597895408163,compute,3.5002391581632653,32000000000.0
large_tile_64b_16x16,memory-schedule-1.0.0,analytical_schedule_upper_bound,mobilenet_v3_large,features_1_block_1_0,pointwise,q1_6,8,16,12544,16,3211264,16,16,32,64,4,1,1,500,64,8.0,65536,10752,2688,1605632,1605632,3211264,False,4096,4096,2560,16384,True,True,True,False,5218304,1605632,1605632,1605632,401408,0,0,14112,18816,50176,784,40768,0.000652288,1.625,compute,6.5,32000000000.0
large_tile_64b_16x16,memory-schedule-1.0.0,analytical_schedule_upper_bound,mobilenet_v3_large,features_1_block_1_0,pointwise,fp8_e4m3fn,8,16,12544,16,3211264,16,16,32,64,4,1,1,500,64,8.0,65536,10752,2688,1605632,1605632,3211264,False,4096,4096,2560,16384,True,True,True,False,5218304,1605632,1605632,1605632,401408,0,0,14112,18816,50176,784,40768,0.000652288,1.625,compute,6.5,32000000000.0
large_tile_64b_16x16,memory-schedule-1.0.0,analytical_schedule_upper_bound,mobilenet_v3_large,features_1_block_1_0,pointwise,fp8_e5m2,8,16,12544,16,3211264,16,16,32,64,4,1,1,500,64,8.0,65536,10752,2688,1605632,1605632,3211264,False,4096,4096,2560,16384,True,True,True,False,5218304,1605632,1605632,1605632,401408,0,0,14112,18816,50176,784,40768,0.000652288,1.625,compute,6.5,32000000000.0
large_tile_64b_16x16,memory-schedule-1.0.0,analytical_schedule_upper_bound,mobilenet_v3_large,features_1_block_1_0,pointwise,fp7_e3m3,7,16,12544,16,3211264,16,16,32,64,4,1,1,500,64,8.0,65536,10752,2688,1490944,1490944,2981888,False,4096,4096,2560,16384,True,True,True,False,5218304,1605632,1605632,1605632,401408,0,0,14112,18816,50176,784,40768,0.000652288,1.625,compute,6.5,32000000000.0
large_tile_64b_16x16,memory-schedule-1.0.0,analytical_schedule_upper_bound,mobilenet_v3_large,features_1_block_1_0,pointwise,fp6_e3m2,6,16,12544,16,3211264,16,16,32,64,4,1,1,500,64,8.0,65536,10752,2688,1261568,1261568,2523136,False,4096,4096,2560,16384,True,True,True,False,5218304,1605632,1605632,1605632,401408,0,0,14112,18816,50176,784,40768,0.000652288,1.625,compute,6.5,32000000000.0
large_tile_64b_16x16,memory-schedule-1.0.0,analytical_schedule_upper_bound,mobilenet_v3_large,features_1_block_1_0,pointwise,fp6_e2m3,6,16,12544,16,3211264,16,16,32,64,4,1,1,500,64,8.0,65536,10752,2688,1261568,1261568,2523136,False,4096,4096,2560,16384,True,True,True,False,5218304,1605632,1605632,1605632,401408,0,0,14112,18816,50176,784,40768,0.000652288,1.625,compute,6.5,32000000000.0
large_tile_64b_16x16,memory-schedule-1.0.0,analytical_schedule_upper_bound,mobilenet_v3_large,features_1_block_1_0,pointwise,fp5_e2m2,5,16,12544,16,3211264,16,16,32,64,4,1,1,500,64,8.0,65536,10752,2688,1032192,1032192,2064384,False,4096,4096,2560,16384,True,True,True,False,5218304,1605632,1605632,1605632,401408,0,0,14112,18816,50176,784,40768,0.000652288,1.625,compute,6.5,32000000000.0
large_tile_64b_16x16,memory-schedule-1.0.0,analytical_schedule_upper_bound,mobilenet_v3_large,features_1_block_1_0,pointwise,fp4_e2m1,4,16,12544,16,3211264,16,16,32,64,4,1,1,500,64,8.0,65536,5632,1408,802816,802816,1605632,False,2048,2048,1536,16384,True,True,True,False,2809856,802816,802816,802816,401408,0,0,7840,9408,50176,784,21952,0.000351232,0.875,compute,3.5,32000000000.0
large_tile_64b_16x16,memory-schedule-1.0.0,analytical_schedule_upper_bound,mobilenet_v3_large,features_1_block_1_0,pointwise,bfp6,6,16,12544,16,3211264,16,16,32,64,4,1,1,500,64,8.0,65536,12032,3008,1318912,1318912,2637824,False,4608,4608,2816,16384,True,True,True,False,5519360,1605632,1605632,1605632,401408,301056,0,16464,21168,50176,784,43120,0.00068992,1.71875,compute,6.875,32000000000.0
large_tile_64b_16x16,memory-schedule-1.0.0,analytical_schedule_upper_bound,mobilenet_v3_large,features_1_block_1_0,pointwise,mxfp8_e4m3,8,16,12544,16,3211264,16,16,32,64,4,1,1,500,64,8.0,65536,12032,3008,1662976,1662976,3325952,False,4608,4608,2816,16384,True,True,True,False,5519360,1605632,1605632,1605632,401408,301056,0,16464,21168,50176,784,43120,0.00068992,1.71875,compute,6.875,32000000000.0
large_tile_64b_16x16,memory-schedule-1.0.0,analytical_schedule_upper_bound,mobilenet_v3_large,features_1_block_1_0,pointwise,mxfp6_e3m2,6,16,12544,16,3211264,16,16,32,64,4,1,1,500,64,8.0,65536,12032,3008,1318912,1318912,2637824,False,4608,4608,2816,16384,True,True,True,False,5519360,1605632,1605632,1605632,401408,301056,0,16464,21168,50176,784,43120,0.00068992,1.71875,compute,6.875,32000000000.0
large_tile_64b_16x16,memory-schedule-1.0.0,analytical_schedule_upper_bound,mobilenet_v3_large,features_1_block_1_0,pointwise,mxfp4_e2m1,4,16,12544,16,3211264,16,16,32,64,4,1,1,500,64,8.0,65536,6912,1728,860160,860160,1720320,False,2560,2560,1792,16384,True,True,True,False,3110912,802816,802816,802816,401408,301056,0,10192,11760,50176,784,24304,0.000388864,0.96875,compute,3.875,32000000000.0
large_tile_64b_16x16,memory-schedule-1.0.0,analytical_schedule_upper_bound,mobilenet_v3_large,features_1_block_1_0,pointwise,posit8_es1,8,16,12544,16,3211264,16,16,32,64,4,1,1,500,64,8.0,65536,10752,2688,1605632,1605632,3211264,False,4096,4096,2560,16384,True,True,True,False,5218304,1605632,1605632,1605632,401408,0,0,14112,18816,50176,784,40768,0.000652288,1.625,compute,6.5,32000000000.0
large_tile_64b_16x16,memory-schedule-1.0.0,analytical_schedule_upper_bound,mobilenet_v3_large,features_1_block_1_0,pointwise,posit6_es1,6,16,12544,16,3211264,16,16,32,64,4,1,1,500,64,8.0,65536,10752,2688,1261568,1261568,2523136,False,4096,4096,2560,16384,True,True,True,False,5218304,1605632,1605632,1605632,401408,0,0,14112,18816,50176,784,40768,0.000652288,1.625,compute,6.5,32000000000.0
large_tile_64b_16x16,memory-schedule-1.0.0,analytical_schedule_upper_bound,mobilenet_v3_large,features_1_block_1_0,pointwise,posit4_es0,4,16,12544,16,3211264,16,16,32,64,4,1,1,500,64,8.0,65536,5632,1408,802816,802816,1605632,False,2048,2048,1536,16384,True,True,True,False,2809856,802816,802816,802816,401408,0,0,7840,9408,50176,784,21952,0.000351232,0.875,compute,3.5,32000000000.0
large_tile_64b_16x16,memory-schedule-1.0.0,analytical_schedule_upper_bound,mobilenet_v3_large,features_1_block_1_0,pointwise,log8,8,16,12544,16,3211264,16,16,32,64,4,1,1,500,64,8.0,65536,10752,2688,1605632,1605632,3211264,False,4096,4096,2560,16384,True,True,True,False,5218304,1605632,1605632,1605632,401408,0,0,14112,18816,50176,784,40768,0.000652288,1.625,compute,6.5,32000000000.0
large_tile_64b_16x16,memory-schedule-1.0.0,analytical_schedule_upper_bound,mobilenet_v3_large,features_1_block_1_0,pointwise,log6,6,16,12544,16,3211264,16,16,32,64,4,1,1,500,64,8.0,65536,10752,2688,1261568,1261568,2523136,False,4096,4096,2560,16384,True,True,True,False,5218304,1605632,1605632,1605632,401408,0,0,14112,18816,50176,784,40768,0.000652288,1.625,compute,6.5,32000000000.0
large_tile_64b_16x16,memory-schedule-1.0.0,analytical_schedule_upper_bound,mobilenet_v3_large,features_1_block_1_0,pointwise,log4,4,16,12544,16,3211264,16,16,32,64,4,1,1,500,64,8.0,65536,5632,1408,802816,802816,1605632,False,2048,2048,1536,16384,True,True,True,False,2809856,802816,802816,802816,401408,0,0,7840,9408,50176,784,21952,0.000351232,0.875,compute,3.5,32000000000.0
large_tile_64b_16x16,memory-schedule-1.0.0,analytical_schedule_upper_bound,mobilenet_v3_large,features_1_block_1_0,pointwise,nf4,4,16,12544,16,3211264,16,16,32,64,4,1,1,500,64,8.0,65536,6912,1728,803072,803072,1606144,False,2560,2560,1792,16384,True,True,True,False,2810048,802816,802816,802816,401408,150528,0,10192,11760,50176,784,21954,0.000351256,0.8750597895408163,compute,3.5002391581632653,32000000000.0
large_tile_64b_16x16,memory-schedule-1.0.0,analytical_schedule_upper_bound,mobilenet_v3_large,features_1_block_1_0,pointwise,binary_pm1,1,16,12544,16,3211264,16,16,32,64,4,1,1,500,64,8.0,65536,6912,1728,229632,229632,459264,False,2560,2560,1792,16384,True,True,True,False,2810048,802816,802816,802816,401408,150528,0,10192,11760,50176,784,21954,0.000351256,0.8750597895408163,compute,3.5002391581632653,32000000000.0
large_tile_64b_16x16,memory-schedule-1.0.0,analytical_schedule_upper_bound,mobilenet_v3_large,features_1_block_1_0,pointwise,ternary,2,16,12544,16,3211264,16,16,32,64,4,1,1,500,64,8.0,65536,6912,1728,459008,459008,918016,False,2560,2560,1792,16384,True,True,True,False,2810048,802816,802816,802816,401408,150528,0,10192,11760,50176,784,21954,0.000351256,0.8750597895408163,compute,3.5002391581632653,32000000000.0
large_tile_64b_16x16,memory-schedule-1.0.0,analytical_schedule_upper_bound,yolov8n,model_0_conv,standard,int8,8,16,102400,27,44236800,16,16,32,64,4,1,1,500,64,8.0,65536,20224,5056,9830656,13107456,22938112,False,8704,8704,2816,16384,True,True,True,False,68812992,26214400,26214400,13107200,3276800,1228800,0,236800,275200,691200,6400,537602,0.008601624,1.5555598958333334,compute,6.222239583333333,32000000000.0
large_tile_64b_16x16,memory-schedule-1.0.0,analytical_schedule_upper_bound,yolov8n,model_0_conv,standard,int6,6,16,102400,27,44236800,16,16,32,64,4,1,1,500,64,8.0,65536,16128,4032,7373056,9830656,17203712,False,6656,6656,2816,16384,True,True,True,False,55705792,19660800,19660800,13107200,3276800,1228800,0,185600,224000,691200,6400,435202,0.006963224,1.259263599537037,compute,5.037054398148149,32000000000.0
large_tile_64b_16x16,memory-schedule-1.0.0,analytical_schedule_upper_bound,yolov8n,model_0_conv,standard,int5,5,16,102400,27,44236800,16,16,32,64,4,1,1,500,64,8.0,65536,16128,4032,6144256,8192256,14336512,False,6656,6656,2816,16384,True,True,True,False,55705792,19660800,19660800,13107200,3276800,1228800,0,185600,224000,691200,6400,435202,0.006963224,1.259263599537037,compute,5.037054398148149,32000000000.0
large_tile_64b_16x16,memory-schedule-1.0.0,analytical_schedule_upper_bound,yolov8n,model_0_conv,standard,int4,4,16,102400,27,44236800,16,16,32,64,4,1,1,500,64,8.0,65536,11008,2752,4915456,6553856,11469312,False,4608,4608,1792,16384,True,True,True,False,36044992,13107200,13107200,6553600,3276800,1228800,0,134400,147200,691200,6400,281602,0.004505624,0.8148191550925926,compute,3.2592766203703705,32000000000.0
large_tile_64b_16x16,memory-schedule-1.0.0,analytical_schedule_upper_bound,yolov8n,model_0_conv,standard,q1_6,8,16,102400,27,44236800,16,16,32,64,4,1,1,500,64,8.0,65536,18944,4736,9830400,13107200,22937600,False,8192,8192,2560,16384,True,True,True,False,68812800,26214400,26214400,13107200,3276800,0,0,217600,256000,691200,6400,537600,0.0086016,1.5555555555555556,compute,6.222222222222222,32000000000.0
large_tile_64b_16x16,memory-schedule-1.0.0,analytical_schedule_upper_bound,yolov8n,model_0_conv,standard,fp8_e4m3fn,8,16,102400,27,44236800,16,16,32,64,4,1,1,500,64,8.0,65536,18944,4736,9830400,13107200,22937600,False,8192,8192,2560,16384,True,True,True,False,68812800,26214400,26214400,13107200,3276800,0,0,217600,256000,691200,6400,537600,0.0086016,1.5555555555555556,compute,6.222222222222222,32000000000.0
large_tile_64b_16x16,memory-schedule-1.0.0,analytical_schedule_upper_bound,yolov8n,model_0_conv,standard,fp8_e5m2,8,16,102400,27,44236800,16,16,32,64,4,1,1,500,64,8.0,65536,18944,4736,9830400,13107200,22937600,False,8192,8192,2560,16384,True,True,True,False,68812800,26214400,26214400,13107200,3276800,0,0,217600,256000,691200,6400,537600,0.0086016,1.5555555555555556,compute,6.222222222222222,32000000000.0
large_tile_64b_16x16,memory-schedule-1.0.0,analytical_schedule_upper_bound,yolov8n,model_0_conv,standard,fp7_e3m3,7,16,102400,27,44236800,16,16,32,64,4,1,1,500,64,8.0,65536,14848,3712,8601600,11468800,20070400,False,6144,6144,2560,16384,True,True,True,False,55705600,19660800,19660800,13107200,3276800,0,0,166400,204800,691200,6400,435200,0.0069632,1.2592592592592593,compute,5.037037037037037,32000000000.0
large_tile_64b_16x16,memory-schedule-1.0.0,analytical_schedule_upper_bound,yolov8n,model_0_conv,standard,fp6_e3m2,6,16,102400,27,44236800,16,16,32,64,4,1,1,500,64,8.0,65536,14848,3712,7372800,9830400,17203200,False,6144,6144,2560,16384,True,True,True,False,55705600,19660800,19660800,13107200,3276800,0,0,166400,204800,691200,6400,435200,0.0069632,1.2592592592592593,compute,5.037037037037037,32000000000.0
large_tile_64b_16x16,memory-schedule-1.0.0,analytical_schedule_upper_bound,yolov8n,model_0_conv,standard,fp6_e2m3,6,16,102400,27,44236800,16,16,32,64,4,1,1,500,64,8.0,65536,14848,3712,7372800,9830400,17203200,False,6144,6144,2560,16384,True,True,True,False,55705600,19660800,19660800,13107200,3276800,0,0,166400,204800,691200,6400,435200,0.0069632,1.2592592592592593,compute,5.037037037037037,32000000000.0
large_tile_64b_16x16,memory-schedule-1.0.0,analytical_schedule_upper_bound,yolov8n,model_0_conv,standard,fp5_e2m2,5,16,102400,27,44236800,16,16,32,64,4,1,1,500,64,8.0,65536,14848,3712,6144000,8192000,14336000,False,6144,6144,2560,16384,True,True,True,False,55705600,19660800,19660800,13107200,3276800,0,0,166400,204800,691200,6400,435200,0.0069632,1.2592592592592593,compute,5.037037037037037,32000000000.0
large_tile_64b_16x16,memory-schedule-1.0.0,analytical_schedule_upper_bound,yolov8n,model_0_conv,standard,fp4_e2m1,4,16,102400,27,44236800,16,16,32,64,4,1,1,500,64,8.0,65536,9728,2432,4915200,6553600,11468800,False,4096,4096,1536,16384,True,True,True,False,36044800,13107200,13107200,6553600,3276800,0,0,115200,128000,691200,6400,281600,0.0045056,0.8148148148148148,compute,3.259259259259259,32000000000.0
large_tile_64b_16x16,memory-schedule-1.0.0,analytical_schedule_upper_bound,yolov8n,model_0_conv,standard,bfp6,6,16,102400,27,44236800,16,16,32,64,4,1,1,500,64,8.0,65536,16128,4032,7680000,10240000,17920000,False,6656,6656,2816,16384,True,True,True,False,58163200,19660800,19660800,13107200,3276800,2457600,0,185600,224000,691200,6400,454400,0.0072704,1.3148148148148149,compute,5.2592592592592595,32000000000.0
large_tile_64b_16x16,memory-schedule-1.0.0,analytical_schedule_upper_bound,yolov8n,model_0_conv,standard,mxfp8_e4m3,8,16,102400,27,44236800,16,16,32,64,4,1,1,500,64,8.0,65536,20224,5056,10137600,13516800,23654400,False,8704,8704,2816,16384,True,True,True,False,71270400,26214400,26214400,13107200,3276800,2457600,0,236800,275200,691200,6400,556800,0.0089088,1.6111111111111112,compute,6.444444444444445,32000000000.0
large_tile_64b_16x16,memory-schedule-1.0.0,analytical_schedule_upper_bound,yolov8n,model_0_conv,standard,mxfp6_e3m2,6,16,102400,27,44236800,16,16,32,64,4,1,1,500,64,8.0,65536,16128,4032,7680000,10240000,17920000,False,6656,6656,2816,16384,True,True,True,False,58163200,19660800,19660800,13107200,3276800,2457600,0,185600,224000,691200,6400,454400,0.0072704,1.3148148148148149,compute,5.2592592592592595,32000000000.0
large_tile_64b_16x16,memory-schedule-1.0.0,analytical_schedule_upper_bound,yolov8n,model_0_conv,standard,mxfp4_e2m1,4,16,102400,27,44236800,16,16,32,64,4,1,1,500,64,8.0,65536,11008,2752,5222400,6963200,12185600,False,4608,4608,1792,16384,True,True,True,False,38502400,13107200,13107200,6553600,3276800,2457600,0,134400,147200,691200,6400,300800,0.0048128,0.8703703703703703,compute,3.4814814814814814,32000000000.0
large_tile_64b_16x16,memory-schedule-1.0.0,analytical_schedule_upper_bound,yolov8n,model_0_conv,standard,posit8_es1,8,16,102400,27,44236800,16,16,32,64,4,1,1,500,64,8.0,65536,18944,4736,9830400,13107200,22937600,False,8192,8192,2560,16384,True,True,True,False,68812800,26214400,26214400,13107200,3276800,0,0,217600,256000,691200,6400,537600,0.0086016,1.5555555555555556,compute,6.222222222222222,32000000000.0
large_tile_64b_16x16,memory-schedule-1.0.0,analytical_schedule_upper_bound,yolov8n,model_0_conv,standard,posit6_es1,6,16,102400,27,44236800,16,16,32,64,4,1,1,500,64,8.0,65536,14848,3712,7372800,9830400,17203200,False,6144,6144,2560,16384,True,True,True,False,55705600,19660800,19660800,13107200,3276800,0,0,166400,204800,691200,6400,435200,0.0069632,1.2592592592592593,compute,5.037037037037037,32000000000.0
large_tile_64b_16x16,memory-schedule-1.0.0,analytical_schedule_upper_bound,yolov8n,model_0_conv,standard,posit4_es0,4,16,102400,27,44236800,16,16,32,64,4,1,1,500,64,8.0,65536,9728,2432,4915200,6553600,11468800,False,4096,4096,1536,16384,True,True,True,False,36044800,13107200,13107200,6553600,3276800,0,0,115200,128000,691200,6400,281600,0.0045056,0.8148148148148148,compute,3.259259259259259,32000000000.0
large_tile_64b_16x16,memory-schedule-1.0.0,analytical_schedule_upper_bound,yolov8n,model_0_conv,standard,log8,8,16,102400,27,44236800,16,16,32,64,4,1,1,500,64,8.0,65536,18944,4736,9830400,13107200,22937600,False,8192,8192,2560,16384,True,True,True,False,68812800,26214400,26214400,13107200,3276800,0,0,217600,256000,691200,6400,537600,0.0086016,1.5555555555555556,compute,6.222222222222222,32000000000.0
large_tile_64b_16x16,memory-schedule-1.0.0,analytical_schedule_upper_bound,yolov8n,model_0_conv,standard,log6,6,16,102400,27,44236800,16,16,32,64,4,1,1,500,64,8.0,65536,14848,3712,7372800,9830400,17203200,False,6144,6144,2560,16384,True,True,True,False,55705600,19660800,19660800,13107200,3276800,0,0,166400,204800,691200,6400,435200,0.0069632,1.2592592592592593,compute,5.037037037037037,32000000000.0
large_tile_64b_16x16,memory-schedule-1.0.0,analytical_schedule_upper_bound,yolov8n,model_0_conv,standard,log4,4,16,102400,27,44236800,16,16,32,64,4,1,1,500,64,8.0,65536,9728,2432,4915200,6553600,11468800,False,4096,4096,1536,16384,True,True,True,False,36044800,13107200,13107200,6553600,3276800,0,0,115200,128000,691200,6400,281600,0.0045056,0.8148148148148148,compute,3.259259259259259,32000000000.0
large_tile_64b_16x16,memory-schedule-1.0.0,analytical_schedule_upper_bound,yolov8n,model_0_conv,standard,nf4,4,16,102400,27,44236800,16,16,32,64,4,1,1,500,64,8.0,65536,11008,2752,4915456,6553856,11469312,False,4608,4608,1792,16384,True,True,True,False,36044992,13107200,13107200,6553600,3276800,1228800,0,134400,147200,691200,6400,281602,0.004505624,0.8148191550925926,compute,3.2592766203703705,32000000000.0
large_tile_64b_16x16,memory-schedule-1.0.0,analytical_schedule_upper_bound,yolov8n,model_0_conv,standard,binary_pm1,1,16,102400,27,44236800,16,16,32,64,4,1,1,500,64,8.0,65536,6912,1728,1229056,1638656,2867712,False,2560,2560,1792,16384,True,True,True,False,22937792,6553600,6553600,6553600,3276800,1228800,0,83200,96000,691200,6400,179202,0.002867224,0.5185228587962963,compute,2.0740914351851854,32000000000.0
large_tile_64b_16x16,memory-schedule-1.0.0,analytical_schedule_upper_bound,yolov8n,model_0_conv,standard,ternary,2,16,102400,27,44236800,16,16,32,64,4,1,1,500,64,8.0,65536,6912,1728,2457856,3277056,5734912,False,2560,2560,1792,16384,True,True,True,False,22937792,6553600,6553600,6553600,3276800,1228800,0,83200,96000,691200,6400,179202,0.002867224,0.5185228587962963,compute,2.0740914351851854,32000000000.0
word_32b_8x8,memory-schedule-1.0.0,analytical_schedule_upper_bound,resnet18,conv1,standard,int8,8,64,12544,147,118013952,8,8,32,32,4,1,1,500,64,8.0,65536,9600,2400,1204352,6422656,7627008,False,4352,4352,896,4096,True,True,True,False,247267520,118816768,118816768,6422528,3211264,8830976,0,2019584,2044672,1843968,62720,1931778,0.03090844,2.095239722164376,local_write,7.558288077500939,28858895705.521473
word_32b_8x8,memory-schedule-1.0.0,analytical_schedule_upper_bound,resnet18,conv1,standard,int6,6,64,12544,147,118013952,8,8,32,32,4,1,1,500,64,8.0,65536,7552,1888,903296,4817024,5720320,False,3328,3328,896,4096,True,True,True,False,189464768,89915392,89915392,6422528,3211264,8830976,0,1568000,1593088,1843968,62720,1480194,0.023683096,1.6054438037970291,compute,6.4217752151881164,32000000000.0
word_32b_8x8,memory-schedule-1.0.0,analytical_schedule_upper_bound,resnet18,conv1,standard,int5,5,64,12544,147,118013952,8,8,32,32,4,1,1,500,64,8.0,65536,6528,1632,752768,4128896,4881664,False,2816,2816,896,4096,True,True,True,False,157352128,73859072,73859072,6422528,3211264,8830976,0,1317120,1342208,1843968,62720,1229314,0.019669016,1.333334960259614,compute,5.333339841038456,32000000000.0
word_32b_8x8,memory-schedule-1.0.0,analytical_schedule_upper_bound,resnet18,conv1,standard,int4,4,64,12544,147,118013952,8,8,32,32,4,1,1,500,64,8.0,65536,5248,1312,602240,3211392,3813632,False,2304,2304,640,4096,True,True,True,False,128450752,61014016,61014016,3211264,3211264,8830976,0,1116416,1116416,1843968,62720,1003522,0.016056344,1.0884370010759405,compute,4.353748004303762,32000000000.0
word_32b_8x8,memory-schedule-1.0.0,analytical_schedule_upper_bound,resnet18,conv1,standard,q1_6,8,64,12544,147,118013952,8,8,32,32,4,1,1,500,64,8.0,65536,8960,2240,1204224,6422528,7626752,False,4096,4096,768,4096,True,True,True,False,247267328,118816768,118816768,6422528,3211264,0,0,1881600,1906688,1843968,62720,1931776,0.030908416,2.0952380952380953,external,8.0,30545454545.454544
word_32b_8x8,memory-schedule-1.0.0,analytical_schedule_upper_bound,resnet18,conv1,standard,fp8_e4m3fn,8,64,12544,147,118013952,8,8,32,32,4,1,1,500,64,8.0,65536,8960,2240,1204224,6422528,7626752,False,4096,4096,768,4096,True,True,True,False,247267328,118816768,118816768,6422528,3211264,0,0,1881600,1906688,1843968,62720,1931776,0.030908416,2.0952380952380953,external,8.0,30545454545.454544
word_32b_8x8,memory-schedule-1.0.0,analytical_schedule_upper_bound,resnet18,conv1,standard,fp8_e5m2,8,64,12544,147,118013952,8,8,32,32,4,1,1,500,64,8.0,65536,8960,2240,1204224,6422528,7626752,False,4096,4096,768,4096,True,True,True,False,247267328,118816768,118816768,6422528,3211264,0,0,1881600,1906688,1843968,62720,1931776,0.030908416,2.0952380952380953,external,8.0,30545454545.454544
word_32b_8x8,memory-schedule-1.0.0,analytical_schedule_upper_bound,resnet18,conv1,standard,fp7_e3m3,7,64,12544,147,118013952,8,8,32,32,4,1,1,500,64,8.0,65536,7936,1984,1053696,5734400,6788096,False,3584,3584,768,4096,True,True,True,False,221577216,105971712,105971712,6422528,3211264,0,0,1680896,1705984,1843968,62720,1731072,0.027697152,1.8775510204081634,compute,7.510204081632653,32000000000.0
word_32b_8x8,memory-schedule-1.0.0,analytical_schedule_upper_bound,resnet18,conv1,standard,fp6_e3m2,6,64,12544,147,118013952,8,8,32,32,4,1,1,500,64,8.0,65536,6912,1728,903168,4816896,5720064,False,3072,3072,768,4096,True,True,True,False,189464576,89915392,89915392,6422528,3211264,0,0,1430016,1455104,1843968,62720,1480192,0.023683072,1.6054421768707483,compute,6.421768707482993,32000000000.0
word_32b_8x8,memory-schedule-1.0.0,analytical_schedule_upper_bound,resnet18,conv1,standard,fp6_e2m3,6,64,12544,147,118013952,8,8,32,32,4,1,1,500,64,8.0,65536,6912,1728,903168,4816896,5720064,False,3072,3072,768,4096,True,True,True,False,189464576,89915392,89915392,6422528,3211264,0,0,1430016,1455104,1843968,62720,1480192,0.023683072,1.6054421768707483,compute,6.421768707482993,32000000000.0
word_32b_8x8,memory-schedule-1.0.0,analytical_schedule_upper_bound,resnet18,conv1,standard,fp5_e2m2,5,64,12544,147,118013952,8,8,32,32,4,1,1,500,64,8.0,65536,5888,1472,752640,4128768,4881408,False,2560,2560,768,4096,True,True,True,False,157351936,73859072,73859072,6422528,3211264,0,0,1179136,1204224,1843968,62720,1229312,0.019668992,1.3333333333333333,compute,5.333333333333333,32000000000.0
word_32b_8x8,memory-schedule-1.0.0,analytical_schedule_upper_bound,resnet18,conv1,standard,fp4_e2m1,4,64,12544,147,118013952,8,8,32,32,4,1,1,500,64,8.0,65536,4608,1152,602112,3211264,3813376,False,2048,2048,512,4096,True,True,True,False,128450560,61014016,61014016,3211264,3211264,0,0,978432,978432,1843968,62720,1003520,0.01605632,1.08843537414966,compute,4.35374149659864,32000000000.0
word_32b_8x8,memory-schedule-1.0.0,analytical_schedule_upper_bound,resnet18,conv1,standard,bfp6,6,64,12544,147,118013952,8,8,32,32,4,1,1,500,64,8.0,65536,7552,1888,940800,5046272,5987072,False,3328,3328,896,4096,True,True,True,False,198295552,89915392,89915392,6422528,3211264,8830976,0,1568000,1593088,1843968,62720,1549184,0.024786944,1.6802721088435375,compute,6.721088435374149,32000000000.0
word_32b_8x8,memory-schedule-1.0.0,analytical_schedule_upper_bound,resnet18,conv1,standard,mxfp8_e4m3,8,64,12544,147,118013952,8,8,32,32,4,1,1,500,64,8.0,65536,9600,2400,1241856,6651904,7893760,False,4352,4352,896,4096,True,True,True,False,256098304,118816768,118816768,6422528,3211264,8830976,0,2019584,2044672,1843968,62720,2000768,0.032012288,2.1700680272108843,local_write,7.828220858895706,28858895705.521473
word_32b_8x8,memory-schedule-1.0.0,analytical_schedule_upper_bound,resnet18,conv1,standard,mxfp6_e3m2,6,64,12544,147,118013952,8,8,32,32,4,1,1,500,64,8.0,65536,7552,1888,940800,5046272,5987072,False,3328,3328,896,4096,True,True,True,False,198295552,89915392,89915392,6422528,3211264,8830976,0,1568000,1593088,1843968,62720,1549184,0.024786944,1.6802721088435375,compute,6.721088435374149,32000000000.0
word_32b_8x8,memory-schedule-1.0.0,analytical_schedule_upper_bound,resnet18,conv1,standard,mxfp4_e2m1,4,64,12544,147,118013952,8,8,32,32,4,1,1,500,64,8.0,65536,5248,1312,639744,3440640,4080384,False,2304,2304,640,4096,True,True,True,False,137281536,61014016,61014016,3211264,3211264,8830976,0,1116416,1116416,1843968,62720,1072512,0.017160192,1.163265306122449,compute,4.653061224489796,32000000000.0
word_32b_8x8,memory-schedule-1.0.0,analytical_schedule_upper_bound,resnet18,conv1,standard,posit8_es1,8,64,12544,147,118013952,8,8,32,32,4,1,1,500,64,8.0,65536,8960,2240,1204224,6422528,7626752,False,4096,4096,768,4096,True,True,True,False,247267328,118816768,118816768,6422528,3211264,0,0,1881600,1906688,1843968,62720,1931776,0.030908416,2.0952380952380953,external,8.0,30545454545.454544
word_32b_8x8,memory-schedule-1.0.0,analytical_schedule_upper_bound,resnet18,conv1,standard,posit6_es1,6,64,12544,147,118013952,8,8,32,32,4,1,1,500,64,8.0,65536,6912,1728,903168,4816896,5720064,False,3072,3072,768,4096,True,True,True,False,189464576,89915392,89915392,6422528,3211264,0,0,1430016,1455104,1843968,62720,1480192,0.023683072,1.6054421768707483,compute,6.421768707482993,32000000000.0
word_32b_8x8,memory-schedule-1.0.0,analytical_schedule_upper_bound,resnet18,conv1,standard,posit4_es0,4,64,12544,147,118013952,8,8,32,32,4,1,1,500,64,8.0,65536,4608,1152,602112,3211264,3813376,False,2048,2048,512,4096,True,True,True,False,128450560,61014016,61014016,3211264,3211264,0,0,978432,978432,1843968,62720,1003520,0.01605632,1.08843537414966,compute,4.35374149659864,32000000000.0
word_32b_8x8,memory-schedule-1.0.0,analytical_schedule_upper_bound,resnet18,conv1,standard,log8,8,64,12544,147,118013952,8,8,32,32,4,1,1,500,64,8.0,65536,8960,2240,1204224,6422528,7626752,False,4096,4096,768,4096,True,True,True,False,247267328,118816768,118816768,6422528,3211264,0,0,1881600,1906688,1843968,62720,1931776,0.030908416,2.0952380952380953,external,8.0,30545454545.454544
word_32b_8x8,memory-schedule-1.0.0,analytical_schedule_upper_bound,resnet18,conv1,standard,log6,6,64,12544,147,118013952,8,8,32,32,4,1,1,500,64,8.0,65536,6912,1728,903168,4816896,5720064,False,3072,3072,768,4096,True,True,True,False,189464576,89915392,89915392,6422528,3211264,0,0,1430016,1455104,1843968,62720,1480192,0.023683072,1.6054421768707483,compute,6.421768707482993,32000000000.0
word_32b_8x8,memory-schedule-1.0.0,analytical_schedule_upper_bound,resnet18,conv1,standard,log4,4,64,12544,147,118013952,8,8,32,32,4,1,1,500,64,8.0,65536,4608,1152,602112,3211264,3813376,False,2048,2048,512,4096,True,True,True,False,128450560,61014016,61014016,3211264,3211264,0,0,978432,978432,1843968,62720,1003520,0.01605632,1.08843537414966,compute,4.35374149659864,32000000000.0
word_32b_8x8,memory-schedule-1.0.0,analytical_schedule_upper_bound,resnet18,conv1,standard,nf4,4,64,12544,147,118013952,8,8,32,32,4,1,1,500,64,8.0,65536,5248,1312,602240,3211392,3813632,False,2304,2304,640,4096,True,True,True,False,128450752,61014016,61014016,3211264,3211264,8830976,0,1116416,1116416,1843968,62720,1003522,0.016056344,1.0884370010759405,compute,4.353748004303762,32000000000.0
word_32b_8x8,memory-schedule-1.0.0,analytical_schedule_upper_bound,resnet18,conv1,standard,binary_pm1,1,64,12544,147,118013952,8,8,32,32,4,1,1,500,64,8.0,65536,2176,544,150656,917632,1068288,False,768,768,640,4096,True,True,True,False,38535360,16056320,16056320,3211264,3211264,8830976,0,413952,413952,1843968,62720,301058,0.00481692,0.3265322391711787,compute,1.3061289566847147,32000000000.0
word_32b_8x8,memory-schedule-1.0.0,analytical_schedule_upper_bound,resnet18,conv1,standard,ternary,2,64,12544,147,118013952,8,8,32,32,4,1,1,500,64,8.0,65536,3200,800,301184,1605760,1906944,False,1280,1280,640,4096,True,True,True,False,70648000,32112640,32112640,3211264,3211264,8830976,0,664832,664832,1843968,62720,551938,0.008831,0.5986410827085936,compute,2.3945643308343745,32000000000.0
word_32b_8x8,memory-schedule-1.0.0,analytical_schedule_upper_bound,mobilenet_v2,features_1_conv_0_0,depthwise,int8,8,32,12544,9,3612672,8,8,32,32,4,1,1,500,64,8.0,65536,15232,3808,3211392,3211392,6422784,False,12544,1792,896,4096,True,True,True,False,48169152,4816896,38535168,3211264,1605632,1204224,0,370048,382592,56448,6272,376322,0.006021144,13.333386479591837,local_write,7.868883824021412,4721311475.409836
word_32b_8x8,memory-schedule-1.0.0,analytical_schedule_upper_bound,mobilenet_v2,features_1_conv_0_0,depthwise,int6,6,32,12544,9,3612672,8,8,32,32,4,1,1,500,64,8.0,65536,10624,2656,2408576,2408576,4817152,False,8448,1280,896,4096,True,True,True,False,33718464,3211264,25690112,3211264,1605632,1204224,0,257152,269696,56448,6272,263426,0.004214808,9.333386479591837,local_write,7.8139979829140955,6697674418.604651
word_32b_8x8,memory-schedule-1.0.0,analytical_schedule_upper_bound,mobilenet_v2,features_1_conv_0_0,depthwise,int5,5,32,12544,9,3612672,8,8,32,32,4,1,1,500,64,8.0,65536,10624,2656,2064512,2064512,4129024,False,8448,1280,896,4096,True,True,True,False,33718464,3211264,25690112,3211264,1605632,1204224,0,257152,269696,56448,6272,263426,0.004214808,9.333386479591837,local_write,7.8139979829140955,6697674418.604651
word_32b_8x8,memory-schedule-1.0.0,analytical_schedule_upper_bound,mobilenet_v2,features_1_conv_0_0,depthwise,int4,4,32,12544,9,3612672,8,8,32,32,4,1,1,500,64,8.0,65536,10368,2592,1605760,1605760,3211520,False,8448,1280,640,4096,True,True,True,False,32112832,3211264,25690112,1605632,1605632,1204224,0,257152,257152,56448,6272,250882,0.004014104,8.888942035147393,local_read,7.804924713787955,7024390243.902439
word_32b_8x8,memory-schedule-1.0.0,analytical_schedule_upper_bound,mobilenet_v2,features_1_conv_0_0,depthwise,q1_6,8,32,12544,9,3612672,8,8,32,32,4,1,1,500,64,8.0,65536,14592,3648,3211264,3211264,6422528,False,12288,1536,768,4096,True,True,True,False,48168960,4816896,38535168,3211264,1605632,0,0,351232,363776,56448,6272,376320,0.00602112,13.333333333333334,external,8.0,4800000000.0
word_32b_8x8,memory-schedule-1.0.0,analytical_schedule_upper_bound,mobilenet_v2,features_1_conv_0_0,depthwise,fp8_e4m3fn,8,32,12544,9,3612672,8,8,32,32,4,1,1,500,64,8.0,65536,14592,3648,3211264,3211264,6422528,False,12288,1536,768,4096,True,True,True,False,48168960,4816896,38535168,3211264,1605632,0,0,351232,363776,56448,6272,376320,0.00602112,13.333333333333334,external,8.0,4800000000.0
word_32b_8x8,memory-schedule-1.0.0,analytical_schedule_upper_bound,mobilenet_v2,features_1_conv_0_0,depthwise,fp8_e5m2,8,32,12544,9,3612672,8,8,32,32,4,1,1,500,64,8.0,65536,14592,3648,3211264,3211264,6422528,False,12288,1536,768,4096,True,True,True,False,48168960,4816896,38535168,3211264,1605632,0,0,351232,363776,56448,6272,376320,0.00602112,13.333333333333334,external,8.0,4800000000.0
word_32b_8x8,memory-schedule-1.0.0,analytical_schedule_upper_bound,mobilenet_v2,features_1_conv_0_0,depthwise,fp7_e3m3,7,32,12544,9,3612672,8,8,32,32,4,1,1,500,64,8.0,65536,9984,2496,2867200,2867200,5734400,False,8192,1024,768,4096,True,True,True,False,33718272,3211264,25690112,3211264,1605632,0,0,238336,250880,56448,6272,263424,0.004214784,9.333333333333334,external,8.0,6857142857.142858
word_32b_8x8,memory-schedule-1.0.0,analytical_schedule_upper_bound,mobilenet_v2,features_1_conv_0_0,depthwise,fp6_e3m2,6,32,12544,9,3612672,8,8,32,32,4,1,1,500,64,8.0,65536,9984,2496,2408448,2408448,4816896,False,8192,1024,768,4096,True,True,True,False,33718272,3211264,25690112,3211264,1605632,0,0,238336,250880,56448,6272,263424,0.004214784,9.333333333333334,external,8.0,6857142857.142858
word_32b_8x8,memory-schedule-1.0.0,analytical_schedule_upper_bound,mobilenet_v2,features_1_conv_0_0,depthwise,fp6_e2m3,6,32,12544,9,3612672,8,8,32,32,4,1,1,500,64,8.0,65536,9984,2496,2408448,2408448,4816896,False,8192,1024,768,4096,True,True,True,False,33718272,3211264,25690112,3211264,1605632,0,0,238336,250880,56448,6272,263424,0.004214784,9.333333333333334,external,8.0,6857142857.142858
word_32b_8x8,memory-schedule-1.0.0,analytical_schedule_upper_bound,mobilenet_v2,features_1_conv_0_0,depthwise,fp5_e2m2,5,32,12544,9,3612672,8,8,32,32,4,1,1,500,64,8.0,65536,9984,2496,2064384,2064384,4128768,False,8192,1024,768,4096,True,True,True,False,33718272,3211264,25690112,3211264,1605632,0,0,238336,250880,56448,6272,263424,0.004214784,9.333333333333334,external,8.0,6857142857.142858
word_32b_8x8,memory-schedule-1.0.0,analytical_schedule_upper_bound,mobilenet_v2,features_1_conv_0_0,depthwise,fp4_e2m1,4,32,12544,9,3612672,8,8,32,32,4,1,1,500,64,8.0,65536,9728,2432,1605632,1605632,3211264,False,8192,1024,512,4096,True,True,True,False,32112640,3211264,25690112,1605632,1605632,0,0,238336,238336,56448,6272,250880,0.00401408,8.88888888888889,external,8.0,7200000000.0
word_32b_8x8,memory-schedule-1.0.0,analytical_schedule_upper_bound,mobilenet_v2,features_1_conv_0_0,depthwise,bfp6,6,32,12544,9,3612672,8,8,32,32,4,1,1,500,64,8.0,65536,11392,2848,2523136,2523136,5046272,False,9216,1280,896,4096,True,True,True,False,37732352,3211264,25690112,3211264,1605632,4014080,0,275968,288512,56448,6272,294784,0.004716544,10.444444444444445,external,8.0,6127659574.468085
word_32b_8x8,memory-schedule-1.0.0,analytical_schedule_upper_bound,mobilenet_v2,features_1_conv_0_0,depthwise,mxfp8_e4m3,8,32,12544,9,3612672,8,8,32,32,4,1,1,500,64,8.0,65536,16000,4000,3325952,3325952,6651904,False,13312,1792,896,4096,True,True,True,False,52183040,4816896,38535168,3211264,1605632,4014080,0,388864,401408,56448,6272,407680,0.00652288,14.444444444444445,external,8.0,4430769230.769231
word_32b_8x8,memory-schedule-1.0.0,analytical_schedule_upper_bound,mobilenet_v2,features_1_conv_0_0,depthwise,mxfp6_e3m2,6,32,12544,9,3612672,8,8,32,32,4,1,1,500,64,8.0,65536,11392,2848,2523136,2523136,5046272,False,9216,1280,896,4096,True,True,True,False,37732352,3211264,25690112,3211264,1605632,4014080,0,275968,288512,56448,6272,294784,0.004716544,10.444444444444445,external,8.0,6127659574.468085
word_32b_8x8,memory-schedule-1.0.0,analytical_schedule_upper_bound,mobilenet_v2,features_1_conv_0_0,depthwise,mxfp4_e2m1,4,32,12544,9,3612672,8,8,32,32,4,1,1,500,64,8.0,65536,11136,2784,1720320,1720320,3440640,False,9216,1280,640,4096,True,True,True,False,36126720,3211264,25690112,1605632,1605632,4014080,0,275968,275968,56448,6272,282240,0.00451584,10.0,external,8.0,6400000000.0
word_32b_8x8,memory-schedule-1.0.0,analytical_schedule_upper_bound,mobilenet_v2,features_1_conv_0_0,depthwise,posit8_es1,8,32,12544,9,3612672,8,8,32,32,4,1,1,500,64,8.0,65536,14592,3648,3211264,3211264,6422528,False,12288,1536,768,4096,True,True,True,False,48168960,4816896,38535168,3211264,1605632,0,0,351232,363776,56448,6272,376320,0.00602112,13.333333333333334,external,8.0,4800000000.0
word_32b_8x8,memory-schedule-1.0.0,analytical_schedule_upper_bound,mobilenet_v2,features_1_conv_0_0,depthwise,posit6_es1,6,32,12544,9,3612672,8,8,32,32,4,1,1,500,64,8.0,65536,9984,2496,2408448,2408448,4816896,False,8192,1024,768,4096,True,True,True,False,33718272,3211264,25690112,3211264,1605632,0,0,238336,250880,56448,6272,263424,0.004214784,9.333333333333334,external,8.0,6857142857.142858
word_32b_8x8,memory-schedule-1.0.0,analytical_schedule_upper_bound,mobilenet_v2,features_1_conv_0_0,depthwise,posit4_es0,4,32,12544,9,3612672,8,8,32,32,4,1,1,500,64,8.0,65536,9728,2432,1605632,1605632,3211264,False,8192,1024,512,4096,True,True,True,False,32112640,3211264,25690112,1605632,1605632,0,0,238336,238336,56448,6272,250880,0.00401408,8.88888888888889,external,8.0,7200000000.0
word_32b_8x8,memory-schedule-1.0.0,analytical_schedule_upper_bound,mobilenet_v2,features_1_conv_0_0,depthwise,log8,8,32,12544,9,3612672,8,8,32,32,4,1,1,500,64,8.0,65536,14592,3648,3211264,3211264,6422528,False,12288,1536,768,4096,True,True,True,False,48168960,4816896,38535168,3211264,1605632,0,0,351232,363776,56448,6272,376320,0.00602112,13.333333333333334,external,8.0,4800000000.0
word_32b_8x8,memory-schedule-1.0.0,analytical_schedule_upper_bound,mobilenet_v2,features_1_conv_0_0,depthwise,log6,6,32,12544,9,3612672,8,8,32,32,4,1,1,500,64,8.0,65536,9984,2496,2408448,2408448,4816896,False,8192,1024,768,4096,True,True,True,False,33718272,3211264,25690112,3211264,1605632,0,0,238336,250880,56448,6272,263424,0.004214784,9.333333333333334,external,8.0,6857142857.142858
word_32b_8x8,memory-schedule-1.0.0,analytical_schedule_upper_bound,mobilenet_v2,features_1_conv_0_0,depthwise,log4,4,32,12544,9,3612672,8,8,32,32,4,1,1,500,64,8.0,65536,9728,2432,1605632,1605632,3211264,False,8192,1024,512,4096,True,True,True,False,32112640,3211264,25690112,1605632,1605632,0,0,238336,238336,56448,6272,250880,0.00401408,8.88888888888889,external,8.0,7200000000.0
word_32b_8x8,memory-schedule-1.0.0,analytical_schedule_upper_bound,mobilenet_v2,features_1_conv_0_0,depthwise,nf4,4,32,12544,9,3612672,8,8,32,32,4,1,1,500,64,8.0,65536,10368,2592,1605760,1605760,3211520,False,8448,1280,640,4096,True,True,True,False,32112832,3211264,25690112,1605632,1605632,1204224,0,257152,257152,56448,6272,250882,0.004014104,8.888942035147393,local_read,7.804924713787955,7024390243.902439
word_32b_8x8,memory-schedule-1.0.0,analytical_schedule_upper_bound,mobilenet_v2,features_1_conv_0_0,depthwise,binary_pm1,1,32,12544,9,3612672,8,8,32,32,4,1,1,500,64,8.0,65536,5760,1440,458880,458880,917760,False,4352,768,640,4096,True,True,True,False,17662144,1605632,12845056,1605632,1605632,1204224,0,144256,144256,56448,6272,137986,0.002207768,4.888942035147393,local_read,7.65225709849157,12521739130.434782
word_32b_8x8,memory-schedule-1.0.0,analytical_schedule_upper_bound,mobilenet_v2,features_1_conv_0_0,depthwise,ternary,2,32,12544,9,3612672,8,8,32,32,4,1,1,500,64,8.0,65536,5760,1440,802944,802944,1605888,False,4352,768,640,4096,True,True,True,False,17662144,1605632,12845056,1605632,1605632,1204224,0,144256,144256,56448,6272,137986,0.002207768,4.888942035147393,local_read,7.65225709849157,12521739130.434782
word_32b_8x8,memory-schedule-1.0.0,analytical_schedule_upper_bound,mobilenet_v2,features_1_conv_1,pointwise,int8,8,16,12544,32,6422528,8,8,32,32,4,1,1,500,64,8.0,65536,9600,2400,3211392,1605760,4817152,False,4352,4352,896,4096,True,True,True,False,15253696,6422528,6422528,1605632,802816,602112,0,116032,122304,100352,3136,119170,0.001906712,2.375029894770408,local_write,7.79496991104134,26256410256.410255
word_32b_8x8,memory-schedule-1.0.0,analytical_schedule_upper_bound,mobilenet_v2,features_1_conv_1,pointwise,int6,6,16,12544,32,6422528,8,8,32,32,4,1,1,500,64,8.0,65536,7552,1888,2408576,1204352,3612928,False,3328,3328,896,4096,True,True,True,False,12042432,4816896,4816896,1605632,802816,602112,0,90944,97216,100352,3136,94082,0.001505304,1.8750298947704083,compute,7.500119579081632,32000000000.0
word_32b_8x8,memory-schedule-1.0.0,analytical_schedule_upper_bound,mobilenet_v2,features_1_conv_1,pointwise,int5,5,16,12544,32,6422528,8,8,32,32,4,1,1,500,64,8.0,65536,6528,1632,2064512,1032320,3096832,False,2816,2816,896,4096,True,True,True,False,10436800,4014080,4014080,1605632,802816,602112,0,78400,84672,100352,3136,81538,0.0013046,1.6250298947704083,compute,6.500119579081632,32000000000.0
word_32b_8x8,memory-schedule-1.0.0,analytical_schedule_upper_bound,mobilenet_v2,features_1_conv_1,pointwise,int4,4,16,12544,32,6422528,8,8,32,32,4,1,1,500,64,8.0,65536,5248,1312,1605760,802944,2408704,False,2304,2304,640,4096,True,True,True,False,8028352,3211264,3211264,802816,802816,602112,0,65856,65856,100352,3136,62722,0.001003544,1.2500298947704083,compute,5.000119579081632,32000000000.0
word_32b_8x8,memory-schedule-1.0.0,analytical_schedule_upper_bound,mobilenet_v2,features_1_conv_1,pointwise,q1_6,8,16,12544,32,6422528,8,8,32,32,4,1,1,500,64,8.0,65536,8960,2240,3211264,1605632,4816896,False,4096,4096,768,4096,True,True,True,False,15253504,6422528,6422528,1605632,802816,0,0,106624,112896,100352,3136,119168,0.001906688,2.375,external,8.0,26947368421.05263
word_32b_8x8,memory-schedule-1.0.0,analytical_schedule_upper_bound,mobilenet_v2,features_1_conv_1,pointwise,fp8_e4m3fn,8,16,12544,32,6422528,8,8,32,32,4,1,1,500,64,8.0,65536,8960,2240,3211264,1605632,4816896,False,4096,4096,768,4096,True,True,True,False,15253504,6422528,6422528,1605632,802816,0,0,106624,112896,100352,3136,119168,0.001906688,2.375,external,8.0,26947368421.05263
word_32b_8x8,memory-schedule-1.0.0,analytical_schedule_upper_bound,mobilenet_v2,features_1_conv_1,pointwise,fp8_e5m2,8,16,12544,32,6422528,8,8,32,32,4,1,1,500,64,8.0,65536,8960,2240,3211264,1605632,4816896,False,4096,4096,768,4096,True,True,True,False,15253504,6422528,6422528,1605632,802816,0,0,106624,112896,100352,3136,119168,0.001906688,2.375,external,8.0,26947368421.05263
word_32b_8x8,memory-schedule-1.0.0,analytical_schedule_upper_bound,mobilenet_v2,features_1_conv_1,pointwise,fp7_e3m3,7,16,12544,32,6422528,8,8,32,32,4,1,1,500,64,8.0,65536,7936,1984,2867200,1433600,4300800,False,3584,3584,768,4096,True,True,True,False,13647872,5619712,5619712,1605632,802816,0,0,94080,100352,100352,3136,106624,0.001705984,2.125,external,8.0,30117647058.82353
word_32b_8x8,memory-schedule-1.0.0,analytical_schedule_upper_bound,mobilenet_v2,features_1_conv_1,pointwise,fp6_e3m2,6,16,12544,32,6422528,8,8,32,32,4,1,1,500,64,8.0,65536,6912,1728,2408448,1204224,3612672,False,3072,3072,768,4096,True,True,True,False,12042240,4816896,4816896,1605632,802816,0,0,81536,87808,100352,3136,94080,0.00150528,1.875,compute,7.5,32000000000.0
word_32b_8x8,memory-schedule-1.0.0,analytical_schedule_upper_bound,mobilenet_v2,features_1_conv_1,pointwise,fp6_e2m3,6,16,12544,32,6422528,8,8,32,32,4,1,1,500,64,8.0,65536,6912,1728,2408448,1204224,3612672,False,3072,3072,768,4096,True,True,True,False,12042240,4816896,4816896,1605632,802816,0,0,81536,87808,100352,3136,94080,0.00150528,1.875,compute,7.5,32000000000.0
word_32b_8x8,memory-schedule-1.0.0,analytical_schedule_upper_bound,mobilenet_v2,features_1_conv_1,pointwise,fp5_e2m2,5,16,12544,32,6422528,8,8,32,32,4,1,1,500,64,8.0,65536,5888,1472,2064384,1032192,3096576,False,2560,2560,768,4096,True,True,True,False,10436608,4014080,4014080,1605632,802816,0,0,68992,75264,100352,3136,81536,0.001304576,1.625,compute,6.5,32000000000.0
word_32b_8x8,memory-schedule-1.0.0,analytical_schedule_upper_bound,mobilenet_v2,features_1_conv_1,pointwise,fp4_e2m1,4,16,12544,32,6422528,8,8,32,32,4,1,1,500,64,8.0,65536,4608,1152,1605632,802816,2408448,False,2048,2048,512,4096,True,True,True,False,8028160,3211264,3211264,802816,802816,0,0,56448,56448,100352,3136,62720,0.00100352,1.25,compute,5.0,32000000000.0
word_32b_8x8,memory-schedule-1.0.0,analytical_schedule_upper_bound,mobilenet_v2,features_1_conv_1,pointwise,bfp6,6,16,12544,32,6422528,8,8,32,32,4,1,1,500,64,8.0,65536,7552,1888,2523136,1261568,3784704,False,3328,3328,896,4096,True,True,True,False,12644352,4816896,4816896,1605632,802816,602112,0,90944,97216,100352,3136,98784,0.001580544,1.96875,compute,7.875,32000000000.0
word_32b_8x8,memory-schedule-1.0.0,analytical_schedule_upper_bound,mobilenet_v2,features_1_conv_1,pointwise,mxfp8_e4m3,8,16,12544,32,6422528,8,8,32,32,4,1,1,500,64,8.0,65536,9600,2400,3325952,1662976,4988928,False,4352,4352,896,4096,True,True,True,False,15855616,6422528,6422528,1605632,802816,602112,0,116032,122304,100352,3136,123872,0.001981952,2.46875,external,8.0,25924050632.911392
word_32b_8x8,memory-schedule-1.0.0,analytical_schedule_upper_bound,mobilenet_v2,features_1_conv_1,pointwise,mxfp6_e3m2,6,16,12544,32,6422528,8,8,32,32,4,1,1,500,64,8.0,65536,7552,1888,2523136,1261568,3784704,False,3328,3328,896,4096,True,True,True,False,12644352,4816896,4816896,1605632,802816,602112,0,90944,97216,100352,3136,98784,0.001580544,1.96875,compute,7.875,32000000000.0
word_32b_8x8,memory-schedule-1.0.0,analytical_schedule_upper_bound,mobilenet_v2,features_1_conv_1,pointwise,mxfp4_e2m1,4,16,12544,32,6422528,8,8,32,32,4,1,1,500,64,8.0,65536,5248,1312,1720320,860160,2580480,False,2304,2304,640,4096,True,True,True,False,8630272,3211264,3211264,802816,802816,602112,0,65856,65856,100352,3136,67424,0.001078784,1.34375,compute,5.375,32000000000.0
word_32b_8x8,memory-schedule-1.0.0,analytical_schedule_upper_bound,mobilenet_v2,features_1_conv_1,pointwise,posit8_es1,8,16,12544,32,6422528,8,8,32,32,4,1,1,500,64,8.0,65536,8960,2240,3211264,1605632,4816896,False,4096,4096,768,4096,True,True,True,False,15253504,6422528,6422528,1605632,802816,0,0,106624,112896,100352,3136,119168,0.001906688,2.375,external,8.0,26947368421.05263
word_32b_8x8,memory-schedule-1.0.0,analytical_schedule_upper_bound,mobilenet_v2,features_1_conv_1,pointwise,posit6_es1,6,16,12544,32,6422528,8,8,32,32,4,1,1,500,64,8.0,65536,6912,1728,2408448,1204224,3612672,False,3072,3072,768,4096,True,True,True,False,12042240,4816896,4816896,1605632,802816,0,0,81536,87808,100352,3136,94080,0.00150528,1.875,compute,7.5,32000000000.0
word_32b_8x8,memory-schedule-1.0.0,analytical_schedule_upper_bound,mobilenet_v2,features_1_conv_1,pointwise,posit4_es0,4,16,12544,32,6422528,8,8,32,32,4,1,1,500,64,8.0,65536,4608,1152,1605632,802816,2408448,False,2048,2048,512,4096,True,True,True,False,8028160,3211264,3211264,802816,802816,0,0,56448,56448,100352,3136,62720,0.00100352,1.25,compute,5.0,32000000000.0
word_32b_8x8,memory-schedule-1.0.0,analytical_schedule_upper_bound,mobilenet_v2,features_1_conv_1,pointwise,log8,8,16,12544,32,6422528,8,8,32,32,4,1,1,500,64,8.0,65536,8960,2240,3211264,1605632,4816896,False,4096,4096,768,4096,True,True,True,False,15253504,6422528,6422528,1605632,802816,0,0,106624,112896,100352,3136,119168,0.001906688,2.375,external,8.0,26947368421.05263
word_32b_8x8,memory-schedule-1.0.0,analytical_schedule_upper_bound,mobilenet_v2,features_1_conv_1,pointwise,log6,6,16,12544,32,6422528,8,8,32,32,4,1,1,500,64,8.0,65536,6912,1728,2408448,1204224,3612672,False,3072,3072,768,4096,True,True,True,False,12042240,4816896,4816896,1605632,802816,0,0,81536,87808,100352,3136,94080,0.00150528,1.875,compute,7.5,32000000000.0
word_32b_8x8,memory-schedule-1.0.0,analytical_schedule_upper_bound,mobilenet_v2,features_1_conv_1,pointwise,log4,4,16,12544,32,6422528,8,8,32,32,4,1,1,500,64,8.0,65536,4608,1152,1605632,802816,2408448,False,2048,2048,512,4096,True,True,True,False,8028160,3211264,3211264,802816,802816,0,0,56448,56448,100352,3136,62720,0.00100352,1.25,compute,5.0,32000000000.0
word_32b_8x8,memory-schedule-1.0.0,analytical_schedule_upper_bound,mobilenet_v2,features_1_conv_1,pointwise,nf4,4,16,12544,32,6422528,8,8,32,32,4,1,1,500,64,8.0,65536,5248,1312,1605760,802944,2408704,False,2304,2304,640,4096,True,True,True,False,8028352,3211264,3211264,802816,802816,602112,0,65856,65856,100352,3136,62722,0.001003544,1.2500298947704083,compute,5.000119579081632,32000000000.0
word_32b_8x8,memory-schedule-1.0.0,analytical_schedule_upper_bound,mobilenet_v2,features_1_conv_1,pointwise,binary_pm1,1,16,12544,32,6422528,8,8,32,32,4,1,1,500,64,8.0,65536,2176,544,458880,229504,688384,False,768,768,640,4096,True,True,True,False,3211456,802816,802816,802816,802816,602112,0,28224,28224,100352,3136,25090,0.000401432,0.5000298947704082,compute,2.0001195790816326,32000000000.0
word_32b_8x8,memory-schedule-1.0.0,analytical_schedule_upper_bound,mobilenet_v2,features_1_conv_1,pointwise,ternary,2,16,12544,32,6422528,8,8,32,32,4,1,1,500,64,8.0,65536,3200,800,802944,401536,1204480,False,1280,1280,640,4096,True,True,True,False,4817088,1605632,1605632,802816,802816,602112,0,40768,40768,100352,3136,37634,0.000602136,0.7500298947704082,compute,3.0001195790816326,32000000000.0
word_32b_8x8,memory-schedule-1.0.0,analytical_schedule_upper_bound,mobilenet_v3_large,features_1_block_1_0,pointwise,int8,8,16,12544,16,3211264,8,8,32,32,4,1,1,500,64,8.0,65536,5504,1376,1605760,1605760,3211520,False,2304,2304,896,4096,True,True,True,False,8831168,3211264,3211264,1605632,802816,602112,0,65856,72128,50176,3136,68994,0.001103896,2.7500597895408165,local_write,7.652340283939663,22260869565.217392
word_32b_8x8,memory-schedule-1.0.0,analytical_schedule_upper_bound,mobilenet_v3_large,features_1_block_1_0,pointwise,int6,6,16,12544,16,3211264,8,8,32,32,4,1,1,500,64,8.0,65536,4480,1120,1204352,1204352,2408704,False,1792,1792,896,4096,True,True,True,False,7225536,2408448,2408448,1605632,802816,602112,0,53312,59584,50176,3136,56450,0.000903192,2.2500597895408165,local_write,7.579148764769066,26947368421.05263
word_32b_8x8,memory-schedule-1.0.0,analytical_schedule_upper_bound,mobilenet_v3_large,features_1_block_1_0,pointwise,int5,5,16,12544,16,3211264,8,8,32,32,4,1,1,500,64,8.0,65536,4480,1120,1032320,1032320,2064640,False,1792,1792,896,4096,True,True,True,False,7225536,2408448,2408448,1605632,802816,602112,0,53312,59584,50176,3136,56450,0.000903192,2.2500597895408165,local_write,7.579148764769066,26947368421.05263
word_32b_8x8,memory-schedule-1.0.0,analytical_schedule_upper_bound,mobilenet_v3_large,features_1_block_1_0,pointwise,int4,4,16,12544,16,3211264,8,8,32,32,4,1,1,500,64,8.0,65536,3200,800,802944,802944,1605888,False,1280,1280,640,4096,True,True,True,False,4817088,1605632,1605632,802816,802816,602112,0,40768,40768,50176,3136,37634,0.000602136,1.5000597895408163,compute,6.000239158163265,32000000000.0
word_32b_8x8,memory-schedule-1.0.0,analytical_schedule_upper_bound,mobilenet_v3_large,features_1_block_1_0,pointwise,q1_6,8,16,12544,16,3211264,8,8,32,32,4,1,1,500,64,8.0,65536,4864,1216,1605632,1605632,3211264,False,2048,2048,768,4096,True,True,True,False,8830976,3211264,3211264,1605632,802816,0,0,56448,62720,50176,3136,68992,0.001103872,2.75,external,8.0,23272727272.727272
word_32b_8x8,memory-schedule-1.0.0,analytical_schedule_upper_bound,mobilenet_v3_large,features_1_block_1_0,pointwise,fp8_e4m3fn,8,16,12544,16,3211264,8,8,32,32,4,1,1,500,64,8.0,65536,4864,1216,1605632,1605632,3211264,False,2048,2048,768,4096,True,True,True,False,8830976,3211264,3211264,1605632,802816,0,0,56448,62720,50176,3136,68992,0.001103872,2.75,external,8.0,23272727272.727272
word_32b_8x8,memory-schedule-1.0.0,analytical_schedule_upper_bound,mobilenet_v3_large,features_1_block_1_0,pointwise,fp8_e5m2,8,16,12544,16,3211264,8,8,32,32,4,1,1,500,64,8.0,65536,4864,1216,1605632,1605632,3211264,False,2048,2048,768,4096,True,True,True,False,8830976,3211264,3211264,1605632,802816,0,0,56448,62720,50176,3136,68992,0.001103872,2.75,external,8.0,23272727272.727272
word_32b_8x8,memory-schedule-1.0.0,analytical_schedule_upper_bound,mobilenet_v3_large,features_1_block_1_0,pointwise,fp7_e3m3,7,16,12544,16,3211264,8,8,32,32,4,1,1,500,64,8.0,65536,4864,1216,1433600,1433600,2867200,False,2048,2048,768,4096,True,True,True,False,8830976,3211264,3211264,1605632,802816,0,0,56448,62720,50176,3136,68992,0.001103872,2.75,external,8.0,23272727272.727272
word_32b_8x8,memory-schedule-1.0.0,analytical_schedule_upper_bound,mobilenet_v3_large,features_1_block_1_0,pointwise,fp6_e3m2,6,16,12544,16,3211264,8,8,32,32,4,1,1,500,64,8.0,65536,3840,960,1204224,1204224,2408448,False,1536,1536,768,4096,True,True,True,False,7225344,2408448,2408448,1605632,802816,0,0,43904,50176,50176,3136,56448,0.000903168,2.25,external,8.0,28444444444.444443
word_32b_8x8,memory-schedule-1.0.0,analytical_schedule_upper_bound,mobilenet_v3_large,features_1_block_1_0,pointwise,fp6_e2m3,6,16,12544,16,3211264,8,8,32,32,4,1,1,500,64,8.0,65536,3840,960,1204224,1204224,2408448,False,1536,1536,768,4096,True,True,True,False,7225344,2408448,2408448,1605632,802816,0,0,43904,50176,50176,3136,56448,0.000903168,2.25,external,8.0,28444444444.444443
word_32b_8x8,memory-schedule-1.0.0,analytical_schedule_upper_bound,mobilenet_v3_large,features_1_block_1_0,pointwise,fp5_e2m2,5,16,12544,16,3211264,8,8,32,32,4,1,1,500,64,8.0,65536,3840,960,1032192,1032192,2064384,False,1536,1536,768,4096,True,True,True,False,7225344,2408448,2408448,1605632,802816,0,0,43904,50176,50176,3136,56448,0.000903168,2.25,external,8.0,28444444444.444443
word_32b_8x8,memory-schedule-1.0.0,analytical_schedule_upper_bound,mobilenet_v3_large,features_1_block_1_0,pointwise,fp4_e2m1,4,16,12544,16,3211264,8,8,32,32,4,1,1,500,64,8.0,65536,2560,640,802816,802816,1605632,False,1024,1024,512,4096,True,True,True,False,4816896,1605632,1605632,802816,802816,0,0,31360,31360,50176,3136,37632,0.000602112,1.5,compute,6.0,32000000000.0
word_32b_8x8,memory-schedule-1.0.0,analytical_schedule_upper_bound,mobilenet_v3_large,features_1_block_1_0,pointwise,bfp6,6,16,12544,16,3211264,8,8,32,32,4,1,1,500,64,8.0,65536,4480,1120,1261568,1261568,2523136,False,1792,1792,896,4096,True,True,True,False,7827456,2408448,2408448,1605632,802816,602112,0,53312,59584,50176,3136,61152,0.000978432,2.4375,external,8.0,26256410256.410255
word_32b_8x8,memory-schedule-1.0.0,analytical_schedule_upper_bound,mobilenet_v3_large,features_1_block_1_0,pointwise,mxfp8_e4m3,8,16,12544,16,3211264,8,8,32,32,4,1,1,500,64,8.0,65536,5504,1376,1662976,1662976,3325952,False,2304,2304,896,4096,True,True,True,False,9433088,3211264,3211264,1605632,802816,602112,0,65856,72128,50176,3136,73696,0.001179136,2.9375,external,8.0,21787234042.553192
word_32b_8x8,memory-schedule-1.0.0,analytical_schedule_upper_bound,mobilenet_v3_large,features_1_block_1_0,pointwise,mxfp6_e3m2,6,16,12544,16,3211264,8,8,32,32,4,1,1,500,64,8.0,65536,4480,1120,1261568,1261568,2523136,False,1792,1792,896,4096,True,True,True,False,7827456,2408448,2408448,1605632,802816,602112,0,53312,59584,50176,3136,61152,0.000978432,2.4375,external,8.0,26256410256.410255
word_32b_8x8,memory-schedule-1.0.0,analytical_schedule_upper_bound,mobilenet_v3_large,features_1_block_1_0,pointwise,mxfp4_e2m1,4,16,12544,16,3211264,8,8,32,32,4,1,1,500,64,8.0,65536,3200,800,860160,860160,1720320,False,1280,1280,640,4096,True,True,True,False,5419008,1605632,1605632,802816,802816,602112,0,40768,40768,50176,3136,42336,0.000677376,1.6875,compute,6.75,32000000000.0
word_32b_8x8,memory-schedule-1.0.0,analytical_schedule_upper_bound,mobilenet_v3_large,features_1_block_1_0,pointwise,posit8_es1,8,16,12544,16,3211264,8,8,32,32,4,1,1,500,64,8.0,65536,4864,1216,1605632,1605632,3211264,False,2048,2048,768,4096,True,True,True,False,8830976,3211264,3211264,1605632,802816,0,0,56448,62720,50176,3136,68992,0.001103872,2.75,external,8.0,23272727272.727272
word_32b_8x8,memory-schedule-1.0.0,analytical_schedule_upper_bound,mobilenet_v3_large,features_1_block_1_0,pointwise,posit6_es1,6,16,12544,16,3211264,8,8,32,32,4,1,1,500,64,8.0,65536,3840,960,1204224,1204224,2408448,False,1536,1536,768,4096,True,True,True,False,7225344,2408448,2408448,1605632,802816,0,0,43904,50176,50176,3136,56448,0.000903168,2.25,external,8.0,28444444444.444443
word_32b_8x8,memory-schedule-1.0.0,analytical_schedule_upper_bound,mobilenet_v3_large,features_1_block_1_0,pointwise,posit4_es0,4,16,12544,16,3211264,8,8,32,32,4,1,1,500,64,8.0,65536,2560,640,802816,802816,1605632,False,1024,1024,512,4096,True,True,True,False,4816896,1605632,1605632,802816,802816,0,0,31360,31360,50176,3136,37632,0.000602112,1.5,compute,6.0,32000000000.0
word_32b_8x8,memory-schedule-1.0.0,analytical_schedule_upper_bound,mobilenet_v3_large,features_1_block_1_0,pointwise,log8,8,16,12544,16,3211264,8,8,32,32,4,1,1,500,64,8.0,65536,4864,1216,1605632,1605632,3211264,False,2048,2048,768,4096,True,True,True,False,8830976,3211264,3211264,1605632,802816,0,0,56448,62720,50176,3136,68992,0.001103872,2.75,external,8.0,23272727272.727272
word_32b_8x8,memory-schedule-1.0.0,analytical_schedule_upper_bound,mobilenet_v3_large,features_1_block_1_0,pointwise,log6,6,16,12544,16,3211264,8,8,32,32,4,1,1,500,64,8.0,65536,3840,960,1204224,1204224,2408448,False,1536,1536,768,4096,True,True,True,False,7225344,2408448,2408448,1605632,802816,0,0,43904,50176,50176,3136,56448,0.000903168,2.25,external,8.0,28444444444.444443
word_32b_8x8,memory-schedule-1.0.0,analytical_schedule_upper_bound,mobilenet_v3_large,features_1_block_1_0,pointwise,log4,4,16,12544,16,3211264,8,8,32,32,4,1,1,500,64,8.0,65536,2560,640,802816,802816,1605632,False,1024,1024,512,4096,True,True,True,False,4816896,1605632,1605632,802816,802816,0,0,31360,31360,50176,3136,37632,0.000602112,1.5,compute,6.0,32000000000.0
word_32b_8x8,memory-schedule-1.0.0,analytical_schedule_upper_bound,mobilenet_v3_large,features_1_block_1_0,pointwise,nf4,4,16,12544,16,3211264,8,8,32,32,4,1,1,500,64,8.0,65536,3200,800,802944,802944,1605888,False,1280,1280,640,4096,True,True,True,False,4817088,1605632,1605632,802816,802816,602112,0,40768,40768,50176,3136,37634,0.000602136,1.5000597895408163,compute,6.000239158163265,32000000000.0
word_32b_8x8,memory-schedule-1.0.0,analytical_schedule_upper_bound,mobilenet_v3_large,features_1_block_1_0,pointwise,binary_pm1,1,16,12544,16,3211264,8,8,32,32,4,1,1,500,64,8.0,65536,2176,544,229504,229504,459008,False,768,768,640,4096,True,True,True,False,3211456,802816,802816,802816,802816,602112,0,28224,28224,50176,3136,25090,0.000401432,1.0000597895408163,compute,4.000239158163265,32000000000.0
word_32b_8x8,memory-schedule-1.0.0,analytical_schedule_upper_bound,mobilenet_v3_large,features_1_block_1_0,pointwise,ternary,2,16,12544,16,3211264,8,8,32,32,4,1,1,500,64,8.0,65536,2176,544,401536,401536,803072,False,768,768,640,4096,True,True,True,False,3211456,802816,802816,802816,802816,602112,0,28224,28224,50176,3136,25090,0.000401432,1.0000597895408163,compute,4.000239158163265,32000000000.0
word_32b_8x8,memory-schedule-1.0.0,analytical_schedule_upper_bound,yolov8n,model_0_conv,standard,int8,8,16,102400,27,44236800,8,8,32,32,4,1,1,500,64,8.0,65536,8576,2144,9830528,13107328,22937856,False,3840,3840,896,4096,True,True,True,False,111411392,45875200,45875200,13107200,6553600,4915200,0,844800,896000,691200,25600,870402,0.013926424,2.5185228587962962,local_write,7.771441964285714,24685714285.714287
word_32b_8x8,memory-schedule-1.0.0,analytical_schedule_upper_bound,yolov8n,model_0_conv,standard,int6,6,16,102400,27,44236800,8,8,32,32,4,1,1,500,64,8.0,65536,7552,1888,7372928,9830528,17203456,False,3328,3328,896,4096,True,True,True,False,98304192,39321600,39321600,13107200,6553600,4915200,0,742400,793600,691200,25600,768002,0.012288024,2.2222265625,local_write,7.74195060483871,27870967741.935482
word_32b_8x8,memory-schedule-1.0.0,analytical_schedule_upper_bound,yolov8n,model_0_conv,standard,int5,5,16,102400,27,44236800,8,8,32,32,4,1,1,500,64,8.0,65536,6528,1632,6144128,8192128,14336256,False,2816,2816,896,4096,True,True,True,False,85196992,32768000,32768000,13107200,6553600,4915200,0,640000,691200,691200,25600,665602,0.010649624,1.9259302662037037,compute,7.703721064814815,32000000000.0
word_32b_8x8,memory-schedule-1.0.0,analytical_schedule_upper_bound,yolov8n,model_0_conv,standard,int4,4,16,102400,27,44236800,8,8,32,32,4,1,1,500,64,8.0,65536,5248,1312,4915328,6553728,11469056,False,2304,2304,640,4096,True,True,True,False,65536192,26214400,26214400,6553600,6553600,4915200,0,537600,537600,691200,25600,512002,0.008192024,1.4814858217592592,compute,5.925943287037037,32000000000.0
word_32b_8x8,memory-schedule-1.0.0,analytical_schedule_upper_bound,yolov8n,model_0_conv,standard,q1_6,8,16,102400,27,44236800,8,8,32,32,4,1,1,500,64,8.0,65536,7936,1984,9830400,13107200,22937600,False,3584,3584,768,4096,True,True,True,False,111411200,45875200,45875200,13107200,6553600,0,0,768000,819200,691200,25600,870400,0.0139264,2.5185185185185186,external,8.0,25411764705.882355
word_32b_8x8,memory-schedule-1.0.0,analytical_schedule_upper_bound,yolov8n,model_0_conv,standard,fp8_e4m3fn,8,16,102400,27,44236800,8,8,32,32,4,1,1,500,64,8.0,65536,7936,1984,9830400,13107200,22937600,False,3584,3584,768,4096,True,True,True,False,111411200,45875200,45875200,13107200,6553600,0,0,768000,819200,691200,25600,870400,0.0139264,2.5185185185185186,external,8.0,25411764705.882355
word_32b_8x8,memory-schedule-1.0.0,analytical_schedule_upper_bound,yolov8n,model_0_conv,standard,fp8_e5m2,8,16,102400,27,44236800,8,8,32,32,4,1,1,500,64,8.0,65536,7936,1984,9830400,13107200,22937600,False,3584,3584,768,4096,True,True,True,False,111411200,45875200,45875200,13107200,6553600,0,0,768000,819200,691200,25600,870400,0.0139264,2.5185185185185186,external,8.0,25411764705.882355
word_32b_8x8,memory-schedule-1.0.0,analytical_schedule_upper_bound,yolov8n,model_0_conv,standard,fp7_e3m3,7,16,102400,27,44236800,8,8,32,32,4,1,1,500,64,8.0,65536,6912,1728,8601600,11468800,20070400,False,3072,3072,768,4096,True,True,True,False,98304000,39321600,39321600,13107200,6553600,0,0,665600,716800,691200,25600,768000,0.012288,2.2222222222222223,external,8.0,28800000000.0
word_32b_8x8,memory-schedule-1.0.0,analytical_schedule_upper_bound,yolov8n,model_0_conv,standard,fp6_e3m2,6,16,102400,27,44236800,8,8,32,32,4,1,1,500,64,8.0,65536,6912,1728,7372800,9830400,17203200,False,3072,3072,768,4096,True,True,True,False,98304000,39321600,39321600,13107200,6553600,0,0,665600,716800,691200,25600,768000,0.012288,2.2222222222222223,external,8.0,28800000000.0
word_32b_8x8,memory-schedule-1.0.0,analytical_schedule_upper_bound,yolov8n,model_0_conv,standard,fp6_e2m3,6,16,102400,27,44236800,8,8,32,32,4,1,1,500,64,8.0,65536,6912,1728,7372800,9830400,17203200,False,3072,3072,768,4096,True,True,True,False,98304000,39321600,39321600,13107200,6553600,0,0,665600,716800,691200,25600,768000,0.012288,2.2222222222222223,external,8.0,28800000000.0
word_32b_8x8,memory-schedule-1.0.0,analytical_schedule_upper_bound,yolov8n,model_0_conv,standard,fp5_e2m2,5,16,102400,27,44236800,8,8,32,32,4,1,1,500,64,8.0,65536,5888,1472,6144000,8192000,14336000,False,2560,2560,768,4096,True,True,True,False,85196800,32768000,32768000,13107200,6553600,0,0,563200,614400,691200,25600,665600,0.0106496,1.9259259259259258,compute,7.703703703703704,32000000000.0
word_32b_8x8,memory-schedule-1.0.0,analytical_schedule_upper_bound,yolov8n,model_0_conv,standard,fp4_e2m1,4,16,102400,27,44236800,8,8,32,32,4,1,1,500,64,8.0,65536,4608,1152,4915200,6553600,11468800,False,2048,2048,512,4096,True,True,True,False,65536000,26214400,26214400,6553600,6553600,0,0,460800,460800,691200,25600,512000,0.008192,1.4814814814814814,compute,5.9259259259259265,32000000000.0
word_32b_8x8,memory-schedule-1.0.0,analytical_schedule_upper_bound,yolov8n,model_0_conv,standard,bfp6,6,16,102400,27,44236800,8,8,32,32,4,1,1,500,64,8.0,65536,7552,1888,7680000,10240000,17920000,False,3328,3328,896,4096,True,True,True,False,103219200,39321600,39321600,13107200,6553600,4915200,0,742400,793600,691200,25600,806400,0.0129024,2.3333333333333335,external,8.0,27428571428.57143
word_32b_8x8,memory-schedule-1.0.0,analytical_schedule_upper_bound,yolov8n,model_0_conv,standard,mxfp8_e4m3,8,16,102400,27,44236800,8,8,32,32,4,1,1,500,64,8.0,65536,8576,2144,10137600,13516800,23654400,False,3840,3840,896,4096,True,True,True,False,116326400,45875200,45875200,13107200,6553600,4915200,0,844800,896000,691200,25600,908800,0.0145408,2.6296296296296298,external,8.0,24338028169.014084
word_32b_8x8,memory-schedule-1.0.0,analytical_schedule_upper_bound,yolov8n,model_0_conv,standard,mxfp6_e3m2,6,16,102400,27,44236800,8,8,32,32,4,1,1,500,64,8.0,65536,7552,1888,7680000,10240000,17920000,False,3328,3328,896,4096,True,True,True,False,103219200,39321600,39321600,13107200,6553600,4915200,0,742400,793600,691200,25600,806400,0.0129024,2.3333333333333335,external,8.0,27428571428.57143
word_32b_8x8,memory-schedule-1.0.0,analytical_schedule_upper_bound,yolov8n,model_0_conv,standard,mxfp4_e2m1,4,16,102400,27,44236800,8,8,32,32,4,1,1,500,64,8.0,65536,5248,1312,5222400,6963200,12185600,False,2304,2304,640,4096,True,True,True,False,70451200,26214400,26214400,6553600,6553600,4915200,0,537600,537600,691200,25600,550400,0.0088064,1.5925925925925926,compute,6.37037037037037,32000000000.0
word_32b_8x8,memory-schedule-1.0.0,analytical_schedule_upper_bound,yolov8n,model_0_conv,standard,posit8_es1,8,16,102400,27,44236800,8,8,32,32,4,1,1,500,64,8.0,65536,7936,1984,9830400,13107200,22937600,False,3584,3584,768,4096,True,True,True,False,111411200,45875200,45875200,13107200,6553600,0,0,768000,819200,691200,25600,870400,0.0139264,2.5185185185185186,external,8.0,25411764705.882355
word_32b_8x8,memory-schedule-1.0.0,analytical_schedule_upper_bound,yolov8n,model_0_conv,standard,posit6_es1,6,16,102400,27,44236800,8,8,32,32,4,1,1,500,64,8.0,65536,6912,1728,7372800,9830400,17203200,False,3072,3072,768,4096,True,True,True,False,98304000,39321600,39321600,13107200,6553600,0,0,665600,716800,691200,25600,768000,0.012288,2.2222222222222223,external,8.0,28800000000.0
word_32b_8x8,memory-schedule-1.0.0,analytical_schedule_upper_bound,yolov8n,model_0_conv,standard,posit4_es0,4,16,102400,27,44236800,8,8,32,32,4,1,1,500,64,8.0,65536,4608,1152,4915200,6553600,11468800,False,2048,2048,512,4096,True,True,True,False,65536000,26214400,26214400,6553600,6553600,0,0,460800,460800,691200,25600,512000,0.008192,1.4814814814814814,compute,5.9259259259259265,32000000000.0
word_32b_8x8,memory-schedule-1.0.0,analytical_schedule_upper_bound,yolov8n,model_0_conv,standard,log8,8,16,102400,27,44236800,8,8,32,32,4,1,1,500,64,8.0,65536,7936,1984,9830400,13107200,22937600,False,3584,3584,768,4096,True,True,True,False,111411200,45875200,45875200,13107200,6553600,0,0,768000,819200,691200,25600,870400,0.0139264,2.5185185185185186,external,8.0,25411764705.882355
word_32b_8x8,memory-schedule-1.0.0,analytical_schedule_upper_bound,yolov8n,model_0_conv,standard,log6,6,16,102400,27,44236800,8,8,32,32,4,1,1,500,64,8.0,65536,6912,1728,7372800,9830400,17203200,False,3072,3072,768,4096,True,True,True,False,98304000,39321600,39321600,13107200,6553600,0,0,665600,716800,691200,25600,768000,0.012288,2.2222222222222223,external,8.0,28800000000.0
word_32b_8x8,memory-schedule-1.0.0,analytical_schedule_upper_bound,yolov8n,model_0_conv,standard,log4,4,16,102400,27,44236800,8,8,32,32,4,1,1,500,64,8.0,65536,4608,1152,4915200,6553600,11468800,False,2048,2048,512,4096,True,True,True,False,65536000,26214400,26214400,6553600,6553600,0,0,460800,460800,691200,25600,512000,0.008192,1.4814814814814814,compute,5.9259259259259265,32000000000.0
word_32b_8x8,memory-schedule-1.0.0,analytical_schedule_upper_bound,yolov8n,model_0_conv,standard,nf4,4,16,102400,27,44236800,8,8,32,32,4,1,1,500,64,8.0,65536,5248,1312,4915328,6553728,11469056,False,2304,2304,640,4096,True,True,True,False,65536192,26214400,26214400,6553600,6553600,4915200,0,537600,537600,691200,25600,512002,0.008192024,1.4814858217592592,compute,5.925943287037037,32000000000.0
word_32b_8x8,memory-schedule-1.0.0,analytical_schedule_upper_bound,yolov8n,model_0_conv,standard,binary_pm1,1,16,102400,27,44236800,8,8,32,32,4,1,1,500,64,8.0,65536,2176,544,1228928,1638528,2867456,False,768,768,640,4096,True,True,True,False,26214592,6553600,6553600,6553600,6553600,4915200,0,230400,230400,691200,25600,204802,0.003276824,0.5925969328703704,compute,2.3703877314814816,32000000000.0
word_32b_8x8,memory-schedule-1.0.0,analytical_schedule_upper_bound,yolov8n,model_0_conv,standard,ternary,2,16,102400,27,44236800,8,8,32,32,4,1,1,500,64,8.0,65536,3200,800,2457728,3276928,5734656,False,1280,1280,640,4096,True,True,True,False,39321792,13107200,13107200,6553600,6553600,4915200,0,332800,332800,691200,25600,307202,0.004915224,0.8888932291666667,compute,3.5555729166666663,32000000000.0
low_reuse_64b_1x1,memory-schedule-1.0.0,analytical_schedule_upper_bound,resnet18,conv1,standard,int8,8,64,12544,147,118013952,1,1,32,64,4,1,1,500,64,8.0,65536,2816,704,1204480,6422784,7627264,False,1024,1024,768,64,True,True,True,False,2055209152,976224256,976224256,51380224,51380224,565182464,0,17661952,17661952,4014080,4014080,16056322,0.256901144,17.41496761332084,local_read,7.272727952153873,3340909090.909091
low_reuse_64b_1x1,memory-schedule-1.0.0,analytical_schedule_upper_bound,resnet18,conv1,standard,int6,6,64,12544,147,118013952,1,1,32,64,4,1,1,500,64,8.0,65536,2816,704,903424,5046528,5949952,False,1024,1024,768,64,True,True,True,False,1541406912,719323136,719323136,51380224,51380224,565182464,0,17661952,17661952,4014080,4014080,12042242,0.192675864,13.0612261167222,local_read,5.4545461339720545,3340909090.909091
low_reuse_64b_1x1,memory-schedule-1.0.0,analytical_schedule_upper_bound,resnet18,conv1,standard,int5,5,64,12544,147,118013952,1,1,32,64,4,1,1,500,64,8.0,65536,2816,704,774400,4129024,4903424,False,1024,1024,768,64,True,True,True,False,1541406912,719323136,719323136,51380224,51380224,565182464,0,17661952,17661952,4014080,4014080,12042242,0.192675864,13.0612261167222,local_read,5.4545461339720545,3340909090.909091
low_reuse_64b_1x1,memory-schedule-1.0.0,analytical_schedule_upper_bound,resnet18,conv1,standard,int4,4,64,12544,147,118013952,1,1,32,64,4,1,1,500,64,8.0,65536,2816,704,602368,3211520,3813888,False,1024,1024,768,64,True,True,True,False,1130365120,513802240,513802240,51380224,51380224,565182464,0,17661952,17661952,4014080,4014080,8830978,0.14129564,9.578232919443288,local_read,4.0000006794266,3340909090.909091
low_reuse_64b_1x1,memory-schedule-1.0.0,analytical_schedule_upper_bound,resnet18,conv1,standard,q1_6,8,64,12544,147,118013952,1,1,32,64,4,1,1,500,64,8.0,65536,1536,384,1204224,6422528,7626752,False,512,512,512,64,True,True,True,False,2055208960,976224256,976224256,51380224,51380224,0,0,8830976,8830976,4014080,4014080,16056320,0.25690112,17.41496598639456,external,8.0,3675000000.0
low_reuse_64b_1x1,memory-schedule-1.0.0,analytical_schedule_upper_bound,resnet18,conv1,standard,fp8_e4m3fn,8,64,12544,147,118013952,1,1,32,64,4,1,1,500,64,8.0,65536,1536,384,1204224,6422528,7626752,False,512,512,512,64,True,True,True,False,2055208960,976224256,976224256,51380224,51380224,0,0,8830976,8830976,4014080,4014080,16056320,0.25690112,17.41496598639456,external,8.0,3675000000.0
low_reuse_64b_1x1,memory-schedule-1.0.0,analytical_schedule_upper_bound,resnet18,conv1,standard,fp8_e5m2,8,64,12544,147,118013952,1,1,32,64,4,1,1,500,64,8.0,65536,1536,384,1204224,6422528,7626752,False,512,512,512,64,True,True,True,False,2055208960,976224256,976224256,51380224,51380224,0,0,8830976,8830976,4014080,4014080,16056320,0.25690112,17.41496598639456,external,8.0,3675000000.0
low_reuse_64b_1x1,memory-schedule-1.0.0,analytical_schedule_upper_bound,resnet18,conv1,standard,fp7_e3m3,7,64,12544,147,118013952,1,1,32,64,4,1,1,500,64,8.0,65536,1536,384,1075200,5963776,7038976,False,512,512,512,64,True,True,True,False,2055208960,976224256,976224256,51380224,51380224,0,0,8830976,8830976,4014080,4014080,16056320,0.25690112,17.41496598639456,external,8.0,3675000000.0
low_reuse_64b_1x1,memory-schedule-1.0.0,analytical_schedule_upper_bound,resnet18,conv1,standard,fp6_e3m2,6,64,12544,147,118013952,1,1,32,64,4,1,1,500,64,8.0,65536,1536,384,903168,5046272,5949440,False,512,512,512,64,True,True,True,False,1541406720,719323136,719323136,51380224,51380224,0,0,8830976,8830976,4014080,4014080,12042240,0.19267584,13.061224489795919,external,8.0,4900000000.0
low_reuse_64b_1x1,memory-schedule-1.0.0,analytical_schedule_upper_bound,resnet18,conv1,standard,fp6_e2m3,6,64,12544,147,118013952,1,1,32,64,4,1,1,500,64,8.0,65536,1536,384,903168,5046272,5949440,False,512,512,512,64,True,True,True,False,1541406720,719323136,719323136,51380224,51380224,0,0,8830976,8830976,4014080,4014080,12042240,0.19267584,13.061224489795919,external,8.0,4900000000.0
low_reuse_64b_1x1,memory-schedule-1.0.0,analytical_schedule_upper_bound,resnet18,conv1,standard,fp5_e2m2,5,64,12544,147,118013952,1,1,32,64,4,1,1,500,64,8.0,65536,1536,384,774144,4128768,4902912,False,512,512,512,64,True,True,True,False,1541406720,719323136,719323136,51380224,51380224,0,0,8830976,8830976,4014080,4014080,12042240,0.19267584,13.061224489795919,external,8.0,4900000000.0
low_reuse_64b_1x1,memory-schedule-1.0.0,analytical_schedule_upper_bound,resnet18,conv1,standard,fp4_e2m1,4,64,12544,147,118013952,1,1,32,64,4,1,1,500,64,8.0,65536,1536,384,602112,3211264,3813376,False,512,512,512,64,True,True,True,False,1130364928,513802240,513802240,51380224,51380224,0,0,8830976,8830976,4014080,4014080,8830976,0.141295616,9.578231292517007,local_read,8.0,6681818181.818182
low_reuse_64b_1x1,memory-schedule-1.0.0,analytical_schedule_upper_bound,resnet18,conv1,standard,bfp6,6,64,12544,147,118013952,1,1,32,64,4,1,1,500,64,8.0,65536,2816,704,940800,5275648,6216448,False,1024,1024,768,64,True,True,True,False,2106589184,719323136,719323136,51380224,51380224,565182464,0,17661952,17661952,4014080,4014080,16457728,0.263323648,17.85034013605442,local_read,7.454545454545455,3340909090.909091
low_reuse_64b_1x1,memory-schedule-1.0.0,analytical_schedule_upper_bound,resnet18,conv1,standard,mxfp8_e4m3,8,64,12544,147,118013952,1,1,32,64,4,1,1,500,64,8.0,65536,2816,704,1241856,6651904,7893760,False,1024,1024,768,64,True,True,True,False,2620391424,976224256,976224256,51380224,51380224,565182464,0,17661952,17661952,4014080,4014080,20471808,0.327548928,22.20408163265306,external,8.0,2882352941.1764708
low_reuse_64b_1x1,memory-schedule-1.0.0,analytical_schedule_upper_bound,resnet18,conv1,standard,mxfp6_e3m2,6,64,12544,147,118013952,1,1,32,64,4,1,1,500,64,8.0,65536,2816,704,940800,5275648,6216448,False,1024,1024,768,64,True,True,True,False,2106589184,719323136,719323136,51380224,51380224,565182464,0,17661952,17661952,4014080,4014080,16457728,0.263323648,17.85034013605442,local_read,7.454545454545455,3340909090.909091
low_reuse_64b_1x1,memory-schedule-1.0.0,analytical_schedule_upper_bound,resnet18,conv1,standard,mxfp4_e2m1,4,64,12544,147,118013952,1,1,32,64,4,1,1,500,64,8.0,65536,2816,704,639744,3440640,4080384,False,1024,1024,768,64,True,True,True,False,1695547392,513802240,513802240,51380224,51380224,565182464,0,17661952,17661952,4014080,4014080,13246464,0.211943424,14.36734693877551,local_read,6.0,3340909090.909091
low_reuse_64b_1x1,memory-schedule-1.0.0,analytical_schedule_upper_bound,resnet18,conv1,standard,posit8_es1,8,64,12544,147,118013952,1,1,32,64,4,1,1,500,64,8.0,65536,1536,384,1204224,6422528,7626752,False,512,512,512,64,True,True,True,False,2055208960,976224256,976224256,51380224,51380224,0,0,8830976,8830976,4014080,4014080,16056320,0.25690112,17.41496598639456,external,8.0,3675000000.0
low_reuse_64b_1x1,memory-schedule-1.0.0,analytical_schedule_upper_bound,resnet18,conv1,standard,posit6_es1,6,64,12544,147,118013952,1,1,32,64,4,1,1,500,64,8.0,65536,1536,384,903168,5046272,5949440,False,512,512,512,64,True,True,True,False,1541406720,719323136,719323136,51380224,51380224,0,0,8830976,8830976,4014080,4014080,12042240,0.19267584,13.061224489795919,external,8.0,4900000000.0
low_reuse_64b_1x1,memory-schedule-1.0.0,analytical_schedule_upper_bound,resnet18,conv1,standard,posit4_es0,4,64,12544,147,118013952,1,1,32,64,4,1,1,500,64,8.0,65536,1536,384,602112,3211264,3813376,False,512,512,512,64,True,True,True,False,1130364928,513802240,513802240,51380224,51380224,0,0,8830976,8830976,4014080,4014080,8830976,0.141295616,9.578231292517007,local_read,8.0,6681818181.818182
low_reuse_64b_1x1,memory-schedule-1.0.0,analytical_schedule_upper_bound,resnet18,conv1,standard,log8,8,64,12544,147,118013952,1,1,32,64,4,1,1,500,64,8.0,65536,1536,384,1204224,6422528,7626752,False,512,512,512,64,True,True,True,False,2055208960,976224256,976224256,51380224,51380224,0,0,8830976,8830976,4014080,4014080,16056320,0.25690112,17.41496598639456,external,8.0,3675000000.0
low_reuse_64b_1x1,memory-schedule-1.0.0,analytical_schedule_upper_bound,resnet18,conv1,standard,log6,6,64,12544,147,118013952,1,1,32,64,4,1,1,500,64,8.0,65536,1536,384,903168,5046272,5949440,False,512,512,512,64,True,True,True,False,1541406720,719323136,719323136,51380224,51380224,0,0,8830976,8830976,4014080,4014080,12042240,0.19267584,13.061224489795919,external,8.0,4900000000.0
low_reuse_64b_1x1,memory-schedule-1.0.0,analytical_schedule_upper_bound,resnet18,conv1,standard,log4,4,64,12544,147,118013952,1,1,32,64,4,1,1,500,64,8.0,65536,1536,384,602112,3211264,3813376,False,512,512,512,64,True,True,True,False,1130364928,513802240,513802240,51380224,51380224,0,0,8830976,8830976,4014080,4014080,8830976,0.141295616,9.578231292517007,local_read,8.0,6681818181.818182
low_reuse_64b_1x1,memory-schedule-1.0.0,analytical_schedule_upper_bound,resnet18,conv1,standard,nf4,4,64,12544,147,118013952,1,1,32,64,4,1,1,500,64,8.0,65536,2816,704,602368,3211520,3813888,False,1024,1024,768,64,True,True,True,False,1130365120,513802240,513802240,51380224,51380224,565182464,0,17661952,17661952,4014080,4014080,8830978,0.14129564,9.578232919443288,local_read,4.0000006794266,3340909090.909091
low_reuse_64b_1x1,memory-schedule-1.0.0,analytical_schedule_upper_bound,resnet18,conv1,standard,binary_pm1,1,64,12544,147,118013952,1,1,32,64,4,1,1,500,64,8.0,65536,2816,704,172288,917760,1090048,False,1024,1024,768,64,True,True,True,False,616562880,256901120,256901120,51380224,51380224,565182464,0,17661952,17661952,4014080,4014080,4816898,0.07707036,5.224491422844648,local_read,2.181818861244782,3340909090.909091
low_reuse_64b_1x1,memory-schedule-1.0.0,analytical_schedule_upper_bound,resnet18,conv1,standard,ternary,2,64,12544,147,118013952,1,1,32,64,4,1,1,500,64,8.0,65536,2816,704,301312,1835264,2136576,False,1024,1024,768,64,True,True,True,False,616562880,256901120,256901120,51380224,51380224,565182464,0,17661952,17661952,4014080,4014080,4816898,0.07707036,5.224491422844648,local_read,2.181818861244782,3340909090.909091
low_reuse_64b_1x1,memory-schedule-1.0.0,analytical_schedule_upper_bound,mobilenet_v2,features_1_conv_0_0,depthwise,int8,8,32,12544,9,3612672,1,1,32,64,4,1,1,500,64,8.0,65536,2816,704,3211520,3211520,6423040,False,1024,1024,768,64,True,True,True,False,154140864,51380224,51380224,25690112,25690112,77070336,0,2408448,2408448,401408,401408,1204226,0.019267608,42.66671981292517,local_read,4.000004982461735,750000000.0
low_reuse_64b_1x1,memory-schedule-1.0.0,analytical_schedule_upper_bound,mobilenet_v2,features_1_conv_0_0,depthwise,int6,6,32,12544,9,3612672,1,1,32,64,4,1,1,500,64,8.0,65536,2816,704,2523392,2523392,5046784,False,1024,1024,768,64,True,True,True,False,102760640,25690112,25690112,25690112,25690112,77070336,0,2408448,2408448,401408,401408,802818,0.01284508,28.444497590702948,local_read,2.6666716491284013,750000000.0
low_reuse_64b_1x1,memory-schedule-1.0.0,analytical_schedule_upper_bound,mobilenet_v2,features_1_conv_0_0,depthwise,int5,5,32,12544,9,3612672,1,1,32,64,4,1,1,500,64,8.0,65536,2816,704,2064640,2064640,4129280,False,1024,1024,768,64,True,True,True,False,102760640,25690112,25690112,25690112,25690112,77070336,0,2408448,2408448,401408,401408,802818,0.01284508,28.444497590702948,local_read,2.6666716491284013,750000000.0
low_reuse_64b_1x1,memory-schedule-1.0.0,analytical_schedule_upper_bound,mobilenet_v2,features_1_conv_0_0,depthwise,int4,4,32,12544,9,3612672,1,1,32,64,4,1,1,500,64,8.0,65536,2816,704,1605888,1605888,3211776,False,1024,1024,768,64,True,True,True,False,102760640,25690112,25690112,25690112,25690112,77070336,0,2408448,2408448,401408,401408,802818,0.01284508,28.444497590702948,local_read,2.6666716491284013,750000000.0
low_reuse_64b_1x1,memory-schedule-1.0.0,analytical_schedule_upper_bound,mobilenet_v2,features_1_conv_0_0,depthwise,q1_6,8,32,12544,9,3612672,1,1,32,64,4,1,1,500,64,8.0,65536,1536,384,3211264,3211264,6422528,False,512,512,512,64,True,True,True,False,154140672,51380224,51380224,25690112,25690112,0,0,1204224,1204224,401408,401408,1204224,0.019267584,42.666666666666664,local_read,8.0,1500000000.0
low_reuse_64b_1x1,memory-schedule-1.0.0,analytical_schedule_upper_bound,mobilenet_v2,features_1_conv_0_0,depthwise,fp8_e4m3fn,8,32,12544,9,3612672,1,1,32,64,4,1,1,500,64,8.0,65536,1536,384,3211264,3211264,6422528,False,512,512,512,64,True,True,True,False,154140672,51380224,51380224,25690112,25690112,0,0,1204224,1204224,401408,401408,1204224,0.019267584,42.666666666666664,local_read,8.0,1500000000.0
low_reuse_64b_1x1,memory-schedule-1.0.0,analytical_schedule_upper_bound,mobilenet_v2,features_1_conv_0_0,depthwise,fp8_e5m2,8,32,12544,9,3612672,1,1,32,64,4,1,1,500,64,8.0,65536,1536,384,3211264,3211264,6422528,False,512,512,512,64,True,True,True,False,154140672,51380224,51380224,25690112,25690112,0,0,1204224,1204224,401408,401408,1204224,0.019267584,42.666666666666664,local_read,8.0,1500000000.0
low_reuse_64b_1x1,memory-schedule-1.0.0,analytical_schedule_upper_bound,mobilenet_v2,features_1_conv_0_0,depthwise,fp7_e3m3,7,32,12544,9,3612672,1,1,32,64,4,1,1,500,64,8.0,65536,1536,384,2981888,2981888,5963776,False,512,512,512,64,True,True,True,False,102760448,25690112,25690112,25690112,25690112,0,0,1204224,1204224,401408,401408,802816,0.012845056,28.444444444444443,local_read,5.333333333333333,1500000000.0
low_reuse_64b_1x1,memory-schedule-1.0.0,analytical_schedule_upper_bound,mobilenet_v2,features_1_conv_0_0,depthwise,fp6_e3m2,6,32,12544,9,3612672,1,1,32,64,4,1,1,500,64,8.0,65536,1536,384,2523136,2523136,5046272,False,512,512,512,64,True,True,True,False,102760448,25690112,25690112,25690112,25690112,0,0,1204224,1204224,401408,401408,802816,0.012845056,28.444444444444443,local_read,5.333333333333333,1500000000.0
low_reuse_64b_1x1,memory-schedule-1.0.0,analytical_schedule_upper_bound,mobilenet_v2,features_1_conv_0_0,depthwise,fp6_e2m3,6,32,12544,9,3612672,1,1,32,64,4,1,1,500,64,8.0,65536,1536,384,2523136,2523136,5046272,False,512,512,512,64,True,True,True,False,102760448,25690112,25690112,25690112,25690112,0,0,1204224,1204224,401408,401408,802816,0.012845056,28.444444444444443,local_read,5.333333333333333,1500000000.0
low_reuse_64b_1x1,memory-schedule-1.0.0,analytical_schedule_upper_bound,mobilenet_v2,features_1_conv_0_0,depthwise,fp5_e2m2,5,32,12544,9,3612672,1,1,32,64,4,1,1,500,64,8.0,65536,1536,384,2064384,2064384,4128768,False,512,512,512,64,True,True,True,False,102760448,25690112,25690112,25690112,25690112,0,0,1204224,1204224,401408,401408,802816,0.012845056,28.444444444444443,local_read,5.333333333333333,1500000000.0
low_reuse_64b_1x1,memory-schedule-1.0.0,analytical_schedule_upper_bound,mobilenet_v2,features_1_conv_0_0,depthwise,fp4_e2m1,4,32,12544,9,3612672,1,1,32,64,4,1,1,500,64,8.0,65536,1536,384,1605632,1605632,3211264,False,512,512,512,64,True,True,True,False,102760448,25690112,25690112,25690112,25690112,0,0,1204224,1204224,401408,401408,802816,0.012845056,28.444444444444443,local_read,5.333333333333333,1500000000.0
low_reuse_64b_1x1,memory-schedule-1.0.0,analytical_schedule_upper_bound,mobilenet_v2,features_1_conv_0_0,depthwise,bfp6,6,32,12544,9,3612672,1,1,32,64,4,1,1,500,64,8.0,65536,2816,704,2637824,2637824,5275648,False,1024,1024,768,64,True,True,True,False,179830784,25690112,25690112,25690112,25690112,77070336,0,2408448,2408448,401408,401408,1404928,0.022478848,49.77777777777778,local_read,4.666666666666667,750000000.0
low_reuse_64b_1x1,memory-schedule-1.0.0,analytical_schedule_upper_bound,mobilenet_v2,features_1_conv_0_0,depthwise,mxfp8_e4m3,8,32,12544,9,3612672,1,1,32,64,4,1,1,500,64,8.0,65536,2816,704,3325952,3325952,6651904,False,1024,1024,768,64,True,True,True,False,231211008,51380224,51380224,25690112,25690112,77070336,0,2408448,2408448,401408,401408,1806336,0.028901376,64.0,local_read,6.0,750000000.0
low_reuse_64b_1x1,memory-schedule-1.0.0,analytical_schedule_upper_bound,mobilenet_v2,features_1_conv_0_0,depthwise,mxfp6_e3m2,6,32,12544,9,3612672,1,1,32,64,4,1,1,500,64,8.0,65536,2816,704,2637824,2637824,5275648,False,1024,1024,768,64,True,True,True,False,179830784,25690112,25690112,25690112,25690112,77070336,0,2408448,2408448,401408,401408,1404928,0.022478848,49.77777777777778,local_read,4.666666666666667,750000000.0
low_reuse_64b_1x1,memory-schedule-1.0.0,analytical_schedule_upper_bound,mobilenet_v2,features_1_conv_0_0,depthwise,mxfp4_e2m1,4,32,12544,9,3612672,1,1,32,64,4,1,1,500,64,8.0,65536,2816,704,1720320,1720320,3440640,False,1024,1024,768,64,True,True,True,False,179830784,25690112,25690112,25690112,25690112,77070336,0,2408448,2408448,401408,401408,1404928,0.022478848,49.77777777777778,local_read,4.666666666666667,750000000.0
low_reuse_64b_1x1,memory-schedule-1.0.0,analytical_schedule_upper_bound,mobilenet_v2,features_1_conv_0_0,depthwise,posit8_es1,8,32,12544,9,3612672,1,1,32,64,4,1,1,500,64,8.0,65536,1536,384,3211264,3211264,6422528,False,512,512,512,64,True,True,True,False,154140672,51380224,51380224,25690112,25690112,0,0,1204224,1204224,401408,401408,1204224,0.019267584,42.666666666666664,local_read,8.0,1500000000.0
low_reuse_64b_1x1,memory-schedule-1.0.0,analytical_schedule_upper_bound,mobilenet_v2,features_1_conv_0_0,depthwise,posit6_es1,6,32,12544,9,3612672,1,1,32,64,4,1,1,500,64,8.0,65536,1536,384,2523136,2523136,5046272,False,512,512,512,64,True,True,True,False,102760448,25690112,25690112,25690112,25690112,0,0,1204224,1204224,401408,401408,802816,0.012845056,28.444444444444443,local_read,5.333333333333333,1500000000.0
low_reuse_64b_1x1,memory-schedule-1.0.0,analytical_schedule_upper_bound,mobilenet_v2,features_1_conv_0_0,depthwise,posit4_es0,4,32,12544,9,3612672,1,1,32,64,4,1,1,500,64,8.0,65536,1536,384,1605632,1605632,3211264,False,512,512,512,64,True,True,True,False,102760448,25690112,25690112,25690112,25690112,0,0,1204224,1204224,401408,401408,802816,0.012845056,28.444444444444443,local_read,5.333333333333333,1500000000.0
low_reuse_64b_1x1,memory-schedule-1.0.0,analytical_schedule_upper_bound,mobilenet_v2,features_1_conv_0_0,depthwise,log8,8,32,12544,9,3612672,1,1,32,64,4,1,1,500,64,8.0,65536,1536,384,3211264,3211264,6422528,False,512,512,512,64,True,True,True,False,154140672,51380224,51380224,25690112,25690112,0,0,1204224,1204224,401408,401408,1204224,0.019267584,42.666666666666664,local_read,8.0,1500000000.0
low_reuse_64b_1x1,memory-schedule-1.0.0,analytical_schedule_upper_bound,mobilenet_v2,features_1_conv_0_0,depthwise,log6,6,32,12544,9,3612672,1,1,32,64,4,1,1,500,64,8.0,65536,1536,384,2523136,2523136,5046272,False,512,512,512,64,True,True,True,False,102760448,25690112,25690112,25690112,25690112,0,0,1204224,1204224,401408,401408,802816,0.012845056,28.444444444444443,local_read,5.333333333333333,1500000000.0
low_reuse_64b_1x1,memory-schedule-1.0.0,analytical_schedule_upper_bound,mobilenet_v2,features_1_conv_0_0,depthwise,log4,4,32,12544,9,3612672,1,1,32,64,4,1,1,500,64,8.0,65536,1536,384,1605632,1605632,3211264,False,512,512,512,64,True,True,True,False,102760448,25690112,25690112,25690112,25690112,0,0,1204224,1204224,401408,401408,802816,0.012845056,28.444444444444443,local_read,5.333333333333333,1500000000.0
low_reuse_64b_1x1,memory-schedule-1.0.0,analytical_schedule_upper_bound,mobilenet_v2,features_1_conv_0_0,depthwise,nf4,4,32,12544,9,3612672,1,1,32,64,4,1,1,500,64,8.0,65536,2816,704,1605888,1605888,3211776,False,1024,1024,768,64,True,True,True,False,102760640,25690112,25690112,25690112,25690112,77070336,0,2408448,2408448,401408,401408,802818,0.01284508,28.444497590702948,local_read,2.6666716491284013,750000000.0
low_reuse_64b_1x1,memory-schedule-1.0.0,analytical_schedule_upper_bound,mobilenet_v2,features_1_conv_0_0,depthwise,binary_pm1,1,32,12544,9,3612672,1,1,32,64,4,1,1,500,64,8.0,65536,2816,704,459008,459008,918016,False,1024,1024,768,64,True,True,True,False,102760640,25690112,25690112,25690112,25690112,77070336,0,2408448,2408448,401408,401408,802818,0.01284508,28.444497590702948,local_read,2.6666716491284013,750000000.0
low_reuse_64b_1x1,memory-schedule-1.0.0,analytical_schedule_upper_bound,mobilenet_v2,features_1_conv_0_0,depthwise,ternary,2,32,12544,9,3612672,1,1,32,64,4,1,1,500,64,8.0,65536,2816,704,917760,917760,1835520,False,1024,1024,768,64,True,True,True,False,102760640,25690112,25690112,25690112,25690112,77070336,0,2408448,2408448,401408,401408,802818,0.01284508,28.444497590702948,local_read,2.6666716491284013,750000000.0
low_reuse_64b_1x1,memory-schedule-1.0.0,analytical_schedule_upper_bound,mobilenet_v2,features_1_conv_1,pointwise,int8,8,16,12544,32,6422528,1,1,32,64,4,1,1,500,64,8.0,65536,2816,704,3211520,1605888,4817408,False,1024,1024,768,64,True,True,True,False,128450752,51380224,51380224,12845056,12845056,38535168,0,1204224,1204224,200704,200704,1003522,0.016056344,20.000029894770407,local_read,6.6666766315901365,2666666666.6666665
low_reuse_64b_1x1,memory-schedule-1.0.0,analytical_schedule_upper_bound,mobilenet_v2,features_1_conv_1,pointwise,int6,6,16,12544,32,6422528,1,1,32,64,4,1,1,500,64,8.0,65536,2816,704,2523392,1261824,3785216,False,1024,1024,768,64,True,True,True,False,102760640,38535168,38535168,12845056,12845056,38535168,0,1204224,1204224,200704,200704,802818,0.01284508,16.000029894770407,local_read,5.3333432982568025,2666666666.6666665
low_reuse_64b_1x1,memory-schedule-1.0.0,analytical_schedule_upper_bound,mobilenet_v2,features_1_conv_1,pointwise,int5,5,16,12544,32,6422528,1,1,32,64,4,1,1,500,64,8.0,65536,2816,704,2064640,1032448,3097088,False,1024,1024,768,64,True,True,True,False,102760640,38535168,38535168,12845056,12845056,38535168,0,1204224,1204224,200704,200704,802818,0.01284508,16.000029894770407,local_read,5.3333432982568025,2666666666.6666665
low_reuse_64b_1x1,memory-schedule-1.0.0,analytical_schedule_upper_bound,mobilenet_v2,features_1_conv_1,pointwise,int4,4,16,12544,32,6422528,1,1,32,64,4,1,1,500,64,8.0,65536,2816,704,1605888,803072,2408960,False,1024,1024,768,64,True,True,True,False,77070528,25690112,25690112,12845056,12845056,38535168,0,1204224,1204224,200704,200704,602114,0.009633816,12.000029894770408,local_read,4.0000099649234695,2666666666.6666665
low_reuse_64b_1x1,memory-schedule-1.0.0,analytical_schedule_upper_bound,mobilenet_v2,features_1_conv_1,pointwise,q1_6,8,16,12544,32,6422528,1,1,32,64,4,1,1,500,64,8.0,65536,1536,384,3211264,1605632,4816896,False,512,512,512,64,True,True,True,False,128450560,51380224,51380224,12845056,12845056,0,0,602112,602112,200704,200704,1003520,0.01605632,20.0,external,8.0,3200000000.0
low_reuse_64b_1x1,memory-schedule-1.0.0,analytical_schedule_upper_bound,mobilenet_v2,features_1_conv_1,pointwise,fp8_e4m3fn,8,16,12544,32,6422528,1,1,32,64,4,1,1,500,64,8.0,65536,1536,384,3211264,1605632,4816896,False,512,512,512,64,True,True,True,False,128450560,51380224,51380224,12845056,12845056,0,0,602112,602112,200704,200704,1003520,0.01605632,20.0,external,8.0,3200000000.0
low_reuse_64b_1x1,memory-schedule-1.0.0,analytical_schedule_upper_bound,mobilenet_v2,features_1_conv_1,pointwise,fp8_e5m2,8,16,12544,32,6422528,1,1,32,64,4,1,1,500,64,8.0,65536,1536,384,3211264,1605632,4816896,False,512,512,512,64,True,True,True,False,128450560,51380224,51380224,12845056,12845056,0,0,602112,602112,200704,200704,1003520,0.01605632,20.0,external,8.0,3200000000.0
low_reuse_64b_1x1,memory-schedule-1.0.0,analytical_schedule_upper_bound,mobilenet_v2,features_1_conv_1,pointwise,fp7_e3m3,7,16,12544,32,6422528,1,1,32,64,4,1,1,500,64,8.0,65536,1536,384,2981888,1490944,4472832,False,512,512,512,64,True,True,True,False,128450560,51380224,51380224,12845056,12845056,0,0,602112,602112,200704,200704,1003520,0.01605632,20.0,external,8.0,3200000000.0
low_reuse_64b_1x1,memory-schedule-1.0.0,analytical_schedule_upper_bound,mobilenet_v2,features_1_conv_1,pointwise,fp6_e3m2,6,16,12544,32,6422528,1,1,32,64,4,1,1,500,64,8.0,65536,1536,384,2523136,1261568,3784704,False,512,512,512,64,True,True,True,False,102760448,38535168,38535168,12845056,12845056,0,0,602112,602112,200704,200704,802816,0.012845056,16.0,external,8.0,4000000000.0
low_reuse_64b_1x1,memory-schedule-1.0.0,analytical_schedule_upper_bound,mobilenet_v2,features_1_conv_1,pointwise,fp6_e2m3,6,16,12544,32,6422528,1,1,32,64,4,1,1,500,64,8.0,65536,1536,384,2523136,1261568,3784704,False,512,512,512,64,True,True,True,False,102760448,38535168,38535168,12845056,12845056,0,0,602112,602112,200704,200704,802816,0.012845056,16.0,external,8.0,4000000000.0
low_reuse_64b_1x1,memory-schedule-1.0.0,analytical_schedule_upper_bound,mobilenet_v2,features_1_conv_1,pointwise,fp5_e2m2,5,16,12544,32,6422528,1,1,32,64,4,1,1,500,64,8.0,65536,1536,384,2064384,1032192,3096576,False,512,512,512,64,True,True,True,False,102760448,38535168,38535168,12845056,12845056,0,0,602112,602112,200704,200704,802816,0.012845056,16.0,external,8.0,4000000000.0
low_reuse_64b_1x1,memory-schedule-1.0.0,analytical_schedule_upper_bound,mobilenet_v2,features_1_conv_1,pointwise,fp4_e2m1,4,16,12544,32,6422528,1,1,32,64,4,1,1,500,64,8.0,65536,1536,384,1605632,802816,2408448,False,512,512,512,64,True,True,True,False,77070336,25690112,25690112,12845056,12845056,0,0,602112,602112,200704,200704,602112,0.009633792,12.0,local_read,8.0,5333333333.333333
low_reuse_64b_1x1,memory-schedule-1.0.0,analytical_schedule_upper_bound,mobilenet_v2,features_1_conv_1,pointwise,bfp6,6,16,12544,32,6422528,1,1,32,64,4,1,1,500,64,8.0,65536,2816,704,2637824,1318912,3956736,False,1024,1024,768,64,True,True,True,False,141295616,38535168,38535168,12845056,12845056,38535168,0,1204224,1204224,200704,200704,1103872,0.017661952,22.0,local_read,7.333333333333333,2666666666.6666665
low_reuse_64b_1x1,memory-schedule-1.0.0,analytical_schedule_upper_bound,mobilenet_v2,features_1_conv_1,pointwise,mxfp8_e4m3,8,16,12544,32,6422528,1,1,32,64,4,1,1,500,64,8.0,65536,2816,704,3325952,1662976,4988928,False,1024,1024,768,64,True,True,True,False,166985728,51380224,51380224,12845056,12845056,38535168,0,1204224,1204224,200704,200704,1304576,0.020873216,26.0,external,8.0,2461538461.5384617
low_reuse_64b_1x1,memory-schedule-1.0.0,analytical_schedule_upper_bound,mobilenet_v2,features_1_conv_1,pointwise,mxfp6_e3m2,6,16,12544,32,6422528,1,1,32,64,4,1,1,500,64,8.0,65536,2816,704,2637824,1318912,3956736,False,1024,1024,768,64,True,True,True,False,141295616,38535168,38535168,12845056,12845056,38535168,0,1204224,1204224,200704,200704,1103872,0.017661952,22.0,local_read,7.333333333333333,2666666666.6666665
low_reuse_64b_1x1,memory-schedule-1.0.0,analytical_schedule_upper_bound,mobilenet_v2,features_1_conv_1,pointwise,mxfp4_e2m1,4,16,12544,32,6422528,1,1,32,64,4,1,1,500,64,8.0,65536,2816,704,1720320,860160,2580480,False,1024,1024,768,64,True,True,True,False,115605504,25690112,25690112,12845056,12845056,38535168,0,1204224,1204224,200704,200704,903168,0.014450688,18.0,local_read,6.0,2666666666.6666665
low_reuse_64b_1x1,memory-schedule-1.0.0,analytical_schedule_upper_bound,mobilenet_v2,features_1_conv_1,pointwise,posit8_es1,8,16,12544,32,6422528,1,1,32,64,4,1,1,500,64,8.0,65536,1536,384,3211264,1605632,4816896,False,512,512,512,64,True,True,True,False,128450560,51380224,51380224,12845056,12845056,0,0,602112,602112,200704,200704,1003520,0.01605632,20.0,external,8.0,3200000000.0
low_reuse_64b_1x1,memory-schedule-1.0.0,analytical_schedule_upper_bound,mobilenet_v2,features_1_conv_1,pointwise,posit6_es1,6,16,12544,32,6422528,1,1,32,64,4,1,1,500,64,8.0,65536,1536,384,2523136,1261568,3784704,False,512,512,512,64,True,True,True,False,102760448,38535168,38535168,12845056,12845056,0,0,602112,602112,200704,200704,802816,0.012845056,16.0,external,8.0,4000000000.0
low_reuse_64b_1x1,memory-schedule-1.0.0,analytical_schedule_upper_bound,mobilenet_v2,features_1_conv_1,pointwise,posit4_es0,4,16,12544,32,6422528,1,1,32,64,4,1,1,500,64,8.0,65536,1536,384,1605632,802816,2408448,False,512,512,512,64,True,True,True,False,77070336,25690112,25690112,12845056,12845056,0,0,602112,602112,200704,200704,602112,0.009633792,12.0,local_read,8.0,5333333333.333333
low_reuse_64b_1x1,memory-schedule-1.0.0,analytical_schedule_upper_bound,mobilenet_v2,features_1_conv_1,pointwise,log8,8,16,12544,32,6422528,1,1,32,64,4,1,1,500,64,8.0,65536,1536,384,3211264,1605632,4816896,False,512,512,512,64,True,True,True,False,128450560,51380224,51380224,12845056,12845056,0,0,602112,602112,200704,200704,1003520,0.01605632,20.0,external,8.0,3200000000.0
low_reuse_64b_1x1,memory-schedule-1.0.0,analytical_schedule_upper_bound,mobilenet_v2,features_1_conv_1,pointwise,log6,6,16,12544,32,6422528,1,1,32,64,4,1,1,500,64,8.0,65536,1536,384,2523136,1261568,3784704,False,512,512,512,64,True,True,True,False,102760448,38535168,38535168,12845056,12845056,0,0,602112,602112,200704,200704,802816,0.012845056,16.0,external,8.0,4000000000.0
low_reuse_64b_1x1,memory-schedule-1.0.0,analytical_schedule_upper_bound,mobilenet_v2,features_1_conv_1,pointwise,log4,4,16,12544,32,6422528,1,1,32,64,4,1,1,500,64,8.0,65536,1536,384,1605632,802816,2408448,False,512,512,512,64,True,True,True,False,77070336,25690112,25690112,12845056,12845056,0,0,602112,602112,200704,200704,602112,0.009633792,12.0,local_read,8.0,5333333333.333333
low_reuse_64b_1x1,memory-schedule-1.0.0,analytical_schedule_upper_bound,mobilenet_v2,features_1_conv_1,pointwise,nf4,4,16,12544,32,6422528,1,1,32,64,4,1,1,500,64,8.0,65536,2816,704,1605888,803072,2408960,False,1024,1024,768,64,True,True,True,False,77070528,25690112,25690112,12845056,12845056,38535168,0,1204224,1204224,200704,200704,602114,0.009633816,12.000029894770408,local_read,4.0000099649234695,2666666666.6666665
low_reuse_64b_1x1,memory-schedule-1.0.0,analytical_schedule_upper_bound,mobilenet_v2,features_1_conv_1,pointwise,binary_pm1,1,16,12544,32,6422528,1,1,32,64,4,1,1,500,64,8.0,65536,2816,704,459008,229632,688640,False,1024,1024,768,64,True,True,True,False,51380416,12845056,12845056,12845056,12845056,38535168,0,1204224,1204224,200704,200704,401410,0.006422552,8.000029894770408,local_read,2.666676631590136,2666666666.6666665
low_reuse_64b_1x1,memory-schedule-1.0.0,analytical_schedule_upper_bound,mobilenet_v2,features_1_conv_1,pointwise,ternary,2,16,12544,32,6422528,1,1,32,64,4,1,1,500,64,8.0,65536,2816,704,917760,459008,1376768,False,1024,1024,768,64,True,True,True,False,51380416,12845056,12845056,12845056,12845056,38535168,0,1204224,1204224,200704,200704,401410,0.006422552,8.000029894770408,local_read,2.666676631590136,2666666666.6666665
low_reuse_64b_1x1,memory-schedule-1.0.0,analytical_schedule_upper_bound,mobilenet_v3_large,features_1_block_1_0,pointwise,int8,8,16,12544,16,3211264,1,1,32,64,4,1,1,500,64,8.0,65536,2816,704,1605888,1605888,3211776,False,1024,1024,768,64,True,True,True,False,77070528,25690112,25690112,12845056,12845056,38535168,0,1204224,1204224,200704,200704,602114,0.009633816,24.000059789540817,local_read,4.0000099649234695,1333333333.3333333
low_reuse_64b_1x1,memory-schedule-1.0.0,analytical_schedule_upper_bound,mobilenet_v3_large,features_1_block_1_0,pointwise,int6,6,16,12544,16,3211264,1,1,32,64,4,1,1,500,64,8.0,65536,2816,704,1261824,1261824,2523648,False,1024,1024,768,64,True,True,True,False,77070528,25690112,25690112,12845056,12845056,38535168,0,1204224,1204224,200704,200704,602114,0.009633816,24.000059789540817,local_read,4.0000099649234695,1333333333.3333333
low_reuse_64b_1x1,memory-schedule-1.0.0,analytical_schedule_upper_bound,mobilenet_v3_large,features_1_block_1_0,pointwise,int5,5,16,12544,16,3211264,1,1,32,64,4,1,1,500,64,8.0,65536,2816,704,1032448,1032448,2064896,False,1024,1024,768,64,True,True,True,False,77070528,25690112,25690112,12845056,12845056,38535168,0,1204224,1204224,200704,200704,602114,0.009633816,24.000059789540817,local_read,4.0000099649234695,1333333333.3333333
low_reuse_64b_1x1,memory-schedule-1.0.0,analytical_schedule_upper_bound,mobilenet_v3_large,features_1_block_1_0,pointwise,int4,4,16,12544,16,3211264,1,1,32,64,4,1,1,500,64,8.0,65536,2816,704,803072,803072,1606144,False,1024,1024,768,64,True,True,True,False,51380416,12845056,12845056,12845056,12845056,38535168,0,1204224,1204224,200704,200704,401410,0.006422552,16.000059789540817,local_read,2.666676631590136,1333333333.3333333
low_reuse_64b_1x1,memory-schedule-1.0.0,analytical_schedule_upper_bound,mobilenet_v3_large,features_1_block_1_0,pointwise,q1_6,8,16,12544,16,3211264,1,1,32,64,4,1,1,500,64,8.0,65536,1536,384,1605632,1605632,3211264,False,512,512,512,64,True,True,True,False,77070336,25690112,25690112,12845056,12845056,0,0,602112,602112,200704,200704,602112,0.009633792,24.0,local_read,8.0,2666666666.6666665
low_reuse_64b_1x1,memory-schedule-1.0.0,analytical_schedule_upper_bound,mobilenet_v3_large,features_1_block_1_0,pointwise,fp8_e4m3fn,8,16,12544,16,3211264,1,1,32,64,4,1,1,500,64,8.0,65536,1536,384,1605632,1605632,3211264,False,512,512,512,64,True,True,True,False,77070336,25690112,25690112,12845056,12845056,0,0,602112,602112,200704,200704,602112,0.009633792,24.0,local_read,8.0,2666666666.6666665
low_reuse_64b_1x1,memory-schedule-1.0.0,analytical_schedule_upper_bound,mobilenet_v3_large,features_1_block_1_0,pointwise,fp8_e5m2,8,16,12544,16,3211264,1,1,32,64,4,1,1,500,64,8.0,65536,1536,384,1605632,1605632,3211264,False,512,512,512,64,True,True,True,False,77070336,25690112,25690112,12845056,12845056,0,0,602112,602112,200704,200704,602112,0.009633792,24.0,local_read,8.0,2666666666.6666665
low_reuse_64b_1x1,memory-schedule-1.0.0,analytical_schedule_upper_bound,mobilenet_v3_large,features_1_block_1_0,pointwise,fp7_e3m3,7,16,12544,16,3211264,1,1,32,64,4,1,1,500,64,8.0,65536,1536,384,1490944,1490944,2981888,False,512,512,512,64,True,True,True,False,77070336,25690112,25690112,12845056,12845056,0,0,602112,602112,200704,200704,602112,0.009633792,24.0,local_read,8.0,2666666666.6666665
low_reuse_64b_1x1,memory-schedule-1.0.0,analytical_schedule_upper_bound,mobilenet_v3_large,features_1_block_1_0,pointwise,fp6_e3m2,6,16,12544,16,3211264,1,1,32,64,4,1,1,500,64,8.0,65536,1536,384,1261568,1261568,2523136,False,512,512,512,64,True,True,True,False,77070336,25690112,25690112,12845056,12845056,0,0,602112,602112,200704,200704,602112,0.009633792,24.0,local_read,8.0,2666666666.6666665
low_reuse_64b_1x1,memory-schedule-1.0.0,analytical_schedule_upper_bound,mobilenet_v3_large,features_1_block_1_0,pointwise,fp6_e2m3,6,16,12544,16,3211264,1,1,32,64,4,1,1,500,64,8.0,65536,1536,384,1261568,1261568,2523136,False,512,512,512,64,True,True,True,False,77070336,25690112,25690112,12845056,12845056,0,0,602112,602112,200704,200704,602112,0.009633792,24.0,local_read,8.0,2666666666.6666665
low_reuse_64b_1x1,memory-schedule-1.0.0,analytical_schedule_upper_bound,mobilenet_v3_large,features_1_block_1_0,pointwise,fp5_e2m2,5,16,12544,16,3211264,1,1,32,64,4,1,1,500,64,8.0,65536,1536,384,1032192,1032192,2064384,False,512,512,512,64,True,True,True,False,77070336,25690112,25690112,12845056,12845056,0,0,602112,602112,200704,200704,602112,0.009633792,24.0,local_read,8.0,2666666666.6666665
low_reuse_64b_1x1,memory-schedule-1.0.0,analytical_schedule_upper_bound,mobilenet_v3_large,features_1_block_1_0,pointwise,fp4_e2m1,4,16,12544,16,3211264,1,1,32,64,4,1,1,500,64,8.0,65536,1536,384,802816,802816,1605632,False,512,512,512,64,True,True,True,False,51380224,12845056,12845056,12845056,12845056,0,0,602112,602112,200704,200704,401408,0.006422528,16.0,local_read,5.333333333333333,2666666666.6666665
low_reuse_64b_1x1,memory-schedule-1.0.0,analytical_schedule_upper_bound,mobilenet_v3_large,features_1_block_1_0,pointwise,bfp6,6,16,12544,16,3211264,1,1,32,64,4,1,1,500,64,8.0,65536,2816,704,1318912,1318912,2637824,False,1024,1024,768,64,True,True,True,False,115605504,25690112,25690112,12845056,12845056,38535168,0,1204224,1204224,200704,200704,903168,0.014450688,36.0,local_read,6.0,1333333333.3333333
low_reuse_64b_1x1,memory-schedule-1.0.0,analytical_schedule_upper_bound,mobilenet_v3_large,features_1_block_1_0,pointwise,mxfp8_e4m3,8,16,12544,16,3211264,1,1,32,64,4,1,1,500,64,8.0,65536,2816,704,1662976,1662976,3325952,False,1024,1024,768,64,True,True,True,False,115605504,25690112,25690112,12845056,12845056,38535168,0,1204224,1204224,200704,200704,903168,0.014450688,36.0,local_read,6.0,1333333333.3333333
low_reuse_64b_1x1,memory-schedule-1.0.0,analytical_schedule_upper_bound,mobilenet_v3_large,features_1_block_1_0,pointwise,mxfp6_e3m2,6,16,12544,16,3211264,1,1,32,64,4,1,1,500,64,8.0,65536,2816,704,1318912,1318912,2637824,False,1024,1024,768,64,True,True,True,False,115605504,25690112,25690112,12845056,12845056,38535168,0,1204224,1204224,200704,200704,903168,0.014450688,36.0,local_read,6.0,1333333333.3333333
low_reuse_64b_1x1,memory-schedule-1.0.0,analytical_schedule_upper_bound,mobilenet_v3_large,features_1_block_1_0,pointwise,mxfp4_e2m1,4,16,12544,16,3211264,1,1,32,64,4,1,1,500,64,8.0,65536,2816,704,860160,860160,1720320,False,1024,1024,768,64,True,True,True,False,89915392,12845056,12845056,12845056,12845056,38535168,0,1204224,1204224,200704,200704,702464,0.011239424,28.0,local_read,4.666666666666667,1333333333.3333333
low_reuse_64b_1x1,memory-schedule-1.0.0,analytical_schedule_upper_bound,mobilenet_v3_large,features_1_block_1_0,pointwise,posit8_es1,8,16,12544,16,3211264,1,1,32,64,4,1,1,500,64,8.0,65536,1536,384,1605632,1605632,3211264,False,512,512,512,64,True,True,True,False,77070336,25690112,25690112,12845056,12845056,0,0,602112,602112,200704,200704,602112,0.009633792,24.0,local_read,8.0,2666666666.6666665
low_reuse_64b_1x1,memory-schedule-1.0.0,analytical_schedule_upper_bound,mobilenet_v3_large,features_1_block_1_0,pointwise,posit6_es1,6,16,12544,16,3211264,1,1,32,64,4,1,1,500,64,8.0,65536,1536,384,1261568,1261568,2523136,False,512,512,512,64,True,True,True,False,77070336,25690112,25690112,12845056,12845056,0,0,602112,602112,200704,200704,602112,0.009633792,24.0,local_read,8.0,2666666666.6666665
low_reuse_64b_1x1,memory-schedule-1.0.0,analytical_schedule_upper_bound,mobilenet_v3_large,features_1_block_1_0,pointwise,posit4_es0,4,16,12544,16,3211264,1,1,32,64,4,1,1,500,64,8.0,65536,1536,384,802816,802816,1605632,False,512,512,512,64,True,True,True,False,51380224,12845056,12845056,12845056,12845056,0,0,602112,602112,200704,200704,401408,0.006422528,16.0,local_read,5.333333333333333,2666666666.6666665
low_reuse_64b_1x1,memory-schedule-1.0.0,analytical_schedule_upper_bound,mobilenet_v3_large,features_1_block_1_0,pointwise,log8,8,16,12544,16,3211264,1,1,32,64,4,1,1,500,64,8.0,65536,1536,384,1605632,1605632,3211264,False,512,512,512,64,True,True,True,False,77070336,25690112,25690112,12845056,12845056,0,0,602112,602112,200704,200704,602112,0.009633792,24.0,local_read,8.0,2666666666.6666665
low_reuse_64b_1x1,memory-schedule-1.0.0,analytical_schedule_upper_bound,mobilenet_v3_large,features_1_block_1_0,pointwise,log6,6,16,12544,16,3211264,1,1,32,64,4,1,1,500,64,8.0,65536,1536,384,1261568,1261568,2523136,False,512,512,512,64,True,True,True,False,77070336,25690112,25690112,12845056,12845056,0,0,602112,602112,200704,200704,602112,0.009633792,24.0,local_read,8.0,2666666666.6666665
low_reuse_64b_1x1,memory-schedule-1.0.0,analytical_schedule_upper_bound,mobilenet_v3_large,features_1_block_1_0,pointwise,log4,4,16,12544,16,3211264,1,1,32,64,4,1,1,500,64,8.0,65536,1536,384,802816,802816,1605632,False,512,512,512,64,True,True,True,False,51380224,12845056,12845056,12845056,12845056,0,0,602112,602112,200704,200704,401408,0.006422528,16.0,local_read,5.333333333333333,2666666666.6666665
low_reuse_64b_1x1,memory-schedule-1.0.0,analytical_schedule_upper_bound,mobilenet_v3_large,features_1_block_1_0,pointwise,nf4,4,16,12544,16,3211264,1,1,32,64,4,1,1,500,64,8.0,65536,2816,704,803072,803072,1606144,False,1024,1024,768,64,True,True,True,False,51380416,12845056,12845056,12845056,12845056,38535168,0,1204224,1204224,200704,200704,401410,0.006422552,16.000059789540817,local_read,2.666676631590136,1333333333.3333333
low_reuse_64b_1x1,memory-schedule-1.0.0,analytical_schedule_upper_bound,mobilenet_v3_large,features_1_block_1_0,pointwise,binary_pm1,1,16,12544,16,3211264,1,1,32,64,4,1,1,500,64,8.0,65536,2816,704,229632,229632,459264,False,1024,1024,768,64,True,True,True,False,51380416,12845056,12845056,12845056,12845056,38535168,0,1204224,1204224,200704,200704,401410,0.006422552,16.000059789540817,local_read,2.666676631590136,1333333333.3333333
low_reuse_64b_1x1,memory-schedule-1.0.0,analytical_schedule_upper_bound,mobilenet_v3_large,features_1_block_1_0,pointwise,ternary,2,16,12544,16,3211264,1,1,32,64,4,1,1,500,64,8.0,65536,2816,704,459008,459008,918016,False,1024,1024,768,64,True,True,True,False,51380416,12845056,12845056,12845056,12845056,38535168,0,1204224,1204224,200704,200704,401410,0.006422552,16.000059789540817,local_read,2.666676631590136,1333333333.3333333
low_reuse_64b_1x1,memory-schedule-1.0.0,analytical_schedule_upper_bound,yolov8n,model_0_conv,standard,int8,8,16,102400,27,44236800,1,1,32,64,4,1,1,500,64,8.0,65536,2816,704,9830656,13107456,22938112,False,1024,1024,768,64,True,True,True,False,1048576192,419430400,419430400,104857600,104857600,314572800,0,9830400,9830400,1638400,1638400,8192002,0.131072024,23.703708043981482,local_read,6.666667887369792,2250000000.0
low_reuse_64b_1x1,memory-schedule-1.0.0,analytical_schedule_upper_bound,yolov8n,model_0_conv,standard,int6,6,16,102400,27,44236800,1,1,32,64,4,1,1,500,64,8.0,65536,2816,704,7373056,9830656,17203712,False,1024,1024,768,64,True,True,True,False,838860992,314572800,314572800,104857600,104857600,314572800,0,9830400,9830400,1638400,1638400,6553602,0.104857624,18.96296730324074,local_read,5.333334554036458,2250000000.0
low_reuse_64b_1x1,memory-schedule-1.0.0,analytical_schedule_upper_bound,yolov8n,model_0_conv,standard,int5,5,16,102400,27,44236800,1,1,32,64,4,1,1,500,64,8.0,65536,2816,704,6144256,8192256,14336512,False,1024,1024,768,64,True,True,True,False,838860992,314572800,314572800,104857600,104857600,314572800,0,9830400,9830400,1638400,1638400,6553602,0.104857624,18.96296730324074,local_read,5.333334554036458,2250000000.0
low_reuse_64b_1x1,memory-schedule-1.0.0,analytical_schedule_upper_bound,yolov8n,model_0_conv,standard,int4,4,16,102400,27,44236800,1,1,32,64,4,1,1,500,64,8.0,65536,2816,704,4915456,6553856,11469312,False,1024,1024,768,64,True,True,True,False,629145792,209715200,209715200,104857600,104857600,314572800,0,9830400,9830400,1638400,1638400,4915202,0.078643224,14.2222265625,local_read,4.000001220703125,2250000000.0
low_reuse_64b_1x1,memory-schedule-1.0.0,analytical_schedule_upper_bound,yolov8n,model_0_conv,standard,q1_6,8,16,102400,27,44236800,1,1,32,64,4,1,1,500,64,8.0,65536,1536,384,9830400,13107200,22937600,False,512,512,512,64,True,True,True,False,1048576000,419430400,419430400,104857600,104857600,0,0,4915200,4915200,1638400,1638400,8192000,0.131072,23.703703703703702,external,8.0,2700000000.0
low_reuse_64b_1x1,memory-schedule-1.0.0,analytical_schedule_upper_bound,yolov8n,model_0_conv,standard,fp8_e4m3fn,8,16,102400,27,44236800,1,1,32,64,4,1,1,500,64,8.0,65536,1536,384,9830400,13107200,22937600,False,512,512,512,64,True,True,True,False,1048576000,419430400,419430400,104857600,104857600,0,0,4915200,4915200,1638400,1638400,8192000,0.131072,23.703703703703702,external,8.0,2700000000.0
low_reuse_64b_1x1,memory-schedule-1.0.0,analytical_schedule_upper_bound,yolov8n,model_0_conv,standard,fp8_e5m2,8,16,102400,27,44236800,1,1,32,64,4,1,1,500,64,8.0,65536,1536,384,9830400,13107200,22937600,False,512,512,512,64,True,True,True,False,1048576000,419430400,419430400,104857600,104857600,0,0,4915200,4915200,1638400,1638400,8192000,0.131072,23.703703703703702,external,8.0,2700000000.0
low_reuse_64b_1x1,memory-schedule-1.0.0,analytical_schedule_upper_bound,yolov8n,model_0_conv,standard,fp7_e3m3,7,16,102400,27,44236800,1,1,32,64,4,1,1,500,64,8.0,65536,1536,384,8601600,11468800,20070400,False,512,512,512,64,True,True,True,False,838860800,314572800,314572800,104857600,104857600,0,0,4915200,4915200,1638400,1638400,6553600,0.1048576,18.962962962962962,external,8.0,3375000000.0
low_reuse_64b_1x1,memory-schedule-1.0.0,analytical_schedule_upper_bound,yolov8n,model_0_conv,standard,fp6_e3m2,6,16,102400,27,44236800,1,1,32,64,4,1,1,500,64,8.0,65536,1536,384,7372800,9830400,17203200,False,512,512,512,64,True,True,True,False,838860800,314572800,314572800,104857600,104857600,0,0,4915200,4915200,1638400,1638400,6553600,0.1048576,18.962962962962962,external,8.0,3375000000.0
low_reuse_64b_1x1,memory-schedule-1.0.0,analytical_schedule_upper_bound,yolov8n,model_0_conv,standard,fp6_e2m3,6,16,102400,27,44236800,1,1,32,64,4,1,1,500,64,8.0,65536,1536,384,7372800,9830400,17203200,False,512,512,512,64,True,True,True,False,838860800,314572800,314572800,104857600,104857600,0,0,4915200,4915200,1638400,1638400,6553600,0.1048576,18.962962962962962,external,8.0,3375000000.0
low_reuse_64b_1x1,memory-schedule-1.0.0,analytical_schedule_upper_bound,yolov8n,model_0_conv,standard,fp5_e2m2,5,16,102400,27,44236800,1,1,32,64,4,1,1,500,64,8.0,65536,1536,384,6144000,8192000,14336000,False,512,512,512,64,True,True,True,False,838860800,314572800,314572800,104857600,104857600,0,0,4915200,4915200,1638400,1638400,6553600,0.1048576,18.962962962962962,external,8.0,3375000000.0
low_reuse_64b_1x1,memory-schedule-1.0.0,analytical_schedule_upper_bound,yolov8n,model_0_conv,standard,fp4_e2m1,4,16,102400,27,44236800,1,1,32,64,4,1,1,500,64,8.0,65536,1536,384,4915200,6553600,11468800,False,512,512,512,64,True,True,True,False,629145600,209715200,209715200,104857600,104857600,0,0,4915200,4915200,1638400,1638400,4915200,0.0786432,14.222222222222221,local_read,8.0,4500000000.0
low_reuse_64b_1x1,memory-schedule-1.0.0,analytical_schedule_upper_bound,yolov8n,model_0_conv,standard,bfp6,6,16,102400,27,44236800,1,1,32,64,4,1,1,500,64,8.0,65536,2816,704,7680000,10240000,17920000,False,1024,1024,768,64,True,True,True,False,1153433600,314572800,314572800,104857600,104857600,314572800,0,9830400,9830400,1638400,1638400,9011200,0.1441792,26.074074074074073,local_read,7.333333333333333,2250000000.0
low_reuse_64b_1x1,memory-schedule-1.0.0,analytical_schedule_upper_bound,yolov8n,model_0_conv,standard,mxfp8_e4m3,8,16,102400,27,44236800,1,1,32,64,4,1,1,500,64,8.0,65536,2816,704,10137600,13516800,23654400,False,1024,1024,768,64,True,True,True,False,1363148800,419430400,419430400,104857600,104857600,314572800,0,9830400,9830400,1638400,1638400,10649600,0.1703936,30.814814814814813,external,8.0,2076923076.9230769
low_reuse_64b_1x1,memory-schedule-1.0.0,analytical_schedule_upper_bound,yolov8n,model_0_conv,standard,mxfp6_e3m2,6,16,102400,27,44236800,1,1,32,64,4,1,1,500,64,8.0,65536,2816,704,7680000,10240000,17920000,False,1024,1024,768,64,True,True,True,False,1153433600,314572800,314572800,104857600,104857600,314572800,0,9830400,9830400,1638400,1638400,9011200,0.1441792,26.074074074074073,local_read,7.333333333333333,2250000000.0
low_reuse_64b_1x1,memory-schedule-1.0.0,analytical_schedule_upper_bound,yolov8n,model_0_conv,standard,mxfp4_e2m1,4,16,102400,27,44236800,1,1,32,64,4,1,1,500,64,8.0,65536,2816,704,5222400,6963200,12185600,False,1024,1024,768,64,True,True,True,False,943718400,209715200,209715200,104857600,104857600,314572800,0,9830400,9830400,1638400,1638400,7372800,0.1179648,21.333333333333332,local_read,6.0,2250000000.0
low_reuse_64b_1x1,memory-schedule-1.0.0,analytical_schedule_upper_bound,yolov8n,model_0_conv,standard,posit8_es1,8,16,102400,27,44236800,1,1,32,64,4,1,1,500,64,8.0,65536,1536,384,9830400,13107200,22937600,False,512,512,512,64,True,True,True,False,1048576000,419430400,419430400,104857600,104857600,0,0,4915200,4915200,1638400,1638400,8192000,0.131072,23.703703703703702,external,8.0,2700000000.0
low_reuse_64b_1x1,memory-schedule-1.0.0,analytical_schedule_upper_bound,yolov8n,model_0_conv,standard,posit6_es1,6,16,102400,27,44236800,1,1,32,64,4,1,1,500,64,8.0,65536,1536,384,7372800,9830400,17203200,False,512,512,512,64,True,True,True,False,838860800,314572800,314572800,104857600,104857600,0,0,4915200,4915200,1638400,1638400,6553600,0.1048576,18.962962962962962,external,8.0,3375000000.0
low_reuse_64b_1x1,memory-schedule-1.0.0,analytical_schedule_upper_bound,yolov8n,model_0_conv,standard,posit4_es0,4,16,102400,27,44236800,1,1,32,64,4,1,1,500,64,8.0,65536,1536,384,4915200,6553600,11468800,False,512,512,512,64,True,True,True,False,629145600,209715200,209715200,104857600,104857600,0,0,4915200,4915200,1638400,1638400,4915200,0.0786432,14.222222222222221,local_read,8.0,4500000000.0
low_reuse_64b_1x1,memory-schedule-1.0.0,analytical_schedule_upper_bound,yolov8n,model_0_conv,standard,log8,8,16,102400,27,44236800,1,1,32,64,4,1,1,500,64,8.0,65536,1536,384,9830400,13107200,22937600,False,512,512,512,64,True,True,True,False,1048576000,419430400,419430400,104857600,104857600,0,0,4915200,4915200,1638400,1638400,8192000,0.131072,23.703703703703702,external,8.0,2700000000.0
low_reuse_64b_1x1,memory-schedule-1.0.0,analytical_schedule_upper_bound,yolov8n,model_0_conv,standard,log6,6,16,102400,27,44236800,1,1,32,64,4,1,1,500,64,8.0,65536,1536,384,7372800,9830400,17203200,False,512,512,512,64,True,True,True,False,838860800,314572800,314572800,104857600,104857600,0,0,4915200,4915200,1638400,1638400,6553600,0.1048576,18.962962962962962,external,8.0,3375000000.0
low_reuse_64b_1x1,memory-schedule-1.0.0,analytical_schedule_upper_bound,yolov8n,model_0_conv,standard,log4,4,16,102400,27,44236800,1,1,32,64,4,1,1,500,64,8.0,65536,1536,384,4915200,6553600,11468800,False,512,512,512,64,True,True,True,False,629145600,209715200,209715200,104857600,104857600,0,0,4915200,4915200,1638400,1638400,4915200,0.0786432,14.222222222222221,local_read,8.0,4500000000.0
low_reuse_64b_1x1,memory-schedule-1.0.0,analytical_schedule_upper_bound,yolov8n,model_0_conv,standard,nf4,4,16,102400,27,44236800,1,1,32,64,4,1,1,500,64,8.0,65536,2816,704,4915456,6553856,11469312,False,1024,1024,768,64,True,True,True,False,629145792,209715200,209715200,104857600,104857600,314572800,0,9830400,9830400,1638400,1638400,4915202,0.078643224,14.2222265625,local_read,4.000001220703125,2250000000.0
low_reuse_64b_1x1,memory-schedule-1.0.0,analytical_schedule_upper_bound,yolov8n,model_0_conv,standard,binary_pm1,1,16,102400,27,44236800,1,1,32,64,4,1,1,500,64,8.0,65536,2816,704,1229056,1638656,2867712,False,1024,1024,768,64,True,True,True,False,419430592,104857600,104857600,104857600,104857600,314572800,0,9830400,9830400,1638400,1638400,3276802,0.052428824,9.481485821759259,local_read,2.6666678873697913,2250000000.0
low_reuse_64b_1x1,memory-schedule-1.0.0,analytical_schedule_upper_bound,yolov8n,model_0_conv,standard,ternary,2,16,102400,27,44236800,1,1,32,64,4,1,1,500,64,8.0,65536,2816,704,2457856,3277056,5734912,False,1024,1024,768,64,True,True,True,False,419430592,104857600,104857600,104857600,104857600,314572800,0,9830400,9830400,1638400,1638400,3276802,0.052428824,9.481485821759259,local_read,2.6666678873697913,2250000000.0
spill_64b_8x8,memory-schedule-1.0.0,analytical_schedule_upper_bound,resnet18,conv1,standard,int8,8,64,12544,147,118013952,8,8,32,64,4,1,1,500,64,8.0,65536,10240,2560,1204480,6422784,7627264,False,4608,4608,1024,4096,True,True,True,True,664731840,122028032,122028032,6422528,3211264,8830976,411041792,1906688,1919232,1843968,62720,5193218,0.08309148,5.632654688150771,external,7.999999229764667,11362314464.749987
spill_64b_8x8,memory-schedule-1.0.0,analytical_schedule_upper_bound,resnet18,conv1,standard,int6,6,64,12544,147,118013952,8,8,32,64,4,1,1,500,64,8.0,65536,8192,2048,903424,5046528,5949952,False,3584,3584,1024,4096,True,True,True,True,600506560,89915392,89915392,6422528,3211264,8830976,411041792,1655808,1668352,1843968,62720,4691458,0.07506332,5.088437001075941,external,7.999999147386591,12577534745.062197
spill_64b_8x8,memory-schedule-1.0.0,analytical_schedule_upper_bound,resnet18,conv1,standard,int5,5,64,12544,147,118013952,8,8,32,64,4,1,1,500,64,8.0,65536,8192,2048,774400,4129024,4903424,False,3584,3584,1024,4096,True,True,True,True,600506560,89915392,89915392,6422528,3211264,8830976,411041792,1655808,1668352,1843968,62720,4691458,0.07506332,5.088437001075941,external,7.999999147386591,12577534745.062197
spill_64b_8x8,memory-schedule-1.0.0,analytical_schedule_upper_bound,resnet18,conv1,standard,int4,4,64,12544,147,118013952,8,8,32,64,4,1,1,500,64,8.0,65536,6144,1536,602368,3211520,3813888,False,2560,2560,1024,4096,True,True,True,True,549126336,64225280,64225280,6422528,3211264,8830976,411041792,1455104,1467648,1843968,62720,4290050,0.068640792,4.653062851416077,external,7.999999067609934,13754379552.685865
spill_64b_8x8,memory-schedule-1.0.0,analytical_schedule_upper_bound,resnet18,conv1,standard,q1_6,8,64,12544,147,118013952,8,8,32,64,4,1,1,500,64,8.0,65536,8960,2240,1204224,6422528,7626752,False,4096,4096,768,4096,True,True,True,True,664731648,122028032,122028032,6422528,3211264,0,411041792,1768704,1781248,1843968,62720,5193216,0.083091456,5.63265306122449,external,8.0,11362318840.57971
spill_64b_8x8,memory-schedule-1.0.0,analytical_schedule_upper_bound,resnet18,conv1,standard,fp8_e4m3fn,8,64,12544,147,118013952,8,8,32,64,4,1,1,500,64,8.0,65536,8960,2240,1204224,6422528,7626752,False,4096,4096,768,4096,True,True,True,True,664731648,122028032,122028032,6422528,3211264,0,411041792,1768704,1781248,1843968,62720,5193216,0.083091456,5.63265306122449,external,8.0,11362318840.57971
spill_64b_8x8,memory-schedule-1.0.0,analytical_schedule_upper_bound,resnet18,conv1,standard,fp8_e5m2,8,64,12544,147,118013952,8,8,32,64,4,1,1,500,64,8.0,65536,8960,2240,1204224,6422528,7626752,False,4096,4096,768,4096,True,True,True,True,664731648,122028032,122028032,6422528,3211264,0,411041792,1768704,1781248,1843968,62720,5193216,0.083091456,5.63265306122449,external,8.0,11362318840.57971
spill_64b_8x8,memory-schedule-1.0.0,analytical_schedule_upper_bound,resnet18,conv1,standard,fp7_e3m3,7,64,12544,147,118013952,8,8,32,64,4,1,1,500,64,8.0,65536,8960,2240,1075200,5963776,7038976,False,4096,4096,768,4096,True,True,True,True,664731648,122028032,122028032,6422528,3211264,0,411041792,1768704,1781248,1843968,62720,5193216,0.083091456,5.63265306122449,external,8.0,11362318840.57971
spill_64b_8x8,memory-schedule-1.0.0,analytical_schedule_upper_bound,resnet18,conv1,standard,fp6_e3m2,6,64,12544,147,118013952,8,8,32,64,4,1,1,500,64,8.0,65536,6912,1728,903168,5046272,5949440,False,3072,3072,768,4096,True,True,True,True,600506368,89915392,89915392,6422528,3211264,0,411041792,1517824,1530368,1843968,62720,4691456,0.075063296,5.08843537414966,external,8.0,12577540106.951872
spill_64b_8x8,memory-schedule-1.0.0,analytical_schedule_upper_bound,resnet18,conv1,standard,fp6_e2m3,6,64,12544,147,118013952,8,8,32,64,4,1,1,500,64,8.0,65536,6912,1728,903168,5046272,5949440,False,3072,3072,768,4096,True,True,True,True,600506368,89915392,89915392,6422528,3211264,0,411041792,1517824,1530368,1843968,62720,4691456,0.075063296,5.08843537414966,external,8.0,12577540106.951872
spill_64b_8x8,memory-schedule-1.0.0,analytical_schedule_upper_bound,resnet18,conv1,standard,fp5_e2m2,5,64,12544,147,118013952,8,8,32,64,4,1,1,500,64,8.0,65536,6912,1728,774144,4128768,4902912,False,3072,3072,768,4096,True,True,True,True,600506368,89915392,89915392,6422528,3211264,0,411041792,1517824,1530368,1843968,62720,4691456,0.075063296,5.08843537414966,external,8.0,12577540106.951872
spill_64b_8x8,memory-schedule-1.0.0,analytical_schedule_upper_bound,resnet18,conv1,standard,fp4_e2m1,4,64,12544,147,118013952,8,8,32,64,4,1,1,500,64,8.0,65536,4864,1216,602112,3211264,3813376,False,2048,2048,768,4096,True,True,True,True,549126144,64225280,64225280,6422528,3211264,0,411041792,1317120,1329664,1843968,62720,4290048,0.068640768,4.653061224489796,external,8.0,13754385964.912281
spill_64b_8x8,memory-schedule-1.0.0,analytical_schedule_upper_bound,resnet18,conv1,standard,bfp6,6,64,12544,147,118013952,8,8,32,64,4,1,1,500,64,8.0,65536,8192,2048,940800,5275648,6216448,False,3584,3584,1024,4096,True,True,True,True,609337344,89915392,89915392,6422528,3211264,8830976,411041792,1655808,1668352,1843968,62720,4760448,0.076167168,5.163265306122449,external,8.0,12395256916.996048
spill_64b_8x8,memory-schedule-1.0.0,analytical_schedule_upper_bound,resnet18,conv1,standard,mxfp8_e4m3,8,64,12544,147,118013952,8,8,32,64,4,1,1,500,64,8.0,65536,10240,2560,1241856,6651904,7893760,False,4608,4608,1024,4096,True,True,True,True,673562624,122028032,122028032,6422528,3211264,8830976,411041792,1906688,1919232,1843968,62720,5262208,0.084195328,5.707482993197279,external,8.0,11213349225.268177
spill_64b_8x8,memory-schedule-1.0.0,analytical_schedule_upper_bound,resnet18,conv1,standard,mxfp6_e3m2,6,64,12544,147,118013952,8,8,32,64,4,1,1,500,64,8.0,65536,8192,2048,940800,5275648,6216448,False,3584,3584,1024,4096,True,True,True,True,609337344,89915392,89915392,6422528,3211264,8830976,411041792,1655808,1668352,1843968,62720,4760448,0.076167168,5.163265306122449,external,8.0,12395256916.996048
spill_64b_8x8,memory-schedule-1.0.0,analytical_schedule_upper_bound,resnet18,conv1,standard,mxfp4_e2m1,4,64,12544,147,118013952,8,8,32,64,4,1,1,500,64,8.0,65536,6144,1536,639744,3440640,4080384,False,2560,2560,1024,4096,True,True,True,True,557957120,64225280,64225280,6422528,3211264,8830976,411041792,1455104,1467648,1843968,62720,4359040,0.06974464,4.727891156462585,external,8.0,13536690647.482014
spill_64b_8x8,memory-schedule-1.0.0,analytical_schedule_upper_bound,resnet18,conv1,standard,posit8_es1,8,64,12544,147,118013952,8,8,32,64,4,1,1,500,64,8.0,65536,8960,2240,1204224,6422528,7626752,False,4096,4096,768,4096,True,True,True,True,664731648,122028032,122028032,6422528,3211264,0,411041792,1768704,1781248,1843968,62720,5193216,0.083091456,5.63265306122449,external,8.0,11362318840.57971
spill_64b_8x8,memory-schedule-1.0.0,analytical_schedule_upper_bound,resnet18,conv1,standard,posit6_es1,6,64,12544,147,118013952,8,8,32,64,4,1,1,500,64,8.0,65536,6912,1728,903168,5046272,5949440,False,3072,3072,768,4096,True,True,True,True,600506368,89915392,89915392,6422528,3211264,0,411041792,1517824,1530368,1843968,62720,4691456,0.075063296,5.08843537414966,external,8.0,12577540106.951872
spill_64b_8x8,memory-schedule-1.0.0,analytical_schedule_upper_bound,resnet18,conv1,standard,posit4_es0,4,64,12544,147,118013952,8,8,32,64,4,1,1,500,64,8.0,65536,4864,1216,602112,3211264,3813376,False,2048,2048,768,4096,True,True,True,True,549126144,64225280,64225280,6422528,3211264,0,411041792,1317120,1329664,1843968,62720,4290048,0.068640768,4.653061224489796,external,8.0,13754385964.912281
spill_64b_8x8,memory-schedule-1.0.0,analytical_schedule_upper_bound,resnet18,conv1,standard,log8,8,64,12544,147,118013952,8,8,32,64,4,1,1,500,64,8.0,65536,8960,2240,1204224,6422528,7626752,False,4096,4096,768,4096,True,True,True,True,664731648,122028032,122028032,6422528,3211264,0,411041792,1768704,1781248,1843968,62720,5193216,0.083091456,5.63265306122449,external,8.0,11362318840.57971
spill_64b_8x8,memory-schedule-1.0.0,analytical_schedule_upper_bound,resnet18,conv1,standard,log6,6,64,12544,147,118013952,8,8,32,64,4,1,1,500,64,8.0,65536,6912,1728,903168,5046272,5949440,False,3072,3072,768,4096,True,True,True,True,600506368,89915392,89915392,6422528,3211264,0,411041792,1517824,1530368,1843968,62720,4691456,0.075063296,5.08843537414966,external,8.0,12577540106.951872
spill_64b_8x8,memory-schedule-1.0.0,analytical_schedule_upper_bound,resnet18,conv1,standard,log4,4,64,12544,147,118013952,8,8,32,64,4,1,1,500,64,8.0,65536,4864,1216,602112,3211264,3813376,False,2048,2048,768,4096,True,True,True,True,549126144,64225280,64225280,6422528,3211264,0,411041792,1317120,1329664,1843968,62720,4290048,0.068640768,4.653061224489796,external,8.0,13754385964.912281
spill_64b_8x8,memory-schedule-1.0.0,analytical_schedule_upper_bound,resnet18,conv1,standard,nf4,4,64,12544,147,118013952,8,8,32,64,4,1,1,500,64,8.0,65536,6144,1536,602368,3211520,3813888,False,2560,2560,1024,4096,True,True,True,True,549126336,64225280,64225280,6422528,3211264,8830976,411041792,1455104,1467648,1843968,62720,4290050,0.068640792,4.653062851416077,external,7.999999067609934,13754379552.685865
spill_64b_8x8,memory-schedule-1.0.0,analytical_schedule_upper_bound,resnet18,conv1,standard,binary_pm1,1,64,12544,147,118013952,8,8,32,64,4,1,1,500,64,8.0,65536,4096,1024,172288,917760,1090048,False,1536,1536,1024,4096,True,True,True,True,484901056,32112640,32112640,6422528,3211264,8830976,411041792,1204224,1216768,1843968,62720,3788290,0.060612632,4.108845164341247,external,7.999998944114627,15576150717.078154
spill_64b_8x8,memory-schedule-1.0.0,analytical_schedule_upper_bound,resnet18,conv1,standard,ternary,2,64,12544,147,118013952,8,8,32,64,4,1,1,500,64,8.0,65536,4096,1024,301312,1835264,2136576,False,1536,1536,1024,4096,True,True,True,True,484901056,32112640,32112640,6422528,3211264,8830976,411041792,1204224,1216768,1843968,62720,3788290,0.060612632,4.108845164341247,external,7.999998944114627,15576150717.078154
spill_64b_8x8,memory-schedule-1.0.0,analytical_schedule_upper_bound,mobilenet_v2,features_1_conv_0_0,depthwise,int8,8,32,12544,9,3612672,8,8,32,64,4,1,1,500,64,8.0,65536,20480,5120,3211520,3211520,6423040,False,16896,2560,1024,4096,True,True,True,True,62619840,6422528,51380224,3211264,1605632,1204224,0,250880,257152,56448,6272,489218,0.00782748,17.333386479591837,external,7.999991823685964,3692292597.5740876
spill_64b_8x8,memory-schedule-1.0.0,analytical_schedule_upper_bound,mobilenet_v2,features_1_conv_0_0,depthwise,int6,6,32,12544,9,3612672,8,8,32,64,4,1,1,500,64,8.0,65536,11264,2816,2523392,2523392,5046784,False,8704,1536,1024,4096,True,True,True,True,33718464,3211264,25690112,3211264,1605632,1204224,0,137984,144256,56448,6272,263426,0.004214808,9.333386479591837,external,7.9999848154699995,6857090795.89714
spill_64b_8x8,memory-schedule-1.0.0,analytical_schedule_upper_bound,mobilenet_v2,features_1_conv_0_0,depthwise,int5,5,32,12544,9,3612672,8,8,32,64,4,1,1,500,64,8.0,65536,11264,2816,2064640,2064640,4129280,False,8704,1536,1024,4096,True,True,True,True,33718464,3211264,25690112,3211264,1605632,1204224,0,137984,144256,56448,6272,263426,0.004214808,9.333386479591837,external,7.9999848154699995,6857090795.89714
spill_64b_8x8,memory-schedule-1.0.0,analytical_schedule_upper_bound,mobilenet_v2,features_1_conv_0_0,depthwise,int4,4,32,12544,9,3612672,8,8,32,64,4,1,1,500,64,8.0,65536,11264,2816,1605888,1605888,3211776,False,8704,1536,1024,4096,True,True,True,True,33718464,3211264,25690112,3211264,1605632,1204224,0,137984,144256,56448,6272,263426,0.004214808,9.333386479591837,external,7.9999848154699995,6857090795.89714
spill_64b_8x8,memory-schedule-1.0.0,analytical_schedule_upper_bound,mobilenet_v2,features_1_conv_0_0,depthwise,q1_6,8,32,12544,9,3612672,8,8,32,64,4,1,1,500,64,8.0,65536,19200,4800,3211264,3211264,6422528,False,16384,2048,768,4096,True,True,True,True,62619648,6422528,51380224,3211264,1605632,0,0,232064,238336,56448,6272,489216,0.007827456,17.333333333333332,external,8.0,3692307692.3076925
spill_64b_8x8,memory-schedule-1.0.0,analytical_schedule_upper_bound,mobilenet_v2,features_1_conv_0_0,depthwise,fp8_e4m3fn,8,32,12544,9,3612672,8,8,32,64,4,1,1,500,64,8.0,65536,19200,4800,3211264,3211264,6422528,False,16384,2048,768,4096,True,True,True,True,62619648,6422528,51380224,3211264,1605632,0,0,232064,238336,56448,6272,489216,0.007827456,17.333333333333332,external,8.0,3692307692.3076925
spill_64b_8x8,memory-schedule-1.0.0,analytical_schedule_upper_bound,mobilenet_v2,features_1_conv_0_0,depthwise,fp8_e5m2,8,32,12544,9,3612672,8,8,32,64,4,1,1,500,64,8.0,65536,19200,4800,3211264,3211264,6422528,False,16384,2048,768,4096,True,True,True,True,62619648,6422528,51380224,3211264,1605632,0,0,232064,238336,56448,6272,489216,0.007827456,17.333333333333332,external,8.0,3692307692.3076925
spill_64b_8x8,memory-schedule-1.0.0,analytical_schedule_upper_bound,mobilenet_v2,features_1_conv_0_0,depthwise,fp7_e3m3,7,32,12544,9,3612672,8,8,32,64,4,1,1,500,64,8.0,65536,9984,2496,2981888,2981888,5963776,False,8192,1024,768,4096,True,True,True,True,33718272,3211264,25690112,3211264,1605632,0,0,119168,125440,56448,6272,263424,0.004214784,9.333333333333334,external,8.0,6857142857.142858
spill_64b_8x8,memory-schedule-1.0.0,analytical_schedule_upper_bound,mobilenet_v2,features_1_conv_0_0,depthwise,fp6_e3m2,6,32,12544,9,3612672,8,8,32,64,4,1,1,500,64,8.0,65536,9984,2496,2523136,2523136,5046272,False,8192,1024,768,4096,True,True,True,True,33718272,3211264,25690112,3211264,1605632,0,0,119168,125440,56448,6272,263424,0.004214784,9.333333333333334,external,8.0,6857142857.142858
spill_64b_8x8,memory-schedule-1.0.0,analytical_schedule_upper_bound,mobilenet_v2,features_1_conv_0_0,depthwise,fp6_e2m3,6,32,12544,9,3612672,8,8,32,64,4,1,1,500,64,8.0,65536,9984,2496,2523136,2523136,5046272,False,8192,1024,768,4096,True,True,True,True,33718272,3211264,25690112,3211264,1605632,0,0,119168,125440,56448,6272,263424,0.004214784,9.333333333333334,external,8.0,6857142857.142858
spill_64b_8x8,memory-schedule-1.0.0,analytical_schedule_upper_bound,mobilenet_v2,features_1_conv_0_0,depthwise,fp5_e2m2,5,32,12544,9,3612672,8,8,32,64,4,1,1,500,64,8.0,65536,9984,2496,2064384,2064384,4128768,False,8192,1024,768,4096,True,True,True,True,33718272,3211264,25690112,3211264,1605632,0,0,119168,125440,56448,6272,263424,0.004214784,9.333333333333334,external,8.0,6857142857.142858
spill_64b_8x8,memory-schedule-1.0.0,analytical_schedule_upper_bound,mobilenet_v2,features_1_conv_0_0,depthwise,fp4_e2m1,4,32,12544,9,3612672,8,8,32,64,4,1,1,500,64,8.0,65536,9984,2496,1605632,1605632,3211264,False,8192,1024,768,4096,True,True,True,True,33718272,3211264,25690112,3211264,1605632,0,0,119168,125440,56448,6272,263424,0.004214784,9.333333333333334,external,8.0,6857142857.142858
spill_64b_8x8,memory-schedule-1.0.0,analytical_schedule_upper_bound,mobilenet_v2,features_1_conv_0_0,depthwise,bfp6,6,32,12544,9,3612672,8,8,32,64,4,1,1,500,64,8.0,65536,11776,2944,2637824,2637824,5275648,False,9216,1536,1024,4096,True,True,True,True,37732352,3211264,25690112,3211264,1605632,4014080,0,144256,150528,56448,6272,294784,0.004716544,10.444444444444445,external,8.0,6127659574.468085
spill_64b_8x8,memory-schedule-1.0.0,analytical_schedule_upper_bound,mobilenet_v2,features_1_conv_0_0,depthwise,mxfp8_e4m3,8,32,12544,9,3612672,8,8,32,64,4,1,1,500,64,8.0,65536,20992,5248,3325952,3325952,6651904,False,17408,2560,1024,4096,True,True,True,True,66633728,6422528,51380224,3211264,1605632,4014080,0,257152,263424,56448,6272,520576,0.008329216,18.444444444444443,external,8.0,3469879518.072289
spill_64b_8x8,memory-schedule-1.0.0,analytical_schedule_upper_bound,mobilenet_v2,features_1_conv_0_0,depthwise,mxfp6_e3m2,6,32,12544,9,3612672,8,8,32,64,4,1,1,500,64,8.0,65536,11776,2944,2637824,2637824,5275648,False,9216,1536,1024,4096,True,True,True,True,37732352,3211264,25690112,3211264,1605632,4014080,0,144256,150528,56448,6272,294784,0.004716544,10.444444444444445,external,8.0,6127659574.468085
spill_64b_8x8,memory-schedule-1.0.0,analytical_schedule_upper_bound,mobilenet_v2,features_1_conv_0_0,depthwise,mxfp4_e2m1,4,32,12544,9,3612672,8,8,32,64,4,1,1,500,64,8.0,65536,11776,2944,1720320,1720320,3440640,False,9216,1536,1024,4096,True,True,True,True,37732352,3211264,25690112,3211264,1605632,4014080,0,144256,150528,56448,6272,294784,0.004716544,10.444444444444445,external,8.0,6127659574.468085
spill_64b_8x8,memory-schedule-1.0.0,analytical_schedule_upper_bound,mobilenet_v2,features_1_conv_0_0,depthwise,posit8_es1,8,32,12544,9,3612672,8,8,32,64,4,1,1,500,64,8.0,65536,19200,4800,3211264,3211264,6422528,False,16384,2048,768,4096,True,True,True,True,62619648,6422528,51380224,3211264,1605632,0,0,232064,238336,56448,6272,489216,0.007827456,17.333333333333332,external,8.0,3692307692.3076925
spill_64b_8x8,memory-schedule-1.0.0,analytical_schedule_upper_bound,mobilenet_v2,features_1_conv_0_0,depthwise,posit6_es1,6,32,12544,9,3612672,8,8,32,64,4,1,1,500,64,8.0,65536,9984,2496,2523136,2523136,5046272,False,8192,1024,768,4096,True,True,True,True,33718272,3211264,25690112,3211264,1605632,0,0,119168,125440,56448,6272,263424,0.004214784,9.333333333333334,external,8.0,6857142857.142858
spill_64b_8x8,memory-schedule-1.0.0,analytical_schedule_upper_bound,mobilenet_v2,features_1_conv_0_0,depthwise,posit4_es0,4,32,12544,9,3612672,8,8,32,64,4,1,1,500,64,8.0,65536,9984,2496,1605632,1605632,3211264,False,8192,1024,768,4096,True,True,True,True,33718272,3211264,25690112,3211264,1605632,0,0,119168,125440,56448,6272,263424,0.004214784,9.333333333333334,external,8.0,6857142857.142858
spill_64b_8x8,memory-schedule-1.0.0,analytical_schedule_upper_bound,mobilenet_v2,features_1_conv_0_0,depthwise,log8,8,32,12544,9,3612672,8,8,32,64,4,1,1,500,64,8.0,65536,19200,4800,3211264,3211264,6422528,False,16384,2048,768,4096,True,True,True,True,62619648,6422528,51380224,3211264,1605632,0,0,232064,238336,56448,6272,489216,0.007827456,17.333333333333332,external,8.0,3692307692.3076925
spill_64b_8x8,memory-schedule-1.0.0,analytical_schedule_upper_bound,mobilenet_v2,features_1_conv_0_0,depthwise,log6,6,32,12544,9,3612672,8,8,32,64,4,1,1,500,64,8.0,65536,9984,2496,2523136,2523136,5046272,False,8192,1024,768,4096,True,True,True,True,33718272,3211264,25690112,3211264,1605632,0,0,119168,125440,56448,6272,263424,0.004214784,9.333333333333334,external,8.0,6857142857.142858
spill_64b_8x8,memory-schedule-1.0.0,analytical_schedule_upper_bound,mobilenet_v2,features_1_conv_0_0,depthwise,log4,4,32,12544,9,3612672,8,8,32,64,4,1,1,500,64,8.0,65536,9984,2496,1605632,1605632,3211264,False,8192,1024,768,4096,True,True,True,True,33718272,3211264,25690112,3211264,1605632,0,0,119168,125440,56448,6272,263424,0.004214784,9.333333333333334,external,8.0,6857142857.142858
spill_64b_8x8,memory-schedule-1.0.0,analytical_schedule_upper_bound,mobilenet_v2,features_1_conv_0_0,depthwise,nf4,4,32,12544,9,3612672,8,8,32,64,4,1,1,500,64,8.0,65536,11264,2816,1605888,1605888,3211776,False,8704,1536,1024,4096,True,True,True,True,33718464,3211264,25690112,3211264,1605632,1204224,0,137984,144256,56448,6272,263426,0.004214808,9.333386479591837,external,7.9999848154699995,6857090795.89714
spill_64b_8x8,memory-schedule-1.0.0,analytical_schedule_upper_bound,mobilenet_v2,features_1_conv_0_0,depthwise,binary_pm1,1,32,12544,9,3612672,8,8,32,64,4,1,1,500,64,8.0,65536,11264,2816,459008,459008,918016,False,8704,1536,1024,4096,True,True,True,True,33718464,3211264,25690112,3211264,1605632,1204224,0,137984,144256,56448,6272,263426,0.004214808,9.333386479591837,external,7.9999848154699995,6857090795.89714
spill_64b_8x8,memory-schedule-1.0.0,analytical_schedule_upper_bound,mobilenet_v2,features_1_conv_0_0,depthwise,ternary,2,32,12544,9,3612672,8,8,32,64,4,1,1,500,64,8.0,65536,11264,2816,917760,917760,1835520,False,8704,1536,1024,4096,True,True,True,True,33718464,3211264,25690112,3211264,1605632,1204224,0,137984,144256,56448,6272,263426,0.004214808,9.333386479591837,external,7.9999848154699995,6857090795.89714
spill_64b_8x8,memory-schedule-1.0.0,analytical_schedule_upper_bound,mobilenet_v2,features_1_conv_1,pointwise,int8,8,16,12544,32,6422528,8,8,32,64,4,1,1,500,64,8.0,65536,10240,2560,3211520,1605888,4817408,False,4608,4608,1024,4096,True,True,True,True,15253696,6422528,6422528,1605632,802816,602112,0,62720,65856,100352,3136,119170,0.001906712,2.375029894770408,external,7.999966434505328,26946916170.17706
spill_64b_8x8,memory-schedule-1.0.0,analytical_schedule_upper_bound,mobilenet_v2,features_1_conv_1,pointwise,int6,6,16,12544,32,6422528,8,8,32,64,4,1,1,500,64,8.0,65536,8192,2048,2523392,1261824,3785216,False,3584,3584,1024,4096,True,True,True,True,12042432,4816896,4816896,1605632,802816,602112,0,50176,53312,100352,3136,94082,0.001505304,1.8750298947704083,compute,7.500119579081632,32000000000.0
spill_64b_8x8,memory-schedule-1.0.0,analytical_schedule_upper_bound,mobilenet_v2,features_1_conv_1,pointwise,int5,5,16,12544,32,6422528,8,8,32,64,4,1,1,500,64,8.0,65536,8192,2048,2064640,1032448,3097088,False,3584,3584,1024,4096,True,True,True,True,12042432,4816896,4816896,1605632,802816,602112,0,50176,53312,100352,3136,94082,0.001505304,1.8750298947704083,compute,7.500119579081632,32000000000.0
spill_64b_8x8,memory-schedule-1.0.0,analytical_schedule_upper_bound,mobilenet_v2,features_1_conv_1,pointwise,int4,4,16,12544,32,6422528,8,8,32,64,4,1,1,500,64,8.0,65536,6144,1536,1605888,803072,2408960,False,2560,2560,1024,4096,True,True,True,True,8831168,3211264,3211264,1605632,802816,602112,0,37632,40768,100352,3136,68994,0.001103896,1.3750298947704083,compute,5.500119579081632,32000000000.0
spill_64b_8x8,memory-schedule-1.0.0,analytical_schedule_upper_bound,mobilenet_v2,features_1_conv_1,pointwise,q1_6,8,16,12544,32,6422528,8,8,32,64,4,1,1,500,64,8.0,65536,8960,2240,3211264,1605632,4816896,False,4096,4096,768,4096,True,True,True,True,15253504,6422528,6422528,1605632,802816,0,0,53312,56448,100352,3136,119168,0.001906688,2.375,external,8.0,26947368421.05263
spill_64b_8x8,memory-schedule-1.0.0,analytical_schedule_upper_bound,mobilenet_v2,features_1_conv_1,pointwise,fp8_e4m3fn,8,16,12544,32,6422528,8,8,32,64,4,1,1,500,64,8.0,65536,8960,2240,3211264,1605632,4816896,False,4096,4096,768,4096,True,True,True,True,15253504,6422528,6422528,1605632,802816,0,0,53312,56448,100352,3136,119168,0.001906688,2.375,external,8.0,26947368421.05263
spill_64b_8x8,memory-schedule-1.0.0,analytical_schedule_upper_bound,mobilenet_v2,features_1_conv_1,pointwise,fp8_e5m2,8,16,12544,32,6422528,8,8,32,64,4,1,1,500,64,8.0,65536,8960,2240,3211264,1605632,4816896,False,4096,4096,768,4096,True,True,True,True,15253504,6422528,6422528,1605632,802816,0,0,53312,56448,100352,3136,119168,0.001906688,2.375,external,8.0,26947368421.05263
spill_64b_8x8,memory-schedule-1.0.0,analytical_schedule_upper_bound,mobilenet_v2,features_1_conv_1,pointwise,fp7_e3m3,7,16,12544,32,6422528,8,8,32,64,4,1,1,500,64,8.0,65536,8960,2240,2981888,1490944,4472832,False,4096,4096,768,4096,True,True,True,True,15253504,6422528,6422528,1605632,802816,0,0,53312,56448,100352,3136,119168,0.001906688,2.375,external,8.0,26947368421.05263
spill_64b_8x8,memory-schedule-1.0.0,analytical_schedule_upper_bound,mobilenet_v2,features_1_conv_1,pointwise,fp6_e3m2,6,16,12544,32,6422528,8,8,32,64,4,1,1,500,64,8.0,65536,6912,1728,2523136,1261568,3784704,False,3072,3072,768,4096,True,True,True,True,12042240,4816896,4816896,1605632,802816,0,0,40768,43904,100352,3136,94080,0.00150528,1.875,compute,7.5,32000000000.0
spill_64b_8x8,memory-schedule-1.0.0,analytical_schedule_upper_bound,mobilenet_v2,features_1_conv_1,pointwise,fp6_e2m3,6,16,12544,32,6422528,8,8,32,64,4,1,1,500,64,8.0,65536,6912,1728,2523136,1261568,3784704,False,3072,3072,768,4096,True,True,True,True,12042240,4816896,4816896,1605632,802816,0,0,40768,43904,100352,3136,94080,0.00150528,1.875,compute,7.5,32000000000.0
spill_64b_8x8,memory-schedule-1.0.0,analytical_schedule_upper_bound,mobilenet_v2,features_1_conv_1,pointwise,fp5_e2m2,5,16,12544,32,6422528,8,8,32,64,4,1,1,500,64,8.0,65536,6912,1728,2064384,1032192,3096576,False,3072,3072,768,4096,True,True,True,True,12042240,4816896,4816896,1605632,802816,0,0,40768,43904,100352,3136,94080,0.00150528,1.875,compute,7.5,32000000000.0
spill_64b_8x8,memory-schedule-1.0.0,analytical_schedule_upper_bound,mobilenet_v2,features_1_conv_1,pointwise,fp4_e2m1,4,16,12544,32,6422528,8,8,32,64,4,1,1,500,64,8.0,65536,4864,1216,1605632,802816,2408448,False,2048,2048,768,4096,True,True,True,True,8830976,3211264,3211264,1605632,802816,0,0,28224,31360,100352,3136,68992,0.001103872,1.375,compute,5.5,32000000000.0
spill_64b_8x8,memory-schedule-1.0.0,analytical_schedule_upper_bound,mobilenet_v2,features_1_conv_1,pointwise,bfp6,6,16,12544,32,6422528,8,8,32,64,4,1,1,500,64,8.0,65536,8192,2048,2637824,1318912,3956736,False,3584,3584,1024,4096,True,True,True,True,12644352,4816896,4816896,1605632,802816,602112,0,50176,53312,100352,3136,98784,0.001580544,1.96875,compute,7.875,32000000000.0
spill_64b_8x8,memory-schedule-1.0.0,analytical_schedule_upper_bound,mobilenet_v2,features_1_conv_1,pointwise,mxfp8_e4m3,8,16,12544,32,6422528,8,8,32,64,4,1,1,500,64,8.0,65536,10240,2560,3325952,1662976,4988928,False,4608,4608,1024,4096,True,True,True,True,15855616,6422528,6422528,1605632,802816,602112,0,62720,65856,100352,3136,123872,0.001981952,2.46875,external,8.0,25924050632.911392
spill_64b_8x8,memory-schedule-1.0.0,analytical_schedule_upper_bound,mobilenet_v2,features_1_conv_1,pointwise,mxfp6_e3m2,6,16,12544,32,6422528,8,8,32,64,4,1,1,500,64,8.0,65536,8192,2048,2637824,1318912,3956736,False,3584,3584,1024,4096,True,True,True,True,12644352,4816896,4816896,1605632,802816,602112,0,50176,53312,100352,3136,98784,0.001580544,1.96875,compute,7.875,32000000000.0
spill_64b_8x8,memory-schedule-1.0.0,analytical_schedule_upper_bound,mobilenet_v2,features_1_conv_1,pointwise,mxfp4_e2m1,4,16,12544,32,6422528,8,8,32,64,4,1,1,500,64,8.0,65536,6144,1536,1720320,860160,2580480,False,2560,2560,1024,4096,True,True,True,True,9433088,3211264,3211264,1605632,802816,602112,0,37632,40768,100352,3136,73696,0.001179136,1.46875,compute,5.875,32000000000.0
spill_64b_8x8,memory-schedule-1.0.0,analytical_schedule_upper_bound,mobilenet_v2,features_1_conv_1,pointwise,posit8_es1,8,16,12544,32,6422528,8,8,32,64,4,1,1,500,64,8.0,65536,8960,2240,3211264,1605632,4816896,False,4096,4096,768,4096,True,True,True,True,15253504,6422528,6422528,1605632,802816,0,0,53312,56448,100352,3136,119168,0.001906688,2.375,external,8.0,26947368421.05263
spill_64b_8x8,memory-schedule-1.0.0,analytical_schedule_upper_bound,mobilenet_v2,features_1_conv_1,pointwise,posit6_es1,6,16,12544,32,6422528,8,8,32,64,4,1,1,500,64,8.0,65536,6912,1728,2523136,1261568,3784704,False,3072,3072,768,4096,True,True,True,True,12042240,4816896,4816896,1605632,802816,0,0,40768,43904,100352,3136,94080,0.00150528,1.875,compute,7.5,32000000000.0
spill_64b_8x8,memory-schedule-1.0.0,analytical_schedule_upper_bound,mobilenet_v2,features_1_conv_1,pointwise,posit4_es0,4,16,12544,32,6422528,8,8,32,64,4,1,1,500,64,8.0,65536,4864,1216,1605632,802816,2408448,False,2048,2048,768,4096,True,True,True,True,8830976,3211264,3211264,1605632,802816,0,0,28224,31360,100352,3136,68992,0.001103872,1.375,compute,5.5,32000000000.0
spill_64b_8x8,memory-schedule-1.0.0,analytical_schedule_upper_bound,mobilenet_v2,features_1_conv_1,pointwise,log8,8,16,12544,32,6422528,8,8,32,64,4,1,1,500,64,8.0,65536,8960,2240,3211264,1605632,4816896,False,4096,4096,768,4096,True,True,True,True,15253504,6422528,6422528,1605632,802816,0,0,53312,56448,100352,3136,119168,0.001906688,2.375,external,8.0,26947368421.05263
spill_64b_8x8,memory-schedule-1.0.0,analytical_schedule_upper_bound,mobilenet_v2,features_1_conv_1,pointwise,log6,6,16,12544,32,6422528,8,8,32,64,4,1,1,500,64,8.0,65536,6912,1728,2523136,1261568,3784704,False,3072,3072,768,4096,True,True,True,True,12042240,4816896,4816896,1605632,802816,0,0,40768,43904,100352,3136,94080,0.00150528,1.875,compute,7.5,32000000000.0
spill_64b_8x8,memory-schedule-1.0.0,analytical_schedule_upper_bound,mobilenet_v2,features_1_conv_1,pointwise,log4,4,16,12544,32,6422528,8,8,32,64,4,1,1,500,64,8.0,65536,4864,1216,1605632,802816,2408448,False,2048,2048,768,4096,True,True,True,True,8830976,3211264,3211264,1605632,802816,0,0,28224,31360,100352,3136,68992,0.001103872,1.375,compute,5.5,32000000000.0
spill_64b_8x8,memory-schedule-1.0.0,analytical_schedule_upper_bound,mobilenet_v2,features_1_conv_1,pointwise,nf4,4,16,12544,32,6422528,8,8,32,64,4,1,1,500,64,8.0,65536,6144,1536,1605888,803072,2408960,False,2560,2560,1024,4096,True,True,True,True,8831168,3211264,3211264,1605632,802816,602112,0,37632,40768,100352,3136,68994,0.001103896,1.3750298947704083,compute,5.500119579081632,32000000000.0
spill_64b_8x8,memory-schedule-1.0.0,analytical_schedule_upper_bound,mobilenet_v2,features_1_conv_1,pointwise,binary_pm1,1,16,12544,32,6422528,8,8,32,64,4,1,1,500,64,8.0,65536,4096,1024,459008,229632,688640,False,1536,1536,1024,4096,True,True,True,True,5619904,1605632,1605632,1605632,802816,602112,0,25088,28224,100352,3136,43906,0.000702488,0.8750298947704082,compute,3.5001195790816326,32000000000.0
spill_64b_8x8,memory-schedule-1.0.0,analytical_schedule_upper_bound,mobilenet_v2,features_1_conv_1,pointwise,ternary,2,16,12544,32,6422528,8,8,32,64,4,1,1,500,64,8.0,65536,4096,1024,917760,459008,1376768,False,1536,1536,1024,4096,True,True,True,True,5619904,1605632,1605632,1605632,802816,602112,0,25088,28224,100352,3136,43906,0.000702488,0.8750298947704082,compute,3.5001195790816326,32000000000.0
spill_64b_8x8,memory-schedule-1.0.0,analytical_schedule_upper_bound,mobilenet_v3_large,features_1_block_1_0,pointwise,int8,8,16,12544,16,3211264,8,8,32,64,4,1,1,500,64,8.0,65536,6144,1536,1605888,1605888,3211776,False,2560,2560,1024,4096,True,True,True,True,8831168,3211264,3211264,1605632,802816,602112,0,37632,40768,50176,3136,68994,0.001103896,2.7500597895408165,external,7.999942023944111,23272052642.258747
spill_64b_8x8,memory-schedule-1.0.0,analytical_schedule_upper_bound,mobilenet_v3_large,features_1_block_1_0,pointwise,int6,6,16,12544,16,3211264,8,8,32,64,4,1,1,500,64,8.0,65536,6144,1536,1261824,1261824,2523648,False,2560,2560,1024,4096,True,True,True,True,8831168,3211264,3211264,1605632,802816,602112,0,37632,40768,50176,3136,68994,0.001103896,2.7500597895408165,external,7.999942023944111,23272052642.258747
spill_64b_8x8,memory-schedule-1.0.0,analytical_schedule_upper_bound,mobilenet_v3_large,features_1_block_1_0,pointwise,int5,5,16,12544,16,3211264,8,8,32,64,4,1,1,500,64,8.0,65536,6144,1536,1032448,1032448,2064896,False,2560,2560,1024,4096,True,True,True,True,8831168,3211264,3211264,1605632,802816,602112,0,37632,40768,50176,3136,68994,0.001103896,2.7500597895408165,external,7.999942023944111,23272052642.258747
spill_64b_8x8,memory-schedule-1.0.0,analytical_schedule_upper_bound,mobilenet_v3_large,features_1_block_1_0,pointwise,int4,4,16,12544,16,3211264,8,8,32,64,4,1,1,500,64,8.0,65536,4096,1024,803072,803072,1606144,False,1536,1536,1024,4096,True,True,True,True,5619904,1605632,1605632,1605632,802816,602112,0,25088,28224,50176,3136,43906,0.000702488,1.7500597895408163,compute,7.000239158163265,32000000000.0
spill_64b_8x8,memory-schedule-1.0.0,analytical_schedule_upper_bound,mobilenet_v3_large,features_1_block_1_0,pointwise,q1_6,8,16,12544,16,3211264,8,8,32,64,4,1,1,500,64,8.0,65536,4864,1216,1605632,1605632,3211264,False,2048,2048,768,4096,True,True,True,True,8830976,3211264,3211264,1605632,802816,0,0,28224,31360,50176,3136,68992,0.001103872,2.75,external,8.0,23272727272.727272
spill_64b_8x8,memory-schedule-1.0.0,analytical_schedule_upper_bound,mobilenet_v3_large,features_1_block_1_0,pointwise,fp8_e4m3fn,8,16,12544,16,3211264,8,8,32,64,4,1,1,500,64,8.0,65536,4864,1216,1605632,1605632,3211264,False,2048,2048,768,4096,True,True,True,True,8830976,3211264,3211264,1605632,802816,0,0,28224,31360,50176,3136,68992,0.001103872,2.75,external,8.0,23272727272.727272
spill_64b_8x8,memory-schedule-1.0.0,analytical_schedule_upper_bound,mobilenet_v3_large,features_1_block_1_0,pointwise,fp8_e5m2,8,16,12544,16,3211264,8,8,32,64,4,1,1,500,64,8.0,65536,4864,1216,1605632,1605632,3211264,False,2048,2048,768,4096,True,True,True,True,8830976,3211264,3211264,1605632,802816,0,0,28224,31360,50176,3136,68992,0.001103872,2.75,external,8.0,23272727272.727272
spill_64b_8x8,memory-schedule-1.0.0,analytical_schedule_upper_bound,mobilenet_v3_large,features_1_block_1_0,pointwise,fp7_e3m3,7,16,12544,16,3211264,8,8,32,64,4,1,1,500,64,8.0,65536,4864,1216,1490944,1490944,2981888,False,2048,2048,768,4096,True,True,True,True,8830976,3211264,3211264,1605632,802816,0,0,28224,31360,50176,3136,68992,0.001103872,2.75,external,8.0,23272727272.727272
spill_64b_8x8,memory-schedule-1.0.0,analytical_schedule_upper_bound,mobilenet_v3_large,features_1_block_1_0,pointwise,fp6_e3m2,6,16,12544,16,3211264,8,8,32,64,4,1,1,500,64,8.0,65536,4864,1216,1261568,1261568,2523136,False,2048,2048,768,4096,True,True,True,True,8830976,3211264,3211264,1605632,802816,0,0,28224,31360,50176,3136,68992,0.001103872,2.75,external,8.0,23272727272.727272
spill_64b_8x8,memory-schedule-1.0.0,analytical_schedule_upper_bound,mobilenet_v3_large,features_1_block_1_0,pointwise,fp6_e2m3,6,16,12544,16,3211264,8,8,32,64,4,1,1,500,64,8.0,65536,4864,1216,1261568,1261568,2523136,False,2048,2048,768,4096,True,True,True,True,8830976,3211264,3211264,1605632,802816,0,0,28224,31360,50176,3136,68992,0.001103872,2.75,external,8.0,23272727272.727272
spill_64b_8x8,memory-schedule-1.0.0,analytical_schedule_upper_bound,mobilenet_v3_large,features_1_block_1_0,pointwise,fp5_e2m2,5,16,12544,16,3211264,8,8,32,64,4,1,1,500,64,8.0,65536,4864,1216,1032192,1032192,2064384,False,2048,2048,768,4096,True,True,True,True,8830976,3211264,3211264,1605632,802816,0,0,28224,31360,50176,3136,68992,0.001103872,2.75,external,8.0,23272727272.727272
spill_64b_8x8,memory-schedule-1.0.0,analytical_schedule_upper_bound,mobilenet_v3_large,features_1_block_1_0,pointwise,fp4_e2m1,4,16,12544,16,3211264,8,8,32,64,4,1,1,500,64,8.0,65536,2816,704,802816,802816,1605632,False,1024,1024,768,4096,True,True,True,True,5619712,1605632,1605632,1605632,802816,0,0,15680,18816,50176,3136,43904,0.000702464,1.75,compute,7.0,32000000000.0
spill_64b_8x8,memory-schedule-1.0.0,analytical_schedule_upper_bound,mobilenet_v3_large,features_1_block_1_0,pointwise,bfp6,6,16,12544,16,3211264,8,8,32,64,4,1,1,500,64,8.0,65536,6144,1536,1318912,1318912,2637824,False,2560,2560,1024,4096,True,True,True,True,9433088,3211264,3211264,1605632,802816,602112,0,37632,40768,50176,3136,73696,0.001179136,2.9375,external,8.0,21787234042.553192
spill_64b_8x8,memory-schedule-1.0.0,analytical_schedule_upper_bound,mobilenet_v3_large,features_1_block_1_0,pointwise,mxfp8_e4m3,8,16,12544,16,3211264,8,8,32,64,4,1,1,500,64,8.0,65536,6144,1536,1662976,1662976,3325952,False,2560,2560,1024,4096,True,True,True,True,9433088,3211264,3211264,1605632,802816,602112,0,37632,40768,50176,3136,73696,0.001179136,2.9375,external,8.0,21787234042.553192
spill_64b_8x8,memory-schedule-1.0.0,analytical_schedule_upper_bound,mobilenet_v3_large,features_1_block_1_0,pointwise,mxfp6_e3m2,6,16,12544,16,3211264,8,8,32,64,4,1,1,500,64,8.0,65536,6144,1536,1318912,1318912,2637824,False,2560,2560,1024,4096,True,True,True,True,9433088,3211264,3211264,1605632,802816,602112,0,37632,40768,50176,3136,73696,0.001179136,2.9375,external,8.0,21787234042.553192
spill_64b_8x8,memory-schedule-1.0.0,analytical_schedule_upper_bound,mobilenet_v3_large,features_1_block_1_0,pointwise,mxfp4_e2m1,4,16,12544,16,3211264,8,8,32,64,4,1,1,500,64,8.0,65536,4096,1024,860160,860160,1720320,False,1536,1536,1024,4096,True,True,True,True,6221824,1605632,1605632,1605632,802816,602112,0,25088,28224,50176,3136,48608,0.000777728,1.9375,compute,7.75,32000000000.0
spill_64b_8x8,memory-schedule-1.0.0,analytical_schedule_upper_bound,mobilenet_v3_large,features_1_block_1_0,pointwise,posit8_es1,8,16,12544,16,3211264,8,8,32,64,4,1,1,500,64,8.0,65536,4864,1216,1605632,1605632,3211264,False,2048,2048,768,4096,True,True,True,True,8830976,3211264,3211264,1605632,802816,0,0,28224,31360,50176,3136,68992,0.001103872,2.75,external,8.0,23272727272.727272
spill_64b_8x8,memory-schedule-1.0.0,analytical_schedule_upper_bound,mobilenet_v3_large,features_1_block_1_0,pointwise,posit6_es1,6,16,12544,16,3211264,8,8,32,64,4,1,1,500,64,8.0,65536,4864,1216,1261568,1261568,2523136,False,2048,2048,768,4096,True,True,True,True,8830976,3211264,3211264,1605632,802816,0,0,28224,31360,50176,3136,68992,0.001103872,2.75,external,8.0,23272727272.727272
spill_64b_8x8,memory-schedule-1.0.0,analytical_schedule_upper_bound,mobilenet_v3_large,features_1_block_1_0,pointwise,posit4_es0,4,16,12544,16,3211264,8,8,32,64,4,1,1,500,64,8.0,65536,2816,704,802816,802816,1605632,False,1024,1024,768,4096,True,True,True,True,5619712,1605632,1605632,1605632,802816,0,0,15680,18816,50176,3136,43904,0.000702464,1.75,compute,7.0,32000000000.0
spill_64b_8x8,memory-schedule-1.0.0,analytical_schedule_upper_bound,mobilenet_v3_large,features_1_block_1_0,pointwise,log8,8,16,12544,16,3211264,8,8,32,64,4,1,1,500,64,8.0,65536,4864,1216,1605632,1605632,3211264,False,2048,2048,768,4096,True,True,True,True,8830976,3211264,3211264,1605632,802816,0,0,28224,31360,50176,3136,68992,0.001103872,2.75,external,8.0,23272727272.727272
spill_64b_8x8,memory-schedule-1.0.0,analytical_schedule_upper_bound,mobilenet_v3_large,features_1_block_1_0,pointwise,log6,6,16,12544,16,3211264,8,8,32,64,4,1,1,500,64,8.0,65536,4864,1216,1261568,1261568,2523136,False,2048,2048,768,4096,True,True,True,True,8830976,3211264,3211264,1605632,802816,0,0,28224,31360,50176,3136,68992,0.001103872,2.75,external,8.0,23272727272.727272
spill_64b_8x8,memory-schedule-1.0.0,analytical_schedule_upper_bound,mobilenet_v3_large,features_1_block_1_0,pointwise,log4,4,16,12544,16,3211264,8,8,32,64,4,1,1,500,64,8.0,65536,2816,704,802816,802816,1605632,False,1024,1024,768,4096,True,True,True,True,5619712,1605632,1605632,1605632,802816,0,0,15680,18816,50176,3136,43904,0.000702464,1.75,compute,7.0,32000000000.0
spill_64b_8x8,memory-schedule-1.0.0,analytical_schedule_upper_bound,mobilenet_v3_large,features_1_block_1_0,pointwise,nf4,4,16,12544,16,3211264,8,8,32,64,4,1,1,500,64,8.0,65536,4096,1024,803072,803072,1606144,False,1536,1536,1024,4096,True,True,True,True,5619904,1605632,1605632,1605632,802816,602112,0,25088,28224,50176,3136,43906,0.000702488,1.7500597895408163,compute,7.000239158163265,32000000000.0
spill_64b_8x8,memory-schedule-1.0.0,analytical_schedule_upper_bound,mobilenet_v3_large,features_1_block_1_0,pointwise,binary_pm1,1,16,12544,16,3211264,8,8,32,64,4,1,1,500,64,8.0,65536,4096,1024,229632,229632,459264,False,1536,1536,1024,4096,True,True,True,True,5619904,1605632,1605632,1605632,802816,602112,0,25088,28224,50176,3136,43906,0.000702488,1.7500597895408163,compute,7.000239158163265,32000000000.0
spill_64b_8x8,memory-schedule-1.0.0,analytical_schedule_upper_bound,mobilenet_v3_large,features_1_block_1_0,pointwise,ternary,2,16,12544,16,3211264,8,8,32,64,4,1,1,500,64,8.0,65536,4096,1024,459008,459008,918016,False,1536,1536,1024,4096,True,True,True,True,5619904,1605632,1605632,1605632,802816,602112,0,25088,28224,50176,3136,43906,0.000702488,1.7500597895408163,compute,7.000239158163265,32000000000.0
spill_64b_8x8,memory-schedule-1.0.0,analytical_schedule_upper_bound,yolov8n,model_0_conv,standard,int8,8,16,102400,27,44236800,8,8,32,64,4,1,1,500,64,8.0,65536,10240,2560,9830656,13107456,22938112,False,4608,4608,1024,4096,True,True,True,True,124518592,52428800,52428800,13107200,6553600,4915200,0,512000,537600,691200,25600,972802,0.015564824,2.8148191550925925,external,7.999995888166349,22736795360.20691
spill_64b_8x8,memory-schedule-1.0.0,analytical_schedule_upper_bound,yolov8n,model_0_conv,standard,int6,6,16,102400,27,44236800,8,8,32,64,4,1,1,500,64,8.0,65536,8192,2048,7373056,9830656,17203712,False,3584,3584,1024,4096,True,True,True,True,98304192,39321600,39321600,13107200,6553600,4915200,0,409600,435200,691200,25600,768002,0.012288024,2.2222265625,external,7.99999479168023,28799925000.195312
spill_64b_8x8,memory-schedule-1.0.0,analytical_schedule_upper_bound,yolov8n,model_0_conv,standard,int5,5,16,102400,27,44236800,8,8,32,64,4,1,1,500,64,8.0,65536,8192,2048,6144256,8192256,14336512,False,3584,3584,1024,4096,True,True,True,True,98304192,39321600,39321600,13107200,6553600,4915200,0,409600,435200,691200,25600,768002,0.012288024,2.2222265625,external,7.99999479168023,28799925000.195312
spill_64b_8x8,memory-schedule-1.0.0,analytical_schedule_upper_bound,yolov8n,model_0_conv,standard,int4,4,16,102400,27,44236800,8,8,32,64,4,1,1,500,64,8.0,65536,6144,1536,4915456,6553856,11469312,False,2560,2560,1024,4096,True,True,True,True,72089792,26214400,26214400,13107200,6553600,4915200,0,307200,332800,691200,25600,563202,0.009011224,1.6296339699074074,compute,6.51853587962963,32000000000.0
spill_64b_8x8,memory-schedule-1.0.0,analytical_schedule_upper_bound,yolov8n,model_0_conv,standard,q1_6,8,16,102400,27,44236800,8,8,32,64,4,1,1,500,64,8.0,65536,8960,2240,9830400,13107200,22937600,False,4096,4096,768,4096,True,True,True,True,124518400,52428800,52428800,13107200,6553600,0,0,435200,460800,691200,25600,972800,0.0155648,2.814814814814815,external,8.0,22736842105.263157
spill_64b_8x8,memory-schedule-1.0.0,analytical_schedule_upper_bound,yolov8n,model_0_conv,standard,fp8_e4m3fn,8,16,102400,27,44236800,8,8,32,64,4,1,1,500,64,8.0,65536,8960,2240,9830400,13107200,22937600,False,4096,4096,768,4096,True,True,True,True,124518400,52428800,52428800,13107200,6553600,0,0,435200,460800,691200,25600,972800,0.0155648,2.814814814814815,external,8.0,22736842105.263157
spill_64b_8x8,memory-schedule-1.0.0,analytical_schedule_upper_bound,yolov8n,model_0_conv,standard,fp8_e5m2,8,16,102400,27,44236800,8,8,32,64,4,1,1,500,64,8.0,65536,8960,2240,9830400,13107200,22937600,False,4096,4096,768,4096,True,True,True,True,124518400,52428800,52428800,13107200,6553600,0,0,435200,460800,691200,25600,972800,0.0155648,2.814814814814815,external,8.0,22736842105.263157
spill_64b_8x8,memory-schedule-1.0.0,analytical_schedule_upper_bound,yolov8n,model_0_conv,standard,fp7_e3m3,7,16,102400,27,44236800,8,8,32,64,4,1,1,500,64,8.0,65536,6912,1728,8601600,11468800,20070400,False,3072,3072,768,4096,True,True,True,True,98304000,39321600,39321600,13107200,6553600,0,0,332800,358400,691200,25600,768000,0.012288,2.2222222222222223,external,8.0,28800000000.0
spill_64b_8x8,memory-schedule-1.0.0,analytical_schedule_upper_bound,yolov8n,model_0_conv,standard,fp6_e3m2,6,16,102400,27,44236800,8,8,32,64,4,1,1,500,64,8.0,65536,6912,1728,7372800,9830400,17203200,False,3072,3072,768,4096,True,True,True,True,98304000,39321600,39321600,13107200,6553600,0,0,332800,358400,691200,25600,768000,0.012288,2.2222222222222223,external,8.0,28800000000.0
spill_64b_8x8,memory-schedule-1.0.0,analytical_schedule_upper_bound,yolov8n,model_0_conv,standard,fp6_e2m3,6,16,102400,27,44236800,8,8,32,64,4,1,1,500,64,8.0,65536,6912,1728,7372800,9830400,17203200,False,3072,3072,768,4096,True,True,True,True,98304000,39321600,39321600,13107200,6553600,0,0,332800,358400,691200,25600,768000,0.012288,2.2222222222222223,external,8.0,28800000000.0
spill_64b_8x8,memory-schedule-1.0.0,analytical_schedule_upper_bound,yolov8n,model_0_conv,standard,fp5_e2m2,5,16,102400,27,44236800,8,8,32,64,4,1,1,500,64,8.0,65536,6912,1728,6144000,8192000,14336000,False,3072,3072,768,4096,True,True,True,True,98304000,39321600,39321600,13107200,6553600,0,0,332800,358400,691200,25600,768000,0.012288,2.2222222222222223,external,8.0,28800000000.0
spill_64b_8x8,memory-schedule-1.0.0,analytical_schedule_upper_bound,yolov8n,model_0_conv,standard,fp4_e2m1,4,16,102400,27,44236800,8,8,32,64,4,1,1,500,64,8.0,65536,4864,1216,4915200,6553600,11468800,False,2048,2048,768,4096,True,True,True,True,72089600,26214400,26214400,13107200,6553600,0,0,230400,256000,691200,25600,563200,0.0090112,1.6296296296296295,compute,6.518518518518518,32000000000.0
spill_64b_8x8,memory-schedule-1.0.0,analytical_schedule_upper_bound,yolov8n,model_0_conv,standard,bfp6,6,16,102400,27,44236800,8,8,32,64,4,1,1,500,64,8.0,65536,8192,2048,7680000,10240000,17920000,False,3584,3584,1024,4096,True,True,True,True,103219200,39321600,39321600,13107200,6553600,4915200,0,409600,435200,691200,25600,806400,0.0129024,2.3333333333333335,external,8.0,27428571428.57143
spill_64b_8x8,memory-schedule-1.0.0,analytical_schedule_upper_bound,yolov8n,model_0_conv,standard,mxfp8_e4m3,8,16,102400,27,44236800,8,8,32,64,4,1,1,500,64,8.0,65536,10240,2560,10137600,13516800,23654400,False,4608,4608,1024,4096,True,True,True,True,129433600,52428800,52428800,13107200,6553600,4915200,0,512000,537600,691200,25600,1011200,0.0161792,2.925925925925926,external,8.0,21873417721.518986
spill_64b_8x8,memory-schedule-1.0.0,analytical_schedule_upper_bound,yolov8n,model_0_conv,standard,mxfp6_e3m2,6,16,102400,27,44236800,8,8,32,64,4,1,1,500,64,8.0,65536,8192,2048,7680000,10240000,17920000,False,3584,3584,1024,4096,True,True,True,True,103219200,39321600,39321600,13107200,6553600,4915200,0,409600,435200,691200,25600,806400,0.0129024,2.3333333333333335,external,8.0,27428571428.57143
spill_64b_8x8,memory-schedule-1.0.0,analytical_schedule_upper_bound,yolov8n,model_0_conv,standard,mxfp4_e2m1,4,16,102400,27,44236800,8,8,32,64,4,1,1,500,64,8.0,65536,6144,1536,5222400,6963200,12185600,False,2560,2560,1024,4096,True,True,True,True,77004800,26214400,26214400,13107200,6553600,4915200,0,307200,332800,691200,25600,601600,0.0096256,1.7407407407407407,compute,6.962962962962963,32000000000.0
spill_64b_8x8,memory-schedule-1.0.0,analytical_schedule_upper_bound,yolov8n,model_0_conv,standard,posit8_es1,8,16,102400,27,44236800,8,8,32,64,4,1,1,500,64,8.0,65536,8960,2240,9830400,13107200,22937600,False,4096,4096,768,4096,True,True,True,True,124518400,52428800,52428800,13107200,6553600,0,0,435200,460800,691200,25600,972800,0.0155648,2.814814814814815,external,8.0,22736842105.263157
spill_64b_8x8,memory-schedule-1.0.0,analytical_schedule_upper_bound,yolov8n,model_0_conv,standard,posit6_es1,6,16,102400,27,44236800,8,8,32,64,4,1,1,500,64,8.0,65536,6912,1728,7372800,9830400,17203200,False,3072,3072,768,4096,True,True,True,True,98304000,39321600,39321600,13107200,6553600,0,0,332800,358400,691200,25600,768000,0.012288,2.2222222222222223,external,8.0,28800000000.0
spill_64b_8x8,memory-schedule-1.0.0,analytical_schedule_upper_bound,yolov8n,model_0_conv,standard,posit4_es0,4,16,102400,27,44236800,8,8,32,64,4,1,1,500,64,8.0,65536,4864,1216,4915200,6553600,11468800,False,2048,2048,768,4096,True,True,True,True,72089600,26214400,26214400,13107200,6553600,0,0,230400,256000,691200,25600,563200,0.0090112,1.6296296296296295,compute,6.518518518518518,32000000000.0
spill_64b_8x8,memory-schedule-1.0.0,analytical_schedule_upper_bound,yolov8n,model_0_conv,standard,log8,8,16,102400,27,44236800,8,8,32,64,4,1,1,500,64,8.0,65536,8960,2240,9830400,13107200,22937600,False,4096,4096,768,4096,True,True,True,True,124518400,52428800,52428800,13107200,6553600,0,0,435200,460800,691200,25600,972800,0.0155648,2.814814814814815,external,8.0,22736842105.263157
spill_64b_8x8,memory-schedule-1.0.0,analytical_schedule_upper_bound,yolov8n,model_0_conv,standard,log6,6,16,102400,27,44236800,8,8,32,64,4,1,1,500,64,8.0,65536,6912,1728,7372800,9830400,17203200,False,3072,3072,768,4096,True,True,True,True,98304000,39321600,39321600,13107200,6553600,0,0,332800,358400,691200,25600,768000,0.012288,2.2222222222222223,external,8.0,28800000000.0
spill_64b_8x8,memory-schedule-1.0.0,analytical_schedule_upper_bound,yolov8n,model_0_conv,standard,log4,4,16,102400,27,44236800,8,8,32,64,4,1,1,500,64,8.0,65536,4864,1216,4915200,6553600,11468800,False,2048,2048,768,4096,True,True,True,True,72089600,26214400,26214400,13107200,6553600,0,0,230400,256000,691200,25600,563200,0.0090112,1.6296296296296295,compute,6.518518518518518,32000000000.0
spill_64b_8x8,memory-schedule-1.0.0,analytical_schedule_upper_bound,yolov8n,model_0_conv,standard,nf4,4,16,102400,27,44236800,8,8,32,64,4,1,1,500,64,8.0,65536,6144,1536,4915456,6553856,11469312,False,2560,2560,1024,4096,True,True,True,True,72089792,26214400,26214400,13107200,6553600,4915200,0,307200,332800,691200,25600,563202,0.009011224,1.6296339699074074,compute,6.51853587962963,32000000000.0
spill_64b_8x8,memory-schedule-1.0.0,analytical_schedule_upper_bound,yolov8n,model_0_conv,standard,binary_pm1,1,16,102400,27,44236800,8,8,32,64,4,1,1,500,64,8.0,65536,4096,1024,1229056,1638656,2867712,False,1536,1536,1024,4096,True,True,True,True,45875392,13107200,13107200,13107200,6553600,4915200,0,204800,230400,691200,25600,358402,0.005734424,1.0370413773148148,compute,4.148165509259259,32000000000.0
spill_64b_8x8,memory-schedule-1.0.0,analytical_schedule_upper_bound,yolov8n,model_0_conv,standard,ternary,2,16,102400,27,44236800,8,8,32,64,4,1,1,500,64,8.0,65536,4096,1024,2457856,3277056,5734912,False,1536,1536,1024,4096,True,True,True,True,45875392,13107200,13107200,13107200,6553600,4915200,0,204800,230400,691200,25600,358402,0.005734424,1.0370413773148148,compute,4.148165509259259,32000000000.0
