model,format,recipe,subset,kind,range_images,bias_images,top1_expected,top1_lowest_index,tied_top1_images,configuration_sha256,record
mobilenet_v2,bfp6,cum5_act_maxabs,S0,seed,400,256,66.475,66.5,68,5cff831b0bca9dadd5850fb01babf79105c12803c19d52d2d0bb351181cf8901,artifacts/experiment_b2_seeds/cells/mobilenet_v2--bfp6--cum5_act_maxabs--S0--5cff831b0bca.json
mobilenet_v2,bfp6,cum5_act_maxabs,S1,seed,400,256,65.6333,65.2,59,98a6acd92454ceb08840d3c524ca05f9a15bd349c23f4e1f478c32be84747bb2,artifacts/experiment_b2_seeds/cells/mobilenet_v2--bfp6--cum5_act_maxabs--S1--98a6acd92454.json
mobilenet_v2,bfp6,cum5_act_maxabs,S2,seed,400,256,66.25,65.6,74,18c5c8b6f1b5e62eaa69514e97a427cf64ed689d99d5f172bdfc46299c466717,artifacts/experiment_b2_seeds/cells/mobilenet_v2--bfp6--cum5_act_maxabs--S2--18c5c8b6f1b5.json
mobilenet_v2,bfp6,cum5_act_maxabs,S3,seed,400,256,66.9667,66.2,76,f7356ad8ebf908a42016043ad40ce139dd2a0c91bead0de235b287533b3202f4,artifacts/experiment_b2_seeds/cells/mobilenet_v2--bfp6--cum5_act_maxabs--S3--f7356ad8ebf9.json
mobilenet_v2,bfp6,cum5_act_maxabs,S4,seed,400,256,66.7583,66.4,66,29af04cffbe18066c01288b9efa4ee70f56a1fc036711d8dfed4e2f22b442877,artifacts/experiment_b2_seeds/cells/mobilenet_v2--bfp6--cum5_act_maxabs--S4--29af04cffbe1.json
mobilenet_v2,fp6_e2m3,default,S0,seed,400,256,67.781,67.6,133,ebfbd41223d7b0c13c246fb705cceb19e6dfe0f193da3961ee6f2dc8994b5de3,artifacts/experiment_b2_seeds/cells/mobilenet_v2--fp6_e2m3--default--S0--ebfbd41223d7.json
mobilenet_v2,fp6_e2m3,default,S1,seed,400,256,66.7478,66.7,125,e5e32b887e5cc9d4f7f83c7547cb9e9bf5d26aee0f914141f7682ffc7f097ce7,artifacts/experiment_b2_seeds/cells/mobilenet_v2--fp6_e2m3--default--S1--e5e32b887e5c.json
mobilenet_v2,fp6_e2m3,default,S2,seed,400,256,66.9083,67.2,129,57dc55ab9f5233a4ed19d3d79730874ec27f27b8a1e5314bb3de8bffd551f41a,artifacts/experiment_b2_seeds/cells/mobilenet_v2--fp6_e2m3--default--S2--57dc55ab9f52.json
mobilenet_v2,fp6_e2m3,default,S3,seed,400,256,67.281,67.0,128,95468a792c1012c665bf46f290f35e7b303af6ec9530c9debc649ea92f26078c,artifacts/experiment_b2_seeds/cells/mobilenet_v2--fp6_e2m3--default--S3--95468a792c10.json
mobilenet_v2,fp6_e2m3,default,S4,seed,400,256,66.15,65.9,137,4dd987eef296c3d270be7c14d447e2d3d604516d935ae72769e4d7cc65a1e6c9,artifacts/experiment_b2_seeds/cells/mobilenet_v2--fp6_e2m3--default--S4--4dd987eef296.json
mobilenet_v2,fp6_e2m3,minimal,S0,seed,400,256,65.6367,65.4,149,63095e1fae206a1ee090db858af3f9f0ee5b298aba4702f5688740fd07edea97,artifacts/experiment_b2_seeds/cells/mobilenet_v2--fp6_e2m3--minimal--S0--63095e1fae20.json
mobilenet_v2,fp6_e2m3,minimal,S1,seed,400,256,66.0617,66.2,114,fa90d43fec7a07e7b53125a1529d6301a3435641d23551f24ad000a0c4ca37e3,artifacts/experiment_b2_seeds/cells/mobilenet_v2--fp6_e2m3--minimal--S1--fa90d43fec7a.json
mobilenet_v2,fp6_e2m3,minimal,S2,seed,400,256,66.34,65.6,127,782eb1bf38ef2a46aea435bb8817b2c4586d57a17d164d244124cd23cd686cd9,artifacts/experiment_b2_seeds/cells/mobilenet_v2--fp6_e2m3--minimal--S2--782eb1bf38ef.json
mobilenet_v2,fp6_e2m3,minimal,S3,seed,400,256,66.25,65.8,140,8401c83d080570d887f1443c4c2c68401def45a3c0a5ffffaade0aca9e8564b1,artifacts/experiment_b2_seeds/cells/mobilenet_v2--fp6_e2m3--minimal--S3--8401c83d0805.json
mobilenet_v2,fp6_e2m3,minimal,S4,seed,400,256,66.7367,66.9,135,cfe45564cde9083571f03be706c10dbaedee9fa03aeafb04a064a022c488e618,artifacts/experiment_b2_seeds/cells/mobilenet_v2--fp6_e2m3--minimal--S4--cfe45564cde9.json
mobilenet_v2,fp6_e3m2,default,B0,bias_only,2000,256,29.6168,31.4,448,e24a75dfdab1bf3b961e520c31970784f0a6202d1da0ba51fa8908f0b13363a3,artifacts/experiment_b2_seeds/cells/mobilenet_v2--fp6_e3m2--default--B0--e24a75dfdab1.json
mobilenet_v2,fp6_e3m2,default,B1,bias_only,2000,256,28.1687,28.3,400,cc56319f3c9365ef387769de34a51c6725e6fe103dcbbd05de87e27374f2e318,artifacts/experiment_b2_seeds/cells/mobilenet_v2--fp6_e3m2--default--B1--cc56319f3c93.json
mobilenet_v2,fp6_e3m2,default,B2,bias_only,2000,256,27.1093,28.4,355,5eccbe7eea3d17aded308993ce00b6be61aa544b0bc7f7e2ab375b01229e099a,artifacts/experiment_b2_seeds/cells/mobilenet_v2--fp6_e3m2--default--B2--5eccbe7eea3d.json
mobilenet_v2,fp6_e3m2,default,R0,range_only,400,256,21.1563,21.9,404,f20dfdeb78b4f0360e24eba34b7f20c92496247a563772e4b46dc444d7c119d7,artifacts/experiment_b2_seeds/cells/mobilenet_v2--fp6_e3m2--default--R0--f20dfdeb78b4.json
mobilenet_v2,fp6_e3m2,default,R1,range_only,400,256,23.391,24.0,524,f9caf495c472d94db9cca687e55d074dcf4c5b1ce7dccd4177cc53a7dfaf55e0,artifacts/experiment_b2_seeds/cells/mobilenet_v2--fp6_e3m2--default--R1--f9caf495c472.json
mobilenet_v2,fp6_e3m2,default,R2,range_only,400,256,17.6727,17.6,417,eec9c75fe120916ffc51f1168ed08a310ccbfed43f9b63c4d2952cb9f536f582,artifacts/experiment_b2_seeds/cells/mobilenet_v2--fp6_e3m2--default--R2--eec9c75fe120.json
mobilenet_v2,fp6_e3m2,default,S0,seed,400,256,28.2552,29.3,454,1f3a61d5cabf9647eb30b913fccace77194e70c4250575dc277e1ceb6f7a1dda,artifacts/experiment_b2_seeds/cells/mobilenet_v2--fp6_e3m2--default--S0--1f3a61d5cabf.json
mobilenet_v2,fp6_e3m2,default,S1,seed,400,256,28.2619,29.1,411,d17c066bbc914258388186ca9fb961bc3772a413ef96deb6aca14810c7aee7b8,artifacts/experiment_b2_seeds/cells/mobilenet_v2--fp6_e3m2--default--S1--d17c066bbc91.json
mobilenet_v2,fp6_e3m2,default,S2,seed,400,256,25.3635,26.3,343,5bb677e216e7765ec4a03d619add9839698f541ce607a2d2f41fa47dc91e97a3,artifacts/experiment_b2_seeds/cells/mobilenet_v2--fp6_e3m2--default--S2--5bb677e216e7.json
mobilenet_v2,fp6_e3m2,default,S3,seed,400,256,24.781,25.8,461,066024bfd3ae531ac0e2a31351fe95a6127a8d53bbf64c451a7f47ec8a0fe9aa,artifacts/experiment_b2_seeds/cells/mobilenet_v2--fp6_e3m2--default--S3--066024bfd3ae.json
mobilenet_v2,fp6_e3m2,default,S4,seed,400,256,25.73,26.7,465,38fa8492e390f40b0efff9b5fac09f25a97fdbba5d144a09617a2ac3b043ccb9,artifacts/experiment_b2_seeds/cells/mobilenet_v2--fp6_e3m2--default--S4--38fa8492e390.json
mobilenet_v2,fp6_e3m2,minimal,S0,seed,400,256,43.4394,44.0,336,046bc62432d929e83b63873ae430a3cf857c8615b445981049c55f17cad3dc2b,artifacts/experiment_b2_seeds/cells/mobilenet_v2--fp6_e3m2--minimal--S0--046bc62432d9.json
mobilenet_v2,fp6_e3m2,minimal,S1,seed,400,256,44.6017,46.3,342,7001505be6ae3020a88ba474e3e6dafd80806b35468c131c06c299ee23a5d531,artifacts/experiment_b2_seeds/cells/mobilenet_v2--fp6_e3m2--minimal--S1--7001505be6ae.json
mobilenet_v2,fp6_e3m2,minimal,S2,seed,400,256,43.0519,44.0,353,d60e1c58d06bfe20f23986c9c53b53c0064e6b844ecc793b165da8a86d6546b3,artifacts/experiment_b2_seeds/cells/mobilenet_v2--fp6_e3m2--minimal--S2--d60e1c58d06b.json
mobilenet_v2,fp6_e3m2,minimal,S3,seed,400,256,42.47,42.9,332,48ba28e602353152c047f0d1f6a1643bcf0914c596eb42d1e8a1509363497b33,artifacts/experiment_b2_seeds/cells/mobilenet_v2--fp6_e3m2--minimal--S3--48ba28e60235.json
mobilenet_v2,fp6_e3m2,minimal,S4,seed,400,256,43.38,43.1,344,e804f4fa05fb95fb9e4b12c93d046086eeab47dc466803d61be21395565df03f,artifacts/experiment_b2_seeds/cells/mobilenet_v2--fp6_e3m2--minimal--S4--e804f4fa05fb.json
mobilenet_v2,fp7_e3m3,default,S0,seed,400,256,67.35,66.8,118,5f8be7dfd0dacd6a9c1f1234b3f38aa7e021a2b1b3a36eca8b7b9d6e24415099,artifacts/experiment_b2_seeds/cells/mobilenet_v2--fp7_e3m3--default--S0--5f8be7dfd0da.json
mobilenet_v2,fp7_e3m3,default,S1,seed,400,256,67.9667,67.4,109,0a25b0d767a2ab09d498bb0d032301f7c6427cd3270906da370f7015c96514f4,artifacts/experiment_b2_seeds/cells/mobilenet_v2--fp7_e3m3--default--S1--0a25b0d767a2.json
mobilenet_v2,fp7_e3m3,default,S2,seed,400,256,66.8783,66.8,124,78bebbdbb2d8677e287bb92eb0ab88289e1ca4ec67e3b29c6e5b8265b54092c6,artifacts/experiment_b2_seeds/cells/mobilenet_v2--fp7_e3m3--default--S2--78bebbdbb2d8.json
mobilenet_v2,fp7_e3m3,default,S3,seed,400,256,68.5483,68.5,122,2c04da2429b400c09e87bfbe3c2021ff8a418774da5df70b6a00c8cdb96df369,artifacts/experiment_b2_seeds/cells/mobilenet_v2--fp7_e3m3--default--S3--2c04da2429b4.json
mobilenet_v2,fp7_e3m3,default,S4,seed,400,256,68.5417,67.8,107,cdf3d1caff8dda8f0252813c185e231cff62e07ab388459cd462f9330ef05c8d,artifacts/experiment_b2_seeds/cells/mobilenet_v2--fp7_e3m3--default--S4--cdf3d1caff8d.json
mobilenet_v2,fp8_e4m3fn,default,B0,bias_only,2000,256,67.8833,67.7,111,cd99f92c6e2676853b6a15114b9d459fb0c4379fbd20aca18b221e57e87e3c80,artifacts/experiment_b2_seeds/cells/mobilenet_v2--fp8_e4m3fn--default--B0--cd99f92c6e26.json
mobilenet_v2,fp8_e4m3fn,default,B1,bias_only,2000,256,67.9417,67.9,115,9fc75f23ff40ea18493ffb8d02cf606fa67aee5d6421d97e4a58cd8211793cff,artifacts/experiment_b2_seeds/cells/mobilenet_v2--fp8_e4m3fn--default--B1--9fc75f23ff40.json
mobilenet_v2,fp8_e4m3fn,default,B2,bias_only,2000,256,67.7083,67.0,113,8a18e33ae57c815e91167bf329643a94a75ba56afd4867e7324764e5546e97d1,artifacts/experiment_b2_seeds/cells/mobilenet_v2--fp8_e4m3fn--default--B2--8a18e33ae57c.json
mobilenet_v2,fp8_e4m3fn,default,B3,bias_only,2000,256,67.4867,67.3,108,7e346aa7c97643fc7f8fd8a1bf076210ac023c1b1495506498c5c7453485b2d0,artifacts/experiment_b2_seeds/cells/mobilenet_v2--fp8_e4m3fn--default--B3--7e346aa7c976.json
mobilenet_v2,fp8_e4m3fn,default,B4,bias_only,2000,256,67.8417,68.3,110,7801e5871085dcf8d8dc26f064eef65504f97c332ca0f39605924c06c2a65c5e,artifacts/experiment_b2_seeds/cells/mobilenet_v2--fp8_e4m3fn--default--B4--7801e5871085.json
mobilenet_v2,fp8_e4m3fn,default,H0,ladder,1000,256,67.1,67.0,123,f0a423484b18f7d132beb0cdd8bd20a01478b8720721d5bf9cd3026d74ef0e1f,artifacts/experiment_b2_seeds/cells/mobilenet_v2--fp8_e4m3fn--default--H0--f0a423484b18.json
mobilenet_v2,fp8_e4m3fn,default,H1,ladder,1000,256,68.2367,67.7,116,7119e0ce63e7bff84b8b507a3360f5e335fafd19d165547a5e71244a8be93340,artifacts/experiment_b2_seeds/cells/mobilenet_v2--fp8_e4m3fn--default--H1--7119e0ce63e7.json
mobilenet_v2,fp8_e4m3fn,default,L128_0,ladder,128,128,68.2417,68.6,103,bfbedc122ef9ede70af878fee119356ff190d75bba16ed143e8b2b10db5e570e,artifacts/experiment_b2_seeds/cells/mobilenet_v2--fp8_e4m3fn--default--L128_0--bfbedc122ef9.json
mobilenet_v2,fp8_e4m3fn,default,L128_1,ladder,128,128,68.2667,68.0,105,6fc0b5693447e275d1774942e9fc10c915bc390cf1e3c683f4fc7ebc6cac2992,artifacts/experiment_b2_seeds/cells/mobilenet_v2--fp8_e4m3fn--default--L128_1--6fc0b5693447.json
mobilenet_v2,fp8_e4m3fn,default,L128_2,ladder,128,128,67.37,66.8,107,e37254454173bdbc9e869ff7871172e915cefcb4c1d8795279e3074d30493d57,artifacts/experiment_b2_seeds/cells/mobilenet_v2--fp8_e4m3fn--default--L128_2--e37254454173.json
mobilenet_v2,fp8_e4m3fn,default,L32_0,ladder,32,32,68.175,68.0,123,015345b6bc069adfbbc45f412d19057c45a82fc13a9e0d84c600077b4c04309d,artifacts/experiment_b2_seeds/cells/mobilenet_v2--fp8_e4m3fn--default--L32_0--015345b6bc06.json
mobilenet_v2,fp8_e4m3fn,default,L32_1,ladder,32,32,68.22,67.6,106,4230ea6ad2a50e49f40bb62e9703113d2e228fb9fa3631695fdfff61a777ef67,artifacts/experiment_b2_seeds/cells/mobilenet_v2--fp8_e4m3fn--default--L32_1--4230ea6ad2a5.json
mobilenet_v2,fp8_e4m3fn,default,L32_2,ladder,32,32,66.55,66.0,124,74a2c7668be685a77389def2dabf05fa8388ab46dabb51187751f00496ad3ad1,artifacts/experiment_b2_seeds/cells/mobilenet_v2--fp8_e4m3fn--default--L32_2--74a2c7668be6.json
mobilenet_v2,fp8_e4m3fn,default,S0,seed,400,256,68.275,67.1,127,ee61e0e977dd3d2209549fd4b3ffe8a7651555b7ef2a7860662420d64881160d,artifacts/experiment_b2_seeds/cells/mobilenet_v2--fp8_e4m3fn--default--S0--ee61e0e977dd.json
mobilenet_v2,fp8_e4m3fn,default,S1,seed,400,256,68.3083,68.4,106,126205120e3be7a836f0a921313233b3e150dc07ea509df64819bb55569c30bd,artifacts/experiment_b2_seeds/cells/mobilenet_v2--fp8_e4m3fn--default--S1--126205120e3b.json
mobilenet_v2,fp8_e4m3fn,default,S2,seed,400,256,67.1625,66.7,111,7346a65ea505beb9c0ed940fbbbf49e9e9e3656eaf2244ef13f07cf3b01aa3e9,artifacts/experiment_b2_seeds/cells/mobilenet_v2--fp8_e4m3fn--default--S2--7346a65ea505.json
mobilenet_v2,fp8_e4m3fn,default,S3,seed,400,256,67.825,67.5,110,3267883a11f55ee655a2b06f2a345f333d01987a0c718b02d5133213680be03d,artifacts/experiment_b2_seeds/cells/mobilenet_v2--fp8_e4m3fn--default--S3--3267883a11f5.json
mobilenet_v2,fp8_e4m3fn,default,S4,seed,400,256,68.0617,67.5,105,fca53d8d57e7de2960350735c39f8d2d422dd078e94bc2998226a4ff246dc7db,artifacts/experiment_b2_seeds/cells/mobilenet_v2--fp8_e4m3fn--default--S4--fca53d8d57e7.json
mobilenet_v2,int6,default,B0,bias_only,2000,256,69.4393,69.3,102,1aff9a98b481d478dcdb02028089edc45c06a7dfd36a8cced0eae958fc96ff9a,artifacts/experiment_b2_seeds/cells/mobilenet_v2--int6--default--B0--1aff9a98b481.json
mobilenet_v2,int6,default,B1,bias_only,2000,256,70.3833,70.4,112,22e24dffcb52a9b9c0d2df25d5b87380f78c58905c8656cac632a5faa7cf3ea4,artifacts/experiment_b2_seeds/cells/mobilenet_v2--int6--default--B1--22e24dffcb52.json
mobilenet_v2,int6,default,B2,bias_only,2000,256,70.155,70.4,102,5b0e21359cf7b4379fd92ae940ae58dcca18de6b0bddf5d6d459e6885f8e7ab2,artifacts/experiment_b2_seeds/cells/mobilenet_v2--int6--default--B2--5b0e21359cf7.json
mobilenet_v2,int6,default,B3,bias_only,2000,256,70.2117,69.6,116,cf483818305910070208a42c5e52a5ed2245675ad720ebbe1cd40483166a0a8e,artifacts/experiment_b2_seeds/cells/mobilenet_v2--int6--default--B3--cf4838183059.json
mobilenet_v2,int6,default,B4,bias_only,2000,256,69.9917,70.0,100,53a8bc464e1ec87812183d1af0580f0f8f9065a49bf972c69c5b9d56bcc38ffd,artifacts/experiment_b2_seeds/cells/mobilenet_v2--int6--default--B4--53a8bc464e1e.json
mobilenet_v2,int6,default,H0,ladder,1000,256,69.0143,68.4,116,694063a5dc26d2a28025480a635571f9f6e094fda807878eeba00f17d028b524,artifacts/experiment_b2_seeds/cells/mobilenet_v2--int6--default--H0--694063a5dc26.json
mobilenet_v2,int6,default,H1,ladder,1000,256,70.52,71.1,124,2cc6e52095bdc7372dffddbd4a91ad6c191551cddf65dd44f75301d277db21a3,artifacts/experiment_b2_seeds/cells/mobilenet_v2--int6--default--H1--2cc6e52095bd.json
mobilenet_v2,int6,default,L128_0,ladder,128,128,70.945,70.6,95,5cc952924e899f5b66bd00bf655cfeb99d6c09ad0f309942563bd1b4fbd5ca5b,artifacts/experiment_b2_seeds/cells/mobilenet_v2--int6--default--L128_0--5cc952924e89.json
mobilenet_v2,int6,default,L128_1,ladder,128,128,70.0926,69.6,105,28b93433433dca922af4acbe8c21903096774dd78401592ce485238b7cbe3862,artifacts/experiment_b2_seeds/cells/mobilenet_v2--int6--default--L128_1--28b93433433d.json
mobilenet_v2,int6,default,L128_2,ladder,128,128,70.07,69.4,93,c09cc1b76fe15612954a8cc2394276aec1042123fdf063371ea2ee87a5af1e97,artifacts/experiment_b2_seeds/cells/mobilenet_v2--int6--default--L128_2--c09cc1b76fe1.json
mobilenet_v2,int6,default,L32_0,ladder,32,32,68.3826,68.0,139,c73ea53f4a675fc91adaf6e150539798cc8faf3dec1238f3d9371a95fd93172e,artifacts/experiment_b2_seeds/cells/mobilenet_v2--int6--default--L32_0--c73ea53f4a67.json
mobilenet_v2,int6,default,L32_1,ladder,32,32,69.745,69.4,106,a04be43342f34254f3f28c3152cb0aa9889a17c0368a704895e055bf585ebfe5,artifacts/experiment_b2_seeds/cells/mobilenet_v2--int6--default--L32_1--a04be43342f3.json
mobilenet_v2,int6,default,L32_2,ladder,32,32,68.9867,68.3,138,722584d859e351b43e172aa68813ec09c2b280b19a5c82426c7eca4e62d4ebd0,artifacts/experiment_b2_seeds/cells/mobilenet_v2--int6--default--L32_2--722584d859e3.json
mobilenet_v2,int6,default,S0,seed,400,256,70.2625,69.8,114,002fae0eea1817feebaf25daa3ee1d55c57ae5c5a35172be1f87fa97a7ff85bb,artifacts/experiment_b2_seeds/cells/mobilenet_v2--int6--default--S0--002fae0eea18.json
mobilenet_v2,int6,default,S1,seed,400,256,71.325,70.5,92,492461db20bc8c8e46bbe8bb0c776f2a5871a2a5fc8598980dcb222689726653,artifacts/experiment_b2_seeds/cells/mobilenet_v2--int6--default--S1--492461db20bc.json
mobilenet_v2,int6,default,S2,seed,400,256,68.5917,68.2,131,8e0486b4a1922a97ec1ef6a41ab9497af611025f0b9b0753e8acb44ca299e5a1,artifacts/experiment_b2_seeds/cells/mobilenet_v2--int6--default--S2--8e0486b4a192.json
mobilenet_v2,int6,default,S3,seed,400,256,69.6067,69.8,112,f693af3b6e7e57482d13adaa5c84eb8d17e6e21590d2047669298210fb924fe5,artifacts/experiment_b2_seeds/cells/mobilenet_v2--int6--default--S3--f693af3b6e7e.json
mobilenet_v2,int6,default,S4,seed,400,256,69.5208,70.2,113,3b29c9b77338b19f351cc146b60db10ad1cb34d5a407c8a59a606dfc08350d2a,artifacts/experiment_b2_seeds/cells/mobilenet_v2--int6--default--S4--3b29c9b77338.json
mobilenet_v2,int6,minimal,S0,seed,400,256,66.3783,65.8,89,0fa04fe84f998c2e61d9118008d73d8669917f05226d2841d82b3617b58e3b76,artifacts/experiment_b2_seeds/cells/mobilenet_v2--int6--minimal--S0--0fa04fe84f99.json
mobilenet_v2,int6,minimal,S1,seed,400,256,65.2667,65.3,80,7cb7c60e6d3fb35ba5140c8ce75b17964e8de751f956e2c6cb61f0a4052e6b44,artifacts/experiment_b2_seeds/cells/mobilenet_v2--int6--minimal--S1--7cb7c60e6d3f.json
mobilenet_v2,int6,minimal,S2,seed,400,256,66.5,66.5,82,be3ad52f72b4916d674eb55478a4deb2be5d9b942b0aca5c68d7c5bb3a41b126,artifacts/experiment_b2_seeds/cells/mobilenet_v2--int6--minimal--S2--be3ad52f72b4.json
mobilenet_v2,int6,minimal,S3,seed,400,256,66.4083,66.1,102,b16448e13c7c0d8cdcf86dcc5696f16fac4932269df4daa19d8792f07bb31b33,artifacts/experiment_b2_seeds/cells/mobilenet_v2--int6--minimal--S3--b16448e13c7c.json
mobilenet_v2,int6,minimal,S4,seed,400,256,65.7083,65.4,82,339851cd3cdf433f331c3636f6d6834cec1fea9f0ea5aafc247a5a4410d62ae4,artifacts/experiment_b2_seeds/cells/mobilenet_v2--int6--minimal--S4--339851cd3cdf.json
mobilenet_v2,int8,default,B0,bias_only,2000,256,72.3,72.1,13,ca6bb2db684f8e4e089d166d0ece66cba697de5fdba6e2d258e69481727b0573,artifacts/experiment_b2_seeds/cells/mobilenet_v2--int8--default--B0--ca6bb2db684f.json
mobilenet_v2,int8,default,B1,bias_only,2000,256,72.15,71.8,14,52cfb685b6784d526d1a07b5516e010ef10abbfe8deaf928c6484cb9faf1d8bd,artifacts/experiment_b2_seeds/cells/mobilenet_v2--int8--default--B1--52cfb685b678.json
mobilenet_v2,int8,default,B2,bias_only,2000,256,72.6,72.7,16,0345443dd7d07a774fadc1eed182f8466ca4714ecac9b74e4eed0c56ff4c9730,artifacts/experiment_b2_seeds/cells/mobilenet_v2--int8--default--B2--0345443dd7d0.json
mobilenet_v2,int8,default,B3,bias_only,2000,256,72.15,72.0,16,b8bc8e10f4c72edc2bcd3298796ddd5d135b498d495b4613b94bda31d875b992,artifacts/experiment_b2_seeds/cells/mobilenet_v2--int8--default--B3--b8bc8e10f4c7.json
mobilenet_v2,int8,default,B4,bias_only,2000,256,72.3333,72.1,18,b91f370ed7acadfac2edfe7e20b1b242435ab806f463de72cb1c0f4dc1c63a08,artifacts/experiment_b2_seeds/cells/mobilenet_v2--int8--default--B4--b91f370ed7ac.json
mobilenet_v2,int8,default,H0,ladder,1000,256,72.45,72.3,17,c22707f3ce9bd0e2684fe029bd1025a9351de9e612f7b4f566be9d12305e7fc9,artifacts/experiment_b2_seeds/cells/mobilenet_v2--int8--default--H0--c22707f3ce9b.json
mobilenet_v2,int8,default,H1,ladder,1000,256,72.1833,71.9,15,33b161267783c529d3a6bafbd5e85b4555c58cdb47acc8cf1bb2e3c0b3c0ff7e,artifacts/experiment_b2_seeds/cells/mobilenet_v2--int8--default--H1--33b161267783.json
mobilenet_v2,int8,default,L128_0,ladder,128,128,72.35,72.2,14,d7e8ba3822e42b0ef1509ef80213939524695e39d6f3471a25ab676611a8edcb,artifacts/experiment_b2_seeds/cells/mobilenet_v2--int8--default--L128_0--d7e8ba3822e4.json
mobilenet_v2,int8,default,L128_1,ladder,128,128,72.3333,72.4,21,0fd944f6ff19c6c2ecc44b1684eaafc340251c3d6a25222bd9253154f14999c6,artifacts/experiment_b2_seeds/cells/mobilenet_v2--int8--default--L128_1--0fd944f6ff19.json
mobilenet_v2,int8,default,L128_2,ladder,128,128,72.3,72.2,21,eafeb7ac71cc5182b075902aa94c054f30527b6d8bdce82c6d7cde0972f30770,artifacts/experiment_b2_seeds/cells/mobilenet_v2--int8--default--L128_2--eafeb7ac71cc.json
mobilenet_v2,int8,default,L32_0,ladder,32,32,72.6833,72.9,14,3e5b3092064b07c436b33048a79135fb3d5e699d3459e03cb24b71ca06e28570,artifacts/experiment_b2_seeds/cells/mobilenet_v2--int8--default--L32_0--3e5b3092064b.json
mobilenet_v2,int8,default,L32_1,ladder,32,32,72.65,72.6,17,8dda148331c7f8212a89fe77a4d770011f4458ac56825e503e19943da7d566a1,artifacts/experiment_b2_seeds/cells/mobilenet_v2--int8--default--L32_1--8dda148331c7.json
mobilenet_v2,int8,default,L32_2,ladder,32,32,72.15,72.0,23,02e78f39a9a44cf18604a6e758d0311d4b93364f304f2e70bd3257db918db954,artifacts/experiment_b2_seeds/cells/mobilenet_v2--int8--default--L32_2--02e78f39a9a4.json
mobilenet_v2,int8,default,S0,seed,400,256,72.4167,72.4,19,0eb4d4a4f508a65e24edc28e93147dbf6cfb1c53891ec504ac8c8ea8c201b2ae,artifacts/experiment_b2_seeds/cells/mobilenet_v2--int8--default--S0--0eb4d4a4f508.json
mobilenet_v2,int8,default,S1,seed,400,256,72.55,72.5,20,9d06b23c15ebca8e0e9082def6cc6a0a433a94edc70c3eb98c53581931de074e,artifacts/experiment_b2_seeds/cells/mobilenet_v2--int8--default--S1--9d06b23c15eb.json
mobilenet_v2,int8,default,S2,seed,400,256,72.5,72.3,23,bbc5ccf23b505b36ee0ee0aeb2dcd943a1ccbf328592fbd63fe1dca4a279bf8f,artifacts/experiment_b2_seeds/cells/mobilenet_v2--int8--default--S2--bbc5ccf23b50.json
mobilenet_v2,int8,default,S3,seed,400,256,72.5,72.4,24,fa9f4cd44d15e329f04a3b26a72120c6fc03b39cc6cd6aebe3ca5153038a5452,artifacts/experiment_b2_seeds/cells/mobilenet_v2--int8--default--S3--fa9f4cd44d15.json
mobilenet_v2,int8,default,S4,seed,400,256,72.0333,71.9,14,b1fea4e72c24630be22ddd211d49caf44af26958e24dcde73a8f140ebde5a78c,artifacts/experiment_b2_seeds/cells/mobilenet_v2--int8--default--S4--b1fea4e72c24.json
mobilenet_v2,log6,default,B0,bias_only,2000,256,26.6944,28.4,520,a3aa39f854d78a114403480c1bb58e945368854512ff3276ea4498d845cf12fc,artifacts/experiment_b2_seeds/cells/mobilenet_v2--log6--default--B0--a3aa39f854d7.json
mobilenet_v2,log6,default,B1,bias_only,2000,256,26.1579,27.2,440,e01d62ac00fba4aae403dd5b6cc8e979063f39046b776645f62b00f3fde1b153,artifacts/experiment_b2_seeds/cells/mobilenet_v2--log6--default--B1--e01d62ac00fb.json
mobilenet_v2,log6,default,B2,bias_only,2000,256,25.0841,26.6,396,272637eaf327e42aa4e849d70638d289c1f9545df9c27ed8f5b28ac948866822,artifacts/experiment_b2_seeds/cells/mobilenet_v2--log6--default--B2--272637eaf327.json
mobilenet_v2,log6,default,R0,range_only,400,256,21.4467,23.0,494,14bb3e406e1d588a603cc39c184600cbe2bcac984163d80e26e4d852ad95327a,artifacts/experiment_b2_seeds/cells/mobilenet_v2--log6--default--R0--14bb3e406e1d.json
mobilenet_v2,log6,default,R1,range_only,400,256,24.5203,24.8,503,1330e753883fee5078f9ae194be6096a5b65d100c7b2f3b5e596daaf6ca25c89,artifacts/experiment_b2_seeds/cells/mobilenet_v2--log6--default--R1--1330e753883f.json
mobilenet_v2,log6,default,R2,range_only,400,256,14.0335,15.3,672,b6952645292b94ab6cbb69a83a9f9cfb3a9a96d8d9cff9f2a577093b6f4317b8,artifacts/experiment_b2_seeds/cells/mobilenet_v2--log6--default--R2--b6952645292b.json
mobilenet_v2,log6,default,S0,seed,400,256,28.5543,30.2,454,711d79e098af6a3119bc7e8daa73c246a094a84498795b3e6100818c658ab8b8,artifacts/experiment_b2_seeds/cells/mobilenet_v2--log6--default--S0--711d79e098af.json
mobilenet_v2,log6,default,S1,seed,400,256,29.3374,30.1,459,926f6483abd9c040068b721e643608a51f1d78333ad3edf0d1f56ce01a0961ec,artifacts/experiment_b2_seeds/cells/mobilenet_v2--log6--default--S1--926f6483abd9.json
mobilenet_v2,log6,default,S2,seed,400,256,20.0576,20.1,519,c2763e353b39b91d4a31f24466ca3c35f7ec02487ec26815d6083fac073b88a5,artifacts/experiment_b2_seeds/cells/mobilenet_v2--log6--default--S2--c2763e353b39.json
mobilenet_v2,log6,default,S3,seed,400,256,21.5995,21.6,496,bd0ca6d8270d5719effc777cfcb1cfd24eff089bc21f80f1ad9022a19bacdbe2,artifacts/experiment_b2_seeds/cells/mobilenet_v2--log6--default--S3--bd0ca6d8270d.json
mobilenet_v2,log6,default,S4,seed,400,256,21.2735,22.2,431,67308fcc512ce8295eba4d4551be99e93710376d9ae21b1058e5602830be5c52,artifacts/experiment_b2_seeds/cells/mobilenet_v2--log6--default--S4--67308fcc512c.json
mobilenet_v2,log6,minimal,S0,seed,400,256,48.7593,49.4,335,a3a1ae7fc9dc5c50a62b6943c3c67bbe564c22acbaa1f3d7cb8101da17e04dc0,artifacts/experiment_b2_seeds/cells/mobilenet_v2--log6--minimal--S0--a3a1ae7fc9dc.json
mobilenet_v2,log6,minimal,S1,seed,400,256,46.4719,45.4,400,f0d522a6cb51bc48ae99bd3d68bd402178598d5896b55b286dab52a5b2378183,artifacts/experiment_b2_seeds/cells/mobilenet_v2--log6--minimal--S1--f0d522a6cb51.json
mobilenet_v2,log6,minimal,S2,seed,400,256,47.1751,48.3,364,e1003f3b0398d0b1f772856447c70358d74e7e79692753448562ffd6a74d5820,artifacts/experiment_b2_seeds/cells/mobilenet_v2--log6--minimal--S2--e1003f3b0398.json
mobilenet_v2,log6,minimal,S3,seed,400,256,47.6754,49.4,382,232f8a4e3be33dcf5362ce58af2108abc100050f06c8949a9698d60aa3768a2e,artifacts/experiment_b2_seeds/cells/mobilenet_v2--log6--minimal--S3--232f8a4e3be3.json
mobilenet_v2,log6,minimal,S4,seed,400,256,48.2893,48.4,354,65607a0106a50a9db627e1da87cfe1a90014a35cdabf863a3c708fd8ab6bb842,artifacts/experiment_b2_seeds/cells/mobilenet_v2--log6--minimal--S4--65607a0106a5.json
mobilenet_v2,log8,default,S0,seed,400,256,68.5367,68.4,130,89cccfce4767c1e68264674def3ec4f05d9b5b6b3192508c00ca51e0c913bb62,artifacts/experiment_b2_seeds/cells/mobilenet_v2--log8--default--S0--89cccfce4767.json
mobilenet_v2,log8,default,S1,seed,400,256,68.85,68.4,119,63f82ed6b474b1680add395e725966701f12b12651963b7c2e813e6e5a31d743,artifacts/experiment_b2_seeds/cells/mobilenet_v2--log8--default--S1--63f82ed6b474.json
mobilenet_v2,log8,default,S2,seed,400,256,67.9917,67.2,117,a9d2f4e235d13a54b7f1f7321afcd6611a0a75b57217a4c8577f99dbe1654bcf,artifacts/experiment_b2_seeds/cells/mobilenet_v2--log8--default--S2--a9d2f4e235d1.json
mobilenet_v2,log8,default,S3,seed,400,256,68.4667,68.2,114,cafc38b429de5f4cd95ccc0acf742eb1ffbcc890c51092f75a3a2589d056abd0,artifacts/experiment_b2_seeds/cells/mobilenet_v2--log8--default--S3--cafc38b429de.json
mobilenet_v2,log8,default,S4,seed,400,256,68.9583,68.3,112,193f33a1310d589f4ecd27cf24c993358255b2a7efb19569d6011ddcb61b49d6,artifacts/experiment_b2_seeds/cells/mobilenet_v2--log8--default--S4--193f33a1310d.json
mobilenet_v2,mxfp8_e4m3,cum5_act_maxabs,S0,seed,400,256,66.6,66.6,119,0d397215e11b8c32ba2557b545c93e224bd2610862846f9d8701ff39118fffce,artifacts/experiment_b2_seeds/cells/mobilenet_v2--mxfp8_e4m3--cum5_act_maxabs--S0--0d397215e11b.json
mobilenet_v2,mxfp8_e4m3,cum5_act_maxabs,S1,seed,400,256,66.7667,66.8,132,42eef4b1839d8cd51e37a6788781b24e7635c7dd55fa92ef069f0c84d9f8660c,artifacts/experiment_b2_seeds/cells/mobilenet_v2--mxfp8_e4m3--cum5_act_maxabs--S1--42eef4b1839d.json
mobilenet_v2,mxfp8_e4m3,cum5_act_maxabs,S2,seed,400,256,67.2333,67.5,131,784d9235210e088b48bed19ddd82126e1aea98060c42de21c46887e51d8a84da,artifacts/experiment_b2_seeds/cells/mobilenet_v2--mxfp8_e4m3--cum5_act_maxabs--S2--784d9235210e.json
mobilenet_v2,mxfp8_e4m3,cum5_act_maxabs,S3,seed,400,256,67.5917,67.5,113,2805675c0ed4ff5d719a0e251b6de6d13f712184cb93107cf159022857a221b2,artifacts/experiment_b2_seeds/cells/mobilenet_v2--mxfp8_e4m3--cum5_act_maxabs--S3--2805675c0ed4.json
mobilenet_v2,mxfp8_e4m3,cum5_act_maxabs,S4,seed,400,256,66.8,67.4,117,6d6219a11800b6a863eb77582820298f48e32959d89dc92fc5b14ffe5cb7d129,artifacts/experiment_b2_seeds/cells/mobilenet_v2--mxfp8_e4m3--cum5_act_maxabs--S4--6d6219a11800.json
mobilenet_v2,nf4,minimal,S0,seed,400,256,1.465,1.7,551,0a38731a7c8282040a69dbb772e1841661ee9a93953c158982d69ae66c3b54fd,artifacts/experiment_b2_seeds/cells/mobilenet_v2--nf4--minimal--S0--0a38731a7c82.json
mobilenet_v2,nf4,minimal,S1,seed,400,256,1.301,1.2,516,16b6e604eb719e38b5c8af965c454e6eb9edb43a50b72232d54194948d5d293d,artifacts/experiment_b2_seeds/cells/mobilenet_v2--nf4--minimal--S1--16b6e604eb71.json
mobilenet_v2,nf4,minimal,S2,seed,400,256,1.3393,1.2,503,8c8afd4a53420b9a4cc7765bda558b361003b719aa3ec58be77ed7198642930a,artifacts/experiment_b2_seeds/cells/mobilenet_v2--nf4--minimal--S2--8c8afd4a5342.json
mobilenet_v2,nf4,minimal,S3,seed,400,256,1.6285,1.7,534,a6170d7bf726fd1bc2f9bd0eb143861a5fe078084352fea5258b36dcc9abb526,artifacts/experiment_b2_seeds/cells/mobilenet_v2--nf4--minimal--S3--a6170d7bf726.json
mobilenet_v2,nf4,minimal,S4,seed,400,256,2.0219,2.0,494,b792f5f45092f16d72d912c445767d29a65e97d5f8fd869490b599e0e26ac682,artifacts/experiment_b2_seeds/cells/mobilenet_v2--nf4--minimal--S4--b792f5f45092.json
mobilenet_v2,posit6_es1,default,B0,bias_only,2000,256,25.816,27.1,594,87aad25135a56df69385356b4f6caa9ba4c77e7fae953c572ba58e3c208eb6f3,artifacts/experiment_b2_seeds/cells/mobilenet_v2--posit6_es1--default--B0--87aad25135a5.json
mobilenet_v2,posit6_es1,default,B1,bias_only,2000,256,24.3232,25.6,525,7f4f26ba166fdca473ca880ba482d252dd467ec90b1e538df20ca94f12afbbfa,artifacts/experiment_b2_seeds/cells/mobilenet_v2--posit6_es1--default--B1--7f4f26ba166f.json
mobilenet_v2,posit6_es1,default,B2,bias_only,2000,256,23.5759,25.0,528,aa4b2b79036a25a51821c779e09fd616173afaf85593177f07129248bd346e07,artifacts/experiment_b2_seeds/cells/mobilenet_v2--posit6_es1--default--B2--aa4b2b79036a.json
mobilenet_v2,posit6_es1,default,R0,range_only,400,256,22.3952,23.4,499,4fb723c8636fd14821866d74f626cfc65b92ab5d33c4b6f0bfcccfa5227d1e01,artifacts/experiment_b2_seeds/cells/mobilenet_v2--posit6_es1--default--R0--4fb723c8636f.json
mobilenet_v2,posit6_es1,default,R1,range_only,400,256,28.0497,28.8,449,b1530e00ec41aeaa655113e4ec73818e8e51653a47431ee7f3f9b243d4753ae5,artifacts/experiment_b2_seeds/cells/mobilenet_v2--posit6_es1--default--R1--b1530e00ec41.json
mobilenet_v2,posit6_es1,default,R2,range_only,400,256,22.1199,24.2,578,b6745f9e8f08b2aa1112222b307c7059dbc9c52c602ee3362870ec04722cde2f,artifacts/experiment_b2_seeds/cells/mobilenet_v2--posit6_es1--default--R2--b6745f9e8f08.json
mobilenet_v2,posit6_es1,default,S0,seed,400,256,27.8811,30.7,537,518a9f08387ae094a5b83e2b566827a950a6ed025d491483f430fb7b7224670b,artifacts/experiment_b2_seeds/cells/mobilenet_v2--posit6_es1--default--S0--518a9f08387a.json
mobilenet_v2,posit6_es1,default,S1,seed,400,256,35.0975,37.1,446,dffb967d0277159960b4429c92b31d0fdd1d3f58ee4a1d982e33bac328e1a78e,artifacts/experiment_b2_seeds/cells/mobilenet_v2--posit6_es1--default--S1--dffb967d0277.json
mobilenet_v2,posit6_es1,default,S2,seed,400,256,27.5683,28.4,526,b2d6735b88fb118ca2b17e8b1a12b4260740a4a6a3bcfa7f0026932c9dd5dfe7,artifacts/experiment_b2_seeds/cells/mobilenet_v2--posit6_es1--default--S2--b2d6735b88fb.json
mobilenet_v2,posit6_es1,default,S3,seed,400,256,24.6232,25.8,626,894ff43bf54b29331b31abcf860b6d7e72b249e6203fe9a92f597ad858df902d,artifacts/experiment_b2_seeds/cells/mobilenet_v2--posit6_es1--default--S3--894ff43bf54b.json
mobilenet_v2,posit6_es1,default,S4,seed,400,256,25.4494,26.6,563,a4c5850412ea149d996f7b9ff596c19aea08ff312a9832fc9e3934492bd01bcf,artifacts/experiment_b2_seeds/cells/mobilenet_v2--posit6_es1--default--S4--a4c5850412ea.json
mobilenet_v2,posit6_es1,minimal,S0,seed,400,256,0.0333,0.0,635,49d65ce9e7091657a8b9eea935696212806ceaa717d2756eea7c0125026a0b4d,artifacts/experiment_b2_seeds/cells/mobilenet_v2--posit6_es1--minimal--S0--49d65ce9e709.json
mobilenet_v2,posit6_es1,minimal,S1,seed,400,256,0.125,0.1,582,1ba2a16802e025c401f5617d58c865717e83842364f57cf83c8cc604af2c83f8,artifacts/experiment_b2_seeds/cells/mobilenet_v2--posit6_es1--minimal--S1--1ba2a16802e0.json
mobilenet_v2,posit6_es1,minimal,S2,seed,400,256,0.175,0.1,648,24e2195759c40600c5aa322b8eef781a26c12c0ffd2b83602aebd28d594c755a,artifacts/experiment_b2_seeds/cells/mobilenet_v2--posit6_es1--minimal--S2--24e2195759c4.json
mobilenet_v2,posit6_es1,minimal,S3,seed,400,256,0.1,0.1,525,5a8ca0fdb852cf97f70504b1f91112be1a625a5da3ce09de5ac8b79146c958e1,artifacts/experiment_b2_seeds/cells/mobilenet_v2--posit6_es1--minimal--S3--5a8ca0fdb852.json
mobilenet_v2,posit6_es1,minimal,S4,seed,400,256,0.0833,0.0,696,39de85b94f96976108381e8ead4926c136c1036d9b9424917a9159caf5635958,artifacts/experiment_b2_seeds/cells/mobilenet_v2--posit6_es1--minimal--S4--39de85b94f96.json
mobilenet_v2,posit8_es1,default,B0,bias_only,2000,256,72.25,71.7,59,4eb376f1c738cb8df983547b1ff0b19c38f921c38562196539081a7644b4ff09,artifacts/experiment_b2_seeds/cells/mobilenet_v2--posit8_es1--default--B0--4eb376f1c738.json
mobilenet_v2,posit8_es1,default,B1,bias_only,2000,256,72.1083,71.7,61,4b044a272c2a5ead96c37fbfb45715468678e8fa8efdca4873bf4253cd9cc73e,artifacts/experiment_b2_seeds/cells/mobilenet_v2--posit8_es1--default--B1--4b044a272c2a.json
mobilenet_v2,posit8_es1,default,B2,bias_only,2000,256,72.8667,72.8,52,73c0d6693ce259ac2ed4b3f16f6d3ee3e695b6793cdeb54917af1f3c607f9fb2,artifacts/experiment_b2_seeds/cells/mobilenet_v2--posit8_es1--default--B2--73c0d6693ce2.json
mobilenet_v2,posit8_es1,default,B3,bias_only,2000,256,71.9333,71.4,68,7b3ffdee05272ace5bfefcd1f7245bcb1dcacf73f2ff42d32b30c9606d95785c,artifacts/experiment_b2_seeds/cells/mobilenet_v2--posit8_es1--default--B3--7b3ffdee0527.json
mobilenet_v2,posit8_es1,default,B4,bias_only,2000,256,72.5667,72.1,62,e2b2c571989149a87033e8d5d0c65df2d9b715461921a5360b9f2c0d91b56239,artifacts/experiment_b2_seeds/cells/mobilenet_v2--posit8_es1--default--B4--e2b2c5719891.json
mobilenet_v2,posit8_es1,default,H0,ladder,1000,256,72.5,71.8,53,22ecae562f54019822ab813b2702fe58116ac4cd77afaab8b87778ffe8398605,artifacts/experiment_b2_seeds/cells/mobilenet_v2--posit8_es1--default--H0--22ecae562f54.json
mobilenet_v2,posit8_es1,default,H1,ladder,1000,256,72.0167,71.6,54,470d36513e6f71c036881406d28eb95c9436856c95cad871efb0e7102596b659,artifacts/experiment_b2_seeds/cells/mobilenet_v2--posit8_es1--default--H1--470d36513e6f.json
mobilenet_v2,posit8_es1,default,L128_0,ladder,128,128,71.8833,71.8,53,462e74b86d1affb90d68cbb286df3a16004a119fa3989f77b5eb394edd5a5b92,artifacts/experiment_b2_seeds/cells/mobilenet_v2--posit8_es1--default--L128_0--462e74b86d1a.json
mobilenet_v2,posit8_es1,default,L128_1,ladder,128,128,72.1667,72.3,56,a7684ac88607eecb55a44c5521c16a5674e8fc78eb598675b990c167c9509a47,artifacts/experiment_b2_seeds/cells/mobilenet_v2--posit8_es1--default--L128_1--a7684ac88607.json
mobilenet_v2,posit8_es1,default,L128_2,ladder,128,128,71.8667,71.5,59,14b93dbc8fe007afc791265bc357f5a23a6c430d01b915c4b7fc7fdc4c2fc219,artifacts/experiment_b2_seeds/cells/mobilenet_v2--posit8_es1--default--L128_2--14b93dbc8fe0.json
mobilenet_v2,posit8_es1,default,L32_0,ladder,32,32,72.65,72.2,62,d2f66117c1186752accdb8778967eb75a42bc0d3c38836960f81c7e87a802b13,artifacts/experiment_b2_seeds/cells/mobilenet_v2--posit8_es1--default--L32_0--d2f66117c118.json
mobilenet_v2,posit8_es1,default,L32_1,ladder,32,32,72.4833,72.0,58,6fcaaaafc09ddd93b612c027377f3624758cd72ee9b9685256f4c50cebbb620e,artifacts/experiment_b2_seeds/cells/mobilenet_v2--posit8_es1--default--L32_1--6fcaaaafc09d.json
mobilenet_v2,posit8_es1,default,L32_2,ladder,32,32,71.4833,71.4,68,761ca9c8e9765370bb7541f1bb5eb5831865737708a4f26b60162ab53d14e852,artifacts/experiment_b2_seeds/cells/mobilenet_v2--posit8_es1--default--L32_2--761ca9c8e976.json
mobilenet_v2,posit8_es1,default,S0,seed,400,256,72.0,71.1,53,b69367cf86a053158b20dcd064fac77c4781553aa43d2f7d292ac994523bbe0a,artifacts/experiment_b2_seeds/cells/mobilenet_v2--posit8_es1--default--S0--b69367cf86a0.json
mobilenet_v2,posit8_es1,default,S1,seed,400,256,72.1917,72.1,52,f0c5968597981eb801b713642d9283ee153570229bf3048e8e1e09e5fd0d7899,artifacts/experiment_b2_seeds/cells/mobilenet_v2--posit8_es1--default--S1--f0c596859798.json
mobilenet_v2,posit8_es1,default,S2,seed,400,256,71.9667,71.5,52,057e5ddb42610f872eaabe86dd21c90bf616c0590e48915446a8bff33d8b0ae7,artifacts/experiment_b2_seeds/cells/mobilenet_v2--posit8_es1--default--S2--057e5ddb4261.json
mobilenet_v2,posit8_es1,default,S3,seed,400,256,72.1,71.9,69,f2b2c909204e2ba0fc772f5bbd663c993d5777866096e4335450603bd345f753,artifacts/experiment_b2_seeds/cells/mobilenet_v2--posit8_es1--default--S3--f2b2c909204e.json
mobilenet_v2,posit8_es1,default,S4,seed,400,256,72.0,71.6,50,6db1a10fae90ab27e08e920749e3a4c709ee03c05f211e8c3e0d19b9b309045e,artifacts/experiment_b2_seeds/cells/mobilenet_v2--posit8_es1--default--S4--6db1a10fae90.json
mobilenet_v3_large,bfp6,cum5_act_maxabs,S0,seed,400,256,54.9,54.7,90,c41b6c9907bac396c3d18fdfc017f9d3337e3b570b7246063c67b25e8c9082c0,artifacts/experiment_b2_seeds/cells/mobilenet_v3_large--bfp6--cum5_act_maxabs--S0--c41b6c9907ba.json
mobilenet_v3_large,bfp6,cum5_act_maxabs,S1,seed,400,256,57.0167,57.2,74,01779cababbf1f5d8c8d079f08ffde696d707df3f0bd0218b0c077a2c91cd104,artifacts/experiment_b2_seeds/cells/mobilenet_v3_large--bfp6--cum5_act_maxabs--S1--01779cababbf.json
mobilenet_v3_large,bfp6,cum5_act_maxabs,S2,seed,400,256,56.4583,56.1,82,7a8d0526e0dac1cb9085777ce9973239bbb4efa67c9bbce109fec1ff17dd224d,artifacts/experiment_b2_seeds/cells/mobilenet_v3_large--bfp6--cum5_act_maxabs--S2--7a8d0526e0da.json
mobilenet_v3_large,bfp6,cum5_act_maxabs,S3,seed,400,256,55.0333,55.2,80,1b60f1905e57508188cfca5da3ff63d317f04ef34d767aa4a90c0ce3d4c0755a,artifacts/experiment_b2_seeds/cells/mobilenet_v3_large--bfp6--cum5_act_maxabs--S3--1b60f1905e57.json
mobilenet_v3_large,bfp6,cum5_act_maxabs,S4,seed,400,256,57.2783,57.3,93,9e23c41b555fe33aa8205028bddbdc4aa452e59a5544bb98acabbeb1ff9f0e13,artifacts/experiment_b2_seeds/cells/mobilenet_v3_large--bfp6--cum5_act_maxabs--S4--9e23c41b555f.json
mobilenet_v3_large,fp6_e2m3,default,S0,seed,400,256,59.9,59.3,167,ef574c7935d221cbf59ff4137afb49a30ca92d6e5e63d525ba4e3cd0ec555259,artifacts/experiment_b2_seeds/cells/mobilenet_v3_large--fp6_e2m3--default--S0--ef574c7935d2.json
mobilenet_v3_large,fp6_e2m3,default,S1,seed,400,256,59.975,60.0,131,f5605a2c6e79edee77837328cd2c3143ea6a665efdf75222ce32cc334636dd91,artifacts/experiment_b2_seeds/cells/mobilenet_v3_large--fp6_e2m3--default--S1--f5605a2c6e79.json
mobilenet_v3_large,fp6_e2m3,default,S2,seed,400,256,56.6726,56.8,207,e03e781b0c2eb15683103ca3840ebc8ad699c02aafe2f364d8229a56a06034e1,artifacts/experiment_b2_seeds/cells/mobilenet_v3_large--fp6_e2m3--default--S2--e03e781b0c2e.json
mobilenet_v3_large,fp6_e2m3,default,S3,seed,400,256,58.225,57.8,149,ec1f82f190b5b026432cbb0f6533044cca677cdf1dd42c608a1cc6e0568e51c4,artifacts/experiment_b2_seeds/cells/mobilenet_v3_large--fp6_e2m3--default--S3--ec1f82f190b5.json
mobilenet_v3_large,fp6_e2m3,default,S4,seed,400,256,59.1783,59.4,158,501f5a4a69c24b7ecafb9f678c4fd9167e4e670c0c2136402f0def319a98bd20,artifacts/experiment_b2_seeds/cells/mobilenet_v3_large--fp6_e2m3--default--S4--501f5a4a69c2.json
mobilenet_v3_large,fp6_e2m3,minimal,S0,seed,400,256,25.1367,25.8,226,90c57fb008387fa6efdac93c42207697c60d881fc777b650cd409f2bc00fcb0d,artifacts/experiment_b2_seeds/cells/mobilenet_v3_large--fp6_e2m3--minimal--S0--90c57fb00838.json
mobilenet_v3_large,fp6_e2m3,minimal,S1,seed,400,256,43.5667,44.4,194,fe1f24d11078a29ea219e29efd0e92d3a094631f720666bba464e787c919b76d,artifacts/experiment_b2_seeds/cells/mobilenet_v3_large--fp6_e2m3--minimal--S1--fe1f24d11078.json
mobilenet_v3_large,fp6_e2m3,minimal,S2,seed,400,256,42.9517,43.0,187,82a494a8fdc724c0a037800ba3e903b58a4949a839d07ad23b8524dede995525,artifacts/experiment_b2_seeds/cells/mobilenet_v3_large--fp6_e2m3--minimal--S2--82a494a8fdc7.json
mobilenet_v3_large,fp6_e2m3,minimal,S3,seed,400,256,32.1775,32.8,210,2bea3f7fe0dbab47e2270ee417afa799693f238e53e66def64c0ade9514a8e58,artifacts/experiment_b2_seeds/cells/mobilenet_v3_large--fp6_e2m3--minimal--S3--2bea3f7fe0db.json
mobilenet_v3_large,fp6_e2m3,minimal,S4,seed,400,256,34.86,35.2,254,1e777186b7296ef5a9dd09f025c03796c2e64316f1a0ff3420633d617fa46607,artifacts/experiment_b2_seeds/cells/mobilenet_v3_large--fp6_e2m3--minimal--S4--1e777186b729.json
mobilenet_v3_large,fp6_e3m2,default,S0,seed,400,256,36.191,36.7,309,644789e8d956709f4722a04a7e9d0aaaad96d309f2b0b1a6ded4cff935092994,artifacts/experiment_b2_seeds/cells/mobilenet_v3_large--fp6_e3m2--default--S0--644789e8d956.json
mobilenet_v3_large,fp6_e3m2,default,S1,seed,400,256,40.9093,40.9,297,74563ad8d16c75fc386e3b89f4dfc0a1d10e75c3d4813f2d477642ecb4dd63a7,artifacts/experiment_b2_seeds/cells/mobilenet_v3_large--fp6_e3m2--default--S1--74563ad8d16c.json
mobilenet_v3_large,fp6_e3m2,default,S2,seed,400,256,49.515,49.5,259,f1a946941d06e764d506c1e26eea016146775e3e40e2946327860dfbc095f643,artifacts/experiment_b2_seeds/cells/mobilenet_v3_large--fp6_e3m2--default--S2--f1a946941d06.json
mobilenet_v3_large,fp6_e3m2,default,S3,seed,400,256,29.9752,30.9,360,24c2acb2e591adc5d2ac1b72274b533d659116ba2cd2e2c2a26ec86a6d87c48e,artifacts/experiment_b2_seeds/cells/mobilenet_v3_large--fp6_e3m2--default--S3--24c2acb2e591.json
mobilenet_v3_large,fp6_e3m2,default,S4,seed,400,256,58.835,58.7,244,1d48150f0c832ad4087db0f907035b39df3f0101d82f6b33fb608d83c40f1afe,artifacts/experiment_b2_seeds/cells/mobilenet_v3_large--fp6_e3m2--default--S4--1d48150f0c83.json
mobilenet_v3_large,fp6_e3m2,minimal,S0,seed,400,256,39.0838,39.8,347,ed903caa8cb065d796c1b3656d409ab6dd2d87bb010589cc690f11eb905a358b,artifacts/experiment_b2_seeds/cells/mobilenet_v3_large--fp6_e3m2--minimal--S0--ed903caa8cb0.json
mobilenet_v3_large,fp6_e3m2,minimal,S1,seed,400,256,35.6675,36.7,341,1710254221fc4c6c2cdf805bd6bd67a514bcc411138b38465a87550d80d80db2,artifacts/experiment_b2_seeds/cells/mobilenet_v3_large--fp6_e3m2--minimal--S1--1710254221fc.json
mobilenet_v3_large,fp6_e3m2,minimal,S2,seed,400,256,42.8868,43.1,326,448e684117c3f6d73e07704c4f34ac93923910aae88b3265671b38046c63e738,artifacts/experiment_b2_seeds/cells/mobilenet_v3_large--fp6_e3m2--minimal--S2--448e684117c3.json
mobilenet_v3_large,fp6_e3m2,minimal,S3,seed,400,256,36.4293,37.3,362,4b85182e9eb91f389bb8318fdd11279505bf6bb89048a81f46db7e12f6a868d1,artifacts/experiment_b2_seeds/cells/mobilenet_v3_large--fp6_e3m2--minimal--S3--4b85182e9eb9.json
mobilenet_v3_large,fp6_e3m2,minimal,S4,seed,400,256,38.6104,39.3,339,a1eb9b0d0256f3451e8ced4ad7e9a64f626242e21e73f8a95658adb327710c9d,artifacts/experiment_b2_seeds/cells/mobilenet_v3_large--fp6_e3m2--minimal--S4--a1eb9b0d0256.json
mobilenet_v3_large,fp7_e3m3,default,S0,seed,400,256,68.2708,68.3,112,726ed79c305eb36ec8c06f50566d78c6ff40fed48828e3800e03a89d4c2349b8,artifacts/experiment_b2_seeds/cells/mobilenet_v3_large--fp7_e3m3--default--S0--726ed79c305e.json
mobilenet_v3_large,fp7_e3m3,default,S1,seed,400,256,71.5,70.7,95,0c43554b22189cfd57ec26aeefce978fa9f310e0c297b1ee7c454fb3c0ff836b,artifacts/experiment_b2_seeds/cells/mobilenet_v3_large--fp7_e3m3--default--S1--0c43554b2218.json
mobilenet_v3_large,fp7_e3m3,default,S2,seed,400,256,71.2167,71.2,113,8231e92ff28115b28d0015fa0ba4d062ece291201141f54cbd1a9b5d09f057dc,artifacts/experiment_b2_seeds/cells/mobilenet_v3_large--fp7_e3m3--default--S2--8231e92ff281.json
mobilenet_v3_large,fp7_e3m3,default,S3,seed,400,256,69.7867,70.6,105,5808a44c3b9a3777c677d6393278870d8707a5ca51821a10e5d71646d7a4e696,artifacts/experiment_b2_seeds/cells/mobilenet_v3_large--fp7_e3m3--default--S3--5808a44c3b9a.json
mobilenet_v3_large,fp7_e3m3,default,S4,seed,400,256,68.8083,68.6,106,f340ad1ef5a5e4afd09832d1c350fa174f336f3566e1ebb21d8fe24411b38511,artifacts/experiment_b2_seeds/cells/mobilenet_v3_large--fp7_e3m3--default--S4--f340ad1ef5a5.json
mobilenet_v3_large,fp8_e4m3fn,default,B0,bias_only,2000,256,71.875,71.1,122,0c623533509a72447ea4ba8e32348ba71585b16b9ee94df9b132e1b42e05349e,artifacts/experiment_b2_seeds/cells/mobilenet_v3_large--fp8_e4m3fn--default--B0--0c623533509a.json
mobilenet_v3_large,fp8_e4m3fn,default,B1,bias_only,2000,256,71.9833,71.2,99,431272381ebd0626f5408594c325ee3447b62020cd6529fceff7452a4d399d38,artifacts/experiment_b2_seeds/cells/mobilenet_v3_large--fp8_e4m3fn--default--B1--431272381ebd.json
mobilenet_v3_large,fp8_e4m3fn,default,B2,bias_only,2000,256,71.4617,71.4,103,3a417b6f3aa0d8d8a48a9a69169509288b3bd0d350a43759d8776cf9d05bea23,artifacts/experiment_b2_seeds/cells/mobilenet_v3_large--fp8_e4m3fn--default--B2--3a417b6f3aa0.json
mobilenet_v3_large,fp8_e4m3fn,default,B3,bias_only,2000,256,71.2583,71.7,95,6c5e164d3bb46213a4f01bebff009cd743c34ba47606d11683c1a7852afa9f28,artifacts/experiment_b2_seeds/cells/mobilenet_v3_large--fp8_e4m3fn--default--B3--6c5e164d3bb4.json
mobilenet_v3_large,fp8_e4m3fn,default,B4,bias_only,2000,256,72.475,71.5,110,bae322699991656fa05a05213f54aad7434dedb10bfdbcd89891e8c8fa81e9b9,artifacts/experiment_b2_seeds/cells/mobilenet_v3_large--fp8_e4m3fn--default--B4--bae322699991.json
mobilenet_v3_large,fp8_e4m3fn,default,H0,ladder,1000,256,70.1333,69.6,104,70d6598b7a69c9767a09594543b4f229166cac595051f9b449bdaddf6584bf01,artifacts/experiment_b2_seeds/cells/mobilenet_v3_large--fp8_e4m3fn--default--H0--70d6598b7a69.json
mobilenet_v3_large,fp8_e4m3fn,default,H1,ladder,1000,256,71.9333,71.4,99,4d1c389d89ab4e0bd1912bf9899fe296463540d48b6ad50844ee7ad6f413ba38,artifacts/experiment_b2_seeds/cells/mobilenet_v3_large--fp8_e4m3fn--default--H1--4d1c389d89ab.json
mobilenet_v3_large,fp8_e4m3fn,default,L128_0,ladder,128,128,71.8083,71.8,98,1c9e15dbc986a61420e06308fb99691c146237f3eaf826f5150389dd1f5f336d,artifacts/experiment_b2_seeds/cells/mobilenet_v3_large--fp8_e4m3fn--default--L128_0--1c9e15dbc986.json
mobilenet_v3_large,fp8_e4m3fn,default,L128_1,ladder,128,128,69.7333,70.4,116,0bf47c70cd8916dab1865fcf23872a14388d12b5be74ea8d22fbc84ed9d181bc,artifacts/experiment_b2_seeds/cells/mobilenet_v3_large--fp8_e4m3fn--default--L128_1--0bf47c70cd89.json
mobilenet_v3_large,fp8_e4m3fn,default,L128_2,ladder,128,128,69.42,68.8,116,c95990c84b114a6982ff112277937f81f222599bd0ca72c153f7bd503a02a110,artifacts/experiment_b2_seeds/cells/mobilenet_v3_large--fp8_e4m3fn--default--L128_2--c95990c84b11.json
mobilenet_v3_large,fp8_e4m3fn,default,L32_0,ladder,32,32,71.1083,70.1,104,c8ba99d76fbe3d23fd4346f54675c2316f731f33dd3654e8fbcec4b826355d9c,artifacts/experiment_b2_seeds/cells/mobilenet_v3_large--fp8_e4m3fn--default--L32_0--c8ba99d76fbe.json
mobilenet_v3_large,fp8_e4m3fn,default,L32_1,ladder,32,32,70.45,70.4,107,f387b3bf83c38776be19b1efd6207c8d26f01a0563677bc75a0fa7e376c5732a,artifacts/experiment_b2_seeds/cells/mobilenet_v3_large--fp8_e4m3fn--default--L32_1--f387b3bf83c3.json
mobilenet_v3_large,fp8_e4m3fn,default,L32_2,ladder,32,32,70.9083,70.3,114,f3f050c1cbcb5f31d13647935ae925956067173f1e526cb53b2e0ae4092461cd,artifacts/experiment_b2_seeds/cells/mobilenet_v3_large--fp8_e4m3fn--default--L32_2--f3f050c1cbcb.json
mobilenet_v3_large,fp8_e4m3fn,default,S0,seed,400,256,67.8833,67.9,112,6d12f48dd8158ba8b544cb4fd03f9538b663bc30b4bb315f6b12319fb2434c45,artifacts/experiment_b2_seeds/cells/mobilenet_v3_large--fp8_e4m3fn--default--S0--6d12f48dd815.json
mobilenet_v3_large,fp8_e4m3fn,default,S1,seed,400,256,71.6917,71.7,121,5ac98355b48ce38749f29e0bbb8ad9225725b11c228cf933e0d8c210d44634e5,artifacts/experiment_b2_seeds/cells/mobilenet_v3_large--fp8_e4m3fn--default--S1--5ac98355b48c.json
mobilenet_v3_large,fp8_e4m3fn,default,S2,seed,400,256,71.425,71.4,104,b13b06b08de229c05f455757eae1fa4011fd76d7a672067bc6b51564c949fba6,artifacts/experiment_b2_seeds/cells/mobilenet_v3_large--fp8_e4m3fn--default--S2--b13b06b08de2.json
mobilenet_v3_large,fp8_e4m3fn,default,S3,seed,400,256,70.0317,70.3,126,dec2e251adee2bf3771867041883bcbae5fdfa049b327134478f93a02e544a58,artifacts/experiment_b2_seeds/cells/mobilenet_v3_large--fp8_e4m3fn--default--S3--dec2e251adee.json
mobilenet_v3_large,fp8_e4m3fn,default,S4,seed,400,256,70.1333,70.0,105,cf37a28013c9966a9414d40b827a686b6e24e66bc825fbae76c7a48b2093cbff,artifacts/experiment_b2_seeds/cells/mobilenet_v3_large--fp8_e4m3fn--default--S4--cf37a28013c9.json
mobilenet_v3_large,int6,default,B0,bias_only,2000,256,22.1232,22.6,478,319591984c7f28259ce1587b0e7e719d0aea778d35edd54b8b65521176ab95f6,artifacts/experiment_b2_seeds/cells/mobilenet_v3_large--int6--default--B0--319591984c7f.json
mobilenet_v3_large,int6,default,B1,bias_only,2000,256,21.4398,21.3,472,f85b880fda6b02c6af5397138ee65da22dc19d877db3ac7380e3a32b70746ee9,artifacts/experiment_b2_seeds/cells/mobilenet_v3_large--int6--default--B1--f85b880fda6b.json
mobilenet_v3_large,int6,default,B2,bias_only,2000,256,22.7792,22.9,470,c1326fa7476a833897a995ab558b66e31f18a561f29013719b353c6d14cd2afe,artifacts/experiment_b2_seeds/cells/mobilenet_v3_large--int6--default--B2--c1326fa7476a.json
mobilenet_v3_large,int6,default,B3,bias_only,2000,256,22.5249,23.7,462,ec8e74352da15b08cbb95d6857974468487202618c5d63e16e0724510ac04055,artifacts/experiment_b2_seeds/cells/mobilenet_v3_large--int6--default--B3--ec8e74352da1.json
mobilenet_v3_large,int6,default,B4,bias_only,2000,256,23.3771,24.2,456,ac7b5a8cd4d9adaf57067e6cba0fcadd80cf08602d3302e63803aa8c8bc69e36,artifacts/experiment_b2_seeds/cells/mobilenet_v3_large--int6--default--B4--ac7b5a8cd4d9.json
mobilenet_v3_large,int6,default,H0,ladder,1000,256,33.5891,33.6,285,0a02f84f3b3ecf4ad8fe032a060c8bb85d19e0f42fd4ee27ab420fa4389e571e,artifacts/experiment_b2_seeds/cells/mobilenet_v3_large--int6--default--H0--0a02f84f3b3e.json
mobilenet_v3_large,int6,default,H1,ladder,1000,256,29.2447,30.1,354,789a292dcd7350816553b73f9e48fb6c80f2bdc258e21e27e6004a7db9a6dc1e,artifacts/experiment_b2_seeds/cells/mobilenet_v3_large--int6--default--H1--789a292dcd73.json
mobilenet_v3_large,int6,default,L128_0,ladder,128,128,43.2219,42.8,214,3787df68f4a26b9765a7724e123a9a3eb6b4a8d1a8bed495146e6d5c221773f3,artifacts/experiment_b2_seeds/cells/mobilenet_v3_large--int6--default--L128_0--3787df68f4a2.json
mobilenet_v3_large,int6,default,L128_1,ladder,128,128,27.0185,28.2,416,583006b8854a345ddd2cb558fc43597a6a548d505fe57e85a64d1404b3a53c8d,artifacts/experiment_b2_seeds/cells/mobilenet_v3_large--int6--default--L128_1--583006b8854a.json
mobilenet_v3_large,int6,default,L128_2,ladder,128,128,50.1067,50.6,126,26e536b6e9047acd73acf12f050370781b3b44be33d42d63ad84140e2df54489,artifacts/experiment_b2_seeds/cells/mobilenet_v3_large--int6--default--L128_2--26e536b6e904.json
mobilenet_v3_large,int6,default,L32_0,ladder,32,32,50.075,49.5,113,bdef78b9cf0fd8579b3187717fcec0c006b70b9a23985552bec709847863169f,artifacts/experiment_b2_seeds/cells/mobilenet_v3_large--int6--default--L32_0--bdef78b9cf0f.json
mobilenet_v3_large,int6,default,L32_1,ladder,32,32,44.35,44.8,135,7ad2f07134b219aff1af7dc3533cc09445b86ef4c093e4cc719b0383838f4ca2,artifacts/experiment_b2_seeds/cells/mobilenet_v3_large--int6--default--L32_1--7ad2f07134b2.json
mobilenet_v3_large,int6,default,L32_2,ladder,32,32,49.275,49.9,139,b4f87c53e7668e112a5c844a96ecaab5090c21f9803bfa22e9f0b14c8f229160,artifacts/experiment_b2_seeds/cells/mobilenet_v3_large--int6--default--L32_2--b4f87c53e766.json
mobilenet_v3_large,int6,default,S0,seed,400,256,24.99,25.3,448,d8e12873ced4cf9eef93b1360488d6aad7d2f66503e739ac6a4785304491765a,artifacts/experiment_b2_seeds/cells/mobilenet_v3_large--int6--default--S0--d8e12873ced4.json
mobilenet_v3_large,int6,default,S1,seed,400,256,25.3492,25.3,417,b1f6fa45acf3474958f1c7cb57ee5f0f5a91bb80b34897ffbfde09c52f8d2453,artifacts/experiment_b2_seeds/cells/mobilenet_v3_large--int6--default--S1--b1f6fa45acf3.json
mobilenet_v3_large,int6,default,S2,seed,400,256,37.772,38.4,277,b5e5dbc72dfa152bdba96913584622507732d37cecd4e303f2f67ea4571ee543,artifacts/experiment_b2_seeds/cells/mobilenet_v3_large--int6--default--S2--b5e5dbc72dfa.json
mobilenet_v3_large,int6,default,S3,seed,400,256,19.8381,20.7,477,915821f6d369405dcf28e57ca832992e30b8ab72c5168b38733e080f64b9451d,artifacts/experiment_b2_seeds/cells/mobilenet_v3_large--int6--default--S3--915821f6d369.json
mobilenet_v3_large,int6,default,S4,seed,400,256,31.6302,32.6,329,5a0999371d813d2e986bb1a7497ffa1b1dac3c6046caa80edb771b4b3348f34a,artifacts/experiment_b2_seeds/cells/mobilenet_v3_large--int6--default--S4--5a0999371d81.json
mobilenet_v3_large,int6,minimal,S0,seed,400,256,2.3333,2.3,169,6c27b501b23297a3d1c365a9a93174c8f5fd80f5f2810a9fa5133abccdca5dbe,artifacts/experiment_b2_seeds/cells/mobilenet_v3_large--int6--minimal--S0--6c27b501b232.json
mobilenet_v3_large,int6,minimal,S1,seed,400,256,1.95,1.9,181,62592aeb6576aa01e48473e978367df08e2c96e0e0768c64f5931428f949dcdf,artifacts/experiment_b2_seeds/cells/mobilenet_v3_large--int6--minimal--S1--62592aeb6576.json
mobilenet_v3_large,int6,minimal,S2,seed,400,256,2.35,2.3,134,2aebb60bfbae048ea1aa146445baf9cb1bdf911fe998e639b13f9c8b63598c50,artifacts/experiment_b2_seeds/cells/mobilenet_v3_large--int6--minimal--S2--2aebb60bfbae.json
mobilenet_v3_large,int6,minimal,S3,seed,400,256,1.65,1.6,121,5fa19a6596eda1dc9465e8e62a20bb6150dae348f71c723ddb7c44e006ba331c,artifacts/experiment_b2_seeds/cells/mobilenet_v3_large--int6--minimal--S3--5fa19a6596ed.json
mobilenet_v3_large,int6,minimal,S4,seed,400,256,1.6833,1.8,112,ac62da0014a13137c0e52e043d9ac8196d25567b1d35e25142a9aee8496601e7,artifacts/experiment_b2_seeds/cells/mobilenet_v3_large--int6--minimal--S4--ac62da0014a1.json
mobilenet_v3_large,int8,default,B0,bias_only,2000,256,71.55,71.3,18,8f3644113e4d228b05b0dd01d6a643ef4c0557cb1ca666f5d08bfe0cdc98bcc5,artifacts/experiment_b2_seeds/cells/mobilenet_v3_large--int8--default--B0--8f3644113e4d.json
mobilenet_v3_large,int8,default,B1,bias_only,2000,256,71.85,71.8,21,d2cc8e328e5127bc64f7c0e0306108b6938e2dca205def2510ea4b43952b01bb,artifacts/experiment_b2_seeds/cells/mobilenet_v3_large--int8--default--B1--d2cc8e328e51.json
mobilenet_v3_large,int8,default,B2,bias_only,2000,256,71.95,72.0,14,83b3687dcd569a1c58980e8de505f85055d51dfecf1412891f7839f07b164024,artifacts/experiment_b2_seeds/cells/mobilenet_v3_large--int8--default--B2--83b3687dcd56.json
mobilenet_v3_large,int8,default,B3,bias_only,2000,256,71.7833,71.9,19,55870d41daadd766dfd700bbca51c45e7ad0ead93a1c487ccff145196a42485d,artifacts/experiment_b2_seeds/cells/mobilenet_v3_large--int8--default--B3--55870d41daad.json
mobilenet_v3_large,int8,default,B4,bias_only,2000,256,71.95,72.0,13,3ebcaed9f836d7a0fdbef9560b26e7268ac39e7dec678b9b5fe40db5dec5d0a9,artifacts/experiment_b2_seeds/cells/mobilenet_v3_large--int8--default--B4--3ebcaed9f836.json
mobilenet_v3_large,int8,default,H0,ladder,1000,256,70.9667,70.6,17,634d91586075bfcadb4fd84fe2c15b18774dd6fcd0a5e590c9ef28e14c6a7f1b,artifacts/experiment_b2_seeds/cells/mobilenet_v3_large--int8--default--H0--634d91586075.json
mobilenet_v3_large,int8,default,H1,ladder,1000,256,71.6333,71.5,16,418b6c5242e71b60579566c7bbbb1b253666fd60c253ba777e8776d9928d154a,artifacts/experiment_b2_seeds/cells/mobilenet_v3_large--int8--default--H1--418b6c5242e7.json
mobilenet_v3_large,int8,default,L128_0,ladder,128,128,71.9,71.9,15,ee02c1a79762f3759206e515254beaa95638a6f25db199525d276380293f3d84,artifacts/experiment_b2_seeds/cells/mobilenet_v3_large--int8--default--L128_0--ee02c1a79762.json
mobilenet_v3_large,int8,default,L128_1,ladder,128,128,71.75,71.6,10,321d08d39d833f30def41e15fc0846ece9fda93d5f7cb9dbcd90a32ecb890c52,artifacts/experiment_b2_seeds/cells/mobilenet_v3_large--int8--default--L128_1--321d08d39d83.json
mobilenet_v3_large,int8,default,L128_2,ladder,128,128,72.2,72.2,15,867a24e1f37ea5106ef53927ba9541080fed7db6f52f932917dece1f4e50fcb0,artifacts/experiment_b2_seeds/cells/mobilenet_v3_large--int8--default--L128_2--867a24e1f37e.json
mobilenet_v3_large,int8,default,L32_0,ladder,32,32,71.0833,71.0,17,914e7eadece21aeae3500619696a98d7558769a6321e497adf55bec84f748355,artifacts/experiment_b2_seeds/cells/mobilenet_v3_large--int8--default--L32_0--914e7eadece2.json
mobilenet_v3_large,int8,default,L32_1,ladder,32,32,71.7333,71.8,18,3bbd22d50aa0c526418695deba99e6f04b8f3661a13c468731d010fae04353ab,artifacts/experiment_b2_seeds/cells/mobilenet_v3_large--int8--default--L32_1--3bbd22d50aa0.json
mobilenet_v3_large,int8,default,L32_2,ladder,32,32,71.6,71.5,22,73bac8558924f7f763c87778be749396170876048106467c1d6045fd800e4398,artifacts/experiment_b2_seeds/cells/mobilenet_v3_large--int8--default--L32_2--73bac8558924.json
mobilenet_v3_large,int8,default,S0,seed,400,256,70.25,70.3,23,618a91c5a2120644d47ae91df7069744ecb8eebfbd2c00361d23b68961838bb5,artifacts/experiment_b2_seeds/cells/mobilenet_v3_large--int8--default--S0--618a91c5a212.json
mobilenet_v3_large,int8,default,S1,seed,400,256,72.65,72.8,24,3c0b22f18a4edc043f32d628483db671f89f73340fb53bfa263b0419f7d99642,artifacts/experiment_b2_seeds/cells/mobilenet_v3_large--int8--default--S1--3c0b22f18a4e.json
mobilenet_v3_large,int8,default,S2,seed,400,256,70.45,70.4,23,a58d76dd8aabf7c5b358a2781764984a1ef02f7942d5f9e833073367e8a022fb,artifacts/experiment_b2_seeds/cells/mobilenet_v3_large--int8--default--S2--a58d76dd8aab.json
mobilenet_v3_large,int8,default,S3,seed,400,256,69.85,69.7,20,90458ed653b34a9f4a46fdcab4b5f984758dc1b348783bb82cb0d544b7b2c2c9,artifacts/experiment_b2_seeds/cells/mobilenet_v3_large--int8--default--S3--90458ed653b3.json
mobilenet_v3_large,int8,default,S4,seed,400,256,69.1333,68.9,34,12536990d26ff68b029c2163720fcbd4fd03977e1b837f5e245d1c06eb4e390d,artifacts/experiment_b2_seeds/cells/mobilenet_v3_large--int8--default--S4--12536990d26f.json
mobilenet_v3_large,log6,default,S0,seed,400,256,47.7243,47.7,256,462e35092d9e82a8cb7519a0c8a9fa4a0fe0fe357b6d6e94b7a32c2dcdec2fcc,artifacts/experiment_b2_seeds/cells/mobilenet_v3_large--log6--default--S0--462e35092d9e.json
mobilenet_v3_large,log6,default,S1,seed,400,256,55.2754,55.6,275,454d275d2139bd9293c6a230406c0fadc489b068bda9371fad7c3644029ff948,artifacts/experiment_b2_seeds/cells/mobilenet_v3_large--log6--default--S1--454d275d2139.json
mobilenet_v3_large,log6,default,S2,seed,400,256,54.6943,55.1,363,dd059e0a9082373b8ca9a7ad5108059c5c9731515bf34ba53be3451eee3fe848,artifacts/experiment_b2_seeds/cells/mobilenet_v3_large--log6--default--S2--dd059e0a9082.json
mobilenet_v3_large,log6,default,S3,seed,400,256,32.868,33.5,332,7019155f40815b3326808f8c012a650f596df5956b95656d792aa3b2482fd40c,artifacts/experiment_b2_seeds/cells/mobilenet_v3_large--log6--default--S3--7019155f4081.json
mobilenet_v3_large,log6,default,S4,seed,400,256,36.5302,37.0,291,a0c53c6844d8edefc00d99445784018a669946f2e6ac85a2a47a468373a3d7a0,artifacts/experiment_b2_seeds/cells/mobilenet_v3_large--log6--default--S4--a0c53c6844d8.json
mobilenet_v3_large,log6,minimal,S0,seed,400,256,20.7782,21.1,526,ed9b0c6b9c4d7fbf3535b5b2c7ef53c6a2466bb4a121824d1236dcb23e326e1d,artifacts/experiment_b2_seeds/cells/mobilenet_v3_large--log6--minimal--S0--ed9b0c6b9c4d.json
mobilenet_v3_large,log6,minimal,S1,seed,400,256,18.4126,19.1,362,78c13f080a864b9d4aed5a53915cf07acbbfb4a4fa3356c7437441ac127c0039,artifacts/experiment_b2_seeds/cells/mobilenet_v3_large--log6--minimal--S1--78c13f080a86.json
mobilenet_v3_large,log6,minimal,S2,seed,400,256,19.78,21.1,498,db91e3a8674c161cbe03468dc1c21da13a23ae16dc129a15ff84095b788e4bdc,artifacts/experiment_b2_seeds/cells/mobilenet_v3_large--log6--minimal--S2--db91e3a8674c.json
mobilenet_v3_large,log6,minimal,S3,seed,400,256,10.4124,10.8,468,d5df143752ffe70adb795d59407aa5b9ea6ddb56b783388a41068da323589074,artifacts/experiment_b2_seeds/cells/mobilenet_v3_large--log6--minimal--S3--d5df143752ff.json
mobilenet_v3_large,log6,minimal,S4,seed,400,256,11.7913,12.9,580,83ad84b5d0d39c3d0250e4523129e5db0b0e963646150364463e9113a6cdf94b,artifacts/experiment_b2_seeds/cells/mobilenet_v3_large--log6--minimal--S4--83ad84b5d0d3.json
mobilenet_v3_large,log8,default,S0,seed,400,256,69.9167,69.8,107,3142ea733e52fcd85ef6819de91aebbb92ccb3f003705c983c2691c8a8e832f6,artifacts/experiment_b2_seeds/cells/mobilenet_v3_large--log8--default--S0--3142ea733e52.json
mobilenet_v3_large,log8,default,S1,seed,400,256,69.625,69.5,115,b0a31633fba4fc5a860b8dd83ee3ca3a41c69ebad8c58afa5a93ed439a929a51,artifacts/experiment_b2_seeds/cells/mobilenet_v3_large--log8--default--S1--b0a31633fba4.json
mobilenet_v3_large,log8,default,S2,seed,400,256,68.6833,68.0,104,186cd24d0f04fc5ec32a5f5c78b2bbc09226b0f8549cdc9613ba4e2e3af1b316,artifacts/experiment_b2_seeds/cells/mobilenet_v3_large--log8--default--S2--186cd24d0f04.json
mobilenet_v3_large,log8,default,S3,seed,400,256,70.6917,70.3,113,3e30eb5d6bb946587f8636384dc2bf79a3681bb872286cd8902445779e726014,artifacts/experiment_b2_seeds/cells/mobilenet_v3_large--log8--default--S3--3e30eb5d6bb9.json
mobilenet_v3_large,log8,default,S4,seed,400,256,70.1667,69.4,114,ce638811e34441a29d1667061fb1c27c312420d2dc2461bffd2350a81c58db07,artifacts/experiment_b2_seeds/cells/mobilenet_v3_large--log8--default--S4--ce638811e344.json
mobilenet_v3_large,mxfp8_e4m3,cum5_act_maxabs,S0,seed,400,256,70.9367,71.1,101,9150a1b99a34e3ff07fe977459e0386d7a4ebeb33a31c4e9dbdc86c6a5050c85,artifacts/experiment_b2_seeds/cells/mobilenet_v3_large--mxfp8_e4m3--cum5_act_maxabs--S0--9150a1b99a34.json
mobilenet_v3_large,mxfp8_e4m3,cum5_act_maxabs,S1,seed,400,256,70.9417,70.5,102,e6ee887fdee1d9ef456c36197d9f7f7e5f525ae3bc429913762cb6523d01157c,artifacts/experiment_b2_seeds/cells/mobilenet_v3_large--mxfp8_e4m3--cum5_act_maxabs--S1--e6ee887fdee1.json
mobilenet_v3_large,mxfp8_e4m3,cum5_act_maxabs,S2,seed,400,256,70.9833,70.7,91,8d580184512e00eaa3dfd481a0297ea41473036afd6338c822f4514e46d1f820,artifacts/experiment_b2_seeds/cells/mobilenet_v3_large--mxfp8_e4m3--cum5_act_maxabs--S2--8d580184512e.json
mobilenet_v3_large,mxfp8_e4m3,cum5_act_maxabs,S3,seed,400,256,71.1,71.0,85,d97c09c4928bb38a2b3baad3a46fd08c05b9b11ebffa0790da319eac920febd4,artifacts/experiment_b2_seeds/cells/mobilenet_v3_large--mxfp8_e4m3--cum5_act_maxabs--S3--d97c09c4928b.json
mobilenet_v3_large,mxfp8_e4m3,cum5_act_maxabs,S4,seed,400,256,70.52,70.2,112,a984361c497861e670e1aafaa10ea3ae9f02a9b7697ebb33225399b5eb240d3c,artifacts/experiment_b2_seeds/cells/mobilenet_v3_large--mxfp8_e4m3--cum5_act_maxabs--S4--a984361c4978.json
mobilenet_v3_large,nf4,minimal,S0,seed,400,256,0.0833,0.2,463,0f27f0b0390290a19328bb7235144d855b11d59521f4197aaac055e9f9436a4a,artifacts/experiment_b2_seeds/cells/mobilenet_v3_large--nf4--minimal--S0--0f27f0b03902.json
mobilenet_v3_large,nf4,minimal,S1,seed,400,256,0.2417,0.3,489,52eeef5198bc96b2587a4ccf288f00ef45465a5999a1653e5845c8552afab30f,artifacts/experiment_b2_seeds/cells/mobilenet_v3_large--nf4--minimal--S1--52eeef5198bc.json
mobilenet_v3_large,nf4,minimal,S2,seed,400,256,0.2433,0.4,661,743efeded91284afa4cb2d0d93c87d108502cd63b0f3977e0ca722326650769c,artifacts/experiment_b2_seeds/cells/mobilenet_v3_large--nf4--minimal--S2--743efeded912.json
mobilenet_v3_large,nf4,minimal,S3,seed,400,256,0.1125,0.1,464,080018248cef0a7055b8cc1c3b784e0a45b49d4a72a255576956a5b9f31148b5,artifacts/experiment_b2_seeds/cells/mobilenet_v3_large--nf4--minimal--S3--080018248cef.json
mobilenet_v3_large,nf4,minimal,S4,seed,400,256,0.05,0.0,488,3a399f3614ed47e746dc4b19482721aab0f739e400897a4b2051807cdd44dd22,artifacts/experiment_b2_seeds/cells/mobilenet_v3_large--nf4--minimal--S4--3a399f3614ed.json
mobilenet_v3_large,posit6_es1,default,S0,seed,400,256,52.6533,52.3,264,0ed8d4f6d5b9a904b7a9bb0000bee90228e21ab61b6f60623db29c82418ccc46,artifacts/experiment_b2_seeds/cells/mobilenet_v3_large--posit6_es1--default--S0--0ed8d4f6d5b9.json
mobilenet_v3_large,posit6_es1,default,S1,seed,400,256,32.3985,33.8,376,b314b3f3e660c5af55545e48602d0048b9452ba4001326ead72814ff512857cb,artifacts/experiment_b2_seeds/cells/mobilenet_v3_large--posit6_es1--default--S1--b314b3f3e660.json
mobilenet_v3_large,posit6_es1,default,S2,seed,400,256,31.4503,31.3,366,d5c0f0026b113d5904ec86720de969b973164c40e7f5e355cff09372c37d4eb9,artifacts/experiment_b2_seeds/cells/mobilenet_v3_large--posit6_es1--default--S2--d5c0f0026b11.json
mobilenet_v3_large,posit6_es1,default,S3,seed,400,256,37.0353,37.7,329,e425b99eb7901ac6b7e129102900743ead313609a6332e2203e52d61e1d5f745,artifacts/experiment_b2_seeds/cells/mobilenet_v3_large--posit6_es1--default--S3--e425b99eb790.json
mobilenet_v3_large,posit6_es1,default,S4,seed,400,256,54.1767,54.4,264,55b387eee88e2d0f3f1e0eebf0cf17238ec1df052e8d7ff152befa1f908a1d1c,artifacts/experiment_b2_seeds/cells/mobilenet_v3_large--posit6_es1--default--S4--55b387eee88e.json
mobilenet_v3_large,posit6_es1,minimal,S0,seed,400,256,0.1,0.1,270,bec80f707b765cd057a2721544893f7e3205936aac57d48f2032995937042ce7,artifacts/experiment_b2_seeds/cells/mobilenet_v3_large--posit6_es1--minimal--S0--bec80f707b76.json
mobilenet_v3_large,posit6_es1,minimal,S1,seed,400,256,0.0333,0.0,242,0713922427af68c0de2fc99a723c2645dbb1e52c3d8ee5beb69e492b9d1ddb78,artifacts/experiment_b2_seeds/cells/mobilenet_v3_large--posit6_es1--minimal--S1--0713922427af.json
mobilenet_v3_large,posit6_es1,minimal,S2,seed,400,256,0.15,0.2,251,ea07d0b55ebc7a5734897f0c7038dfbdc29ad8e440dd538aab2d374e7e4cde2f,artifacts/experiment_b2_seeds/cells/mobilenet_v3_large--posit6_es1--minimal--S2--ea07d0b55ebc.json
mobilenet_v3_large,posit6_es1,minimal,S3,seed,400,256,0.175,0.2,388,6d2dc8b3a64fd3b48c5602efe480cce129abfd7b62b8618af43b77717c97e37b,artifacts/experiment_b2_seeds/cells/mobilenet_v3_large--posit6_es1--minimal--S3--6d2dc8b3a64f.json
mobilenet_v3_large,posit6_es1,minimal,S4,seed,400,256,0.1333,0.2,330,d37ac8e4d17e3ad5bfe2f6afc0ed6a059f572f1e9175b2731d96bd6189fbf1b9,artifacts/experiment_b2_seeds/cells/mobilenet_v3_large--posit6_es1--minimal--S4--d37ac8e4d17e.json
mobilenet_v3_large,posit8_es1,default,B0,bias_only,2000,256,73.425,73.0,49,cf355760f8683667eeda7bb196c46296ca7808a6ddb268b72cc4b6fb6a1fc995,artifacts/experiment_b2_seeds/cells/mobilenet_v3_large--posit8_es1--default--B0--cf355760f868.json
mobilenet_v3_large,posit8_es1,default,B1,bias_only,2000,256,73.85,73.3,36,064457a319033bb74b6b1a2d0a61867f156fb17d864723140586d7255f38151e,artifacts/experiment_b2_seeds/cells/mobilenet_v3_large--posit8_es1--default--B1--064457a31903.json
mobilenet_v3_large,posit8_es1,default,B2,bias_only,2000,256,73.05,72.6,43,57300c8b5b35dd8d89b32f8ab25a9e7b69479f2e64d98086cc04a716a7336923,artifacts/experiment_b2_seeds/cells/mobilenet_v3_large--posit8_es1--default--B2--57300c8b5b35.json
mobilenet_v3_large,posit8_es1,default,B3,bias_only,2000,256,73.5167,73.1,47,dfdf53a7dae06f70a6c910fc18e5552d3c546af4354a76cd4b901bc2912230c5,artifacts/experiment_b2_seeds/cells/mobilenet_v3_large--posit8_es1--default--B3--dfdf53a7dae0.json
mobilenet_v3_large,posit8_es1,default,B4,bias_only,2000,256,73.675,73.4,56,a11eaf7752028182e58ed4af5a5e84d1e9fd55b5348da633c0dde16aab9fa4cc,artifacts/experiment_b2_seeds/cells/mobilenet_v3_large--posit8_es1--default--B4--a11eaf775202.json
mobilenet_v3_large,posit8_es1,default,H0,ladder,1000,256,73.7,73.3,54,238c050b6ca18588ab637b18049f4e7df6c6ff35654b06e7f294e5fd8f4b1f0b,artifacts/experiment_b2_seeds/cells/mobilenet_v3_large--posit8_es1--default--H0--238c050b6ca1.json
mobilenet_v3_large,posit8_es1,default,H1,ladder,1000,256,73.3,73.3,59,749463fe9335209e0e74753abd42e0f323e73cc0a29e32029e1bdc07701d35e7,artifacts/experiment_b2_seeds/cells/mobilenet_v3_large--posit8_es1--default--H1--749463fe9335.json
mobilenet_v3_large,posit8_es1,default,L128_0,ladder,128,128,74.3833,74.4,60,6b8df63349efa1d91a1a1daf50627e91fa4e780003424c2eb186b1fd5b2f084c,artifacts/experiment_b2_seeds/cells/mobilenet_v3_large--posit8_es1--default--L128_0--6b8df63349ef.json
mobilenet_v3_large,posit8_es1,default,L128_1,ladder,128,128,73.7167,73.3,53,7d884433200253907d9b2b9a04ac76be2555c09c608cb17767bcce273ea33dae,artifacts/experiment_b2_seeds/cells/mobilenet_v3_large--posit8_es1--default--L128_1--7d8844332002.json
mobilenet_v3_large,posit8_es1,default,L128_2,ladder,128,128,73.0833,72.6,57,134f60ade9843a4c36163ced6e71fb57de0100b7bba4b5afb4457fb3e8c6cec6,artifacts/experiment_b2_seeds/cells/mobilenet_v3_large--posit8_es1--default--L128_2--134f60ade984.json
mobilenet_v3_large,posit8_es1,default,L32_0,ladder,32,32,73.7,73.7,61,b16dec5cc9d1170e5e23efc3a2ef6051873acca2cf94ea758a23485be63755ed,artifacts/experiment_b2_seeds/cells/mobilenet_v3_large--posit8_es1--default--L32_0--b16dec5cc9d1.json
mobilenet_v3_large,posit8_es1,default,L32_1,ladder,32,32,74.1583,74.1,46,0477f5753bc592cb8c0d0230c199b35c1e0c38cf8470e317734415dc359a5e7a,artifacts/experiment_b2_seeds/cells/mobilenet_v3_large--posit8_es1--default--L32_1--0477f5753bc5.json
mobilenet_v3_large,posit8_es1,default,L32_2,ladder,32,32,73.7667,73.5,78,cd7e1d2b42d477251a77eff2a8e029b483d80d7eacbd78ac6f50979636a2cd48,artifacts/experiment_b2_seeds/cells/mobilenet_v3_large--posit8_es1--default--L32_2--cd7e1d2b42d4.json
mobilenet_v3_large,posit8_es1,default,S0,seed,400,256,74.2667,74.0,60,c2cb54cbc3134fde39e024c1de07640af3cdc0b4111758d8f75b579d3ae67e2e,artifacts/experiment_b2_seeds/cells/mobilenet_v3_large--posit8_es1--default--S0--c2cb54cbc313.json
mobilenet_v3_large,posit8_es1,default,S1,seed,400,256,73.0167,72.7,59,fc680d2ae095e32d73e7a18a0610fa3dc1c0879390cb6ef89f8d1f19c240deff,artifacts/experiment_b2_seeds/cells/mobilenet_v3_large--posit8_es1--default--S1--fc680d2ae095.json
mobilenet_v3_large,posit8_es1,default,S2,seed,400,256,73.7417,73.5,49,08c14c9615b94c5f747d625de0fc7ee93284c0547129833ae19fe7f8505f9746,artifacts/experiment_b2_seeds/cells/mobilenet_v3_large--posit8_es1--default--S2--08c14c9615b9.json
mobilenet_v3_large,posit8_es1,default,S3,seed,400,256,73.7667,73.4,56,3d3ba2e95de26935785ecb872dbf1ae89c73bcd1162afdb22c80df7fa743dbc8,artifacts/experiment_b2_seeds/cells/mobilenet_v3_large--posit8_es1--default--S3--3d3ba2e95de2.json
mobilenet_v3_large,posit8_es1,default,S4,seed,400,256,74.1917,74.3,63,3404ad2f6c414d450b51f4eb87314f868463d38cdc305fe11597961c6d1bfc13,artifacts/experiment_b2_seeds/cells/mobilenet_v3_large--posit8_es1--default--S4--3404ad2f6c41.json
resnet18,bfp6,cum5_act_maxabs,S0,seed,400,256,68.3367,68.7,93,8ad02019fd0e098a0be4df0cfb5be60e4da35d3a2ad9299e67c3b3aaba740489,artifacts/experiment_b2_seeds/cells/resnet18--bfp6--cum5_act_maxabs--S0--8ad02019fd0e.json
resnet18,bfp6,cum5_act_maxabs,S1,seed,400,256,68.05,68.0,96,82ba99343dc8bfe5f79a226aae2e8c718e0cf557d73096bf2120afc94b7c73ee,artifacts/experiment_b2_seeds/cells/resnet18--bfp6--cum5_act_maxabs--S1--82ba99343dc8.json
resnet18,bfp6,cum5_act_maxabs,S2,seed,400,256,68.3833,68.0,104,d4ee0fbabf555dd4041c76b556e1838de2136cd23baf329ea7e27ab66770ade4,artifacts/experiment_b2_seeds/cells/resnet18--bfp6--cum5_act_maxabs--S2--d4ee0fbabf55.json
resnet18,bfp6,cum5_act_maxabs,S3,seed,400,256,68.0083,68.1,94,0a4a311999ad508d22b0a9b4d9296a6e70274c4e5c6706ada8f6945e10b6de54,artifacts/experiment_b2_seeds/cells/resnet18--bfp6--cum5_act_maxabs--S3--0a4a311999ad.json
resnet18,bfp6,cum5_act_maxabs,S4,seed,400,256,68.7917,68.6,97,c8533e9d5c350f5651861b3b16ed2bed8e9da935fc22d0e9f3d0c3c0be533b33,artifacts/experiment_b2_seeds/cells/resnet18--bfp6--cum5_act_maxabs--S4--c8533e9d5c35.json
resnet18,fp6_e2m3,default,S0,seed,400,256,67.345,67.0,184,d394314a1e32a19f07b97d92725d1b0c3e9497681d5cbf26722a19e35aaa340b,artifacts/experiment_b2_seeds/cells/resnet18--fp6_e2m3--default--S0--d394314a1e32.json
resnet18,fp6_e2m3,default,S1,seed,400,256,67.2733,68.0,185,0c31b0077fd2111556d404a9a86dfadb8fdac078d946e51bc409d72bf550757f,artifacts/experiment_b2_seeds/cells/resnet18--fp6_e2m3--default--S1--0c31b0077fd2.json
resnet18,fp6_e2m3,default,S2,seed,400,256,67.2017,67.2,171,10154691232974b46193eae6c41f6932c1819e0f5011154d22d375242d56a501,artifacts/experiment_b2_seeds/cells/resnet18--fp6_e2m3--default--S2--101546912329.json
resnet18,fp6_e2m3,default,S3,seed,400,256,67.07,66.8,178,eec84e538df952f446893cb7301d47f96692e0c20f19e704b2f0cf01e1197332,artifacts/experiment_b2_seeds/cells/resnet18--fp6_e2m3--default--S3--eec84e538df9.json
resnet18,fp6_e2m3,default,S4,seed,400,256,67.5917,67.3,180,a2dfcf6977ad9a816cfd68038df10fca5fe414c0c6085f06040c5a4d91de4e3e,artifacts/experiment_b2_seeds/cells/resnet18--fp6_e2m3--default--S4--a2dfcf6977ad.json
resnet18,fp6_e2m3,minimal,S0,seed,400,256,68.2067,67.5,183,2daf46dc8e0fcd578839a861c53745c41d4e49766f2e565d1b463526f6187094,artifacts/experiment_b2_seeds/cells/resnet18--fp6_e2m3--minimal--S0--2daf46dc8e0f.json
resnet18,fp6_e2m3,minimal,S1,seed,400,256,66.425,66.3,235,c90d81c1e0e0a88fd5117b43a4b712da42f914de096f3994bf1af150b034a574,artifacts/experiment_b2_seeds/cells/resnet18--fp6_e2m3--minimal--S1--c90d81c1e0e0.json
resnet18,fp6_e2m3,minimal,S2,seed,400,256,67.4733,67.0,203,1dcab6641eb7599314a58671ef584d9043b557bf2781e1237ce92ab67fb2f4fd,artifacts/experiment_b2_seeds/cells/resnet18--fp6_e2m3--minimal--S2--1dcab6641eb7.json
resnet18,fp6_e2m3,minimal,S3,seed,400,256,68.001,67.7,202,89164f020320d28746b63c2c3fde1870f11c525164964cab22d657d4c0498764,artifacts/experiment_b2_seeds/cells/resnet18--fp6_e2m3--minimal--S3--89164f020320.json
resnet18,fp6_e2m3,minimal,S4,seed,400,256,67.9733,67.0,193,59e3cb02cb48351c3da1a56f31bd0d588949a4287375bcc8467eca00d17ccee3,artifacts/experiment_b2_seeds/cells/resnet18--fp6_e2m3--minimal--S4--59e3cb02cb48.json
resnet18,fp6_e3m2,default,B0,bias_only,2000,256,54.4785,54.0,386,64a38e112361beac120e246adc35bc124d84cc182412af59c5a86f84c6b10af0,artifacts/experiment_b2_seeds/cells/resnet18--fp6_e3m2--default--B0--64a38e112361.json
resnet18,fp6_e3m2,default,B1,bias_only,2000,256,53.0294,53.1,384,3c0c1f1c14f0b9d3f4a344eb93f05e867f1b5ee70ab3295569044a97f26572ae,artifacts/experiment_b2_seeds/cells/resnet18--fp6_e3m2--default--B1--3c0c1f1c14f0.json
resnet18,fp6_e3m2,default,B2,bias_only,2000,256,54.6315,54.2,372,608d3dc006e6db738d3bb09392e01e700b2e4153354a640b33063b0448e31754,artifacts/experiment_b2_seeds/cells/resnet18--fp6_e3m2--default--B2--608d3dc006e6.json
resnet18,fp6_e3m2,default,R0,range_only,400,256,61.1131,60.3,339,a9276a43b3fbf5847477416437d3875672af40bc4430d5d0c543c8a3dfcb8399,artifacts/experiment_b2_seeds/cells/resnet18--fp6_e3m2--default--R0--a9276a43b3fb.json
resnet18,fp6_e3m2,default,R1,range_only,400,256,58.0423,57.3,337,dd4a7ddb3400ca54bb016eec68261bfefb6dad9e7528de94414ad2284018e870,artifacts/experiment_b2_seeds/cells/resnet18--fp6_e3m2--default--R1--dd4a7ddb3400.json
resnet18,fp6_e3m2,default,R2,range_only,400,256,59.4065,58.7,354,265876a71e274f55ca53fb871014c25ad346266bab1a2f2afdfa28f0ccd6054c,artifacts/experiment_b2_seeds/cells/resnet18--fp6_e3m2--default--R2--265876a71e27.json
resnet18,fp6_e3m2,default,S0,seed,400,256,61.9336,60.7,331,30a8404f95a086f0169b19deaf48da7a7554eb6465fae9b8dfae8c0772267f46,artifacts/experiment_b2_seeds/cells/resnet18--fp6_e3m2--default--S0--30a8404f95a0.json
resnet18,fp6_e3m2,default,S1,seed,400,256,56.3872,55.6,357,7fd958acbb08676108e6bc732e6f395d93b6f99a0a0b1fd40ec0d2e7cc76b1ae,artifacts/experiment_b2_seeds/cells/resnet18--fp6_e3m2--default--S1--7fd958acbb08.json
resnet18,fp6_e3m2,default,S2,seed,400,256,58.6281,58.2,353,d32421b3fbeac57cdacc55f7c0640b62848e1a163fbc39f3b499653b55a918ff,artifacts/experiment_b2_seeds/cells/resnet18--fp6_e3m2--default--S2--d32421b3fbea.json
resnet18,fp6_e3m2,default,S3,seed,400,256,59.9951,59.5,330,fd172313cc40814cdac795d08f0e7683b1034c5d29bdab03f76d844b88e8e28f,artifacts/experiment_b2_seeds/cells/resnet18--fp6_e3m2--default--S3--fd172313cc40.json
resnet18,fp6_e3m2,default,S4,seed,400,256,60.6121,61.2,344,7930f0bf6e6901a6472afd059c7b994b53c1ee669b63f00e8073217f3e960a01,artifacts/experiment_b2_seeds/cells/resnet18--fp6_e3m2--default--S4--7930f0bf6e69.json
resnet18,fp6_e3m2,minimal,S0,seed,400,256,63.1386,62.6,298,23ce57f8c0b7d2ab69308bfb03528995edea31f4a7ddc0fad4286e854dfb0653,artifacts/experiment_b2_seeds/cells/resnet18--fp6_e3m2--minimal--S0--23ce57f8c0b7.json
resnet18,fp6_e3m2,minimal,S1,seed,400,256,63.9773,64.0,319,6785ed17e9da04c1e1714315c2dd4d474368557289472a70ff3f9f9810ca3f19,artifacts/experiment_b2_seeds/cells/resnet18--fp6_e3m2--minimal--S1--6785ed17e9da.json
resnet18,fp6_e3m2,minimal,S2,seed,400,256,62.2782,61.0,310,263e56ba07c0c0a8dbd081a561799910cc9cde4137a0a33997e957d0f4d789b3,artifacts/experiment_b2_seeds/cells/resnet18--fp6_e3m2--minimal--S2--263e56ba07c0.json
resnet18,fp6_e3m2,minimal,S3,seed,400,256,63.737,63.2,293,a7021907e93c7a454b57824c86e082ec1cb757f43dd970519ef9b23c1dd9fe68,artifacts/experiment_b2_seeds/cells/resnet18--fp6_e3m2--minimal--S3--a7021907e93c.json
resnet18,fp6_e3m2,minimal,S4,seed,400,256,63.3344,62.7,311,eb51306030d22f9ec0e36d0dcda643585562eadcd5a2166384de25364568ee98,artifacts/experiment_b2_seeds/cells/resnet18--fp6_e3m2--minimal--S4--eb51306030d2.json
resnet18,fp7_e3m3,default,S0,seed,400,256,67.7611,67.9,173,204bcc875a8041401846de2d857b25417aa4b7fdb256611e9670c7a7b52d2947,artifacts/experiment_b2_seeds/cells/resnet18--fp7_e3m3--default--S0--204bcc875a80.json
resnet18,fp7_e3m3,default,S1,seed,400,256,67.4652,67.2,191,d548cb3e9b395433926dd9ebc9579aa23ba5509f1e85b3c5b29b43d48b98c45f,artifacts/experiment_b2_seeds/cells/resnet18--fp7_e3m3--default--S1--d548cb3e9b39.json
resnet18,fp7_e3m3,default,S2,seed,400,256,67.77,67.0,172,6ee6a052a91beec88aaceae796f1a1bdd102b66a7c28213e95ef8f91cd7e712a,artifacts/experiment_b2_seeds/cells/resnet18--fp7_e3m3--default--S2--6ee6a052a91b.json
resnet18,fp7_e3m3,default,S3,seed,400,256,67.1335,66.9,182,bc3513a6586175086d8b4a2b302988b4368be5afa00c696bb6e8da5d608f2e32,artifacts/experiment_b2_seeds/cells/resnet18--fp7_e3m3--default--S3--bc3513a65861.json
resnet18,fp7_e3m3,default,S4,seed,400,256,68.1317,67.8,176,642d645632ead3de59f4004cdef1cccf90b07b394be075df1e909f62739091c9,artifacts/experiment_b2_seeds/cells/resnet18--fp7_e3m3--default--S4--642d645632ea.json
resnet18,fp8_e4m3fn,default,B0,bias_only,2000,256,67.7858,68.0,161,c5faa6cf64a8dd2f05079c54a795d2b579b618f63a61fe9c72e6c34dabd5f9b9,artifacts/experiment_b2_seeds/cells/resnet18--fp8_e4m3fn--default--B0--c5faa6cf64a8.json
resnet18,fp8_e4m3fn,default,B1,bias_only,2000,256,67.4233,67.6,196,d301cdb90eaefc862acd2d26623043e680646dbc6caf90ff46cf477bb6b6a706,artifacts/experiment_b2_seeds/cells/resnet18--fp8_e4m3fn--default--B1--d301cdb90eae.json
resnet18,fp8_e4m3fn,default,B2,bias_only,2000,256,67.6603,67.8,172,f21fdae939571835cf905df95f7f274dd4a93561efece8ab9266532419d3faa0,artifacts/experiment_b2_seeds/cells/resnet18--fp8_e4m3fn--default--B2--f21fdae93957.json
resnet18,fp8_e4m3fn,default,B3,bias_only,2000,256,67.7458,67.7,182,ae23676493fd2eb0655054cfba31753dddd1158fb01bdfcacbd17ec12c8daf83,artifacts/experiment_b2_seeds/cells/resnet18--fp8_e4m3fn--default--B3--ae23676493fd.json
resnet18,fp8_e4m3fn,default,B4,bias_only,2000,256,67.4917,67.4,185,91b3c1fb169a2646aac6496eb0f16461298b25ff3ed6d8a2d8aaf544fcb5f88f,artifacts/experiment_b2_seeds/cells/resnet18--fp8_e4m3fn--default--B4--91b3c1fb169a.json
resnet18,fp8_e4m3fn,default,H0,ladder,1000,256,67.7668,67.5,184,7bef92f1ec40ccecd3ff6f3e51d9190a8ed3b50ece3b5bd779db4c81215d2223,artifacts/experiment_b2_seeds/cells/resnet18--fp8_e4m3fn--default--H0--7bef92f1ec40.json
resnet18,fp8_e4m3fn,default,H1,ladder,1000,256,67.8892,67.7,170,cffeeda64a95b523618f3212f9a39eb5032f7a7c7b612f0591d5b4af8725a9c2,artifacts/experiment_b2_seeds/cells/resnet18--fp8_e4m3fn--default--H1--cffeeda64a95.json
resnet18,fp8_e4m3fn,default,L128_0,ladder,128,128,67.7992,67.6,170,e8e519b44ac45b90e13abaabf354908611f079a46e1618d863589f5b29c80379,artifacts/experiment_b2_seeds/cells/resnet18--fp8_e4m3fn--default--L128_0--e8e519b44ac4.json
resnet18,fp8_e4m3fn,default,L128_1,ladder,128,128,68.5358,67.9,159,8312b60bc94070022798f6909c1ef70617f704a068740f2d09b21ae4c8718e9d,artifacts/experiment_b2_seeds/cells/resnet18--fp8_e4m3fn--default--L128_1--8312b60bc940.json
resnet18,fp8_e4m3fn,default,L128_2,ladder,128,128,67.8667,67.7,175,aea692eac84b3d8606eddaf4d5317e8b3315249b049e8e68c9795b1c2e0f5cd4,artifacts/experiment_b2_seeds/cells/resnet18--fp8_e4m3fn--default--L128_2--aea692eac84b.json
resnet18,fp8_e4m3fn,default,L32_0,ladder,32,32,67.2585,66.8,190,6cf4a3d67c9aea78926f729064ab0fda0dfb7216e872c06a539c2ecf9a670a73,artifacts/experiment_b2_seeds/cells/resnet18--fp8_e4m3fn--default--L32_0--6cf4a3d67c9a.json
resnet18,fp8_e4m3fn,default,L32_1,ladder,32,32,68.601,67.8,180,0cac129c2c6fef7c7826e51320bfb71cc4099b6a06edc65fa3822b0680050213,artifacts/experiment_b2_seeds/cells/resnet18--fp8_e4m3fn--default--L32_1--0cac129c2c6f.json
resnet18,fp8_e4m3fn,default,L32_2,ladder,32,32,68.1536,67.7,170,725354ae719a3d991c3cb5478d754b0204af9a9cd52507114334072fc972f7e8,artifacts/experiment_b2_seeds/cells/resnet18--fp8_e4m3fn--default--L32_2--725354ae719a.json
resnet18,fp8_e4m3fn,default,S0,seed,400,256,67.951,68.3,190,4d6596e0f7d8fb40c3c748ac3162f32b7f864cd533a4a9c6f1a7c015aeb7302e,artifacts/experiment_b2_seeds/cells/resnet18--fp8_e4m3fn--default--S0--4d6596e0f7d8.json
resnet18,fp8_e4m3fn,default,S1,seed,400,256,68.7025,68.7,167,4dd3a3e30fc059f3075ea870ae074014166d7c6312539fb0d4508e5a4180d10b,artifacts/experiment_b2_seeds/cells/resnet18--fp8_e4m3fn--default--S1--4dd3a3e30fc0.json
resnet18,fp8_e4m3fn,default,S2,seed,400,256,67.7108,67.7,171,4e485eb5acb36d097c2647cec75dcf5352da8a8c0682234a71098d409fdb7e0e,artifacts/experiment_b2_seeds/cells/resnet18--fp8_e4m3fn--default--S2--4e485eb5acb3.json
resnet18,fp8_e4m3fn,default,S3,seed,400,256,67.3043,67.2,172,a5a7ed186103c009bee7af10ed89404d40aba48e61937d554d2fe685acf4a1c7,artifacts/experiment_b2_seeds/cells/resnet18--fp8_e4m3fn--default--S3--a5a7ed186103.json
resnet18,fp8_e4m3fn,default,S4,seed,400,256,67.8492,67.3,183,ed7d4e3497b17501631fed004924a3ef90ec91af94af119cf11b5b5d7c61d5de,artifacts/experiment_b2_seeds/cells/resnet18--fp8_e4m3fn--default--S4--ed7d4e3497b1.json
resnet18,int6,default,B0,bias_only,2000,256,66.0628,65.9,161,b2a90f0898570095ed42e25d8d3be2f0b506a2aada5815fda4c850412ba11d3d,artifacts/experiment_b2_seeds/cells/resnet18--int6--default--B0--b2a90f089857.json
resnet18,int6,default,B1,bias_only,2000,256,66.115,65.2,156,b20038861ec76a1bc3f4e83bbd08fc8d9d1ebaef368ce0de42c010a9ac822e38,artifacts/experiment_b2_seeds/cells/resnet18--int6--default--B1--b20038861ec7.json
resnet18,int6,default,B2,bias_only,2000,256,66.4676,66.2,171,654dedd0d8fd13ff2f7731bd78865394222f0894328fbca016fa3a3b6f765ab9,artifacts/experiment_b2_seeds/cells/resnet18--int6--default--B2--654dedd0d8fd.json
resnet18,int6,default,B3,bias_only,2000,256,66.1483,65.2,168,2432b8ee75bc1af684b442af654309a6c123683b25735b5bda168ce86ea24b9d,artifacts/experiment_b2_seeds/cells/resnet18--int6--default--B3--2432b8ee75bc.json
resnet18,int6,default,B4,bias_only,2000,256,66.6867,66.2,164,ef695fee34925cdf5042fb1dd9d866937c4b92dca29aba8da046c986b75af9ec,artifacts/experiment_b2_seeds/cells/resnet18--int6--default--B4--ef695fee3492.json
resnet18,int6,default,H0,ladder,1000,256,65.371,65.2,164,ff6d8dcd68e7aac3f55bf6752b20fdad761d1557f56e50e40eaacd8d96f0f0aa,artifacts/experiment_b2_seeds/cells/resnet18--int6--default--H0--ff6d8dcd68e7.json
resnet18,int6,default,H1,ladder,1000,256,65.6692,65.3,171,5ae5632018dc70413f5c2bec4e78afbd048fcd495f1f99484435eda9a271f993,artifacts/experiment_b2_seeds/cells/resnet18--int6--default--H1--5ae5632018dc.json
resnet18,int6,default,L128_0,ladder,128,128,65.9651,66.1,176,3becced4c7fc522777f10fafb54335aeffbb38d0e91307e985206f5dd1af5ef7,artifacts/experiment_b2_seeds/cells/resnet18--int6--default--L128_0--3becced4c7fc.json
resnet18,int6,default,L128_1,ladder,128,128,65.6717,65.3,163,2e34fa4e6f74bb4429ee7e1e3c341634e2b0a7eb98bb4475d0813777d9bfb374,artifacts/experiment_b2_seeds/cells/resnet18--int6--default--L128_1--2e34fa4e6f74.json
resnet18,int6,default,L128_2,ladder,128,128,65.35,64.3,188,9fc7296942cdd78941a44dbc74efcf678fda3d0c640d578b9e0fd905edef2ae5,artifacts/experiment_b2_seeds/cells/resnet18--int6--default--L128_2--9fc7296942cd.json
resnet18,int6,default,L32_0,ladder,32,32,64.9544,64.7,194,c1d2774895d470b5de596d5f8ca43a015c6083ef6708e2f308578db4f70f6824,artifacts/experiment_b2_seeds/cells/resnet18--int6--default--L32_0--c1d2774895d4.json
resnet18,int6,default,L32_1,ladder,32,32,64.6025,63.4,156,0ec529ca5b0b4b9589b971154d5ca0e91e2a5b1d1e5e101f747bf47cf9372ddc,artifacts/experiment_b2_seeds/cells/resnet18--int6--default--L32_1--0ec529ca5b0b.json
resnet18,int6,default,L32_2,ladder,32,32,65.0618,64.1,163,49f276738e3857f39cbb8e45ab7a87d940237cf27489852a8ace2f59d24c96a6,artifacts/experiment_b2_seeds/cells/resnet18--int6--default--L32_2--49f276738e38.json
resnet18,int6,default,S0,seed,400,256,65.9142,65.7,174,2d8f3ca26b0edf28498fbcc51e3308a52c88912e41eefc7f3481533e7acd321f,artifacts/experiment_b2_seeds/cells/resnet18--int6--default--S0--2d8f3ca26b0e.json
resnet18,int6,default,S1,seed,400,256,65.5617,65.5,169,020387dddd45cd2606b2e4500c72d80f5180ad9fb792bbea3d79d651722ebdd8,artifacts/experiment_b2_seeds/cells/resnet18--int6--default--S1--020387dddd45.json
resnet18,int6,default,S2,seed,400,256,65.9843,65.5,173,d862ca53c71c20b9e595e10e45c333f6eb3ad1ec6087e61b5a538621d09f2245,artifacts/experiment_b2_seeds/cells/resnet18--int6--default--S2--d862ca53c71c.json
resnet18,int6,default,S3,seed,400,256,65.466,65.1,170,d82b635117c1df57d9327e0d45a7ce77b65b0c7e491255269b597ce093b63c79,artifacts/experiment_b2_seeds/cells/resnet18--int6--default--S3--d82b635117c1.json
resnet18,int6,default,S4,seed,400,256,65.436,65.0,170,f8a1e7fcf3f6f93f757c454106a25c46a8977d39acbd452fb695a38061b30749,artifacts/experiment_b2_seeds/cells/resnet18--int6--default--S4--f8a1e7fcf3f6.json
resnet18,int6,minimal,S0,seed,400,256,65.305,65.0,174,e9470eb226e1cde16bf6a144f9abb13f07666e98bf673fa44048bf0c2b76e570,artifacts/experiment_b2_seeds/cells/resnet18--int6--minimal--S0--e9470eb226e1.json
resnet18,int6,minimal,S1,seed,400,256,64.0767,64.1,191,15118f71284509b6c5a7d4d7841f12861497a467e7595adcabbf46fa586f2980,artifacts/experiment_b2_seeds/cells/resnet18--int6--minimal--S1--15118f712845.json
resnet18,int6,minimal,S2,seed,400,256,65.3667,65.2,175,85ba91703725a373c8d711a10e56afa616d9c86d9d673d8f3fd03e0f78babc9a,artifacts/experiment_b2_seeds/cells/resnet18--int6--minimal--S2--85ba91703725.json
resnet18,int6,minimal,S3,seed,400,256,65.8858,66.1,172,3d94b61fa3068d0a36947a2f82a01e378b0116b8715e71dd4802f0f454e09618,artifacts/experiment_b2_seeds/cells/resnet18--int6--minimal--S3--3d94b61fa306.json
resnet18,int6,minimal,S4,seed,400,256,65.8269,65.8,182,e3c0188887fc99d5020f50d7c30ba03c416147937c4fedb0cbe8d344908ff525,artifacts/experiment_b2_seeds/cells/resnet18--int6--minimal--S4--e3c0188887fc.json
resnet18,int8,default,B0,bias_only,2000,256,69.2833,68.8,47,34a6f836328f72ad69ca22bc7c57c0a8d6957a1d1a9c28889821d6d5d9d70639,artifacts/experiment_b2_seeds/cells/resnet18--int8--default--B0--34a6f836328f.json
resnet18,int8,default,B1,bias_only,2000,256,69.2333,68.8,45,edce22bb81ca4a2129fe81088ab5fe7511f2f6d5dcfad40b87bc1da18ad389be,artifacts/experiment_b2_seeds/cells/resnet18--int8--default--B1--edce22bb81ca.json
resnet18,int8,default,B2,bias_only,2000,256,69.2,68.8,49,431c6f1dddb6bcf64efd6b478c982c3feede13358074c8669090984dda115475,artifacts/experiment_b2_seeds/cells/resnet18--int8--default--B2--431c6f1dddb6.json
resnet18,int8,default,B3,bias_only,2000,256,68.945,68.4,49,0999a4ab15b13e9335f0ebb7aa9cf7fbb311b65493b8c1d2a9b876b2c78c6a1c,artifacts/experiment_b2_seeds/cells/resnet18--int8--default--B3--0999a4ab15b1.json
resnet18,int8,default,B4,bias_only,2000,256,69.4,69.0,37,459de48c302eea8dd6a6f02fe46cff6dacb646d761c2bb090b4642a41572541d,artifacts/experiment_b2_seeds/cells/resnet18--int8--default--B4--459de48c302e.json
resnet18,int8,default,H0,ladder,1000,256,69.2283,68.9,45,a7964d495c33d1e3379e564d17efc0217f91265a2963783195d87d1e9f7f2a60,artifacts/experiment_b2_seeds/cells/resnet18--int8--default--H0--a7964d495c33.json
resnet18,int8,default,H1,ladder,1000,256,69.1,68.7,49,142fe04acfde4a4b928260bf300d5aa0405df4c05aaf50febab40037747f0191,artifacts/experiment_b2_seeds/cells/resnet18--int8--default--H1--142fe04acfde.json
resnet18,int8,default,L128_0,ladder,128,128,69.2833,68.9,57,2e98c0e00661867e0fdc8e685137dd02f1f43880332cb31b28c8e7568f850003,artifacts/experiment_b2_seeds/cells/resnet18--int8--default--L128_0--2e98c0e00661.json
resnet18,int8,default,L128_1,ladder,128,128,68.9833,69.1,48,58c7351aadd9188a9603587e2e92413381bf3948d5be5da97ba769dffecc819c,artifacts/experiment_b2_seeds/cells/resnet18--int8--default--L128_1--58c7351aadd9.json
resnet18,int8,default,L128_2,ladder,128,128,69.0333,68.7,42,dd9b6396c416f20889b2bd609c9967b5391cf15b596bb7a7c48e37d4a42df2cd,artifacts/experiment_b2_seeds/cells/resnet18--int8--default--L128_2--dd9b6396c416.json
resnet18,int8,default,L32_0,ladder,32,32,68.5333,68.5,51,03566264f3021e8268d87a8b6c7846656021a1d25a77f40c753be9cd21b8920a,artifacts/experiment_b2_seeds/cells/resnet18--int8--default--L32_0--03566264f302.json
resnet18,int8,default,L32_1,ladder,32,32,69.2833,68.9,55,c669f5c835194df29acd52482f43cbb2275c60d4890aafcd345f4868cc7fd094,artifacts/experiment_b2_seeds/cells/resnet18--int8--default--L32_1--c669f5c83519.json
resnet18,int8,default,L32_2,ladder,32,32,68.8333,68.5,51,059db282e84ee8ae1a3571198e7e43b2174258f4e331ab94e955390e5ebe2e7c,artifacts/experiment_b2_seeds/cells/resnet18--int8--default--L32_2--059db282e84e.json
resnet18,int8,default,S0,seed,400,256,68.9333,68.9,43,bfc56965737b86c082a36a84754c150cf5bbf41fa5a182609cfeeb118d77e50b,artifacts/experiment_b2_seeds/cells/resnet18--int8--default--S0--bfc56965737b.json
resnet18,int8,default,S1,seed,400,256,68.8,68.5,43,ecc19fe1c4170e8ce98edf66671dd1f29555f52e65d509c8727d5c84ca892f93,artifacts/experiment_b2_seeds/cells/resnet18--int8--default--S1--ecc19fe1c417.json
resnet18,int8,default,S2,seed,400,256,69.1333,68.8,45,24273c8504eac467a18e5e650b9d51a80a2f79ff9fa8eda8b70f4e939b117030,artifacts/experiment_b2_seeds/cells/resnet18--int8--default--S2--24273c8504ea.json
resnet18,int8,default,S3,seed,400,256,69.35,68.9,46,2204c07009e110a26a8ee61eecc975d38ab8d2f171f182a56a071c5f948269c2,artifacts/experiment_b2_seeds/cells/resnet18--int8--default--S3--2204c07009e1.json
resnet18,int8,default,S4,seed,400,256,69.3833,69.1,42,7b75202cf92e93e71909e5a2a4375f7d7d6820a158067575a84b46cff7e97f65,artifacts/experiment_b2_seeds/cells/resnet18--int8--default--S4--7b75202cf92e.json
resnet18,log6,default,B0,bias_only,2000,256,55.5844,55.1,356,b1517171cd5cf05ee654a9424e6e139f0564c83cbf501271105292d7607a1881,artifacts/experiment_b2_seeds/cells/resnet18--log6--default--B0--b1517171cd5c.json
resnet18,log6,default,B1,bias_only,2000,256,54.3368,54.4,370,66c0381326461dc2a0d9556ab7db42a2466b80ee4c46635335c5381e15dc77ef,artifacts/experiment_b2_seeds/cells/resnet18--log6--default--B1--66c038132646.json
resnet18,log6,default,B2,bias_only,2000,256,57.2429,57.9,340,d9cee7175237232611941546b01ecea60bca84eee82303a1bc24f1a70b911437,artifacts/experiment_b2_seeds/cells/resnet18--log6--default--B2--d9cee7175237.json
resnet18,log6,default,R0,range_only,400,256,57.7416,57.9,356,6de1659ec1551bb915e557b0a9b25dc47e935d57a07a1dddb1f996a8c320d4cb,artifacts/experiment_b2_seeds/cells/resnet18--log6--default--R0--6de1659ec155.json
resnet18,log6,default,R1,range_only,400,256,61.3441,61.7,314,60a8fccbb2dc7d42efb76e00aff03a834056958d538820f4035a00f9453cc050,artifacts/experiment_b2_seeds/cells/resnet18--log6--default--R1--60a8fccbb2dc.json
resnet18,log6,default,R2,range_only,400,256,61.0804,61.0,325,7e241f64d25108a1292ede501e1ce894c6546e44998271bac0e9fd394582a335,artifacts/experiment_b2_seeds/cells/resnet18--log6--default--R2--7e241f64d251.json
resnet18,log6,default,S0,seed,400,256,59.2538,59.0,329,acc4b70ef9b0c9fa4b30f41ba941efe699f6d425672d995893dd4f67b03e97d5,artifacts/experiment_b2_seeds/cells/resnet18--log6--default--S0--acc4b70ef9b0.json
resnet18,log6,default,S1,seed,400,256,59.7008,60.9,327,434cb5bb4a7a39b2511113027f3cba7d9a6134aecdddbada8b23db55ad20bac9,artifacts/experiment_b2_seeds/cells/resnet18--log6--default--S1--434cb5bb4a7a.json
resnet18,log6,default,S2,seed,400,256,60.8898,60.7,311,9ed0e89787cbfb2602eeb283037c430a43fe54a49a26cf8fa9224819e384514d,artifacts/experiment_b2_seeds/cells/resnet18--log6--default--S2--9ed0e89787cb.json
resnet18,log6,default,S3,seed,400,256,59.8485,59.7,327,6e1d00218af6d132b5e34817e92904a5dbdc7e795fcb7ee275152aadcd9330da,artifacts/experiment_b2_seeds/cells/resnet18--log6--default--S3--6e1d00218af6.json
resnet18,log6,default,S4,seed,400,256,56.8136,56.6,341,f26caef76d9d068e728f5958e7926b16bf50c632739d0b2166bcb1461324e47a,artifacts/experiment_b2_seeds/cells/resnet18--log6--default--S4--f26caef76d9d.json
resnet18,log6,minimal,S0,seed,400,256,62.967,61.5,313,2a36224754e239a48332276e268c3073c730107cffb4f98859528f7f62267ca5,artifacts/experiment_b2_seeds/cells/resnet18--log6--minimal--S0--2a36224754e2.json
resnet18,log6,minimal,S1,seed,400,256,63.1602,62.5,310,258442e9c1c32fd80c3f7629d8b95aafd904635ca6954187997d26a8561a9ade,artifacts/experiment_b2_seeds/cells/resnet18--log6--minimal--S1--258442e9c1c3.json
resnet18,log6,minimal,S2,seed,400,256,63.6052,63.2,293,a1e3aa9661d77eb03450578bd644c90b819a1d35a63a26cb0a7923846f264654,artifacts/experiment_b2_seeds/cells/resnet18--log6--minimal--S2--a1e3aa9661d7.json
resnet18,log6,minimal,S3,seed,400,256,60.4867,60.7,358,282069a394bdd65a2f47c2254994e14215d9abb82e5552740d5ee8fded390e9c,artifacts/experiment_b2_seeds/cells/resnet18--log6--minimal--S3--282069a394bd.json
resnet18,log6,minimal,S4,seed,400,256,60.8086,61.0,337,b83ae883c2049e077bec95e8200b88cf688d9a53aa088d968170358f029a66b9,artifacts/experiment_b2_seeds/cells/resnet18--log6--minimal--S4--b83ae883c204.json
resnet18,log8,default,S0,seed,400,256,68.8737,67.9,172,a8967c43a2ed616be5108f5507c663328df8d153cb8d4b46e4777ba1af3cf36f,artifacts/experiment_b2_seeds/cells/resnet18--log8--default--S0--a8967c43a2ed.json
resnet18,log8,default,S1,seed,400,256,67.4758,67.2,184,991775b6eae5be54a2e9b254f704deff585fce5ee25543d2f4be5bfa513eb015,artifacts/experiment_b2_seeds/cells/resnet18--log8--default--S1--991775b6eae5.json
resnet18,log8,default,S2,seed,400,256,68.2017,67.7,187,df6a2ad2a0c8524585fb09e9b0727f8514c079932e510c29ac75bbd697008d52,artifacts/experiment_b2_seeds/cells/resnet18--log8--default--S2--df6a2ad2a0c8.json
resnet18,log8,default,S3,seed,400,256,67.8326,67.8,188,2fa17b5ab748bb7a492fab9337977b358d087814b55b1ec9cd854ebcb063c0ab,artifacts/experiment_b2_seeds/cells/resnet18--log8--default--S3--2fa17b5ab748.json
resnet18,log8,default,S4,seed,400,256,68.9217,68.5,173,3d12f0a313bdbb786536e52cf13108f297c701cbc3775d121cab8988977775ff,artifacts/experiment_b2_seeds/cells/resnet18--log8--default--S4--3d12f0a313bd.json
resnet18,mxfp8_e4m3,cum5_act_maxabs,S0,seed,400,256,67.6325,67.5,166,d1e9fa4ca38be57793132a948fbe5e534e620c0bf89072739e725b5085c35432,artifacts/experiment_b2_seeds/cells/resnet18--mxfp8_e4m3--cum5_act_maxabs--S0--d1e9fa4ca38b.json
resnet18,mxfp8_e4m3,cum5_act_maxabs,S1,seed,400,256,68.0793,68.3,171,60ce11912633873673713423c136056fcfe2e8bb21dc809864e2cd5ac85b025e,artifacts/experiment_b2_seeds/cells/resnet18--mxfp8_e4m3--cum5_act_maxabs--S1--60ce11912633.json
resnet18,mxfp8_e4m3,cum5_act_maxabs,S2,seed,400,256,67.7852,67.5,175,644a93a2c7b80f73ef0443275efb0c9376768bf000ed5d8ac5d6f8d263d278e5,artifacts/experiment_b2_seeds/cells/resnet18--mxfp8_e4m3--cum5_act_maxabs--S2--644a93a2c7b8.json
resnet18,mxfp8_e4m3,cum5_act_maxabs,S3,seed,400,256,67.4426,68.0,159,a847228f1f8d885a5e781f28710844d582e2904509d43dd60ce744cea4b1d3e9,artifacts/experiment_b2_seeds/cells/resnet18--mxfp8_e4m3--cum5_act_maxabs--S3--a847228f1f8d.json
resnet18,mxfp8_e4m3,cum5_act_maxabs,S4,seed,400,256,67.796,67.7,171,8a5d7f089ec258ed2a2f953aba962131fb3a9b4ff6835b4e87143790ce74ae3f,artifacts/experiment_b2_seeds/cells/resnet18--mxfp8_e4m3--cum5_act_maxabs--S4--8a5d7f089ec2.json
resnet18,nf4,minimal,S0,seed,400,256,35.3972,35.0,660,df78227f051b1e776410838eba4565507e9cdbe1e4bb13789fb84846277e688d,artifacts/experiment_b2_seeds/cells/resnet18--nf4--minimal--S0--df78227f051b.json
resnet18,nf4,minimal,S1,seed,400,256,32.6971,32.9,706,80a93892a17b11ae3f52340850d6c41a5fc95f3aa2725b2717fc4126fc805dd3,artifacts/experiment_b2_seeds/cells/resnet18--nf4--minimal--S1--80a93892a17b.json
resnet18,nf4,minimal,S2,seed,400,256,35.4326,35.6,671,2ba7f31fe7faac84adcf83af563a0bd333a80a7edf29b53e689ddae406c88670,artifacts/experiment_b2_seeds/cells/resnet18--nf4--minimal--S2--2ba7f31fe7fa.json
resnet18,nf4,minimal,S3,seed,400,256,35.9498,36.2,644,d3314478a158d6fd7911a40251eb43d60ce54ccf7af734c8d5bac9b3d225df49,artifacts/experiment_b2_seeds/cells/resnet18--nf4--minimal--S3--d3314478a158.json
resnet18,nf4,minimal,S4,seed,400,256,34.7107,35.0,682,545809e7923b7e0b1fd910adbbcab1c2806c28517918cbec6f0e16f1675155a0,artifacts/experiment_b2_seeds/cells/resnet18--nf4--minimal--S4--545809e7923b.json
resnet18,posit6_es1,default,B0,bias_only,2000,256,59.9837,59.6,333,35e3ec62313e86a4dfbaee279c7bc807c0cf77b1f52a61001410e32d91b4c7c0,artifacts/experiment_b2_seeds/cells/resnet18--posit6_es1--default--B0--35e3ec62313e.json
resnet18,posit6_es1,default,B1,bias_only,2000,256,58.6881,57.9,328,d14d5bc9ea85c9de89e262e7bc31490aecfc1caf538a6e9b0bd3af4bd8ca8f19,artifacts/experiment_b2_seeds/cells/resnet18--posit6_es1--default--B1--d14d5bc9ea85.json
resnet18,posit6_es1,default,B2,bias_only,2000,256,58.8191,58.3,333,720b567c4c6f042e65ca1ce3991fa38d9efe8d86e0da528da4577c7bf5611cfd,artifacts/experiment_b2_seeds/cells/resnet18--posit6_es1--default--B2--720b567c4c6f.json
resnet18,posit6_es1,default,R0,range_only,400,256,59.9578,59.3,330,7b316b72f0fb71b95288cce67c4db44b8d6c3ee8a2043641b7616301a549a869,artifacts/experiment_b2_seeds/cells/resnet18--posit6_es1--default--R0--7b316b72f0fb.json
resnet18,posit6_es1,default,R1,range_only,400,256,60.9005,60.7,315,ad9347b76fd5e25a9bbd1420ba1d45c32142e790d862273c0541f67a01dd0057,artifacts/experiment_b2_seeds/cells/resnet18--posit6_es1--default--R1--ad9347b76fd5.json
resnet18,posit6_es1,default,R2,range_only,400,256,58.4616,57.4,332,4fade42d32d8881ee1cda3b7e31723795f23bcfdf4df34cd0225368853cebfe9,artifacts/experiment_b2_seeds/cells/resnet18--posit6_es1--default--R2--4fade42d32d8.json
resnet18,posit6_es1,default,S0,seed,400,256,59.5724,59.0,337,79da8545123afe8afbb30ddeab216f6c9d915942317ce9981378bdb9d380134c,artifacts/experiment_b2_seeds/cells/resnet18--posit6_es1--default--S0--79da8545123a.json
resnet18,posit6_es1,default,S1,seed,400,256,60.8976,60.8,349,c7a88cd08ea5eb7d792fbe31d3cf8024ecb7dc4f06bc970428c8c8e07255d2a9,artifacts/experiment_b2_seeds/cells/resnet18--posit6_es1--default--S1--c7a88cd08ea5.json
resnet18,posit6_es1,default,S2,seed,400,256,59.3746,57.9,332,9b89480117833d3cd711eacdf98f07f9b8281c1e26d290cfc364c5736bc9ab75,artifacts/experiment_b2_seeds/cells/resnet18--posit6_es1--default--S2--9b8948011783.json
resnet18,posit6_es1,default,S3,seed,400,256,60.8871,61.2,325,b29dfba37f857ca34cec216401d6f04d4e80803d304120eb4804969e11b1aca9,artifacts/experiment_b2_seeds/cells/resnet18--posit6_es1--default--S3--b29dfba37f85.json
resnet18,posit6_es1,default,S4,seed,400,256,58.9136,58.6,329,15d27588272144c0e8a49307a9bbaee23a8a1344fbc71c4dae61be351bc5d158,artifacts/experiment_b2_seeds/cells/resnet18--posit6_es1--default--S4--15d275882721.json
resnet18,posit6_es1,minimal,S0,seed,400,256,3.5477,3.3,462,ae3ab77c1836e044ae6070d0d1932faddb916b7ac169d165270640ac457f4e67,artifacts/experiment_b2_seeds/cells/resnet18--posit6_es1--minimal--S0--ae3ab77c1836.json
resnet18,posit6_es1,minimal,S1,seed,400,256,3.8225,3.6,475,4453f106401f3d0d56271be89314c03764c18bdca6f9d0ba5d96ce9736bbae36,artifacts/experiment_b2_seeds/cells/resnet18--posit6_es1--minimal--S1--4453f106401f.json
resnet18,posit6_es1,minimal,S2,seed,400,256,3.9578,3.5,490,1910a15dd354c980ffbd17bada0890493adbb023ef1f09e44d59a57cfa734196,artifacts/experiment_b2_seeds/cells/resnet18--posit6_es1--minimal--S2--1910a15dd354.json
resnet18,posit6_es1,minimal,S3,seed,400,256,3.3975,3.1,483,4c620e1e15de702d229e93ecddc10906278333055182d1d55612ec0b2fcd8873,artifacts/experiment_b2_seeds/cells/resnet18--posit6_es1--minimal--S3--4c620e1e15de.json
resnet18,posit6_es1,minimal,S4,seed,400,256,3.728,3.3,470,caaaf741a4384adf4d3897329939f2b042a0778c849e98734f2b5fdb706e6af8,artifacts/experiment_b2_seeds/cells/resnet18--posit6_es1--minimal--S4--caaaf741a438.json
resnet18,posit8_es1,default,B0,bias_only,2000,256,69.7833,69.0,100,6a555dd3240c6f045365dfcbf7eb7b4fae9647382422716cc6a0e32d9005ab60,artifacts/experiment_b2_seeds/cells/resnet18--posit8_es1--default--B0--6a555dd3240c.json
resnet18,posit8_es1,default,B1,bias_only,2000,256,69.1976,68.9,99,4ef6e5fc19f37c624278ca8c07997819365a251e7100544d3d07936585c8aeca,artifacts/experiment_b2_seeds/cells/resnet18--posit8_es1--default--B1--4ef6e5fc19f3.json
resnet18,posit8_es1,default,B2,bias_only,2000,256,69.4992,69.4,95,07bd8606b48ab6b986bfb346d5cca99e9def6dd65a1b9a2a4f97d8cbe0d298a6,artifacts/experiment_b2_seeds/cells/resnet18--posit8_es1--default--B2--07bd8606b48a.json
resnet18,posit8_es1,default,B3,bias_only,2000,256,69.5492,69.2,100,d91e3109c5ac1b747980fdffecdd4435da1199003dce4d40c65c711c0f6b9857,artifacts/experiment_b2_seeds/cells/resnet18--posit8_es1--default--B3--d91e3109c5ac.json
resnet18,posit8_es1,default,B4,bias_only,2000,256,69.3867,68.6,110,0291d7fffc6de4f715b28cfa26cd028ead6e45c2268b84c01e24e0c10214eb0c,artifacts/experiment_b2_seeds/cells/resnet18--posit8_es1--default--B4--0291d7fffc6d.json
resnet18,posit8_es1,default,H0,ladder,1000,256,69.425,68.8,102,6b7d9d197d242028e016dfe31c289849e8b04d83b4b3e9b5df15b05d366c6a47,artifacts/experiment_b2_seeds/cells/resnet18--posit8_es1--default--H0--6b7d9d197d24.json
resnet18,posit8_es1,default,H1,ladder,1000,256,69.4083,69.3,98,de3167297c9307ba92b7d3cf3060a0009c465e4d1e2184bfe625fdc2f8115113,artifacts/experiment_b2_seeds/cells/resnet18--posit8_es1--default--H1--de3167297c93.json
resnet18,posit8_es1,default,L128_0,ladder,128,128,68.9667,68.5,99,5b943a1e5d4b34a5889add289d1b74e72087ee4e44a7ecfdca3b6013ac85bf35,artifacts/experiment_b2_seeds/cells/resnet18--posit8_es1--default--L128_0--5b943a1e5d4b.json
resnet18,posit8_es1,default,L128_1,ladder,128,128,69.0917,68.9,109,fb9db8c5225c0e8924d3e4fbe807f31d62bda71c61d10b45add5da04dbe05c5a,artifacts/experiment_b2_seeds/cells/resnet18--posit8_es1--default--L128_1--fb9db8c5225c.json
resnet18,posit8_es1,default,L128_2,ladder,128,128,69.4667,69.4,109,e0f3251acbc52e825441f3cd148f0ec95b2dff9006cfe4b0b3c215d18aa466c1,artifacts/experiment_b2_seeds/cells/resnet18--posit8_es1--default--L128_2--e0f3251acbc5.json
resnet18,posit8_es1,default,L32_0,ladder,32,32,69.0583,68.9,97,9cf015aca884a28737b395194425b8d108d68cf5c6b7b0f88b849be2a9c62ffb,artifacts/experiment_b2_seeds/cells/resnet18--posit8_es1--default--L32_0--9cf015aca884.json
resnet18,posit8_es1,default,L32_1,ladder,32,32,69.2417,68.6,117,7aaa4db6a98f0132d7d50b5da0f0cbab7ad3e96393ed5bc45fef5f6c60f5e896,artifacts/experiment_b2_seeds/cells/resnet18--posit8_es1--default--L32_1--7aaa4db6a98f.json
resnet18,posit8_es1,default,L32_2,ladder,32,32,69.1333,69.0,108,f73bf4510aaa8e96be42bc7e7b2b838a1ebbe51f62346027143a716dbcb83191,artifacts/experiment_b2_seeds/cells/resnet18--posit8_es1--default--L32_2--f73bf4510aaa.json
resnet18,posit8_es1,default,S0,seed,400,256,68.995,68.9,106,924637d89ddbb954a59e1609295250da9c411ff2bbc2bbd926d88c98e3e69367,artifacts/experiment_b2_seeds/cells/resnet18--posit8_es1--default--S0--924637d89ddb.json
resnet18,posit8_es1,default,S1,seed,400,256,69.4,69.1,101,d8aeb39f7b6be761a80c81cf6798347eb69a2d1593dec036fadb9b12f37b65b5,artifacts/experiment_b2_seeds/cells/resnet18--posit8_es1--default--S1--d8aeb39f7b6b.json
resnet18,posit8_es1,default,S2,seed,400,256,69.5083,69.2,108,e78a2332a1b58ca28926c33fb3a3b45e161ffe248928dda26c6be20eb3222a77,artifacts/experiment_b2_seeds/cells/resnet18--posit8_es1--default--S2--e78a2332a1b5.json
resnet18,posit8_es1,default,S3,seed,400,256,69.35,69.0,101,48d81b8ba4df11957529a98c2a93a3f98435375e3c7eef921b8e7ac3433ae04e,artifacts/experiment_b2_seeds/cells/resnet18--posit8_es1--default--S3--48d81b8ba4df.json
resnet18,posit8_es1,default,S4,seed,400,256,69.7083,69.4,103,5c38e5ea4514de872a8f4c221b179e1aa85ea37154fc2c6c5188d0d76956cd62,artifacts/experiment_b2_seeds/cells/resnet18--posit8_es1--default--S4--5c38e5ea4514.json
