case,policy,family,parameter,node,kind,K,W_node_abs,W_node_struct,images_with_event,image_rate,output_rate
mobilenet_v2-int8-default-b2,sat.w19,uniform,19,classifier_1,classifier,1280,24,24,54,0.054,5.6e-05
mobilenet_v2-int8-default-b2,sat.w19,uniform,19,features_0_0,stem,27,19,19,0,0.0,0.0
mobilenet_v2-int8-default-b2,sat.w19,uniform,19,features_10_conv_0_0,pointwise_expand,64,20,20,0,0.0,0.0
mobilenet_v2-int8-default-b2,sat.w19,uniform,19,features_10_conv_1_0,depthwise,9,19,19,0,0.0,0.0
mobilenet_v2-int8-default-b2,sat.w19,uniform,19,features_10_conv_2,pointwise_project,384,23,22,0,0.0,0.0
mobilenet_v2-int8-default-b2,sat.w19,uniform,19,features_11_conv_0_0,pointwise_expand,64,20,20,0,0.0,0.0
mobilenet_v2-int8-default-b2,sat.w19,uniform,19,features_11_conv_1_0,depthwise,9,19,19,0,0.0,0.0
mobilenet_v2-int8-default-b2,sat.w19,uniform,19,features_11_conv_2,pointwise_project,384,23,22,138,0.138,9.832057823129252e-06
mobilenet_v2-int8-default-b2,sat.w19,uniform,19,features_12_conv_0_0,pointwise_expand,96,21,21,0,0.0,0.0
mobilenet_v2-int8-default-b2,sat.w19,uniform,19,features_12_conv_1_0,depthwise,9,19,19,0,0.0,0.0
mobilenet_v2-int8-default-b2,sat.w19,uniform,19,features_12_conv_2,pointwise_project,576,24,23,0,0.0,0.0
mobilenet_v2-int8-default-b2,sat.w19,uniform,19,features_13_conv_0_0,pointwise_expand,96,21,21,0,0.0,0.0
mobilenet_v2-int8-default-b2,sat.w19,uniform,19,features_13_conv_1_0,depthwise,9,19,19,0,0.0,0.0
mobilenet_v2-int8-default-b2,sat.w19,uniform,19,features_13_conv_2,pointwise_project,576,24,23,0,0.0,0.0
mobilenet_v2-int8-default-b2,sat.w19,uniform,19,features_14_conv_0_0,pointwise_expand,96,21,21,0,0.0,0.0
mobilenet_v2-int8-default-b2,sat.w19,uniform,19,features_14_conv_1_0,depthwise,9,19,19,0,0.0,0.0
mobilenet_v2-int8-default-b2,sat.w19,uniform,19,features_14_conv_2,pointwise_project,576,24,23,184,0.184,3.303571428571429e-05
mobilenet_v2-int8-default-b2,sat.w19,uniform,19,features_15_conv_0_0,pointwise_expand,160,21,21,0,0.0,0.0
mobilenet_v2-int8-default-b2,sat.w19,uniform,19,features_15_conv_1_0,depthwise,9,19,19,0,0.0,0.0
mobilenet_v2-int8-default-b2,sat.w19,uniform,19,features_15_conv_2,pointwise_project,960,25,24,0,0.0,0.0
mobilenet_v2-int8-default-b2,sat.w19,uniform,19,features_16_conv_0_0,pointwise_expand,160,21,21,0,0.0,0.0
mobilenet_v2-int8-default-b2,sat.w19,uniform,19,features_16_conv_1_0,depthwise,9,19,19,0,0.0,0.0
mobilenet_v2-int8-default-b2,sat.w19,uniform,19,features_16_conv_2,pointwise_project,960,25,24,0,0.0,0.0
mobilenet_v2-int8-default-b2,sat.w19,uniform,19,features_17_conv_0_0,pointwise_expand,160,21,21,0,0.0,0.0
mobilenet_v2-int8-default-b2,sat.w19,uniform,19,features_17_conv_1_0,depthwise,9,20,20,0,0.0,0.0
mobilenet_v2-int8-default-b2,sat.w19,uniform,19,features_17_conv_2,pointwise_project,960,25,24,20,0.02,3.125e-06
mobilenet_v2-int8-default-b2,sat.w19,uniform,19,features_18_0,pointwise_expand,320,22,22,0,0.0,0.0
mobilenet_v2-int8-default-b2,sat.w19,uniform,19,features_1_conv_0_0,depthwise,9,19,18,0,0.0,0.0
mobilenet_v2-int8-default-b2,sat.w19,uniform,19,features_1_conv_1,pointwise_project,32,19,19,0,0.0,0.0
mobilenet_v2-int8-default-b2,sat.w19,uniform,19,features_2_conv_0_0,pointwise_expand,16,18,18,0,0.0,0.0
mobilenet_v2-int8-default-b2,sat.w19,uniform,19,features_2_conv_1_0,depthwise,9,19,19,0,0.0,0.0
mobilenet_v2-int8-default-b2,sat.w19,uniform,19,features_2_conv_2,pointwise_project,96,21,21,0,0.0,0.0
mobilenet_v2-int8-default-b2,sat.w19,uniform,19,features_3_conv_0_0,pointwise_expand,24,19,19,0,0.0,0.0
mobilenet_v2-int8-default-b2,sat.w19,uniform,19,features_3_conv_1_0,depthwise,9,19,19,0,0.0,0.0
mobilenet_v2-int8-default-b2,sat.w19,uniform,19,features_3_conv_2,pointwise_project,144,22,21,0,0.0,0.0
mobilenet_v2-int8-default-b2,sat.w19,uniform,19,features_4_conv_0_0,pointwise_expand,24,19,19,0,0.0,0.0
mobilenet_v2-int8-default-b2,sat.w19,uniform,19,features_4_conv_1_0,depthwise,9,19,19,0,0.0,0.0
mobilenet_v2-int8-default-b2,sat.w19,uniform,19,features_4_conv_2,pointwise_project,144,22,21,0,0.0,0.0
mobilenet_v2-int8-default-b2,sat.w19,uniform,19,features_5_conv_0_0,pointwise_expand,32,19,19,0,0.0,0.0
mobilenet_v2-int8-default-b2,sat.w19,uniform,19,features_5_conv_1_0,depthwise,9,19,19,0,0.0,0.0
mobilenet_v2-int8-default-b2,sat.w19,uniform,19,features_5_conv_2,pointwise_project,192,22,21,0,0.0,0.0
mobilenet_v2-int8-default-b2,sat.w19,uniform,19,features_6_conv_0_0,pointwise_expand,32,19,19,0,0.0,0.0
mobilenet_v2-int8-default-b2,sat.w19,uniform,19,features_6_conv_1_0,depthwise,9,19,19,0,0.0,0.0
mobilenet_v2-int8-default-b2,sat.w19,uniform,19,features_6_conv_2,pointwise_project,192,22,21,0,0.0,0.0
mobilenet_v2-int8-default-b2,sat.w19,uniform,19,features_7_conv_0_0,pointwise_expand,32,19,19,0,0.0,0.0
mobilenet_v2-int8-default-b2,sat.w19,uniform,19,features_7_conv_1_0,depthwise,9,19,19,0,0.0,0.0
mobilenet_v2-int8-default-b2,sat.w19,uniform,19,features_7_conv_2,pointwise_project,192,22,21,15,0.015,1.3552295918367348e-06
mobilenet_v2-int8-default-b2,sat.w19,uniform,19,features_8_conv_0_0,pointwise_expand,64,20,20,0,0.0,0.0
mobilenet_v2-int8-default-b2,sat.w19,uniform,19,features_8_conv_1_0,depthwise,9,19,19,0,0.0,0.0
mobilenet_v2-int8-default-b2,sat.w19,uniform,19,features_8_conv_2,pointwise_project,384,23,22,0,0.0,0.0
mobilenet_v2-int8-default-b2,sat.w19,uniform,19,features_9_conv_0_0,pointwise_expand,64,20,20,0,0.0,0.0
mobilenet_v2-int8-default-b2,sat.w19,uniform,19,features_9_conv_1_0,depthwise,9,19,19,0,0.0,0.0
mobilenet_v2-int8-default-b2,sat.w19,uniform,19,features_9_conv_2,pointwise_project,384,23,22,0,0.0,0.0
mobilenet_v2-int8-default-b2,sat.w18,uniform,18,classifier_1,classifier,1280,24,24,773,0.773,0.001624
mobilenet_v2-int8-default-b2,sat.w18,uniform,18,features_0_0,stem,27,19,19,0,0.0,0.0
mobilenet_v2-int8-default-b2,sat.w18,uniform,18,features_10_conv_0_0,pointwise_expand,64,20,20,0,0.0,0.0
mobilenet_v2-int8-default-b2,sat.w18,uniform,18,features_10_conv_1_0,depthwise,9,19,19,48,0.048,5.155187074829932e-06
mobilenet_v2-int8-default-b2,sat.w18,uniform,18,features_10_conv_2,pointwise_project,384,23,22,0,0.0,0.0
mobilenet_v2-int8-default-b2,sat.w18,uniform,18,features_11_conv_0_0,pointwise_expand,64,20,20,0,0.0,0.0
mobilenet_v2-int8-default-b2,sat.w18,uniform,18,features_11_conv_1_0,depthwise,9,19,19,133,0.133,6.523703231292517e-06
mobilenet_v2-int8-default-b2,sat.w18,uniform,18,features_11_conv_2,pointwise_project,384,23,22,1000,1.0,0.046469122023809525
mobilenet_v2-int8-default-b2,sat.w18,uniform,18,features_12_conv_0_0,pointwise_expand,96,21,21,0,0.0,0.0
mobilenet_v2-int8-default-b2,sat.w18,uniform,18,features_12_conv_1_0,depthwise,9,19,19,151,0.151,8.98171768707483e-06
mobilenet_v2-int8-default-b2,sat.w18,uniform,18,features_12_conv_2,pointwise_project,576,24,23,899,0.899,0.0002616921768707483
mobilenet_v2-int8-default-b2,sat.w18,uniform,18,features_13_conv_0_0,pointwise_expand,96,21,21,3,0.003,4.871740362811792e-07
mobilenet_v2-int8-default-b2,sat.w18,uniform,18,features_13_conv_1_0,depthwise,9,19,19,87,0.087,1.8512613378684807e-06
mobilenet_v2-int8-default-b2,sat.w18,uniform,18,features_13_conv_2,pointwise_project,576,24,23,1000,1.0,0.005630261479591837
mobilenet_v2-int8-default-b2,sat.w18,uniform,18,features_14_conv_0_0,pointwise_expand,96,21,21,0,0.0,0.0
mobilenet_v2-int8-default-b2,sat.w18,uniform,18,features_14_conv_1_0,depthwise,9,19,19,1000,1.0,0.001288938492063492
mobilenet_v2-int8-default-b2,sat.w18,uniform,18,features_14_conv_2,pointwise_project,576,24,23,1000,1.0,0.10231058673469388
mobilenet_v2-int8-default-b2,sat.w18,uniform,18,features_15_conv_0_0,pointwise_expand,160,21,21,68,0.068,2.2534013605442176e-06
mobilenet_v2-int8-default-b2,sat.w18,uniform,18,features_15_conv_1_0,depthwise,9,19,19,44,0.044,3.5501700680272107e-06
mobilenet_v2-int8-default-b2,sat.w18,uniform,18,features_15_conv_2,pointwise_project,960,25,24,815,0.815,0.0003243622448979592
mobilenet_v2-int8-default-b2,sat.w18,uniform,18,features_16_conv_0_0,pointwise_expand,160,21,21,13,0.013,2.976190476190476e-07
mobilenet_v2-int8-default-b2,sat.w18,uniform,18,features_16_conv_1_0,depthwise,9,19,19,97,0.097,7.121598639455782e-06
mobilenet_v2-int8-default-b2,sat.w18,uniform,18,features_16_conv_2,pointwise_project,960,25,24,7,0.007,3.826530612244898e-06
mobilenet_v2-int8-default-b2,sat.w18,uniform,18,features_17_conv_0_0,pointwise_expand,160,21,21,0,0.0,0.0
mobilenet_v2-int8-default-b2,sat.w18,uniform,18,features_17_conv_1_0,depthwise,9,20,20,386,0.386,7.302295918367347e-05
mobilenet_v2-int8-default-b2,sat.w18,uniform,18,features_17_conv_2,pointwise_project,960,25,24,1000,1.0,0.040254145408163265
mobilenet_v2-int8-default-b2,sat.w18,uniform,18,features_18_0,pointwise_expand,320,22,22,44,0.044,1.020408163265306e-06
mobilenet_v2-int8-default-b2,sat.w18,uniform,18,features_1_conv_0_0,depthwise,9,19,18,0,0.0,0.0
mobilenet_v2-int8-default-b2,sat.w18,uniform,18,features_1_conv_1,pointwise_project,32,19,19,3,0.003,1.4947385204081632e-08
mobilenet_v2-int8-default-b2,sat.w18,uniform,18,features_2_conv_0_0,pointwise_expand,16,18,18,0,0.0,0.0
mobilenet_v2-int8-default-b2,sat.w18,uniform,18,features_2_conv_1_0,depthwise,9,19,19,1000,1.0,0.000750401918579932
mobilenet_v2-int8-default-b2,sat.w18,uniform,18,features_2_conv_2,pointwise_project,96,21,21,321,0.321,1.6448767006802722e-05
mobilenet_v2-int8-default-b2,sat.w18,uniform,18,features_3_conv_0_0,pointwise_expand,24,19,19,0,0.0,0.0
mobilenet_v2-int8-default-b2,sat.w18,uniform,18,features_3_conv_1_0,depthwise,9,19,19,0,0.0,0.0
mobilenet_v2-int8-default-b2,sat.w18,uniform,18,features_3_conv_2,pointwise_project,144,22,21,860,0.86,0.000203656462585034
mobilenet_v2-int8-default-b2,sat.w18,uniform,18,features_4_conv_0_0,pointwise_expand,24,19,19,0,0.0,0.0
mobilenet_v2-int8-default-b2,sat.w18,uniform,18,features_4_conv_1_0,depthwise,9,19,19,1000,1.0,0.004252993905895692
mobilenet_v2-int8-default-b2,sat.w18,uniform,18,features_4_conv_2,pointwise_project,144,22,21,607,0.607,0.00014995216836734694
mobilenet_v2-int8-default-b2,sat.w18,uniform,18,features_5_conv_0_0,pointwise_expand,32,19,19,0,0.0,0.0
mobilenet_v2-int8-default-b2,sat.w18,uniform,18,features_5_conv_1_0,depthwise,9,19,19,810,0.81,0.0001252590880102041
mobilenet_v2-int8-default-b2,sat.w18,uniform,18,features_5_conv_2,pointwise_project,192,22,21,3,0.003,1.992984693877551e-07
mobilenet_v2-int8-default-b2,sat.w18,uniform,18,features_6_conv_0_0,pointwise_expand,32,19,19,0,0.0,0.0
mobilenet_v2-int8-default-b2,sat.w18,uniform,18,features_6_conv_1_0,depthwise,9,19,19,827,0.827,0.00023876620960884353
mobilenet_v2-int8-default-b2,sat.w18,uniform,18,features_6_conv_2,pointwise_project,192,22,21,1,0.001,3.985969387755102e-08
mobilenet_v2-int8-default-b2,sat.w18,uniform,18,features_7_conv_0_0,pointwise_expand,32,19,19,0,0.0,0.0
mobilenet_v2-int8-default-b2,sat.w18,uniform,18,features_7_conv_1_0,depthwise,9,19,19,823,0.823,0.00029408482142857144
mobilenet_v2-int8-default-b2,sat.w18,uniform,18,features_7_conv_2,pointwise_project,192,22,21,1000,1.0,0.013652742346938775
mobilenet_v2-int8-default-b2,sat.w18,uniform,18,features_8_conv_0_0,pointwise_expand,64,20,20,0,0.0,0.0
mobilenet_v2-int8-default-b2,sat.w18,uniform,18,features_8_conv_1_0,depthwise,9,19,19,275,0.275,4.027157738095238e-05
mobilenet_v2-int8-default-b2,sat.w18,uniform,18,features_8_conv_2,pointwise_project,384,23,22,4,0.004,3.985969387755102e-07
mobilenet_v2-int8-default-b2,sat.w18,uniform,18,features_9_conv_0_0,pointwise_expand,64,20,20,0,0.0,0.0
mobilenet_v2-int8-default-b2,sat.w18,uniform,18,features_9_conv_1_0,depthwise,9,19,19,617,0.617,0.0001675967261904762
mobilenet_v2-int8-default-b2,sat.w18,uniform,18,features_9_conv_2,pointwise_project,384,23,22,8,0.008,6.377551020408163e-07
mobilenet_v2-int8-default-b2,sat.w17,uniform,17,classifier_1,classifier,1280,24,24,62,0.062,6.7e-05
mobilenet_v2-int8-default-b2,sat.w17,uniform,17,features_0_0,stem,27,19,19,992,0.992,0.008652403539540816
mobilenet_v2-int8-default-b2,sat.w17,uniform,17,features_10_conv_0_0,pointwise_expand,64,20,20,28,0.028,4.517431972789116e-07
mobilenet_v2-int8-default-b2,sat.w17,uniform,17,features_10_conv_1_0,depthwise,9,19,19,1000,1.0,0.005286166028911564
mobilenet_v2-int8-default-b2,sat.w17,uniform,17,features_10_conv_2,pointwise_project,384,23,22,726,0.726,0.00019897959183673468
mobilenet_v2-int8-default-b2,sat.w17,uniform,17,features_11_conv_0_0,pointwise_expand,64,20,20,1,0.001,1.328656462585034e-08
mobilenet_v2-int8-default-b2,sat.w17,uniform,17,features_11_conv_1_0,depthwise,9,19,19,1000,1.0,0.0025570657950680273
mobilenet_v2-int8-default-b2,sat.w17,uniform,17,features_11_conv_2,pointwise_project,384,23,22,1000,1.0,0.3562859800170068
mobilenet_v2-int8-default-b2,sat.w17,uniform,17,features_12_conv_0_0,pointwise_expand,96,21,21,1,0.001,8.857709750566893e-09
mobilenet_v2-int8-default-b2,sat.w17,uniform,17,features_12_conv_1_0,depthwise,9,19,19,1000,1.0,0.0027145957341269842
mobilenet_v2-int8-default-b2,sat.w17,uniform,17,features_12_conv_2,pointwise_project,576,24,23,1000,1.0,0.18784343112244897
mobilenet_v2-int8-default-b2,sat.w17,uniform,17,features_13_conv_0_0,pointwise_expand,96,21,21,3,0.003,2.657312925170068e-08
mobilenet_v2-int8-default-b2,sat.w17,uniform,17,features_13_conv_1_0,depthwise,9,19,19,998,0.998,0.00085375035430839
mobilenet_v2-int8-default-b2,sat.w17,uniform,17,features_13_conv_2,pointwise_project,576,24,23,1000,1.0,0.14011065051020408
mobilenet_v2-int8-default-b2,sat.w17,uniform,17,features_14_conv_0_0,pointwise_expand,96,21,21,3,0.003,2.657312925170068e-08
mobilenet_v2-int8-default-b2,sat.w17,uniform,17,features_14_conv_1_0,depthwise,9,19,19,1000,1.0,0.003825644841269841
mobilenet_v2-int8-default-b2,sat.w17,uniform,17,features_14_conv_2,pointwise_project,576,24,23,1000,1.0,0.6541016581632653
mobilenet_v2-int8-default-b2,sat.w17,uniform,17,features_15_conv_0_0,pointwise_expand,160,21,21,1000,1.0,0.0031265093537414966
mobilenet_v2-int8-default-b2,sat.w17,uniform,17,features_15_conv_1_0,depthwise,9,19,19,1000,1.0,0.03064923469387755
mobilenet_v2-int8-default-b2,sat.w17,uniform,17,features_15_conv_2,pointwise_project,960,25,24,1000,1.0,0.15285854591836734
mobilenet_v2-int8-default-b2,sat.w17,uniform,17,features_16_conv_0_0,pointwise_expand,160,21,21,1000,1.0,0.021261798469387756
mobilenet_v2-int8-default-b2,sat.w17,uniform,17,features_16_conv_1_0,depthwise,9,19,19,1000,1.0,0.024885076530612244
mobilenet_v2-int8-default-b2,sat.w17,uniform,17,features_16_conv_2,pointwise_project,960,25,24,1000,1.0,0.0847951530612245
mobilenet_v2-int8-default-b2,sat.w17,uniform,17,features_17_conv_0_0,pointwise_expand,160,21,21,1000,1.0,0.005470514455782313
mobilenet_v2-int8-default-b2,sat.w17,uniform,17,features_17_conv_1_0,depthwise,9,20,20,1000,1.0,0.02347093962585034
mobilenet_v2-int8-default-b2,sat.w17,uniform,17,features_17_conv_2,pointwise_project,960,25,24,1000,1.0,0.5949661989795918
mobilenet_v2-int8-default-b2,sat.w17,uniform,17,features_18_0,pointwise_expand,320,22,22,1000,1.0,0.008476785714285714
mobilenet_v2-int8-default-b2,sat.w17,uniform,17,features_1_conv_0_0,depthwise,9,19,18,52,0.052,2.5360730229591836e-05
mobilenet_v2-int8-default-b2,sat.w17,uniform,17,features_1_conv_1,pointwise_project,32,19,19,998,0.998,0.0027224420041454082
mobilenet_v2-int8-default-b2,sat.w17,uniform,17,features_2_conv_0_0,pointwise_expand,16,18,18,0,0.0,0.0
mobilenet_v2-int8-default-b2,sat.w17,uniform,17,features_2_conv_1_0,depthwise,9,19,19,1000,1.0,0.06745553651147959
mobilenet_v2-int8-default-b2,sat.w17,uniform,17,features_2_conv_2,pointwise_project,96,21,21,1000,1.0,0.04382211947278911
mobilenet_v2-int8-default-b2,sat.w17,uniform,17,features_3_conv_0_0,pointwise_expand,24,19,19,0,0.0,0.0
mobilenet_v2-int8-default-b2,sat.w17,uniform,17,features_3_conv_1_0,depthwise,9,19,19,997,0.997,0.0011482116284013606
mobilenet_v2-int8-default-b2,sat.w17,uniform,17,features_3_conv_2,pointwise_project,144,22,21,1000,1.0,0.07309324511054421
mobilenet_v2-int8-default-b2,sat.w17,uniform,17,features_4_conv_0_0,pointwise_expand,24,19,19,0,0.0,0.0
mobilenet_v2-int8-default-b2,sat.w17,uniform,17,features_4_conv_1_0,depthwise,9,19,19,1000,1.0,0.05081480300453515
mobilenet_v2-int8-default-b2,sat.w17,uniform,17,features_4_conv_2,pointwise_project,144,22,21,1000,1.0,0.06534363042091837
mobilenet_v2-int8-default-b2,sat.w17,uniform,17,features_5_conv_0_0,pointwise_expand,32,19,19,0,0.0,0.0
mobilenet_v2-int8-default-b2,sat.w17,uniform,17,features_5_conv_1_0,depthwise,9,19,19,1000,1.0,0.01636698820153061
mobilenet_v2-int8-default-b2,sat.w17,uniform,17,features_5_conv_2,pointwise_project,192,22,21,1000,1.0,0.02434634088010204
mobilenet_v2-int8-default-b2,sat.w17,uniform,17,features_6_conv_0_0,pointwise_expand,32,19,19,0,0.0,0.0
mobilenet_v2-int8-default-b2,sat.w17,uniform,17,features_6_conv_1_0,depthwise,9,19,19,1000,1.0,0.0075643069727891156
mobilenet_v2-int8-default-b2,sat.w17,uniform,17,features_6_conv_2,pointwise_project,192,22,21,993,0.993,0.0008170838647959184
mobilenet_v2-int8-default-b2,sat.w17,uniform,17,features_7_conv_0_0,pointwise_expand,32,19,19,0,0.0,0.0
mobilenet_v2-int8-default-b2,sat.w17,uniform,17,features_7_conv_1_0,depthwise,9,19,19,1000,1.0,0.011545998086734694
mobilenet_v2-int8-default-b2,sat.w17,uniform,17,features_7_conv_2,pointwise_project,192,22,21,1000,1.0,0.31525789221938777
mobilenet_v2-int8-default-b2,sat.w17,uniform,17,features_8_conv_0_0,pointwise_expand,64,20,20,0,0.0,0.0
mobilenet_v2-int8-default-b2,sat.w17,uniform,17,features_8_conv_1_0,depthwise,9,19,19,1000,1.0,0.0022199325042517007
mobilenet_v2-int8-default-b2,sat.w17,uniform,17,features_8_conv_2,pointwise_project,384,23,22,1000,1.0,0.008996492346938776
mobilenet_v2-int8-default-b2,sat.w17,uniform,17,features_9_conv_0_0,pointwise_expand,64,20,20,1,0.001,1.328656462585034e-08
mobilenet_v2-int8-default-b2,sat.w17,uniform,17,features_9_conv_1_0,depthwise,9,19,19,1000,1.0,0.005484082695578232
mobilenet_v2-int8-default-b2,sat.w17,uniform,17,features_9_conv_2,pointwise_project,384,23,22,1000,1.0,0.00377750318877551
mobilenet_v2-int8-default-b2,sat.struct-1,per_node,1,classifier_1,classifier,1280,24,24,0,0.0,0.0
mobilenet_v2-int8-default-b2,sat.struct-1,per_node,1,features_0_0,stem,27,19,19,0,0.0,0.0
mobilenet_v2-int8-default-b2,sat.struct-1,per_node,1,features_10_conv_0_0,pointwise_expand,64,20,20,0,0.0,0.0
mobilenet_v2-int8-default-b2,sat.struct-1,per_node,1,features_10_conv_1_0,depthwise,9,19,19,52,0.052,5.195046768707483e-06
mobilenet_v2-int8-default-b2,sat.struct-1,per_node,1,features_10_conv_2,pointwise_project,384,23,22,0,0.0,0.0
mobilenet_v2-int8-default-b2,sat.struct-1,per_node,1,features_11_conv_0_0,pointwise_expand,64,20,20,0,0.0,0.0
mobilenet_v2-int8-default-b2,sat.struct-1,per_node,1,features_11_conv_1_0,depthwise,9,19,19,163,0.163,8.769132653061225e-06
mobilenet_v2-int8-default-b2,sat.struct-1,per_node,1,features_11_conv_2,pointwise_project,384,23,22,0,0.0,0.0
mobilenet_v2-int8-default-b2,sat.struct-1,per_node,1,features_12_conv_0_0,pointwise_expand,96,21,21,0,0.0,0.0
mobilenet_v2-int8-default-b2,sat.struct-1,per_node,1,features_12_conv_1_0,depthwise,9,19,19,231,0.231,1.2657667233560091e-05
mobilenet_v2-int8-default-b2,sat.struct-1,per_node,1,features_12_conv_2,pointwise_project,576,24,23,0,0.0,0.0
mobilenet_v2-int8-default-b2,sat.struct-1,per_node,1,features_13_conv_0_0,pointwise_expand,96,21,21,0,0.0,0.0
mobilenet_v2-int8-default-b2,sat.struct-1,per_node,1,features_13_conv_1_0,depthwise,9,19,19,113,0.113,2.4535856009070295e-06
mobilenet_v2-int8-default-b2,sat.struct-1,per_node,1,features_13_conv_2,pointwise_project,576,24,23,0,0.0,0.0
mobilenet_v2-int8-default-b2,sat.struct-1,per_node,1,features_14_conv_0_0,pointwise_expand,96,21,21,0,0.0,0.0
mobilenet_v2-int8-default-b2,sat.struct-1,per_node,1,features_14_conv_1_0,depthwise,9,19,19,1000,1.0,0.0013002409297052154
mobilenet_v2-int8-default-b2,sat.struct-1,per_node,1,features_14_conv_2,pointwise_project,576,24,23,0,0.0,0.0
mobilenet_v2-int8-default-b2,sat.struct-1,per_node,1,features_15_conv_0_0,pointwise_expand,160,21,21,0,0.0,0.0
mobilenet_v2-int8-default-b2,sat.struct-1,per_node,1,features_15_conv_1_0,depthwise,9,19,19,53,0.053,4.804421768707483e-06
mobilenet_v2-int8-default-b2,sat.struct-1,per_node,1,features_15_conv_2,pointwise_project,960,25,24,0,0.0,0.0
mobilenet_v2-int8-default-b2,sat.struct-1,per_node,1,features_16_conv_0_0,pointwise_expand,160,21,21,0,0.0,0.0
mobilenet_v2-int8-default-b2,sat.struct-1,per_node,1,features_16_conv_1_0,depthwise,9,19,19,115,0.115,9.608843537414966e-06
mobilenet_v2-int8-default-b2,sat.struct-1,per_node,1,features_16_conv_2,pointwise_project,960,25,24,0,0.0,0.0
mobilenet_v2-int8-default-b2,sat.struct-1,per_node,1,features_17_conv_0_0,pointwise_expand,160,21,21,0,0.0,0.0
mobilenet_v2-int8-default-b2,sat.struct-1,per_node,1,features_17_conv_1_0,depthwise,9,20,20,0,0.0,0.0
mobilenet_v2-int8-default-b2,sat.struct-1,per_node,1,features_17_conv_2,pointwise_project,960,25,24,0,0.0,0.0
mobilenet_v2-int8-default-b2,sat.struct-1,per_node,1,features_18_0,pointwise_expand,320,22,22,0,0.0,0.0
mobilenet_v2-int8-default-b2,sat.struct-1,per_node,1,features_1_conv_0_0,depthwise,9,19,18,59,0.059,2.959831393494898e-05
mobilenet_v2-int8-default-b2,sat.struct-1,per_node,1,features_1_conv_1,pointwise_project,32,19,19,3,0.003,1.4947385204081632e-08
mobilenet_v2-int8-default-b2,sat.struct-1,per_node,1,features_2_conv_0_0,pointwise_expand,16,18,18,0,0.0,0.0
mobilenet_v2-int8-default-b2,sat.struct-1,per_node,1,features_2_conv_1_0,depthwise,9,19,19,1000,1.0,0.000750451743197279
mobilenet_v2-int8-default-b2,sat.struct-1,per_node,1,features_2_conv_2,pointwise_project,96,21,21,0,0.0,0.0
mobilenet_v2-int8-default-b2,sat.struct-1,per_node,1,features_3_conv_0_0,pointwise_expand,24,19,19,0,0.0,0.0
mobilenet_v2-int8-default-b2,sat.struct-1,per_node,1,features_3_conv_1_0,depthwise,9,19,19,0,0.0,0.0
mobilenet_v2-int8-default-b2,sat.struct-1,per_node,1,features_3_conv_2,pointwise_project,144,22,21,0,0.0,0.0
mobilenet_v2-int8-default-b2,sat.struct-1,per_node,1,features_4_conv_0_0,pointwise_expand,24,19,19,0,0.0,0.0
mobilenet_v2-int8-default-b2,sat.struct-1,per_node,1,features_4_conv_1_0,depthwise,9,19,19,1000,1.0,0.004253498795351474
mobilenet_v2-int8-default-b2,sat.struct-1,per_node,1,features_4_conv_2,pointwise_project,144,22,21,0,0.0,0.0
mobilenet_v2-int8-default-b2,sat.struct-1,per_node,1,features_5_conv_0_0,pointwise_expand,32,19,19,0,0.0,0.0
mobilenet_v2-int8-default-b2,sat.struct-1,per_node,1,features_5_conv_1_0,depthwise,9,19,19,812,0.812,0.00012570418792517006
mobilenet_v2-int8-default-b2,sat.struct-1,per_node,1,features_5_conv_2,pointwise_project,192,22,21,0,0.0,0.0
mobilenet_v2-int8-default-b2,sat.struct-1,per_node,1,features_6_conv_0_0,pointwise_expand,32,19,19,0,0.0,0.0
mobilenet_v2-int8-default-b2,sat.struct-1,per_node,1,features_6_conv_1_0,depthwise,9,19,19,828,0.828,0.0002393840348639456
mobilenet_v2-int8-default-b2,sat.struct-1,per_node,1,features_6_conv_2,pointwise_project,192,22,21,0,0.0,0.0
mobilenet_v2-int8-default-b2,sat.struct-1,per_node,1,features_7_conv_0_0,pointwise_expand,32,19,19,0,0.0,0.0
mobilenet_v2-int8-default-b2,sat.struct-1,per_node,1,features_7_conv_1_0,depthwise,9,19,19,826,0.826,0.00029437712585034015
mobilenet_v2-int8-default-b2,sat.struct-1,per_node,1,features_7_conv_2,pointwise_project,192,22,21,0,0.0,0.0
mobilenet_v2-int8-default-b2,sat.struct-1,per_node,1,features_8_conv_0_0,pointwise_expand,64,20,20,0,0.0,0.0
mobilenet_v2-int8-default-b2,sat.struct-1,per_node,1,features_8_conv_1_0,depthwise,9,19,19,301,0.301,4.6808567176870746e-05
mobilenet_v2-int8-default-b2,sat.struct-1,per_node,1,features_8_conv_2,pointwise_project,384,23,22,0,0.0,0.0
mobilenet_v2-int8-default-b2,sat.struct-1,per_node,1,features_9_conv_0_0,pointwise_expand,64,20,20,0,0.0,0.0
mobilenet_v2-int8-default-b2,sat.struct-1,per_node,1,features_9_conv_1_0,depthwise,9,19,19,623,0.623,0.00016450095663265307
mobilenet_v2-int8-default-b2,sat.struct-1,per_node,1,features_9_conv_2,pointwise_project,384,23,22,0,0.0,0.0
mobilenet_v2-int8-default-b2,sat.struct-2,per_node,2,classifier_1,classifier,1280,24,24,0,0.0,0.0
mobilenet_v2-int8-default-b2,sat.struct-2,per_node,2,features_0_0,stem,27,19,19,992,0.992,0.008652403539540816
mobilenet_v2-int8-default-b2,sat.struct-2,per_node,2,features_10_conv_0_0,pointwise_expand,64,20,20,0,0.0,0.0
mobilenet_v2-int8-default-b2,sat.struct-2,per_node,2,features_10_conv_1_0,depthwise,9,19,19,1000,1.0,0.002685639880952381
mobilenet_v2-int8-default-b2,sat.struct-2,per_node,2,features_10_conv_2,pointwise_project,384,23,22,0,0.0,0.0
mobilenet_v2-int8-default-b2,sat.struct-2,per_node,2,features_11_conv_0_0,pointwise_expand,64,20,20,0,0.0,0.0
mobilenet_v2-int8-default-b2,sat.struct-2,per_node,2,features_11_conv_1_0,depthwise,9,19,19,1000,1.0,0.003654031143707483
mobilenet_v2-int8-default-b2,sat.struct-2,per_node,2,features_11_conv_2,pointwise_project,384,23,22,0,0.0,0.0
mobilenet_v2-int8-default-b2,sat.struct-2,per_node,2,features_12_conv_0_0,pointwise_expand,96,21,21,0,0.0,0.0
mobilenet_v2-int8-default-b2,sat.struct-2,per_node,2,features_12_conv_1_0,depthwise,9,19,19,989,0.989,0.0007802579365079365
mobilenet_v2-int8-default-b2,sat.struct-2,per_node,2,features_12_conv_2,pointwise_project,576,24,23,0,0.0,0.0
mobilenet_v2-int8-default-b2,sat.struct-2,per_node,2,features_13_conv_0_0,pointwise_expand,96,21,21,0,0.0,0.0
mobilenet_v2-int8-default-b2,sat.struct-2,per_node,2,features_13_conv_1_0,depthwise,9,19,19,952,0.952,0.00026052295918367347
mobilenet_v2-int8-default-b2,sat.struct-2,per_node,2,features_13_conv_2,pointwise_project,576,24,23,0,0.0,0.0
mobilenet_v2-int8-default-b2,sat.struct-2,per_node,2,features_14_conv_0_0,pointwise_expand,96,21,21,0,0.0,0.0
mobilenet_v2-int8-default-b2,sat.struct-2,per_node,2,features_14_conv_1_0,depthwise,9,19,19,1000,1.0,0.003828691893424036
mobilenet_v2-int8-default-b2,sat.struct-2,per_node,2,features_14_conv_2,pointwise_project,576,24,23,0,0.0,0.0
mobilenet_v2-int8-default-b2,sat.struct-2,per_node,2,features_15_conv_0_0,pointwise_expand,160,21,21,0,0.0,0.0
mobilenet_v2-int8-default-b2,sat.struct-2,per_node,2,features_15_conv_1_0,depthwise,9,19,19,1000,1.0,0.0028861394557823127
mobilenet_v2-int8-default-b2,sat.struct-2,per_node,2,features_15_conv_2,pointwise_project,960,25,24,0,0.0,0.0
mobilenet_v2-int8-default-b2,sat.struct-2,per_node,2,features_16_conv_0_0,pointwise_expand,160,21,21,0,0.0,0.0
mobilenet_v2-int8-default-b2,sat.struct-2,per_node,2,features_16_conv_1_0,depthwise,9,19,19,1000,1.0,0.01345529336734694
mobilenet_v2-int8-default-b2,sat.struct-2,per_node,2,features_16_conv_2,pointwise_project,960,25,24,0,0.0,0.0
mobilenet_v2-int8-default-b2,sat.struct-2,per_node,2,features_17_conv_0_0,pointwise_expand,160,21,21,0,0.0,0.0
mobilenet_v2-int8-default-b2,sat.struct-2,per_node,2,features_17_conv_1_0,depthwise,9,20,20,242,0.242,2.7572278911564627e-05
mobilenet_v2-int8-default-b2,sat.struct-2,per_node,2,features_17_conv_2,pointwise_project,960,25,24,0,0.0,0.0
mobilenet_v2-int8-default-b2,sat.struct-2,per_node,2,features_18_0,pointwise_expand,320,22,22,0,0.0,0.0
mobilenet_v2-int8-default-b2,sat.struct-2,per_node,2,features_1_conv_0_0,depthwise,9,19,18,1000,1.0,0.02074945442044005
mobilenet_v2-int8-default-b2,sat.struct-2,per_node,2,features_1_conv_1,pointwise_project,32,19,19,998,0.998,0.002653355189732143
mobilenet_v2-int8-default-b2,sat.struct-2,per_node,2,features_2_conv_0_0,pointwise_expand,16,18,18,726,0.726,6.320252710459183e-06
mobilenet_v2-int8-default-b2,sat.struct-2,per_node,2,features_2_conv_1_0,depthwise,9,19,19,1000,1.0,0.06870115858843537
mobilenet_v2-int8-default-b2,sat.struct-2,per_node,2,features_2_conv_2,pointwise_project,96,21,21,0,0.0,0.0
mobilenet_v2-int8-default-b2,sat.struct-2,per_node,2,features_3_conv_0_0,pointwise_expand,24,19,19,0,0.0,0.0
mobilenet_v2-int8-default-b2,sat.struct-2,per_node,2,features_3_conv_1_0,depthwise,9,19,19,996,0.996,0.0011556188881802721
mobilenet_v2-int8-default-b2,sat.struct-2,per_node,2,features_3_conv_2,pointwise_project,144,22,21,0,0.0,0.0
mobilenet_v2-int8-default-b2,sat.struct-2,per_node,2,features_4_conv_0_0,pointwise_expand,24,19,19,0,0.0,0.0
mobilenet_v2-int8-default-b2,sat.struct-2,per_node,2,features_4_conv_1_0,depthwise,9,19,19,1000,1.0,0.05740718005952381
mobilenet_v2-int8-default-b2,sat.struct-2,per_node,2,features_4_conv_2,pointwise_project,144,22,21,0,0.0,0.0
mobilenet_v2-int8-default-b2,sat.struct-2,per_node,2,features_5_conv_0_0,pointwise_expand,32,19,19,0,0.0,0.0
mobilenet_v2-int8-default-b2,sat.struct-2,per_node,2,features_5_conv_1_0,depthwise,9,19,19,1000,1.0,0.019022859534438774
mobilenet_v2-int8-default-b2,sat.struct-2,per_node,2,features_5_conv_2,pointwise_project,192,22,21,0,0.0,0.0
mobilenet_v2-int8-default-b2,sat.struct-2,per_node,2,features_6_conv_0_0,pointwise_expand,32,19,19,0,0.0,0.0
mobilenet_v2-int8-default-b2,sat.struct-2,per_node,2,features_6_conv_1_0,depthwise,9,19,19,1000,1.0,0.012295586203231292
mobilenet_v2-int8-default-b2,sat.struct-2,per_node,2,features_6_conv_2,pointwise_project,192,22,21,0,0.0,0.0
mobilenet_v2-int8-default-b2,sat.struct-2,per_node,2,features_7_conv_0_0,pointwise_expand,32,19,19,2,0.002,1.328656462585034e-08
mobilenet_v2-int8-default-b2,sat.struct-2,per_node,2,features_7_conv_1_0,depthwise,9,19,19,1000,1.0,0.01552686543367347
mobilenet_v2-int8-default-b2,sat.struct-2,per_node,2,features_7_conv_2,pointwise_project,192,22,21,2,0.002,1.5943877551020408e-07
mobilenet_v2-int8-default-b2,sat.struct-2,per_node,2,features_8_conv_0_0,pointwise_expand,64,20,20,0,0.0,0.0
mobilenet_v2-int8-default-b2,sat.struct-2,per_node,2,features_8_conv_1_0,depthwise,9,19,19,1000,1.0,0.0050064572704081635
mobilenet_v2-int8-default-b2,sat.struct-2,per_node,2,features_8_conv_2,pointwise_project,384,23,22,0,0.0,0.0
mobilenet_v2-int8-default-b2,sat.struct-2,per_node,2,features_9_conv_0_0,pointwise_expand,64,20,20,0,0.0,0.0
mobilenet_v2-int8-default-b2,sat.struct-2,per_node,2,features_9_conv_1_0,depthwise,9,19,19,1000,1.0,0.005013419430272109
mobilenet_v2-int8-default-b2,sat.struct-2,per_node,2,features_9_conv_2,pointwise_project,384,23,22,0,0.0,0.0
mobilenet_v2-int8-default-b2,sat.struct-3,per_node,3,classifier_1,classifier,1280,24,24,0,0.0,0.0
mobilenet_v2-int8-default-b2,sat.struct-3,per_node,3,features_0_0,stem,27,19,19,1000,1.0,0.10233733508051658
mobilenet_v2-int8-default-b2,sat.struct-3,per_node,3,features_10_conv_0_0,pointwise_expand,64,20,20,6,0.006,9.300595238095238e-08
mobilenet_v2-int8-default-b2,sat.struct-3,per_node,3,features_10_conv_1_0,depthwise,9,19,19,1000,1.0,0.04178578071853741
mobilenet_v2-int8-default-b2,sat.struct-3,per_node,3,features_10_conv_2,pointwise_project,384,23,22,0,0.0,0.0
mobilenet_v2-int8-default-b2,sat.struct-3,per_node,3,features_11_conv_0_0,pointwise_expand,64,20,20,0,0.0,0.0
mobilenet_v2-int8-default-b2,sat.struct-3,per_node,3,features_11_conv_1_0,depthwise,9,19,19,1000,1.0,0.025430471407312926
mobilenet_v2-int8-default-b2,sat.struct-3,per_node,3,features_11_conv_2,pointwise_project,384,23,22,0,0.0,0.0
mobilenet_v2-int8-default-b2,sat.struct-3,per_node,3,features_12_conv_0_0,pointwise_expand,96,21,21,0,0.0,0.0
mobilenet_v2-int8-default-b2,sat.struct-3,per_node,3,features_12_conv_1_0,depthwise,9,19,19,1000,1.0,0.019425542091836733
mobilenet_v2-int8-default-b2,sat.struct-3,per_node,3,features_12_conv_2,pointwise_project,576,24,23,0,0.0,0.0
mobilenet_v2-int8-default-b2,sat.struct-3,per_node,3,features_13_conv_0_0,pointwise_expand,96,21,21,0,0.0,0.0
mobilenet_v2-int8-default-b2,sat.struct-3,per_node,3,features_13_conv_1_0,depthwise,9,19,19,1000,1.0,0.015601155045351475
mobilenet_v2-int8-default-b2,sat.struct-3,per_node,3,features_13_conv_2,pointwise_project,576,24,23,0,0.0,0.0
mobilenet_v2-int8-default-b2,sat.struct-3,per_node,3,features_14_conv_0_0,pointwise_expand,96,21,21,0,0.0,0.0
mobilenet_v2-int8-default-b2,sat.struct-3,per_node,3,features_14_conv_1_0,depthwise,9,19,19,1000,1.0,0.019426622732426305
mobilenet_v2-int8-default-b2,sat.struct-3,per_node,3,features_14_conv_2,pointwise_project,576,24,23,0,0.0,0.0
mobilenet_v2-int8-default-b2,sat.struct-3,per_node,3,features_15_conv_0_0,pointwise_expand,160,21,21,0,0.0,0.0
mobilenet_v2-int8-default-b2,sat.struct-3,per_node,3,features_15_conv_1_0,depthwise,9,19,19,1000,1.0,0.07093322704081632
mobilenet_v2-int8-default-b2,sat.struct-3,per_node,3,features_15_conv_2,pointwise_project,960,25,24,0,0.0,0.0
mobilenet_v2-int8-default-b2,sat.struct-3,per_node,3,features_16_conv_0_0,pointwise_expand,160,21,21,728,0.728,0.00010525085034013606
mobilenet_v2-int8-default-b2,sat.struct-3,per_node,3,features_16_conv_1_0,depthwise,9,19,19,1000,1.0,0.10505423044217688
mobilenet_v2-int8-default-b2,sat.struct-3,per_node,3,features_16_conv_2,pointwise_project,960,25,24,0,0.0,0.0
mobilenet_v2-int8-default-b2,sat.struct-3,per_node,3,features_17_conv_0_0,pointwise_expand,160,21,21,0,0.0,0.0
mobilenet_v2-int8-default-b2,sat.struct-3,per_node,3,features_17_conv_1_0,depthwise,9,20,20,1000,1.0,0.014345578231292518
mobilenet_v2-int8-default-b2,sat.struct-3,per_node,3,features_17_conv_2,pointwise_project,960,25,24,0,0.0,0.0
mobilenet_v2-int8-default-b2,sat.struct-3,per_node,3,features_18_0,pointwise_expand,320,22,22,0,0.0,0.0
mobilenet_v2-int8-default-b2,sat.struct-3,per_node,3,features_1_conv_0_0,depthwise,9,19,18,1000,1.0,0.1872689283721301
mobilenet_v2-int8-default-b2,sat.struct-3,per_node,3,features_1_conv_1,pointwise_project,32,19,19,1000,1.0,0.22140890565210458
mobilenet_v2-int8-default-b2,sat.struct-3,per_node,3,features_2_conv_0_0,pointwise_expand,16,18,18,992,0.992,0.0001611693505527211
mobilenet_v2-int8-default-b2,sat.struct-3,per_node,3,features_2_conv_1_0,depthwise,9,19,19,1000,1.0,0.17241754690157313
mobilenet_v2-int8-default-b2,sat.struct-3,per_node,3,features_2_conv_2,pointwise_project,96,21,21,0,0.0,0.0
mobilenet_v2-int8-default-b2,sat.struct-3,per_node,3,features_3_conv_0_0,pointwise_expand,24,19,19,20,0.02,5.757511337868481e-08
mobilenet_v2-int8-default-b2,sat.struct-3,per_node,3,features_3_conv_1_0,depthwise,9,19,19,1000,1.0,0.022114091730442178
mobilenet_v2-int8-default-b2,sat.struct-3,per_node,3,features_3_conv_2,pointwise_project,144,22,21,994,0.994,0.0011051232993197278
mobilenet_v2-int8-default-b2,sat.struct-3,per_node,3,features_4_conv_0_0,pointwise_expand,24,19,19,24,0.024,7.971938775510204e-08
mobilenet_v2-int8-default-b2,sat.struct-3,per_node,3,features_4_conv_1_0,depthwise,9,19,19,1000,1.0,0.23709150014172337
mobilenet_v2-int8-default-b2,sat.struct-3,per_node,3,features_4_conv_2,pointwise_project,144,22,21,7,0.007,1.4349489795918367e-06
mobilenet_v2-int8-default-b2,sat.struct-3,per_node,3,features_5_conv_0_0,pointwise_expand,32,19,19,998,0.998,0.0011921370110544217
mobilenet_v2-int8-default-b2,sat.struct-3,per_node,3,features_5_conv_1_0,depthwise,9,19,19,1000,1.0,0.041146517591411566
mobilenet_v2-int8-default-b2,sat.struct-3,per_node,3,features_5_conv_2,pointwise_project,192,22,21,0,0.0,0.0
mobilenet_v2-int8-default-b2,sat.struct-3,per_node,3,features_6_conv_0_0,pointwise_expand,32,19,19,1000,1.0,0.0019117240646258503
mobilenet_v2-int8-default-b2,sat.struct-3,per_node,3,features_6_conv_1_0,depthwise,9,19,19,1000,1.0,0.10143635735544218
mobilenet_v2-int8-default-b2,sat.struct-3,per_node,3,features_6_conv_2,pointwise_project,192,22,21,0,0.0,0.0
mobilenet_v2-int8-default-b2,sat.struct-3,per_node,3,features_7_conv_0_0,pointwise_expand,32,19,19,840,0.84,6.479857568027211e-05
mobilenet_v2-int8-default-b2,sat.struct-3,per_node,3,features_7_conv_1_0,depthwise,9,19,19,1000,1.0,0.07982166772959183
mobilenet_v2-int8-default-b2,sat.struct-3,per_node,3,features_7_conv_2,pointwise_project,192,22,21,1000,1.0,0.014646045918367347
mobilenet_v2-int8-default-b2,sat.struct-3,per_node,3,features_8_conv_0_0,pointwise_expand,64,20,20,0,0.0,0.0
mobilenet_v2-int8-default-b2,sat.struct-3,per_node,3,features_8_conv_1_0,depthwise,9,19,19,1000,1.0,0.03477404868197279
mobilenet_v2-int8-default-b2,sat.struct-3,per_node,3,features_8_conv_2,pointwise_project,384,23,22,0,0.0,0.0
mobilenet_v2-int8-default-b2,sat.struct-3,per_node,3,features_9_conv_0_0,pointwise_expand,64,20,20,25,0.025,2.2321428571428573e-06
mobilenet_v2-int8-default-b2,sat.struct-3,per_node,3,features_9_conv_1_0,depthwise,9,19,19,1000,1.0,0.042994406356292515
mobilenet_v2-int8-default-b2,sat.struct-3,per_node,3,features_9_conv_2,pointwise_project,384,23,22,0,0.0,0.0
mobilenet_v2-int6-default-b2,sat.w15,uniform,15,classifier_1,classifier,1280,21,20,6,0.006,6e-06
mobilenet_v2-int6-default-b2,sat.w15,uniform,15,features_0_0,stem,27,15,15,0,0.0,0.0
mobilenet_v2-int6-default-b2,sat.w15,uniform,15,features_10_conv_0_0,pointwise_expand,64,16,16,0,0.0,0.0
mobilenet_v2-int6-default-b2,sat.w15,uniform,15,features_10_conv_1_0,depthwise,9,15,15,0,0.0,0.0
mobilenet_v2-int6-default-b2,sat.w15,uniform,15,features_10_conv_2,pointwise_project,384,19,18,0,0.0,0.0
mobilenet_v2-int6-default-b2,sat.w15,uniform,15,features_11_conv_0_0,pointwise_expand,64,16,16,0,0.0,0.0
mobilenet_v2-int6-default-b2,sat.w15,uniform,15,features_11_conv_1_0,depthwise,9,15,15,0,0.0,0.0
mobilenet_v2-int6-default-b2,sat.w15,uniform,15,features_11_conv_2,pointwise_project,384,19,19,367,0.367,3.582057823129252e-05
mobilenet_v2-int6-default-b2,sat.w15,uniform,15,features_12_conv_0_0,pointwise_expand,96,17,17,0,0.0,0.0
mobilenet_v2-int6-default-b2,sat.w15,uniform,15,features_12_conv_1_0,depthwise,9,15,15,0,0.0,0.0
mobilenet_v2-int6-default-b2,sat.w15,uniform,15,features_12_conv_2,pointwise_project,576,20,19,0,0.0,0.0
mobilenet_v2-int6-default-b2,sat.w15,uniform,15,features_13_conv_0_0,pointwise_expand,96,17,17,0,0.0,0.0
mobilenet_v2-int6-default-b2,sat.w15,uniform,15,features_13_conv_1_0,depthwise,9,15,15,0,0.0,0.0
mobilenet_v2-int6-default-b2,sat.w15,uniform,15,features_13_conv_2,pointwise_project,576,20,19,0,0.0,0.0
mobilenet_v2-int6-default-b2,sat.w15,uniform,15,features_14_conv_0_0,pointwise_expand,96,17,17,0,0.0,0.0
mobilenet_v2-int6-default-b2,sat.w15,uniform,15,features_14_conv_1_0,depthwise,9,15,15,0,0.0,0.0
mobilenet_v2-int6-default-b2,sat.w15,uniform,15,features_14_conv_2,pointwise_project,576,20,19,360,0.36,7.74234693877551e-05
mobilenet_v2-int6-default-b2,sat.w15,uniform,15,features_15_conv_0_0,pointwise_expand,160,17,17,7,0.007,1.7006802721088437e-07
mobilenet_v2-int6-default-b2,sat.w15,uniform,15,features_15_conv_1_0,depthwise,9,15,15,0,0.0,0.0
mobilenet_v2-int6-default-b2,sat.w15,uniform,15,features_15_conv_2,pointwise_project,960,21,20,0,0.0,0.0
mobilenet_v2-int6-default-b2,sat.w15,uniform,15,features_16_conv_0_0,pointwise_expand,160,17,17,1,0.001,2.1258503401360546e-08
mobilenet_v2-int6-default-b2,sat.w15,uniform,15,features_16_conv_1_0,depthwise,9,15,15,0,0.0,0.0
mobilenet_v2-int6-default-b2,sat.w15,uniform,15,features_16_conv_2,pointwise_project,960,21,20,0,0.0,0.0
mobilenet_v2-int6-default-b2,sat.w15,uniform,15,features_17_conv_0_0,pointwise_expand,160,17,17,0,0.0,0.0
mobilenet_v2-int6-default-b2,sat.w15,uniform,15,features_17_conv_1_0,depthwise,9,16,16,0,0.0,0.0
mobilenet_v2-int6-default-b2,sat.w15,uniform,15,features_17_conv_2,pointwise_project,960,21,20,7,0.007,1.4030612244897959e-06
mobilenet_v2-int6-default-b2,sat.w15,uniform,15,features_18_0,pointwise_expand,320,18,18,0,0.0,0.0
mobilenet_v2-int6-default-b2,sat.w15,uniform,15,features_1_conv_0_0,depthwise,9,15,14,0,0.0,0.0
mobilenet_v2-int6-default-b2,sat.w15,uniform,15,features_1_conv_1,pointwise_project,32,15,15,0,0.0,0.0
mobilenet_v2-int6-default-b2,sat.w15,uniform,15,features_2_conv_0_0,pointwise_expand,16,14,14,0,0.0,0.0
mobilenet_v2-int6-default-b2,sat.w15,uniform,15,features_2_conv_1_0,depthwise,9,15,15,0,0.0,0.0
mobilenet_v2-int6-default-b2,sat.w15,uniform,15,features_2_conv_2,pointwise_project,96,17,17,0,0.0,0.0
mobilenet_v2-int6-default-b2,sat.w15,uniform,15,features_3_conv_0_0,pointwise_expand,24,15,15,0,0.0,0.0
mobilenet_v2-int6-default-b2,sat.w15,uniform,15,features_3_conv_1_0,depthwise,9,15,14,0,0.0,0.0
mobilenet_v2-int6-default-b2,sat.w15,uniform,15,features_3_conv_2,pointwise_project,144,18,17,0,0.0,0.0
mobilenet_v2-int6-default-b2,sat.w15,uniform,15,features_4_conv_0_0,pointwise_expand,24,15,15,0,0.0,0.0
mobilenet_v2-int6-default-b2,sat.w15,uniform,15,features_4_conv_1_0,depthwise,9,15,15,0,0.0,0.0
mobilenet_v2-int6-default-b2,sat.w15,uniform,15,features_4_conv_2,pointwise_project,144,18,17,0,0.0,0.0
mobilenet_v2-int6-default-b2,sat.w15,uniform,15,features_5_conv_0_0,pointwise_expand,32,15,15,0,0.0,0.0
mobilenet_v2-int6-default-b2,sat.w15,uniform,15,features_5_conv_1_0,depthwise,9,15,15,0,0.0,0.0
mobilenet_v2-int6-default-b2,sat.w15,uniform,15,features_5_conv_2,pointwise_project,192,18,18,0,0.0,0.0
mobilenet_v2-int6-default-b2,sat.w15,uniform,15,features_6_conv_0_0,pointwise_expand,32,15,15,0,0.0,0.0
mobilenet_v2-int6-default-b2,sat.w15,uniform,15,features_6_conv_1_0,depthwise,9,15,15,0,0.0,0.0
mobilenet_v2-int6-default-b2,sat.w15,uniform,15,features_6_conv_2,pointwise_project,192,18,17,0,0.0,0.0
mobilenet_v2-int6-default-b2,sat.w15,uniform,15,features_7_conv_0_0,pointwise_expand,32,15,15,0,0.0,0.0
mobilenet_v2-int6-default-b2,sat.w15,uniform,15,features_7_conv_1_0,depthwise,9,15,15,0,0.0,0.0
mobilenet_v2-int6-default-b2,sat.w15,uniform,15,features_7_conv_2,pointwise_project,192,18,17,7,0.007,6.377551020408163e-07
mobilenet_v2-int6-default-b2,sat.w15,uniform,15,features_8_conv_0_0,pointwise_expand,64,16,16,0,0.0,0.0
mobilenet_v2-int6-default-b2,sat.w15,uniform,15,features_8_conv_1_0,depthwise,9,15,15,0,0.0,0.0
mobilenet_v2-int6-default-b2,sat.w15,uniform,15,features_8_conv_2,pointwise_project,384,19,18,0,0.0,0.0
mobilenet_v2-int6-default-b2,sat.w15,uniform,15,features_9_conv_0_0,pointwise_expand,64,16,16,0,0.0,0.0
mobilenet_v2-int6-default-b2,sat.w15,uniform,15,features_9_conv_1_0,depthwise,9,15,15,0,0.0,0.0
mobilenet_v2-int6-default-b2,sat.w15,uniform,15,features_9_conv_2,pointwise_project,384,19,18,0,0.0,0.0
mobilenet_v2-int6-default-b2,sat.w14,uniform,14,classifier_1,classifier,1280,21,20,227,0.227,0.000333
mobilenet_v2-int6-default-b2,sat.w14,uniform,14,features_0_0,stem,27,15,15,0,0.0,0.0
mobilenet_v2-int6-default-b2,sat.w14,uniform,14,features_10_conv_0_0,pointwise_expand,64,16,16,4,0.004,3.4545068027210885e-07
mobilenet_v2-int6-default-b2,sat.w14,uniform,14,features_10_conv_1_0,depthwise,9,15,15,284,0.284,2.9589179421768706e-05
mobilenet_v2-int6-default-b2,sat.w14,uniform,14,features_10_conv_2,pointwise_project,384,19,18,4,0.004,3.985969387755102e-07
mobilenet_v2-int6-default-b2,sat.w14,uniform,14,features_11_conv_0_0,pointwise_expand,64,16,16,11,0.011,1.992984693877551e-07
mobilenet_v2-int6-default-b2,sat.w14,uniform,14,features_11_conv_1_0,depthwise,9,15,15,95,0.095,3.91953656462585e-06
mobilenet_v2-int6-default-b2,sat.w14,uniform,14,features_11_conv_2,pointwise_project,384,19,19,1000,1.0,0.05395812074829932
mobilenet_v2-int6-default-b2,sat.w14,uniform,14,features_12_conv_0_0,pointwise_expand,96,17,17,15,0.015,1.0452097505668935e-06
mobilenet_v2-int6-default-b2,sat.w14,uniform,14,features_12_conv_1_0,depthwise,9,15,15,32,0.032,7.883361678004535e-07
mobilenet_v2-int6-default-b2,sat.w14,uniform,14,features_12_conv_2,pointwise_project,576,20,19,994,0.994,0.0008929102891156463
mobilenet_v2-int6-default-b2,sat.w14,uniform,14,features_13_conv_0_0,pointwise_expand,96,17,17,16,0.016,3.2773526077097504e-06
mobilenet_v2-int6-default-b2,sat.w14,uniform,14,features_13_conv_1_0,depthwise,9,15,15,91,0.091,2.001842403628118e-06
mobilenet_v2-int6-default-b2,sat.w14,uniform,14,features_13_conv_2,pointwise_project,576,20,19,1000,1.0,0.009194781037414966
mobilenet_v2-int6-default-b2,sat.w14,uniform,14,features_14_conv_0_0,pointwise_expand,96,17,17,5,0.005,4.428854875283447e-08
mobilenet_v2-int6-default-b2,sat.w14,uniform,14,features_14_conv_1_0,depthwise,9,15,15,1000,1.0,0.001276360544217687
mobilenet_v2-int6-default-b2,sat.w14,uniform,14,features_14_conv_2,pointwise_project,576,20,19,1000,1.0,0.13700408163265307
mobilenet_v2-int6-default-b2,sat.w14,uniform,14,features_15_conv_0_0,pointwise_expand,160,17,17,110,0.11,5.038265306122449e-06
mobilenet_v2-int6-default-b2,sat.w14,uniform,14,features_15_conv_1_0,depthwise,9,15,15,32,0.032,1.5518707482993197e-06
mobilenet_v2-int6-default-b2,sat.w14,uniform,14,features_15_conv_2,pointwise_project,960,21,20,883,0.883,0.0003292091836734694
mobilenet_v2-int6-default-b2,sat.w14,uniform,14,features_16_conv_0_0,pointwise_expand,160,17,17,42,0.042,1.4030612244897959e-06
mobilenet_v2-int6-default-b2,sat.w14,uniform,14,features_16_conv_1_0,depthwise,9,15,15,47,0.047,3.465136054421769e-06
mobilenet_v2-int6-default-b2,sat.w14,uniform,14,features_16_conv_2,pointwise_project,960,21,20,80,0.08,1.7091836734693878e-05
mobilenet_v2-int6-default-b2,sat.w14,uniform,14,features_17_conv_0_0,pointwise_expand,160,17,17,2,0.002,4.251700680272109e-08
mobilenet_v2-int6-default-b2,sat.w14,uniform,14,features_17_conv_1_0,depthwise,9,16,16,111,0.111,1.6539115646258502e-05
mobilenet_v2-int6-default-b2,sat.w14,uniform,14,features_17_conv_2,pointwise_project,960,21,20,1000,1.0,0.04214872448979592
mobilenet_v2-int6-default-b2,sat.w14,uniform,14,features_18_0,pointwise_expand,320,18,18,199,0.199,1.3169642857142856e-05
mobilenet_v2-int6-default-b2,sat.w14,uniform,14,features_1_conv_0_0,depthwise,9,15,14,0,0.0,0.0
mobilenet_v2-int6-default-b2,sat.w14,uniform,14,features_1_conv_1,pointwise_project,32,15,15,4,0.004,1.992984693877551e-08
mobilenet_v2-int6-default-b2,sat.w14,uniform,14,features_2_conv_0_0,pointwise_expand,16,14,14,0,0.0,0.0
mobilenet_v2-int6-default-b2,sat.w14,uniform,14,features_2_conv_1_0,depthwise,9,15,15,975,0.975,9.58991018282313e-05
mobilenet_v2-int6-default-b2,sat.w14,uniform,14,features_2_conv_2,pointwise_project,96,17,17,499,0.499,3.88233418367347e-05
mobilenet_v2-int6-default-b2,sat.w14,uniform,14,features_3_conv_0_0,pointwise_expand,24,15,15,0,0.0,0.0
mobilenet_v2-int6-default-b2,sat.w14,uniform,14,features_3_conv_1_0,depthwise,9,15,14,0,0.0,0.0
mobilenet_v2-int6-default-b2,sat.w14,uniform,14,features_3_conv_2,pointwise_project,144,18,17,559,0.559,4.001913265306122e-05
mobilenet_v2-int6-default-b2,sat.w14,uniform,14,features_4_conv_0_0,pointwise_expand,24,15,15,0,0.0,0.0
mobilenet_v2-int6-default-b2,sat.w14,uniform,14,features_4_conv_1_0,depthwise,9,15,15,1000,1.0,0.005642821712018141
mobilenet_v2-int6-default-b2,sat.w14,uniform,14,features_4_conv_2,pointwise_project,144,18,17,649,0.649,0.00016262755102040816
mobilenet_v2-int6-default-b2,sat.w14,uniform,14,features_5_conv_0_0,pointwise_expand,32,15,15,0,0.0,0.0
mobilenet_v2-int6-default-b2,sat.w14,uniform,14,features_5_conv_1_0,depthwise,9,15,15,774,0.774,0.00010499043367346939
mobilenet_v2-int6-default-b2,sat.w14,uniform,14,features_5_conv_2,pointwise_project,192,18,18,14,0.014,6.377551020408163e-07
mobilenet_v2-int6-default-b2,sat.w14,uniform,14,features_6_conv_0_0,pointwise_expand,32,15,15,0,0.0,0.0
mobilenet_v2-int6-default-b2,sat.w14,uniform,14,features_6_conv_1_0,depthwise,9,15,15,687,0.687,9.48594281462585e-05
mobilenet_v2-int6-default-b2,sat.w14,uniform,14,features_6_conv_2,pointwise_project,192,18,17,1,0.001,3.985969387755102e-08
mobilenet_v2-int6-default-b2,sat.w14,uniform,14,features_7_conv_0_0,pointwise_expand,32,15,15,0,0.0,0.0
mobilenet_v2-int6-default-b2,sat.w14,uniform,14,features_7_conv_1_0,depthwise,9,15,15,709,0.709,0.00016228210034013605
mobilenet_v2-int6-default-b2,sat.w14,uniform,14,features_7_conv_2,pointwise_project,192,18,17,1000,1.0,0.012161910076530611
mobilenet_v2-int6-default-b2,sat.w14,uniform,14,features_8_conv_0_0,pointwise_expand,64,16,16,0,0.0,0.0
mobilenet_v2-int6-default-b2,sat.w14,uniform,14,features_8_conv_1_0,depthwise,9,15,15,277,0.277,3.583386479591837e-05
mobilenet_v2-int6-default-b2,sat.w14,uniform,14,features_8_conv_2,pointwise_project,384,19,18,28,0.028,3.1090561224489794e-06
mobilenet_v2-int6-default-b2,sat.w14,uniform,14,features_9_conv_0_0,pointwise_expand,64,16,16,0,0.0,0.0
mobilenet_v2-int6-default-b2,sat.w14,uniform,14,features_9_conv_1_0,depthwise,9,15,15,668,0.668,0.0002406063988095238
mobilenet_v2-int6-default-b2,sat.w14,uniform,14,features_9_conv_2,pointwise_project,384,19,18,20,0.02,1.6741071428571428e-06
mobilenet_v2-int6-default-b2,sat.w13,uniform,13,classifier_1,classifier,1280,21,20,3,0.003,3e-06
mobilenet_v2-int6-default-b2,sat.w13,uniform,13,features_0_0,stem,27,15,15,991,0.991,0.00835173190369898
mobilenet_v2-int6-default-b2,sat.w13,uniform,13,features_10_conv_0_0,pointwise_expand,64,16,16,312,0.312,1.1944621598639456e-05
mobilenet_v2-int6-default-b2,sat.w13,uniform,13,features_10_conv_1_0,depthwise,9,15,15,1000,1.0,0.00719288105867347
mobilenet_v2-int6-default-b2,sat.w13,uniform,13,features_10_conv_2,pointwise_project,384,19,18,999,0.999,0.002210220025510204
mobilenet_v2-int6-default-b2,sat.w13,uniform,13,features_11_conv_0_0,pointwise_expand,64,16,16,67,0.067,1.3950892857142857e-06
mobilenet_v2-int6-default-b2,sat.w13,uniform,13,features_11_conv_1_0,depthwise,9,15,15,1000,1.0,0.002608298788265306
mobilenet_v2-int6-default-b2,sat.w13,uniform,13,features_11_conv_2,pointwise_project,384,19,19,1000,1.0,0.36697767857142854
mobilenet_v2-int6-default-b2,sat.w13,uniform,13,features_12_conv_0_0,pointwise_expand,96,17,17,692,0.692,1.9407242063492063e-05
mobilenet_v2-int6-default-b2,sat.w13,uniform,13,features_12_conv_1_0,depthwise,9,15,15,1000,1.0,0.0028343519699546484
mobilenet_v2-int6-default-b2,sat.w13,uniform,13,features_12_conv_2,pointwise_project,576,20,19,1000,1.0,0.23651578443877552
mobilenet_v2-int6-default-b2,sat.w13,uniform,13,features_13_conv_0_0,pointwise_expand,96,17,17,463,0.463,9.26516439909297e-06
mobilenet_v2-int6-default-b2,sat.w13,uniform,13,features_13_conv_1_0,depthwise,9,15,15,1000,1.0,0.0013781356292517006
mobilenet_v2-int6-default-b2,sat.w13,uniform,13,features_13_conv_2,pointwise_project,576,20,19,1000,1.0,0.16226870748299319
mobilenet_v2-int6-default-b2,sat.w13,uniform,13,features_14_conv_0_0,pointwise_expand,96,17,17,724,0.724,2.9753047052154193e-05
mobilenet_v2-int6-default-b2,sat.w13,uniform,13,features_14_conv_1_0,depthwise,9,15,15,1000,1.0,0.0038150864512471656
mobilenet_v2-int6-default-b2,sat.w13,uniform,13,features_14_conv_2,pointwise_project,576,20,19,1000,1.0,0.7140477040816327
mobilenet_v2-int6-default-b2,sat.w13,uniform,13,features_15_conv_0_0,pointwise_expand,160,17,17,1000,1.0,0.022400403911564625
mobilenet_v2-int6-default-b2,sat.w13,uniform,13,features_15_conv_1_0,depthwise,9,15,15,1000,1.0,0.028331547619047617
mobilenet_v2-int6-default-b2,sat.w13,uniform,13,features_15_conv_2,pointwise_project,960,21,20,1000,1.0,0.19246058673469388
mobilenet_v2-int6-default-b2,sat.w13,uniform,13,features_16_conv_0_0,pointwise_expand,160,17,17,1000,1.0,0.09386502976190476
mobilenet_v2-int6-default-b2,sat.w13,uniform,13,features_16_conv_1_0,depthwise,9,15,15,1000,1.0,0.02034156037414966
mobilenet_v2-int6-default-b2,sat.w13,uniform,13,features_16_conv_2,pointwise_project,960,21,20,1000,1.0,0.12290561224489796
mobilenet_v2-int6-default-b2,sat.w13,uniform,13,features_17_conv_0_0,pointwise_expand,160,17,17,1000,1.0,0.03261915391156463
mobilenet_v2-int6-default-b2,sat.w13,uniform,13,features_17_conv_1_0,depthwise,9,16,16,1000,1.0,0.01997170493197279
mobilenet_v2-int6-default-b2,sat.w13,uniform,13,features_17_conv_2,pointwise_project,960,21,20,1000,1.0,0.5996325255102041
mobilenet_v2-int6-default-b2,sat.w13,uniform,13,features_18_0,pointwise_expand,320,18,18,1000,1.0,0.05875610650510204
mobilenet_v2-int6-default-b2,sat.w13,uniform,13,features_1_conv_0_0,depthwise,9,15,14,10,0.01,1.058773118622449e-06
mobilenet_v2-int6-default-b2,sat.w13,uniform,13,features_1_conv_1,pointwise_project,32,15,15,998,0.998,0.0032915636957908164
mobilenet_v2-int6-default-b2,sat.w13,uniform,13,features_2_conv_0_0,pointwise_expand,16,14,14,0,0.0,0.0
mobilenet_v2-int6-default-b2,sat.w13,uniform,13,features_2_conv_1_0,depthwise,9,15,15,1000,1.0,0.05688850247130102
mobilenet_v2-int6-default-b2,sat.w13,uniform,13,features_2_conv_2,pointwise_project,96,17,17,1000,1.0,0.055464219281462585
mobilenet_v2-int6-default-b2,sat.w13,uniform,13,features_3_conv_0_0,pointwise_expand,24,15,15,0,0.0,0.0
mobilenet_v2-int6-default-b2,sat.w13,uniform,13,features_3_conv_1_0,depthwise,9,15,14,1000,1.0,0.007186104910714286
mobilenet_v2-int6-default-b2,sat.w13,uniform,13,features_3_conv_2,pointwise_project,144,18,17,1000,1.0,0.07122071641156462
mobilenet_v2-int6-default-b2,sat.w13,uniform,13,features_4_conv_0_0,pointwise_expand,24,15,15,13,0.013,3.543083900226757e-08
mobilenet_v2-int6-default-b2,sat.w13,uniform,13,features_4_conv_1_0,depthwise,9,15,15,1000,1.0,0.04878548398526077
mobilenet_v2-int6-default-b2,sat.w13,uniform,13,features_4_conv_2,pointwise_project,144,18,17,1000,1.0,0.07055488679846939
mobilenet_v2-int6-default-b2,sat.w13,uniform,13,features_5_conv_0_0,pointwise_expand,32,15,15,0,0.0,0.0
mobilenet_v2-int6-default-b2,sat.w13,uniform,13,features_5_conv_1_0,depthwise,9,15,15,1000,1.0,0.017311065051020407
mobilenet_v2-int6-default-b2,sat.w13,uniform,13,features_5_conv_2,pointwise_project,192,18,18,1000,1.0,0.0323936543367347
mobilenet_v2-int6-default-b2,sat.w13,uniform,13,features_6_conv_0_0,pointwise_expand,32,15,15,0,0.0,0.0
mobilenet_v2-int6-default-b2,sat.w13,uniform,13,features_6_conv_1_0,depthwise,9,15,15,1000,1.0,0.006910501700680272
mobilenet_v2-int6-default-b2,sat.w13,uniform,13,features_6_conv_2,pointwise_project,192,18,17,1000,1.0,0.0014819435586734694
mobilenet_v2-int6-default-b2,sat.w13,uniform,13,features_7_conv_0_0,pointwise_expand,32,15,15,8,0.008,5.978954081632653e-08
mobilenet_v2-int6-default-b2,sat.w13,uniform,13,features_7_conv_1_0,depthwise,9,15,15,1000,1.0,0.009701769770408163
mobilenet_v2-int6-default-b2,sat.w13,uniform,13,features_7_conv_2,pointwise_project,192,18,17,1000,1.0,0.3180536511479592
mobilenet_v2-int6-default-b2,sat.w13,uniform,13,features_8_conv_0_0,pointwise_expand,64,16,16,2,0.002,2.657312925170068e-08
mobilenet_v2-int6-default-b2,sat.w13,uniform,13,features_8_conv_1_0,depthwise,9,15,15,1000,1.0,0.0028128188775510205
mobilenet_v2-int6-default-b2,sat.w13,uniform,13,features_8_conv_2,pointwise_project,384,19,18,1000,1.0,0.012918526785714285
mobilenet_v2-int6-default-b2,sat.w13,uniform,13,features_9_conv_0_0,pointwise_expand,64,16,16,42,0.042,2.7104591836734695e-06
mobilenet_v2-int6-default-b2,sat.w13,uniform,13,features_9_conv_1_0,depthwise,9,15,15,1000,1.0,0.006934284651360544
mobilenet_v2-int6-default-b2,sat.w13,uniform,13,features_9_conv_2,pointwise_project,384,19,18,1000,1.0,0.010441964285714285
mobilenet_v2-int6-default-b2,sat.struct-1,per_node,1,classifier_1,classifier,1280,21,20,0,0.0,0.0
mobilenet_v2-int6-default-b2,sat.struct-1,per_node,1,features_0_0,stem,27,15,15,0,0.0,0.0
mobilenet_v2-int6-default-b2,sat.struct-1,per_node,1,features_10_conv_0_0,pointwise_expand,64,16,16,0,0.0,0.0
mobilenet_v2-int6-default-b2,sat.struct-1,per_node,1,features_10_conv_1_0,depthwise,9,15,15,368,0.368,4.405824829931973e-05
mobilenet_v2-int6-default-b2,sat.struct-1,per_node,1,features_10_conv_2,pointwise_project,384,19,18,0,0.0,0.0
mobilenet_v2-int6-default-b2,sat.struct-1,per_node,1,features_11_conv_0_0,pointwise_expand,64,16,16,0,0.0,0.0
mobilenet_v2-int6-default-b2,sat.struct-1,per_node,1,features_11_conv_1_0,depthwise,9,15,15,98,0.098,5.0887542517006805e-06
mobilenet_v2-int6-default-b2,sat.struct-1,per_node,1,features_11_conv_2,pointwise_project,384,19,19,0,0.0,0.0
mobilenet_v2-int6-default-b2,sat.struct-1,per_node,1,features_12_conv_0_0,pointwise_expand,96,17,17,0,0.0,0.0
mobilenet_v2-int6-default-b2,sat.struct-1,per_node,1,features_12_conv_1_0,depthwise,9,15,15,36,0.036,1.2135062358276644e-06
mobilenet_v2-int6-default-b2,sat.struct-1,per_node,1,features_12_conv_2,pointwise_project,576,20,19,0,0.0,0.0
mobilenet_v2-int6-default-b2,sat.struct-1,per_node,1,features_13_conv_0_0,pointwise_expand,96,17,17,0,0.0,0.0
mobilenet_v2-int6-default-b2,sat.struct-1,per_node,1,features_13_conv_1_0,depthwise,9,15,15,84,0.084,2.2321428571428573e-06
mobilenet_v2-int6-default-b2,sat.struct-1,per_node,1,features_13_conv_2,pointwise_project,576,20,19,0,0.0,0.0
mobilenet_v2-int6-default-b2,sat.struct-1,per_node,1,features_14_conv_0_0,pointwise_expand,96,17,17,0,0.0,0.0
mobilenet_v2-int6-default-b2,sat.struct-1,per_node,1,features_14_conv_1_0,depthwise,9,15,15,1000,1.0,0.001282702664399093
mobilenet_v2-int6-default-b2,sat.struct-1,per_node,1,features_14_conv_2,pointwise_project,576,20,19,0,0.0,0.0
mobilenet_v2-int6-default-b2,sat.struct-1,per_node,1,features_15_conv_0_0,pointwise_expand,160,17,17,0,0.0,0.0
mobilenet_v2-int6-default-b2,sat.struct-1,per_node,1,features_15_conv_1_0,depthwise,9,15,15,36,0.036,1.8920068027210884e-06
mobilenet_v2-int6-default-b2,sat.struct-1,per_node,1,features_15_conv_2,pointwise_project,960,21,20,0,0.0,0.0
mobilenet_v2-int6-default-b2,sat.struct-1,per_node,1,features_16_conv_0_0,pointwise_expand,160,17,17,0,0.0,0.0
mobilenet_v2-int6-default-b2,sat.struct-1,per_node,1,features_16_conv_1_0,depthwise,9,15,15,40,0.04,2.5510204081632653e-06
mobilenet_v2-int6-default-b2,sat.struct-1,per_node,1,features_16_conv_2,pointwise_project,960,21,20,0,0.0,0.0
mobilenet_v2-int6-default-b2,sat.struct-1,per_node,1,features_17_conv_0_0,pointwise_expand,160,17,17,0,0.0,0.0
mobilenet_v2-int6-default-b2,sat.struct-1,per_node,1,features_17_conv_1_0,depthwise,9,16,16,0,0.0,0.0
mobilenet_v2-int6-default-b2,sat.struct-1,per_node,1,features_17_conv_2,pointwise_project,960,21,20,0,0.0,0.0
mobilenet_v2-int6-default-b2,sat.struct-1,per_node,1,features_18_0,pointwise_expand,320,18,18,0,0.0,0.0
mobilenet_v2-int6-default-b2,sat.struct-1,per_node,1,features_1_conv_0_0,depthwise,9,15,14,11,0.011,1.3228435905612246e-06
mobilenet_v2-int6-default-b2,sat.struct-1,per_node,1,features_1_conv_1,pointwise_project,32,15,15,4,0.004,1.992984693877551e-08
mobilenet_v2-int6-default-b2,sat.struct-1,per_node,1,features_2_conv_0_0,pointwise_expand,16,14,14,0,0.0,0.0
mobilenet_v2-int6-default-b2,sat.struct-1,per_node,1,features_2_conv_1_0,depthwise,9,15,15,975,0.975,9.58991018282313e-05
mobilenet_v2-int6-default-b2,sat.struct-1,per_node,1,features_2_conv_2,pointwise_project,96,17,17,0,0.0,0.0
mobilenet_v2-int6-default-b2,sat.struct-1,per_node,1,features_3_conv_0_0,pointwise_expand,24,15,15,0,0.0,0.0
mobilenet_v2-int6-default-b2,sat.struct-1,per_node,1,features_3_conv_1_0,depthwise,9,15,14,1000,1.0,0.007322294412556689
mobilenet_v2-int6-default-b2,sat.struct-1,per_node,1,features_3_conv_2,pointwise_project,144,18,17,0,0.0,0.0
mobilenet_v2-int6-default-b2,sat.struct-1,per_node,1,features_4_conv_0_0,pointwise_expand,24,15,15,0,0.0,0.0
mobilenet_v2-int6-default-b2,sat.struct-1,per_node,1,features_4_conv_1_0,depthwise,9,15,15,1000,1.0,0.004832429846938775
mobilenet_v2-int6-default-b2,sat.struct-1,per_node,1,features_4_conv_2,pointwise_project,144,18,17,0,0.0,0.0
mobilenet_v2-int6-default-b2,sat.struct-1,per_node,1,features_5_conv_0_0,pointwise_expand,32,15,15,0,0.0,0.0
mobilenet_v2-int6-default-b2,sat.struct-1,per_node,1,features_5_conv_1_0,depthwise,9,15,15,935,0.935,0.00033518680909863945
mobilenet_v2-int6-default-b2,sat.struct-1,per_node,1,features_5_conv_2,pointwise_project,192,18,18,0,0.0,0.0
mobilenet_v2-int6-default-b2,sat.struct-1,per_node,1,features_6_conv_0_0,pointwise_expand,32,15,15,0,0.0,0.0
mobilenet_v2-int6-default-b2,sat.struct-1,per_node,1,features_6_conv_1_0,depthwise,9,15,15,809,0.809,0.0002249481823979592
mobilenet_v2-int6-default-b2,sat.struct-1,per_node,1,features_6_conv_2,pointwise_project,192,18,17,0,0.0,0.0
mobilenet_v2-int6-default-b2,sat.struct-1,per_node,1,features_7_conv_0_0,pointwise_expand,32,15,15,0,0.0,0.0
mobilenet_v2-int6-default-b2,sat.struct-1,per_node,1,features_7_conv_1_0,depthwise,9,15,15,797,0.797,0.0001758078231292517
mobilenet_v2-int6-default-b2,sat.struct-1,per_node,1,features_7_conv_2,pointwise_project,192,18,17,0,0.0,0.0
mobilenet_v2-int6-default-b2,sat.struct-1,per_node,1,features_8_conv_0_0,pointwise_expand,64,16,16,0,0.0,0.0
mobilenet_v2-int6-default-b2,sat.struct-1,per_node,1,features_8_conv_1_0,depthwise,9,15,15,427,0.427,7.068452380952381e-05
mobilenet_v2-int6-default-b2,sat.struct-1,per_node,1,features_8_conv_2,pointwise_project,384,19,18,0,0.0,0.0
mobilenet_v2-int6-default-b2,sat.struct-1,per_node,1,features_9_conv_0_0,pointwise_expand,64,16,16,0,0.0,0.0
mobilenet_v2-int6-default-b2,sat.struct-1,per_node,1,features_9_conv_1_0,depthwise,9,15,15,676,0.676,0.00022066326530612246
mobilenet_v2-int6-default-b2,sat.struct-1,per_node,1,features_9_conv_2,pointwise_project,384,19,18,0,0.0,0.0
mobilenet_v2-int6-default-b2,sat.struct-2,per_node,2,classifier_1,classifier,1280,21,20,0,0.0,0.0
mobilenet_v2-int6-default-b2,sat.struct-2,per_node,2,features_0_0,stem,27,15,15,991,0.991,0.00835173190369898
mobilenet_v2-int6-default-b2,sat.struct-2,per_node,2,features_10_conv_0_0,pointwise_expand,64,16,16,0,0.0,0.0
mobilenet_v2-int6-default-b2,sat.struct-2,per_node,2,features_10_conv_1_0,depthwise,9,15,15,1000,1.0,0.007673655399659864
mobilenet_v2-int6-default-b2,sat.struct-2,per_node,2,features_10_conv_2,pointwise_project,384,19,18,0,0.0,0.0
mobilenet_v2-int6-default-b2,sat.struct-2,per_node,2,features_11_conv_0_0,pointwise_expand,64,16,16,6,0.006,7.971938775510204e-08
mobilenet_v2-int6-default-b2,sat.struct-2,per_node,2,features_11_conv_1_0,depthwise,9,15,15,1000,1.0,0.0042758157950680276
mobilenet_v2-int6-default-b2,sat.struct-2,per_node,2,features_11_conv_2,pointwise_project,384,19,19,0,0.0,0.0
mobilenet_v2-int6-default-b2,sat.struct-2,per_node,2,features_12_conv_0_0,pointwise_expand,96,17,17,0,0.0,0.0
mobilenet_v2-int6-default-b2,sat.struct-2,per_node,2,features_12_conv_1_0,depthwise,9,15,15,998,0.998,0.0008148650085034013
mobilenet_v2-int6-default-b2,sat.struct-2,per_node,2,features_12_conv_2,pointwise_project,576,20,19,0,0.0,0.0
mobilenet_v2-int6-default-b2,sat.struct-2,per_node,2,features_13_conv_0_0,pointwise_expand,96,17,17,0,0.0,0.0
mobilenet_v2-int6-default-b2,sat.struct-2,per_node,2,features_13_conv_1_0,depthwise,9,15,15,991,0.991,0.0004051693594104308
mobilenet_v2-int6-default-b2,sat.struct-2,per_node,2,features_13_conv_2,pointwise_project,576,20,19,0,0.0,0.0
mobilenet_v2-int6-default-b2,sat.struct-2,per_node,2,features_14_conv_0_0,pointwise_expand,96,17,17,0,0.0,0.0
mobilenet_v2-int6-default-b2,sat.struct-2,per_node,2,features_14_conv_1_0,depthwise,9,15,15,1000,1.0,0.0034031675170068027
mobilenet_v2-int6-default-b2,sat.struct-2,per_node,2,features_14_conv_2,pointwise_project,576,20,19,0,0.0,0.0
mobilenet_v2-int6-default-b2,sat.struct-2,per_node,2,features_15_conv_0_0,pointwise_expand,160,17,17,0,0.0,0.0
mobilenet_v2-int6-default-b2,sat.struct-2,per_node,2,features_15_conv_1_0,depthwise,9,15,15,1000,1.0,0.002141687925170068
mobilenet_v2-int6-default-b2,sat.struct-2,per_node,2,features_15_conv_2,pointwise_project,960,21,20,0,0.0,0.0
mobilenet_v2-int6-default-b2,sat.struct-2,per_node,2,features_16_conv_0_0,pointwise_expand,160,17,17,0,0.0,0.0
mobilenet_v2-int6-default-b2,sat.struct-2,per_node,2,features_16_conv_1_0,depthwise,9,15,15,1000,1.0,0.0043480229591836735
mobilenet_v2-int6-default-b2,sat.struct-2,per_node,2,features_16_conv_2,pointwise_project,960,21,20,0,0.0,0.0
mobilenet_v2-int6-default-b2,sat.struct-2,per_node,2,features_17_conv_0_0,pointwise_expand,160,17,17,0,0.0,0.0
mobilenet_v2-int6-default-b2,sat.struct-2,per_node,2,features_17_conv_1_0,depthwise,9,16,16,22,0.022,4.400510204081633e-06
mobilenet_v2-int6-default-b2,sat.struct-2,per_node,2,features_17_conv_2,pointwise_project,960,21,20,0,0.0,0.0
mobilenet_v2-int6-default-b2,sat.struct-2,per_node,2,features_18_0,pointwise_expand,320,18,18,0,0.0,0.0
mobilenet_v2-int6-default-b2,sat.struct-2,per_node,2,features_1_conv_0_0,depthwise,9,15,14,1000,1.0,0.019730805066167093
mobilenet_v2-int6-default-b2,sat.struct-2,per_node,2,features_1_conv_1,pointwise_project,32,15,15,998,0.998,0.003183419363839286
mobilenet_v2-int6-default-b2,sat.struct-2,per_node,2,features_2_conv_0_0,pointwise_expand,16,14,14,973,0.973,8.739487005739796e-05
mobilenet_v2-int6-default-b2,sat.struct-2,per_node,2,features_2_conv_1_0,depthwise,9,15,15,1000,1.0,0.058782887569090135
mobilenet_v2-int6-default-b2,sat.struct-2,per_node,2,features_2_conv_2,pointwise_project,96,17,17,0,0.0,0.0
mobilenet_v2-int6-default-b2,sat.struct-2,per_node,2,features_3_conv_0_0,pointwise_expand,24,15,15,3,0.003,5.5360685941043087e-08
mobilenet_v2-int6-default-b2,sat.struct-2,per_node,2,features_3_conv_1_0,depthwise,9,15,14,1000,1.0,0.018829489087301587
mobilenet_v2-int6-default-b2,sat.struct-2,per_node,2,features_3_conv_2,pointwise_project,144,18,17,0,0.0,0.0
mobilenet_v2-int6-default-b2,sat.struct-2,per_node,2,features_4_conv_0_0,pointwise_expand,24,15,15,50,0.05,1.5500992063492063e-07
mobilenet_v2-int6-default-b2,sat.struct-2,per_node,2,features_4_conv_1_0,depthwise,9,15,15,1000,1.0,0.07763389314058956
mobilenet_v2-int6-default-b2,sat.struct-2,per_node,2,features_4_conv_2,pointwise_project,144,18,17,0,0.0,0.0
mobilenet_v2-int6-default-b2,sat.struct-2,per_node,2,features_5_conv_0_0,pointwise_expand,32,15,15,103,0.103,1.9863414115646257e-06
mobilenet_v2-int6-default-b2,sat.struct-2,per_node,2,features_5_conv_1_0,depthwise,9,15,15,1000,1.0,0.024618383290816327
mobilenet_v2-int6-default-b2,sat.struct-2,per_node,2,features_5_conv_2,pointwise_project,192,18,18,0,0.0,0.0
mobilenet_v2-int6-default-b2,sat.struct-2,per_node,2,features_6_conv_0_0,pointwise_expand,32,15,15,55,0.055,5.181760204081633e-07
mobilenet_v2-int6-default-b2,sat.struct-2,per_node,2,features_6_conv_1_0,depthwise,9,15,15,1000,1.0,0.027955290710034015
mobilenet_v2-int6-default-b2,sat.struct-2,per_node,2,features_6_conv_2,pointwise_project,192,18,17,0,0.0,0.0
mobilenet_v2-int6-default-b2,sat.struct-2,per_node,2,features_7_conv_0_0,pointwise_expand,32,15,15,57,0.057,4.185267857142857e-07
mobilenet_v2-int6-default-b2,sat.struct-2,per_node,2,features_7_conv_1_0,depthwise,9,15,15,1000,1.0,0.01928218005952381
mobilenet_v2-int6-default-b2,sat.struct-2,per_node,2,features_7_conv_2,pointwise_project,192,18,17,0,0.0,0.0
mobilenet_v2-int6-default-b2,sat.struct-2,per_node,2,features_8_conv_0_0,pointwise_expand,64,16,16,0,0.0,0.0
mobilenet_v2-int6-default-b2,sat.struct-2,per_node,2,features_8_conv_1_0,depthwise,9,15,15,1000,1.0,0.013772294855442176
mobilenet_v2-int6-default-b2,sat.struct-2,per_node,2,features_8_conv_2,pointwise_project,384,19,18,0,0.0,0.0
mobilenet_v2-int6-default-b2,sat.struct-2,per_node,2,features_9_conv_0_0,pointwise_expand,64,16,16,0,0.0,0.0
mobilenet_v2-int6-default-b2,sat.struct-2,per_node,2,features_9_conv_1_0,depthwise,9,15,15,1000,1.0,0.006180976296768707
mobilenet_v2-int6-default-b2,sat.struct-2,per_node,2,features_9_conv_2,pointwise_project,384,19,18,0,0.0,0.0
mobilenet_v2-int6-default-b2,sat.struct-3,per_node,3,classifier_1,classifier,1280,21,20,0,0.0,0.0
mobilenet_v2-int6-default-b2,sat.struct-3,per_node,3,features_0_0,stem,27,15,15,1000,1.0,0.09970901676100127
mobilenet_v2-int6-default-b2,sat.struct-3,per_node,3,features_10_conv_0_0,pointwise_expand,64,16,16,350,0.35,1.16921768707483e-05
mobilenet_v2-int6-default-b2,sat.struct-3,per_node,3,features_10_conv_1_0,depthwise,9,15,15,1000,1.0,0.05103575414540816
mobilenet_v2-int6-default-b2,sat.struct-3,per_node,3,features_10_conv_2,pointwise_project,384,19,18,0,0.0,0.0
mobilenet_v2-int6-default-b2,sat.struct-3,per_node,3,features_11_conv_0_0,pointwise_expand,64,16,16,5,0.005,1.0629251700680273e-07
mobilenet_v2-int6-default-b2,sat.struct-3,per_node,3,features_11_conv_1_0,depthwise,9,15,15,1000,1.0,0.02419367825255102
mobilenet_v2-int6-default-b2,sat.struct-3,per_node,3,features_11_conv_2,pointwise_project,384,19,19,0,0.0,0.0
mobilenet_v2-int6-default-b2,sat.struct-3,per_node,3,features_12_conv_0_0,pointwise_expand,96,17,17,0,0.0,0.0
mobilenet_v2-int6-default-b2,sat.struct-3,per_node,3,features_12_conv_1_0,depthwise,9,15,15,1000,1.0,0.018618090986394557
mobilenet_v2-int6-default-b2,sat.struct-3,per_node,3,features_12_conv_2,pointwise_project,576,20,19,0,0.0,0.0
mobilenet_v2-int6-default-b2,sat.struct-3,per_node,3,features_13_conv_0_0,pointwise_expand,96,17,17,0,0.0,0.0
mobilenet_v2-int6-default-b2,sat.struct-3,per_node,3,features_13_conv_1_0,depthwise,9,15,15,1000,1.0,0.014786360898526077
mobilenet_v2-int6-default-b2,sat.struct-3,per_node,3,features_13_conv_2,pointwise_project,576,20,19,0,0.0,0.0
mobilenet_v2-int6-default-b2,sat.struct-3,per_node,3,features_14_conv_0_0,pointwise_expand,96,17,17,0,0.0,0.0
mobilenet_v2-int6-default-b2,sat.struct-3,per_node,3,features_14_conv_1_0,depthwise,9,15,15,1000,1.0,0.01827483701814059
mobilenet_v2-int6-default-b2,sat.struct-3,per_node,3,features_14_conv_2,pointwise_project,576,20,19,0,0.0,0.0
mobilenet_v2-int6-default-b2,sat.struct-3,per_node,3,features_15_conv_0_0,pointwise_expand,160,17,17,0,0.0,0.0
mobilenet_v2-int6-default-b2,sat.struct-3,per_node,3,features_15_conv_1_0,depthwise,9,15,15,1000,1.0,0.06626060799319727
mobilenet_v2-int6-default-b2,sat.struct-3,per_node,3,features_15_conv_2,pointwise_project,960,21,20,0,0.0,0.0
mobilenet_v2-int6-default-b2,sat.struct-3,per_node,3,features_16_conv_0_0,pointwise_expand,160,17,17,1000,1.0,0.0007062074829931972
mobilenet_v2-int6-default-b2,sat.struct-3,per_node,3,features_16_conv_1_0,depthwise,9,15,15,1000,1.0,0.09331792091836735
mobilenet_v2-int6-default-b2,sat.struct-3,per_node,3,features_16_conv_2,pointwise_project,960,21,20,0,0.0,0.0
mobilenet_v2-int6-default-b2,sat.struct-3,per_node,3,features_17_conv_0_0,pointwise_expand,160,17,17,0,0.0,0.0
mobilenet_v2-int6-default-b2,sat.struct-3,per_node,3,features_17_conv_1_0,depthwise,9,16,16,1000,1.0,0.013722534013605443
mobilenet_v2-int6-default-b2,sat.struct-3,per_node,3,features_17_conv_2,pointwise_project,960,21,20,0,0.0,0.0
mobilenet_v2-int6-default-b2,sat.struct-3,per_node,3,features_18_0,pointwise_expand,320,18,18,0,0.0,0.0
mobilenet_v2-int6-default-b2,sat.struct-3,per_node,3,features_1_conv_0_0,depthwise,9,15,14,1000,1.0,0.1976532580317283
mobilenet_v2-int6-default-b2,sat.struct-3,per_node,3,features_1_conv_1,pointwise_project,32,15,15,1000,1.0,0.23842071906887755
mobilenet_v2-int6-default-b2,sat.struct-3,per_node,3,features_2_conv_0_0,pointwise_expand,16,14,14,999,0.999,0.002135512994260204
mobilenet_v2-int6-default-b2,sat.struct-3,per_node,3,features_2_conv_1_0,depthwise,9,15,15,1000,1.0,0.16144458506058673
mobilenet_v2-int6-default-b2,sat.struct-3,per_node,3,features_2_conv_2,pointwise_project,96,17,17,0,0.0,0.0
mobilenet_v2-int6-default-b2,sat.struct-3,per_node,3,features_3_conv_0_0,pointwise_expand,24,15,15,316,0.316,3.2087053571428573e-06
mobilenet_v2-int6-default-b2,sat.struct-3,per_node,3,features_3_conv_1_0,depthwise,9,15,14,1000,1.0,0.0900854193239796
mobilenet_v2-int6-default-b2,sat.struct-3,per_node,3,features_3_conv_2,pointwise_project,144,18,17,949,0.949,0.00020517113095238094
mobilenet_v2-int6-default-b2,sat.struct-3,per_node,3,features_4_conv_0_0,pointwise_expand,24,15,15,1000,1.0,0.00016210716057256237
mobilenet_v2-int6-default-b2,sat.struct-3,per_node,3,features_4_conv_1_0,depthwise,9,15,15,1000,1.0,0.2407154195011338
mobilenet_v2-int6-default-b2,sat.struct-3,per_node,3,features_4_conv_2,pointwise_project,144,18,17,34,0.034,4.544005102040816e-06
mobilenet_v2-int6-default-b2,sat.struct-3,per_node,3,features_5_conv_0_0,pointwise_expand,32,15,15,1000,1.0,0.012813117825255103
mobilenet_v2-int6-default-b2,sat.struct-3,per_node,3,features_5_conv_1_0,depthwise,9,15,15,1000,1.0,0.04614192044005102
mobilenet_v2-int6-default-b2,sat.struct-3,per_node,3,features_5_conv_2,pointwise_project,192,18,18,0,0.0,0.0
mobilenet_v2-int6-default-b2,sat.struct-3,per_node,3,features_6_conv_0_0,pointwise_expand,32,15,15,1000,1.0,0.02193988493835034
mobilenet_v2-int6-default-b2,sat.struct-3,per_node,3,features_6_conv_1_0,depthwise,9,15,15,1000,1.0,0.10120675223214286
mobilenet_v2-int6-default-b2,sat.struct-3,per_node,3,features_6_conv_2,pointwise_project,192,18,17,0,0.0,0.0
mobilenet_v2-int6-default-b2,sat.struct-3,per_node,3,features_7_conv_0_0,pointwise_expand,32,15,15,1000,1.0,0.005078311011904762
mobilenet_v2-int6-default-b2,sat.struct-3,per_node,3,features_7_conv_1_0,depthwise,9,15,15,1000,1.0,0.07002582908163266
mobilenet_v2-int6-default-b2,sat.struct-3,per_node,3,features_7_conv_2,pointwise_project,192,18,17,1000,1.0,0.016425063775510205
mobilenet_v2-int6-default-b2,sat.struct-3,per_node,3,features_8_conv_0_0,pointwise_expand,64,16,16,6,0.006,9.300595238095238e-08
mobilenet_v2-int6-default-b2,sat.struct-3,per_node,3,features_8_conv_1_0,depthwise,9,15,15,1000,1.0,0.03305755739795918
mobilenet_v2-int6-default-b2,sat.struct-3,per_node,3,features_8_conv_2,pointwise_project,384,19,18,0,0.0,0.0
mobilenet_v2-int6-default-b2,sat.struct-3,per_node,3,features_9_conv_0_0,pointwise_expand,64,16,16,1000,1.0,0.0006386984481292517
mobilenet_v2-int6-default-b2,sat.struct-3,per_node,3,features_9_conv_1_0,depthwise,9,15,15,1000,1.0,0.040910235969387754
mobilenet_v2-int6-default-b2,sat.struct-3,per_node,3,features_9_conv_2,pointwise_project,384,19,18,0,0.0,0.0
mobilenet_v2-fp6_e2m3-default-b2,sat.w16,uniform,16,classifier_1,classifier,1280,21,21,0,0.0,0.0
mobilenet_v2-fp6_e2m3-default-b2,sat.w16,uniform,16,features_0_0,stem,27,16,16,0,0.0,0.0
mobilenet_v2-fp6_e2m3-default-b2,sat.w16,uniform,16,features_10_conv_0_0,pointwise_expand,64,18,18,0,0.0,0.0
mobilenet_v2-fp6_e2m3-default-b2,sat.w16,uniform,16,features_10_conv_1_0,depthwise,9,16,16,0,0.0,0.0
mobilenet_v2-fp6_e2m3-default-b2,sat.w16,uniform,16,features_10_conv_2,pointwise_project,384,20,19,0,0.0,0.0
mobilenet_v2-fp6_e2m3-default-b2,sat.w16,uniform,16,features_11_conv_0_0,pointwise_expand,64,18,18,0,0.0,0.0
mobilenet_v2-fp6_e2m3-default-b2,sat.w16,uniform,16,features_11_conv_1_0,depthwise,9,16,16,0,0.0,0.0
mobilenet_v2-fp6_e2m3-default-b2,sat.w16,uniform,16,features_11_conv_2,pointwise_project,384,20,19,0,0.0,0.0
mobilenet_v2-fp6_e2m3-default-b2,sat.w16,uniform,16,features_12_conv_0_0,pointwise_expand,96,18,18,0,0.0,0.0
mobilenet_v2-fp6_e2m3-default-b2,sat.w16,uniform,16,features_12_conv_1_0,depthwise,9,16,16,0,0.0,0.0
mobilenet_v2-fp6_e2m3-default-b2,sat.w16,uniform,16,features_12_conv_2,pointwise_project,576,20,20,0,0.0,0.0
mobilenet_v2-fp6_e2m3-default-b2,sat.w16,uniform,16,features_13_conv_0_0,pointwise_expand,96,18,18,0,0.0,0.0
mobilenet_v2-fp6_e2m3-default-b2,sat.w16,uniform,16,features_13_conv_1_0,depthwise,9,16,16,0,0.0,0.0
mobilenet_v2-fp6_e2m3-default-b2,sat.w16,uniform,16,features_13_conv_2,pointwise_project,576,20,20,0,0.0,0.0
mobilenet_v2-fp6_e2m3-default-b2,sat.w16,uniform,16,features_14_conv_0_0,pointwise_expand,96,18,18,0,0.0,0.0
mobilenet_v2-fp6_e2m3-default-b2,sat.w16,uniform,16,features_14_conv_1_0,depthwise,9,16,16,0,0.0,0.0
mobilenet_v2-fp6_e2m3-default-b2,sat.w16,uniform,16,features_14_conv_2,pointwise_project,576,21,20,0,0.0,0.0
mobilenet_v2-fp6_e2m3-default-b2,sat.w16,uniform,16,features_15_conv_0_0,pointwise_expand,160,19,19,28,0.028,6.377551020408163e-07
mobilenet_v2-fp6_e2m3-default-b2,sat.w16,uniform,16,features_15_conv_1_0,depthwise,9,16,16,0,0.0,0.0
mobilenet_v2-fp6_e2m3-default-b2,sat.w16,uniform,16,features_15_conv_2,pointwise_project,960,21,20,0,0.0,0.0
mobilenet_v2-fp6_e2m3-default-b2,sat.w16,uniform,16,features_16_conv_0_0,pointwise_expand,160,19,19,8,0.008,2.1258503401360545e-07
mobilenet_v2-fp6_e2m3-default-b2,sat.w16,uniform,16,features_16_conv_1_0,depthwise,9,16,16,0,0.0,0.0
mobilenet_v2-fp6_e2m3-default-b2,sat.w16,uniform,16,features_16_conv_2,pointwise_project,960,21,20,0,0.0,0.0
mobilenet_v2-fp6_e2m3-default-b2,sat.w16,uniform,16,features_17_conv_0_0,pointwise_expand,160,19,19,0,0.0,0.0
mobilenet_v2-fp6_e2m3-default-b2,sat.w16,uniform,16,features_17_conv_1_0,depthwise,9,16,16,0,0.0,0.0
mobilenet_v2-fp6_e2m3-default-b2,sat.w16,uniform,16,features_17_conv_2,pointwise_project,960,21,20,0,0.0,0.0
mobilenet_v2-fp6_e2m3-default-b2,sat.w16,uniform,16,features_18_0,pointwise_expand,320,20,20,5,0.005,7.971938775510204e-08
mobilenet_v2-fp6_e2m3-default-b2,sat.w16,uniform,16,features_1_conv_0_0,depthwise,9,15,14,0,0.0,0.0
mobilenet_v2-fp6_e2m3-default-b2,sat.w16,uniform,16,features_1_conv_1,pointwise_project,32,16,15,0,0.0,0.0
mobilenet_v2-fp6_e2m3-default-b2,sat.w16,uniform,16,features_2_conv_0_0,pointwise_expand,16,16,16,0,0.0,0.0
mobilenet_v2-fp6_e2m3-default-b2,sat.w16,uniform,16,features_2_conv_1_0,depthwise,9,15,15,0,0.0,0.0
mobilenet_v2-fp6_e2m3-default-b2,sat.w16,uniform,16,features_2_conv_2,pointwise_project,96,18,17,0,0.0,0.0
mobilenet_v2-fp6_e2m3-default-b2,sat.w16,uniform,16,features_3_conv_0_0,pointwise_expand,24,16,16,0,0.0,0.0
mobilenet_v2-fp6_e2m3-default-b2,sat.w16,uniform,16,features_3_conv_1_0,depthwise,9,16,15,0,0.0,0.0
mobilenet_v2-fp6_e2m3-default-b2,sat.w16,uniform,16,features_3_conv_2,pointwise_project,144,18,17,0,0.0,0.0
mobilenet_v2-fp6_e2m3-default-b2,sat.w16,uniform,16,features_4_conv_0_0,pointwise_expand,24,16,16,0,0.0,0.0
mobilenet_v2-fp6_e2m3-default-b2,sat.w16,uniform,16,features_4_conv_1_0,depthwise,9,16,16,0,0.0,0.0
mobilenet_v2-fp6_e2m3-default-b2,sat.w16,uniform,16,features_4_conv_2,pointwise_project,144,18,18,0,0.0,0.0
mobilenet_v2-fp6_e2m3-default-b2,sat.w16,uniform,16,features_5_conv_0_0,pointwise_expand,32,17,17,0,0.0,0.0
mobilenet_v2-fp6_e2m3-default-b2,sat.w16,uniform,16,features_5_conv_1_0,depthwise,9,15,15,0,0.0,0.0
mobilenet_v2-fp6_e2m3-default-b2,sat.w16,uniform,16,features_5_conv_2,pointwise_project,192,19,18,0,0.0,0.0
mobilenet_v2-fp6_e2m3-default-b2,sat.w16,uniform,16,features_6_conv_0_0,pointwise_expand,32,17,17,0,0.0,0.0
mobilenet_v2-fp6_e2m3-default-b2,sat.w16,uniform,16,features_6_conv_1_0,depthwise,9,16,16,0,0.0,0.0
mobilenet_v2-fp6_e2m3-default-b2,sat.w16,uniform,16,features_6_conv_2,pointwise_project,192,19,18,0,0.0,0.0
mobilenet_v2-fp6_e2m3-default-b2,sat.w16,uniform,16,features_7_conv_0_0,pointwise_expand,32,17,17,0,0.0,0.0
mobilenet_v2-fp6_e2m3-default-b2,sat.w16,uniform,16,features_7_conv_1_0,depthwise,9,16,16,0,0.0,0.0
mobilenet_v2-fp6_e2m3-default-b2,sat.w16,uniform,16,features_7_conv_2,pointwise_project,192,19,18,0,0.0,0.0
mobilenet_v2-fp6_e2m3-default-b2,sat.w16,uniform,16,features_8_conv_0_0,pointwise_expand,64,18,18,0,0.0,0.0
mobilenet_v2-fp6_e2m3-default-b2,sat.w16,uniform,16,features_8_conv_1_0,depthwise,9,16,16,0,0.0,0.0
mobilenet_v2-fp6_e2m3-default-b2,sat.w16,uniform,16,features_8_conv_2,pointwise_project,384,20,19,0,0.0,0.0
mobilenet_v2-fp6_e2m3-default-b2,sat.w16,uniform,16,features_9_conv_0_0,pointwise_expand,64,18,18,0,0.0,0.0
mobilenet_v2-fp6_e2m3-default-b2,sat.w16,uniform,16,features_9_conv_1_0,depthwise,9,16,16,0,0.0,0.0
mobilenet_v2-fp6_e2m3-default-b2,sat.w16,uniform,16,features_9_conv_2,pointwise_project,384,20,19,0,0.0,0.0
mobilenet_v2-fp6_e2m3-default-b2,sat.w15,uniform,15,classifier_1,classifier,1280,21,21,42,0.042,4.9e-05
mobilenet_v2-fp6_e2m3-default-b2,sat.w15,uniform,15,features_0_0,stem,27,16,16,501,0.501,0.0006479716398278061
mobilenet_v2-fp6_e2m3-default-b2,sat.w15,uniform,15,features_10_conv_0_0,pointwise_expand,64,18,18,20,0.02,3.1887755102040816e-07
mobilenet_v2-fp6_e2m3-default-b2,sat.w15,uniform,15,features_10_conv_1_0,depthwise,9,16,16,1,0.001,3.5873724489795917e-07
mobilenet_v2-fp6_e2m3-default-b2,sat.w15,uniform,15,features_10_conv_2,pointwise_project,384,20,19,0,0.0,0.0
mobilenet_v2-fp6_e2m3-default-b2,sat.w15,uniform,15,features_11_conv_0_0,pointwise_expand,64,18,18,17,0.017,3.321641156462585e-07
mobilenet_v2-fp6_e2m3-default-b2,sat.w15,uniform,15,features_11_conv_1_0,depthwise,9,16,16,0,0.0,0.0
mobilenet_v2-fp6_e2m3-default-b2,sat.w15,uniform,15,features_11_conv_2,pointwise_project,384,20,19,1000,1.0,0.011382546768707483
mobilenet_v2-fp6_e2m3-default-b2,sat.w15,uniform,15,features_12_conv_0_0,pointwise_expand,96,18,18,203,0.203,3.7910997732426304e-06
mobilenet_v2-fp6_e2m3-default-b2,sat.w15,uniform,15,features_12_conv_1_0,depthwise,9,16,16,0,0.0,0.0
mobilenet_v2-fp6_e2m3-default-b2,sat.w15,uniform,15,features_12_conv_2,pointwise_project,576,20,20,20,0.02,1.16921768707483e-06
mobilenet_v2-fp6_e2m3-default-b2,sat.w15,uniform,15,features_13_conv_0_0,pointwise_expand,96,18,18,323,0.323,5.828373015873016e-06
mobilenet_v2-fp6_e2m3-default-b2,sat.w15,uniform,15,features_13_conv_1_0,depthwise,9,16,16,0,0.0,0.0
mobilenet_v2-fp6_e2m3-default-b2,sat.w15,uniform,15,features_13_conv_2,pointwise_project,576,20,20,836,0.836,0.00024080569727891155
mobilenet_v2-fp6_e2m3-default-b2,sat.w15,uniform,15,features_14_conv_0_0,pointwise_expand,96,18,18,77,0.077,9.21201814058957e-07
mobilenet_v2-fp6_e2m3-default-b2,sat.w15,uniform,15,features_14_conv_1_0,depthwise,9,16,16,0,0.0,0.0
mobilenet_v2-fp6_e2m3-default-b2,sat.w15,uniform,15,features_14_conv_2,pointwise_project,576,21,20,239,0.239,4.706632653061225e-05
mobilenet_v2-fp6_e2m3-default-b2,sat.w15,uniform,15,features_15_conv_0_0,pointwise_expand,160,19,19,502,0.502,4.672619047619048e-05
mobilenet_v2-fp6_e2m3-default-b2,sat.w15,uniform,15,features_15_conv_1_0,depthwise,9,16,16,0,0.0,0.0
mobilenet_v2-fp6_e2m3-default-b2,sat.w15,uniform,15,features_15_conv_2,pointwise_project,960,21,20,57,0.057,7.653061224489796e-06
mobilenet_v2-fp6_e2m3-default-b2,sat.w15,uniform,15,features_16_conv_0_0,pointwise_expand,160,19,19,386,0.386,3.4842687074829935e-05
mobilenet_v2-fp6_e2m3-default-b2,sat.w15,uniform,15,features_16_conv_1_0,depthwise,9,16,16,0,0.0,0.0
mobilenet_v2-fp6_e2m3-default-b2,sat.w15,uniform,15,features_16_conv_2,pointwise_project,960,21,20,0,0.0,0.0
mobilenet_v2-fp6_e2m3-default-b2,sat.w15,uniform,15,features_17_conv_0_0,pointwise_expand,160,19,19,287,0.287,1.4795918367346938e-05
mobilenet_v2-fp6_e2m3-default-b2,sat.w15,uniform,15,features_17_conv_1_0,depthwise,9,16,16,13,0.013,1.211734693877551e-06
mobilenet_v2-fp6_e2m3-default-b2,sat.w15,uniform,15,features_17_conv_2,pointwise_project,960,21,20,666,0.666,0.00019630102040816327
mobilenet_v2-fp6_e2m3-default-b2,sat.w15,uniform,15,features_18_0,pointwise_expand,320,20,20,522,0.522,0.00010800382653061224
mobilenet_v2-fp6_e2m3-default-b2,sat.w15,uniform,15,features_1_conv_0_0,depthwise,9,15,14,0,0.0,0.0
mobilenet_v2-fp6_e2m3-default-b2,sat.w15,uniform,15,features_1_conv_1,pointwise_project,32,16,15,0,0.0,0.0
mobilenet_v2-fp6_e2m3-default-b2,sat.w15,uniform,15,features_2_conv_0_0,pointwise_expand,16,16,16,0,0.0,0.0
mobilenet_v2-fp6_e2m3-default-b2,sat.w15,uniform,15,features_2_conv_1_0,depthwise,9,15,15,0,0.0,0.0
mobilenet_v2-fp6_e2m3-default-b2,sat.w15,uniform,15,features_2_conv_2,pointwise_project,96,18,17,2,0.002,2.657312925170068e-08
mobilenet_v2-fp6_e2m3-default-b2,sat.w15,uniform,15,features_3_conv_0_0,pointwise_expand,24,16,16,0,0.0,0.0
mobilenet_v2-fp6_e2m3-default-b2,sat.w15,uniform,15,features_3_conv_1_0,depthwise,9,16,15,0,0.0,0.0
mobilenet_v2-fp6_e2m3-default-b2,sat.w15,uniform,15,features_3_conv_2,pointwise_project,144,18,17,0,0.0,0.0
mobilenet_v2-fp6_e2m3-default-b2,sat.w15,uniform,15,features_4_conv_0_0,pointwise_expand,24,16,16,0,0.0,0.0
mobilenet_v2-fp6_e2m3-default-b2,sat.w15,uniform,15,features_4_conv_1_0,depthwise,9,16,16,854,0.854,0.00015219316893424036
mobilenet_v2-fp6_e2m3-default-b2,sat.w15,uniform,15,features_4_conv_2,pointwise_project,144,18,18,4,0.004,5.580357142857143e-07
mobilenet_v2-fp6_e2m3-default-b2,sat.w15,uniform,15,features_5_conv_0_0,pointwise_expand,32,17,17,0,0.0,0.0
mobilenet_v2-fp6_e2m3-default-b2,sat.w15,uniform,15,features_5_conv_1_0,depthwise,9,15,15,0,0.0,0.0
mobilenet_v2-fp6_e2m3-default-b2,sat.w15,uniform,15,features_5_conv_2,pointwise_project,192,19,18,0,0.0,0.0
mobilenet_v2-fp6_e2m3-default-b2,sat.w15,uniform,15,features_6_conv_0_0,pointwise_expand,32,17,17,0,0.0,0.0
mobilenet_v2-fp6_e2m3-default-b2,sat.w15,uniform,15,features_6_conv_1_0,depthwise,9,16,16,52,0.052,4.743303571428571e-06
mobilenet_v2-fp6_e2m3-default-b2,sat.w15,uniform,15,features_6_conv_2,pointwise_project,192,19,18,0,0.0,0.0
mobilenet_v2-fp6_e2m3-default-b2,sat.w15,uniform,15,features_7_conv_0_0,pointwise_expand,32,17,17,0,0.0,0.0
mobilenet_v2-fp6_e2m3-default-b2,sat.w15,uniform,15,features_7_conv_1_0,depthwise,9,16,16,57,0.057,2.33843537414966e-06
mobilenet_v2-fp6_e2m3-default-b2,sat.w15,uniform,15,features_7_conv_2,pointwise_project,192,19,18,979,0.979,0.001812420280612245
mobilenet_v2-fp6_e2m3-default-b2,sat.w15,uniform,15,features_8_conv_0_0,pointwise_expand,64,18,18,0,0.0,0.0
mobilenet_v2-fp6_e2m3-default-b2,sat.w15,uniform,15,features_8_conv_1_0,depthwise,9,16,16,0,0.0,0.0
mobilenet_v2-fp6_e2m3-default-b2,sat.w15,uniform,15,features_8_conv_2,pointwise_project,384,20,19,0,0.0,0.0
mobilenet_v2-fp6_e2m3-default-b2,sat.w15,uniform,15,features_9_conv_0_0,pointwise_expand,64,18,18,9,0.009,2.1258503401360545e-07
mobilenet_v2-fp6_e2m3-default-b2,sat.w15,uniform,15,features_9_conv_1_0,depthwise,9,16,16,1,0.001,1.328656462585034e-08
mobilenet_v2-fp6_e2m3-default-b2,sat.w15,uniform,15,features_9_conv_2,pointwise_project,384,20,19,0,0.0,0.0
mobilenet_v2-fp6_e2m3-default-b2,sat.w14,uniform,14,classifier_1,classifier,1280,21,21,1,0.001,1e-06
mobilenet_v2-fp6_e2m3-default-b2,sat.w14,uniform,14,features_0_0,stem,27,16,16,999,0.999,0.03738714724170918
mobilenet_v2-fp6_e2m3-default-b2,sat.w14,uniform,14,features_10_conv_0_0,pointwise_expand,64,18,18,972,0.972,0.00021158854166666667
mobilenet_v2-fp6_e2m3-default-b2,sat.w14,uniform,14,features_10_conv_1_0,depthwise,9,16,16,561,0.561,8.923256802721088e-05
mobilenet_v2-fp6_e2m3-default-b2,sat.w14,uniform,14,features_10_conv_2,pointwise_project,384,20,19,38,0.038,4.30484693877551e-06
mobilenet_v2-fp6_e2m3-default-b2,sat.w14,uniform,14,features_11_conv_0_0,pointwise_expand,64,18,18,736,0.736,5.048894557823129e-05
mobilenet_v2-fp6_e2m3-default-b2,sat.w14,uniform,14,features_11_conv_1_0,depthwise,9,16,16,483,0.483,3.8796768707482995e-05
mobilenet_v2-fp6_e2m3-default-b2,sat.w14,uniform,14,features_11_conv_2,pointwise_project,384,20,19,1000,1.0,0.21340997023809524
mobilenet_v2-fp6_e2m3-default-b2,sat.w14,uniform,14,features_12_conv_0_0,pointwise_expand,96,18,18,1000,1.0,0.00022135416666666666
mobilenet_v2-fp6_e2m3-default-b2,sat.w14,uniform,14,features_12_conv_1_0,depthwise,9,16,16,31,0.031,4.251700680272109e-07
mobilenet_v2-fp6_e2m3-default-b2,sat.w14,uniform,14,features_12_conv_2,pointwise_project,576,20,20,1000,1.0,0.03965407100340136
mobilenet_v2-fp6_e2m3-default-b2,sat.w14,uniform,14,features_13_conv_0_0,pointwise_expand,96,18,18,1000,1.0,0.00034762081916099775
mobilenet_v2-fp6_e2m3-default-b2,sat.w14,uniform,14,features_13_conv_1_0,depthwise,9,16,16,24,0.024,1.3197987528344672e-06
mobilenet_v2-fp6_e2m3-default-b2,sat.w14,uniform,14,features_13_conv_2,pointwise_project,576,20,20,1000,1.0,0.06301902636054421
mobilenet_v2-fp6_e2m3-default-b2,sat.w14,uniform,14,features_14_conv_0_0,pointwise_expand,96,18,18,952,0.952,7.114512471655328e-05
mobilenet_v2-fp6_e2m3-default-b2,sat.w14,uniform,14,features_14_conv_1_0,depthwise,9,16,16,666,0.666,8.28373015873016e-05
mobilenet_v2-fp6_e2m3-default-b2,sat.w14,uniform,14,features_14_conv_2,pointwise_project,576,21,20,1000,1.0,0.11280420918367347
mobilenet_v2-fp6_e2m3-default-b2,sat.w14,uniform,14,features_15_conv_0_0,pointwise_expand,160,19,19,1000,1.0,0.0005040178571428572
mobilenet_v2-fp6_e2m3-default-b2,sat.w14,uniform,14,features_15_conv_1_0,depthwise,9,16,16,262,0.262,1.8324829931972788e-05
mobilenet_v2-fp6_e2m3-default-b2,sat.w14,uniform,14,features_15_conv_2,pointwise_project,960,21,20,1000,1.0,0.013661479591836735
mobilenet_v2-fp6_e2m3-default-b2,sat.w14,uniform,14,features_16_conv_0_0,pointwise_expand,160,19,19,1000,1.0,0.0006056760204081633
mobilenet_v2-fp6_e2m3-default-b2,sat.w14,uniform,14,features_16_conv_1_0,depthwise,9,16,16,493,0.493,5.620748299319728e-05
mobilenet_v2-fp6_e2m3-default-b2,sat.w14,uniform,14,features_16_conv_2,pointwise_project,960,21,20,1000,1.0,0.01729017857142857
mobilenet_v2-fp6_e2m3-default-b2,sat.w14,uniform,14,features_17_conv_0_0,pointwise_expand,160,19,19,729,0.729,0.00012876275510204083
mobilenet_v2-fp6_e2m3-default-b2,sat.w14,uniform,14,features_17_conv_1_0,depthwise,9,16,16,1000,1.0,0.0005664965986394558
mobilenet_v2-fp6_e2m3-default-b2,sat.w14,uniform,14,features_17_conv_2,pointwise_project,960,21,20,1000,1.0,0.20267761479591836
mobilenet_v2-fp6_e2m3-default-b2,sat.w14,uniform,14,features_18_0,pointwise_expand,320,20,20,1000,1.0,0.004600813137755102
mobilenet_v2-fp6_e2m3-default-b2,sat.w14,uniform,14,features_1_conv_0_0,depthwise,9,15,14,0,0.0,0.0
mobilenet_v2-fp6_e2m3-default-b2,sat.w14,uniform,14,features_1_conv_1,pointwise_project,32,16,15,593,0.593,1.611328125e-05
mobilenet_v2-fp6_e2m3-default-b2,sat.w14,uniform,14,features_2_conv_0_0,pointwise_expand,16,16,16,102,0.102,2.0345052083333335e-07
mobilenet_v2-fp6_e2m3-default-b2,sat.w14,uniform,14,features_2_conv_1_0,depthwise,9,15,15,1000,1.0,0.008137306680484693
mobilenet_v2-fp6_e2m3-default-b2,sat.w14,uniform,14,features_2_conv_2,pointwise_project,96,18,17,1000,1.0,0.013691645408163266
mobilenet_v2-fp6_e2m3-default-b2,sat.w14,uniform,14,features_3_conv_0_0,pointwise_expand,24,16,16,99,0.099,7.351899092970521e-07
mobilenet_v2-fp6_e2m3-default-b2,sat.w14,uniform,14,features_3_conv_1_0,depthwise,9,16,15,959,0.959,0.0002890248547335601
mobilenet_v2-fp6_e2m3-default-b2,sat.w14,uniform,14,features_3_conv_2,pointwise_project,144,18,17,997,0.997,0.0017211947278911565
mobilenet_v2-fp6_e2m3-default-b2,sat.w14,uniform,14,features_4_conv_0_0,pointwise_expand,24,16,16,635,0.635,6.366478883219955e-06
mobilenet_v2-fp6_e2m3-default-b2,sat.w14,uniform,14,features_4_conv_1_0,depthwise,9,16,16,1000,1.0,0.026954621952947847
mobilenet_v2-fp6_e2m3-default-b2,sat.w14,uniform,14,features_4_conv_2,pointwise_project,144,18,18,1000,1.0,0.008442283163265306
mobilenet_v2-fp6_e2m3-default-b2,sat.w14,uniform,14,features_5_conv_0_0,pointwise_expand,32,17,17,783,0.783,6.827301232993197e-05
mobilenet_v2-fp6_e2m3-default-b2,sat.w14,uniform,14,features_5_conv_1_0,depthwise,9,15,15,878,0.878,0.0002228422619047619
mobilenet_v2-fp6_e2m3-default-b2,sat.w14,uniform,14,features_5_conv_2,pointwise_project,192,19,18,27,0.027,1.0762117346938775e-06
mobilenet_v2-fp6_e2m3-default-b2,sat.w14,uniform,14,features_6_conv_0_0,pointwise_expand,32,17,17,687,0.687,1.3386213860544218e-05
mobilenet_v2-fp6_e2m3-default-b2,sat.w14,uniform,14,features_6_conv_1_0,depthwise,9,16,16,997,0.997,0.0017092301764455782
mobilenet_v2-fp6_e2m3-default-b2,sat.w14,uniform,14,features_6_conv_2,pointwise_project,192,19,18,140,0.14,7.692920918367347e-06
mobilenet_v2-fp6_e2m3-default-b2,sat.w14,uniform,14,features_7_conv_0_0,pointwise_expand,32,17,17,753,0.753,2.551684736394558e-05
mobilenet_v2-fp6_e2m3-default-b2,sat.w14,uniform,14,features_7_conv_1_0,depthwise,9,16,16,1000,1.0,0.0021793686224489796
mobilenet_v2-fp6_e2m3-default-b2,sat.w14,uniform,14,features_7_conv_2,pointwise_project,192,19,18,1000,1.0,0.12338576211734693
mobilenet_v2-fp6_e2m3-default-b2,sat.w14,uniform,14,features_8_conv_0_0,pointwise_expand,64,18,18,818,0.818,9.490593112244897e-05
mobilenet_v2-fp6_e2m3-default-b2,sat.w14,uniform,14,features_8_conv_1_0,depthwise,9,16,16,460,0.46,4.331420068027211e-05
mobilenet_v2-fp6_e2m3-default-b2,sat.w14,uniform,14,features_8_conv_2,pointwise_project,384,20,19,998,0.998,0.0005656887755102041
mobilenet_v2-fp6_e2m3-default-b2,sat.w14,uniform,14,features_9_conv_0_0,pointwise_expand,64,18,18,938,0.938,0.00012976987670068027
mobilenet_v2-fp6_e2m3-default-b2,sat.w14,uniform,14,features_9_conv_1_0,depthwise,9,16,16,986,0.986,0.0005162228954081633
mobilenet_v2-fp6_e2m3-default-b2,sat.w14,uniform,14,features_9_conv_2,pointwise_project,384,20,19,989,0.989,0.0013145727040816326
mobilenet_v2-fp6_e2m3-default-b2,sat.struct-1,per_node,1,classifier_1,classifier,1280,21,21,0,0.0,0.0
mobilenet_v2-fp6_e2m3-default-b2,sat.struct-1,per_node,1,features_0_0,stem,27,16,16,501,0.501,0.0006479716398278061
mobilenet_v2-fp6_e2m3-default-b2,sat.struct-1,per_node,1,features_10_conv_0_0,pointwise_expand,64,18,18,0,0.0,0.0
mobilenet_v2-fp6_e2m3-default-b2,sat.struct-1,per_node,1,features_10_conv_1_0,depthwise,9,16,16,1,0.001,3.7202380952380953e-07
mobilenet_v2-fp6_e2m3-default-b2,sat.struct-1,per_node,1,features_10_conv_2,pointwise_project,384,20,19,0,0.0,0.0
mobilenet_v2-fp6_e2m3-default-b2,sat.struct-1,per_node,1,features_11_conv_0_0,pointwise_expand,64,18,18,0,0.0,0.0
mobilenet_v2-fp6_e2m3-default-b2,sat.struct-1,per_node,1,features_11_conv_1_0,depthwise,9,16,16,0,0.0,0.0
mobilenet_v2-fp6_e2m3-default-b2,sat.struct-1,per_node,1,features_11_conv_2,pointwise_project,384,20,19,0,0.0,0.0
mobilenet_v2-fp6_e2m3-default-b2,sat.struct-1,per_node,1,features_12_conv_0_0,pointwise_expand,96,18,18,0,0.0,0.0
mobilenet_v2-fp6_e2m3-default-b2,sat.struct-1,per_node,1,features_12_conv_1_0,depthwise,9,16,16,0,0.0,0.0
mobilenet_v2-fp6_e2m3-default-b2,sat.struct-1,per_node,1,features_12_conv_2,pointwise_project,576,20,20,0,0.0,0.0
mobilenet_v2-fp6_e2m3-default-b2,sat.struct-1,per_node,1,features_13_conv_0_0,pointwise_expand,96,18,18,0,0.0,0.0
mobilenet_v2-fp6_e2m3-default-b2,sat.struct-1,per_node,1,features_13_conv_1_0,depthwise,9,16,16,0,0.0,0.0
mobilenet_v2-fp6_e2m3-default-b2,sat.struct-1,per_node,1,features_13_conv_2,pointwise_project,576,20,20,0,0.0,0.0
mobilenet_v2-fp6_e2m3-default-b2,sat.struct-1,per_node,1,features_14_conv_0_0,pointwise_expand,96,18,18,0,0.0,0.0
mobilenet_v2-fp6_e2m3-default-b2,sat.struct-1,per_node,1,features_14_conv_1_0,depthwise,9,16,16,0,0.0,0.0
mobilenet_v2-fp6_e2m3-default-b2,sat.struct-1,per_node,1,features_14_conv_2,pointwise_project,576,21,20,0,0.0,0.0
mobilenet_v2-fp6_e2m3-default-b2,sat.struct-1,per_node,1,features_15_conv_0_0,pointwise_expand,160,19,19,0,0.0,0.0
mobilenet_v2-fp6_e2m3-default-b2,sat.struct-1,per_node,1,features_15_conv_1_0,depthwise,9,16,16,0,0.0,0.0
mobilenet_v2-fp6_e2m3-default-b2,sat.struct-1,per_node,1,features_15_conv_2,pointwise_project,960,21,20,0,0.0,0.0
mobilenet_v2-fp6_e2m3-default-b2,sat.struct-1,per_node,1,features_16_conv_0_0,pointwise_expand,160,19,19,0,0.0,0.0
mobilenet_v2-fp6_e2m3-default-b2,sat.struct-1,per_node,1,features_16_conv_1_0,depthwise,9,16,16,0,0.0,0.0
mobilenet_v2-fp6_e2m3-default-b2,sat.struct-1,per_node,1,features_16_conv_2,pointwise_project,960,21,20,0,0.0,0.0
mobilenet_v2-fp6_e2m3-default-b2,sat.struct-1,per_node,1,features_17_conv_0_0,pointwise_expand,160,19,19,0,0.0,0.0
mobilenet_v2-fp6_e2m3-default-b2,sat.struct-1,per_node,1,features_17_conv_1_0,depthwise,9,16,16,9,0.009,1.0629251700680272e-06
mobilenet_v2-fp6_e2m3-default-b2,sat.struct-1,per_node,1,features_17_conv_2,pointwise_project,960,21,20,0,0.0,0.0
mobilenet_v2-fp6_e2m3-default-b2,sat.struct-1,per_node,1,features_18_0,pointwise_expand,320,20,20,0,0.0,0.0
mobilenet_v2-fp6_e2m3-default-b2,sat.struct-1,per_node,1,features_1_conv_0_0,depthwise,9,15,14,992,0.992,0.007965483996332907
mobilenet_v2-fp6_e2m3-default-b2,sat.struct-1,per_node,1,features_1_conv_1,pointwise_project,32,16,15,586,0.586,1.5684789540816326e-05
mobilenet_v2-fp6_e2m3-default-b2,sat.struct-1,per_node,1,features_2_conv_0_0,pointwise_expand,16,16,16,0,0.0,0.0
mobilenet_v2-fp6_e2m3-default-b2,sat.struct-1,per_node,1,features_2_conv_1_0,depthwise,9,15,15,1000,1.0,0.009241666002338436
mobilenet_v2-fp6_e2m3-default-b2,sat.struct-1,per_node,1,features_2_conv_2,pointwise_project,96,18,17,0,0.0,0.0
mobilenet_v2-fp6_e2m3-default-b2,sat.struct-1,per_node,1,features_3_conv_0_0,pointwise_expand,24,16,16,0,0.0,0.0
mobilenet_v2-fp6_e2m3-default-b2,sat.struct-1,per_node,1,features_3_conv_1_0,depthwise,9,16,15,960,0.96,0.00032845716411564625
mobilenet_v2-fp6_e2m3-default-b2,sat.struct-1,per_node,1,features_3_conv_2,pointwise_project,144,18,17,0,0.0,0.0
mobilenet_v2-fp6_e2m3-default-b2,sat.struct-1,per_node,1,features_4_conv_0_0,pointwise_expand,24,16,16,0,0.0,0.0
mobilenet_v2-fp6_e2m3-default-b2,sat.struct-1,per_node,1,features_4_conv_1_0,depthwise,9,16,16,858,0.858,0.00015137825963718821
mobilenet_v2-fp6_e2m3-default-b2,sat.struct-1,per_node,1,features_4_conv_2,pointwise_project,144,18,18,0,0.0,0.0
mobilenet_v2-fp6_e2m3-default-b2,sat.struct-1,per_node,1,features_5_conv_0_0,pointwise_expand,32,17,17,0,0.0,0.0
mobilenet_v2-fp6_e2m3-default-b2,sat.struct-1,per_node,1,features_5_conv_1_0,depthwise,9,15,15,864,0.864,0.00023858684098639456
mobilenet_v2-fp6_e2m3-default-b2,sat.struct-1,per_node,1,features_5_conv_2,pointwise_project,192,19,18,0,0.0,0.0
mobilenet_v2-fp6_e2m3-default-b2,sat.struct-1,per_node,1,features_6_conv_0_0,pointwise_expand,32,17,17,0,0.0,0.0
mobilenet_v2-fp6_e2m3-default-b2,sat.struct-1,per_node,1,features_6_conv_1_0,depthwise,9,16,16,54,0.054,4.929315476190476e-06
mobilenet_v2-fp6_e2m3-default-b2,sat.struct-1,per_node,1,features_6_conv_2,pointwise_project,192,19,18,0,0.0,0.0
mobilenet_v2-fp6_e2m3-default-b2,sat.struct-1,per_node,1,features_7_conv_0_0,pointwise_expand,32,17,17,0,0.0,0.0
mobilenet_v2-fp6_e2m3-default-b2,sat.struct-1,per_node,1,features_7_conv_1_0,depthwise,9,16,16,27,0.027,1.1160714285714287e-06
mobilenet_v2-fp6_e2m3-default-b2,sat.struct-1,per_node,1,features_7_conv_2,pointwise_project,192,19,18,0,0.0,0.0
mobilenet_v2-fp6_e2m3-default-b2,sat.struct-1,per_node,1,features_8_conv_0_0,pointwise_expand,64,18,18,0,0.0,0.0
mobilenet_v2-fp6_e2m3-default-b2,sat.struct-1,per_node,1,features_8_conv_1_0,depthwise,9,16,16,0,0.0,0.0
mobilenet_v2-fp6_e2m3-default-b2,sat.struct-1,per_node,1,features_8_conv_2,pointwise_project,384,20,19,0,0.0,0.0
mobilenet_v2-fp6_e2m3-default-b2,sat.struct-1,per_node,1,features_9_conv_0_0,pointwise_expand,64,18,18,0,0.0,0.0
mobilenet_v2-fp6_e2m3-default-b2,sat.struct-1,per_node,1,features_9_conv_1_0,depthwise,9,16,16,1,0.001,1.328656462585034e-08
mobilenet_v2-fp6_e2m3-default-b2,sat.struct-1,per_node,1,features_9_conv_2,pointwise_project,384,20,19,0,0.0,0.0
mobilenet_v2-fp6_e2m3-default-b2,sat.struct-2,per_node,2,classifier_1,classifier,1280,21,21,0,0.0,0.0
mobilenet_v2-fp6_e2m3-default-b2,sat.struct-2,per_node,2,features_0_0,stem,27,16,16,999,0.999,0.03738714724170918
mobilenet_v2-fp6_e2m3-default-b2,sat.struct-2,per_node,2,features_10_conv_0_0,pointwise_expand,64,18,18,0,0.0,0.0
mobilenet_v2-fp6_e2m3-default-b2,sat.struct-2,per_node,2,features_10_conv_1_0,depthwise,9,16,16,947,0.947,0.0006256909013605442
mobilenet_v2-fp6_e2m3-default-b2,sat.struct-2,per_node,2,features_10_conv_2,pointwise_project,384,20,19,0,0.0,0.0
mobilenet_v2-fp6_e2m3-default-b2,sat.struct-2,per_node,2,features_11_conv_0_0,pointwise_expand,64,18,18,0,0.0,0.0
mobilenet_v2-fp6_e2m3-default-b2,sat.struct-2,per_node,2,features_11_conv_1_0,depthwise,9,16,16,707,0.707,6.769504676870749e-05
mobilenet_v2-fp6_e2m3-default-b2,sat.struct-2,per_node,2,features_11_conv_2,pointwise_project,384,20,19,0,0.0,0.0
mobilenet_v2-fp6_e2m3-default-b2,sat.struct-2,per_node,2,features_12_conv_0_0,pointwise_expand,96,18,18,0,0.0,0.0
mobilenet_v2-fp6_e2m3-default-b2,sat.struct-2,per_node,2,features_12_conv_1_0,depthwise,9,16,16,106,0.106,2.825609410430839e-06
mobilenet_v2-fp6_e2m3-default-b2,sat.struct-2,per_node,2,features_12_conv_2,pointwise_project,576,20,20,0,0.0,0.0
mobilenet_v2-fp6_e2m3-default-b2,sat.struct-2,per_node,2,features_13_conv_0_0,pointwise_expand,96,18,18,0,0.0,0.0
mobilenet_v2-fp6_e2m3-default-b2,sat.struct-2,per_node,2,features_13_conv_1_0,depthwise,9,16,16,62,0.062,2.311862244897959e-06
mobilenet_v2-fp6_e2m3-default-b2,sat.struct-2,per_node,2,features_13_conv_2,pointwise_project,576,20,20,0,0.0,0.0
mobilenet_v2-fp6_e2m3-default-b2,sat.struct-2,per_node,2,features_14_conv_0_0,pointwise_expand,96,18,18,0,0.0,0.0
mobilenet_v2-fp6_e2m3-default-b2,sat.struct-2,per_node,2,features_14_conv_1_0,depthwise,9,16,16,456,0.456,3.766298185941043e-05
mobilenet_v2-fp6_e2m3-default-b2,sat.struct-2,per_node,2,features_14_conv_2,pointwise_project,576,21,20,0,0.0,0.0
mobilenet_v2-fp6_e2m3-default-b2,sat.struct-2,per_node,2,features_15_conv_0_0,pointwise_expand,160,19,19,0,0.0,0.0
mobilenet_v2-fp6_e2m3-default-b2,sat.struct-2,per_node,2,features_15_conv_1_0,depthwise,9,16,16,14,0.014,7.653061224489796e-07
mobilenet_v2-fp6_e2m3-default-b2,sat.struct-2,per_node,2,features_15_conv_2,pointwise_project,960,21,20,0,0.0,0.0
mobilenet_v2-fp6_e2m3-default-b2,sat.struct-2,per_node,2,features_16_conv_0_0,pointwise_expand,160,19,19,0,0.0,0.0
mobilenet_v2-fp6_e2m3-default-b2,sat.struct-2,per_node,2,features_16_conv_1_0,depthwise,9,16,16,142,0.142,1.2691326530612244e-05
mobilenet_v2-fp6_e2m3-default-b2,sat.struct-2,per_node,2,features_16_conv_2,pointwise_project,960,21,20,0,0.0,0.0
mobilenet_v2-fp6_e2m3-default-b2,sat.struct-2,per_node,2,features_17_conv_0_0,pointwise_expand,160,19,19,0,0.0,0.0
mobilenet_v2-fp6_e2m3-default-b2,sat.struct-2,per_node,2,features_17_conv_1_0,depthwise,9,16,16,1000,1.0,0.0005347363945578231
mobilenet_v2-fp6_e2m3-default-b2,sat.struct-2,per_node,2,features_17_conv_2,pointwise_project,960,21,20,0,0.0,0.0
mobilenet_v2-fp6_e2m3-default-b2,sat.struct-2,per_node,2,features_18_0,pointwise_expand,320,20,20,0,0.0,0.0
mobilenet_v2-fp6_e2m3-default-b2,sat.struct-2,per_node,2,features_1_conv_0_0,depthwise,9,15,14,1000,1.0,0.09031836435746174
mobilenet_v2-fp6_e2m3-default-b2,sat.struct-2,per_node,2,features_1_conv_1,pointwise_project,32,16,15,1000,1.0,0.03681368582589286
mobilenet_v2-fp6_e2m3-default-b2,sat.struct-2,per_node,2,features_2_conv_0_0,pointwise_expand,16,16,16,0,0.0,0.0
mobilenet_v2-fp6_e2m3-default-b2,sat.struct-2,per_node,2,features_2_conv_1_0,depthwise,9,15,15,1000,1.0,0.10306249335671769
mobilenet_v2-fp6_e2m3-default-b2,sat.struct-2,per_node,2,features_2_conv_2,pointwise_project,96,18,17,0,0.0,0.0
mobilenet_v2-fp6_e2m3-default-b2,sat.struct-2,per_node,2,features_3_conv_0_0,pointwise_expand,24,16,16,0,0.0,0.0
mobilenet_v2-fp6_e2m3-default-b2,sat.struct-2,per_node,2,features_3_conv_1_0,depthwise,9,16,15,1000,1.0,0.014259648260345805
mobilenet_v2-fp6_e2m3-default-b2,sat.struct-2,per_node,2,features_3_conv_2,pointwise_project,144,18,17,0,0.0,0.0
mobilenet_v2-fp6_e2m3-default-b2,sat.struct-2,per_node,2,features_4_conv_0_0,pointwise_expand,24,16,16,94,0.094,5.336770124716554e-07
mobilenet_v2-fp6_e2m3-default-b2,sat.struct-2,per_node,2,features_4_conv_1_0,depthwise,9,16,16,1000,1.0,0.03190803925736962
mobilenet_v2-fp6_e2m3-default-b2,sat.struct-2,per_node,2,features_4_conv_2,pointwise_project,144,18,18,0,0.0,0.0
mobilenet_v2-fp6_e2m3-default-b2,sat.struct-2,per_node,2,features_5_conv_0_0,pointwise_expand,32,17,17,0,0.0,0.0
mobilenet_v2-fp6_e2m3-default-b2,sat.struct-2,per_node,2,features_5_conv_1_0,depthwise,9,15,15,1000,1.0,0.025600007971938777
mobilenet_v2-fp6_e2m3-default-b2,sat.struct-2,per_node,2,features_5_conv_2,pointwise_project,192,19,18,0,0.0,0.0
mobilenet_v2-fp6_e2m3-default-b2,sat.struct-2,per_node,2,features_6_conv_0_0,pointwise_expand,32,17,17,0,0.0,0.0
mobilenet_v2-fp6_e2m3-default-b2,sat.struct-2,per_node,2,features_6_conv_1_0,depthwise,9,16,16,1000,1.0,0.011243463010204081
mobilenet_v2-fp6_e2m3-default-b2,sat.struct-2,per_node,2,features_6_conv_2,pointwise_project,192,19,18,0,0.0,0.0
mobilenet_v2-fp6_e2m3-default-b2,sat.struct-2,per_node,2,features_7_conv_0_0,pointwise_expand,32,17,17,0,0.0,0.0
mobilenet_v2-fp6_e2m3-default-b2,sat.struct-2,per_node,2,features_7_conv_1_0,depthwise,9,16,16,987,0.987,0.0011181441326530612
mobilenet_v2-fp6_e2m3-default-b2,sat.struct-2,per_node,2,features_7_conv_2,pointwise_project,192,19,18,0,0.0,0.0
mobilenet_v2-fp6_e2m3-default-b2,sat.struct-2,per_node,2,features_8_conv_0_0,pointwise_expand,64,18,18,0,0.0,0.0
mobilenet_v2-fp6_e2m3-default-b2,sat.struct-2,per_node,2,features_8_conv_1_0,depthwise,9,16,16,984,0.984,0.000607249149659864
mobilenet_v2-fp6_e2m3-default-b2,sat.struct-2,per_node,2,features_8_conv_2,pointwise_project,384,20,19,0,0.0,0.0
mobilenet_v2-fp6_e2m3-default-b2,sat.struct-2,per_node,2,features_9_conv_0_0,pointwise_expand,64,18,18,0,0.0,0.0
mobilenet_v2-fp6_e2m3-default-b2,sat.struct-2,per_node,2,features_9_conv_1_0,depthwise,9,16,16,1000,1.0,0.001524952168367347
mobilenet_v2-fp6_e2m3-default-b2,sat.struct-2,per_node,2,features_9_conv_2,pointwise_project,384,20,19,0,0.0,0.0
mobilenet_v2-fp6_e2m3-default-b2,sat.struct-3,per_node,3,classifier_1,classifier,1280,21,21,0,0.0,0.0
mobilenet_v2-fp6_e2m3-default-b2,sat.struct-3,per_node,3,features_0_0,stem,27,16,16,1000,1.0,0.1924180385044643
mobilenet_v2-fp6_e2m3-default-b2,sat.struct-3,per_node,3,features_10_conv_0_0,pointwise_expand,64,18,18,0,0.0,0.0
mobilenet_v2-fp6_e2m3-default-b2,sat.struct-3,per_node,3,features_10_conv_1_0,depthwise,9,16,16,1000,1.0,0.029565170599489796
mobilenet_v2-fp6_e2m3-default-b2,sat.struct-3,per_node,3,features_10_conv_2,pointwise_project,384,20,19,0,0.0,0.0
mobilenet_v2-fp6_e2m3-default-b2,sat.struct-3,per_node,3,features_11_conv_0_0,pointwise_expand,64,18,18,0,0.0,0.0
mobilenet_v2-fp6_e2m3-default-b2,sat.struct-3,per_node,3,features_11_conv_1_0,depthwise,9,16,16,1000,1.0,0.012790431016156463
mobilenet_v2-fp6_e2m3-default-b2,sat.struct-3,per_node,3,features_11_conv_2,pointwise_project,384,20,19,0,0.0,0.0
mobilenet_v2-fp6_e2m3-default-b2,sat.struct-3,per_node,3,features_12_conv_0_0,pointwise_expand,96,18,18,0,0.0,0.0
mobilenet_v2-fp6_e2m3-default-b2,sat.struct-3,per_node,3,features_12_conv_1_0,depthwise,9,16,16,1000,1.0,0.0037445525085034012
mobilenet_v2-fp6_e2m3-default-b2,sat.struct-3,per_node,3,features_12_conv_2,pointwise_project,576,20,20,0,0.0,0.0
mobilenet_v2-fp6_e2m3-default-b2,sat.struct-3,per_node,3,features_13_conv_0_0,pointwise_expand,96,18,18,0,0.0,0.0
mobilenet_v2-fp6_e2m3-default-b2,sat.struct-3,per_node,3,features_13_conv_1_0,depthwise,9,16,16,1000,1.0,0.008663991638321995
mobilenet_v2-fp6_e2m3-default-b2,sat.struct-3,per_node,3,features_13_conv_2,pointwise_project,576,20,20,0,0.0,0.0
mobilenet_v2-fp6_e2m3-default-b2,sat.struct-3,per_node,3,features_14_conv_0_0,pointwise_expand,96,18,18,0,0.0,0.0
mobilenet_v2-fp6_e2m3-default-b2,sat.struct-3,per_node,3,features_14_conv_1_0,depthwise,9,16,16,1000,1.0,0.007713966836734694
mobilenet_v2-fp6_e2m3-default-b2,sat.struct-3,per_node,3,features_14_conv_2,pointwise_project,576,21,20,0,0.0,0.0
mobilenet_v2-fp6_e2m3-default-b2,sat.struct-3,per_node,3,features_15_conv_0_0,pointwise_expand,160,19,19,0,0.0,0.0
mobilenet_v2-fp6_e2m3-default-b2,sat.struct-3,per_node,3,features_15_conv_1_0,depthwise,9,16,16,1000,1.0,0.009159396258503401
mobilenet_v2-fp6_e2m3-default-b2,sat.struct-3,per_node,3,features_15_conv_2,pointwise_project,960,21,20,0,0.0,0.0
mobilenet_v2-fp6_e2m3-default-b2,sat.struct-3,per_node,3,features_16_conv_0_0,pointwise_expand,160,19,19,0,0.0,0.0
mobilenet_v2-fp6_e2m3-default-b2,sat.struct-3,per_node,3,features_16_conv_1_0,depthwise,9,16,16,1000,1.0,0.014710671768707483
mobilenet_v2-fp6_e2m3-default-b2,sat.struct-3,per_node,3,features_16_conv_2,pointwise_project,960,21,20,0,0.0,0.0
mobilenet_v2-fp6_e2m3-default-b2,sat.struct-3,per_node,3,features_17_conv_0_0,pointwise_expand,160,19,19,0,0.0,0.0
mobilenet_v2-fp6_e2m3-default-b2,sat.struct-3,per_node,3,features_17_conv_1_0,depthwise,9,16,16,1000,1.0,0.008075361394557824
mobilenet_v2-fp6_e2m3-default-b2,sat.struct-3,per_node,3,features_17_conv_2,pointwise_project,960,21,20,0,0.0,0.0
mobilenet_v2-fp6_e2m3-default-b2,sat.struct-3,per_node,3,features_18_0,pointwise_expand,320,20,20,0,0.0,0.0
mobilenet_v2-fp6_e2m3-default-b2,sat.struct-3,per_node,3,features_1_conv_0_0,depthwise,9,15,14,1000,1.0,0.47232826450892856
mobilenet_v2-fp6_e2m3-default-b2,sat.struct-3,per_node,3,features_1_conv_1,pointwise_project,32,16,15,1000,1.0,0.5054343510841837
mobilenet_v2-fp6_e2m3-default-b2,sat.struct-3,per_node,3,features_2_conv_0_0,pointwise_expand,16,16,16,1,0.001,8.304102891156463e-10
mobilenet_v2-fp6_e2m3-default-b2,sat.struct-3,per_node,3,features_2_conv_1_0,depthwise,9,15,15,1000,1.0,0.28940186875531465
mobilenet_v2-fp6_e2m3-default-b2,sat.struct-3,per_node,3,features_2_conv_2,pointwise_project,96,18,17,1000,1.0,0.003885509672619048
mobilenet_v2-fp6_e2m3-default-b2,sat.struct-3,per_node,3,features_3_conv_0_0,pointwise_expand,24,16,16,24,0.024,6.864725056689342e-08
mobilenet_v2-fp6_e2m3-default-b2,sat.struct-3,per_node,3,features_3_conv_1_0,depthwise,9,16,15,1000,1.0,0.03917353582057823
mobilenet_v2-fp6_e2m3-default-b2,sat.struct-3,per_node,3,features_3_conv_2,pointwise_project,144,18,17,1000,1.0,0.015308832908163265
mobilenet_v2-fp6_e2m3-default-b2,sat.struct-3,per_node,3,features_4_conv_0_0,pointwise_expand,24,16,16,753,0.753,1.0015855300453515e-05
mobilenet_v2-fp6_e2m3-default-b2,sat.struct-3,per_node,3,features_4_conv_1_0,depthwise,9,16,16,1000,1.0,0.14641934169501133
mobilenet_v2-fp6_e2m3-default-b2,sat.struct-3,per_node,3,features_4_conv_2,pointwise_project,144,18,18,0,0.0,0.0
mobilenet_v2-fp6_e2m3-default-b2,sat.struct-3,per_node,3,features_5_conv_0_0,pointwise_expand,32,17,17,753,0.753,0.0002098280718537415
mobilenet_v2-fp6_e2m3-default-b2,sat.struct-3,per_node,3,features_5_conv_1_0,depthwise,9,15,15,1000,1.0,0.08415704055059524
mobilenet_v2-fp6_e2m3-default-b2,sat.struct-3,per_node,3,features_5_conv_2,pointwise_project,192,19,18,0,0.0,0.0
mobilenet_v2-fp6_e2m3-default-b2,sat.struct-3,per_node,3,features_6_conv_0_0,pointwise_expand,32,17,17,0,0.0,0.0
mobilenet_v2-fp6_e2m3-default-b2,sat.struct-3,per_node,3,features_6_conv_1_0,depthwise,9,16,16,1000,1.0,0.06720709103954081
mobilenet_v2-fp6_e2m3-default-b2,sat.struct-3,per_node,3,features_6_conv_2,pointwise_project,192,19,18,0,0.0,0.0
mobilenet_v2-fp6_e2m3-default-b2,sat.struct-3,per_node,3,features_7_conv_0_0,pointwise_expand,32,17,17,92,0.092,7.506909013605442e-07
mobilenet_v2-fp6_e2m3-default-b2,sat.struct-3,per_node,3,features_7_conv_1_0,depthwise,9,16,16,1000,1.0,0.037898384353741495
mobilenet_v2-fp6_e2m3-default-b2,sat.struct-3,per_node,3,features_7_conv_2,pointwise_project,192,19,18,0,0.0,0.0
mobilenet_v2-fp6_e2m3-default-b2,sat.struct-3,per_node,3,features_8_conv_0_0,pointwise_expand,64,18,18,0,0.0,0.0
mobilenet_v2-fp6_e2m3-default-b2,sat.struct-3,per_node,3,features_8_conv_1_0,depthwise,9,16,16,1000,1.0,0.01811244419642857
mobilenet_v2-fp6_e2m3-default-b2,sat.struct-3,per_node,3,features_8_conv_2,pointwise_project,384,20,19,0,0.0,0.0
mobilenet_v2-fp6_e2m3-default-b2,sat.struct-3,per_node,3,features_9_conv_0_0,pointwise_expand,64,18,18,0,0.0,0.0
mobilenet_v2-fp6_e2m3-default-b2,sat.struct-3,per_node,3,features_9_conv_1_0,depthwise,9,16,16,1000,1.0,0.030251302083333334
mobilenet_v2-fp6_e2m3-default-b2,sat.struct-3,per_node,3,features_9_conv_2,pointwise_project,384,20,19,0,0.0,0.0
mobilenet_v2-fp7_e3m3-default-b2,sat.w23,uniform,23,classifier_1,classifier,1280,29,29,0,0.0,0.0
mobilenet_v2-fp7_e3m3-default-b2,sat.w23,uniform,23,features_0_0,stem,27,24,24,0,0.0,0.0
mobilenet_v2-fp7_e3m3-default-b2,sat.w23,uniform,23,features_10_conv_0_0,pointwise_expand,64,26,26,0,0.0,0.0
mobilenet_v2-fp7_e3m3-default-b2,sat.w23,uniform,23,features_10_conv_1_0,depthwise,9,24,24,0,0.0,0.0
mobilenet_v2-fp7_e3m3-default-b2,sat.w23,uniform,23,features_10_conv_2,pointwise_project,384,28,27,0,0.0,0.0
mobilenet_v2-fp7_e3m3-default-b2,sat.w23,uniform,23,features_11_conv_0_0,pointwise_expand,64,26,26,0,0.0,0.0
mobilenet_v2-fp7_e3m3-default-b2,sat.w23,uniform,23,features_11_conv_1_0,depthwise,9,24,24,0,0.0,0.0
mobilenet_v2-fp7_e3m3-default-b2,sat.w23,uniform,23,features_11_conv_2,pointwise_project,384,28,27,807,0.807,0.000164328231292517
mobilenet_v2-fp7_e3m3-default-b2,sat.w23,uniform,23,features_12_conv_0_0,pointwise_expand,96,26,26,0,0.0,0.0
mobilenet_v2-fp7_e3m3-default-b2,sat.w23,uniform,23,features_12_conv_1_0,depthwise,9,24,24,0,0.0,0.0
mobilenet_v2-fp7_e3m3-default-b2,sat.w23,uniform,23,features_12_conv_2,pointwise_project,576,28,27,0,0.0,0.0
mobilenet_v2-fp7_e3m3-default-b2,sat.w23,uniform,23,features_13_conv_0_0,pointwise_expand,96,26,26,0,0.0,0.0
mobilenet_v2-fp7_e3m3-default-b2,sat.w23,uniform,23,features_13_conv_1_0,depthwise,9,24,24,0,0.0,0.0
mobilenet_v2-fp7_e3m3-default-b2,sat.w23,uniform,23,features_13_conv_2,pointwise_project,576,28,27,0,0.0,0.0
mobilenet_v2-fp7_e3m3-default-b2,sat.w23,uniform,23,features_14_conv_0_0,pointwise_expand,96,26,26,0,0.0,0.0
mobilenet_v2-fp7_e3m3-default-b2,sat.w23,uniform,23,features_14_conv_1_0,depthwise,9,24,24,0,0.0,0.0
mobilenet_v2-fp7_e3m3-default-b2,sat.w23,uniform,23,features_14_conv_2,pointwise_project,576,28,28,36,0.036,6.3775510204081635e-06
mobilenet_v2-fp7_e3m3-default-b2,sat.w23,uniform,23,features_15_conv_0_0,pointwise_expand,160,27,27,4,0.004,1.0629251700680273e-07
mobilenet_v2-fp7_e3m3-default-b2,sat.w23,uniform,23,features_15_conv_1_0,depthwise,9,24,24,0,0.0,0.0
mobilenet_v2-fp7_e3m3-default-b2,sat.w23,uniform,23,features_15_conv_2,pointwise_project,960,29,28,0,0.0,0.0
mobilenet_v2-fp7_e3m3-default-b2,sat.w23,uniform,23,features_16_conv_0_0,pointwise_expand,160,27,27,0,0.0,0.0
mobilenet_v2-fp7_e3m3-default-b2,sat.w23,uniform,23,features_16_conv_1_0,depthwise,9,24,24,0,0.0,0.0
mobilenet_v2-fp7_e3m3-default-b2,sat.w23,uniform,23,features_16_conv_2,pointwise_project,960,29,28,0,0.0,0.0
mobilenet_v2-fp7_e3m3-default-b2,sat.w23,uniform,23,features_17_conv_0_0,pointwise_expand,160,27,27,0,0.0,0.0
mobilenet_v2-fp7_e3m3-default-b2,sat.w23,uniform,23,features_17_conv_1_0,depthwise,9,24,24,10,0.01,6.377551020408163e-07
mobilenet_v2-fp7_e3m3-default-b2,sat.w23,uniform,23,features_17_conv_2,pointwise_project,960,29,28,79,0.079,1.2563775510204082e-05
mobilenet_v2-fp7_e3m3-default-b2,sat.w23,uniform,23,features_18_0,pointwise_expand,320,28,28,1,0.001,1.5943877551020407e-08
mobilenet_v2-fp7_e3m3-default-b2,sat.w23,uniform,23,features_1_conv_0_0,depthwise,9,23,22,0,0.0,0.0
mobilenet_v2-fp7_e3m3-default-b2,sat.w23,uniform,23,features_1_conv_1,pointwise_project,32,24,23,0,0.0,0.0
mobilenet_v2-fp7_e3m3-default-b2,sat.w23,uniform,23,features_2_conv_0_0,pointwise_expand,16,24,24,0,0.0,0.0
mobilenet_v2-fp7_e3m3-default-b2,sat.w23,uniform,23,features_2_conv_1_0,depthwise,9,23,23,0,0.0,0.0
mobilenet_v2-fp7_e3m3-default-b2,sat.w23,uniform,23,features_2_conv_2,pointwise_project,96,26,25,0,0.0,0.0
mobilenet_v2-fp7_e3m3-default-b2,sat.w23,uniform,23,features_3_conv_0_0,pointwise_expand,24,24,24,0,0.0,0.0
mobilenet_v2-fp7_e3m3-default-b2,sat.w23,uniform,23,features_3_conv_1_0,depthwise,9,24,23,0,0.0,0.0
mobilenet_v2-fp7_e3m3-default-b2,sat.w23,uniform,23,features_3_conv_2,pointwise_project,144,26,25,0,0.0,0.0
mobilenet_v2-fp7_e3m3-default-b2,sat.w23,uniform,23,features_4_conv_0_0,pointwise_expand,24,24,24,0,0.0,0.0
mobilenet_v2-fp7_e3m3-default-b2,sat.w23,uniform,23,features_4_conv_1_0,depthwise,9,24,24,847,0.847,0.00015096194727891156
mobilenet_v2-fp7_e3m3-default-b2,sat.w23,uniform,23,features_4_conv_2,pointwise_project,144,26,26,0,0.0,0.0
mobilenet_v2-fp7_e3m3-default-b2,sat.w23,uniform,23,features_5_conv_0_0,pointwise_expand,32,25,25,0,0.0,0.0
mobilenet_v2-fp7_e3m3-default-b2,sat.w23,uniform,23,features_5_conv_1_0,depthwise,9,23,23,0,0.0,0.0
mobilenet_v2-fp7_e3m3-default-b2,sat.w23,uniform,23,features_5_conv_2,pointwise_project,192,27,26,0,0.0,0.0
mobilenet_v2-fp7_e3m3-default-b2,sat.w23,uniform,23,features_6_conv_0_0,pointwise_expand,32,25,25,0,0.0,0.0
mobilenet_v2-fp7_e3m3-default-b2,sat.w23,uniform,23,features_6_conv_1_0,depthwise,9,24,24,17,0.017,5.580357142857143e-07
mobilenet_v2-fp7_e3m3-default-b2,sat.w23,uniform,23,features_6_conv_2,pointwise_project,192,27,26,0,0.0,0.0
mobilenet_v2-fp7_e3m3-default-b2,sat.w23,uniform,23,features_7_conv_0_0,pointwise_expand,32,25,25,0,0.0,0.0
mobilenet_v2-fp7_e3m3-default-b2,sat.w23,uniform,23,features_7_conv_1_0,depthwise,9,24,24,0,0.0,0.0
mobilenet_v2-fp7_e3m3-default-b2,sat.w23,uniform,23,features_7_conv_2,pointwise_project,192,27,26,0,0.0,0.0
mobilenet_v2-fp7_e3m3-default-b2,sat.w23,uniform,23,features_8_conv_0_0,pointwise_expand,64,26,26,0,0.0,0.0
mobilenet_v2-fp7_e3m3-default-b2,sat.w23,uniform,23,features_8_conv_1_0,depthwise,9,24,24,0,0.0,0.0
mobilenet_v2-fp7_e3m3-default-b2,sat.w23,uniform,23,features_8_conv_2,pointwise_project,384,28,27,0,0.0,0.0
mobilenet_v2-fp7_e3m3-default-b2,sat.w23,uniform,23,features_9_conv_0_0,pointwise_expand,64,26,26,0,0.0,0.0
mobilenet_v2-fp7_e3m3-default-b2,sat.w23,uniform,23,features_9_conv_1_0,depthwise,9,24,24,0,0.0,0.0
mobilenet_v2-fp7_e3m3-default-b2,sat.w23,uniform,23,features_9_conv_2,pointwise_project,384,28,27,0,0.0,0.0
mobilenet_v2-fp7_e3m3-default-b2,sat.w22,uniform,22,classifier_1,classifier,1280,29,29,2,0.002,2e-06
mobilenet_v2-fp7_e3m3-default-b2,sat.w22,uniform,22,features_0_0,stem,27,24,24,893,0.893,0.002520717075892857
mobilenet_v2-fp7_e3m3-default-b2,sat.w22,uniform,22,features_10_conv_0_0,pointwise_expand,64,26,26,664,0.664,3.785342261904762e-05
mobilenet_v2-fp7_e3m3-default-b2,sat.w22,uniform,22,features_10_conv_1_0,depthwise,9,24,24,2,0.002,1.2356505102040817e-06
mobilenet_v2-fp7_e3m3-default-b2,sat.w22,uniform,22,features_10_conv_2,pointwise_project,384,28,27,14,0.014,1.833545918367347e-06
mobilenet_v2-fp7_e3m3-default-b2,sat.w22,uniform,22,features_11_conv_0_0,pointwise_expand,64,26,26,14,0.014,2.258715986394558e-07
mobilenet_v2-fp7_e3m3-default-b2,sat.w22,uniform,22,features_11_conv_1_0,depthwise,9,24,24,67,0.067,2.33843537414966e-06
mobilenet_v2-fp7_e3m3-default-b2,sat.w22,uniform,22,features_11_conv_2,pointwise_project,384,28,27,1000,1.0,0.0257937393707483
mobilenet_v2-fp7_e3m3-default-b2,sat.w22,uniform,22,features_12_conv_0_0,pointwise_expand,96,26,26,134,0.134,2.2498582766439908e-06
mobilenet_v2-fp7_e3m3-default-b2,sat.w22,uniform,22,features_12_conv_1_0,depthwise,9,24,24,174,0.174,8.016227324263038e-06
mobilenet_v2-fp7_e3m3-default-b2,sat.w22,uniform,22,features_12_conv_2,pointwise_project,576,28,27,593,0.593,7.435161564625851e-05
mobilenet_v2-fp7_e3m3-default-b2,sat.w22,uniform,22,features_13_conv_0_0,pointwise_expand,96,26,26,17,0.017,1.6829648526077098e-07
mobilenet_v2-fp7_e3m3-default-b2,sat.w22,uniform,22,features_13_conv_1_0,depthwise,9,24,24,3,0.003,8.857709750566894e-08
mobilenet_v2-fp7_e3m3-default-b2,sat.w22,uniform,22,features_13_conv_2,pointwise_project,576,28,27,647,0.647,8.19515306122449e-05
mobilenet_v2-fp7_e3m3-default-b2,sat.w22,uniform,22,features_14_conv_0_0,pointwise_expand,96,26,26,72,0.072,8.32624716553288e-07
mobilenet_v2-fp7_e3m3-default-b2,sat.w22,uniform,22,features_14_conv_1_0,depthwise,9,24,24,35,0.035,1.5589569160997733e-06
mobilenet_v2-fp7_e3m3-default-b2,sat.w22,uniform,22,features_14_conv_2,pointwise_project,576,28,28,1000,1.0,0.03750701530612245
mobilenet_v2-fp7_e3m3-default-b2,sat.w22,uniform,22,features_15_conv_0_0,pointwise_expand,160,27,27,461,0.461,3.6649659863945576e-05
mobilenet_v2-fp7_e3m3-default-b2,sat.w22,uniform,22,features_15_conv_1_0,depthwise,9,24,24,145,0.145,7.695578231292517e-06
mobilenet_v2-fp7_e3m3-default-b2,sat.w22,uniform,22,features_15_conv_2,pointwise_project,960,29,28,2,0.002,2.551020408163265e-07
mobilenet_v2-fp7_e3m3-default-b2,sat.w22,uniform,22,features_16_conv_0_0,pointwise_expand,160,27,27,1,0.001,2.1258503401360546e-08
mobilenet_v2-fp7_e3m3-default-b2,sat.w22,uniform,22,features_16_conv_1_0,depthwise,9,24,24,142,0.142,1.0310374149659864e-05
mobilenet_v2-fp7_e3m3-default-b2,sat.w22,uniform,22,features_16_conv_2,pointwise_project,960,29,28,0,0.0,0.0
mobilenet_v2-fp7_e3m3-default-b2,sat.w22,uniform,22,features_17_conv_0_0,pointwise_expand,160,27,27,107,0.107,4.804421768707483e-06
mobilenet_v2-fp7_e3m3-default-b2,sat.w22,uniform,22,features_17_conv_1_0,depthwise,9,24,24,313,0.313,5.178571428571429e-05
mobilenet_v2-fp7_e3m3-default-b2,sat.w22,uniform,22,features_17_conv_2,pointwise_project,960,29,28,1000,1.0,0.04826804846938775
mobilenet_v2-fp7_e3m3-default-b2,sat.w22,uniform,22,features_18_0,pointwise_expand,320,28,28,377,0.377,9.446747448979591e-05
mobilenet_v2-fp7_e3m3-default-b2,sat.w22,uniform,22,features_1_conv_0_0,depthwise,9,23,22,0,0.0,0.0
mobilenet_v2-fp7_e3m3-default-b2,sat.w22,uniform,22,features_1_conv_1,pointwise_project,32,24,23,586,0.586,1.5350964604591837e-05
mobilenet_v2-fp7_e3m3-default-b2,sat.w22,uniform,22,features_2_conv_0_0,pointwise_expand,16,24,24,0,0.0,0.0
mobilenet_v2-fp7_e3m3-default-b2,sat.w22,uniform,22,features_2_conv_1_0,depthwise,9,23,23,1000,1.0,0.0032700726775085035
mobilenet_v2-fp7_e3m3-default-b2,sat.w22,uniform,22,features_2_conv_2,pointwise_project,96,26,25,68,0.068,1.8601190476190476e-06
mobilenet_v2-fp7_e3m3-default-b2,sat.w22,uniform,22,features_3_conv_0_0,pointwise_expand,24,24,24,0,0.0,0.0
mobilenet_v2-fp7_e3m3-default-b2,sat.w22,uniform,22,features_3_conv_1_0,depthwise,9,24,23,843,0.843,0.00026665249433106575
mobilenet_v2-fp7_e3m3-default-b2,sat.w22,uniform,22,features_3_conv_2,pointwise_project,144,26,25,572,0.572,4.3261054421768705e-05
mobilenet_v2-fp7_e3m3-default-b2,sat.w22,uniform,22,features_4_conv_0_0,pointwise_expand,24,24,24,0,0.0,0.0
mobilenet_v2-fp7_e3m3-default-b2,sat.w22,uniform,22,features_4_conv_1_0,depthwise,9,24,24,1000,1.0,0.027695560515873015
mobilenet_v2-fp7_e3m3-default-b2,sat.w22,uniform,22,features_4_conv_2,pointwise_project,144,26,26,21,0.021,1.5943877551020409e-06
mobilenet_v2-fp7_e3m3-default-b2,sat.w22,uniform,22,features_5_conv_0_0,pointwise_expand,32,25,25,226,0.226,3.6405187074829933e-06
mobilenet_v2-fp7_e3m3-default-b2,sat.w22,uniform,22,features_5_conv_1_0,depthwise,9,23,23,835,0.835,0.00021330915178571427
mobilenet_v2-fp7_e3m3-default-b2,sat.w22,uniform,22,features_5_conv_2,pointwise_project,192,27,26,0,0.0,0.0
mobilenet_v2-fp7_e3m3-default-b2,sat.w22,uniform,22,features_6_conv_0_0,pointwise_expand,32,25,25,2,0.002,1.328656462585034e-08
mobilenet_v2-fp7_e3m3-default-b2,sat.w22,uniform,22,features_6_conv_1_0,depthwise,9,24,24,992,0.992,0.0015173854698129251
mobilenet_v2-fp7_e3m3-default-b2,sat.w22,uniform,22,features_6_conv_2,pointwise_project,192,27,26,0,0.0,0.0
mobilenet_v2-fp7_e3m3-default-b2,sat.w22,uniform,22,features_7_conv_0_0,pointwise_expand,32,25,25,34,0.034,2.4580144557823127e-07
mobilenet_v2-fp7_e3m3-default-b2,sat.w22,uniform,22,features_7_conv_1_0,depthwise,9,24,24,724,0.724,0.0001242293792517007
mobilenet_v2-fp7_e3m3-default-b2,sat.w22,uniform,22,features_7_conv_2,pointwise_project,192,27,26,107,0.107,1.4429209183673469e-05
mobilenet_v2-fp7_e3m3-default-b2,sat.w22,uniform,22,features_8_conv_0_0,pointwise_expand,64,26,26,308,0.308,9.8187712585034e-06
mobilenet_v2-fp7_e3m3-default-b2,sat.w22,uniform,22,features_8_conv_1_0,depthwise,9,24,24,623,0.623,0.00010113732993197279
mobilenet_v2-fp7_e3m3-default-b2,sat.w22,uniform,22,features_8_conv_2,pointwise_project,384,28,27,0,0.0,0.0
mobilenet_v2-fp7_e3m3-default-b2,sat.w22,uniform,22,features_9_conv_0_0,pointwise_expand,64,26,26,218,0.218,6.536989795918367e-06
mobilenet_v2-fp7_e3m3-default-b2,sat.w22,uniform,22,features_9_conv_1_0,depthwise,9,24,24,22,0.022,1.3818027210884354e-06
mobilenet_v2-fp7_e3m3-default-b2,sat.w22,uniform,22,features_9_conv_2,pointwise_project,384,28,27,307,0.307,7.254464285714286e-05
mobilenet_v2-fp7_e3m3-default-b2,sat.w21,uniform,21,classifier_1,classifier,1280,29,29,0,0.0,0.0
mobilenet_v2-fp7_e3m3-default-b2,sat.w21,uniform,21,features_0_0,stem,27,24,24,999,0.999,0.052399924764827806
mobilenet_v2-fp7_e3m3-default-b2,sat.w21,uniform,21,features_10_conv_0_0,pointwise_expand,64,26,26,1000,1.0,0.00280078125
mobilenet_v2-fp7_e3m3-default-b2,sat.w21,uniform,21,features_10_conv_1_0,depthwise,9,24,24,975,0.975,0.0005009964923469388
mobilenet_v2-fp7_e3m3-default-b2,sat.w21,uniform,21,features_10_conv_2,pointwise_project,384,28,27,1000,1.0,0.010641900510204081
mobilenet_v2-fp7_e3m3-default-b2,sat.w21,uniform,21,features_11_conv_0_0,pointwise_expand,64,26,26,858,0.858,7.435161564625851e-05
mobilenet_v2-fp7_e3m3-default-b2,sat.w21,uniform,21,features_11_conv_1_0,depthwise,9,24,24,1000,1.0,0.002269438244047619
mobilenet_v2-fp7_e3m3-default-b2,sat.w21,uniform,21,features_11_conv_2,pointwise_project,384,28,27,1000,1.0,0.26936022534013604
mobilenet_v2-fp7_e3m3-default-b2,sat.w21,uniform,21,features_12_conv_0_0,pointwise_expand,96,26,26,977,0.977,9.237705498866213e-05
mobilenet_v2-fp7_e3m3-default-b2,sat.w21,uniform,21,features_12_conv_1_0,depthwise,9,24,24,1000,1.0,0.00559937464569161
mobilenet_v2-fp7_e3m3-default-b2,sat.w21,uniform,21,features_12_conv_2,pointwise_project,576,28,27,1000,1.0,0.07914291028911564
mobilenet_v2-fp7_e3m3-default-b2,sat.w21,uniform,21,features_13_conv_0_0,pointwise_expand,96,26,26,909,0.909,3.997484410430839e-05
mobilenet_v2-fp7_e3m3-default-b2,sat.w21,uniform,21,features_13_conv_1_0,depthwise,9,24,24,527,0.527,2.2684594671201813e-05
mobilenet_v2-fp7_e3m3-default-b2,sat.w21,uniform,21,features_13_conv_2,pointwise_project,576,28,27,1000,1.0,0.032003241921768705
mobilenet_v2-fp7_e3m3-default-b2,sat.w21,uniform,21,features_14_conv_0_0,pointwise_expand,96,26,26,844,0.844,4.390766723356009e-05
mobilenet_v2-fp7_e3m3-default-b2,sat.w21,uniform,21,features_14_conv_1_0,depthwise,9,24,24,1000,1.0,0.003095734126984127
mobilenet_v2-fp7_e3m3-default-b2,sat.w21,uniform,21,features_14_conv_2,pointwise_project,576,28,28,1000,1.0,0.4280030612244898
mobilenet_v2-fp7_e3m3-default-b2,sat.w21,uniform,21,features_15_conv_0_0,pointwise_expand,160,27,27,1000,1.0,0.021938796768707483
mobilenet_v2-fp7_e3m3-default-b2,sat.w21,uniform,21,features_15_conv_1_0,depthwise,9,24,24,1000,1.0,0.023357461734693878
mobilenet_v2-fp7_e3m3-default-b2,sat.w21,uniform,21,features_15_conv_2,pointwise_project,960,29,28,1000,1.0,0.016650765306122448
mobilenet_v2-fp7_e3m3-default-b2,sat.w21,uniform,21,features_16_conv_0_0,pointwise_expand,160,27,27,1000,1.0,0.0017356930272108843
mobilenet_v2-fp7_e3m3-default-b2,sat.w21,uniform,21,features_16_conv_1_0,depthwise,9,24,24,1000,1.0,0.02005017006802721
mobilenet_v2-fp7_e3m3-default-b2,sat.w21,uniform,21,features_16_conv_2,pointwise_project,960,29,28,1000,1.0,0.017748214285714287
mobilenet_v2-fp7_e3m3-default-b2,sat.w21,uniform,21,features_17_conv_0_0,pointwise_expand,160,27,27,1000,1.0,0.01727408588435374
mobilenet_v2-fp7_e3m3-default-b2,sat.w21,uniform,21,features_17_conv_1_0,depthwise,9,24,24,1000,1.0,0.01586434948979592
mobilenet_v2-fp7_e3m3-default-b2,sat.w21,uniform,21,features_17_conv_2,pointwise_project,960,29,28,1000,1.0,0.5099800382653061
mobilenet_v2-fp7_e3m3-default-b2,sat.w21,uniform,21,features_18_0,pointwise_expand,320,28,28,1000,1.0,0.06863722895408163
mobilenet_v2-fp7_e3m3-default-b2,sat.w21,uniform,21,features_1_conv_0_0,depthwise,9,23,22,992,0.992,0.007715033083545918
mobilenet_v2-fp7_e3m3-default-b2,sat.w21,uniform,21,features_1_conv_1,pointwise_project,32,24,23,1000,1.0,0.024068892498405613
mobilenet_v2-fp7_e3m3-default-b2,sat.w21,uniform,21,features_2_conv_0_0,pointwise_expand,16,24,24,114,0.114,2.44140625e-07
mobilenet_v2-fp7_e3m3-default-b2,sat.w21,uniform,21,features_2_conv_1_0,depthwise,9,23,23,1000,1.0,0.09377084661989796
mobilenet_v2-fp7_e3m3-default-b2,sat.w21,uniform,21,features_2_conv_2,pointwise_project,96,26,25,999,0.999,0.005583466198979592
mobilenet_v2-fp7_e3m3-default-b2,sat.w21,uniform,21,features_3_conv_0_0,pointwise_expand,24,24,24,172,0.172,1.4438066893424036e-06
mobilenet_v2-fp7_e3m3-default-b2,sat.w21,uniform,21,features_3_conv_1_0,depthwise,9,24,23,1000,1.0,0.008533112333475057
mobilenet_v2-fp7_e3m3-default-b2,sat.w21,uniform,21,features_3_conv_2,pointwise_project,144,26,25,1000,1.0,0.0631778938137755
mobilenet_v2-fp7_e3m3-default-b2,sat.w21,uniform,21,features_4_conv_0_0,pointwise_expand,24,24,24,68,0.068,2.2144274376417235e-07
mobilenet_v2-fp7_e3m3-default-b2,sat.w21,uniform,21,features_4_conv_1_0,depthwise,9,24,24,1000,1.0,0.10152357036564626
mobilenet_v2-fp7_e3m3-default-b2,sat.w21,uniform,21,features_4_conv_2,pointwise_project,144,26,26,1000,1.0,0.01874071269132653
mobilenet_v2-fp7_e3m3-default-b2,sat.w21,uniform,21,features_5_conv_0_0,pointwise_expand,32,25,25,1000,1.0,0.0016480654761904761
mobilenet_v2-fp7_e3m3-default-b2,sat.w21,uniform,21,features_5_conv_1_0,depthwise,9,23,23,1000,1.0,0.017717122395833333
mobilenet_v2-fp7_e3m3-default-b2,sat.w21,uniform,21,features_5_conv_2,pointwise_project,192,27,26,1000,1.0,0.006342554209183673
mobilenet_v2-fp7_e3m3-default-b2,sat.w21,uniform,21,features_6_conv_0_0,pointwise_expand,32,25,25,1000,1.0,0.0003667091836734694
mobilenet_v2-fp7_e3m3-default-b2,sat.w21,uniform,21,features_6_conv_1_0,depthwise,9,24,24,1000,1.0,0.029203078497023808
mobilenet_v2-fp7_e3m3-default-b2,sat.w21,uniform,21,features_6_conv_2,pointwise_project,192,27,26,75,0.075,3.2286352040816325e-06
mobilenet_v2-fp7_e3m3-default-b2,sat.w21,uniform,21,features_7_conv_0_0,pointwise_expand,32,25,25,993,0.993,0.00016512542517006803
mobilenet_v2-fp7_e3m3-default-b2,sat.w21,uniform,21,features_7_conv_1_0,depthwise,9,24,24,1000,1.0,0.004987696641156463
mobilenet_v2-fp7_e3m3-default-b2,sat.w21,uniform,21,features_7_conv_2,pointwise_project,192,27,26,1000,1.0,0.09367793367346938
mobilenet_v2-fp7_e3m3-default-b2,sat.w21,uniform,21,features_8_conv_0_0,pointwise_expand,64,26,26,1000,1.0,0.002375013286564626
mobilenet_v2-fp7_e3m3-default-b2,sat.w21,uniform,21,features_8_conv_1_0,depthwise,9,24,24,1000,1.0,0.011356584821428572
mobilenet_v2-fp7_e3m3-default-b2,sat.w21,uniform,21,features_8_conv_2,pointwise_project,384,28,27,845,0.845,0.00023724489795918366
mobilenet_v2-fp7_e3m3-default-b2,sat.w21,uniform,21,features_9_conv_0_0,pointwise_expand,64,26,26,1000,1.0,0.0042289407950680275
mobilenet_v2-fp7_e3m3-default-b2,sat.w21,uniform,21,features_9_conv_1_0,depthwise,9,24,24,1000,1.0,0.002305032950680272
mobilenet_v2-fp7_e3m3-default-b2,sat.w21,uniform,21,features_9_conv_2,pointwise_project,384,28,27,1000,1.0,0.01861328125
mobilenet_v2-fp7_e3m3-default-b2,sat.struct-1,per_node,1,classifier_1,classifier,1280,29,29,0,0.0,0.0
mobilenet_v2-fp7_e3m3-default-b2,sat.struct-1,per_node,1,features_0_0,stem,27,24,24,0,0.0,0.0
mobilenet_v2-fp7_e3m3-default-b2,sat.struct-1,per_node,1,features_10_conv_0_0,pointwise_expand,64,26,26,0,0.0,0.0
mobilenet_v2-fp7_e3m3-default-b2,sat.struct-1,per_node,1,features_10_conv_1_0,depthwise,9,24,24,0,0.0,0.0
mobilenet_v2-fp7_e3m3-default-b2,sat.struct-1,per_node,1,features_10_conv_2,pointwise_project,384,28,27,0,0.0,0.0
mobilenet_v2-fp7_e3m3-default-b2,sat.struct-1,per_node,1,features_11_conv_0_0,pointwise_expand,64,26,26,0,0.0,0.0
mobilenet_v2-fp7_e3m3-default-b2,sat.struct-1,per_node,1,features_11_conv_1_0,depthwise,9,24,24,0,0.0,0.0
mobilenet_v2-fp7_e3m3-default-b2,sat.struct-1,per_node,1,features_11_conv_2,pointwise_project,384,28,27,0,0.0,0.0
mobilenet_v2-fp7_e3m3-default-b2,sat.struct-1,per_node,1,features_12_conv_0_0,pointwise_expand,96,26,26,0,0.0,0.0
mobilenet_v2-fp7_e3m3-default-b2,sat.struct-1,per_node,1,features_12_conv_1_0,depthwise,9,24,24,0,0.0,0.0
mobilenet_v2-fp7_e3m3-default-b2,sat.struct-1,per_node,1,features_12_conv_2,pointwise_project,576,28,27,0,0.0,0.0
mobilenet_v2-fp7_e3m3-default-b2,sat.struct-1,per_node,1,features_13_conv_0_0,pointwise_expand,96,26,26,0,0.0,0.0
mobilenet_v2-fp7_e3m3-default-b2,sat.struct-1,per_node,1,features_13_conv_1_0,depthwise,9,24,24,0,0.0,0.0
mobilenet_v2-fp7_e3m3-default-b2,sat.struct-1,per_node,1,features_13_conv_2,pointwise_project,576,28,27,0,0.0,0.0
mobilenet_v2-fp7_e3m3-default-b2,sat.struct-1,per_node,1,features_14_conv_0_0,pointwise_expand,96,26,26,0,0.0,0.0
mobilenet_v2-fp7_e3m3-default-b2,sat.struct-1,per_node,1,features_14_conv_1_0,depthwise,9,24,24,0,0.0,0.0
mobilenet_v2-fp7_e3m3-default-b2,sat.struct-1,per_node,1,features_14_conv_2,pointwise_project,576,28,28,0,0.0,0.0
mobilenet_v2-fp7_e3m3-default-b2,sat.struct-1,per_node,1,features_15_conv_0_0,pointwise_expand,160,27,27,0,0.0,0.0
mobilenet_v2-fp7_e3m3-default-b2,sat.struct-1,per_node,1,features_15_conv_1_0,depthwise,9,24,24,0,0.0,0.0
mobilenet_v2-fp7_e3m3-default-b2,sat.struct-1,per_node,1,features_15_conv_2,pointwise_project,960,29,28,0,0.0,0.0
mobilenet_v2-fp7_e3m3-default-b2,sat.struct-1,per_node,1,features_16_conv_0_0,pointwise_expand,160,27,27,0,0.0,0.0
mobilenet_v2-fp7_e3m3-default-b2,sat.struct-1,per_node,1,features_16_conv_1_0,depthwise,9,24,24,0,0.0,0.0
mobilenet_v2-fp7_e3m3-default-b2,sat.struct-1,per_node,1,features_16_conv_2,pointwise_project,960,29,28,0,0.0,0.0
mobilenet_v2-fp7_e3m3-default-b2,sat.struct-1,per_node,1,features_17_conv_0_0,pointwise_expand,160,27,27,0,0.0,0.0
mobilenet_v2-fp7_e3m3-default-b2,sat.struct-1,per_node,1,features_17_conv_1_0,depthwise,9,24,24,9,0.009,5.527210884353742e-07
mobilenet_v2-fp7_e3m3-default-b2,sat.struct-1,per_node,1,features_17_conv_2,pointwise_project,960,29,28,0,0.0,0.0
mobilenet_v2-fp7_e3m3-default-b2,sat.struct-1,per_node,1,features_18_0,pointwise_expand,320,28,28,0,0.0,0.0
mobilenet_v2-fp7_e3m3-default-b2,sat.struct-1,per_node,1,features_1_conv_0_0,depthwise,9,23,22,992,0.992,0.007842818279655613
mobilenet_v2-fp7_e3m3-default-b2,sat.struct-1,per_node,1,features_1_conv_1,pointwise_project,32,24,23,572,0.572,1.4753069196428571e-05
mobilenet_v2-fp7_e3m3-default-b2,sat.struct-1,per_node,1,features_2_conv_0_0,pointwise_expand,16,24,24,0,0.0,0.0
mobilenet_v2-fp7_e3m3-default-b2,sat.struct-1,per_node,1,features_2_conv_1_0,depthwise,9,23,23,1000,1.0,0.0034939778645833334
mobilenet_v2-fp7_e3m3-default-b2,sat.struct-1,per_node,1,features_2_conv_2,pointwise_project,96,26,25,0,0.0,0.0
mobilenet_v2-fp7_e3m3-default-b2,sat.struct-1,per_node,1,features_3_conv_0_0,pointwise_expand,24,24,24,0,0.0,0.0
mobilenet_v2-fp7_e3m3-default-b2,sat.struct-1,per_node,1,features_3_conv_1_0,depthwise,9,24,23,840,0.84,0.00026297433035714287
mobilenet_v2-fp7_e3m3-default-b2,sat.struct-1,per_node,1,features_3_conv_2,pointwise_project,144,26,25,0,0.0,0.0
mobilenet_v2-fp7_e3m3-default-b2,sat.struct-1,per_node,1,features_4_conv_0_0,pointwise_expand,24,24,24,0,0.0,0.0
mobilenet_v2-fp7_e3m3-default-b2,sat.struct-1,per_node,1,features_4_conv_1_0,depthwise,9,24,24,844,0.844,0.00014911954365079365
mobilenet_v2-fp7_e3m3-default-b2,sat.struct-1,per_node,1,features_4_conv_2,pointwise_project,144,26,26,0,0.0,0.0
mobilenet_v2-fp7_e3m3-default-b2,sat.struct-1,per_node,1,features_5_conv_0_0,pointwise_expand,32,25,25,0,0.0,0.0
mobilenet_v2-fp7_e3m3-default-b2,sat.struct-1,per_node,1,features_5_conv_1_0,depthwise,9,23,23,781,0.781,0.00017062606292517007
mobilenet_v2-fp7_e3m3-default-b2,sat.struct-1,per_node,1,features_5_conv_2,pointwise_project,192,27,26,0,0.0,0.0
mobilenet_v2-fp7_e3m3-default-b2,sat.struct-1,per_node,1,features_6_conv_0_0,pointwise_expand,32,25,25,0,0.0,0.0
mobilenet_v2-fp7_e3m3-default-b2,sat.struct-1,per_node,1,features_6_conv_1_0,depthwise,9,24,24,18,0.018,6.709715136054422e-07
mobilenet_v2-fp7_e3m3-default-b2,sat.struct-1,per_node,1,features_6_conv_2,pointwise_project,192,27,26,0,0.0,0.0
mobilenet_v2-fp7_e3m3-default-b2,sat.struct-1,per_node,1,features_7_conv_0_0,pointwise_expand,32,25,25,0,0.0,0.0
mobilenet_v2-fp7_e3m3-default-b2,sat.struct-1,per_node,1,features_7_conv_1_0,depthwise,9,24,24,0,0.0,0.0
mobilenet_v2-fp7_e3m3-default-b2,sat.struct-1,per_node,1,features_7_conv_2,pointwise_project,192,27,26,0,0.0,0.0
mobilenet_v2-fp7_e3m3-default-b2,sat.struct-1,per_node,1,features_8_conv_0_0,pointwise_expand,64,26,26,0,0.0,0.0
mobilenet_v2-fp7_e3m3-default-b2,sat.struct-1,per_node,1,features_8_conv_1_0,depthwise,9,24,24,0,0.0,0.0
mobilenet_v2-fp7_e3m3-default-b2,sat.struct-1,per_node,1,features_8_conv_2,pointwise_project,384,28,27,0,0.0,0.0
mobilenet_v2-fp7_e3m3-default-b2,sat.struct-1,per_node,1,features_9_conv_0_0,pointwise_expand,64,26,26,0,0.0,0.0
mobilenet_v2-fp7_e3m3-default-b2,sat.struct-1,per_node,1,features_9_conv_1_0,depthwise,9,24,24,0,0.0,0.0
mobilenet_v2-fp7_e3m3-default-b2,sat.struct-1,per_node,1,features_9_conv_2,pointwise_project,384,28,27,0,0.0,0.0
mobilenet_v2-fp7_e3m3-default-b2,sat.struct-2,per_node,2,classifier_1,classifier,1280,29,29,0,0.0,0.0
mobilenet_v2-fp7_e3m3-default-b2,sat.struct-2,per_node,2,features_0_0,stem,27,24,24,893,0.893,0.002520717075892857
mobilenet_v2-fp7_e3m3-default-b2,sat.struct-2,per_node,2,features_10_conv_0_0,pointwise_expand,64,26,26,0,0.0,0.0
mobilenet_v2-fp7_e3m3-default-b2,sat.struct-2,per_node,2,features_10_conv_1_0,depthwise,9,24,24,12,0.012,1.1957908163265306e-06
mobilenet_v2-fp7_e3m3-default-b2,sat.struct-2,per_node,2,features_10_conv_2,pointwise_project,384,28,27,0,0.0,0.0
mobilenet_v2-fp7_e3m3-default-b2,sat.struct-2,per_node,2,features_11_conv_0_0,pointwise_expand,64,26,26,0,0.0,0.0
mobilenet_v2-fp7_e3m3-default-b2,sat.struct-2,per_node,2,features_11_conv_1_0,depthwise,9,24,24,27,0.027,8.503401360544218e-07
mobilenet_v2-fp7_e3m3-default-b2,sat.struct-2,per_node,2,features_11_conv_2,pointwise_project,384,28,27,0,0.0,0.0
mobilenet_v2-fp7_e3m3-default-b2,sat.struct-2,per_node,2,features_12_conv_0_0,pointwise_expand,96,26,26,0,0.0,0.0
mobilenet_v2-fp7_e3m3-default-b2,sat.struct-2,per_node,2,features_12_conv_1_0,depthwise,9,24,24,105,0.105,3.9328231292517e-06
mobilenet_v2-fp7_e3m3-default-b2,sat.struct-2,per_node,2,features_12_conv_2,pointwise_project,576,28,27,0,0.0,0.0
mobilenet_v2-fp7_e3m3-default-b2,sat.struct-2,per_node,2,features_13_conv_0_0,pointwise_expand,96,26,26,0,0.0,0.0
mobilenet_v2-fp7_e3m3-default-b2,sat.struct-2,per_node,2,features_13_conv_1_0,depthwise,9,24,24,0,0.0,0.0
mobilenet_v2-fp7_e3m3-default-b2,sat.struct-2,per_node,2,features_13_conv_2,pointwise_project,576,28,27,0,0.0,0.0
mobilenet_v2-fp7_e3m3-default-b2,sat.struct-2,per_node,2,features_14_conv_0_0,pointwise_expand,96,26,26,0,0.0,0.0
mobilenet_v2-fp7_e3m3-default-b2,sat.struct-2,per_node,2,features_14_conv_1_0,depthwise,9,24,24,15,0.015,6.377551020408163e-07
mobilenet_v2-fp7_e3m3-default-b2,sat.struct-2,per_node,2,features_14_conv_2,pointwise_project,576,28,28,0,0.0,0.0
mobilenet_v2-fp7_e3m3-default-b2,sat.struct-2,per_node,2,features_15_conv_0_0,pointwise_expand,160,27,27,0,0.0,0.0
mobilenet_v2-fp7_e3m3-default-b2,sat.struct-2,per_node,2,features_15_conv_1_0,depthwise,9,24,24,5,0.005,2.551020408163265e-07
mobilenet_v2-fp7_e3m3-default-b2,sat.struct-2,per_node,2,features_15_conv_2,pointwise_project,960,29,28,0,0.0,0.0
mobilenet_v2-fp7_e3m3-default-b2,sat.struct-2,per_node,2,features_16_conv_0_0,pointwise_expand,160,27,27,0,0.0,0.0
mobilenet_v2-fp7_e3m3-default-b2,sat.struct-2,per_node,2,features_16_conv_1_0,depthwise,9,24,24,30,0.03,1.5731292517006802e-06
mobilenet_v2-fp7_e3m3-default-b2,sat.struct-2,per_node,2,features_16_conv_2,pointwise_project,960,29,28,0,0.0,0.0
mobilenet_v2-fp7_e3m3-default-b2,sat.struct-2,per_node,2,features_17_conv_0_0,pointwise_expand,160,27,27,0,0.0,0.0
mobilenet_v2-fp7_e3m3-default-b2,sat.struct-2,per_node,2,features_17_conv_1_0,depthwise,9,24,24,49,0.049,4.5493197278911565e-06
mobilenet_v2-fp7_e3m3-default-b2,sat.struct-2,per_node,2,features_17_conv_2,pointwise_project,960,29,28,0,0.0,0.0
mobilenet_v2-fp7_e3m3-default-b2,sat.struct-2,per_node,2,features_18_0,pointwise_expand,320,28,28,0,0.0,0.0
mobilenet_v2-fp7_e3m3-default-b2,sat.struct-2,per_node,2,features_1_conv_0_0,depthwise,9,23,22,1000,1.0,0.07166288414779974
mobilenet_v2-fp7_e3m3-default-b2,sat.struct-2,per_node,2,features_1_conv_1,pointwise_project,32,24,23,1000,1.0,0.026953144929846937
mobilenet_v2-fp7_e3m3-default-b2,sat.struct-2,per_node,2,features_2_conv_0_0,pointwise_expand,16,24,24,0,0.0,0.0
mobilenet_v2-fp7_e3m3-default-b2,sat.struct-2,per_node,2,features_2_conv_1_0,depthwise,9,23,23,1000,1.0,0.10118023557079081
mobilenet_v2-fp7_e3m3-default-b2,sat.struct-2,per_node,2,features_2_conv_2,pointwise_project,96,26,25,0,0.0,0.0
mobilenet_v2-fp7_e3m3-default-b2,sat.struct-2,per_node,2,features_3_conv_0_0,pointwise_expand,24,24,24,0,0.0,0.0
mobilenet_v2-fp7_e3m3-default-b2,sat.struct-2,per_node,2,features_3_conv_1_0,depthwise,9,24,23,1000,1.0,0.008582646860827664
mobilenet_v2-fp7_e3m3-default-b2,sat.struct-2,per_node,2,features_3_conv_2,pointwise_project,144,26,25,0,0.0,0.0
mobilenet_v2-fp7_e3m3-default-b2,sat.struct-2,per_node,2,features_4_conv_0_0,pointwise_expand,24,24,24,0,0.0,0.0
mobilenet_v2-fp7_e3m3-default-b2,sat.struct-2,per_node,2,features_4_conv_1_0,depthwise,9,24,24,1000,1.0,0.03195107886904762
mobilenet_v2-fp7_e3m3-default-b2,sat.struct-2,per_node,2,features_4_conv_2,pointwise_project,144,26,26,0,0.0,0.0
mobilenet_v2-fp7_e3m3-default-b2,sat.struct-2,per_node,2,features_5_conv_0_0,pointwise_expand,32,25,25,0,0.0,0.0
mobilenet_v2-fp7_e3m3-default-b2,sat.struct-2,per_node,2,features_5_conv_1_0,depthwise,9,23,23,1000,1.0,0.02489351482780612
mobilenet_v2-fp7_e3m3-default-b2,sat.struct-2,per_node,2,features_5_conv_2,pointwise_project,192,27,26,0,0.0,0.0
mobilenet_v2-fp7_e3m3-default-b2,sat.struct-2,per_node,2,features_6_conv_0_0,pointwise_expand,32,25,25,0,0.0,0.0
mobilenet_v2-fp7_e3m3-default-b2,sat.struct-2,per_node,2,features_6_conv_1_0,depthwise,9,24,24,1000,1.0,0.008285262542517007
mobilenet_v2-fp7_e3m3-default-b2,sat.struct-2,per_node,2,features_6_conv_2,pointwise_project,192,27,26,0,0.0,0.0
mobilenet_v2-fp7_e3m3-default-b2,sat.struct-2,per_node,2,features_7_conv_0_0,pointwise_expand,32,25,25,0,0.0,0.0
mobilenet_v2-fp7_e3m3-default-b2,sat.struct-2,per_node,2,features_7_conv_1_0,depthwise,9,24,24,354,0.354,3.475765306122449e-05
mobilenet_v2-fp7_e3m3-default-b2,sat.struct-2,per_node,2,features_7_conv_2,pointwise_project,192,27,26,0,0.0,0.0
mobilenet_v2-fp7_e3m3-default-b2,sat.struct-2,per_node,2,features_8_conv_0_0,pointwise_expand,64,26,26,0,0.0,0.0
mobilenet_v2-fp7_e3m3-default-b2,sat.struct-2,per_node,2,features_8_conv_1_0,depthwise,9,24,24,982,0.982,0.0006771099064625851
mobilenet_v2-fp7_e3m3-default-b2,sat.struct-2,per_node,2,features_8_conv_2,pointwise_project,384,28,27,0,0.0,0.0
mobilenet_v2-fp7_e3m3-default-b2,sat.struct-2,per_node,2,features_9_conv_0_0,pointwise_expand,64,26,26,0,0.0,0.0
mobilenet_v2-fp7_e3m3-default-b2,sat.struct-2,per_node,2,features_9_conv_1_0,depthwise,9,24,24,209,0.209,2.5589923469387756e-05
mobilenet_v2-fp7_e3m3-default-b2,sat.struct-2,per_node,2,features_9_conv_2,pointwise_project,384,28,27,0,0.0,0.0
mobilenet_v2-fp7_e3m3-default-b2,sat.struct-3,per_node,3,classifier_1,classifier,1280,29,29,0,0.0,0.0
mobilenet_v2-fp7_e3m3-default-b2,sat.struct-3,per_node,3,features_0_0,stem,27,24,24,999,0.999,0.052399924764827806
mobilenet_v2-fp7_e3m3-default-b2,sat.struct-3,per_node,3,features_10_conv_0_0,pointwise_expand,64,26,26,0,0.0,0.0
mobilenet_v2-fp7_e3m3-default-b2,sat.struct-3,per_node,3,features_10_conv_1_0,depthwise,9,24,24,1000,1.0,0.0069611766581632656
mobilenet_v2-fp7_e3m3-default-b2,sat.struct-3,per_node,3,features_10_conv_2,pointwise_project,384,28,27,0,0.0,0.0
mobilenet_v2-fp7_e3m3-default-b2,sat.struct-3,per_node,3,features_11_conv_0_0,pointwise_expand,64,26,26,0,0.0,0.0
mobilenet_v2-fp7_e3m3-default-b2,sat.struct-3,per_node,3,features_11_conv_1_0,depthwise,9,24,24,1000,1.0,0.005071481717687075
mobilenet_v2-fp7_e3m3-default-b2,sat.struct-3,per_node,3,features_11_conv_2,pointwise_project,384,28,27,0,0.0,0.0
mobilenet_v2-fp7_e3m3-default-b2,sat.struct-3,per_node,3,features_12_conv_0_0,pointwise_expand,96,26,26,0,0.0,0.0
mobilenet_v2-fp7_e3m3-default-b2,sat.struct-3,per_node,3,features_12_conv_1_0,depthwise,9,24,24,1000,1.0,0.004055192389455783
mobilenet_v2-fp7_e3m3-default-b2,sat.struct-3,per_node,3,features_12_conv_2,pointwise_project,576,28,27,0,0.0,0.0
mobilenet_v2-fp7_e3m3-default-b2,sat.struct-3,per_node,3,features_13_conv_0_0,pointwise_expand,96,26,26,0,0.0,0.0
mobilenet_v2-fp7_e3m3-default-b2,sat.struct-3,per_node,3,features_13_conv_1_0,depthwise,9,24,24,1000,1.0,0.0015423664257369614
mobilenet_v2-fp7_e3m3-default-b2,sat.struct-3,per_node,3,features_13_conv_2,pointwise_project,576,28,27,0,0.0,0.0
mobilenet_v2-fp7_e3m3-default-b2,sat.struct-3,per_node,3,features_14_conv_0_0,pointwise_expand,96,26,26,0,0.0,0.0
mobilenet_v2-fp7_e3m3-default-b2,sat.struct-3,per_node,3,features_14_conv_1_0,depthwise,9,24,24,1000,1.0,0.0033303217120181404
mobilenet_v2-fp7_e3m3-default-b2,sat.struct-3,per_node,3,features_14_conv_2,pointwise_project,576,28,28,0,0.0,0.0
mobilenet_v2-fp7_e3m3-default-b2,sat.struct-3,per_node,3,features_15_conv_0_0,pointwise_expand,160,27,27,0,0.0,0.0
mobilenet_v2-fp7_e3m3-default-b2,sat.struct-3,per_node,3,features_15_conv_1_0,depthwise,9,24,24,1000,1.0,0.0028625850340136053
mobilenet_v2-fp7_e3m3-default-b2,sat.struct-3,per_node,3,features_15_conv_2,pointwise_project,960,29,28,0,0.0,0.0
mobilenet_v2-fp7_e3m3-default-b2,sat.struct-3,per_node,3,features_16_conv_0_0,pointwise_expand,160,27,27,0,0.0,0.0
mobilenet_v2-fp7_e3m3-default-b2,sat.struct-3,per_node,3,features_16_conv_1_0,depthwise,9,24,24,1000,1.0,0.001810969387755102
mobilenet_v2-fp7_e3m3-default-b2,sat.struct-3,per_node,3,features_16_conv_2,pointwise_project,960,29,28,0,0.0,0.0
mobilenet_v2-fp7_e3m3-default-b2,sat.struct-3,per_node,3,features_17_conv_0_0,pointwise_expand,160,27,27,0,0.0,0.0
mobilenet_v2-fp7_e3m3-default-b2,sat.struct-3,per_node,3,features_17_conv_1_0,depthwise,9,24,24,1000,1.0,0.0014422619047619047
mobilenet_v2-fp7_e3m3-default-b2,sat.struct-3,per_node,3,features_17_conv_2,pointwise_project,960,29,28,0,0.0,0.0
mobilenet_v2-fp7_e3m3-default-b2,sat.struct-3,per_node,3,features_18_0,pointwise_expand,320,28,28,0,0.0,0.0
mobilenet_v2-fp7_e3m3-default-b2,sat.struct-3,per_node,3,features_1_conv_0_0,depthwise,9,23,22,1000,1.0,0.4442087277782207
mobilenet_v2-fp7_e3m3-default-b2,sat.struct-3,per_node,3,features_1_conv_1,pointwise_project,32,24,23,1000,1.0,0.44758882732780614
mobilenet_v2-fp7_e3m3-default-b2,sat.struct-3,per_node,3,features_2_conv_0_0,pointwise_expand,16,24,24,0,0.0,0.0
mobilenet_v2-fp7_e3m3-default-b2,sat.struct-3,per_node,3,features_2_conv_1_0,depthwise,9,23,23,1000,1.0,0.2787747362616922
mobilenet_v2-fp7_e3m3-default-b2,sat.struct-3,per_node,3,features_2_conv_2,pointwise_project,96,26,25,0,0.0,0.0
mobilenet_v2-fp7_e3m3-default-b2,sat.struct-3,per_node,3,features_3_conv_0_0,pointwise_expand,24,24,24,0,0.0,0.0
mobilenet_v2-fp7_e3m3-default-b2,sat.struct-3,per_node,3,features_3_conv_1_0,depthwise,9,24,23,1000,1.0,0.03780485579648526
mobilenet_v2-fp7_e3m3-default-b2,sat.struct-3,per_node,3,features_3_conv_2,pointwise_project,144,26,25,412,0.412,8.862138605442176e-06
mobilenet_v2-fp7_e3m3-default-b2,sat.struct-3,per_node,3,features_4_conv_0_0,pointwise_expand,24,24,24,0,0.0,0.0
mobilenet_v2-fp7_e3m3-default-b2,sat.struct-3,per_node,3,features_4_conv_1_0,depthwise,9,24,24,1000,1.0,0.1493905009920635
mobilenet_v2-fp7_e3m3-default-b2,sat.struct-3,per_node,3,features_4_conv_2,pointwise_project,144,26,26,0,0.0,0.0
mobilenet_v2-fp7_e3m3-default-b2,sat.struct-3,per_node,3,features_5_conv_0_0,pointwise_expand,32,25,25,0,0.0,0.0
mobilenet_v2-fp7_e3m3-default-b2,sat.struct-3,per_node,3,features_5_conv_1_0,depthwise,9,23,23,1000,1.0,0.07277222177933673
mobilenet_v2-fp7_e3m3-default-b2,sat.struct-3,per_node,3,features_5_conv_2,pointwise_project,192,27,26,0,0.0,0.0
mobilenet_v2-fp7_e3m3-default-b2,sat.struct-3,per_node,3,features_6_conv_0_0,pointwise_expand,32,25,25,0,0.0,0.0
mobilenet_v2-fp7_e3m3-default-b2,sat.struct-3,per_node,3,features_6_conv_1_0,depthwise,9,24,24,1000,1.0,0.05538464604591837
mobilenet_v2-fp7_e3m3-default-b2,sat.struct-3,per_node,3,features_6_conv_2,pointwise_project,192,27,26,0,0.0,0.0
mobilenet_v2-fp7_e3m3-default-b2,sat.struct-3,per_node,3,features_7_conv_0_0,pointwise_expand,32,25,25,0,0.0,0.0
mobilenet_v2-fp7_e3m3-default-b2,sat.struct-3,per_node,3,features_7_conv_1_0,depthwise,9,24,24,997,0.997,0.0016864105017006803
mobilenet_v2-fp7_e3m3-default-b2,sat.struct-3,per_node,3,features_7_conv_2,pointwise_project,192,27,26,0,0.0,0.0
mobilenet_v2-fp7_e3m3-default-b2,sat.struct-3,per_node,3,features_8_conv_0_0,pointwise_expand,64,26,26,0,0.0,0.0
mobilenet_v2-fp7_e3m3-default-b2,sat.struct-3,per_node,3,features_8_conv_1_0,depthwise,9,24,24,1000,1.0,0.01859509194302721
mobilenet_v2-fp7_e3m3-default-b2,sat.struct-3,per_node,3,features_8_conv_2,pointwise_project,384,28,27,0,0.0,0.0
mobilenet_v2-fp7_e3m3-default-b2,sat.struct-3,per_node,3,features_9_conv_0_0,pointwise_expand,64,26,26,0,0.0,0.0
mobilenet_v2-fp7_e3m3-default-b2,sat.struct-3,per_node,3,features_9_conv_1_0,depthwise,9,24,24,1000,1.0,0.006888485863095238
mobilenet_v2-fp7_e3m3-default-b2,sat.struct-3,per_node,3,features_9_conv_2,pointwise_project,384,28,27,0,0.0,0.0
mobilenet_v2-fp8_e4m3fn-default-b2,sat.w39,uniform,39,classifier_1,classifier,1280,45,45,0,0.0,0.0
mobilenet_v2-fp8_e4m3fn-default-b2,sat.w39,uniform,39,features_0_0,stem,27,40,40,0,0.0,0.0
mobilenet_v2-fp8_e4m3fn-default-b2,sat.w39,uniform,39,features_10_conv_0_0,pointwise_expand,64,42,42,0,0.0,0.0
mobilenet_v2-fp8_e4m3fn-default-b2,sat.w39,uniform,39,features_10_conv_1_0,depthwise,9,40,40,0,0.0,0.0
mobilenet_v2-fp8_e4m3fn-default-b2,sat.w39,uniform,39,features_10_conv_2,pointwise_project,384,44,43,0,0.0,0.0
mobilenet_v2-fp8_e4m3fn-default-b2,sat.w39,uniform,39,features_11_conv_0_0,pointwise_expand,64,42,42,0,0.0,0.0
mobilenet_v2-fp8_e4m3fn-default-b2,sat.w39,uniform,39,features_11_conv_1_0,depthwise,9,40,40,0,0.0,0.0
mobilenet_v2-fp8_e4m3fn-default-b2,sat.w39,uniform,39,features_11_conv_2,pointwise_project,384,44,43,796,0.796,0.000164328231292517
mobilenet_v2-fp8_e4m3fn-default-b2,sat.w39,uniform,39,features_12_conv_0_0,pointwise_expand,96,42,42,0,0.0,0.0
mobilenet_v2-fp8_e4m3fn-default-b2,sat.w39,uniform,39,features_12_conv_1_0,depthwise,9,40,40,0,0.0,0.0
mobilenet_v2-fp8_e4m3fn-default-b2,sat.w39,uniform,39,features_12_conv_2,pointwise_project,576,44,43,0,0.0,0.0
mobilenet_v2-fp8_e4m3fn-default-b2,sat.w39,uniform,39,features_13_conv_0_0,pointwise_expand,96,42,42,0,0.0,0.0
mobilenet_v2-fp8_e4m3fn-default-b2,sat.w39,uniform,39,features_13_conv_1_0,depthwise,9,40,40,0,0.0,0.0
mobilenet_v2-fp8_e4m3fn-default-b2,sat.w39,uniform,39,features_13_conv_2,pointwise_project,576,44,43,0,0.0,0.0
mobilenet_v2-fp8_e4m3fn-default-b2,sat.w39,uniform,39,features_14_conv_0_0,pointwise_expand,96,42,42,0,0.0,0.0
mobilenet_v2-fp8_e4m3fn-default-b2,sat.w39,uniform,39,features_14_conv_1_0,depthwise,9,40,40,0,0.0,0.0
mobilenet_v2-fp8_e4m3fn-default-b2,sat.w39,uniform,39,features_14_conv_2,pointwise_project,576,44,44,44,0.044,6.887755102040816e-06
mobilenet_v2-fp8_e4m3fn-default-b2,sat.w39,uniform,39,features_15_conv_0_0,pointwise_expand,160,43,43,0,0.0,0.0
mobilenet_v2-fp8_e4m3fn-default-b2,sat.w39,uniform,39,features_15_conv_1_0,depthwise,9,40,40,0,0.0,0.0
mobilenet_v2-fp8_e4m3fn-default-b2,sat.w39,uniform,39,features_15_conv_2,pointwise_project,960,45,44,0,0.0,0.0
mobilenet_v2-fp8_e4m3fn-default-b2,sat.w39,uniform,39,features_16_conv_0_0,pointwise_expand,160,43,43,0,0.0,0.0
mobilenet_v2-fp8_e4m3fn-default-b2,sat.w39,uniform,39,features_16_conv_1_0,depthwise,9,40,40,0,0.0,0.0
mobilenet_v2-fp8_e4m3fn-default-b2,sat.w39,uniform,39,features_16_conv_2,pointwise_project,960,45,44,0,0.0,0.0
mobilenet_v2-fp8_e4m3fn-default-b2,sat.w39,uniform,39,features_17_conv_0_0,pointwise_expand,160,43,43,0,0.0,0.0
mobilenet_v2-fp8_e4m3fn-default-b2,sat.w39,uniform,39,features_17_conv_1_0,depthwise,9,40,40,8,0.008,6.377551020408163e-07
mobilenet_v2-fp8_e4m3fn-default-b2,sat.w39,uniform,39,features_17_conv_2,pointwise_project,960,45,44,80,0.08,1.1989795918367346e-05
mobilenet_v2-fp8_e4m3fn-default-b2,sat.w39,uniform,39,features_18_0,pointwise_expand,320,44,44,3,0.003,6.377551020408163e-08
mobilenet_v2-fp8_e4m3fn-default-b2,sat.w39,uniform,39,features_1_conv_0_0,depthwise,9,39,38,0,0.0,0.0
mobilenet_v2-fp8_e4m3fn-default-b2,sat.w39,uniform,39,features_1_conv_1,pointwise_project,32,40,39,0,0.0,0.0
mobilenet_v2-fp8_e4m3fn-default-b2,sat.w39,uniform,39,features_2_conv_0_0,pointwise_expand,16,40,40,0,0.0,0.0
mobilenet_v2-fp8_e4m3fn-default-b2,sat.w39,uniform,39,features_2_conv_1_0,depthwise,9,39,39,0,0.0,0.0
mobilenet_v2-fp8_e4m3fn-default-b2,sat.w39,uniform,39,features_2_conv_2,pointwise_project,96,42,41,0,0.0,0.0
mobilenet_v2-fp8_e4m3fn-default-b2,sat.w39,uniform,39,features_3_conv_0_0,pointwise_expand,24,40,40,0,0.0,0.0
mobilenet_v2-fp8_e4m3fn-default-b2,sat.w39,uniform,39,features_3_conv_1_0,depthwise,9,40,39,0,0.0,0.0
mobilenet_v2-fp8_e4m3fn-default-b2,sat.w39,uniform,39,features_3_conv_2,pointwise_project,144,42,41,0,0.0,0.0
mobilenet_v2-fp8_e4m3fn-default-b2,sat.w39,uniform,39,features_4_conv_0_0,pointwise_expand,24,40,40,0,0.0,0.0
mobilenet_v2-fp8_e4m3fn-default-b2,sat.w39,uniform,39,features_4_conv_1_0,depthwise,9,40,40,851,0.851,0.00015128082482993198
mobilenet_v2-fp8_e4m3fn-default-b2,sat.w39,uniform,39,features_4_conv_2,pointwise_project,144,42,42,0,0.0,0.0
mobilenet_v2-fp8_e4m3fn-default-b2,sat.w39,uniform,39,features_5_conv_0_0,pointwise_expand,32,41,41,0,0.0,0.0
mobilenet_v2-fp8_e4m3fn-default-b2,sat.w39,uniform,39,features_5_conv_1_0,depthwise,9,39,39,0,0.0,0.0
mobilenet_v2-fp8_e4m3fn-default-b2,sat.w39,uniform,39,features_5_conv_2,pointwise_project,192,43,42,0,0.0,0.0
mobilenet_v2-fp8_e4m3fn-default-b2,sat.w39,uniform,39,features_6_conv_0_0,pointwise_expand,32,41,41,0,0.0,0.0
mobilenet_v2-fp8_e4m3fn-default-b2,sat.w39,uniform,39,features_6_conv_1_0,depthwise,9,40,40,17,0.017,6.311118197278912e-07
mobilenet_v2-fp8_e4m3fn-default-b2,sat.w39,uniform,39,features_6_conv_2,pointwise_project,192,43,42,0,0.0,0.0
mobilenet_v2-fp8_e4m3fn-default-b2,sat.w39,uniform,39,features_7_conv_0_0,pointwise_expand,32,41,41,0,0.0,0.0
mobilenet_v2-fp8_e4m3fn-default-b2,sat.w39,uniform,39,features_7_conv_1_0,depthwise,9,40,40,0,0.0,0.0
mobilenet_v2-fp8_e4m3fn-default-b2,sat.w39,uniform,39,features_7_conv_2,pointwise_project,192,43,42,0,0.0,0.0
mobilenet_v2-fp8_e4m3fn-default-b2,sat.w39,uniform,39,features_8_conv_0_0,pointwise_expand,64,42,42,0,0.0,0.0
mobilenet_v2-fp8_e4m3fn-default-b2,sat.w39,uniform,39,features_8_conv_1_0,depthwise,9,40,40,0,0.0,0.0
mobilenet_v2-fp8_e4m3fn-default-b2,sat.w39,uniform,39,features_8_conv_2,pointwise_project,384,44,43,0,0.0,0.0
mobilenet_v2-fp8_e4m3fn-default-b2,sat.w39,uniform,39,features_9_conv_0_0,pointwise_expand,64,42,42,0,0.0,0.0
mobilenet_v2-fp8_e4m3fn-default-b2,sat.w39,uniform,39,features_9_conv_1_0,depthwise,9,40,40,0,0.0,0.0
mobilenet_v2-fp8_e4m3fn-default-b2,sat.w39,uniform,39,features_9_conv_2,pointwise_project,384,44,43,0,0.0,0.0
mobilenet_v2-fp8_e4m3fn-default-b2,sat.w38,uniform,38,classifier_1,classifier,1280,45,45,2,0.002,2e-06
mobilenet_v2-fp8_e4m3fn-default-b2,sat.w38,uniform,38,features_0_0,stem,27,40,40,893,0.893,0.0025207743742028063
mobilenet_v2-fp8_e4m3fn-default-b2,sat.w38,uniform,38,features_10_conv_0_0,pointwise_expand,64,42,42,665,0.665,3.8570897108843536e-05
mobilenet_v2-fp8_e4m3fn-default-b2,sat.w38,uniform,38,features_10_conv_1_0,depthwise,9,40,40,2,0.002,1.1825042517006802e-06
mobilenet_v2-fp8_e4m3fn-default-b2,sat.w38,uniform,38,features_10_conv_2,pointwise_project,384,44,43,13,0.013,1.6741071428571428e-06
mobilenet_v2-fp8_e4m3fn-default-b2,sat.w38,uniform,38,features_11_conv_0_0,pointwise_expand,64,42,42,16,0.016,2.657312925170068e-07
mobilenet_v2-fp8_e4m3fn-default-b2,sat.w38,uniform,38,features_11_conv_1_0,depthwise,9,40,40,66,0.066,2.4048681972789116e-06
mobilenet_v2-fp8_e4m3fn-default-b2,sat.w38,uniform,38,features_11_conv_2,pointwise_project,384,44,43,1000,1.0,0.02575
mobilenet_v2-fp8_e4m3fn-default-b2,sat.w38,uniform,38,features_12_conv_0_0,pointwise_expand,96,42,42,129,0.129,2.1967120181405895e-06
mobilenet_v2-fp8_e4m3fn-default-b2,sat.w38,uniform,38,features_12_conv_1_0,depthwise,9,40,40,168,0.168,7.92765022675737e-06
mobilenet_v2-fp8_e4m3fn-default-b2,sat.w38,uniform,38,features_12_conv_2,pointwise_project,576,44,43,580,0.58,7.477678571428571e-05
mobilenet_v2-fp8_e4m3fn-default-b2,sat.w38,uniform,38,features_13_conv_0_0,pointwise_expand,96,42,42,15,0.015,1.5943877551020408e-07
mobilenet_v2-fp8_e4m3fn-default-b2,sat.w38,uniform,38,features_13_conv_1_0,depthwise,9,40,40,2,0.002,9.743480725623583e-08
mobilenet_v2-fp8_e4m3fn-default-b2,sat.w38,uniform,38,features_13_conv_2,pointwise_project,576,44,43,623,0.623,8.142006802721089e-05
mobilenet_v2-fp8_e4m3fn-default-b2,sat.w38,uniform,38,features_14_conv_0_0,pointwise_expand,96,42,42,0,0.0,0.0
mobilenet_v2-fp8_e4m3fn-default-b2,sat.w38,uniform,38,features_14_conv_1_0,depthwise,9,40,40,37,0.037,1.5589569160997733e-06
mobilenet_v2-fp8_e4m3fn-default-b2,sat.w38,uniform,38,features_14_conv_2,pointwise_project,576,44,44,1000,1.0,0.03746772959183674
mobilenet_v2-fp8_e4m3fn-default-b2,sat.w38,uniform,38,features_15_conv_0_0,pointwise_expand,160,43,43,1,0.001,2.1258503401360546e-08
mobilenet_v2-fp8_e4m3fn-default-b2,sat.w38,uniform,38,features_15_conv_1_0,depthwise,9,40,40,147,0.147,7.84438775510204e-06
mobilenet_v2-fp8_e4m3fn-default-b2,sat.w38,uniform,38,features_15_conv_2,pointwise_project,960,45,44,1,0.001,1.2755102040816326e-07
mobilenet_v2-fp8_e4m3fn-default-b2,sat.w38,uniform,38,features_16_conv_0_0,pointwise_expand,160,43,43,1,0.001,2.1258503401360546e-08
mobilenet_v2-fp8_e4m3fn-default-b2,sat.w38,uniform,38,features_16_conv_1_0,depthwise,9,40,40,134,0.134,1.0034013605442178e-05
mobilenet_v2-fp8_e4m3fn-default-b2,sat.w38,uniform,38,features_16_conv_2,pointwise_project,960,45,44,0,0.0,0.0
mobilenet_v2-fp8_e4m3fn-default-b2,sat.w38,uniform,38,features_17_conv_0_0,pointwise_expand,160,43,43,0,0.0,0.0
mobilenet_v2-fp8_e4m3fn-default-b2,sat.w38,uniform,38,features_17_conv_1_0,depthwise,9,40,40,319,0.319,5.0892857142857146e-05
mobilenet_v2-fp8_e4m3fn-default-b2,sat.w38,uniform,38,features_17_conv_2,pointwise_project,960,45,44,1000,1.0,0.04826275510204082
mobilenet_v2-fp8_e4m3fn-default-b2,sat.w38,uniform,38,features_18_0,pointwise_expand,320,44,44,366,0.366,8.925382653061224e-05
mobilenet_v2-fp8_e4m3fn-default-b2,sat.w38,uniform,38,features_1_conv_0_0,depthwise,9,39,38,0,0.0,0.0
mobilenet_v2-fp8_e4m3fn-default-b2,sat.w38,uniform,38,features_1_conv_1,pointwise_project,32,40,39,585,0.585,1.5385841836734693e-05
mobilenet_v2-fp8_e4m3fn-default-b2,sat.w38,uniform,38,features_2_conv_0_0,pointwise_expand,16,40,40,0,0.0,0.0
mobilenet_v2-fp8_e4m3fn-default-b2,sat.w38,uniform,38,features_2_conv_1_0,depthwise,9,39,39,1000,1.0,0.0032721121651785715
mobilenet_v2-fp8_e4m3fn-default-b2,sat.w38,uniform,38,features_2_conv_2,pointwise_project,96,42,41,72,0.072,1.8999787414965986e-06
mobilenet_v2-fp8_e4m3fn-default-b2,sat.w38,uniform,38,features_3_conv_0_0,pointwise_expand,24,40,40,0,0.0,0.0
mobilenet_v2-fp8_e4m3fn-default-b2,sat.w38,uniform,38,features_3_conv_1_0,depthwise,9,40,39,843,0.843,0.00026597709396258503
mobilenet_v2-fp8_e4m3fn-default-b2,sat.w38,uniform,38,features_3_conv_2,pointwise_project,144,42,41,567,0.567,4.30484693877551e-05
mobilenet_v2-fp8_e4m3fn-default-b2,sat.w38,uniform,38,features_4_conv_0_0,pointwise_expand,24,40,40,0,0.0,0.0
mobilenet_v2-fp8_e4m3fn-default-b2,sat.w38,uniform,38,features_4_conv_1_0,depthwise,9,40,40,1000,1.0,0.02769548965419501
mobilenet_v2-fp8_e4m3fn-default-b2,sat.w38,uniform,38,features_4_conv_2,pointwise_project,144,42,42,23,0.023,1.4349489795918367e-06
mobilenet_v2-fp8_e4m3fn-default-b2,sat.w38,uniform,38,features_5_conv_0_0,pointwise_expand,32,41,41,0,0.0,0.0
mobilenet_v2-fp8_e4m3fn-default-b2,sat.w38,uniform,38,features_5_conv_1_0,depthwise,9,39,39,828,0.828,0.00021204028486394557
mobilenet_v2-fp8_e4m3fn-default-b2,sat.w38,uniform,38,features_5_conv_2,pointwise_project,192,43,42,0,0.0,0.0
mobilenet_v2-fp8_e4m3fn-default-b2,sat.w38,uniform,38,features_6_conv_0_0,pointwise_expand,32,41,41,0,0.0,0.0
mobilenet_v2-fp8_e4m3fn-default-b2,sat.w38,uniform,38,features_6_conv_1_0,depthwise,9,40,40,992,0.992,0.0015133330676020409
mobilenet_v2-fp8_e4m3fn-default-b2,sat.w38,uniform,38,features_6_conv_2,pointwise_project,192,43,42,0,0.0,0.0
mobilenet_v2-fp8_e4m3fn-default-b2,sat.w38,uniform,38,features_7_conv_0_0,pointwise_expand,32,41,41,0,0.0,0.0
mobilenet_v2-fp8_e4m3fn-default-b2,sat.w38,uniform,38,features_7_conv_1_0,depthwise,9,40,40,723,0.723,0.00012290072278911565
mobilenet_v2-fp8_e4m3fn-default-b2,sat.w38,uniform,38,features_7_conv_2,pointwise_project,192,43,42,112,0.112,1.4748086734693878e-05
mobilenet_v2-fp8_e4m3fn-default-b2,sat.w38,uniform,38,features_8_conv_0_0,pointwise_expand,64,42,42,0,0.0,0.0
mobilenet_v2-fp8_e4m3fn-default-b2,sat.w38,uniform,38,features_8_conv_1_0,depthwise,9,40,40,603,0.603,9.937021683673469e-05
mobilenet_v2-fp8_e4m3fn-default-b2,sat.w38,uniform,38,features_8_conv_2,pointwise_project,384,44,43,0,0.0,0.0
mobilenet_v2-fp8_e4m3fn-default-b2,sat.w38,uniform,38,features_9_conv_0_0,pointwise_expand,64,42,42,218,0.218,6.390837585034014e-06
mobilenet_v2-fp8_e4m3fn-default-b2,sat.w38,uniform,38,features_9_conv_1_0,depthwise,9,40,40,20,0.02,1.56781462585034e-06
mobilenet_v2-fp8_e4m3fn-default-b2,sat.w38,uniform,38,features_9_conv_2,pointwise_project,384,44,43,305,0.305,7.350127551020409e-05
mobilenet_v2-fp8_e4m3fn-default-b2,sat.w37,uniform,37,classifier_1,classifier,1280,45,45,0,0.0,0.0
mobilenet_v2-fp8_e4m3fn-default-b2,sat.w37,uniform,37,features_0_0,stem,27,40,40,999,0.999,0.05240296655771684
mobilenet_v2-fp8_e4m3fn-default-b2,sat.w37,uniform,37,features_10_conv_0_0,pointwise_expand,64,42,42,1000,1.0,0.0028064280399659864
mobilenet_v2-fp8_e4m3fn-default-b2,sat.w37,uniform,37,features_10_conv_1_0,depthwise,9,40,40,975,0.975,0.0005087026998299319
mobilenet_v2-fp8_e4m3fn-default-b2,sat.w37,uniform,37,features_10_conv_2,pointwise_project,384,44,43,1000,1.0,0.010631138392857143
mobilenet_v2-fp8_e4m3fn-default-b2,sat.w37,uniform,37,features_11_conv_0_0,pointwise_expand,64,42,42,867,0.867,7.60124362244898e-05
mobilenet_v2-fp8_e4m3fn-default-b2,sat.w37,uniform,37,features_11_conv_1_0,depthwise,9,40,40,1000,1.0,0.0022665683460884353
mobilenet_v2-fp8_e4m3fn-default-b2,sat.w37,uniform,37,features_11_conv_2,pointwise_project,384,44,43,1000,1.0,0.2697000425170068
mobilenet_v2-fp8_e4m3fn-default-b2,sat.w37,uniform,37,features_12_conv_0_0,pointwise_expand,96,42,42,980,0.98,9.270479024943311e-05
mobilenet_v2-fp8_e4m3fn-default-b2,sat.w37,uniform,37,features_12_conv_1_0,depthwise,9,40,40,1000,1.0,0.005615814554988662
mobilenet_v2-fp8_e4m3fn-default-b2,sat.w37,uniform,37,features_12_conv_2,pointwise_project,576,44,43,1000,1.0,0.07889275085034013
mobilenet_v2-fp8_e4m3fn-default-b2,sat.w37,uniform,37,features_13_conv_0_0,pointwise_expand,96,42,42,901,0.901,4.001913265306122e-05
mobilenet_v2-fp8_e4m3fn-default-b2,sat.w37,uniform,37,features_13_conv_1_0,depthwise,9,40,40,522,0.522,2.324263038548753e-05
mobilenet_v2-fp8_e4m3fn-default-b2,sat.w37,uniform,37,features_13_conv_2,pointwise_project,576,44,43,1000,1.0,0.032074245323129254
mobilenet_v2-fp8_e4m3fn-default-b2,sat.w37,uniform,37,features_14_conv_0_0,pointwise_expand,96,42,42,27,0.027,2.568735827664399e-07
mobilenet_v2-fp8_e4m3fn-default-b2,sat.w37,uniform,37,features_14_conv_1_0,depthwise,9,40,40,1000,1.0,0.0030532879818594106
mobilenet_v2-fp8_e4m3fn-default-b2,sat.w37,uniform,37,features_14_conv_2,pointwise_project,576,44,44,1000,1.0,0.42789298469387754
mobilenet_v2-fp8_e4m3fn-default-b2,sat.w37,uniform,37,features_15_conv_0_0,pointwise_expand,160,43,43,997,0.997,0.00012897534013605442
mobilenet_v2-fp8_e4m3fn-default-b2,sat.w37,uniform,37,features_15_conv_1_0,depthwise,9,40,40,1000,1.0,0.02423488520408163
mobilenet_v2-fp8_e4m3fn-default-b2,sat.w37,uniform,37,features_15_conv_2,pointwise_project,960,45,44,1000,1.0,0.01918469387755102
mobilenet_v2-fp8_e4m3fn-default-b2,sat.w37,uniform,37,features_16_conv_0_0,pointwise_expand,160,43,43,1000,1.0,0.002099340986394558
mobilenet_v2-fp8_e4m3fn-default-b2,sat.w37,uniform,37,features_16_conv_1_0,depthwise,9,40,40,1000,1.0,0.020695599489795918
mobilenet_v2-fp8_e4m3fn-default-b2,sat.w37,uniform,37,features_16_conv_2,pointwise_project,960,45,44,1000,1.0,0.017898724489795917
mobilenet_v2-fp8_e4m3fn-default-b2,sat.w37,uniform,37,features_17_conv_0_0,pointwise_expand,160,43,43,999,0.999,0.0003408375850340136
mobilenet_v2-fp8_e4m3fn-default-b2,sat.w37,uniform,37,features_17_conv_1_0,depthwise,9,40,40,1000,1.0,0.016709481292517005
mobilenet_v2-fp8_e4m3fn-default-b2,sat.w37,uniform,37,features_17_conv_2,pointwise_project,960,45,44,1000,1.0,0.5111614158163266
mobilenet_v2-fp8_e4m3fn-default-b2,sat.w37,uniform,37,features_18_0,pointwise_expand,320,44,44,1000,1.0,0.07127533482142857
mobilenet_v2-fp8_e4m3fn-default-b2,sat.w37,uniform,37,features_1_conv_0_0,depthwise,9,39,38,992,0.992,0.007715309610172194
mobilenet_v2-fp8_e4m3fn-default-b2,sat.w37,uniform,37,features_1_conv_1,pointwise_project,32,40,39,1000,1.0,0.024085274832589286
mobilenet_v2-fp8_e4m3fn-default-b2,sat.w37,uniform,37,features_2_conv_0_0,pointwise_expand,16,40,40,0,0.0,0.0
mobilenet_v2-fp8_e4m3fn-default-b2,sat.w37,uniform,37,features_2_conv_1_0,depthwise,9,39,39,1000,1.0,0.09380862696641157
mobilenet_v2-fp8_e4m3fn-default-b2,sat.w37,uniform,37,features_2_conv_2,pointwise_project,96,42,41,999,0.999,0.00559515837585034
mobilenet_v2-fp8_e4m3fn-default-b2,sat.w37,uniform,37,features_3_conv_0_0,pointwise_expand,24,40,40,177,0.177,1.4858808106575965e-06
mobilenet_v2-fp8_e4m3fn-default-b2,sat.w37,uniform,37,features_3_conv_1_0,depthwise,9,40,39,1000,1.0,0.00853168181335034
mobilenet_v2-fp8_e4m3fn-default-b2,sat.w37,uniform,37,features_3_conv_2,pointwise_project,144,42,41,1000,1.0,0.06317895673894558
mobilenet_v2-fp8_e4m3fn-default-b2,sat.w37,uniform,37,features_4_conv_0_0,pointwise_expand,24,40,40,76,0.076,2.3251488095238095e-07
mobilenet_v2-fp8_e4m3fn-default-b2,sat.w37,uniform,37,features_4_conv_1_0,depthwise,9,40,40,1000,1.0,0.1014586433531746
mobilenet_v2-fp8_e4m3fn-default-b2,sat.w37,uniform,37,features_4_conv_2,pointwise_project,144,42,42,1000,1.0,0.01887595663265306
mobilenet_v2-fp8_e4m3fn-default-b2,sat.w37,uniform,37,features_5_conv_0_0,pointwise_expand,32,41,41,5,0.005,3.321641156462585e-08
mobilenet_v2-fp8_e4m3fn-default-b2,sat.w37,uniform,37,features_5_conv_1_0,depthwise,9,39,39,1000,1.0,0.01766826105442177
mobilenet_v2-fp8_e4m3fn-default-b2,sat.w37,uniform,37,features_5_conv_2,pointwise_project,192,43,42,1000,1.0,0.006419084821428571
mobilenet_v2-fp8_e4m3fn-default-b2,sat.w37,uniform,37,features_6_conv_0_0,pointwise_expand,32,41,41,0,0.0,0.0
mobilenet_v2-fp8_e4m3fn-default-b2,sat.w37,uniform,37,features_6_conv_1_0,depthwise,9,40,40,1000,1.0,0.029073169111394556
mobilenet_v2-fp8_e4m3fn-default-b2,sat.w37,uniform,37,features_6_conv_2,pointwise_project,192,43,42,73,0.073,3.1489158163265306e-06
mobilenet_v2-fp8_e4m3fn-default-b2,sat.w37,uniform,37,features_7_conv_0_0,pointwise_expand,32,41,41,0,0.0,0.0
mobilenet_v2-fp8_e4m3fn-default-b2,sat.w37,uniform,37,features_7_conv_1_0,depthwise,9,40,40,1000,1.0,0.004986075680272109
mobilenet_v2-fp8_e4m3fn-default-b2,sat.w37,uniform,37,features_7_conv_2,pointwise_project,192,43,42,1000,1.0,0.0913295599489796
mobilenet_v2-fp8_e4m3fn-default-b2,sat.w37,uniform,37,features_8_conv_0_0,pointwise_expand,64,42,42,1,0.001,2.657312925170068e-08
mobilenet_v2-fp8_e4m3fn-default-b2,sat.w37,uniform,37,features_8_conv_1_0,depthwise,9,40,40,1000,1.0,0.011447292198129252
mobilenet_v2-fp8_e4m3fn-default-b2,sat.w37,uniform,37,features_8_conv_2,pointwise_project,384,44,43,851,0.851,0.0002613201530612245
mobilenet_v2-fp8_e4m3fn-default-b2,sat.w37,uniform,37,features_9_conv_0_0,pointwise_expand,64,42,42,1000,1.0,0.00428016050170068
mobilenet_v2-fp8_e4m3fn-default-b2,sat.w37,uniform,37,features_9_conv_1_0,depthwise,9,40,40,1000,1.0,0.002317097151360544
mobilenet_v2-fp8_e4m3fn-default-b2,sat.w37,uniform,37,features_9_conv_2,pointwise_project,384,44,43,1000,1.0,0.01859765625
mobilenet_v2-fp8_e4m3fn-default-b2,sat.struct-1,per_node,1,classifier_1,classifier,1280,45,45,0,0.0,0.0
mobilenet_v2-fp8_e4m3fn-default-b2,sat.struct-1,per_node,1,features_0_0,stem,27,40,40,0,0.0,0.0
mobilenet_v2-fp8_e4m3fn-default-b2,sat.struct-1,per_node,1,features_10_conv_0_0,pointwise_expand,64,42,42,0,0.0,0.0
mobilenet_v2-fp8_e4m3fn-default-b2,sat.struct-1,per_node,1,features_10_conv_1_0,depthwise,9,40,40,0,0.0,0.0
mobilenet_v2-fp8_e4m3fn-default-b2,sat.struct-1,per_node,1,features_10_conv_2,pointwise_project,384,44,43,0,0.0,0.0
mobilenet_v2-fp8_e4m3fn-default-b2,sat.struct-1,per_node,1,features_11_conv_0_0,pointwise_expand,64,42,42,0,0.0,0.0
mobilenet_v2-fp8_e4m3fn-default-b2,sat.struct-1,per_node,1,features_11_conv_1_0,depthwise,9,40,40,0,0.0,0.0
mobilenet_v2-fp8_e4m3fn-default-b2,sat.struct-1,per_node,1,features_11_conv_2,pointwise_project,384,44,43,0,0.0,0.0
mobilenet_v2-fp8_e4m3fn-default-b2,sat.struct-1,per_node,1,features_12_conv_0_0,pointwise_expand,96,42,42,0,0.0,0.0
mobilenet_v2-fp8_e4m3fn-default-b2,sat.struct-1,per_node,1,features_12_conv_1_0,depthwise,9,40,40,0,0.0,0.0
mobilenet_v2-fp8_e4m3fn-default-b2,sat.struct-1,per_node,1,features_12_conv_2,pointwise_project,576,44,43,0,0.0,0.0
mobilenet_v2-fp8_e4m3fn-default-b2,sat.struct-1,per_node,1,features_13_conv_0_0,pointwise_expand,96,42,42,0,0.0,0.0
mobilenet_v2-fp8_e4m3fn-default-b2,sat.struct-1,per_node,1,features_13_conv_1_0,depthwise,9,40,40,0,0.0,0.0
mobilenet_v2-fp8_e4m3fn-default-b2,sat.struct-1,per_node,1,features_13_conv_2,pointwise_project,576,44,43,0,0.0,0.0
mobilenet_v2-fp8_e4m3fn-default-b2,sat.struct-1,per_node,1,features_14_conv_0_0,pointwise_expand,96,42,42,0,0.0,0.0
mobilenet_v2-fp8_e4m3fn-default-b2,sat.struct-1,per_node,1,features_14_conv_1_0,depthwise,9,40,40,0,0.0,0.0
mobilenet_v2-fp8_e4m3fn-default-b2,sat.struct-1,per_node,1,features_14_conv_2,pointwise_project,576,44,44,0,0.0,0.0
mobilenet_v2-fp8_e4m3fn-default-b2,sat.struct-1,per_node,1,features_15_conv_0_0,pointwise_expand,160,43,43,0,0.0,0.0
mobilenet_v2-fp8_e4m3fn-default-b2,sat.struct-1,per_node,1,features_15_conv_1_0,depthwise,9,40,40,0,0.0,0.0
mobilenet_v2-fp8_e4m3fn-default-b2,sat.struct-1,per_node,1,features_15_conv_2,pointwise_project,960,45,44,0,0.0,0.0
mobilenet_v2-fp8_e4m3fn-default-b2,sat.struct-1,per_node,1,features_16_conv_0_0,pointwise_expand,160,43,43,0,0.0,0.0
mobilenet_v2-fp8_e4m3fn-default-b2,sat.struct-1,per_node,1,features_16_conv_1_0,depthwise,9,40,40,0,0.0,0.0
mobilenet_v2-fp8_e4m3fn-default-b2,sat.struct-1,per_node,1,features_16_conv_2,pointwise_project,960,45,44,0,0.0,0.0
mobilenet_v2-fp8_e4m3fn-default-b2,sat.struct-1,per_node,1,features_17_conv_0_0,pointwise_expand,160,43,43,0,0.0,0.0
mobilenet_v2-fp8_e4m3fn-default-b2,sat.struct-1,per_node,1,features_17_conv_1_0,depthwise,9,40,40,9,0.009,6.802721088435375e-07
mobilenet_v2-fp8_e4m3fn-default-b2,sat.struct-1,per_node,1,features_17_conv_2,pointwise_project,960,45,44,0,0.0,0.0
mobilenet_v2-fp8_e4m3fn-default-b2,sat.struct-1,per_node,1,features_18_0,pointwise_expand,320,44,44,0,0.0,0.0
mobilenet_v2-fp8_e4m3fn-default-b2,sat.struct-1,per_node,1,features_1_conv_0_0,depthwise,9,39,38,992,0.992,0.007843082350127551
mobilenet_v2-fp8_e4m3fn-default-b2,sat.struct-1,per_node,1,features_1_conv_1,pointwise_project,32,40,39,571,0.571,1.4772999043367346e-05
mobilenet_v2-fp8_e4m3fn-default-b2,sat.struct-1,per_node,1,features_2_conv_0_0,pointwise_expand,16,40,40,0,0.0,0.0
mobilenet_v2-fp8_e4m3fn-default-b2,sat.struct-1,per_node,1,features_2_conv_1_0,depthwise,9,39,39,1000,1.0,0.0034974689094387757
mobilenet_v2-fp8_e4m3fn-default-b2,sat.struct-1,per_node,1,features_2_conv_2,pointwise_project,96,42,41,0,0.0,0.0
mobilenet_v2-fp8_e4m3fn-default-b2,sat.struct-1,per_node,1,features_3_conv_0_0,pointwise_expand,24,40,40,0,0.0,0.0
mobilenet_v2-fp8_e4m3fn-default-b2,sat.struct-1,per_node,1,features_3_conv_1_0,depthwise,9,40,39,840,0.84,0.0002622546414399093
mobilenet_v2-fp8_e4m3fn-default-b2,sat.struct-1,per_node,1,features_3_conv_2,pointwise_project,144,42,41,0,0.0,0.0
mobilenet_v2-fp8_e4m3fn-default-b2,sat.struct-1,per_node,1,features_4_conv_0_0,pointwise_expand,24,40,40,0,0.0,0.0
mobilenet_v2-fp8_e4m3fn-default-b2,sat.struct-1,per_node,1,features_4_conv_1_0,depthwise,9,40,40,853,0.853,0.00014923469387755103
mobilenet_v2-fp8_e4m3fn-default-b2,sat.struct-1,per_node,1,features_4_conv_2,pointwise_project,144,42,42,0,0.0,0.0
mobilenet_v2-fp8_e4m3fn-default-b2,sat.struct-1,per_node,1,features_5_conv_0_0,pointwise_expand,32,41,41,0,0.0,0.0
mobilenet_v2-fp8_e4m3fn-default-b2,sat.struct-1,per_node,1,features_5_conv_1_0,depthwise,9,39,39,781,0.781,0.00017436623086734693
mobilenet_v2-fp8_e4m3fn-default-b2,sat.struct-1,per_node,1,features_5_conv_2,pointwise_project,192,43,42,0,0.0,0.0
mobilenet_v2-fp8_e4m3fn-default-b2,sat.struct-1,per_node,1,features_6_conv_0_0,pointwise_expand,32,41,41,0,0.0,0.0
mobilenet_v2-fp8_e4m3fn-default-b2,sat.struct-1,per_node,1,features_6_conv_1_0,depthwise,9,40,40,22,0.022,6.709715136054422e-07
mobilenet_v2-fp8_e4m3fn-default-b2,sat.struct-1,per_node,1,features_6_conv_2,pointwise_project,192,43,42,0,0.0,0.0
mobilenet_v2-fp8_e4m3fn-default-b2,sat.struct-1,per_node,1,features_7_conv_0_0,pointwise_expand,32,41,41,0,0.0,0.0
mobilenet_v2-fp8_e4m3fn-default-b2,sat.struct-1,per_node,1,features_7_conv_1_0,depthwise,9,40,40,0,0.0,0.0
mobilenet_v2-fp8_e4m3fn-default-b2,sat.struct-1,per_node,1,features_7_conv_2,pointwise_project,192,43,42,0,0.0,0.0
mobilenet_v2-fp8_e4m3fn-default-b2,sat.struct-1,per_node,1,features_8_conv_0_0,pointwise_expand,64,42,42,0,0.0,0.0
mobilenet_v2-fp8_e4m3fn-default-b2,sat.struct-1,per_node,1,features_8_conv_1_0,depthwise,9,40,40,0,0.0,0.0
mobilenet_v2-fp8_e4m3fn-default-b2,sat.struct-1,per_node,1,features_8_conv_2,pointwise_project,384,44,43,0,0.0,0.0
mobilenet_v2-fp8_e4m3fn-default-b2,sat.struct-1,per_node,1,features_9_conv_0_0,pointwise_expand,64,42,42,0,0.0,0.0
mobilenet_v2-fp8_e4m3fn-default-b2,sat.struct-1,per_node,1,features_9_conv_1_0,depthwise,9,40,40,0,0.0,0.0
mobilenet_v2-fp8_e4m3fn-default-b2,sat.struct-1,per_node,1,features_9_conv_2,pointwise_project,384,44,43,0,0.0,0.0
mobilenet_v2-fp8_e4m3fn-default-b2,sat.struct-2,per_node,2,classifier_1,classifier,1280,45,45,0,0.0,0.0
mobilenet_v2-fp8_e4m3fn-default-b2,sat.struct-2,per_node,2,features_0_0,stem,27,40,40,893,0.893,0.0025207743742028063
mobilenet_v2-fp8_e4m3fn-default-b2,sat.struct-2,per_node,2,features_10_conv_0_0,pointwise_expand,64,42,42,0,0.0,0.0
mobilenet_v2-fp8_e4m3fn-default-b2,sat.struct-2,per_node,2,features_10_conv_1_0,depthwise,9,40,40,12,0.012,1.2356505102040817e-06
mobilenet_v2-fp8_e4m3fn-default-b2,sat.struct-2,per_node,2,features_10_conv_2,pointwise_project,384,44,43,0,0.0,0.0
mobilenet_v2-fp8_e4m3fn-default-b2,sat.struct-2,per_node,2,features_11_conv_0_0,pointwise_expand,64,42,42,0,0.0,0.0
mobilenet_v2-fp8_e4m3fn-default-b2,sat.struct-2,per_node,2,features_11_conv_1_0,depthwise,9,40,40,26,0.026,9.699192176870748e-07
mobilenet_v2-fp8_e4m3fn-default-b2,sat.struct-2,per_node,2,features_11_conv_2,pointwise_project,384,44,43,0,0.0,0.0
mobilenet_v2-fp8_e4m3fn-default-b2,sat.struct-2,per_node,2,features_12_conv_0_0,pointwise_expand,96,42,42,0,0.0,0.0
mobilenet_v2-fp8_e4m3fn-default-b2,sat.struct-2,per_node,2,features_12_conv_1_0,depthwise,9,40,40,104,0.104,4.730017006802721e-06
mobilenet_v2-fp8_e4m3fn-default-b2,sat.struct-2,per_node,2,features_12_conv_2,pointwise_project,576,44,43,0,0.0,0.0
mobilenet_v2-fp8_e4m3fn-default-b2,sat.struct-2,per_node,2,features_13_conv_0_0,pointwise_expand,96,42,42,0,0.0,0.0
mobilenet_v2-fp8_e4m3fn-default-b2,sat.struct-2,per_node,2,features_13_conv_1_0,depthwise,9,40,40,0,0.0,0.0
mobilenet_v2-fp8_e4m3fn-default-b2,sat.struct-2,per_node,2,features_13_conv_2,pointwise_project,576,44,43,0,0.0,0.0
mobilenet_v2-fp8_e4m3fn-default-b2,sat.struct-2,per_node,2,features_14_conv_0_0,pointwise_expand,96,42,42,0,0.0,0.0
mobilenet_v2-fp8_e4m3fn-default-b2,sat.struct-2,per_node,2,features_14_conv_1_0,depthwise,9,40,40,11,0.011,5.314625850340136e-07
mobilenet_v2-fp8_e4m3fn-default-b2,sat.struct-2,per_node,2,features_14_conv_2,pointwise_project,576,44,44,0,0.0,0.0
mobilenet_v2-fp8_e4m3fn-default-b2,sat.struct-2,per_node,2,features_15_conv_0_0,pointwise_expand,160,43,43,0,0.0,0.0
mobilenet_v2-fp8_e4m3fn-default-b2,sat.struct-2,per_node,2,features_15_conv_1_0,depthwise,9,40,40,5,0.005,2.33843537414966e-07
mobilenet_v2-fp8_e4m3fn-default-b2,sat.struct-2,per_node,2,features_15_conv_2,pointwise_project,960,45,44,0,0.0,0.0
mobilenet_v2-fp8_e4m3fn-default-b2,sat.struct-2,per_node,2,features_16_conv_0_0,pointwise_expand,160,43,43,0,0.0,0.0
mobilenet_v2-fp8_e4m3fn-default-b2,sat.struct-2,per_node,2,features_16_conv_1_0,depthwise,9,40,40,30,0.03,1.8282312925170068e-06
mobilenet_v2-fp8_e4m3fn-default-b2,sat.struct-2,per_node,2,features_16_conv_2,pointwise_project,960,45,44,0,0.0,0.0
mobilenet_v2-fp8_e4m3fn-default-b2,sat.struct-2,per_node,2,features_17_conv_0_0,pointwise_expand,160,43,43,0,0.0,0.0
mobilenet_v2-fp8_e4m3fn-default-b2,sat.struct-2,per_node,2,features_17_conv_1_0,depthwise,9,40,40,49,0.049,4.719387755102041e-06
mobilenet_v2-fp8_e4m3fn-default-b2,sat.struct-2,per_node,2,features_17_conv_2,pointwise_project,960,45,44,0,0.0,0.0
mobilenet_v2-fp8_e4m3fn-default-b2,sat.struct-2,per_node,2,features_18_0,pointwise_expand,320,44,44,0,0.0,0.0
mobilenet_v2-fp8_e4m3fn-default-b2,sat.struct-2,per_node,2,features_1_conv_0_0,depthwise,9,39,38,1000,1.0,0.07165895547672194
mobilenet_v2-fp8_e4m3fn-default-b2,sat.struct-2,per_node,2,features_1_conv_1,pointwise_project,32,40,39,1000,1.0,0.026971355827487244
mobilenet_v2-fp8_e4m3fn-default-b2,sat.struct-2,per_node,2,features_2_conv_0_0,pointwise_expand,16,40,40,0,0.0,0.0
mobilenet_v2-fp8_e4m3fn-default-b2,sat.struct-2,per_node,2,features_2_conv_1_0,depthwise,9,39,39,1000,1.0,0.10119087146577381
mobilenet_v2-fp8_e4m3fn-default-b2,sat.struct-2,per_node,2,features_2_conv_2,pointwise_project,96,42,41,0,0.0,0.0
mobilenet_v2-fp8_e4m3fn-default-b2,sat.struct-2,per_node,2,features_3_conv_0_0,pointwise_expand,24,40,40,0,0.0,0.0
mobilenet_v2-fp8_e4m3fn-default-b2,sat.struct-2,per_node,2,features_3_conv_1_0,depthwise,9,40,39,1000,1.0,0.008582861660289116
mobilenet_v2-fp8_e4m3fn-default-b2,sat.struct-2,per_node,2,features_3_conv_2,pointwise_project,144,42,41,0,0.0,0.0
mobilenet_v2-fp8_e4m3fn-default-b2,sat.struct-2,per_node,2,features_4_conv_0_0,pointwise_expand,24,40,40,0,0.0,0.0
mobilenet_v2-fp8_e4m3fn-default-b2,sat.struct-2,per_node,2,features_4_conv_1_0,depthwise,9,40,40,1000,1.0,0.03195517998866213
mobilenet_v2-fp8_e4m3fn-default-b2,sat.struct-2,per_node,2,features_4_conv_2,pointwise_project,144,42,42,0,0.0,0.0
mobilenet_v2-fp8_e4m3fn-default-b2,sat.struct-2,per_node,2,features_5_conv_0_0,pointwise_expand,32,41,41,0,0.0,0.0
mobilenet_v2-fp8_e4m3fn-default-b2,sat.struct-2,per_node,2,features_5_conv_1_0,depthwise,9,39,39,1000,1.0,0.024921316964285713
mobilenet_v2-fp8_e4m3fn-default-b2,sat.struct-2,per_node,2,features_5_conv_2,pointwise_project,192,43,42,0,0.0,0.0
mobilenet_v2-fp8_e4m3fn-default-b2,sat.struct-2,per_node,2,features_6_conv_0_0,pointwise_expand,32,41,41,0,0.0,0.0
mobilenet_v2-fp8_e4m3fn-default-b2,sat.struct-2,per_node,2,features_6_conv_1_0,depthwise,9,40,40,1000,1.0,0.008289075786564626
mobilenet_v2-fp8_e4m3fn-default-b2,sat.struct-2,per_node,2,features_6_conv_2,pointwise_project,192,43,42,0,0.0,0.0
mobilenet_v2-fp8_e4m3fn-default-b2,sat.struct-2,per_node,2,features_7_conv_0_0,pointwise_expand,32,41,41,0,0.0,0.0
mobilenet_v2-fp8_e4m3fn-default-b2,sat.struct-2,per_node,2,features_7_conv_1_0,depthwise,9,40,40,358,0.358,3.4943664965986396e-05
mobilenet_v2-fp8_e4m3fn-default-b2,sat.struct-2,per_node,2,features_7_conv_2,pointwise_project,192,43,42,0,0.0,0.0
mobilenet_v2-fp8_e4m3fn-default-b2,sat.struct-2,per_node,2,features_8_conv_0_0,pointwise_expand,64,42,42,0,0.0,0.0
mobilenet_v2-fp8_e4m3fn-default-b2,sat.struct-2,per_node,2,features_8_conv_1_0,depthwise,9,40,40,987,0.987,0.0006651652848639456
mobilenet_v2-fp8_e4m3fn-default-b2,sat.struct-2,per_node,2,features_8_conv_2,pointwise_project,384,44,43,0,0.0,0.0
mobilenet_v2-fp8_e4m3fn-default-b2,sat.struct-2,per_node,2,features_9_conv_0_0,pointwise_expand,64,42,42,0,0.0,0.0
mobilenet_v2-fp8_e4m3fn-default-b2,sat.struct-2,per_node,2,features_9_conv_1_0,depthwise,9,40,40,204,0.204,2.5191326530612245e-05
mobilenet_v2-fp8_e4m3fn-default-b2,sat.struct-2,per_node,2,features_9_conv_2,pointwise_project,384,44,43,0,0.0,0.0
mobilenet_v2-fp8_e4m3fn-default-b2,sat.struct-3,per_node,3,classifier_1,classifier,1280,45,45,0,0.0,0.0
mobilenet_v2-fp8_e4m3fn-default-b2,sat.struct-3,per_node,3,features_0_0,stem,27,40,40,999,0.999,0.05240296655771684
mobilenet_v2-fp8_e4m3fn-default-b2,sat.struct-3,per_node,3,features_10_conv_0_0,pointwise_expand,64,42,42,0,0.0,0.0
mobilenet_v2-fp8_e4m3fn-default-b2,sat.struct-3,per_node,3,features_10_conv_1_0,depthwise,9,40,40,1000,1.0,0.007020195578231293
mobilenet_v2-fp8_e4m3fn-default-b2,sat.struct-3,per_node,3,features_10_conv_2,pointwise_project,384,44,43,0,0.0,0.0
mobilenet_v2-fp8_e4m3fn-default-b2,sat.struct-3,per_node,3,features_11_conv_0_0,pointwise_expand,64,42,42,0,0.0,0.0
mobilenet_v2-fp8_e4m3fn-default-b2,sat.struct-3,per_node,3,features_11_conv_1_0,depthwise,9,40,40,1000,1.0,0.0051164168792517005
mobilenet_v2-fp8_e4m3fn-default-b2,sat.struct-3,per_node,3,features_11_conv_2,pointwise_project,384,44,43,0,0.0,0.0
mobilenet_v2-fp8_e4m3fn-default-b2,sat.struct-3,per_node,3,features_12_conv_0_0,pointwise_expand,96,42,42,0,0.0,0.0
mobilenet_v2-fp8_e4m3fn-default-b2,sat.struct-3,per_node,3,features_12_conv_1_0,depthwise,9,40,40,1000,1.0,0.004119942247732426
mobilenet_v2-fp8_e4m3fn-default-b2,sat.struct-3,per_node,3,features_12_conv_2,pointwise_project,576,44,43,0,0.0,0.0
mobilenet_v2-fp8_e4m3fn-default-b2,sat.struct-3,per_node,3,features_13_conv_0_0,pointwise_expand,96,42,42,0,0.0,0.0
mobilenet_v2-fp8_e4m3fn-default-b2,sat.struct-3,per_node,3,features_13_conv_1_0,depthwise,9,40,40,1000,1.0,0.0015356965702947845
mobilenet_v2-fp8_e4m3fn-default-b2,sat.struct-3,per_node,3,features_13_conv_2,pointwise_project,576,44,43,0,0.0,0.0
mobilenet_v2-fp8_e4m3fn-default-b2,sat.struct-3,per_node,3,features_14_conv_0_0,pointwise_expand,96,42,42,0,0.0,0.0
mobilenet_v2-fp8_e4m3fn-default-b2,sat.struct-3,per_node,3,features_14_conv_1_0,depthwise,9,40,40,1000,1.0,0.0033449900793650796
mobilenet_v2-fp8_e4m3fn-default-b2,sat.struct-3,per_node,3,features_14_conv_2,pointwise_project,576,44,44,0,0.0,0.0
mobilenet_v2-fp8_e4m3fn-default-b2,sat.struct-3,per_node,3,features_15_conv_0_0,pointwise_expand,160,43,43,0,0.0,0.0
mobilenet_v2-fp8_e4m3fn-default-b2,sat.struct-3,per_node,3,features_15_conv_1_0,depthwise,9,40,40,1000,1.0,0.0029352465986394556
mobilenet_v2-fp8_e4m3fn-default-b2,sat.struct-3,per_node,3,features_15_conv_2,pointwise_project,960,45,44,0,0.0,0.0
mobilenet_v2-fp8_e4m3fn-default-b2,sat.struct-3,per_node,3,features_16_conv_0_0,pointwise_expand,160,43,43,0,0.0,0.0
mobilenet_v2-fp8_e4m3fn-default-b2,sat.struct-3,per_node,3,features_16_conv_1_0,depthwise,9,40,40,1000,1.0,0.0017880314625850341
mobilenet_v2-fp8_e4m3fn-default-b2,sat.struct-3,per_node,3,features_16_conv_2,pointwise_project,960,45,44,0,0.0,0.0
mobilenet_v2-fp8_e4m3fn-default-b2,sat.struct-3,per_node,3,features_17_conv_0_0,pointwise_expand,160,43,43,0,0.0,0.0
mobilenet_v2-fp8_e4m3fn-default-b2,sat.struct-3,per_node,3,features_17_conv_1_0,depthwise,9,40,40,1000,1.0,0.0014728528911564626
mobilenet_v2-fp8_e4m3fn-default-b2,sat.struct-3,per_node,3,features_17_conv_2,pointwise_project,960,45,44,0,0.0,0.0
mobilenet_v2-fp8_e4m3fn-default-b2,sat.struct-3,per_node,3,features_18_0,pointwise_expand,320,44,44,0,0.0,0.0
mobilenet_v2-fp8_e4m3fn-default-b2,sat.struct-3,per_node,3,features_1_conv_0_0,depthwise,9,39,38,1000,1.0,0.44422049386160717
mobilenet_v2-fp8_e4m3fn-default-b2,sat.struct-3,per_node,3,features_1_conv_1,pointwise_project,32,40,39,1000,1.0,0.4476945252710459
mobilenet_v2-fp8_e4m3fn-default-b2,sat.struct-3,per_node,3,features_2_conv_0_0,pointwise_expand,16,40,40,0,0.0,0.0
mobilenet_v2-fp8_e4m3fn-default-b2,sat.struct-3,per_node,3,features_2_conv_1_0,depthwise,9,39,39,1000,1.0,0.27868584582270406
mobilenet_v2-fp8_e4m3fn-default-b2,sat.struct-3,per_node,3,features_2_conv_2,pointwise_project,96,42,41,0,0.0,0.0
mobilenet_v2-fp8_e4m3fn-default-b2,sat.struct-3,per_node,3,features_3_conv_0_0,pointwise_expand,24,40,40,0,0.0,0.0
mobilenet_v2-fp8_e4m3fn-default-b2,sat.struct-3,per_node,3,features_3_conv_1_0,depthwise,9,40,39,1000,1.0,0.03789776431405896
mobilenet_v2-fp8_e4m3fn-default-b2,sat.struct-3,per_node,3,features_3_conv_2,pointwise_project,144,42,41,385,0.385,8.490114795918368e-06
mobilenet_v2-fp8_e4m3fn-default-b2,sat.struct-3,per_node,3,features_4_conv_0_0,pointwise_expand,24,40,40,0,0.0,0.0
mobilenet_v2-fp8_e4m3fn-default-b2,sat.struct-3,per_node,3,features_4_conv_1_0,depthwise,9,40,40,1000,1.0,0.149718820861678
mobilenet_v2-fp8_e4m3fn-default-b2,sat.struct-3,per_node,3,features_4_conv_2,pointwise_project,144,42,42,0,0.0,0.0
mobilenet_v2-fp8_e4m3fn-default-b2,sat.struct-3,per_node,3,features_5_conv_0_0,pointwise_expand,32,41,41,0,0.0,0.0
mobilenet_v2-fp8_e4m3fn-default-b2,sat.struct-3,per_node,3,features_5_conv_1_0,depthwise,9,39,39,1000,1.0,0.07291256111819727
mobilenet_v2-fp8_e4m3fn-default-b2,sat.struct-3,per_node,3,features_5_conv_2,pointwise_project,192,43,42,0,0.0,0.0
mobilenet_v2-fp8_e4m3fn-default-b2,sat.struct-3,per_node,3,features_6_conv_0_0,pointwise_expand,32,41,41,0,0.0,0.0
mobilenet_v2-fp8_e4m3fn-default-b2,sat.struct-3,per_node,3,features_6_conv_1_0,depthwise,9,40,40,1000,1.0,0.05542332987882653
mobilenet_v2-fp8_e4m3fn-default-b2,sat.struct-3,per_node,3,features_6_conv_2,pointwise_project,192,43,42,0,0.0,0.0
mobilenet_v2-fp8_e4m3fn-default-b2,sat.struct-3,per_node,3,features_7_conv_0_0,pointwise_expand,32,41,41,0,0.0,0.0
mobilenet_v2-fp8_e4m3fn-default-b2,sat.struct-3,per_node,3,features_7_conv_1_0,depthwise,9,40,40,994,0.994,0.0016103316326530612
mobilenet_v2-fp8_e4m3fn-default-b2,sat.struct-3,per_node,3,features_7_conv_2,pointwise_project,192,43,42,0,0.0,0.0
mobilenet_v2-fp8_e4m3fn-default-b2,sat.struct-3,per_node,3,features_8_conv_0_0,pointwise_expand,64,42,42,0,0.0,0.0
mobilenet_v2-fp8_e4m3fn-default-b2,sat.struct-3,per_node,3,features_8_conv_1_0,depthwise,9,40,40,1000,1.0,0.018731066645408162
mobilenet_v2-fp8_e4m3fn-default-b2,sat.struct-3,per_node,3,features_8_conv_2,pointwise_project,384,44,43,0,0.0,0.0
mobilenet_v2-fp8_e4m3fn-default-b2,sat.struct-3,per_node,3,features_9_conv_0_0,pointwise_expand,64,42,42,0,0.0,0.0
mobilenet_v2-fp8_e4m3fn-default-b2,sat.struct-3,per_node,3,features_9_conv_1_0,depthwise,9,40,40,1000,1.0,0.006915550595238095
mobilenet_v2-fp8_e4m3fn-default-b2,sat.struct-3,per_node,3,features_9_conv_2,pointwise_project,384,44,43,0,0.0,0.0
mobilenet_v3_large-int8-default-b2,sat.w19,uniform,19,classifier_0,classifier,960,23,23,0,0.0,0.0
mobilenet_v3_large-int8-default-b2,sat.w19,uniform,19,classifier_3,classifier,1280,24,24,2,0.002,2e-06
mobilenet_v3_large-int8-default-b2,sat.w19,uniform,19,features_0_0,stem,27,19,19,0,0.0,0.0
mobilenet_v3_large-int8-default-b2,sat.w19,uniform,19,features_10_block_0_0,pointwise_expand,80,20,20,0,0.0,0.0
mobilenet_v3_large-int8-default-b2,sat.w19,uniform,19,features_10_block_1_0,depthwise,9,18,18,0,0.0,0.0
mobilenet_v3_large-int8-default-b2,sat.w19,uniform,19,features_10_block_2_0,pointwise_project,184,21,21,0,0.0,0.0
mobilenet_v3_large-int8-default-b2,sat.w19,uniform,19,features_11_block_0_0,pointwise_expand,80,20,20,0,0.0,0.0
mobilenet_v3_large-int8-default-b2,sat.w19,uniform,19,features_11_block_1_0,depthwise,9,18,18,0,0.0,0.0
mobilenet_v3_large-int8-default-b2,sat.w19,uniform,19,features_11_block_2_fc1,se_reduce,480,22,22,0,0.0,0.0
mobilenet_v3_large-int8-default-b2,sat.w19,uniform,19,features_11_block_2_fc2,se_expand,120,22,22,0,0.0,0.0
mobilenet_v3_large-int8-default-b2,sat.w19,uniform,19,features_11_block_3_0,pointwise_project,480,23,23,0,0.0,0.0
mobilenet_v3_large-int8-default-b2,sat.w19,uniform,19,features_12_block_0_0,pointwise_expand,112,21,21,0,0.0,0.0
mobilenet_v3_large-int8-default-b2,sat.w19,uniform,19,features_12_block_1_0,depthwise,9,18,18,0,0.0,0.0
mobilenet_v3_large-int8-default-b2,sat.w19,uniform,19,features_12_block_2_fc1,se_reduce,672,23,23,0,0.0,0.0
mobilenet_v3_large-int8-default-b2,sat.w19,uniform,19,features_12_block_2_fc2,se_expand,168,22,22,0,0.0,0.0
mobilenet_v3_large-int8-default-b2,sat.w19,uniform,19,features_12_block_3_0,pointwise_project,672,23,23,0,0.0,0.0
mobilenet_v3_large-int8-default-b2,sat.w19,uniform,19,features_13_block_0_0,pointwise_expand,112,21,21,0,0.0,0.0
mobilenet_v3_large-int8-default-b2,sat.w19,uniform,19,features_13_block_1_0,depthwise,25,19,19,0,0.0,0.0
mobilenet_v3_large-int8-default-b2,sat.w19,uniform,19,features_13_block_2_fc1,se_reduce,672,23,23,0,0.0,0.0
mobilenet_v3_large-int8-default-b2,sat.w19,uniform,19,features_13_block_2_fc2,se_expand,168,22,22,0,0.0,0.0
mobilenet_v3_large-int8-default-b2,sat.w19,uniform,19,features_13_block_3_0,pointwise_project,672,23,23,0,0.0,0.0
mobilenet_v3_large-int8-default-b2,sat.w19,uniform,19,features_14_block_0_0,pointwise_expand,160,21,21,0,0.0,0.0
mobilenet_v3_large-int8-default-b2,sat.w19,uniform,19,features_14_block_1_0,depthwise,25,19,19,0,0.0,0.0
mobilenet_v3_large-int8-default-b2,sat.w19,uniform,19,features_14_block_2_fc1,se_reduce,960,23,23,0,0.0,0.0
mobilenet_v3_large-int8-default-b2,sat.w19,uniform,19,features_14_block_2_fc2,se_expand,240,23,22,0,0.0,0.0
mobilenet_v3_large-int8-default-b2,sat.w19,uniform,19,features_14_block_3_0,pointwise_project,960,24,24,0,0.0,0.0
mobilenet_v3_large-int8-default-b2,sat.w19,uniform,19,features_15_block_0_0,pointwise_expand,160,21,21,0,0.0,0.0
mobilenet_v3_large-int8-default-b2,sat.w19,uniform,19,features_15_block_1_0,depthwise,25,19,19,0,0.0,0.0
mobilenet_v3_large-int8-default-b2,sat.w19,uniform,19,features_15_block_2_fc1,se_reduce,960,23,23,0,0.0,0.0
mobilenet_v3_large-int8-default-b2,sat.w19,uniform,19,features_15_block_2_fc2,se_expand,240,23,22,0,0.0,0.0
mobilenet_v3_large-int8-default-b2,sat.w19,uniform,19,features_15_block_3_0,pointwise_project,960,23,23,0,0.0,0.0
mobilenet_v3_large-int8-default-b2,sat.w19,uniform,19,features_16_0,pointwise_expand,160,21,21,0,0.0,0.0
mobilenet_v3_large-int8-default-b2,sat.w19,uniform,19,features_1_block_0_0,depthwise,9,18,18,0,0.0,0.0
mobilenet_v3_large-int8-default-b2,sat.w19,uniform,19,features_1_block_1_0,pointwise_project,16,19,18,0,0.0,0.0
mobilenet_v3_large-int8-default-b2,sat.w19,uniform,19,features_2_block_0_0,pointwise_expand,16,18,18,0,0.0,0.0
mobilenet_v3_large-int8-default-b2,sat.w19,uniform,19,features_2_block_1_0,depthwise,9,19,19,0,0.0,0.0
mobilenet_v3_large-int8-default-b2,sat.w19,uniform,19,features_2_block_2_0,pointwise_project,64,21,20,0,0.0,0.0
mobilenet_v3_large-int8-default-b2,sat.w19,uniform,19,features_3_block_0_0,pointwise_expand,24,19,19,0,0.0,0.0
mobilenet_v3_large-int8-default-b2,sat.w19,uniform,19,features_3_block_1_0,depthwise,9,19,18,0,0.0,0.0
mobilenet_v3_large-int8-default-b2,sat.w19,uniform,19,features_3_block_2_0,pointwise_project,72,21,21,0,0.0,0.0
mobilenet_v3_large-int8-default-b2,sat.w19,uniform,19,features_4_block_0_0,pointwise_expand,24,19,19,0,0.0,0.0
mobilenet_v3_large-int8-default-b2,sat.w19,uniform,19,features_4_block_1_0,depthwise,25,20,20,0,0.0,0.0
mobilenet_v3_large-int8-default-b2,sat.w19,uniform,19,features_4_block_2_fc1,se_reduce,72,21,21,0,0.0,0.0
mobilenet_v3_large-int8-default-b2,sat.w19,uniform,19,features_4_block_2_fc2,se_expand,24,20,20,0,0.0,0.0
mobilenet_v3_large-int8-default-b2,sat.w19,uniform,19,features_4_block_3_0,pointwise_project,72,21,20,0,0.0,0.0
mobilenet_v3_large-int8-default-b2,sat.w19,uniform,19,features_5_block_0_0,pointwise_expand,40,19,19,0,0.0,0.0
mobilenet_v3_large-int8-default-b2,sat.w19,uniform,19,features_5_block_1_0,depthwise,25,20,20,0,0.0,0.0
mobilenet_v3_large-int8-default-b2,sat.w19,uniform,19,features_5_block_2_fc1,se_reduce,120,22,21,0,0.0,0.0
mobilenet_v3_large-int8-default-b2,sat.w19,uniform,19,features_5_block_2_fc2,se_expand,32,20,20,0,0.0,0.0
mobilenet_v3_large-int8-default-b2,sat.w19,uniform,19,features_5_block_3_0,pointwise_project,120,22,21,0,0.0,0.0
mobilenet_v3_large-int8-default-b2,sat.w19,uniform,19,features_6_block_0_0,pointwise_expand,40,20,20,0,0.0,0.0
mobilenet_v3_large-int8-default-b2,sat.w19,uniform,19,features_6_block_1_0,depthwise,25,20,20,0,0.0,0.0
mobilenet_v3_large-int8-default-b2,sat.w19,uniform,19,features_6_block_2_fc1,se_reduce,120,22,21,0,0.0,0.0
mobilenet_v3_large-int8-default-b2,sat.w19,uniform,19,features_6_block_2_fc2,se_expand,32,20,20,0,0.0,0.0
mobilenet_v3_large-int8-default-b2,sat.w19,uniform,19,features_6_block_3_0,pointwise_project,120,22,21,0,0.0,0.0
mobilenet_v3_large-int8-default-b2,sat.w19,uniform,19,features_7_block_0_0,pointwise_expand,40,20,20,0,0.0,0.0
mobilenet_v3_large-int8-default-b2,sat.w19,uniform,19,features_7_block_1_0,depthwise,9,18,18,0,0.0,0.0
mobilenet_v3_large-int8-default-b2,sat.w19,uniform,19,features_7_block_2_0,pointwise_project,240,22,22,0,0.0,0.0
mobilenet_v3_large-int8-default-b2,sat.w19,uniform,19,features_8_block_0_0,pointwise_expand,80,21,21,0,0.0,0.0
mobilenet_v3_large-int8-default-b2,sat.w19,uniform,19,features_8_block_1_0,depthwise,9,18,18,0,0.0,0.0
mobilenet_v3_large-int8-default-b2,sat.w19,uniform,19,features_8_block_2_0,pointwise_project,200,21,21,0,0.0,0.0
mobilenet_v3_large-int8-default-b2,sat.w19,uniform,19,features_9_block_0_0,pointwise_expand,80,21,21,0,0.0,0.0
mobilenet_v3_large-int8-default-b2,sat.w19,uniform,19,features_9_block_1_0,depthwise,9,18,18,0,0.0,0.0
mobilenet_v3_large-int8-default-b2,sat.w19,uniform,19,features_9_block_2_0,pointwise_project,184,22,22,0,0.0,0.0
mobilenet_v3_large-int8-default-b2,sat.w18,uniform,18,classifier_0,classifier,960,23,23,0,0.0,0.0
mobilenet_v3_large-int8-default-b2,sat.w18,uniform,18,classifier_3,classifier,1280,24,24,729,0.729,0.000965
mobilenet_v3_large-int8-default-b2,sat.w18,uniform,18,features_0_0,stem,27,19,19,1,0.001,1.992984693877551e-08
mobilenet_v3_large-int8-default-b2,sat.w18,uniform,18,features_10_block_0_0,pointwise_expand,80,20,20,0,0.0,0.0
mobilenet_v3_large-int8-default-b2,sat.w18,uniform,18,features_10_block_1_0,depthwise,9,18,18,0,0.0,0.0
mobilenet_v3_large-int8-default-b2,sat.w18,uniform,18,features_10_block_2_0,pointwise_project,184,21,21,0,0.0,0.0
mobilenet_v3_large-int8-default-b2,sat.w18,uniform,18,features_11_block_0_0,pointwise_expand,80,20,20,0,0.0,0.0
mobilenet_v3_large-int8-default-b2,sat.w18,uniform,18,features_11_block_1_0,depthwise,9,18,18,0,0.0,0.0
mobilenet_v3_large-int8-default-b2,sat.w18,uniform,18,features_11_block_2_fc1,se_reduce,480,22,22,0,0.0,0.0
mobilenet_v3_large-int8-default-b2,sat.w18,uniform,18,features_11_block_2_fc2,se_expand,120,22,22,1000,1.0,0.0024729166666666667
mobilenet_v3_large-int8-default-b2,sat.w18,uniform,18,features_11_block_3_0,pointwise_project,480,23,23,0,0.0,0.0
mobilenet_v3_large-int8-default-b2,sat.w18,uniform,18,features_12_block_0_0,pointwise_expand,112,21,21,8,0.008,6.833090379008746e-08
mobilenet_v3_large-int8-default-b2,sat.w18,uniform,18,features_12_block_1_0,depthwise,9,18,18,0,0.0,0.0
mobilenet_v3_large-int8-default-b2,sat.w18,uniform,18,features_12_block_2_fc1,se_reduce,672,23,23,0,0.0,0.0
mobilenet_v3_large-int8-default-b2,sat.w18,uniform,18,features_12_block_2_fc2,se_expand,168,22,22,1000,1.0,0.09557886904761904
mobilenet_v3_large-int8-default-b2,sat.w18,uniform,18,features_12_block_3_0,pointwise_project,672,23,23,0,0.0,0.0
mobilenet_v3_large-int8-default-b2,sat.w18,uniform,18,features_13_block_0_0,pointwise_expand,112,21,21,3,0.003,2.2776967930029155e-08
mobilenet_v3_large-int8-default-b2,sat.w18,uniform,18,features_13_block_1_0,depthwise,25,19,19,0,0.0,0.0
mobilenet_v3_large-int8-default-b2,sat.w18,uniform,18,features_13_block_2_fc1,se_reduce,672,23,23,0,0.0,0.0
mobilenet_v3_large-int8-default-b2,sat.w18,uniform,18,features_13_block_2_fc2,se_expand,168,22,22,946,0.946,0.005217261904761905
mobilenet_v3_large-int8-default-b2,sat.w18,uniform,18,features_13_block_3_0,pointwise_project,672,23,23,0,0.0,0.0
mobilenet_v3_large-int8-default-b2,sat.w18,uniform,18,features_14_block_0_0,pointwise_expand,160,21,21,41,0.041,1.0416666666666667e-06
mobilenet_v3_large-int8-default-b2,sat.w18,uniform,18,features_14_block_1_0,depthwise,25,19,19,0,0.0,0.0
mobilenet_v3_large-int8-default-b2,sat.w18,uniform,18,features_14_block_2_fc1,se_reduce,960,23,23,0,0.0,0.0
mobilenet_v3_large-int8-default-b2,sat.w18,uniform,18,features_14_block_2_fc2,se_expand,240,23,22,128,0.128,0.00018229166666666667
mobilenet_v3_large-int8-default-b2,sat.w18,uniform,18,features_14_block_3_0,pointwise_project,960,24,24,0,0.0,0.0
mobilenet_v3_large-int8-default-b2,sat.w18,uniform,18,features_15_block_0_0,pointwise_expand,160,21,21,11,0.011,3.1887755102040816e-07
mobilenet_v3_large-int8-default-b2,sat.w18,uniform,18,features_15_block_1_0,depthwise,25,19,19,0,0.0,0.0
mobilenet_v3_large-int8-default-b2,sat.w18,uniform,18,features_15_block_2_fc1,se_reduce,960,23,23,0,0.0,0.0
mobilenet_v3_large-int8-default-b2,sat.w18,uniform,18,features_15_block_2_fc2,se_expand,240,23,22,0,0.0,0.0
mobilenet_v3_large-int8-default-b2,sat.w18,uniform,18,features_15_block_3_0,pointwise_project,960,23,23,0,0.0,0.0
mobilenet_v3_large-int8-default-b2,sat.w18,uniform,18,features_16_0,pointwise_expand,160,21,21,12,0.012,3.4013605442176873e-07
mobilenet_v3_large-int8-default-b2,sat.w18,uniform,18,features_1_block_0_0,depthwise,9,18,18,0,0.0,0.0
mobilenet_v3_large-int8-default-b2,sat.w18,uniform,18,features_1_block_1_0,pointwise_project,16,19,18,0,0.0,0.0
mobilenet_v3_large-int8-default-b2,sat.w18,uniform,18,features_2_block_0_0,pointwise_expand,16,18,18,0,0.0,0.0
mobilenet_v3_large-int8-default-b2,sat.w18,uniform,18,features_2_block_1_0,depthwise,9,19,19,0,0.0,0.0
mobilenet_v3_large-int8-default-b2,sat.w18,uniform,18,features_2_block_2_0,pointwise_project,64,21,20,0,0.0,0.0
mobilenet_v3_large-int8-default-b2,sat.w18,uniform,18,features_3_block_0_0,pointwise_expand,24,19,19,0,0.0,0.0
mobilenet_v3_large-int8-default-b2,sat.w18,uniform,18,features_3_block_1_0,depthwise,9,19,18,0,0.0,0.0
mobilenet_v3_large-int8-default-b2,sat.w18,uniform,18,features_3_block_2_0,pointwise_project,72,21,21,0,0.0,0.0
mobilenet_v3_large-int8-default-b2,sat.w18,uniform,18,features_4_block_0_0,pointwise_expand,24,19,19,0,0.0,0.0
mobilenet_v3_large-int8-default-b2,sat.w18,uniform,18,features_4_block_1_0,depthwise,25,20,20,0,0.0,0.0
mobilenet_v3_large-int8-default-b2,sat.w18,uniform,18,features_4_block_2_fc1,se_reduce,72,21,21,994,0.994,0.049708333333333334
mobilenet_v3_large-int8-default-b2,sat.w18,uniform,18,features_4_block_2_fc2,se_expand,24,20,20,0,0.0,0.0
mobilenet_v3_large-int8-default-b2,sat.w18,uniform,18,features_4_block_3_0,pointwise_project,72,21,20,0,0.0,0.0
mobilenet_v3_large-int8-default-b2,sat.w18,uniform,18,features_5_block_0_0,pointwise_expand,40,19,19,0,0.0,0.0
mobilenet_v3_large-int8-default-b2,sat.w18,uniform,18,features_5_block_1_0,depthwise,25,20,20,34,0.034,1.6262755102040817e-06
mobilenet_v3_large-int8-default-b2,sat.w18,uniform,18,features_5_block_2_fc1,se_reduce,120,22,21,0,0.0,0.0
mobilenet_v3_large-int8-default-b2,sat.w18,uniform,18,features_5_block_2_fc2,se_expand,32,20,20,0,0.0,0.0
mobilenet_v3_large-int8-default-b2,sat.w18,uniform,18,features_5_block_3_0,pointwise_project,120,22,21,0,0.0,0.0
mobilenet_v3_large-int8-default-b2,sat.w18,uniform,18,features_6_block_0_0,pointwise_expand,40,20,20,0,0.0,0.0
mobilenet_v3_large-int8-default-b2,sat.w18,uniform,18,features_6_block_1_0,depthwise,25,20,20,32,0.032,1.8388605442176872e-06
mobilenet_v3_large-int8-default-b2,sat.w18,uniform,18,features_6_block_2_fc1,se_reduce,120,22,21,0,0.0,0.0
mobilenet_v3_large-int8-default-b2,sat.w18,uniform,18,features_6_block_2_fc2,se_expand,32,20,20,0,0.0,0.0
mobilenet_v3_large-int8-default-b2,sat.w18,uniform,18,features_6_block_3_0,pointwise_project,120,22,21,0,0.0,0.0
mobilenet_v3_large-int8-default-b2,sat.w18,uniform,18,features_7_block_0_0,pointwise_expand,40,20,20,0,0.0,0.0
mobilenet_v3_large-int8-default-b2,sat.w18,uniform,18,features_7_block_1_0,depthwise,9,18,18,0,0.0,0.0
mobilenet_v3_large-int8-default-b2,sat.w18,uniform,18,features_7_block_2_0,pointwise_project,240,22,22,0,0.0,0.0
mobilenet_v3_large-int8-default-b2,sat.w18,uniform,18,features_8_block_0_0,pointwise_expand,80,21,21,0,0.0,0.0
mobilenet_v3_large-int8-default-b2,sat.w18,uniform,18,features_8_block_1_0,depthwise,9,18,18,0,0.0,0.0
mobilenet_v3_large-int8-default-b2,sat.w18,uniform,18,features_8_block_2_0,pointwise_project,200,21,21,0,0.0,0.0
mobilenet_v3_large-int8-default-b2,sat.w18,uniform,18,features_9_block_0_0,pointwise_expand,80,21,21,0,0.0,0.0
mobilenet_v3_large-int8-default-b2,sat.w18,uniform,18,features_9_block_1_0,depthwise,9,18,18,0,0.0,0.0
mobilenet_v3_large-int8-default-b2,sat.w18,uniform,18,features_9_block_2_0,pointwise_project,184,22,22,0,0.0,0.0
mobilenet_v3_large-int8-default-b2,sat.w17,uniform,17,classifier_0,classifier,960,23,23,0,0.0,0.0
mobilenet_v3_large-int8-default-b2,sat.w17,uniform,17,classifier_3,classifier,1280,24,24,997,0.997,0.007666
mobilenet_v3_large-int8-default-b2,sat.w17,uniform,17,features_0_0,stem,27,19,19,685,0.685,0.0006917500398596939
mobilenet_v3_large-int8-default-b2,sat.w17,uniform,17,features_10_block_0_0,pointwise_expand,80,20,20,464,0.464,5.0770851818988464e-05
mobilenet_v3_large-int8-default-b2,sat.w17,uniform,17,features_10_block_1_0,depthwise,9,18,18,47,0.047,4.048358473824313e-06
mobilenet_v3_large-int8-default-b2,sat.w17,uniform,17,features_10_block_2_0,pointwise_project,184,21,21,0,0.0,0.0
mobilenet_v3_large-int8-default-b2,sat.w17,uniform,17,features_11_block_0_0,pointwise_expand,80,20,20,51,0.051,1.987670068027211e-06
mobilenet_v3_large-int8-default-b2,sat.w17,uniform,17,features_11_block_1_0,depthwise,9,18,18,76,0.076,3.125e-06
mobilenet_v3_large-int8-default-b2,sat.w17,uniform,17,features_11_block_2_fc1,se_reduce,480,22,22,32,0.032,0.0002666666666666667
mobilenet_v3_large-int8-default-b2,sat.w17,uniform,17,features_11_block_2_fc2,se_expand,120,22,22,1000,1.0,0.1431625
mobilenet_v3_large-int8-default-b2,sat.w17,uniform,17,features_11_block_3_0,pointwise_project,480,23,23,171,0.171,8.837463556851311e-06
mobilenet_v3_large-int8-default-b2,sat.w17,uniform,17,features_12_block_0_0,pointwise_expand,112,21,21,1000,1.0,0.0004110255709426628
mobilenet_v3_large-int8-default-b2,sat.w17,uniform,17,features_12_block_1_0,depthwise,9,18,18,37,0.037,6.833090379008746e-07
mobilenet_v3_large-int8-default-b2,sat.w17,uniform,17,features_12_block_2_fc1,se_reduce,672,23,23,0,0.0,0.0
mobilenet_v3_large-int8-default-b2,sat.w17,uniform,17,features_12_block_2_fc2,se_expand,168,22,22,1000,1.0,0.6878050595238095
mobilenet_v3_large-int8-default-b2,sat.w17,uniform,17,features_12_block_3_0,pointwise_project,672,23,23,0,0.0,0.0
mobilenet_v3_large-int8-default-b2,sat.w17,uniform,17,features_13_block_0_0,pointwise_expand,112,21,21,1000,1.0,0.001140313714771623
mobilenet_v3_large-int8-default-b2,sat.w17,uniform,17,features_13_block_1_0,depthwise,25,19,19,689,0.689,7.552842565597668e-05
mobilenet_v3_large-int8-default-b2,sat.w17,uniform,17,features_13_block_2_fc1,se_reduce,672,23,23,167,0.167,0.0010892857142857143
mobilenet_v3_large-int8-default-b2,sat.w17,uniform,17,features_13_block_2_fc2,se_expand,168,22,22,1000,1.0,0.5289375
mobilenet_v3_large-int8-default-b2,sat.w17,uniform,17,features_13_block_3_0,pointwise_project,672,23,23,721,0.721,0.00032806122448979594
mobilenet_v3_large-int8-default-b2,sat.w17,uniform,17,features_14_block_0_0,pointwise_expand,160,21,21,1000,1.0,0.007409119897959184
mobilenet_v3_large-int8-default-b2,sat.w17,uniform,17,features_14_block_1_0,depthwise,25,19,19,0,0.0,0.0
mobilenet_v3_large-int8-default-b2,sat.w17,uniform,17,features_14_block_2_fc1,se_reduce,960,23,23,2,0.002,8.333333333333334e-06
mobilenet_v3_large-int8-default-b2,sat.w17,uniform,17,features_14_block_2_fc2,se_expand,240,23,22,1000,1.0,0.49387708333333336
mobilenet_v3_large-int8-default-b2,sat.w17,uniform,17,features_14_block_3_0,pointwise_project,960,24,24,0,0.0,0.0
mobilenet_v3_large-int8-default-b2,sat.w17,uniform,17,features_15_block_0_0,pointwise_expand,160,21,21,1000,1.0,0.003267984693877551
mobilenet_v3_large-int8-default-b2,sat.w17,uniform,17,features_15_block_1_0,depthwise,25,19,19,130,0.13,9.587585034013606e-06
mobilenet_v3_large-int8-default-b2,sat.w17,uniform,17,features_15_block_2_fc1,se_reduce,960,23,23,0,0.0,0.0
mobilenet_v3_large-int8-default-b2,sat.w17,uniform,17,features_15_block_2_fc2,se_expand,240,23,22,1000,1.0,0.18963020833333333
mobilenet_v3_large-int8-default-b2,sat.w17,uniform,17,features_15_block_3_0,pointwise_project,960,23,23,0,0.0,0.0
mobilenet_v3_large-int8-default-b2,sat.w17,uniform,17,features_16_0,pointwise_expand,160,21,21,958,0.958,0.00042042942176870747
mobilenet_v3_large-int8-default-b2,sat.w17,uniform,17,features_1_block_0_0,depthwise,9,18,18,0,0.0,0.0
mobilenet_v3_large-int8-default-b2,sat.w17,uniform,17,features_1_block_1_0,pointwise_project,16,19,18,12,0.012,1.7438616071428571e-07
mobilenet_v3_large-int8-default-b2,sat.w17,uniform,17,features_2_block_0_0,pointwise_expand,16,18,18,0,0.0,0.0
mobilenet_v3_large-int8-default-b2,sat.w17,uniform,17,features_2_block_1_0,depthwise,9,19,19,598,0.598,2.6357222576530613e-05
mobilenet_v3_large-int8-default-b2,sat.w17,uniform,17,features_2_block_2_0,pointwise_project,64,21,20,486,0.486,4.5612776360544215e-05
mobilenet_v3_large-int8-default-b2,sat.w17,uniform,17,features_3_block_0_0,pointwise_expand,24,19,19,0,0.0,0.0
mobilenet_v3_large-int8-default-b2,sat.w17,uniform,17,features_3_block_1_0,depthwise,9,19,18,0,0.0,0.0
mobilenet_v3_large-int8-default-b2,sat.w17,uniform,17,features_3_block_2_0,pointwise_project,72,21,21,662,0.662,3.6617772108843534e-05
mobilenet_v3_large-int8-default-b2,sat.w17,uniform,17,features_4_block_0_0,pointwise_expand,24,19,19,1,0.001,4.428854875283447e-09
mobilenet_v3_large-int8-default-b2,sat.w17,uniform,17,features_4_block_1_0,depthwise,25,20,20,639,0.639,0.00017463860544217688
mobilenet_v3_large-int8-default-b2,sat.w17,uniform,17,features_4_block_2_fc1,se_reduce,72,21,21,1000,1.0,0.4885
mobilenet_v3_large-int8-default-b2,sat.w17,uniform,17,features_4_block_2_fc2,se_expand,24,20,20,0,0.0,0.0
mobilenet_v3_large-int8-default-b2,sat.w17,uniform,17,features_4_block_3_0,pointwise_project,72,21,20,999,0.999,0.0013862563775510204
mobilenet_v3_large-int8-default-b2,sat.w17,uniform,17,features_5_block_0_0,pointwise_expand,40,19,19,40,0.04,8.184523809523809e-07
mobilenet_v3_large-int8-default-b2,sat.w17,uniform,17,features_5_block_1_0,depthwise,25,20,20,1000,1.0,0.009838839285714286
mobilenet_v3_large-int8-default-b2,sat.w17,uniform,17,features_5_block_2_fc1,se_reduce,120,22,21,5,0.005,0.00015625
mobilenet_v3_large-int8-default-b2,sat.w17,uniform,17,features_5_block_2_fc2,se_expand,32,20,20,63,0.063,0.0007
mobilenet_v3_large-int8-default-b2,sat.w17,uniform,17,features_5_block_3_0,pointwise_project,120,22,21,7,0.007,3.826530612244898e-07
mobilenet_v3_large-int8-default-b2,sat.w17,uniform,17,features_6_block_0_0,pointwise_expand,40,20,20,73,0.073,1.8920068027210884e-06
mobilenet_v3_large-int8-default-b2,sat.w17,uniform,17,features_6_block_1_0,depthwise,25,20,20,974,0.974,0.0007260841836734694
mobilenet_v3_large-int8-default-b2,sat.w17,uniform,17,features_6_block_2_fc1,se_reduce,120,22,21,40,0.04,0.0013125
mobilenet_v3_large-int8-default-b2,sat.w17,uniform,17,features_6_block_2_fc2,se_expand,32,20,20,1000,1.0,0.047266666666666665
mobilenet_v3_large-int8-default-b2,sat.w17,uniform,17,features_6_block_3_0,pointwise_project,120,22,21,614,0.614,5.433673469387755e-05
mobilenet_v3_large-int8-default-b2,sat.w17,uniform,17,features_7_block_0_0,pointwise_expand,40,20,20,140,0.14,1.1798469387755103e-06
mobilenet_v3_large-int8-default-b2,sat.w17,uniform,17,features_7_block_1_0,depthwise,9,18,18,65,0.065,2.295918367346939e-06
mobilenet_v3_large-int8-default-b2,sat.w17,uniform,17,features_7_block_2_0,pointwise_project,240,22,22,1000,1.0,0.010142793367346938
mobilenet_v3_large-int8-default-b2,sat.w17,uniform,17,features_8_block_0_0,pointwise_expand,80,21,21,826,0.826,0.00013668367346938775
mobilenet_v3_large-int8-default-b2,sat.w17,uniform,17,features_8_block_1_0,depthwise,9,18,18,451,0.451,0.00010191326530612245
mobilenet_v3_large-int8-default-b2,sat.w17,uniform,17,features_8_block_2_0,pointwise_project,200,21,21,0,0.0,0.0
mobilenet_v3_large-int8-default-b2,sat.w17,uniform,17,features_9_block_0_0,pointwise_expand,80,21,21,139,0.139,8.124445430346052e-06
mobilenet_v3_large-int8-default-b2,sat.w17,uniform,17,features_9_block_1_0,depthwise,9,18,18,0,0.0,0.0
mobilenet_v3_large-int8-default-b2,sat.w17,uniform,17,features_9_block_2_0,pointwise_project,184,22,22,0,0.0,0.0
mobilenet_v3_large-int8-default-b2,sat.struct-1,per_node,1,classifier_0,classifier,960,23,23,0,0.0,0.0
mobilenet_v3_large-int8-default-b2,sat.struct-1,per_node,1,classifier_3,classifier,1280,24,24,0,0.0,0.0
mobilenet_v3_large-int8-default-b2,sat.struct-1,per_node,1,features_0_0,stem,27,19,19,1,0.001,1.992984693877551e-08
mobilenet_v3_large-int8-default-b2,sat.struct-1,per_node,1,features_10_block_0_0,pointwise_expand,80,20,20,0,0.0,0.0
mobilenet_v3_large-int8-default-b2,sat.struct-1,per_node,1,features_10_block_1_0,depthwise,9,18,18,5,0.005,1.3032386867790594e-06
mobilenet_v3_large-int8-default-b2,sat.struct-1,per_node,1,features_10_block_2_0,pointwise_project,184,21,21,0,0.0,0.0
mobilenet_v3_large-int8-default-b2,sat.struct-1,per_node,1,features_11_block_0_0,pointwise_expand,80,20,20,0,0.0,0.0
mobilenet_v3_large-int8-default-b2,sat.struct-1,per_node,1,features_11_block_1_0,depthwise,9,18,18,35,0.035,1.2967687074829931e-06
mobilenet_v3_large-int8-default-b2,sat.struct-1,per_node,1,features_11_block_2_fc1,se_reduce,480,22,22,0,0.0,0.0
mobilenet_v3_large-int8-default-b2,sat.struct-1,per_node,1,features_11_block_2_fc2,se_expand,120,22,22,0,0.0,0.0
mobilenet_v3_large-int8-default-b2,sat.struct-1,per_node,1,features_11_block_3_0,pointwise_project,480,23,23,0,0.0,0.0
mobilenet_v3_large-int8-default-b2,sat.struct-1,per_node,1,features_12_block_0_0,pointwise_expand,112,21,21,0,0.0,0.0
mobilenet_v3_large-int8-default-b2,sat.struct-1,per_node,1,features_12_block_1_0,depthwise,9,18,18,39,0.039,7.744169096209913e-07
mobilenet_v3_large-int8-default-b2,sat.struct-1,per_node,1,features_12_block_2_fc1,se_reduce,672,23,23,0,0.0,0.0
mobilenet_v3_large-int8-default-b2,sat.struct-1,per_node,1,features_12_block_2_fc2,se_expand,168,22,22,0,0.0,0.0
mobilenet_v3_large-int8-default-b2,sat.struct-1,per_node,1,features_12_block_3_0,pointwise_project,672,23,23,0,0.0,0.0
mobilenet_v3_large-int8-default-b2,sat.struct-1,per_node,1,features_13_block_0_0,pointwise_expand,112,21,21,0,0.0,0.0
mobilenet_v3_large-int8-default-b2,sat.struct-1,per_node,1,features_13_block_1_0,depthwise,25,19,19,0,0.0,0.0
mobilenet_v3_large-int8-default-b2,sat.struct-1,per_node,1,features_13_block_2_fc1,se_reduce,672,23,23,0,0.0,0.0
mobilenet_v3_large-int8-default-b2,sat.struct-1,per_node,1,features_13_block_2_fc2,se_expand,168,22,22,0,0.0,0.0
mobilenet_v3_large-int8-default-b2,sat.struct-1,per_node,1,features_13_block_3_0,pointwise_project,672,23,23,0,0.0,0.0
mobilenet_v3_large-int8-default-b2,sat.struct-1,per_node,1,features_14_block_0_0,pointwise_expand,160,21,21,0,0.0,0.0
mobilenet_v3_large-int8-default-b2,sat.struct-1,per_node,1,features_14_block_1_0,depthwise,25,19,19,0,0.0,0.0
mobilenet_v3_large-int8-default-b2,sat.struct-1,per_node,1,features_14_block_2_fc1,se_reduce,960,23,23,0,0.0,0.0
mobilenet_v3_large-int8-default-b2,sat.struct-1,per_node,1,features_14_block_2_fc2,se_expand,240,23,22,0,0.0,0.0
mobilenet_v3_large-int8-default-b2,sat.struct-1,per_node,1,features_14_block_3_0,pointwise_project,960,24,24,0,0.0,0.0
mobilenet_v3_large-int8-default-b2,sat.struct-1,per_node,1,features_15_block_0_0,pointwise_expand,160,21,21,0,0.0,0.0
mobilenet_v3_large-int8-default-b2,sat.struct-1,per_node,1,features_15_block_1_0,depthwise,25,19,19,0,0.0,0.0
mobilenet_v3_large-int8-default-b2,sat.struct-1,per_node,1,features_15_block_2_fc1,se_reduce,960,23,23,0,0.0,0.0
mobilenet_v3_large-int8-default-b2,sat.struct-1,per_node,1,features_15_block_2_fc2,se_expand,240,23,22,0,0.0,0.0
mobilenet_v3_large-int8-default-b2,sat.struct-1,per_node,1,features_15_block_3_0,pointwise_project,960,23,23,0,0.0,0.0
mobilenet_v3_large-int8-default-b2,sat.struct-1,per_node,1,features_16_0,pointwise_expand,160,21,21,0,0.0,0.0
mobilenet_v3_large-int8-default-b2,sat.struct-1,per_node,1,features_1_block_0_0,depthwise,9,18,18,0,0.0,0.0
mobilenet_v3_large-int8-default-b2,sat.struct-1,per_node,1,features_1_block_1_0,pointwise_project,16,19,18,12,0.012,1.7936862244897958e-07
mobilenet_v3_large-int8-default-b2,sat.struct-1,per_node,1,features_2_block_0_0,pointwise_expand,16,18,18,0,0.0,0.0
mobilenet_v3_large-int8-default-b2,sat.struct-1,per_node,1,features_2_block_1_0,depthwise,9,19,19,0,0.0,0.0
mobilenet_v3_large-int8-default-b2,sat.struct-1,per_node,1,features_2_block_2_0,pointwise_project,64,21,20,0,0.0,0.0
mobilenet_v3_large-int8-default-b2,sat.struct-1,per_node,1,features_3_block_0_0,pointwise_expand,24,19,19,0,0.0,0.0
mobilenet_v3_large-int8-default-b2,sat.struct-1,per_node,1,features_3_block_1_0,depthwise,9,19,18,0,0.0,0.0
mobilenet_v3_large-int8-default-b2,sat.struct-1,per_node,1,features_3_block_2_0,pointwise_project,72,21,21,0,0.0,0.0
mobilenet_v3_large-int8-default-b2,sat.struct-1,per_node,1,features_4_block_0_0,pointwise_expand,24,19,19,0,0.0,0.0
mobilenet_v3_large-int8-default-b2,sat.struct-1,per_node,1,features_4_block_1_0,depthwise,25,20,20,0,0.0,0.0
mobilenet_v3_large-int8-default-b2,sat.struct-1,per_node,1,features_4_block_2_fc1,se_reduce,72,21,21,0,0.0,0.0
mobilenet_v3_large-int8-default-b2,sat.struct-1,per_node,1,features_4_block_2_fc2,se_expand,24,20,20,0,0.0,0.0
mobilenet_v3_large-int8-default-b2,sat.struct-1,per_node,1,features_4_block_3_0,pointwise_project,72,21,20,0,0.0,0.0
mobilenet_v3_large-int8-default-b2,sat.struct-1,per_node,1,features_5_block_0_0,pointwise_expand,40,19,19,0,0.0,0.0
mobilenet_v3_large-int8-default-b2,sat.struct-1,per_node,1,features_5_block_1_0,depthwise,25,20,20,0,0.0,0.0
mobilenet_v3_large-int8-default-b2,sat.struct-1,per_node,1,features_5_block_2_fc1,se_reduce,120,22,21,0,0.0,0.0
mobilenet_v3_large-int8-default-b2,sat.struct-1,per_node,1,features_5_block_2_fc2,se_expand,32,20,20,0,0.0,0.0
mobilenet_v3_large-int8-default-b2,sat.struct-1,per_node,1,features_5_block_3_0,pointwise_project,120,22,21,0,0.0,0.0
mobilenet_v3_large-int8-default-b2,sat.struct-1,per_node,1,features_6_block_0_0,pointwise_expand,40,20,20,0,0.0,0.0
mobilenet_v3_large-int8-default-b2,sat.struct-1,per_node,1,features_6_block_1_0,depthwise,25,20,20,0,0.0,0.0
mobilenet_v3_large-int8-default-b2,sat.struct-1,per_node,1,features_6_block_2_fc1,se_reduce,120,22,21,0,0.0,0.0
mobilenet_v3_large-int8-default-b2,sat.struct-1,per_node,1,features_6_block_2_fc2,se_expand,32,20,20,0,0.0,0.0
mobilenet_v3_large-int8-default-b2,sat.struct-1,per_node,1,features_6_block_3_0,pointwise_project,120,22,21,0,0.0,0.0
mobilenet_v3_large-int8-default-b2,sat.struct-1,per_node,1,features_7_block_0_0,pointwise_expand,40,20,20,0,0.0,0.0
mobilenet_v3_large-int8-default-b2,sat.struct-1,per_node,1,features_7_block_1_0,depthwise,9,18,18,26,0.026,6.377551020408163e-07
mobilenet_v3_large-int8-default-b2,sat.struct-1,per_node,1,features_7_block_2_0,pointwise_project,240,22,22,0,0.0,0.0
mobilenet_v3_large-int8-default-b2,sat.struct-1,per_node,1,features_8_block_0_0,pointwise_expand,80,21,21,0,0.0,0.0
mobilenet_v3_large-int8-default-b2,sat.struct-1,per_node,1,features_8_block_1_0,depthwise,9,18,18,227,0.227,4.025510204081633e-05
mobilenet_v3_large-int8-default-b2,sat.struct-1,per_node,1,features_8_block_2_0,pointwise_project,200,21,21,0,0.0,0.0
mobilenet_v3_large-int8-default-b2,sat.struct-1,per_node,1,features_9_block_0_0,pointwise_expand,80,21,21,0,0.0,0.0
mobilenet_v3_large-int8-default-b2,sat.struct-1,per_node,1,features_9_block_1_0,depthwise,9,18,18,0,0.0,0.0
mobilenet_v3_large-int8-default-b2,sat.struct-1,per_node,1,features_9_block_2_0,pointwise_project,184,22,22,0,0.0,0.0
mobilenet_v3_large-int8-default-b2,sat.struct-2,per_node,2,classifier_0,classifier,960,23,23,0,0.0,0.0
mobilenet_v3_large-int8-default-b2,sat.struct-2,per_node,2,classifier_3,classifier,1280,24,24,0,0.0,0.0
mobilenet_v3_large-int8-default-b2,sat.struct-2,per_node,2,features_0_0,stem,27,19,19,685,0.685,0.0006917500398596939
mobilenet_v3_large-int8-default-b2,sat.struct-2,per_node,2,features_10_block_0_0,pointwise_expand,80,20,20,0,0.0,0.0
mobilenet_v3_large-int8-default-b2,sat.struct-2,per_node,2,features_10_block_1_0,depthwise,9,18,18,716,0.716,0.0003205689884649512
mobilenet_v3_large-int8-default-b2,sat.struct-2,per_node,2,features_10_block_2_0,pointwise_project,184,21,21,0,0.0,0.0
mobilenet_v3_large-int8-default-b2,sat.struct-2,per_node,2,features_11_block_0_0,pointwise_expand,80,20,20,0,0.0,0.0
mobilenet_v3_large-int8-default-b2,sat.struct-2,per_node,2,features_11_block_1_0,depthwise,9,18,18,998,0.998,0.0007355867346938776
mobilenet_v3_large-int8-default-b2,sat.struct-2,per_node,2,features_11_block_2_fc1,se_reduce,480,22,22,0,0.0,0.0
mobilenet_v3_large-int8-default-b2,sat.struct-2,per_node,2,features_11_block_2_fc2,se_expand,120,22,22,0,0.0,0.0
mobilenet_v3_large-int8-default-b2,sat.struct-2,per_node,2,features_11_block_3_0,pointwise_project,480,23,23,0,0.0,0.0
mobilenet_v3_large-int8-default-b2,sat.struct-2,per_node,2,features_12_block_0_0,pointwise_expand,112,21,21,0,0.0,0.0
mobilenet_v3_large-int8-default-b2,sat.struct-2,per_node,2,features_12_block_1_0,depthwise,9,18,18,909,0.909,0.00011754433916423713
mobilenet_v3_large-int8-default-b2,sat.struct-2,per_node,2,features_12_block_2_fc1,se_reduce,672,23,23,0,0.0,0.0
mobilenet_v3_large-int8-default-b2,sat.struct-2,per_node,2,features_12_block_2_fc2,se_expand,168,22,22,0,0.0,0.0
mobilenet_v3_large-int8-default-b2,sat.struct-2,per_node,2,features_12_block_3_0,pointwise_project,672,23,23,0,0.0,0.0
mobilenet_v3_large-int8-default-b2,sat.struct-2,per_node,2,features_13_block_0_0,pointwise_expand,112,21,21,0,0.0,0.0
mobilenet_v3_large-int8-default-b2,sat.struct-2,per_node,2,features_13_block_1_0,depthwise,25,19,19,219,0.219,1.3301749271137026e-05
mobilenet_v3_large-int8-default-b2,sat.struct-2,per_node,2,features_13_block_2_fc1,se_reduce,672,23,23,0,0.0,0.0
mobilenet_v3_large-int8-default-b2,sat.struct-2,per_node,2,features_13_block_2_fc2,se_expand,168,22,22,0,0.0,0.0
mobilenet_v3_large-int8-default-b2,sat.struct-2,per_node,2,features_13_block_3_0,pointwise_project,672,23,23,0,0.0,0.0
mobilenet_v3_large-int8-default-b2,sat.struct-2,per_node,2,features_14_block_0_0,pointwise_expand,160,21,21,0,0.0,0.0
mobilenet_v3_large-int8-default-b2,sat.struct-2,per_node,2,features_14_block_1_0,depthwise,25,19,19,0,0.0,0.0
mobilenet_v3_large-int8-default-b2,sat.struct-2,per_node,2,features_14_block_2_fc1,se_reduce,960,23,23,0,0.0,0.0
mobilenet_v3_large-int8-default-b2,sat.struct-2,per_node,2,features_14_block_2_fc2,se_expand,240,23,22,0,0.0,0.0
mobilenet_v3_large-int8-default-b2,sat.struct-2,per_node,2,features_14_block_3_0,pointwise_project,960,24,24,0,0.0,0.0
mobilenet_v3_large-int8-default-b2,sat.struct-2,per_node,2,features_15_block_0_0,pointwise_expand,160,21,21,0,0.0,0.0
mobilenet_v3_large-int8-default-b2,sat.struct-2,per_node,2,features_15_block_1_0,depthwise,25,19,19,16,0.016,9.566326530612244e-07
mobilenet_v3_large-int8-default-b2,sat.struct-2,per_node,2,features_15_block_2_fc1,se_reduce,960,23,23,0,0.0,0.0
mobilenet_v3_large-int8-default-b2,sat.struct-2,per_node,2,features_15_block_2_fc2,se_expand,240,23,22,0,0.0,0.0
mobilenet_v3_large-int8-default-b2,sat.struct-2,per_node,2,features_15_block_3_0,pointwise_project,960,23,23,0,0.0,0.0
mobilenet_v3_large-int8-default-b2,sat.struct-2,per_node,2,features_16_0,pointwise_expand,160,21,21,0,0.0,0.0
mobilenet_v3_large-int8-default-b2,sat.struct-2,per_node,2,features_1_block_0_0,depthwise,9,18,18,0,0.0,0.0
mobilenet_v3_large-int8-default-b2,sat.struct-2,per_node,2,features_1_block_1_0,pointwise_project,16,19,18,971,0.971,0.0005707260443239796
mobilenet_v3_large-int8-default-b2,sat.struct-2,per_node,2,features_2_block_0_0,pointwise_expand,16,18,18,245,0.245,1.875896843112245e-06
mobilenet_v3_large-int8-default-b2,sat.struct-2,per_node,2,features_2_block_1_0,depthwise,9,19,19,582,0.582,2.2391183035714287e-05
mobilenet_v3_large-int8-default-b2,sat.struct-2,per_node,2,features_2_block_2_0,pointwise_project,64,21,20,0,0.0,0.0
mobilenet_v3_large-int8-default-b2,sat.struct-2,per_node,2,features_3_block_0_0,pointwise_expand,24,19,19,0,0.0,0.0
mobilenet_v3_large-int8-default-b2,sat.struct-2,per_node,2,features_3_block_1_0,depthwise,9,19,18,1000,1.0,0.0062992355796485265
mobilenet_v3_large-int8-default-b2,sat.struct-2,per_node,2,features_3_block_2_0,pointwise_project,72,21,21,0,0.0,0.0
mobilenet_v3_large-int8-default-b2,sat.struct-2,per_node,2,features_4_block_0_0,pointwise_expand,24,19,19,0,0.0,0.0
mobilenet_v3_large-int8-default-b2,sat.struct-2,per_node,2,features_4_block_1_0,depthwise,25,20,20,0,0.0,0.0
mobilenet_v3_large-int8-default-b2,sat.struct-2,per_node,2,features_4_block_2_fc1,se_reduce,72,21,21,0,0.0,0.0
mobilenet_v3_large-int8-default-b2,sat.struct-2,per_node,2,features_4_block_2_fc2,se_expand,24,20,20,0,0.0,0.0
mobilenet_v3_large-int8-default-b2,sat.struct-2,per_node,2,features_4_block_3_0,pointwise_project,72,21,20,0,0.0,0.0
mobilenet_v3_large-int8-default-b2,sat.struct-2,per_node,2,features_5_block_0_0,pointwise_expand,40,19,19,48,0.048,1.1585884353741496e-06
mobilenet_v3_large-int8-default-b2,sat.struct-2,per_node,2,features_5_block_1_0,depthwise,25,20,20,33,0.033,1.5518707482993197e-06
mobilenet_v3_large-int8-default-b2,sat.struct-2,per_node,2,features_5_block_2_fc1,se_reduce,120,22,21,0,0.0,0.0
mobilenet_v3_large-int8-default-b2,sat.struct-2,per_node,2,features_5_block_2_fc2,se_expand,32,20,20,0,0.0,0.0
mobilenet_v3_large-int8-default-b2,sat.struct-2,per_node,2,features_5_block_3_0,pointwise_project,120,22,21,0,0.0,0.0
mobilenet_v3_large-int8-default-b2,sat.struct-2,per_node,2,features_6_block_0_0,pointwise_expand,40,20,20,0,0.0,0.0
mobilenet_v3_large-int8-default-b2,sat.struct-2,per_node,2,features_6_block_1_0,depthwise,25,20,20,34,0.034,1.94515306122449e-06
mobilenet_v3_large-int8-default-b2,sat.struct-2,per_node,2,features_6_block_2_fc1,se_reduce,120,22,21,0,0.0,0.0
mobilenet_v3_large-int8-default-b2,sat.struct-2,per_node,2,features_6_block_2_fc2,se_expand,32,20,20,0,0.0,0.0
mobilenet_v3_large-int8-default-b2,sat.struct-2,per_node,2,features_6_block_3_0,pointwise_project,120,22,21,0,0.0,0.0
mobilenet_v3_large-int8-default-b2,sat.struct-2,per_node,2,features_7_block_0_0,pointwise_expand,40,20,20,0,0.0,0.0
mobilenet_v3_large-int8-default-b2,sat.struct-2,per_node,2,features_7_block_1_0,depthwise,9,18,18,1000,1.0,0.0013321003401360544
mobilenet_v3_large-int8-default-b2,sat.struct-2,per_node,2,features_7_block_2_0,pointwise_project,240,22,22,0,0.0,0.0
mobilenet_v3_large-int8-default-b2,sat.struct-2,per_node,2,features_8_block_0_0,pointwise_expand,80,21,21,0,0.0,0.0
mobilenet_v3_large-int8-default-b2,sat.struct-2,per_node,2,features_8_block_1_0,depthwise,9,18,18,1000,1.0,0.0053012755102040815
mobilenet_v3_large-int8-default-b2,sat.struct-2,per_node,2,features_8_block_2_0,pointwise_project,200,21,21,0,0.0,0.0
mobilenet_v3_large-int8-default-b2,sat.struct-2,per_node,2,features_9_block_0_0,pointwise_expand,80,21,21,0,0.0,0.0
mobilenet_v3_large-int8-default-b2,sat.struct-2,per_node,2,features_9_block_1_0,depthwise,9,18,18,321,0.321,6.213952972493346e-05
mobilenet_v3_large-int8-default-b2,sat.struct-2,per_node,2,features_9_block_2_0,pointwise_project,184,22,22,0,0.0,0.0
mobilenet_v3_large-int8-default-b2,sat.struct-3,per_node,3,classifier_0,classifier,960,23,23,0,0.0,0.0
mobilenet_v3_large-int8-default-b2,sat.struct-3,per_node,3,classifier_3,classifier,1280,24,24,0,0.0,0.0
mobilenet_v3_large-int8-default-b2,sat.struct-3,per_node,3,features_0_0,stem,27,19,19,999,0.999,0.08985026705994897
mobilenet_v3_large-int8-default-b2,sat.struct-3,per_node,3,features_10_block_0_0,pointwise_expand,80,20,20,637,0.637,0.0001824256876663709
mobilenet_v3_large-int8-default-b2,sat.struct-3,per_node,3,features_10_block_1_0,depthwise,9,18,18,1000,1.0,0.01164418811002662
mobilenet_v3_large-int8-default-b2,sat.struct-3,per_node,3,features_10_block_2_0,pointwise_project,184,21,21,0,0.0,0.0
mobilenet_v3_large-int8-default-b2,sat.struct-3,per_node,3,features_11_block_0_0,pointwise_expand,80,20,20,183,0.183,4.228316326530612e-05
mobilenet_v3_large-int8-default-b2,sat.struct-3,per_node,3,features_11_block_1_0,depthwise,9,18,18,1000,1.0,0.0068551658163265305
mobilenet_v3_large-int8-default-b2,sat.struct-3,per_node,3,features_11_block_2_fc1,se_reduce,480,22,22,0,0.0,0.0
mobilenet_v3_large-int8-default-b2,sat.struct-3,per_node,3,features_11_block_2_fc2,se_expand,120,22,22,0,0.0,0.0
mobilenet_v3_large-int8-default-b2,sat.struct-3,per_node,3,features_11_block_3_0,pointwise_project,480,23,23,0,0.0,0.0
mobilenet_v3_large-int8-default-b2,sat.struct-3,per_node,3,features_12_block_0_0,pointwise_expand,112,21,21,2,0.002,3.0369290573372205e-08
mobilenet_v3_large-int8-default-b2,sat.struct-3,per_node,3,features_12_block_1_0,depthwise,9,18,18,1000,1.0,0.0029218674076773566
mobilenet_v3_large-int8-default-b2,sat.struct-3,per_node,3,features_12_block_2_fc1,se_reduce,672,23,23,0,0.0,0.0
mobilenet_v3_large-int8-default-b2,sat.struct-3,per_node,3,features_12_block_2_fc2,se_expand,168,22,22,0,0.0,0.0
mobilenet_v3_large-int8-default-b2,sat.struct-3,per_node,3,features_12_block_3_0,pointwise_project,672,23,23,0,0.0,0.0
mobilenet_v3_large-int8-default-b2,sat.struct-3,per_node,3,features_13_block_0_0,pointwise_expand,112,21,21,3,0.003,3.0369290573372205e-08
mobilenet_v3_large-int8-default-b2,sat.struct-3,per_node,3,features_13_block_1_0,depthwise,25,19,19,1000,1.0,0.0010483782798833819
mobilenet_v3_large-int8-default-b2,sat.struct-3,per_node,3,features_13_block_2_fc1,se_reduce,672,23,23,0,0.0,0.0
mobilenet_v3_large-int8-default-b2,sat.struct-3,per_node,3,features_13_block_2_fc2,se_expand,168,22,22,0,0.0,0.0
mobilenet_v3_large-int8-default-b2,sat.struct-3,per_node,3,features_13_block_3_0,pointwise_project,672,23,23,0,0.0,0.0
mobilenet_v3_large-int8-default-b2,sat.struct-3,per_node,3,features_14_block_0_0,pointwise_expand,160,21,21,12,0.012,4.251700680272109e-07
mobilenet_v3_large-int8-default-b2,sat.struct-3,per_node,3,features_14_block_1_0,depthwise,25,19,19,2,0.002,6.377551020408163e-08
mobilenet_v3_large-int8-default-b2,sat.struct-3,per_node,3,features_14_block_2_fc1,se_reduce,960,23,23,0,0.0,0.0
mobilenet_v3_large-int8-default-b2,sat.struct-3,per_node,3,features_14_block_2_fc2,se_expand,240,23,22,0,0.0,0.0
mobilenet_v3_large-int8-default-b2,sat.struct-3,per_node,3,features_14_block_3_0,pointwise_project,960,24,24,0,0.0,0.0
mobilenet_v3_large-int8-default-b2,sat.struct-3,per_node,3,features_15_block_0_0,pointwise_expand,160,21,21,6,0.006,2.1258503401360545e-07
mobilenet_v3_large-int8-default-b2,sat.struct-3,per_node,3,features_15_block_1_0,depthwise,25,19,19,499,0.499,6.715561224489796e-05
mobilenet_v3_large-int8-default-b2,sat.struct-3,per_node,3,features_15_block_2_fc1,se_reduce,960,23,23,0,0.0,0.0
mobilenet_v3_large-int8-default-b2,sat.struct-3,per_node,3,features_15_block_2_fc2,se_expand,240,23,22,0,0.0,0.0
mobilenet_v3_large-int8-default-b2,sat.struct-3,per_node,3,features_15_block_3_0,pointwise_project,960,23,23,0,0.0,0.0
mobilenet_v3_large-int8-default-b2,sat.struct-3,per_node,3,features_16_0,pointwise_expand,160,21,21,3,0.003,6.377551020408163e-08
mobilenet_v3_large-int8-default-b2,sat.struct-3,per_node,3,features_1_block_0_0,depthwise,9,18,18,2,0.002,1.4947385204081632e-08
mobilenet_v3_large-int8-default-b2,sat.struct-3,per_node,3,features_1_block_1_0,pointwise_project,16,19,18,1000,1.0,0.05257291832748724
mobilenet_v3_large-int8-default-b2,sat.struct-3,per_node,3,features_2_block_0_0,pointwise_expand,16,18,18,999,0.999,0.0007245034976881377
mobilenet_v3_large-int8-default-b2,sat.struct-3,per_node,3,features_2_block_1_0,depthwise,9,19,19,998,0.998,0.0007992914939413266
mobilenet_v3_large-int8-default-b2,sat.struct-3,per_node,3,features_2_block_2_0,pointwise_project,64,21,20,269,0.269,1.4243197278911564e-05
mobilenet_v3_large-int8-default-b2,sat.struct-3,per_node,3,features_3_block_0_0,pointwise_expand,24,19,19,774,0.774,5.2437641723356006e-05
mobilenet_v3_large-int8-default-b2,sat.struct-3,per_node,3,features_3_block_1_0,depthwise,9,19,18,1000,1.0,0.01851540798611111
mobilenet_v3_large-int8-default-b2,sat.struct-3,per_node,3,features_3_block_2_0,pointwise_project,72,21,21,0,0.0,0.0
mobilenet_v3_large-int8-default-b2,sat.struct-3,per_node,3,features_4_block_0_0,pointwise_expand,24,19,19,992,0.992,0.00010794890873015873
mobilenet_v3_large-int8-default-b2,sat.struct-3,per_node,3,features_4_block_1_0,depthwise,25,20,20,532,0.532,9.832057823129251e-05
mobilenet_v3_large-int8-default-b2,sat.struct-3,per_node,3,features_4_block_2_fc1,se_reduce,72,21,21,1000,1.0,0.11275
mobilenet_v3_large-int8-default-b2,sat.struct-3,per_node,3,features_4_block_2_fc2,se_expand,24,20,20,0,0.0,0.0
mobilenet_v3_large-int8-default-b2,sat.struct-3,per_node,3,features_4_block_3_0,pointwise_project,72,21,20,999,0.999,0.004991326530612245
mobilenet_v3_large-int8-default-b2,sat.struct-3,per_node,3,features_5_block_0_0,pointwise_expand,40,19,19,999,0.999,0.002011107568027211
mobilenet_v3_large-int8-default-b2,sat.struct-3,per_node,3,features_5_block_1_0,depthwise,25,20,20,1000,1.0,0.030059226190476192
mobilenet_v3_large-int8-default-b2,sat.struct-3,per_node,3,features_5_block_2_fc1,se_reduce,120,22,21,0,0.0,0.0
mobilenet_v3_large-int8-default-b2,sat.struct-3,per_node,3,features_5_block_2_fc2,se_expand,32,20,20,184,0.184,0.0023333333333333335
mobilenet_v3_large-int8-default-b2,sat.struct-3,per_node,3,features_5_block_3_0,pointwise_project,120,22,21,0,0.0,0.0
mobilenet_v3_large-int8-default-b2,sat.struct-3,per_node,3,features_6_block_0_0,pointwise_expand,40,20,20,91,0.091,2.295918367346939e-06
mobilenet_v3_large-int8-default-b2,sat.struct-3,per_node,3,features_6_block_1_0,depthwise,25,20,20,988,0.988,0.0009146471088435375
mobilenet_v3_large-int8-default-b2,sat.struct-3,per_node,3,features_6_block_2_fc1,se_reduce,120,22,21,0,0.0,0.0
mobilenet_v3_large-int8-default-b2,sat.struct-3,per_node,3,features_6_block_2_fc2,se_expand,32,20,20,1000,1.0,0.053675
mobilenet_v3_large-int8-default-b2,sat.struct-3,per_node,3,features_6_block_3_0,pointwise_project,120,22,21,0,0.0,0.0
mobilenet_v3_large-int8-default-b2,sat.struct-3,per_node,3,features_7_block_0_0,pointwise_expand,40,20,20,58,0.058,4.145408163265306e-07
mobilenet_v3_large-int8-default-b2,sat.struct-3,per_node,3,features_7_block_1_0,depthwise,9,18,18,1000,1.0,0.030838520408163265
mobilenet_v3_large-int8-default-b2,sat.struct-3,per_node,3,features_7_block_2_0,pointwise_project,240,22,22,0,0.0,0.0
mobilenet_v3_large-int8-default-b2,sat.struct-3,per_node,3,features_8_block_0_0,pointwise_expand,80,21,21,0,0.0,0.0
mobilenet_v3_large-int8-default-b2,sat.struct-3,per_node,3,features_8_block_1_0,depthwise,9,18,18,1000,1.0,0.021530816326530613
mobilenet_v3_large-int8-default-b2,sat.struct-3,per_node,3,features_8_block_2_0,pointwise_project,200,21,21,0,0.0,0.0
mobilenet_v3_large-int8-default-b2,sat.struct-3,per_node,3,features_9_block_0_0,pointwise_expand,80,21,21,0,0.0,0.0
mobilenet_v3_large-int8-default-b2,sat.struct-3,per_node,3,features_9_block_1_0,depthwise,9,18,18,1000,1.0,0.009658135536823424
mobilenet_v3_large-int8-default-b2,sat.struct-3,per_node,3,features_9_block_2_0,pointwise_project,184,22,22,0,0.0,0.0
mobilenet_v3_large-int8-default-b2,sat.struct-4,per_node,4,classifier_0,classifier,960,23,23,0,0.0,0.0
mobilenet_v3_large-int8-default-b2,sat.struct-4,per_node,4,classifier_3,classifier,1280,24,24,0,0.0,0.0
mobilenet_v3_large-int8-default-b2,sat.struct-4,per_node,4,features_0_0,stem,27,19,19,1000,1.0,0.3189641910475128
mobilenet_v3_large-int8-default-b2,sat.struct-4,per_node,4,features_10_block_0_0,pointwise_expand,80,20,20,1000,1.0,0.11283540372670807
mobilenet_v3_large-int8-default-b2,sat.struct-4,per_node,4,features_10_block_1_0,depthwise,9,18,18,1000,1.0,0.045129602928127774
mobilenet_v3_large-int8-default-b2,sat.struct-4,per_node,4,features_10_block_2_0,pointwise_project,184,21,21,0,0.0,0.0
mobilenet_v3_large-int8-default-b2,sat.struct-4,per_node,4,features_11_block_0_0,pointwise_expand,80,20,20,1000,1.0,0.04385975765306122
mobilenet_v3_large-int8-default-b2,sat.struct-4,per_node,4,features_11_block_1_0,depthwise,9,18,18,1000,1.0,0.04827431972789115
mobilenet_v3_large-int8-default-b2,sat.struct-4,per_node,4,features_11_block_2_fc1,se_reduce,480,22,22,0,0.0,0.0
mobilenet_v3_large-int8-default-b2,sat.struct-4,per_node,4,features_11_block_2_fc2,se_expand,120,22,22,1000,1.0,0.024575
mobilenet_v3_large-int8-default-b2,sat.struct-4,per_node,4,features_11_block_3_0,pointwise_project,480,23,23,0,0.0,0.0
mobilenet_v3_large-int8-default-b2,sat.struct-4,per_node,4,features_12_block_0_0,pointwise_expand,112,21,21,1000,1.0,0.0017507364552964042
mobilenet_v3_large-int8-default-b2,sat.struct-4,per_node,4,features_12_block_1_0,depthwise,9,18,18,1000,1.0,0.02104451378765792
mobilenet_v3_large-int8-default-b2,sat.struct-4,per_node,4,features_12_block_2_fc1,se_reduce,672,23,23,0,0.0,0.0
mobilenet_v3_large-int8-default-b2,sat.struct-4,per_node,4,features_12_block_2_fc2,se_expand,168,22,22,1000,1.0,0.19755208333333332
mobilenet_v3_large-int8-default-b2,sat.struct-4,per_node,4,features_12_block_3_0,pointwise_project,672,23,23,0,0.0,0.0
mobilenet_v3_large-int8-default-b2,sat.struct-4,per_node,4,features_13_block_0_0,pointwise_expand,112,21,21,1000,1.0,0.0007701120626822157
mobilenet_v3_large-int8-default-b2,sat.struct-4,per_node,4,features_13_block_1_0,depthwise,25,19,19,1000,1.0,0.015006347181729834
mobilenet_v3_large-int8-default-b2,sat.struct-4,per_node,4,features_13_block_2_fc1,se_reduce,672,23,23,0,0.0,0.0
mobilenet_v3_large-int8-default-b2,sat.struct-4,per_node,4,features_13_block_2_fc2,se_expand,168,22,22,1000,1.0,0.10994642857142857
mobilenet_v3_large-int8-default-b2,sat.struct-4,per_node,4,features_13_block_3_0,pointwise_project,672,23,23,0,0.0,0.0
mobilenet_v3_large-int8-default-b2,sat.struct-4,per_node,4,features_14_block_0_0,pointwise_expand,160,21,21,982,0.982,0.0003094600340136054
mobilenet_v3_large-int8-default-b2,sat.struct-4,per_node,4,features_14_block_1_0,depthwise,25,19,19,998,0.998,0.00046894132653061224
mobilenet_v3_large-int8-default-b2,sat.struct-4,per_node,4,features_14_block_2_fc1,se_reduce,960,23,23,0,0.0,0.0
mobilenet_v3_large-int8-default-b2,sat.struct-4,per_node,4,features_14_block_2_fc2,se_expand,240,23,22,407,0.407,0.000628125
mobilenet_v3_large-int8-default-b2,sat.struct-4,per_node,4,features_14_block_3_0,pointwise_project,960,24,24,0,0.0,0.0
mobilenet_v3_large-int8-default-b2,sat.struct-4,per_node,4,features_15_block_0_0,pointwise_expand,160,21,21,354,0.354,1.5454931972789115e-05
mobilenet_v3_large-int8-default-b2,sat.struct-4,per_node,4,features_15_block_1_0,depthwise,25,19,19,1000,1.0,0.0023623511904761903
mobilenet_v3_large-int8-default-b2,sat.struct-4,per_node,4,features_15_block_2_fc1,se_reduce,960,23,23,0,0.0,0.0
mobilenet_v3_large-int8-default-b2,sat.struct-4,per_node,4,features_15_block_2_fc2,se_expand,240,23,22,0,0.0,0.0
mobilenet_v3_large-int8-default-b2,sat.struct-4,per_node,4,features_15_block_3_0,pointwise_project,960,23,23,0,0.0,0.0
mobilenet_v3_large-int8-default-b2,sat.struct-4,per_node,4,features_16_0,pointwise_expand,160,21,21,153,0.153,0.00016673044217687075
mobilenet_v3_large-int8-default-b2,sat.struct-4,per_node,4,features_1_block_0_0,depthwise,9,18,18,1000,1.0,0.06139920479910714
mobilenet_v3_large-int8-default-b2,sat.struct-4,per_node,4,features_1_block_1_0,pointwise_project,16,19,18,1000,1.0,0.5146904296875
mobilenet_v3_large-int8-default-b2,sat.struct-4,per_node,4,features_2_block_0_0,pointwise_expand,16,18,18,1000,1.0,0.020970613440688776
mobilenet_v3_large-int8-default-b2,sat.struct-4,per_node,4,features_2_block_1_0,depthwise,9,19,19,1000,1.0,0.03604788643973214
mobilenet_v3_large-int8-default-b2,sat.struct-4,per_node,4,features_2_block_2_0,pointwise_project,64,21,20,1000,1.0,0.024869379783163264
mobilenet_v3_large-int8-default-b2,sat.struct-4,per_node,4,features_3_block_0_0,pointwise_expand,24,19,19,988,0.988,0.0009574387046485261
mobilenet_v3_large-int8-default-b2,sat.struct-4,per_node,4,features_3_block_1_0,depthwise,9,19,18,1000,1.0,0.10239244968820861
mobilenet_v3_large-int8-default-b2,sat.struct-4,per_node,4,features_3_block_2_0,pointwise_project,72,21,21,178,0.178,3.1489158163265306e-06
mobilenet_v3_large-int8-default-b2,sat.struct-4,per_node,4,features_4_block_0_0,pointwise_expand,24,19,19,1000,1.0,0.005622085813492063
mobilenet_v3_large-int8-default-b2,sat.struct-4,per_node,4,features_4_block_1_0,depthwise,25,20,20,1000,1.0,0.05566980229591837
mobilenet_v3_large-int8-default-b2,sat.struct-4,per_node,4,features_4_block_2_fc1,se_reduce,72,21,21,1000,1.0,0.5230833333333333
mobilenet_v3_large-int8-default-b2,sat.struct-4,per_node,4,features_4_block_2_fc2,se_expand,24,20,20,0,0.0,0.0
mobilenet_v3_large-int8-default-b2,sat.struct-4,per_node,4,features_4_block_3_0,pointwise_project,72,21,20,1000,1.0,0.2222095344387755
mobilenet_v3_large-int8-default-b2,sat.struct-4,per_node,4,features_5_block_0_0,pointwise_expand,40,19,19,1000,1.0,0.12363717049319728
mobilenet_v3_large-int8-default-b2,sat.struct-4,per_node,4,features_5_block_1_0,depthwise,25,20,20,1000,1.0,0.047957217261904765
mobilenet_v3_large-int8-default-b2,sat.struct-4,per_node,4,features_5_block_2_fc1,se_reduce,120,22,21,72,0.072,0.00225
mobilenet_v3_large-int8-default-b2,sat.struct-4,per_node,4,features_5_block_2_fc2,se_expand,32,20,20,1000,1.0,0.308625
mobilenet_v3_large-int8-default-b2,sat.struct-4,per_node,4,features_5_block_3_0,pointwise_project,120,22,21,4,0.004,1.2755102040816326e-07
mobilenet_v3_large-int8-default-b2,sat.struct-4,per_node,4,features_6_block_0_0,pointwise_expand,40,20,20,1000,1.0,0.0032510097789115646
mobilenet_v3_large-int8-default-b2,sat.struct-4,per_node,4,features_6_block_1_0,depthwise,25,20,20,1000,1.0,0.031228518282312927
mobilenet_v3_large-int8-default-b2,sat.struct-4,per_node,4,features_6_block_2_fc1,se_reduce,120,22,21,4,0.004,0.000125
mobilenet_v3_large-int8-default-b2,sat.struct-4,per_node,4,features_6_block_2_fc2,se_expand,32,20,20,1000,1.0,0.27279166666666665
mobilenet_v3_large-int8-default-b2,sat.struct-4,per_node,4,features_6_block_3_0,pointwise_project,120,22,21,92,0.092,3.635204081632653e-06
mobilenet_v3_large-int8-default-b2,sat.struct-4,per_node,4,features_7_block_0_0,pointwise_expand,40,20,20,1000,1.0,0.0007770355017006803
mobilenet_v3_large-int8-default-b2,sat.struct-4,per_node,4,features_7_block_1_0,depthwise,9,18,18,1000,1.0,0.09468537414965987
mobilenet_v3_large-int8-default-b2,sat.struct-4,per_node,4,features_7_block_2_0,pointwise_project,240,22,22,0,0.0,0.0
mobilenet_v3_large-int8-default-b2,sat.struct-4,per_node,4,features_8_block_0_0,pointwise_expand,80,21,21,977,0.977,0.0005144642857142857
mobilenet_v3_large-int8-default-b2,sat.struct-4,per_node,4,features_8_block_1_0,depthwise,9,18,18,1000,1.0,0.046962168367346936
mobilenet_v3_large-int8-default-b2,sat.struct-4,per_node,4,features_8_block_2_0,pointwise_project,200,21,21,81,0.081,6.568877551020408e-06
mobilenet_v3_large-int8-default-b2,sat.struct-4,per_node,4,features_9_block_0_0,pointwise_expand,80,21,21,943,0.943,0.00034896295474711624
mobilenet_v3_large-int8-default-b2,sat.struct-4,per_node,4,features_9_block_1_0,depthwise,9,18,18,1000,1.0,0.04012211623779947
mobilenet_v3_large-int8-default-b2,sat.struct-4,per_node,4,features_9_block_2_0,pointwise_project,184,22,22,0,0.0,0.0
mobilenet_v3_large-int6-default-b2,sat.w14,uniform,14,classifier_0,classifier,960,19,19,0,0.0,0.0
mobilenet_v3_large-int6-default-b2,sat.w14,uniform,14,classifier_3,classifier,1280,20,20,7,0.007,7e-06
mobilenet_v3_large-int6-default-b2,sat.w14,uniform,14,features_0_0,stem,27,15,15,2,0.002,4.982461734693878e-08
mobilenet_v3_large-int6-default-b2,sat.w14,uniform,14,features_10_block_0_0,pointwise_expand,80,16,16,16,0.016,5.268411712511091e-07
mobilenet_v3_large-int6-default-b2,sat.w14,uniform,14,features_10_block_1_0,depthwise,9,14,14,0,0.0,0.0
mobilenet_v3_large-int6-default-b2,sat.w14,uniform,14,features_10_block_2_0,pointwise_project,184,17,17,0,0.0,0.0
mobilenet_v3_large-int6-default-b2,sat.w14,uniform,14,features_11_block_0_0,pointwise_expand,80,17,17,3,0.003,6.377551020408163e-08
mobilenet_v3_large-int6-default-b2,sat.w14,uniform,14,features_11_block_1_0,depthwise,9,14,14,0,0.0,0.0
mobilenet_v3_large-int6-default-b2,sat.w14,uniform,14,features_11_block_2_fc1,se_reduce,480,18,18,0,0.0,0.0
mobilenet_v3_large-int6-default-b2,sat.w14,uniform,14,features_11_block_2_fc2,se_expand,120,18,18,1000,1.0,0.0037729166666666666
mobilenet_v3_large-int6-default-b2,sat.w14,uniform,14,features_11_block_3_0,pointwise_project,480,19,19,1,0.001,4.555393586005831e-08
mobilenet_v3_large-int6-default-b2,sat.w14,uniform,14,features_12_block_0_0,pointwise_expand,112,17,17,18,0.018,1.3666180758017492e-07
mobilenet_v3_large-int6-default-b2,sat.w14,uniform,14,features_12_block_1_0,depthwise,9,14,14,0,0.0,0.0
mobilenet_v3_large-int6-default-b2,sat.w14,uniform,14,features_12_block_2_fc1,se_reduce,672,19,19,0,0.0,0.0
mobilenet_v3_large-int6-default-b2,sat.w14,uniform,14,features_12_block_2_fc2,se_expand,168,18,18,1000,1.0,0.3485327380952381
mobilenet_v3_large-int6-default-b2,sat.w14,uniform,14,features_12_block_3_0,pointwise_project,672,19,19,0,0.0,0.0
mobilenet_v3_large-int6-default-b2,sat.w14,uniform,14,features_13_block_0_0,pointwise_expand,112,17,17,23,0.023,1.9740038872691935e-07
mobilenet_v3_large-int6-default-b2,sat.w14,uniform,14,features_13_block_1_0,depthwise,25,15,15,4,0.004,1.2147716229348882e-07
mobilenet_v3_large-int6-default-b2,sat.w14,uniform,14,features_13_block_2_fc1,se_reduce,672,19,19,0,0.0,0.0
mobilenet_v3_large-int6-default-b2,sat.w14,uniform,14,features_13_block_2_fc2,se_expand,168,18,18,1000,1.0,0.02472767857142857
mobilenet_v3_large-int6-default-b2,sat.w14,uniform,14,features_13_block_3_0,pointwise_project,672,19,19,0,0.0,0.0
mobilenet_v3_large-int6-default-b2,sat.w14,uniform,14,features_14_block_0_0,pointwise_expand,160,17,17,7,0.007,1.913265306122449e-07
mobilenet_v3_large-int6-default-b2,sat.w14,uniform,14,features_14_block_1_0,depthwise,25,15,15,0,0.0,0.0
mobilenet_v3_large-int6-default-b2,sat.w14,uniform,14,features_14_block_2_fc1,se_reduce,960,19,19,0,0.0,0.0
mobilenet_v3_large-int6-default-b2,sat.w14,uniform,14,features_14_block_2_fc2,se_expand,240,19,18,1000,1.0,0.009589583333333334
mobilenet_v3_large-int6-default-b2,sat.w14,uniform,14,features_14_block_3_0,pointwise_project,960,20,20,0,0.0,0.0
mobilenet_v3_large-int6-default-b2,sat.w14,uniform,14,features_15_block_0_0,pointwise_expand,160,17,17,56,0.056,2.8273809523809524e-06
mobilenet_v3_large-int6-default-b2,sat.w14,uniform,14,features_15_block_1_0,depthwise,25,15,15,0,0.0,0.0
mobilenet_v3_large-int6-default-b2,sat.w14,uniform,14,features_15_block_2_fc1,se_reduce,960,19,19,0,0.0,0.0
mobilenet_v3_large-int6-default-b2,sat.w14,uniform,14,features_15_block_2_fc2,se_expand,240,19,18,1,0.001,1.0416666666666667e-06
mobilenet_v3_large-int6-default-b2,sat.w14,uniform,14,features_15_block_3_0,pointwise_project,960,20,20,0,0.0,0.0
mobilenet_v3_large-int6-default-b2,sat.w14,uniform,14,features_16_0,pointwise_expand,160,17,17,0,0.0,0.0
mobilenet_v3_large-int6-default-b2,sat.w14,uniform,14,features_1_block_0_0,depthwise,9,14,14,0,0.0,0.0
mobilenet_v3_large-int6-default-b2,sat.w14,uniform,14,features_1_block_1_0,pointwise_project,16,15,14,0,0.0,0.0
mobilenet_v3_large-int6-default-b2,sat.w14,uniform,14,features_2_block_0_0,pointwise_expand,16,14,14,0,0.0,0.0
mobilenet_v3_large-int6-default-b2,sat.w14,uniform,14,features_2_block_1_0,depthwise,9,15,15,6,0.006,7.473692602040816e-08
mobilenet_v3_large-int6-default-b2,sat.w14,uniform,14,features_2_block_2_0,pointwise_project,64,17,16,0,0.0,0.0
mobilenet_v3_large-int6-default-b2,sat.w14,uniform,14,features_3_block_0_0,pointwise_expand,24,15,15,0,0.0,0.0
mobilenet_v3_large-int6-default-b2,sat.w14,uniform,14,features_3_block_1_0,depthwise,9,15,14,0,0.0,0.0
mobilenet_v3_large-int6-default-b2,sat.w14,uniform,14,features_3_block_2_0,pointwise_project,72,17,17,0,0.0,0.0
mobilenet_v3_large-int6-default-b2,sat.w14,uniform,14,features_4_block_0_0,pointwise_expand,24,15,15,0,0.0,0.0
mobilenet_v3_large-int6-default-b2,sat.w14,uniform,14,features_4_block_1_0,depthwise,25,16,15,56,0.056,4.269416099773243e-06
mobilenet_v3_large-int6-default-b2,sat.w14,uniform,14,features_4_block_2_fc1,se_reduce,72,17,17,1000,1.0,0.06566666666666666
mobilenet_v3_large-int6-default-b2,sat.w14,uniform,14,features_4_block_2_fc2,se_expand,24,16,16,0,0.0,0.0
mobilenet_v3_large-int6-default-b2,sat.w14,uniform,14,features_4_block_3_0,pointwise_project,72,17,16,0,0.0,0.0
mobilenet_v3_large-int6-default-b2,sat.w14,uniform,14,features_5_block_0_0,pointwise_expand,40,15,15,0,0.0,0.0
mobilenet_v3_large-int6-default-b2,sat.w14,uniform,14,features_5_block_1_0,depthwise,25,16,16,277,0.277,2.6286139455782312e-05
mobilenet_v3_large-int6-default-b2,sat.w14,uniform,14,features_5_block_2_fc1,se_reduce,120,18,17,0,0.0,0.0
mobilenet_v3_large-int6-default-b2,sat.w14,uniform,14,features_5_block_2_fc2,se_expand,32,16,16,0,0.0,0.0
mobilenet_v3_large-int6-default-b2,sat.w14,uniform,14,features_5_block_3_0,pointwise_project,120,18,17,0,0.0,0.0
mobilenet_v3_large-int6-default-b2,sat.w14,uniform,14,features_6_block_0_0,pointwise_expand,40,16,16,0,0.0,0.0
mobilenet_v3_large-int6-default-b2,sat.w14,uniform,14,features_6_block_1_0,depthwise,25,16,16,109,0.109,8.014455782312924e-06
mobilenet_v3_large-int6-default-b2,sat.w14,uniform,14,features_6_block_2_fc1,se_reduce,120,18,17,0,0.0,0.0
mobilenet_v3_large-int6-default-b2,sat.w14,uniform,14,features_6_block_2_fc2,se_expand,32,16,16,26,0.026,0.0004583333333333333
mobilenet_v3_large-int6-default-b2,sat.w14,uniform,14,features_6_block_3_0,pointwise_project,120,18,17,0,0.0,0.0
mobilenet_v3_large-int6-default-b2,sat.w14,uniform,14,features_7_block_0_0,pointwise_expand,40,16,16,0,0.0,0.0
mobilenet_v3_large-int6-default-b2,sat.w14,uniform,14,features_7_block_1_0,depthwise,9,14,14,0,0.0,0.0
mobilenet_v3_large-int6-default-b2,sat.w14,uniform,14,features_7_block_2_0,pointwise_project,240,18,18,62,0.062,5.293367346938776e-06
mobilenet_v3_large-int6-default-b2,sat.w14,uniform,14,features_8_block_0_0,pointwise_expand,80,17,17,0,0.0,0.0
mobilenet_v3_large-int6-default-b2,sat.w14,uniform,14,features_8_block_1_0,depthwise,9,14,14,0,0.0,0.0
mobilenet_v3_large-int6-default-b2,sat.w14,uniform,14,features_8_block_2_0,pointwise_project,200,17,17,0,0.0,0.0
mobilenet_v3_large-int6-default-b2,sat.w14,uniform,14,features_9_block_0_0,pointwise_expand,80,17,17,1,0.001,2.7728482697426795e-08
mobilenet_v3_large-int6-default-b2,sat.w14,uniform,14,features_9_block_1_0,depthwise,9,14,14,0,0.0,0.0
mobilenet_v3_large-int6-default-b2,sat.w14,uniform,14,features_9_block_2_0,pointwise_project,184,18,18,0,0.0,0.0
mobilenet_v3_large-int6-default-b2,sat.w12,uniform,12,classifier_0,classifier,960,19,19,331,0.331,0.00037734375
mobilenet_v3_large-int6-default-b2,sat.w12,uniform,12,classifier_3,classifier,1280,20,20,1000,1.0,0.11821
mobilenet_v3_large-int6-default-b2,sat.w12,uniform,12,features_0_0,stem,27,15,15,999,0.999,0.08397440011160714
mobilenet_v3_large-int6-default-b2,sat.w12,uniform,12,features_10_block_0_0,pointwise_expand,80,16,16,1000,1.0,0.16658748336291038
mobilenet_v3_large-int6-default-b2,sat.w12,uniform,12,features_10_block_1_0,depthwise,9,14,14,1000,1.0,0.003377523291925466
mobilenet_v3_large-int6-default-b2,sat.w12,uniform,12,features_10_block_2_0,pointwise_project,184,17,17,1000,1.0,0.08286447704081633
mobilenet_v3_large-int6-default-b2,sat.w12,uniform,12,features_11_block_0_0,pointwise_expand,80,17,17,1000,1.0,0.13998358843537415
mobilenet_v3_large-int6-default-b2,sat.w12,uniform,12,features_11_block_1_0,depthwise,9,14,14,1000,1.0,0.0034254570578231293
mobilenet_v3_large-int6-default-b2,sat.w12,uniform,12,features_11_block_2_fc1,se_reduce,480,18,18,1000,1.0,0.14180833333333334
mobilenet_v3_large-int6-default-b2,sat.w12,uniform,12,features_11_block_2_fc2,se_expand,120,18,18,1000,1.0,0.5263833333333333
mobilenet_v3_large-int6-default-b2,sat.w12,uniform,12,features_11_block_3_0,pointwise_project,480,19,19,1000,1.0,0.22011525145772595
mobilenet_v3_large-int6-default-b2,sat.w12,uniform,12,features_12_block_0_0,pointwise_expand,112,17,17,1000,1.0,0.1578490949951409
mobilenet_v3_large-int6-default-b2,sat.w12,uniform,12,features_12_block_1_0,depthwise,9,14,14,1000,1.0,0.0012320213799805638
mobilenet_v3_large-int6-default-b2,sat.w12,uniform,12,features_12_block_2_fc1,se_reduce,672,19,19,1000,1.0,0.08280357142857143
mobilenet_v3_large-int6-default-b2,sat.w12,uniform,12,features_12_block_2_fc2,se_expand,168,18,18,1000,1.0,0.9449866071428571
mobilenet_v3_large-int6-default-b2,sat.w12,uniform,12,features_12_block_3_0,pointwise_project,672,19,19,1000,1.0,0.04662217565597668
mobilenet_v3_large-int6-default-b2,sat.w12,uniform,12,features_13_block_0_0,pointwise_expand,112,17,17,1000,1.0,0.1903486546404276
mobilenet_v3_large-int6-default-b2,sat.w12,uniform,12,features_13_block_1_0,depthwise,25,15,15,1000,1.0,0.0106031037414966
mobilenet_v3_large-int6-default-b2,sat.w12,uniform,12,features_13_block_2_fc1,se_reduce,672,19,19,1000,1.0,0.35701785714285716
mobilenet_v3_large-int6-default-b2,sat.w12,uniform,12,features_13_block_2_fc2,se_expand,168,18,18,1000,1.0,0.7635446428571429
mobilenet_v3_large-int6-default-b2,sat.w12,uniform,12,features_13_block_3_0,pointwise_project,672,19,19,1000,1.0,0.3643391581632653
mobilenet_v3_large-int6-default-b2,sat.w12,uniform,12,features_14_block_0_0,pointwise_expand,160,17,17,1000,1.0,0.30258065476190477
mobilenet_v3_large-int6-default-b2,sat.w12,uniform,12,features_14_block_1_0,depthwise,25,15,15,1000,1.0,0.00337359693877551
mobilenet_v3_large-int6-default-b2,sat.w12,uniform,12,features_14_block_2_fc1,se_reduce,960,19,19,1000,1.0,0.1339125
mobilenet_v3_large-int6-default-b2,sat.w12,uniform,12,features_14_block_2_fc2,se_expand,240,19,18,1000,1.0,0.9501572916666666
mobilenet_v3_large-int6-default-b2,sat.w12,uniform,12,features_14_block_3_0,pointwise_project,960,20,20,1000,1.0,0.04875612244897959
mobilenet_v3_large-int6-default-b2,sat.w12,uniform,12,features_15_block_0_0,pointwise_expand,160,17,17,1000,1.0,0.3597327168367347
mobilenet_v3_large-int6-default-b2,sat.w12,uniform,12,features_15_block_1_0,depthwise,25,15,15,1000,1.0,0.006727763605442177
mobilenet_v3_large-int6-default-b2,sat.w12,uniform,12,features_15_block_2_fc1,se_reduce,960,19,19,1000,1.0,0.021791666666666668
mobilenet_v3_large-int6-default-b2,sat.w12,uniform,12,features_15_block_2_fc2,se_expand,240,19,18,1000,1.0,0.9063333333333333
mobilenet_v3_large-int6-default-b2,sat.w12,uniform,12,features_15_block_3_0,pointwise_project,960,20,20,1000,1.0,0.028383163265306124
mobilenet_v3_large-int6-default-b2,sat.w12,uniform,12,features_16_0,pointwise_expand,160,17,17,1000,1.0,0.24173871173469388
mobilenet_v3_large-int6-default-b2,sat.w12,uniform,12,features_1_block_0_0,depthwise,9,14,14,0,0.0,0.0
mobilenet_v3_large-int6-default-b2,sat.w12,uniform,12,features_1_block_1_0,pointwise_project,16,15,14,994,0.994,0.0032397411112882655
mobilenet_v3_large-int6-default-b2,sat.w12,uniform,12,features_2_block_0_0,pointwise_expand,16,14,14,541,0.541,6.200673628826531e-06
mobilenet_v3_large-int6-default-b2,sat.w12,uniform,12,features_2_block_1_0,depthwise,9,15,15,998,0.998,0.0039548738440688775
mobilenet_v3_large-int6-default-b2,sat.w12,uniform,12,features_2_block_2_0,pointwise_project,64,17,16,1000,1.0,0.10564455782312925
mobilenet_v3_large-int6-default-b2,sat.w12,uniform,12,features_3_block_0_0,pointwise_expand,24,15,15,949,0.949,0.00040818540958049884
mobilenet_v3_large-int6-default-b2,sat.w12,uniform,12,features_3_block_1_0,depthwise,9,15,14,1000,1.0,0.011497612847222222
mobilenet_v3_large-int6-default-b2,sat.w12,uniform,12,features_3_block_2_0,pointwise_project,72,17,17,1000,1.0,0.21048343165391156
mobilenet_v3_large-int6-default-b2,sat.w12,uniform,12,features_4_block_0_0,pointwise_expand,24,15,15,990,0.99,0.0002376346371882086
mobilenet_v3_large-int6-default-b2,sat.w12,uniform,12,features_4_block_1_0,depthwise,25,16,15,1000,1.0,0.05083195153061224
mobilenet_v3_large-int6-default-b2,sat.w12,uniform,12,features_4_block_2_fc1,se_reduce,72,17,17,1000,1.0,0.9244166666666667
mobilenet_v3_large-int6-default-b2,sat.w12,uniform,12,features_4_block_2_fc2,se_expand,24,16,16,0,0.0,0.0
mobilenet_v3_large-int6-default-b2,sat.w12,uniform,12,features_4_block_3_0,pointwise_project,72,17,16,1000,1.0,0.3496875318877551
mobilenet_v3_large-int6-default-b2,sat.w12,uniform,12,features_5_block_0_0,pointwise_expand,40,15,15,1000,1.0,0.0016650403911564625
mobilenet_v3_large-int6-default-b2,sat.w12,uniform,12,features_5_block_1_0,depthwise,25,16,16,1000,1.0,0.055054474914965984
mobilenet_v3_large-int6-default-b2,sat.w12,uniform,12,features_5_block_2_fc1,se_reduce,120,18,17,1000,1.0,0.366
mobilenet_v3_large-int6-default-b2,sat.w12,uniform,12,features_5_block_2_fc2,se_expand,32,16,16,1000,1.0,0.19164166666666665
mobilenet_v3_large-int6-default-b2,sat.w12,uniform,12,features_5_block_3_0,pointwise_project,120,18,17,1000,1.0,0.0819280612244898
mobilenet_v3_large-int6-default-b2,sat.w12,uniform,12,features_6_block_0_0,pointwise_expand,40,16,16,1000,1.0,0.015576318027210885
mobilenet_v3_large-int6-default-b2,sat.w12,uniform,12,features_6_block_1_0,depthwise,25,16,16,1000,1.0,0.038324287840136056
mobilenet_v3_large-int6-default-b2,sat.w12,uniform,12,features_6_block_2_fc1,se_reduce,120,18,17,1000,1.0,0.524875
mobilenet_v3_large-int6-default-b2,sat.w12,uniform,12,features_6_block_2_fc2,se_expand,32,16,16,1000,1.0,0.208075
mobilenet_v3_large-int6-default-b2,sat.w12,uniform,12,features_6_block_3_0,pointwise_project,120,18,17,1000,1.0,0.0489953125
mobilenet_v3_large-int6-default-b2,sat.w12,uniform,12,features_7_block_0_0,pointwise_expand,40,16,16,1000,1.0,0.0051709768282312924
mobilenet_v3_large-int6-default-b2,sat.w12,uniform,12,features_7_block_1_0,depthwise,9,14,14,1000,1.0,0.0033336522108843537
mobilenet_v3_large-int6-default-b2,sat.w12,uniform,12,features_7_block_2_0,pointwise_project,240,18,18,1000,1.0,0.43651900510204084
mobilenet_v3_large-int6-default-b2,sat.w12,uniform,12,features_8_block_0_0,pointwise_expand,80,17,17,1000,1.0,0.09011558673469387
mobilenet_v3_large-int6-default-b2,sat.w12,uniform,12,features_8_block_1_0,depthwise,9,14,14,1000,1.0,0.008805816326530613
mobilenet_v3_large-int6-default-b2,sat.w12,uniform,12,features_8_block_2_0,pointwise_project,200,17,17,1000,1.0,0.10326683673469388
mobilenet_v3_large-int6-default-b2,sat.w12,uniform,12,features_9_block_0_0,pointwise_expand,80,17,17,1000,1.0,0.11427559338952972
mobilenet_v3_large-int6-default-b2,sat.w12,uniform,12,features_9_block_1_0,depthwise,9,14,14,11,0.011,7.486690328305236e-07
mobilenet_v3_large-int6-default-b2,sat.w12,uniform,12,features_9_block_2_0,pointwise_project,184,18,18,1000,1.0,0.0466499362244898
mobilenet_v3_large-fp6_e2m3-default-b2,sat.w16,uniform,16,classifier_0,classifier,960,21,21,0,0.0,0.0
mobilenet_v3_large-fp6_e2m3-default-b2,sat.w16,uniform,16,classifier_3,classifier,1280,21,21,236,0.236,0.000268
mobilenet_v3_large-fp6_e2m3-default-b2,sat.w16,uniform,16,features_0_0,stem,27,16,16,0,0.0,0.0
mobilenet_v3_large-fp6_e2m3-default-b2,sat.w16,uniform,16,features_10_block_0_0,pointwise_expand,80,18,18,0,0.0,0.0
mobilenet_v3_large-fp6_e2m3-default-b2,sat.w16,uniform,16,features_10_block_1_0,depthwise,9,16,16,0,0.0,0.0
mobilenet_v3_large-fp6_e2m3-default-b2,sat.w16,uniform,16,features_10_block_2_0,pointwise_project,184,19,19,0,0.0,0.0
mobilenet_v3_large-fp6_e2m3-default-b2,sat.w16,uniform,16,features_11_block_0_0,pointwise_expand,80,18,18,0,0.0,0.0
mobilenet_v3_large-fp6_e2m3-default-b2,sat.w16,uniform,16,features_11_block_1_0,depthwise,9,16,16,0,0.0,0.0
mobilenet_v3_large-fp6_e2m3-default-b2,sat.w16,uniform,16,features_11_block_2_fc1,se_reduce,480,20,20,0,0.0,0.0
mobilenet_v3_large-fp6_e2m3-default-b2,sat.w16,uniform,16,features_11_block_2_fc2,se_expand,120,19,19,0,0.0,0.0
mobilenet_v3_large-fp6_e2m3-default-b2,sat.w16,uniform,16,features_11_block_3_0,pointwise_project,480,20,20,0,0.0,0.0
mobilenet_v3_large-fp6_e2m3-default-b2,sat.w16,uniform,16,features_12_block_0_0,pointwise_expand,112,19,19,0,0.0,0.0
mobilenet_v3_large-fp6_e2m3-default-b2,sat.w16,uniform,16,features_12_block_1_0,depthwise,9,16,16,0,0.0,0.0
mobilenet_v3_large-fp6_e2m3-default-b2,sat.w16,uniform,16,features_12_block_2_fc1,se_reduce,672,20,20,0,0.0,0.0
mobilenet_v3_large-fp6_e2m3-default-b2,sat.w16,uniform,16,features_12_block_2_fc2,se_expand,168,19,19,0,0.0,0.0
mobilenet_v3_large-fp6_e2m3-default-b2,sat.w16,uniform,16,features_12_block_3_0,pointwise_project,672,21,21,0,0.0,0.0
mobilenet_v3_large-fp6_e2m3-default-b2,sat.w16,uniform,16,features_13_block_0_0,pointwise_expand,112,19,19,0,0.0,0.0
mobilenet_v3_large-fp6_e2m3-default-b2,sat.w16,uniform,16,features_13_block_1_0,depthwise,25,17,17,0,0.0,0.0
mobilenet_v3_large-fp6_e2m3-default-b2,sat.w16,uniform,16,features_13_block_2_fc1,se_reduce,672,21,21,0,0.0,0.0
mobilenet_v3_large-fp6_e2m3-default-b2,sat.w16,uniform,16,features_13_block_2_fc2,se_expand,168,19,19,0,0.0,0.0
mobilenet_v3_large-fp6_e2m3-default-b2,sat.w16,uniform,16,features_13_block_3_0,pointwise_project,672,21,21,0,0.0,0.0
mobilenet_v3_large-fp6_e2m3-default-b2,sat.w16,uniform,16,features_14_block_0_0,pointwise_expand,160,19,19,0,0.0,0.0
mobilenet_v3_large-fp6_e2m3-default-b2,sat.w16,uniform,16,features_14_block_1_0,depthwise,25,17,17,0,0.0,0.0
mobilenet_v3_large-fp6_e2m3-default-b2,sat.w16,uniform,16,features_14_block_2_fc1,se_reduce,960,21,21,0,0.0,0.0
mobilenet_v3_large-fp6_e2m3-default-b2,sat.w16,uniform,16,features_14_block_2_fc2,se_expand,240,20,19,0,0.0,0.0
mobilenet_v3_large-fp6_e2m3-default-b2,sat.w16,uniform,16,features_14_block_3_0,pointwise_project,960,21,21,0,0.0,0.0
mobilenet_v3_large-fp6_e2m3-default-b2,sat.w16,uniform,16,features_15_block_0_0,pointwise_expand,160,19,19,11,0.011,4.67687074829932e-07
mobilenet_v3_large-fp6_e2m3-default-b2,sat.w16,uniform,16,features_15_block_1_0,depthwise,25,17,17,0,0.0,0.0
mobilenet_v3_large-fp6_e2m3-default-b2,sat.w16,uniform,16,features_15_block_2_fc1,se_reduce,960,21,21,0,0.0,0.0
mobilenet_v3_large-fp6_e2m3-default-b2,sat.w16,uniform,16,features_15_block_2_fc2,se_expand,240,19,19,0,0.0,0.0
mobilenet_v3_large-fp6_e2m3-default-b2,sat.w16,uniform,16,features_15_block_3_0,pointwise_project,960,21,21,0,0.0,0.0
mobilenet_v3_large-fp6_e2m3-default-b2,sat.w16,uniform,16,features_16_0,pointwise_expand,160,19,19,0,0.0,0.0
mobilenet_v3_large-fp6_e2m3-default-b2,sat.w16,uniform,16,features_1_block_0_0,depthwise,9,15,15,0,0.0,0.0
mobilenet_v3_large-fp6_e2m3-default-b2,sat.w16,uniform,16,features_1_block_1_0,pointwise_project,16,16,15,0,0.0,0.0
mobilenet_v3_large-fp6_e2m3-default-b2,sat.w16,uniform,16,features_2_block_0_0,pointwise_expand,16,16,16,0,0.0,0.0
mobilenet_v3_large-fp6_e2m3-default-b2,sat.w16,uniform,16,features_2_block_1_0,depthwise,9,16,15,0,0.0,0.0
mobilenet_v3_large-fp6_e2m3-default-b2,sat.w16,uniform,16,features_2_block_2_0,pointwise_project,64,18,17,0,0.0,0.0
mobilenet_v3_large-fp6_e2m3-default-b2,sat.w16,uniform,16,features_3_block_0_0,pointwise_expand,24,16,16,0,0.0,0.0
mobilenet_v3_large-fp6_e2m3-default-b2,sat.w16,uniform,16,features_3_block_1_0,depthwise,9,16,15,0,0.0,0.0
mobilenet_v3_large-fp6_e2m3-default-b2,sat.w16,uniform,16,features_3_block_2_0,pointwise_project,72,18,17,0,0.0,0.0
mobilenet_v3_large-fp6_e2m3-default-b2,sat.w16,uniform,16,features_4_block_0_0,pointwise_expand,24,16,16,0,0.0,0.0
mobilenet_v3_large-fp6_e2m3-default-b2,sat.w16,uniform,16,features_4_block_1_0,depthwise,25,16,16,0,0.0,0.0
mobilenet_v3_large-fp6_e2m3-default-b2,sat.w16,uniform,16,features_4_block_2_fc1,se_reduce,72,18,18,0,0.0,0.0
mobilenet_v3_large-fp6_e2m3-default-b2,sat.w16,uniform,16,features_4_block_2_fc2,se_expand,24,17,16,0,0.0,0.0
mobilenet_v3_large-fp6_e2m3-default-b2,sat.w16,uniform,16,features_4_block_3_0,pointwise_project,72,18,18,0,0.0,0.0
mobilenet_v3_large-fp6_e2m3-default-b2,sat.w16,uniform,16,features_5_block_0_0,pointwise_expand,40,17,17,0,0.0,0.0
mobilenet_v3_large-fp6_e2m3-default-b2,sat.w16,uniform,16,features_5_block_1_0,depthwise,25,16,16,0,0.0,0.0
mobilenet_v3_large-fp6_e2m3-default-b2,sat.w16,uniform,16,features_5_block_2_fc1,se_reduce,120,18,18,0,0.0,0.0
mobilenet_v3_large-fp6_e2m3-default-b2,sat.w16,uniform,16,features_5_block_2_fc2,se_expand,32,17,16,0,0.0,0.0
mobilenet_v3_large-fp6_e2m3-default-b2,sat.w16,uniform,16,features_5_block_3_0,pointwise_project,120,18,18,0,0.0,0.0
mobilenet_v3_large-fp6_e2m3-default-b2,sat.w16,uniform,16,features_6_block_0_0,pointwise_expand,40,17,17,0,0.0,0.0
mobilenet_v3_large-fp6_e2m3-default-b2,sat.w16,uniform,16,features_6_block_1_0,depthwise,25,17,17,0,0.0,0.0
mobilenet_v3_large-fp6_e2m3-default-b2,sat.w16,uniform,16,features_6_block_2_fc1,se_reduce,120,18,18,0,0.0,0.0
mobilenet_v3_large-fp6_e2m3-default-b2,sat.w16,uniform,16,features_6_block_2_fc2,se_expand,32,17,17,0,0.0,0.0
mobilenet_v3_large-fp6_e2m3-default-b2,sat.w16,uniform,16,features_6_block_3_0,pointwise_project,120,18,18,0,0.0,0.0
mobilenet_v3_large-fp6_e2m3-default-b2,sat.w16,uniform,16,features_7_block_0_0,pointwise_expand,40,17,17,0,0.0,0.0
mobilenet_v3_large-fp6_e2m3-default-b2,sat.w16,uniform,16,features_7_block_1_0,depthwise,9,16,16,0,0.0,0.0
mobilenet_v3_large-fp6_e2m3-default-b2,sat.w16,uniform,16,features_7_block_2_0,pointwise_project,240,19,19,0,0.0,0.0
mobilenet_v3_large-fp6_e2m3-default-b2,sat.w16,uniform,16,features_8_block_0_0,pointwise_expand,80,18,18,0,0.0,0.0
mobilenet_v3_large-fp6_e2m3-default-b2,sat.w16,uniform,16,features_8_block_1_0,depthwise,9,16,16,0,0.0,0.0
mobilenet_v3_large-fp6_e2m3-default-b2,sat.w16,uniform,16,features_8_block_2_0,pointwise_project,200,19,19,0,0.0,0.0
mobilenet_v3_large-fp6_e2m3-default-b2,sat.w16,uniform,16,features_9_block_0_0,pointwise_expand,80,18,18,0,0.0,0.0
mobilenet_v3_large-fp6_e2m3-default-b2,sat.w16,uniform,16,features_9_block_1_0,depthwise,9,16,16,0,0.0,0.0
mobilenet_v3_large-fp6_e2m3-default-b2,sat.w16,uniform,16,features_9_block_2_0,pointwise_project,184,19,19,0,0.0,0.0
mobilenet_v3_large-fp6_e2m3-default-b2,sat.w15,uniform,15,classifier_0,classifier,960,21,21,0,0.0,0.0
mobilenet_v3_large-fp6_e2m3-default-b2,sat.w15,uniform,15,classifier_3,classifier,1280,21,21,957,0.957,0.003825
mobilenet_v3_large-fp6_e2m3-default-b2,sat.w15,uniform,15,features_0_0,stem,27,16,16,113,0.113,2.3522201849489796e-05
mobilenet_v3_large-fp6_e2m3-default-b2,sat.w15,uniform,15,features_10_block_0_0,pointwise_expand,80,18,18,114,0.114,8.124445430346052e-06
mobilenet_v3_large-fp6_e2m3-default-b2,sat.w15,uniform,15,features_10_block_1_0,depthwise,9,16,16,5,0.005,3.3274179236912154e-07
mobilenet_v3_large-fp6_e2m3-default-b2,sat.w15,uniform,15,features_10_block_2_0,pointwise_project,184,19,19,0,0.0,0.0
mobilenet_v3_large-fp6_e2m3-default-b2,sat.w15,uniform,15,features_11_block_0_0,pointwise_expand,80,18,18,23,0.023,4.783163265306122e-07
mobilenet_v3_large-fp6_e2m3-default-b2,sat.w15,uniform,15,features_11_block_1_0,depthwise,9,16,16,0,0.0,0.0
mobilenet_v3_large-fp6_e2m3-default-b2,sat.w15,uniform,15,features_11_block_2_fc1,se_reduce,480,20,20,0,0.0,0.0
mobilenet_v3_large-fp6_e2m3-default-b2,sat.w15,uniform,15,features_11_block_2_fc2,se_expand,120,19,19,1000,1.0,0.0020833333333333333
mobilenet_v3_large-fp6_e2m3-default-b2,sat.w15,uniform,15,features_11_block_3_0,pointwise_project,480,20,20,155,0.155,8.199708454810496e-06
mobilenet_v3_large-fp6_e2m3-default-b2,sat.w15,uniform,15,features_12_block_0_0,pointwise_expand,112,19,19,964,0.964,4.5113581146744415e-05
mobilenet_v3_large-fp6_e2m3-default-b2,sat.w15,uniform,15,features_12_block_1_0,depthwise,9,16,16,0,0.0,0.0
mobilenet_v3_large-fp6_e2m3-default-b2,sat.w15,uniform,15,features_12_block_2_fc1,se_reduce,672,20,20,0,0.0,0.0
mobilenet_v3_large-fp6_e2m3-default-b2,sat.w15,uniform,15,features_12_block_2_fc2,se_expand,168,19,19,1000,1.0,0.07278571428571429
mobilenet_v3_large-fp6_e2m3-default-b2,sat.w15,uniform,15,features_12_block_3_0,pointwise_project,672,21,21,0,0.0,0.0
mobilenet_v3_large-fp6_e2m3-default-b2,sat.w15,uniform,15,features_13_block_0_0,pointwise_expand,112,19,19,921,0.921,3.459062196307094e-05
mobilenet_v3_large-fp6_e2m3-default-b2,sat.w15,uniform,15,features_13_block_1_0,depthwise,25,17,17,46,0.046,2.33843537414966e-06
mobilenet_v3_large-fp6_e2m3-default-b2,sat.w15,uniform,15,features_13_block_2_fc1,se_reduce,672,21,21,3,0.003,1.785714285714286e-05
mobilenet_v3_large-fp6_e2m3-default-b2,sat.w15,uniform,15,features_13_block_2_fc2,se_expand,168,19,19,89,0.089,0.0001919642857142857
mobilenet_v3_large-fp6_e2m3-default-b2,sat.w15,uniform,15,features_13_block_3_0,pointwise_project,672,21,21,13,0.013,1.6581632653061225e-06
mobilenet_v3_large-fp6_e2m3-default-b2,sat.w15,uniform,15,features_14_block_0_0,pointwise_expand,160,19,19,787,0.787,7.572278911564626e-05
mobilenet_v3_large-fp6_e2m3-default-b2,sat.w15,uniform,15,features_14_block_1_0,depthwise,25,17,17,0,0.0,0.0
mobilenet_v3_large-fp6_e2m3-default-b2,sat.w15,uniform,15,features_14_block_2_fc1,se_reduce,960,21,21,0,0.0,0.0
mobilenet_v3_large-fp6_e2m3-default-b2,sat.w15,uniform,15,features_14_block_2_fc2,se_expand,240,20,19,137,0.137,0.00016666666666666666
mobilenet_v3_large-fp6_e2m3-default-b2,sat.w15,uniform,15,features_14_block_3_0,pointwise_project,960,21,21,0,0.0,0.0
mobilenet_v3_large-fp6_e2m3-default-b2,sat.w15,uniform,15,features_15_block_0_0,pointwise_expand,160,19,19,654,0.654,8.607568027210884e-05
mobilenet_v3_large-fp6_e2m3-default-b2,sat.w15,uniform,15,features_15_block_1_0,depthwise,25,17,17,0,0.0,0.0
mobilenet_v3_large-fp6_e2m3-default-b2,sat.w15,uniform,15,features_15_block_2_fc1,se_reduce,960,21,21,0,0.0,0.0
mobilenet_v3_large-fp6_e2m3-default-b2,sat.w15,uniform,15,features_15_block_2_fc2,se_expand,240,19,19,0,0.0,0.0
mobilenet_v3_large-fp6_e2m3-default-b2,sat.w15,uniform,15,features_15_block_3_0,pointwise_project,960,21,21,0,0.0,0.0
mobilenet_v3_large-fp6_e2m3-default-b2,sat.w15,uniform,15,features_16_0,pointwise_expand,160,19,19,220,0.22,1.1415816326530612e-05
mobilenet_v3_large-fp6_e2m3-default-b2,sat.w15,uniform,15,features_1_block_0_0,depthwise,9,15,15,0,0.0,0.0
mobilenet_v3_large-fp6_e2m3-default-b2,sat.w15,uniform,15,features_1_block_1_0,pointwise_project,16,16,15,0,0.0,0.0
mobilenet_v3_large-fp6_e2m3-default-b2,sat.w15,uniform,15,features_2_block_0_0,pointwise_expand,16,16,16,0,0.0,0.0
mobilenet_v3_large-fp6_e2m3-default-b2,sat.w15,uniform,15,features_2_block_1_0,depthwise,9,16,15,0,0.0,0.0
mobilenet_v3_large-fp6_e2m3-default-b2,sat.w15,uniform,15,features_2_block_2_0,pointwise_project,64,18,17,0,0.0,0.0
mobilenet_v3_large-fp6_e2m3-default-b2,sat.w15,uniform,15,features_3_block_0_0,pointwise_expand,24,16,16,0,0.0,0.0
mobilenet_v3_large-fp6_e2m3-default-b2,sat.w15,uniform,15,features_3_block_1_0,depthwise,9,16,15,0,0.0,0.0
mobilenet_v3_large-fp6_e2m3-default-b2,sat.w15,uniform,15,features_3_block_2_0,pointwise_project,72,18,17,0,0.0,0.0
mobilenet_v3_large-fp6_e2m3-default-b2,sat.w15,uniform,15,features_4_block_0_0,pointwise_expand,24,16,16,0,0.0,0.0
mobilenet_v3_large-fp6_e2m3-default-b2,sat.w15,uniform,15,features_4_block_1_0,depthwise,25,16,16,0,0.0,0.0
mobilenet_v3_large-fp6_e2m3-default-b2,sat.w15,uniform,15,features_4_block_2_fc1,se_reduce,72,18,18,0,0.0,0.0
mobilenet_v3_large-fp6_e2m3-default-b2,sat.w15,uniform,15,features_4_block_2_fc2,se_expand,24,17,16,0,0.0,0.0
mobilenet_v3_large-fp6_e2m3-default-b2,sat.w15,uniform,15,features_4_block_3_0,pointwise_project,72,18,18,0,0.0,0.0
mobilenet_v3_large-fp6_e2m3-default-b2,sat.w15,uniform,15,features_5_block_0_0,pointwise_expand,40,17,17,1,0.001,1.0629251700680273e-08
mobilenet_v3_large-fp6_e2m3-default-b2,sat.w15,uniform,15,features_5_block_1_0,depthwise,25,16,16,0,0.0,0.0
mobilenet_v3_large-fp6_e2m3-default-b2,sat.w15,uniform,15,features_5_block_2_fc1,se_reduce,120,18,18,0,0.0,0.0
mobilenet_v3_large-fp6_e2m3-default-b2,sat.w15,uniform,15,features_5_block_2_fc2,se_expand,32,17,16,0,0.0,0.0
mobilenet_v3_large-fp6_e2m3-default-b2,sat.w15,uniform,15,features_5_block_3_0,pointwise_project,120,18,18,0,0.0,0.0
mobilenet_v3_large-fp6_e2m3-default-b2,sat.w15,uniform,15,features_6_block_0_0,pointwise_expand,40,17,17,0,0.0,0.0
mobilenet_v3_large-fp6_e2m3-default-b2,sat.w15,uniform,15,features_6_block_1_0,depthwise,25,17,17,0,0.0,0.0
mobilenet_v3_large-fp6_e2m3-default-b2,sat.w15,uniform,15,features_6_block_2_fc1,se_reduce,120,18,18,0,0.0,0.0
mobilenet_v3_large-fp6_e2m3-default-b2,sat.w15,uniform,15,features_6_block_2_fc2,se_expand,32,17,17,0,0.0,0.0
mobilenet_v3_large-fp6_e2m3-default-b2,sat.w15,uniform,15,features_6_block_3_0,pointwise_project,120,18,18,0,0.0,0.0
mobilenet_v3_large-fp6_e2m3-default-b2,sat.w15,uniform,15,features_7_block_0_0,pointwise_expand,40,17,17,30,0.03,1.9664115646258503e-07
mobilenet_v3_large-fp6_e2m3-default-b2,sat.w15,uniform,15,features_7_block_1_0,depthwise,9,16,16,0,0.0,0.0
mobilenet_v3_large-fp6_e2m3-default-b2,sat.w15,uniform,15,features_7_block_2_0,pointwise_project,240,19,19,1,0.001,6.377551020408163e-08
mobilenet_v3_large-fp6_e2m3-default-b2,sat.w15,uniform,15,features_8_block_0_0,pointwise_expand,80,18,18,20,0.02,6.122448979591837e-07
mobilenet_v3_large-fp6_e2m3-default-b2,sat.w15,uniform,15,features_8_block_1_0,depthwise,9,16,16,0,0.0,0.0
mobilenet_v3_large-fp6_e2m3-default-b2,sat.w15,uniform,15,features_8_block_2_0,pointwise_project,200,19,19,0,0.0,0.0
mobilenet_v3_large-fp6_e2m3-default-b2,sat.w15,uniform,15,features_9_block_0_0,pointwise_expand,80,18,18,14,0.014,5.268411712511091e-07
mobilenet_v3_large-fp6_e2m3-default-b2,sat.w15,uniform,15,features_9_block_1_0,depthwise,9,16,16,0,0.0,0.0
mobilenet_v3_large-fp6_e2m3-default-b2,sat.w15,uniform,15,features_9_block_2_0,pointwise_project,184,19,19,0,0.0,0.0
mobilenet_v3_large-fp6_e2m3-default-b2,sat.w14,uniform,14,classifier_0,classifier,960,21,21,25,0.025,1.953125e-05
mobilenet_v3_large-fp6_e2m3-default-b2,sat.w14,uniform,14,classifier_3,classifier,1280,21,21,1000,1.0,0.038352
mobilenet_v3_large-fp6_e2m3-default-b2,sat.w14,uniform,14,features_0_0,stem,27,16,16,979,0.979,0.015477828045280612
mobilenet_v3_large-fp6_e2m3-default-b2,sat.w14,uniform,14,features_10_block_0_0,pointwise_expand,80,18,18,1000,1.0,0.0031444653948535938
mobilenet_v3_large-fp6_e2m3-default-b2,sat.w14,uniform,14,features_10_block_1_0,depthwise,9,16,16,509,0.509,0.00010484139307897072
mobilenet_v3_large-fp6_e2m3-default-b2,sat.w14,uniform,14,features_10_block_2_0,pointwise_project,184,19,19,756,0.756,0.00014553571428571428
mobilenet_v3_large-fp6_e2m3-default-b2,sat.w14,uniform,14,features_11_block_0_0,pointwise_expand,80,18,18,1000,1.0,0.0010695365646258503
mobilenet_v3_large-fp6_e2m3-default-b2,sat.w14,uniform,14,features_11_block_1_0,depthwise,9,16,16,997,0.997,0.0007323341836734694
mobilenet_v3_large-fp6_e2m3-default-b2,sat.w14,uniform,14,features_11_block_2_fc1,se_reduce,480,20,20,986,0.986,0.022483333333333334
mobilenet_v3_large-fp6_e2m3-default-b2,sat.w14,uniform,14,features_11_block_2_fc2,se_expand,120,19,19,1000,1.0,0.04641666666666667
mobilenet_v3_large-fp6_e2m3-default-b2,sat.w14,uniform,14,features_11_block_3_0,pointwise_project,480,20,20,1000,1.0,0.016418777332361516
mobilenet_v3_large-fp6_e2m3-default-b2,sat.w14,uniform,14,features_12_block_0_0,pointwise_expand,112,19,19,1000,1.0,0.020786686103012635
mobilenet_v3_large-fp6_e2m3-default-b2,sat.w14,uniform,14,features_12_block_1_0,depthwise,9,16,16,799,0.799,3.6010386297376095e-05
mobilenet_v3_large-fp6_e2m3-default-b2,sat.w14,uniform,14,features_12_block_2_fc1,se_reduce,672,20,20,396,0.396,0.0027976190476190475
mobilenet_v3_large-fp6_e2m3-default-b2,sat.w14,uniform,14,features_12_block_2_fc2,se_expand,168,19,19,1000,1.0,0.6778080357142857
mobilenet_v3_large-fp6_e2m3-default-b2,sat.w14,uniform,14,features_12_block_3_0,pointwise_project,672,21,21,160,0.16,8.518586005830904e-06
mobilenet_v3_large-fp6_e2m3-default-b2,sat.w14,uniform,14,features_13_block_0_0,pointwise_expand,112,19,19,1000,1.0,0.022134103194849368
mobilenet_v3_large-fp6_e2m3-default-b2,sat.w14,uniform,14,features_13_block_1_0,depthwise,25,17,17,1000,1.0,0.00230466472303207
mobilenet_v3_large-fp6_e2m3-default-b2,sat.w14,uniform,14,features_13_block_2_fc1,se_reduce,672,21,21,1000,1.0,0.05035714285714286
mobilenet_v3_large-fp6_e2m3-default-b2,sat.w14,uniform,14,features_13_block_2_fc2,se_expand,168,19,19,1000,1.0,0.2974672619047619
mobilenet_v3_large-fp6_e2m3-default-b2,sat.w14,uniform,14,features_13_block_3_0,pointwise_project,672,21,21,1000,1.0,0.01396326530612245
mobilenet_v3_large-fp6_e2m3-default-b2,sat.w14,uniform,14,features_14_block_0_0,pointwise_expand,160,19,19,1000,1.0,0.02566417942176871
mobilenet_v3_large-fp6_e2m3-default-b2,sat.w14,uniform,14,features_14_block_1_0,depthwise,25,17,17,124,0.124,8.801020408163265e-06
mobilenet_v3_large-fp6_e2m3-default-b2,sat.w14,uniform,14,features_14_block_2_fc1,se_reduce,960,21,21,456,0.456,0.0033833333333333332
mobilenet_v3_large-fp6_e2m3-default-b2,sat.w14,uniform,14,features_14_block_2_fc2,se_expand,240,20,19,1000,1.0,0.39612708333333335
mobilenet_v3_large-fp6_e2m3-default-b2,sat.w14,uniform,14,features_14_block_3_0,pointwise_project,960,21,21,0,0.0,0.0
mobilenet_v3_large-fp6_e2m3-default-b2,sat.w14,uniform,14,features_15_block_0_0,pointwise_expand,160,19,19,1000,1.0,0.014443005952380952
mobilenet_v3_large-fp6_e2m3-default-b2,sat.w14,uniform,14,features_15_block_1_0,depthwise,25,17,17,394,0.394,5.1721938775510204e-05
mobilenet_v3_large-fp6_e2m3-default-b2,sat.w14,uniform,14,features_15_block_2_fc1,se_reduce,960,21,21,6,0.006,3.3333333333333335e-05
mobilenet_v3_large-fp6_e2m3-default-b2,sat.w14,uniform,14,features_15_block_2_fc2,se_expand,240,19,19,1000,1.0,0.164328125
mobilenet_v3_large-fp6_e2m3-default-b2,sat.w14,uniform,14,features_15_block_3_0,pointwise_project,960,21,21,6,0.006,1.020408163265306e-06
mobilenet_v3_large-fp6_e2m3-default-b2,sat.w14,uniform,14,features_16_0,pointwise_expand,160,19,19,1000,1.0,0.0030047406462585034
mobilenet_v3_large-fp6_e2m3-default-b2,sat.w14,uniform,14,features_1_block_0_0,depthwise,9,15,15,0,0.0,0.0
mobilenet_v3_large-fp6_e2m3-default-b2,sat.w14,uniform,14,features_1_block_1_0,pointwise_project,16,16,15,1,0.001,4.9824617346938776e-09
mobilenet_v3_large-fp6_e2m3-default-b2,sat.w14,uniform,14,features_2_block_0_0,pointwise_expand,16,16,16,11,0.011,1.6193000637755102e-08
mobilenet_v3_large-fp6_e2m3-default-b2,sat.w14,uniform,14,features_2_block_1_0,depthwise,9,16,15,377,0.377,9.89516900510204e-06
mobilenet_v3_large-fp6_e2m3-default-b2,sat.w14,uniform,14,features_2_block_2_0,pointwise_project,64,18,17,226,0.226,1.1293579931972788e-05
mobilenet_v3_large-fp6_e2m3-default-b2,sat.w14,uniform,14,features_3_block_0_0,pointwise_expand,24,16,16,457,0.457,1.0992417800453514e-05
mobilenet_v3_large-fp6_e2m3-default-b2,sat.w14,uniform,14,features_3_block_1_0,depthwise,9,16,15,0,0.0,0.0
mobilenet_v3_large-fp6_e2m3-default-b2,sat.w14,uniform,14,features_3_block_2_0,pointwise_project,72,18,17,842,0.842,6.663212159863945e-05
mobilenet_v3_large-fp6_e2m3-default-b2,sat.w14,uniform,14,features_4_block_0_0,pointwise_expand,24,16,16,861,0.861,2.6887577947845806e-05
mobilenet_v3_large-fp6_e2m3-default-b2,sat.w14,uniform,14,features_4_block_1_0,depthwise,25,16,16,682,0.682,0.0001529903628117914
mobilenet_v3_large-fp6_e2m3-default-b2,sat.w14,uniform,14,features_4_block_2_fc1,se_reduce,72,18,18,345,0.345,0.017541666666666667
mobilenet_v3_large-fp6_e2m3-default-b2,sat.w14,uniform,14,features_4_block_2_fc2,se_expand,24,17,16,0,0.0,0.0
mobilenet_v3_large-fp6_e2m3-default-b2,sat.w14,uniform,14,features_4_block_3_0,pointwise_project,72,18,18,137,0.137,8.19515306122449e-06
mobilenet_v3_large-fp6_e2m3-default-b2,sat.w14,uniform,14,features_5_block_0_0,pointwise_expand,40,17,17,921,0.921,0.00024233630952380953
mobilenet_v3_large-fp6_e2m3-default-b2,sat.w14,uniform,14,features_5_block_1_0,depthwise,25,16,16,1000,1.0,0.00760671768707483
mobilenet_v3_large-fp6_e2m3-default-b2,sat.w14,uniform,14,features_5_block_2_fc1,se_reduce,120,18,18,9,0.009,0.00028125
mobilenet_v3_large-fp6_e2m3-default-b2,sat.w14,uniform,14,features_5_block_2_fc2,se_expand,32,17,16,3,0.003,2.5e-05
mobilenet_v3_large-fp6_e2m3-default-b2,sat.w14,uniform,14,features_5_block_3_0,pointwise_project,120,18,18,66,0.066,2.5191326530612243e-06
mobilenet_v3_large-fp6_e2m3-default-b2,sat.w14,uniform,14,features_6_block_0_0,pointwise_expand,40,17,17,964,0.964,0.0002602253401360544
mobilenet_v3_large-fp6_e2m3-default-b2,sat.w14,uniform,14,features_6_block_1_0,depthwise,25,17,17,584,0.584,0.00012527636054421768
mobilenet_v3_large-fp6_e2m3-default-b2,sat.w14,uniform,14,features_6_block_2_fc1,se_reduce,120,18,18,105,0.105,0.0035625
mobilenet_v3_large-fp6_e2m3-default-b2,sat.w14,uniform,14,features_6_block_2_fc2,se_expand,32,17,17,1000,1.0,0.033258333333333334
mobilenet_v3_large-fp6_e2m3-default-b2,sat.w14,uniform,14,features_6_block_3_0,pointwise_project,120,18,18,441,0.441,2.6753826530612245e-05
mobilenet_v3_large-fp6_e2m3-default-b2,sat.w14,uniform,14,features_7_block_0_0,pointwise_expand,40,17,17,1000,1.0,0.00012313456632653062
mobilenet_v3_large-fp6_e2m3-default-b2,sat.w14,uniform,14,features_7_block_1_0,depthwise,9,16,16,994,0.994,0.000312733843537415
mobilenet_v3_large-fp6_e2m3-default-b2,sat.w14,uniform,14,features_7_block_2_0,pointwise_project,240,19,19,1000,1.0,0.042607206632653064
mobilenet_v3_large-fp6_e2m3-default-b2,sat.w14,uniform,14,features_8_block_0_0,pointwise_expand,80,18,18,1000,1.0,0.002634591836734694
mobilenet_v3_large-fp6_e2m3-default-b2,sat.w14,uniform,14,features_8_block_1_0,depthwise,9,16,16,1000,1.0,0.0033609948979591835
mobilenet_v3_large-fp6_e2m3-default-b2,sat.w14,uniform,14,features_8_block_2_0,pointwise_project,200,19,19,1000,1.0,0.02010089285714286
mobilenet_v3_large-fp6_e2m3-default-b2,sat.w14,uniform,14,features_9_block_0_0,pointwise_expand,80,18,18,1000,1.0,0.001558590283939663
mobilenet_v3_large-fp6_e2m3-default-b2,sat.w14,uniform,14,features_9_block_1_0,depthwise,9,16,16,8,0.008,1.109139307897072e-06
mobilenet_v3_large-fp6_e2m3-default-b2,sat.w14,uniform,14,features_9_block_2_0,pointwise_project,184,19,19,131,0.131,1.1607142857142857e-05
mobilenet_v3_large-fp6_e2m3-default-b2,sat.struct-1,per_node,1,classifier_0,classifier,960,21,21,0,0.0,0.0
mobilenet_v3_large-fp6_e2m3-default-b2,sat.struct-1,per_node,1,classifier_3,classifier,1280,21,21,0,0.0,0.0
mobilenet_v3_large-fp6_e2m3-default-b2,sat.struct-1,per_node,1,features_0_0,stem,27,16,16,113,0.113,2.3522201849489796e-05
mobilenet_v3_large-fp6_e2m3-default-b2,sat.struct-1,per_node,1,features_10_block_0_0,pointwise_expand,80,18,18,0,0.0,0.0
mobilenet_v3_large-fp6_e2m3-default-b2,sat.struct-1,per_node,1,features_10_block_1_0,depthwise,9,16,16,5,0.005,3.3274179236912154e-07
mobilenet_v3_large-fp6_e2m3-default-b2,sat.struct-1,per_node,1,features_10_block_2_0,pointwise_project,184,19,19,0,0.0,0.0
mobilenet_v3_large-fp6_e2m3-default-b2,sat.struct-1,per_node,1,features_11_block_0_0,pointwise_expand,80,18,18,0,0.0,0.0
mobilenet_v3_large-fp6_e2m3-default-b2,sat.struct-1,per_node,1,features_11_block_1_0,depthwise,9,16,16,0,0.0,0.0
mobilenet_v3_large-fp6_e2m3-default-b2,sat.struct-1,per_node,1,features_11_block_2_fc1,se_reduce,480,20,20,0,0.0,0.0
mobilenet_v3_large-fp6_e2m3-default-b2,sat.struct-1,per_node,1,features_11_block_2_fc2,se_expand,120,19,19,0,0.0,0.0
mobilenet_v3_large-fp6_e2m3-default-b2,sat.struct-1,per_node,1,features_11_block_3_0,pointwise_project,480,20,20,0,0.0,0.0
mobilenet_v3_large-fp6_e2m3-default-b2,sat.struct-1,per_node,1,features_12_block_0_0,pointwise_expand,112,19,19,0,0.0,0.0
mobilenet_v3_large-fp6_e2m3-default-b2,sat.struct-1,per_node,1,features_12_block_1_0,depthwise,9,16,16,0,0.0,0.0
mobilenet_v3_large-fp6_e2m3-default-b2,sat.struct-1,per_node,1,features_12_block_2_fc1,se_reduce,672,20,20,0,0.0,0.0
mobilenet_v3_large-fp6_e2m3-default-b2,sat.struct-1,per_node,1,features_12_block_2_fc2,se_expand,168,19,19,0,0.0,0.0
mobilenet_v3_large-fp6_e2m3-default-b2,sat.struct-1,per_node,1,features_12_block_3_0,pointwise_project,672,21,21,0,0.0,0.0
mobilenet_v3_large-fp6_e2m3-default-b2,sat.struct-1,per_node,1,features_13_block_0_0,pointwise_expand,112,19,19,0,0.0,0.0
mobilenet_v3_large-fp6_e2m3-default-b2,sat.struct-1,per_node,1,features_13_block_1_0,depthwise,25,17,17,0,0.0,0.0
mobilenet_v3_large-fp6_e2m3-default-b2,sat.struct-1,per_node,1,features_13_block_2_fc1,se_reduce,672,21,21,0,0.0,0.0
mobilenet_v3_large-fp6_e2m3-default-b2,sat.struct-1,per_node,1,features_13_block_2_fc2,se_expand,168,19,19,0,0.0,0.0
mobilenet_v3_large-fp6_e2m3-default-b2,sat.struct-1,per_node,1,features_13_block_3_0,pointwise_project,672,21,21,0,0.0,0.0
mobilenet_v3_large-fp6_e2m3-default-b2,sat.struct-1,per_node,1,features_14_block_0_0,pointwise_expand,160,19,19,0,0.0,0.0
mobilenet_v3_large-fp6_e2m3-default-b2,sat.struct-1,per_node,1,features_14_block_1_0,depthwise,25,17,17,0,0.0,0.0
mobilenet_v3_large-fp6_e2m3-default-b2,sat.struct-1,per_node,1,features_14_block_2_fc1,se_reduce,960,21,21,0,0.0,0.0
mobilenet_v3_large-fp6_e2m3-default-b2,sat.struct-1,per_node,1,features_14_block_2_fc2,se_expand,240,20,19,0,0.0,0.0
mobilenet_v3_large-fp6_e2m3-default-b2,sat.struct-1,per_node,1,features_14_block_3_0,pointwise_project,960,21,21,0,0.0,0.0
mobilenet_v3_large-fp6_e2m3-default-b2,sat.struct-1,per_node,1,features_15_block_0_0,pointwise_expand,160,19,19,0,0.0,0.0
mobilenet_v3_large-fp6_e2m3-default-b2,sat.struct-1,per_node,1,features_15_block_1_0,depthwise,25,17,17,0,0.0,0.0
mobilenet_v3_large-fp6_e2m3-default-b2,sat.struct-1,per_node,1,features_15_block_2_fc1,se_reduce,960,21,21,0,0.0,0.0
mobilenet_v3_large-fp6_e2m3-default-b2,sat.struct-1,per_node,1,features_15_block_2_fc2,se_expand,240,19,19,0,0.0,0.0
mobilenet_v3_large-fp6_e2m3-default-b2,sat.struct-1,per_node,1,features_15_block_3_0,pointwise_project,960,21,21,0,0.0,0.0
mobilenet_v3_large-fp6_e2m3-default-b2,sat.struct-1,per_node,1,features_16_0,pointwise_expand,160,19,19,0,0.0,0.0
mobilenet_v3_large-fp6_e2m3-default-b2,sat.struct-1,per_node,1,features_1_block_0_0,depthwise,9,15,15,0,0.0,0.0
mobilenet_v3_large-fp6_e2m3-default-b2,sat.struct-1,per_node,1,features_1_block_1_0,pointwise_project,16,16,15,1,0.001,4.9824617346938776e-09
mobilenet_v3_large-fp6_e2m3-default-b2,sat.struct-1,per_node,1,features_2_block_0_0,pointwise_expand,16,16,16,0,0.0,0.0
mobilenet_v3_large-fp6_e2m3-default-b2,sat.struct-1,per_node,1,features_2_block_1_0,depthwise,9,16,15,384,0.384,1.6337492028061225e-05
mobilenet_v3_large-fp6_e2m3-default-b2,sat.struct-1,per_node,1,features_2_block_2_0,pointwise_project,64,18,17,0,0.0,0.0
mobilenet_v3_large-fp6_e2m3-default-b2,sat.struct-1,per_node,1,features_3_block_0_0,pointwise_expand,24,16,16,0,0.0,0.0
mobilenet_v3_large-fp6_e2m3-default-b2,sat.struct-1,per_node,1,features_3_block_1_0,depthwise,9,16,15,0,0.0,0.0
mobilenet_v3_large-fp6_e2m3-default-b2,sat.struct-1,per_node,1,features_3_block_2_0,pointwise_project,72,18,17,0,0.0,0.0
mobilenet_v3_large-fp6_e2m3-default-b2,sat.struct-1,per_node,1,features_4_block_0_0,pointwise_expand,24,16,16,0,0.0,0.0
mobilenet_v3_large-fp6_e2m3-default-b2,sat.struct-1,per_node,1,features_4_block_1_0,depthwise,25,16,16,0,0.0,0.0
mobilenet_v3_large-fp6_e2m3-default-b2,sat.struct-1,per_node,1,features_4_block_2_fc1,se_reduce,72,18,18,0,0.0,0.0
mobilenet_v3_large-fp6_e2m3-default-b2,sat.struct-1,per_node,1,features_4_block_2_fc2,se_expand,24,17,16,0,0.0,0.0
mobilenet_v3_large-fp6_e2m3-default-b2,sat.struct-1,per_node,1,features_4_block_3_0,pointwise_project,72,18,18,0,0.0,0.0
mobilenet_v3_large-fp6_e2m3-default-b2,sat.struct-1,per_node,1,features_5_block_0_0,pointwise_expand,40,17,17,0,0.0,0.0
mobilenet_v3_large-fp6_e2m3-default-b2,sat.struct-1,per_node,1,features_5_block_1_0,depthwise,25,16,16,0,0.0,0.0
mobilenet_v3_large-fp6_e2m3-default-b2,sat.struct-1,per_node,1,features_5_block_2_fc1,se_reduce,120,18,18,0,0.0,0.0
mobilenet_v3_large-fp6_e2m3-default-b2,sat.struct-1,per_node,1,features_5_block_2_fc2,se_expand,32,17,16,0,0.0,0.0
mobilenet_v3_large-fp6_e2m3-default-b2,sat.struct-1,per_node,1,features_5_block_3_0,pointwise_project,120,18,18,0,0.0,0.0
mobilenet_v3_large-fp6_e2m3-default-b2,sat.struct-1,per_node,1,features_6_block_0_0,pointwise_expand,40,17,17,0,0.0,0.0
mobilenet_v3_large-fp6_e2m3-default-b2,sat.struct-1,per_node,1,features_6_block_1_0,depthwise,25,17,17,0,0.0,0.0
mobilenet_v3_large-fp6_e2m3-default-b2,sat.struct-1,per_node,1,features_6_block_2_fc1,se_reduce,120,18,18,0,0.0,0.0
mobilenet_v3_large-fp6_e2m3-default-b2,sat.struct-1,per_node,1,features_6_block_2_fc2,se_expand,32,17,17,0,0.0,0.0
mobilenet_v3_large-fp6_e2m3-default-b2,sat.struct-1,per_node,1,features_6_block_3_0,pointwise_project,120,18,18,0,0.0,0.0
mobilenet_v3_large-fp6_e2m3-default-b2,sat.struct-1,per_node,1,features_7_block_0_0,pointwise_expand,40,17,17,0,0.0,0.0
mobilenet_v3_large-fp6_e2m3-default-b2,sat.struct-1,per_node,1,features_7_block_1_0,depthwise,9,16,16,0,0.0,0.0
mobilenet_v3_large-fp6_e2m3-default-b2,sat.struct-1,per_node,1,features_7_block_2_0,pointwise_project,240,19,19,0,0.0,0.0
mobilenet_v3_large-fp6_e2m3-default-b2,sat.struct-1,per_node,1,features_8_block_0_0,pointwise_expand,80,18,18,0,0.0,0.0
mobilenet_v3_large-fp6_e2m3-default-b2,sat.struct-1,per_node,1,features_8_block_1_0,depthwise,9,16,16,0,0.0,0.0
mobilenet_v3_large-fp6_e2m3-default-b2,sat.struct-1,per_node,1,features_8_block_2_0,pointwise_project,200,19,19,0,0.0,0.0
mobilenet_v3_large-fp6_e2m3-default-b2,sat.struct-1,per_node,1,features_9_block_0_0,pointwise_expand,80,18,18,0,0.0,0.0
mobilenet_v3_large-fp6_e2m3-default-b2,sat.struct-1,per_node,1,features_9_block_1_0,depthwise,9,16,16,0,0.0,0.0
mobilenet_v3_large-fp6_e2m3-default-b2,sat.struct-1,per_node,1,features_9_block_2_0,pointwise_project,184,19,19,0,0.0,0.0
mobilenet_v3_large-fp6_e2m3-default-b2,sat.struct-2,per_node,2,classifier_0,classifier,960,21,21,0,0.0,0.0
mobilenet_v3_large-fp6_e2m3-default-b2,sat.struct-2,per_node,2,classifier_3,classifier,1280,21,21,0,0.0,0.0
mobilenet_v3_large-fp6_e2m3-default-b2,sat.struct-2,per_node,2,features_0_0,stem,27,16,16,979,0.979,0.015477828045280612
mobilenet_v3_large-fp6_e2m3-default-b2,sat.struct-2,per_node,2,features_10_block_0_0,pointwise_expand,80,18,18,0,0.0,0.0
mobilenet_v3_large-fp6_e2m3-default-b2,sat.struct-2,per_node,2,features_10_block_1_0,depthwise,9,16,16,809,0.809,0.0003785492457852706
mobilenet_v3_large-fp6_e2m3-default-b2,sat.struct-2,per_node,2,features_10_block_2_0,pointwise_project,184,19,19,0,0.0,0.0
mobilenet_v3_large-fp6_e2m3-default-b2,sat.struct-2,per_node,2,features_11_block_0_0,pointwise_expand,80,18,18,0,0.0,0.0
mobilenet_v3_large-fp6_e2m3-default-b2,sat.struct-2,per_node,2,features_11_block_1_0,depthwise,9,16,16,960,0.96,0.00023511904761904762
mobilenet_v3_large-fp6_e2m3-default-b2,sat.struct-2,per_node,2,features_11_block_2_fc1,se_reduce,480,20,20,0,0.0,0.0
mobilenet_v3_large-fp6_e2m3-default-b2,sat.struct-2,per_node,2,features_11_block_2_fc2,se_expand,120,19,19,0,0.0,0.0
mobilenet_v3_large-fp6_e2m3-default-b2,sat.struct-2,per_node,2,features_11_block_3_0,pointwise_project,480,20,20,0,0.0,0.0
mobilenet_v3_large-fp6_e2m3-default-b2,sat.struct-2,per_node,2,features_12_block_0_0,pointwise_expand,112,19,19,0,0.0,0.0
mobilenet_v3_large-fp6_e2m3-default-b2,sat.struct-2,per_node,2,features_12_block_1_0,depthwise,9,16,16,892,0.892,6.022989552964043e-05
mobilenet_v3_large-fp6_e2m3-default-b2,sat.struct-2,per_node,2,features_12_block_2_fc1,se_reduce,672,20,20,0,0.0,0.0
mobilenet_v3_large-fp6_e2m3-default-b2,sat.struct-2,per_node,2,features_12_block_2_fc2,se_expand,168,19,19,0,0.0,0.0
mobilenet_v3_large-fp6_e2m3-default-b2,sat.struct-2,per_node,2,features_12_block_3_0,pointwise_project,672,21,21,0,0.0,0.0
mobilenet_v3_large-fp6_e2m3-default-b2,sat.struct-2,per_node,2,features_13_block_0_0,pointwise_expand,112,19,19,0,0.0,0.0
mobilenet_v3_large-fp6_e2m3-default-b2,sat.struct-2,per_node,2,features_13_block_1_0,depthwise,25,17,17,64,0.064,5.800534499514091e-06
mobilenet_v3_large-fp6_e2m3-default-b2,sat.struct-2,per_node,2,features_13_block_2_fc1,se_reduce,672,21,21,0,0.0,0.0
mobilenet_v3_large-fp6_e2m3-default-b2,sat.struct-2,per_node,2,features_13_block_2_fc2,se_expand,168,19,19,0,0.0,0.0
mobilenet_v3_large-fp6_e2m3-default-b2,sat.struct-2,per_node,2,features_13_block_3_0,pointwise_project,672,21,21,0,0.0,0.0
mobilenet_v3_large-fp6_e2m3-default-b2,sat.struct-2,per_node,2,features_14_block_0_0,pointwise_expand,160,19,19,0,0.0,0.0
mobilenet_v3_large-fp6_e2m3-default-b2,sat.struct-2,per_node,2,features_14_block_1_0,depthwise,25,17,17,0,0.0,0.0
mobilenet_v3_large-fp6_e2m3-default-b2,sat.struct-2,per_node,2,features_14_block_2_fc1,se_reduce,960,21,21,0,0.0,0.0
mobilenet_v3_large-fp6_e2m3-default-b2,sat.struct-2,per_node,2,features_14_block_2_fc2,se_expand,240,20,19,0,0.0,0.0
mobilenet_v3_large-fp6_e2m3-default-b2,sat.struct-2,per_node,2,features_14_block_3_0,pointwise_project,960,21,21,0,0.0,0.0
mobilenet_v3_large-fp6_e2m3-default-b2,sat.struct-2,per_node,2,features_15_block_0_0,pointwise_expand,160,19,19,0,0.0,0.0
mobilenet_v3_large-fp6_e2m3-default-b2,sat.struct-2,per_node,2,features_15_block_1_0,depthwise,25,17,17,0,0.0,0.0
mobilenet_v3_large-fp6_e2m3-default-b2,sat.struct-2,per_node,2,features_15_block_2_fc1,se_reduce,960,21,21,0,0.0,0.0
mobilenet_v3_large-fp6_e2m3-default-b2,sat.struct-2,per_node,2,features_15_block_2_fc2,se_expand,240,19,19,0,0.0,0.0
mobilenet_v3_large-fp6_e2m3-default-b2,sat.struct-2,per_node,2,features_15_block_3_0,pointwise_project,960,21,21,0,0.0,0.0
mobilenet_v3_large-fp6_e2m3-default-b2,sat.struct-2,per_node,2,features_16_0,pointwise_expand,160,19,19,0,0.0,0.0
mobilenet_v3_large-fp6_e2m3-default-b2,sat.struct-2,per_node,2,features_1_block_0_0,depthwise,9,15,15,0,0.0,0.0
mobilenet_v3_large-fp6_e2m3-default-b2,sat.struct-2,per_node,2,features_1_block_1_0,pointwise_project,16,16,15,902,0.902,0.00012949916294642858
mobilenet_v3_large-fp6_e2m3-default-b2,sat.struct-2,per_node,2,features_2_block_0_0,pointwise_expand,16,16,16,11,0.011,1.6193000637755102e-08
mobilenet_v3_large-fp6_e2m3-default-b2,sat.struct-2,per_node,2,features_2_block_1_0,depthwise,9,16,15,999,0.999,0.0025095613440688776
mobilenet_v3_large-fp6_e2m3-default-b2,sat.struct-2,per_node,2,features_2_block_2_0,pointwise_project,64,18,17,0,0.0,0.0
mobilenet_v3_large-fp6_e2m3-default-b2,sat.struct-2,per_node,2,features_3_block_0_0,pointwise_expand,24,16,16,439,0.439,9.548611111111111e-06
mobilenet_v3_large-fp6_e2m3-default-b2,sat.struct-2,per_node,2,features_3_block_1_0,depthwise,9,16,15,1000,1.0,0.009424594316893424
mobilenet_v3_large-fp6_e2m3-default-b2,sat.struct-2,per_node,2,features_3_block_2_0,pointwise_project,72,18,17,0,0.0,0.0
mobilenet_v3_large-fp6_e2m3-default-b2,sat.struct-2,per_node,2,features_4_block_0_0,pointwise_expand,24,16,16,862,0.862,2.6440263605442177e-05
mobilenet_v3_large-fp6_e2m3-default-b2,sat.struct-2,per_node,2,features_4_block_1_0,depthwise,25,16,16,661,0.661,0.00013807397959183674
mobilenet_v3_large-fp6_e2m3-default-b2,sat.struct-2,per_node,2,features_4_block_2_fc1,se_reduce,72,18,18,0,0.0,0.0
mobilenet_v3_large-fp6_e2m3-default-b2,sat.struct-2,per_node,2,features_4_block_2_fc2,se_expand,24,17,16,0,0.0,0.0
mobilenet_v3_large-fp6_e2m3-default-b2,sat.struct-2,per_node,2,features_4_block_3_0,pointwise_project,72,18,18,0,0.0,0.0
mobilenet_v3_large-fp6_e2m3-default-b2,sat.struct-2,per_node,2,features_5_block_0_0,pointwise_expand,40,17,17,1,0.001,1.0629251700680273e-08
mobilenet_v3_large-fp6_e2m3-default-b2,sat.struct-2,per_node,2,features_5_block_1_0,depthwise,25,16,16,1000,1.0,0.00797374574829932
mobilenet_v3_large-fp6_e2m3-default-b2,sat.struct-2,per_node,2,features_5_block_2_fc1,se_reduce,120,18,18,0,0.0,0.0
mobilenet_v3_large-fp6_e2m3-default-b2,sat.struct-2,per_node,2,features_5_block_2_fc2,se_expand,32,17,16,3,0.003,2.5e-05
mobilenet_v3_large-fp6_e2m3-default-b2,sat.struct-2,per_node,2,features_5_block_3_0,pointwise_project,120,18,18,0,0.0,0.0
mobilenet_v3_large-fp6_e2m3-default-b2,sat.struct-2,per_node,2,features_6_block_0_0,pointwise_expand,40,17,17,0,0.0,0.0
mobilenet_v3_large-fp6_e2m3-default-b2,sat.struct-2,per_node,2,features_6_block_1_0,depthwise,25,17,17,0,0.0,0.0
mobilenet_v3_large-fp6_e2m3-default-b2,sat.struct-2,per_node,2,features_6_block_2_fc1,se_reduce,120,18,18,0,0.0,0.0
mobilenet_v3_large-fp6_e2m3-default-b2,sat.struct-2,per_node,2,features_6_block_2_fc2,se_expand,32,17,17,0,0.0,0.0
mobilenet_v3_large-fp6_e2m3-default-b2,sat.struct-2,per_node,2,features_6_block_3_0,pointwise_project,120,18,18,0,0.0,0.0
mobilenet_v3_large-fp6_e2m3-default-b2,sat.struct-2,per_node,2,features_7_block_0_0,pointwise_expand,40,17,17,32,0.032,2.1789965986394557e-07
mobilenet_v3_large-fp6_e2m3-default-b2,sat.struct-2,per_node,2,features_7_block_1_0,depthwise,9,16,16,998,0.998,0.000346343537414966
mobilenet_v3_large-fp6_e2m3-default-b2,sat.struct-2,per_node,2,features_7_block_2_0,pointwise_project,240,19,19,0,0.0,0.0
mobilenet_v3_large-fp6_e2m3-default-b2,sat.struct-2,per_node,2,features_8_block_0_0,pointwise_expand,80,18,18,0,0.0,0.0
mobilenet_v3_large-fp6_e2m3-default-b2,sat.struct-2,per_node,2,features_8_block_1_0,depthwise,9,16,16,1000,1.0,0.0028833673469387754
mobilenet_v3_large-fp6_e2m3-default-b2,sat.struct-2,per_node,2,features_8_block_2_0,pointwise_project,200,19,19,0,0.0,0.0
mobilenet_v3_large-fp6_e2m3-default-b2,sat.struct-2,per_node,2,features_9_block_0_0,pointwise_expand,80,18,18,0,0.0,0.0
mobilenet_v3_large-fp6_e2m3-default-b2,sat.struct-2,per_node,2,features_9_block_1_0,depthwise,9,16,16,9,0.009,9.427684117125111e-07
mobilenet_v3_large-fp6_e2m3-default-b2,sat.struct-2,per_node,2,features_9_block_2_0,pointwise_project,184,19,19,0,0.0,0.0
mobilenet_v3_large-fp6_e2m3-default-b2,sat.struct-3,per_node,3,classifier_0,classifier,960,21,21,0,0.0,0.0
mobilenet_v3_large-fp6_e2m3-default-b2,sat.struct-3,per_node,3,classifier_3,classifier,1280,21,21,0,0.0,0.0
mobilenet_v3_large-fp6_e2m3-default-b2,sat.struct-3,per_node,3,features_0_0,stem,27,16,16,999,0.999,0.20240851203762755
mobilenet_v3_large-fp6_e2m3-default-b2,sat.struct-3,per_node,3,features_10_block_0_0,pointwise_expand,80,18,18,448,0.448,4.358917480035492e-05
mobilenet_v3_large-fp6_e2m3-default-b2,sat.struct-3,per_node,3,features_10_block_1_0,depthwise,9,16,16,1000,1.0,0.00826691437444543
mobilenet_v3_large-fp6_e2m3-default-b2,sat.struct-3,per_node,3,features_10_block_2_0,pointwise_project,184,19,19,0,0.0,0.0
mobilenet_v3_large-fp6_e2m3-default-b2,sat.struct-3,per_node,3,features_11_block_0_0,pointwise_expand,80,18,18,243,0.243,7.493622448979592e-06
mobilenet_v3_large-fp6_e2m3-default-b2,sat.struct-3,per_node,3,features_11_block_1_0,depthwise,9,16,16,1000,1.0,0.005647098214285714
mobilenet_v3_large-fp6_e2m3-default-b2,sat.struct-3,per_node,3,features_11_block_2_fc1,se_reduce,480,20,20,0,0.0,0.0
mobilenet_v3_large-fp6_e2m3-default-b2,sat.struct-3,per_node,3,features_11_block_2_fc2,se_expand,120,19,19,0,0.0,0.0
mobilenet_v3_large-fp6_e2m3-default-b2,sat.struct-3,per_node,3,features_11_block_3_0,pointwise_project,480,20,20,0,0.0,0.0
mobilenet_v3_large-fp6_e2m3-default-b2,sat.struct-3,per_node,3,features_12_block_0_0,pointwise_expand,112,19,19,0,0.0,0.0
mobilenet_v3_large-fp6_e2m3-default-b2,sat.struct-3,per_node,3,features_12_block_1_0,depthwise,9,16,16,1000,1.0,0.002847660046161322
mobilenet_v3_large-fp6_e2m3-default-b2,sat.struct-3,per_node,3,features_12_block_2_fc1,se_reduce,672,20,20,0,0.0,0.0
mobilenet_v3_large-fp6_e2m3-default-b2,sat.struct-3,per_node,3,features_12_block_2_fc2,se_expand,168,19,19,0,0.0,0.0
mobilenet_v3_large-fp6_e2m3-default-b2,sat.struct-3,per_node,3,features_12_block_3_0,pointwise_project,672,21,21,0,0.0,0.0
mobilenet_v3_large-fp6_e2m3-default-b2,sat.struct-3,per_node,3,features_13_block_0_0,pointwise_expand,112,19,19,0,0.0,0.0
mobilenet_v3_large-fp6_e2m3-default-b2,sat.struct-3,per_node,3,features_13_block_1_0,depthwise,25,17,17,999,0.999,0.0008285653547133139
mobilenet_v3_large-fp6_e2m3-default-b2,sat.struct-3,per_node,3,features_13_block_2_fc1,se_reduce,672,21,21,0,0.0,0.0
mobilenet_v3_large-fp6_e2m3-default-b2,sat.struct-3,per_node,3,features_13_block_2_fc2,se_expand,168,19,19,0,0.0,0.0
mobilenet_v3_large-fp6_e2m3-default-b2,sat.struct-3,per_node,3,features_13_block_3_0,pointwise_project,672,21,21,0,0.0,0.0
mobilenet_v3_large-fp6_e2m3-default-b2,sat.struct-3,per_node,3,features_14_block_0_0,pointwise_expand,160,19,19,0,0.0,0.0
mobilenet_v3_large-fp6_e2m3-default-b2,sat.struct-3,per_node,3,features_14_block_1_0,depthwise,25,17,17,484,0.484,5.121173469387755e-05
mobilenet_v3_large-fp6_e2m3-default-b2,sat.struct-3,per_node,3,features_14_block_2_fc1,se_reduce,960,21,21,0,0.0,0.0
mobilenet_v3_large-fp6_e2m3-default-b2,sat.struct-3,per_node,3,features_14_block_2_fc2,se_expand,240,20,19,0,0.0,0.0
mobilenet_v3_large-fp6_e2m3-default-b2,sat.struct-3,per_node,3,features_14_block_3_0,pointwise_project,960,21,21,0,0.0,0.0
mobilenet_v3_large-fp6_e2m3-default-b2,sat.struct-3,per_node,3,features_15_block_0_0,pointwise_expand,160,19,19,1,0.001,4.251700680272109e-08
mobilenet_v3_large-fp6_e2m3-default-b2,sat.struct-3,per_node,3,features_15_block_1_0,depthwise,25,17,17,196,0.196,1.3945578231292516e-05
mobilenet_v3_large-fp6_e2m3-default-b2,sat.struct-3,per_node,3,features_15_block_2_fc1,se_reduce,960,21,21,0,0.0,0.0
mobilenet_v3_large-fp6_e2m3-default-b2,sat.struct-3,per_node,3,features_15_block_2_fc2,se_expand,240,19,19,0,0.0,0.0
mobilenet_v3_large-fp6_e2m3-default-b2,sat.struct-3,per_node,3,features_15_block_3_0,pointwise_project,960,21,21,0,0.0,0.0
mobilenet_v3_large-fp6_e2m3-default-b2,sat.struct-3,per_node,3,features_16_0,pointwise_expand,160,19,19,0,0.0,0.0
mobilenet_v3_large-fp6_e2m3-default-b2,sat.struct-3,per_node,3,features_1_block_0_0,depthwise,9,15,15,51,0.051,7.672991071428572e-07
mobilenet_v3_large-fp6_e2m3-default-b2,sat.struct-3,per_node,3,features_1_block_1_0,pointwise_project,16,16,15,1000,1.0,0.02282246492346939
mobilenet_v3_large-fp6_e2m3-default-b2,sat.struct-3,per_node,3,features_2_block_0_0,pointwise_expand,16,16,16,985,0.985,9.47502291932398e-05
mobilenet_v3_large-fp6_e2m3-default-b2,sat.struct-3,per_node,3,features_2_block_1_0,depthwise,9,16,15,1000,1.0,0.022266646404655612
mobilenet_v3_large-fp6_e2m3-default-b2,sat.struct-3,per_node,3,features_2_block_2_0,pointwise_project,64,18,17,58,0.058,1.2223639455782314e-06
mobilenet_v3_large-fp6_e2m3-default-b2,sat.struct-3,per_node,3,features_3_block_0_0,pointwise_expand,24,16,16,991,0.991,0.0013177481930272108
mobilenet_v3_large-fp6_e2m3-default-b2,sat.struct-3,per_node,3,features_3_block_1_0,depthwise,9,16,15,1000,1.0,0.015393889066043083
mobilenet_v3_large-fp6_e2m3-default-b2,sat.struct-3,per_node,3,features_3_block_2_0,pointwise_project,72,18,17,854,0.854,6.170280612244898e-05
mobilenet_v3_large-fp6_e2m3-default-b2,sat.struct-3,per_node,3,features_4_block_0_0,pointwise_expand,24,16,16,1000,1.0,0.004261988910147392
mobilenet_v3_large-fp6_e2m3-default-b2,sat.struct-3,per_node,3,features_4_block_1_0,depthwise,25,16,16,1000,1.0,0.050561437074829935
mobilenet_v3_large-fp6_e2m3-default-b2,sat.struct-3,per_node,3,features_4_block_2_fc1,se_reduce,72,18,18,0,0.0,0.0
mobilenet_v3_large-fp6_e2m3-default-b2,sat.struct-3,per_node,3,features_4_block_2_fc2,se_expand,24,17,16,0,0.0,0.0
mobilenet_v3_large-fp6_e2m3-default-b2,sat.struct-3,per_node,3,features_4_block_3_0,pointwise_project,72,18,18,0,0.0,0.0
mobilenet_v3_large-fp6_e2m3-default-b2,sat.struct-3,per_node,3,features_5_block_0_0,pointwise_expand,40,17,17,927,0.927,0.00015316751700680272
mobilenet_v3_large-fp6_e2m3-default-b2,sat.struct-3,per_node,3,features_5_block_1_0,depthwise,25,16,16,1000,1.0,0.04385731292517007
mobilenet_v3_large-fp6_e2m3-default-b2,sat.struct-3,per_node,3,features_5_block_2_fc1,se_reduce,120,18,18,0,0.0,0.0
mobilenet_v3_large-fp6_e2m3-default-b2,sat.struct-3,per_node,3,features_5_block_2_fc2,se_expand,32,17,16,1000,1.0,0.10094166666666667
mobilenet_v3_large-fp6_e2m3-default-b2,sat.struct-3,per_node,3,features_5_block_3_0,pointwise_project,120,18,18,0,0.0,0.0
mobilenet_v3_large-fp6_e2m3-default-b2,sat.struct-3,per_node,3,features_6_block_0_0,pointwise_expand,40,17,17,986,0.986,0.00034647108843537415
mobilenet_v3_large-fp6_e2m3-default-b2,sat.struct-3,per_node,3,features_6_block_1_0,depthwise,25,17,17,980,0.98,0.0005688350340136055
mobilenet_v3_large-fp6_e2m3-default-b2,sat.struct-3,per_node,3,features_6_block_2_fc1,se_reduce,120,18,18,0,0.0,0.0
mobilenet_v3_large-fp6_e2m3-default-b2,sat.struct-3,per_node,3,features_6_block_2_fc2,se_expand,32,17,17,1000,1.0,0.03443333333333334
mobilenet_v3_large-fp6_e2m3-default-b2,sat.struct-3,per_node,3,features_6_block_3_0,pointwise_project,120,18,18,0,0.0,0.0
mobilenet_v3_large-fp6_e2m3-default-b2,sat.struct-3,per_node,3,features_7_block_0_0,pointwise_expand,40,17,17,1000,1.0,0.00029571641156462587
mobilenet_v3_large-fp6_e2m3-default-b2,sat.struct-3,per_node,3,features_7_block_1_0,depthwise,9,16,16,1000,1.0,0.017981335034013606
mobilenet_v3_large-fp6_e2m3-default-b2,sat.struct-3,per_node,3,features_7_block_2_0,pointwise_project,240,19,19,0,0.0,0.0
mobilenet_v3_large-fp6_e2m3-default-b2,sat.struct-3,per_node,3,features_8_block_0_0,pointwise_expand,80,18,18,481,0.481,3.288265306122449e-05
mobilenet_v3_large-fp6_e2m3-default-b2,sat.struct-3,per_node,3,features_8_block_1_0,depthwise,9,16,16,1000,1.0,0.0187359693877551
mobilenet_v3_large-fp6_e2m3-default-b2,sat.struct-3,per_node,3,features_8_block_2_0,pointwise_project,200,19,19,0,0.0,0.0
mobilenet_v3_large-fp6_e2m3-default-b2,sat.struct-3,per_node,3,features_9_block_0_0,pointwise_expand,80,18,18,42,0.042,2.1350931677018633e-06
mobilenet_v3_large-fp6_e2m3-default-b2,sat.struct-3,per_node,3,features_9_block_1_0,depthwise,9,16,16,1000,1.0,0.006505490239574091
mobilenet_v3_large-fp6_e2m3-default-b2,sat.struct-3,per_node,3,features_9_block_2_0,pointwise_project,184,19,19,0,0.0,0.0
mobilenet_v3_large-fp6_e2m3-default-b2,sat.struct-4,per_node,4,classifier_0,classifier,960,21,21,0,0.0,0.0
mobilenet_v3_large-fp6_e2m3-default-b2,sat.struct-4,per_node,4,classifier_3,classifier,1280,21,21,0,0.0,0.0
mobilenet_v3_large-fp6_e2m3-default-b2,sat.struct-4,per_node,4,features_0_0,stem,27,16,16,1000,1.0,0.47915282704878825
mobilenet_v3_large-fp6_e2m3-default-b2,sat.struct-4,per_node,4,features_10_block_0_0,pointwise_expand,80,18,18,1000,1.0,0.041438110026619346
mobilenet_v3_large-fp6_e2m3-default-b2,sat.struct-4,per_node,4,features_10_block_1_0,depthwise,9,16,16,1000,1.0,0.047216559449866906
mobilenet_v3_large-fp6_e2m3-default-b2,sat.struct-4,per_node,4,features_10_block_2_0,pointwise_project,184,19,19,0,0.0,0.0
mobilenet_v3_large-fp6_e2m3-default-b2,sat.struct-4,per_node,4,features_11_block_0_0,pointwise_expand,80,18,18,1000,1.0,0.025622236394557824
mobilenet_v3_large-fp6_e2m3-default-b2,sat.struct-4,per_node,4,features_11_block_1_0,depthwise,9,16,16,1000,1.0,0.02734643920068027
mobilenet_v3_large-fp6_e2m3-default-b2,sat.struct-4,per_node,4,features_11_block_2_fc1,se_reduce,480,20,20,0,0.0,0.0
mobilenet_v3_large-fp6_e2m3-default-b2,sat.struct-4,per_node,4,features_11_block_2_fc2,se_expand,120,19,19,1000,1.0,0.0031625
mobilenet_v3_large-fp6_e2m3-default-b2,sat.struct-4,per_node,4,features_11_block_3_0,pointwise_project,480,20,20,0,0.0,0.0
mobilenet_v3_large-fp6_e2m3-default-b2,sat.struct-4,per_node,4,features_12_block_0_0,pointwise_expand,112,19,19,871,0.871,3.212311710398445e-05
mobilenet_v3_large-fp6_e2m3-default-b2,sat.struct-4,per_node,4,features_12_block_1_0,depthwise,9,16,16,1000,1.0,0.016987366375121476
mobilenet_v3_large-fp6_e2m3-default-b2,sat.struct-4,per_node,4,features_12_block_2_fc1,se_reduce,672,20,20,0,0.0,0.0
mobilenet_v3_large-fp6_e2m3-default-b2,sat.struct-4,per_node,4,features_12_block_2_fc2,se_expand,168,19,19,1000,1.0,0.11322916666666667
mobilenet_v3_large-fp6_e2m3-default-b2,sat.struct-4,per_node,4,features_12_block_3_0,pointwise_project,672,21,21,0,0.0,0.0
mobilenet_v3_large-fp6_e2m3-default-b2,sat.struct-4,per_node,4,features_13_block_0_0,pointwise_expand,112,19,19,813,0.813,3.78629130223518e-05
mobilenet_v3_large-fp6_e2m3-default-b2,sat.struct-4,per_node,4,features_13_block_1_0,depthwise,25,17,17,1000,1.0,0.009482719873663751
mobilenet_v3_large-fp6_e2m3-default-b2,sat.struct-4,per_node,4,features_13_block_2_fc1,se_reduce,672,21,21,0,0.0,0.0
mobilenet_v3_large-fp6_e2m3-default-b2,sat.struct-4,per_node,4,features_13_block_2_fc2,se_expand,168,19,19,1000,1.0,0.009901785714285714
mobilenet_v3_large-fp6_e2m3-default-b2,sat.struct-4,per_node,4,features_13_block_3_0,pointwise_project,672,21,21,0,0.0,0.0
mobilenet_v3_large-fp6_e2m3-default-b2,sat.struct-4,per_node,4,features_14_block_0_0,pointwise_expand,160,19,19,775,0.775,8.176020408163266e-05
mobilenet_v3_large-fp6_e2m3-default-b2,sat.struct-4,per_node,4,features_14_block_1_0,depthwise,25,17,17,1000,1.0,0.002224170918367347
mobilenet_v3_large-fp6_e2m3-default-b2,sat.struct-4,per_node,4,features_14_block_2_fc1,se_reduce,960,21,21,0,0.0,0.0
mobilenet_v3_large-fp6_e2m3-default-b2,sat.struct-4,per_node,4,features_14_block_2_fc2,se_expand,240,20,19,720,0.72,0.0012385416666666667
mobilenet_v3_large-fp6_e2m3-default-b2,sat.struct-4,per_node,4,features_14_block_3_0,pointwise_project,960,21,21,0,0.0,0.0
mobilenet_v3_large-fp6_e2m3-default-b2,sat.struct-4,per_node,4,features_15_block_0_0,pointwise_expand,160,19,19,353,0.353,2.969812925170068e-05
mobilenet_v3_large-fp6_e2m3-default-b2,sat.struct-4,per_node,4,features_15_block_1_0,depthwise,25,17,17,1000,1.0,0.0010763605442176871
mobilenet_v3_large-fp6_e2m3-default-b2,sat.struct-4,per_node,4,features_15_block_2_fc1,se_reduce,960,21,21,0,0.0,0.0
mobilenet_v3_large-fp6_e2m3-default-b2,sat.struct-4,per_node,4,features_15_block_2_fc2,se_expand,240,19,19,0,0.0,0.0
mobilenet_v3_large-fp6_e2m3-default-b2,sat.struct-4,per_node,4,features_15_block_3_0,pointwise_project,960,21,21,0,0.0,0.0
mobilenet_v3_large-fp6_e2m3-default-b2,sat.struct-4,per_node,4,features_16_0,pointwise_expand,160,19,19,443,0.443,4.942602040816327e-05
mobilenet_v3_large-fp6_e2m3-default-b2,sat.struct-4,per_node,4,features_1_block_0_0,depthwise,9,15,15,1000,1.0,0.06353441386320154
mobilenet_v3_large-fp6_e2m3-default-b2,sat.struct-4,per_node,4,features_1_block_1_0,pointwise_project,16,16,15,1000,1.0,0.3805381307796556
mobilenet_v3_large-fp6_e2m3-default-b2,sat.struct-4,per_node,4,features_2_block_0_0,pointwise_expand,16,16,16,999,0.999,0.006250911790497449
mobilenet_v3_large-fp6_e2m3-default-b2,sat.struct-4,per_node,4,features_2_block_1_0,depthwise,9,16,15,1000,1.0,0.18374610371492348
mobilenet_v3_large-fp6_e2m3-default-b2,sat.struct-4,per_node,4,features_2_block_2_0,pointwise_project,64,18,17,987,0.987,0.0006229140093537415
mobilenet_v3_large-fp6_e2m3-default-b2,sat.struct-4,per_node,4,features_3_block_0_0,pointwise_expand,24,16,16,1000,1.0,0.0030992152069161
mobilenet_v3_large-fp6_e2m3-default-b2,sat.struct-4,per_node,4,features_3_block_1_0,depthwise,9,16,15,1000,1.0,0.08164926569586167
mobilenet_v3_large-fp6_e2m3-default-b2,sat.struct-4,per_node,4,features_3_block_2_0,pointwise_project,72,18,17,1000,1.0,0.07035473798894558
mobilenet_v3_large-fp6_e2m3-default-b2,sat.struct-4,per_node,4,features_4_block_0_0,pointwise_expand,24,16,16,1000,1.0,0.07203479308390022
mobilenet_v3_large-fp6_e2m3-default-b2,sat.struct-4,per_node,4,features_4_block_1_0,depthwise,25,16,16,1000,1.0,0.20396650014172335
mobilenet_v3_large-fp6_e2m3-default-b2,sat.struct-4,per_node,4,features_4_block_2_fc1,se_reduce,72,18,18,1000,1.0,0.21008333333333334
mobilenet_v3_large-fp6_e2m3-default-b2,sat.struct-4,per_node,4,features_4_block_2_fc2,se_expand,24,17,16,0,0.0,0.0
mobilenet_v3_large-fp6_e2m3-default-b2,sat.struct-4,per_node,4,features_4_block_3_0,pointwise_project,72,18,18,0,0.0,0.0
mobilenet_v3_large-fp6_e2m3-default-b2,sat.struct-4,per_node,4,features_5_block_0_0,pointwise_expand,40,17,17,1000,1.0,0.02194108205782313
mobilenet_v3_large-fp6_e2m3-default-b2,sat.struct-4,per_node,4,features_5_block_1_0,depthwise,25,16,16,1000,1.0,0.07332296981292517
mobilenet_v3_large-fp6_e2m3-default-b2,sat.struct-4,per_node,4,features_5_block_2_fc1,se_reduce,120,18,18,67,0.067,0.00209375
mobilenet_v3_large-fp6_e2m3-default-b2,sat.struct-4,per_node,4,features_5_block_2_fc2,se_expand,32,17,16,1000,1.0,0.5441416666666666
mobilenet_v3_large-fp6_e2m3-default-b2,sat.struct-4,per_node,4,features_5_block_3_0,pointwise_project,120,18,18,14,0.014,4.783163265306122e-07
mobilenet_v3_large-fp6_e2m3-default-b2,sat.struct-4,per_node,4,features_6_block_0_0,pointwise_expand,40,17,17,1000,1.0,0.06469151785714286
mobilenet_v3_large-fp6_e2m3-default-b2,sat.struct-4,per_node,4,features_6_block_1_0,depthwise,25,17,17,1000,1.0,0.015820886479591838
mobilenet_v3_large-fp6_e2m3-default-b2,sat.struct-4,per_node,4,features_6_block_2_fc1,se_reduce,120,18,18,141,0.141,0.0044375
mobilenet_v3_large-fp6_e2m3-default-b2,sat.struct-4,per_node,4,features_6_block_2_fc2,se_expand,32,17,17,1000,1.0,0.12939166666666665
mobilenet_v3_large-fp6_e2m3-default-b2,sat.struct-4,per_node,4,features_6_block_3_0,pointwise_project,120,18,18,6,0.006,2.232142857142857e-07
mobilenet_v3_large-fp6_e2m3-default-b2,sat.struct-4,per_node,4,features_7_block_0_0,pointwise_expand,40,17,17,1000,1.0,0.013163988095238095
mobilenet_v3_large-fp6_e2m3-default-b2,sat.struct-4,per_node,4,features_7_block_1_0,depthwise,9,16,16,1000,1.0,0.05067404336734694
mobilenet_v3_large-fp6_e2m3-default-b2,sat.struct-4,per_node,4,features_7_block_2_0,pointwise_project,240,19,19,0,0.0,0.0
mobilenet_v3_large-fp6_e2m3-default-b2,sat.struct-4,per_node,4,features_8_block_0_0,pointwise_expand,80,18,18,1000,1.0,0.012439183673469387
mobilenet_v3_large-fp6_e2m3-default-b2,sat.struct-4,per_node,4,features_8_block_1_0,depthwise,9,16,16,1000,1.0,0.035732066326530615
mobilenet_v3_large-fp6_e2m3-default-b2,sat.struct-4,per_node,4,features_8_block_2_0,pointwise_project,200,19,19,0,0.0,0.0
mobilenet_v3_large-fp6_e2m3-default-b2,sat.struct-4,per_node,4,features_9_block_0_0,pointwise_expand,80,18,18,1000,1.0,0.02398244787045253
mobilenet_v3_large-fp6_e2m3-default-b2,sat.struct-4,per_node,4,features_9_block_1_0,depthwise,9,16,16,1000,1.0,0.02431854480922804
mobilenet_v3_large-fp6_e2m3-default-b2,sat.struct-4,per_node,4,features_9_block_2_0,pointwise_project,184,19,19,0,0.0,0.0
mobilenet_v3_large-fp7_e3m3-default-b2,sat.w23,uniform,23,classifier_0,classifier,960,29,29,0,0.0,0.0
mobilenet_v3_large-fp7_e3m3-default-b2,sat.w23,uniform,23,classifier_3,classifier,1280,29,29,81,0.081,8.2e-05
mobilenet_v3_large-fp7_e3m3-default-b2,sat.w23,uniform,23,features_0_0,stem,27,24,24,0,0.0,0.0
mobilenet_v3_large-fp7_e3m3-default-b2,sat.w23,uniform,23,features_10_block_0_0,pointwise_expand,80,26,26,0,0.0,0.0
mobilenet_v3_large-fp7_e3m3-default-b2,sat.w23,uniform,23,features_10_block_1_0,depthwise,9,24,24,0,0.0,0.0
mobilenet_v3_large-fp7_e3m3-default-b2,sat.w23,uniform,23,features_10_block_2_0,pointwise_project,184,27,27,0,0.0,0.0
mobilenet_v3_large-fp7_e3m3-default-b2,sat.w23,uniform,23,features_11_block_0_0,pointwise_expand,80,26,26,0,0.0,0.0
mobilenet_v3_large-fp7_e3m3-default-b2,sat.w23,uniform,23,features_11_block_1_0,depthwise,9,24,24,4,0.004,2.8698979591836736e-07
mobilenet_v3_large-fp7_e3m3-default-b2,sat.w23,uniform,23,features_11_block_2_fc1,se_reduce,480,28,28,0,0.0,0.0
mobilenet_v3_large-fp7_e3m3-default-b2,sat.w23,uniform,23,features_11_block_2_fc2,se_expand,120,26,26,0,0.0,0.0
mobilenet_v3_large-fp7_e3m3-default-b2,sat.w23,uniform,23,features_11_block_3_0,pointwise_project,480,28,28,0,0.0,0.0
mobilenet_v3_large-fp7_e3m3-default-b2,sat.w23,uniform,23,features_12_block_0_0,pointwise_expand,112,27,27,0,0.0,0.0
mobilenet_v3_large-fp7_e3m3-default-b2,sat.w23,uniform,23,features_12_block_1_0,depthwise,9,24,24,0,0.0,0.0
mobilenet_v3_large-fp7_e3m3-default-b2,sat.w23,uniform,23,features_12_block_2_fc1,se_reduce,672,28,28,0,0.0,0.0
mobilenet_v3_large-fp7_e3m3-default-b2,sat.w23,uniform,23,features_12_block_2_fc2,se_expand,168,27,27,0,0.0,0.0
mobilenet_v3_large-fp7_e3m3-default-b2,sat.w23,uniform,23,features_12_block_3_0,pointwise_project,672,28,28,0,0.0,0.0
mobilenet_v3_large-fp7_e3m3-default-b2,sat.w23,uniform,23,features_13_block_0_0,pointwise_expand,112,27,27,0,0.0,0.0
mobilenet_v3_large-fp7_e3m3-default-b2,sat.w23,uniform,23,features_13_block_1_0,depthwise,25,25,25,0,0.0,0.0
mobilenet_v3_large-fp7_e3m3-default-b2,sat.w23,uniform,23,features_13_block_2_fc1,se_reduce,672,28,28,0,0.0,0.0
mobilenet_v3_large-fp7_e3m3-default-b2,sat.w23,uniform,23,features_13_block_2_fc2,se_expand,168,27,27,0,0.0,0.0
mobilenet_v3_large-fp7_e3m3-default-b2,sat.w23,uniform,23,features_13_block_3_0,pointwise_project,672,29,29,0,0.0,0.0
mobilenet_v3_large-fp7_e3m3-default-b2,sat.w23,uniform,23,features_14_block_0_0,pointwise_expand,160,27,27,1,0.001,2.1258503401360546e-08
mobilenet_v3_large-fp7_e3m3-default-b2,sat.w23,uniform,23,features_14_block_1_0,depthwise,25,25,25,0,0.0,0.0
mobilenet_v3_large-fp7_e3m3-default-b2,sat.w23,uniform,23,features_14_block_2_fc1,se_reduce,960,29,29,0,0.0,0.0
mobilenet_v3_large-fp7_e3m3-default-b2,sat.w23,uniform,23,features_14_block_2_fc2,se_expand,240,27,27,0,0.0,0.0
mobilenet_v3_large-fp7_e3m3-default-b2,sat.w23,uniform,23,features_14_block_3_0,pointwise_project,960,29,29,0,0.0,0.0
mobilenet_v3_large-fp7_e3m3-default-b2,sat.w23,uniform,23,features_15_block_0_0,pointwise_expand,160,27,27,17,0.017,3.826530612244898e-07
mobilenet_v3_large-fp7_e3m3-default-b2,sat.w23,uniform,23,features_15_block_1_0,depthwise,25,25,25,0,0.0,0.0
mobilenet_v3_large-fp7_e3m3-default-b2,sat.w23,uniform,23,features_15_block_2_fc1,se_reduce,960,29,29,0,0.0,0.0
mobilenet_v3_large-fp7_e3m3-default-b2,sat.w23,uniform,23,features_15_block_2_fc2,se_expand,240,27,27,0,0.0,0.0
mobilenet_v3_large-fp7_e3m3-default-b2,sat.w23,uniform,23,features_15_block_3_0,pointwise_project,960,29,29,0,0.0,0.0
mobilenet_v3_large-fp7_e3m3-default-b2,sat.w23,uniform,23,features_16_0,pointwise_expand,160,27,27,4,0.004,1.0629251700680273e-07
mobilenet_v3_large-fp7_e3m3-default-b2,sat.w23,uniform,23,features_1_block_0_0,depthwise,9,23,23,0,0.0,0.0
mobilenet_v3_large-fp7_e3m3-default-b2,sat.w23,uniform,23,features_1_block_1_0,pointwise_project,16,24,23,0,0.0,0.0
mobilenet_v3_large-fp7_e3m3-default-b2,sat.w23,uniform,23,features_2_block_0_0,pointwise_expand,16,24,24,0,0.0,0.0
mobilenet_v3_large-fp7_e3m3-default-b2,sat.w23,uniform,23,features_2_block_1_0,depthwise,9,24,23,0,0.0,0.0
mobilenet_v3_large-fp7_e3m3-default-b2,sat.w23,uniform,23,features_2_block_2_0,pointwise_project,64,25,25,0,0.0,0.0
mobilenet_v3_large-fp7_e3m3-default-b2,sat.w23,uniform,23,features_3_block_0_0,pointwise_expand,24,24,24,0,0.0,0.0
mobilenet_v3_large-fp7_e3m3-default-b2,sat.w23,uniform,23,features_3_block_1_0,depthwise,9,23,23,0,0.0,0.0
mobilenet_v3_large-fp7_e3m3-default-b2,sat.w23,uniform,23,features_3_block_2_0,pointwise_project,72,26,25,0,0.0,0.0
mobilenet_v3_large-fp7_e3m3-default-b2,sat.w23,uniform,23,features_4_block_0_0,pointwise_expand,24,24,24,0,0.0,0.0
mobilenet_v3_large-fp7_e3m3-default-b2,sat.w23,uniform,23,features_4_block_1_0,depthwise,25,24,24,0,0.0,0.0
mobilenet_v3_large-fp7_e3m3-default-b2,sat.w23,uniform,23,features_4_block_2_fc1,se_reduce,72,26,26,0,0.0,0.0
mobilenet_v3_large-fp7_e3m3-default-b2,sat.w23,uniform,23,features_4_block_2_fc2,se_expand,24,25,24,0,0.0,0.0
mobilenet_v3_large-fp7_e3m3-default-b2,sat.w23,uniform,23,features_4_block_3_0,pointwise_project,72,26,26,0,0.0,0.0
mobilenet_v3_large-fp7_e3m3-default-b2,sat.w23,uniform,23,features_5_block_0_0,pointwise_expand,40,25,25,0,0.0,0.0
mobilenet_v3_large-fp7_e3m3-default-b2,sat.w23,uniform,23,features_5_block_1_0,depthwise,25,24,24,0,0.0,0.0
mobilenet_v3_large-fp7_e3m3-default-b2,sat.w23,uniform,23,features_5_block_2_fc1,se_reduce,120,26,26,0,0.0,0.0
mobilenet_v3_large-fp7_e3m3-default-b2,sat.w23,uniform,23,features_5_block_2_fc2,se_expand,32,25,24,0,0.0,0.0
mobilenet_v3_large-fp7_e3m3-default-b2,sat.w23,uniform,23,features_5_block_3_0,pointwise_project,120,26,26,0,0.0,0.0
mobilenet_v3_large-fp7_e3m3-default-b2,sat.w23,uniform,23,features_6_block_0_0,pointwise_expand,40,25,25,0,0.0,0.0
mobilenet_v3_large-fp7_e3m3-default-b2,sat.w23,uniform,23,features_6_block_1_0,depthwise,25,25,24,0,0.0,0.0
mobilenet_v3_large-fp7_e3m3-default-b2,sat.w23,uniform,23,features_6_block_2_fc1,se_reduce,120,26,26,0,0.0,0.0
mobilenet_v3_large-fp7_e3m3-default-b2,sat.w23,uniform,23,features_6_block_2_fc2,se_expand,32,25,25,0,0.0,0.0
mobilenet_v3_large-fp7_e3m3-default-b2,sat.w23,uniform,23,features_6_block_3_0,pointwise_project,120,26,26,0,0.0,0.0
mobilenet_v3_large-fp7_e3m3-default-b2,sat.w23,uniform,23,features_7_block_0_0,pointwise_expand,40,25,25,0,0.0,0.0
mobilenet_v3_large-fp7_e3m3-default-b2,sat.w23,uniform,23,features_7_block_1_0,depthwise,9,24,24,0,0.0,0.0
mobilenet_v3_large-fp7_e3m3-default-b2,sat.w23,uniform,23,features_7_block_2_0,pointwise_project,240,27,27,0,0.0,0.0
mobilenet_v3_large-fp7_e3m3-default-b2,sat.w23,uniform,23,features_8_block_0_0,pointwise_expand,80,26,26,0,0.0,0.0
mobilenet_v3_large-fp7_e3m3-default-b2,sat.w23,uniform,23,features_8_block_1_0,depthwise,9,24,24,0,0.0,0.0
mobilenet_v3_large-fp7_e3m3-default-b2,sat.w23,uniform,23,features_8_block_2_0,pointwise_project,200,27,27,0,0.0,0.0
mobilenet_v3_large-fp7_e3m3-default-b2,sat.w23,uniform,23,features_9_block_0_0,pointwise_expand,80,26,26,0,0.0,0.0
mobilenet_v3_large-fp7_e3m3-default-b2,sat.w23,uniform,23,features_9_block_1_0,depthwise,9,24,24,0,0.0,0.0
mobilenet_v3_large-fp7_e3m3-default-b2,sat.w23,uniform,23,features_9_block_2_0,pointwise_project,184,27,27,0,0.0,0.0
mobilenet_v3_large-fp7_e3m3-default-b2,sat.w22,uniform,22,classifier_0,classifier,960,29,29,0,0.0,0.0
mobilenet_v3_large-fp7_e3m3-default-b2,sat.w22,uniform,22,classifier_3,classifier,1280,29,29,894,0.894,0.001802
mobilenet_v3_large-fp7_e3m3-default-b2,sat.w22,uniform,22,features_0_0,stem,27,24,24,17,0.017,8.201132015306122e-06
mobilenet_v3_large-fp7_e3m3-default-b2,sat.w22,uniform,22,features_10_block_0_0,pointwise_expand,80,26,26,55,0.055,2.4900177462289264e-05
mobilenet_v3_large-fp7_e3m3-default-b2,sat.w22,uniform,22,features_10_block_1_0,depthwise,9,24,24,1,0.001,5.545696539485359e-08
mobilenet_v3_large-fp7_e3m3-default-b2,sat.w22,uniform,22,features_10_block_2_0,pointwise_project,184,27,27,0,0.0,0.0
mobilenet_v3_large-fp7_e3m3-default-b2,sat.w22,uniform,22,features_11_block_0_0,pointwise_expand,80,26,26,13,0.013,2.585034013605442e-05
mobilenet_v3_large-fp7_e3m3-default-b2,sat.w22,uniform,22,features_11_block_1_0,depthwise,9,24,24,46,0.046,5.569727891156463e-06
mobilenet_v3_large-fp7_e3m3-default-b2,sat.w22,uniform,22,features_11_block_2_fc1,se_reduce,480,28,28,0,0.0,0.0
mobilenet_v3_large-fp7_e3m3-default-b2,sat.w22,uniform,22,features_11_block_2_fc2,se_expand,120,26,26,202,0.202,0.00043958333333333333
mobilenet_v3_large-fp7_e3m3-default-b2,sat.w22,uniform,22,features_11_block_3_0,pointwise_project,480,28,28,0,0.0,0.0
mobilenet_v3_large-fp7_e3m3-default-b2,sat.w22,uniform,22,features_12_block_0_0,pointwise_expand,112,27,27,169,0.169,2.3839893100097184e-06
mobilenet_v3_large-fp7_e3m3-default-b2,sat.w22,uniform,22,features_12_block_1_0,depthwise,9,24,24,0,0.0,0.0
mobilenet_v3_large-fp7_e3m3-default-b2,sat.w22,uniform,22,features_12_block_2_fc1,se_reduce,672,28,28,0,0.0,0.0
mobilenet_v3_large-fp7_e3m3-default-b2,sat.w22,uniform,22,features_12_block_2_fc2,se_expand,168,27,27,908,0.908,0.003180059523809524
mobilenet_v3_large-fp7_e3m3-default-b2,sat.w22,uniform,22,features_12_block_3_0,pointwise_project,672,28,28,0,0.0,0.0
mobilenet_v3_large-fp7_e3m3-default-b2,sat.w22,uniform,22,features_13_block_0_0,pointwise_expand,112,27,27,22,0.022,1.9740038872691935e-07
mobilenet_v3_large-fp7_e3m3-default-b2,sat.w22,uniform,22,features_13_block_1_0,depthwise,25,25,25,5,0.005,4.555393586005831e-07
mobilenet_v3_large-fp7_e3m3-default-b2,sat.w22,uniform,22,features_13_block_2_fc1,se_reduce,672,28,28,0,0.0,0.0
mobilenet_v3_large-fp7_e3m3-default-b2,sat.w22,uniform,22,features_13_block_2_fc2,se_expand,168,27,27,14,0.014,2.6785714285714284e-05
mobilenet_v3_large-fp7_e3m3-default-b2,sat.w22,uniform,22,features_13_block_3_0,pointwise_project,672,29,29,5,0.005,6.377551020408163e-07
mobilenet_v3_large-fp7_e3m3-default-b2,sat.w22,uniform,22,features_14_block_0_0,pointwise_expand,160,27,27,377,0.377,1.6262755102040815e-05
mobilenet_v3_large-fp7_e3m3-default-b2,sat.w22,uniform,22,features_14_block_1_0,depthwise,25,25,25,0,0.0,0.0
mobilenet_v3_large-fp7_e3m3-default-b2,sat.w22,uniform,22,features_14_block_2_fc1,se_reduce,960,29,29,0,0.0,0.0
mobilenet_v3_large-fp7_e3m3-default-b2,sat.w22,uniform,22,features_14_block_2_fc2,se_expand,240,27,27,968,0.968,0.003939583333333333
mobilenet_v3_large-fp7_e3m3-default-b2,sat.w22,uniform,22,features_14_block_3_0,pointwise_project,960,29,29,0,0.0,0.0
mobilenet_v3_large-fp7_e3m3-default-b2,sat.w22,uniform,22,features_15_block_0_0,pointwise_expand,160,27,27,877,0.877,0.000168218537414966
mobilenet_v3_large-fp7_e3m3-default-b2,sat.w22,uniform,22,features_15_block_1_0,depthwise,25,25,25,0,0.0,0.0
mobilenet_v3_large-fp7_e3m3-default-b2,sat.w22,uniform,22,features_15_block_2_fc1,se_reduce,960,29,29,0,0.0,0.0
mobilenet_v3_large-fp7_e3m3-default-b2,sat.w22,uniform,22,features_15_block_2_fc2,se_expand,240,27,27,9,0.009,2.1875e-05
mobilenet_v3_large-fp7_e3m3-default-b2,sat.w22,uniform,22,features_15_block_3_0,pointwise_project,960,29,29,0,0.0,0.0
mobilenet_v3_large-fp7_e3m3-default-b2,sat.w22,uniform,22,features_16_0,pointwise_expand,160,27,27,548,0.548,6.075680272108844e-05
mobilenet_v3_large-fp7_e3m3-default-b2,sat.w22,uniform,22,features_1_block_0_0,depthwise,9,23,23,0,0.0,0.0
mobilenet_v3_large-fp7_e3m3-default-b2,sat.w22,uniform,22,features_1_block_1_0,pointwise_project,16,24,23,0,0.0,0.0
mobilenet_v3_large-fp7_e3m3-default-b2,sat.w22,uniform,22,features_2_block_0_0,pointwise_expand,16,24,24,0,0.0,0.0
mobilenet_v3_large-fp7_e3m3-default-b2,sat.w22,uniform,22,features_2_block_1_0,depthwise,9,24,23,1,0.001,4.9824617346938776e-09
mobilenet_v3_large-fp7_e3m3-default-b2,sat.w22,uniform,22,features_2_block_2_0,pointwise_project,64,25,25,0,0.0,0.0
mobilenet_v3_large-fp7_e3m3-default-b2,sat.w22,uniform,22,features_3_block_0_0,pointwise_expand,24,24,24,17,0.017,5.04889455782313e-07
mobilenet_v3_large-fp7_e3m3-default-b2,sat.w22,uniform,22,features_3_block_1_0,depthwise,9,23,23,0,0.0,0.0
mobilenet_v3_large-fp7_e3m3-default-b2,sat.w22,uniform,22,features_3_block_2_0,pointwise_project,72,26,25,0,0.0,0.0
mobilenet_v3_large-fp7_e3m3-default-b2,sat.w22,uniform,22,features_4_block_0_0,pointwise_expand,24,24,24,0,0.0,0.0
mobilenet_v3_large-fp7_e3m3-default-b2,sat.w22,uniform,22,features_4_block_1_0,depthwise,25,24,24,0,0.0,0.0
mobilenet_v3_large-fp7_e3m3-default-b2,sat.w22,uniform,22,features_4_block_2_fc1,se_reduce,72,26,26,0,0.0,0.0
mobilenet_v3_large-fp7_e3m3-default-b2,sat.w22,uniform,22,features_4_block_2_fc2,se_expand,24,25,24,0,0.0,0.0
mobilenet_v3_large-fp7_e3m3-default-b2,sat.w22,uniform,22,features_4_block_3_0,pointwise_project,72,26,26,0,0.0,0.0
mobilenet_v3_large-fp7_e3m3-default-b2,sat.w22,uniform,22,features_5_block_0_0,pointwise_expand,40,25,25,171,0.171,4.730017006802721e-06
mobilenet_v3_large-fp7_e3m3-default-b2,sat.w22,uniform,22,features_5_block_1_0,depthwise,25,24,24,0,0.0,0.0
mobilenet_v3_large-fp7_e3m3-default-b2,sat.w22,uniform,22,features_5_block_2_fc1,se_reduce,120,26,26,0,0.0,0.0
mobilenet_v3_large-fp7_e3m3-default-b2,sat.w22,uniform,22,features_5_block_2_fc2,se_expand,32,25,24,0,0.0,0.0
mobilenet_v3_large-fp7_e3m3-default-b2,sat.w22,uniform,22,features_5_block_3_0,pointwise_project,120,26,26,0,0.0,0.0
mobilenet_v3_large-fp7_e3m3-default-b2,sat.w22,uniform,22,features_6_block_0_0,pointwise_expand,40,25,25,120,0.12,3.2950680272108843e-06
mobilenet_v3_large-fp7_e3m3-default-b2,sat.w22,uniform,22,features_6_block_1_0,depthwise,25,25,24,1,0.001,4.251700680272109e-08
mobilenet_v3_large-fp7_e3m3-default-b2,sat.w22,uniform,22,features_6_block_2_fc1,se_reduce,120,26,26,0,0.0,0.0
mobilenet_v3_large-fp7_e3m3-default-b2,sat.w22,uniform,22,features_6_block_2_fc2,se_expand,32,25,25,685,0.685,0.006566666666666667
mobilenet_v3_large-fp7_e3m3-default-b2,sat.w22,uniform,22,features_6_block_3_0,pointwise_project,120,26,26,0,0.0,0.0
mobilenet_v3_large-fp7_e3m3-default-b2,sat.w22,uniform,22,features_7_block_0_0,pointwise_expand,40,25,25,12,0.012,1.7538265306122448e-07
mobilenet_v3_large-fp7_e3m3-default-b2,sat.w22,uniform,22,features_7_block_1_0,depthwise,9,24,24,0,0.0,0.0
mobilenet_v3_large-fp7_e3m3-default-b2,sat.w22,uniform,22,features_7_block_2_0,pointwise_project,240,27,27,0,0.0,0.0
mobilenet_v3_large-fp7_e3m3-default-b2,sat.w22,uniform,22,features_8_block_0_0,pointwise_expand,80,26,26,734,0.734,0.00011528061224489796
mobilenet_v3_large-fp7_e3m3-default-b2,sat.w22,uniform,22,features_8_block_1_0,depthwise,9,24,24,14,0.014,1.5561224489795918e-06
mobilenet_v3_large-fp7_e3m3-default-b2,sat.w22,uniform,22,features_8_block_2_0,pointwise_project,200,27,27,6,0.006,1.4668367346938775e-06
mobilenet_v3_large-fp7_e3m3-default-b2,sat.w22,uniform,22,features_9_block_0_0,pointwise_expand,80,26,26,50,0.05,4.5169698314108254e-05
mobilenet_v3_large-fp7_e3m3-default-b2,sat.w22,uniform,22,features_9_block_1_0,depthwise,9,24,24,0,0.0,0.0
mobilenet_v3_large-fp7_e3m3-default-b2,sat.w22,uniform,22,features_9_block_2_0,pointwise_project,184,27,27,0,0.0,0.0
mobilenet_v3_large-fp7_e3m3-default-b2,sat.w21,uniform,21,classifier_0,classifier,960,29,29,109,0.109,9.765625e-05
mobilenet_v3_large-fp7_e3m3-default-b2,sat.w21,uniform,21,classifier_3,classifier,1280,29,29,1000,1.0,0.013467
mobilenet_v3_large-fp7_e3m3-default-b2,sat.w21,uniform,21,features_0_0,stem,27,24,24,985,0.985,0.019418890505420918
mobilenet_v3_large-fp7_e3m3-default-b2,sat.w21,uniform,21,features_10_block_0_0,pointwise_expand,80,26,26,985,0.985,0.0004226375332741792
mobilenet_v3_large-fp7_e3m3-default-b2,sat.w21,uniform,21,features_10_block_1_0,depthwise,9,24,24,525,0.525,0.00013972382431233363
mobilenet_v3_large-fp7_e3m3-default-b2,sat.w21,uniform,21,features_10_block_2_0,pointwise_project,184,27,27,0,0.0,0.0
mobilenet_v3_large-fp7_e3m3-default-b2,sat.w21,uniform,21,features_11_block_0_0,pointwise_expand,80,26,26,182,0.182,1.791028911564626e-05
mobilenet_v3_large-fp7_e3m3-default-b2,sat.w21,uniform,21,features_11_block_1_0,depthwise,9,24,24,986,0.986,0.0003783375850340136
mobilenet_v3_large-fp7_e3m3-default-b2,sat.w21,uniform,21,features_11_block_2_fc1,se_reduce,480,28,28,329,0.329,0.0032916666666666667
mobilenet_v3_large-fp7_e3m3-default-b2,sat.w21,uniform,21,features_11_block_2_fc2,se_expand,120,26,26,1000,1.0,0.10185
mobilenet_v3_large-fp7_e3m3-default-b2,sat.w21,uniform,21,features_11_block_3_0,pointwise_project,480,28,28,970,0.97,0.0002600674198250729
mobilenet_v3_large-fp7_e3m3-default-b2,sat.w21,uniform,21,features_12_block_0_0,pointwise_expand,112,27,27,1000,1.0,0.0012376169217687076
mobilenet_v3_large-fp7_e3m3-default-b2,sat.w21,uniform,21,features_12_block_1_0,depthwise,9,24,24,14,0.014,2.049927113702624e-07
mobilenet_v3_large-fp7_e3m3-default-b2,sat.w21,uniform,21,features_12_block_2_fc1,se_reduce,672,28,28,155,0.155,0.0009523809523809524
mobilenet_v3_large-fp7_e3m3-default-b2,sat.w21,uniform,21,features_12_block_2_fc2,se_expand,168,27,27,1000,1.0,0.3279389880952381
mobilenet_v3_large-fp7_e3m3-default-b2,sat.w21,uniform,21,features_12_block_3_0,pointwise_project,672,28,28,0,0.0,0.0
mobilenet_v3_large-fp7_e3m3-default-b2,sat.w21,uniform,21,features_13_block_0_0,pointwise_expand,112,27,27,1000,1.0,0.0002841578595724004
mobilenet_v3_large-fp7_e3m3-default-b2,sat.w21,uniform,21,features_13_block_1_0,depthwise,25,25,25,674,0.674,9.01360544217687e-05
mobilenet_v3_large-fp7_e3m3-default-b2,sat.w21,uniform,21,features_13_block_2_fc1,se_reduce,672,28,28,146,0.146,0.0009642857142857143
mobilenet_v3_large-fp7_e3m3-default-b2,sat.w21,uniform,21,features_13_block_2_fc2,se_expand,168,27,27,1000,1.0,0.13142410714285716
mobilenet_v3_large-fp7_e3m3-default-b2,sat.w21,uniform,21,features_13_block_3_0,pointwise_project,672,29,29,1000,1.0,0.0027783163265306123
mobilenet_v3_large-fp7_e3m3-default-b2,sat.w21,uniform,21,features_14_block_0_0,pointwise_expand,160,27,27,1000,1.0,0.0032383503401360544
mobilenet_v3_large-fp7_e3m3-default-b2,sat.w21,uniform,21,features_14_block_1_0,depthwise,25,25,25,0,0.0,0.0
mobilenet_v3_large-fp7_e3m3-default-b2,sat.w21,uniform,21,features_14_block_2_fc1,se_reduce,960,29,29,1,0.001,4.166666666666667e-06
mobilenet_v3_large-fp7_e3m3-default-b2,sat.w21,uniform,21,features_14_block_2_fc2,se_expand,240,27,27,1000,1.0,0.38273541666666666
mobilenet_v3_large-fp7_e3m3-default-b2,sat.w21,uniform,21,features_14_block_3_0,pointwise_project,960,29,29,1,0.001,1.2755102040816326e-07
mobilenet_v3_large-fp7_e3m3-default-b2,sat.w21,uniform,21,features_15_block_0_0,pointwise_expand,160,27,27,1000,1.0,0.018221428571428572
mobilenet_v3_large-fp7_e3m3-default-b2,sat.w21,uniform,21,features_15_block_1_0,depthwise,25,25,25,98,0.098,5.739795918367347e-06
mobilenet_v3_large-fp7_e3m3-default-b2,sat.w21,uniform,21,features_15_block_2_fc1,se_reduce,960,29,29,0,0.0,0.0
mobilenet_v3_large-fp7_e3m3-default-b2,sat.w21,uniform,21,features_15_block_2_fc2,se_expand,240,27,27,1000,1.0,0.13330625
mobilenet_v3_large-fp7_e3m3-default-b2,sat.w21,uniform,21,features_15_block_3_0,pointwise_project,960,29,29,0,0.0,0.0
mobilenet_v3_large-fp7_e3m3-default-b2,sat.w21,uniform,21,features_16_0,pointwise_expand,160,27,27,1000,1.0,0.004578996598639456
mobilenet_v3_large-fp7_e3m3-default-b2,sat.w21,uniform,21,features_1_block_0_0,depthwise,9,23,23,0,0.0,0.0
mobilenet_v3_large-fp7_e3m3-default-b2,sat.w21,uniform,21,features_1_block_1_0,pointwise_project,16,24,23,177,0.177,2.735371492346939e-06
mobilenet_v3_large-fp7_e3m3-default-b2,sat.w21,uniform,21,features_2_block_0_0,pointwise_expand,16,24,24,6,0.006,8.719308035714286e-09
mobilenet_v3_large-fp7_e3m3-default-b2,sat.w21,uniform,21,features_2_block_1_0,depthwise,9,24,23,358,0.358,1.0801977040816327e-05
mobilenet_v3_large-fp7_e3m3-default-b2,sat.w21,uniform,21,features_2_block_2_0,pointwise_project,64,25,25,6,0.006,1.4615221088435374e-07
mobilenet_v3_large-fp7_e3m3-default-b2,sat.w21,uniform,21,features_3_block_0_0,pointwise_expand,24,24,24,927,0.927,0.0003335592049319728
mobilenet_v3_large-fp7_e3m3-default-b2,sat.w21,uniform,21,features_3_block_1_0,depthwise,9,23,23,2,0.002,8.857709750566893e-09
mobilenet_v3_large-fp7_e3m3-default-b2,sat.w21,uniform,21,features_3_block_2_0,pointwise_project,72,26,25,498,0.498,1.840189200680272e-05
mobilenet_v3_large-fp7_e3m3-default-b2,sat.w21,uniform,21,features_4_block_0_0,pointwise_expand,24,24,24,181,0.181,2.6041666666666666e-06
mobilenet_v3_large-fp7_e3m3-default-b2,sat.w21,uniform,21,features_4_block_1_0,depthwise,25,24,24,774,0.774,0.00023816609977324264
mobilenet_v3_large-fp7_e3m3-default-b2,sat.w21,uniform,21,features_4_block_2_fc1,se_reduce,72,26,26,1000,1.0,0.17370833333333333
mobilenet_v3_large-fp7_e3m3-default-b2,sat.w21,uniform,21,features_4_block_2_fc2,se_expand,24,25,24,0,0.0,0.0
mobilenet_v3_large-fp7_e3m3-default-b2,sat.w21,uniform,21,features_4_block_3_0,pointwise_project,72,26,26,0,0.0,0.0
mobilenet_v3_large-fp7_e3m3-default-b2,sat.w21,uniform,21,features_5_block_0_0,pointwise_expand,40,25,25,996,0.996,0.0010998937074829932
mobilenet_v3_large-fp7_e3m3-default-b2,sat.w21,uniform,21,features_5_block_1_0,depthwise,25,24,24,151,0.151,1.2616921768707482e-05
mobilenet_v3_large-fp7_e3m3-default-b2,sat.w21,uniform,21,features_5_block_2_fc1,se_reduce,120,26,26,273,0.273,0.008875
mobilenet_v3_large-fp7_e3m3-default-b2,sat.w21,uniform,21,features_5_block_2_fc2,se_expand,32,25,24,2,0.002,1.6666666666666667e-05
mobilenet_v3_large-fp7_e3m3-default-b2,sat.w21,uniform,21,features_5_block_3_0,pointwise_project,120,26,26,0,0.0,0.0
mobilenet_v3_large-fp7_e3m3-default-b2,sat.w21,uniform,21,features_6_block_0_0,pointwise_expand,40,25,25,999,0.999,0.0011716836734693876
mobilenet_v3_large-fp7_e3m3-default-b2,sat.w21,uniform,21,features_6_block_1_0,depthwise,25,25,24,293,0.293,4.12733843537415e-05
mobilenet_v3_large-fp7_e3m3-default-b2,sat.w21,uniform,21,features_6_block_2_fc1,se_reduce,120,26,26,40,0.04,0.00146875
mobilenet_v3_large-fp7_e3m3-default-b2,sat.w21,uniform,21,features_6_block_2_fc2,se_expand,32,25,25,1000,1.0,0.0643
mobilenet_v3_large-fp7_e3m3-default-b2,sat.w21,uniform,21,features_6_block_3_0,pointwise_project,120,26,26,307,0.307,1.5752551020408163e-05
mobilenet_v3_large-fp7_e3m3-default-b2,sat.w21,uniform,21,features_7_block_0_0,pointwise_expand,40,25,25,999,0.999,0.00018753720238095237
mobilenet_v3_large-fp7_e3m3-default-b2,sat.w21,uniform,21,features_7_block_1_0,depthwise,9,24,24,867,0.867,8.490646258503402e-05
mobilenet_v3_large-fp7_e3m3-default-b2,sat.w21,uniform,21,features_7_block_2_0,pointwise_project,240,27,27,1000,1.0,0.0012997448979591836
mobilenet_v3_large-fp7_e3m3-default-b2,sat.w21,uniform,21,features_8_block_0_0,pointwise_expand,80,26,26,1000,1.0,0.014637729591836734
mobilenet_v3_large-fp7_e3m3-default-b2,sat.w21,uniform,21,features_8_block_1_0,depthwise,9,24,24,855,0.855,0.0003421173469387755
mobilenet_v3_large-fp7_e3m3-default-b2,sat.w21,uniform,21,features_8_block_2_0,pointwise_project,200,27,27,1000,1.0,0.03826198979591837
mobilenet_v3_large-fp7_e3m3-default-b2,sat.w21,uniform,21,features_9_block_0_0,pointwise_expand,80,26,26,988,0.988,0.0007580135314995564
mobilenet_v3_large-fp7_e3m3-default-b2,sat.w21,uniform,21,features_9_block_1_0,depthwise,9,24,24,149,0.149,1.9077196095829635e-05
mobilenet_v3_large-fp7_e3m3-default-b2,sat.w21,uniform,21,features_9_block_2_0,pointwise_project,184,27,27,1000,1.0,0.0066707270408163264
mobilenet_v3_large-fp7_e3m3-default-b2,sat.struct-2,per_node,2,classifier_0,classifier,960,29,29,0,0.0,0.0
mobilenet_v3_large-fp7_e3m3-default-b2,sat.struct-2,per_node,2,classifier_3,classifier,1280,29,29,0,0.0,0.0
mobilenet_v3_large-fp7_e3m3-default-b2,sat.struct-2,per_node,2,features_0_0,stem,27,24,24,17,0.017,8.201132015306122e-06
mobilenet_v3_large-fp7_e3m3-default-b2,sat.struct-2,per_node,2,features_10_block_0_0,pointwise_expand,80,26,26,0,0.0,0.0
mobilenet_v3_large-fp7_e3m3-default-b2,sat.struct-2,per_node,2,features_10_block_1_0,depthwise,9,24,24,4,0.004,6.654835847382431e-07
mobilenet_v3_large-fp7_e3m3-default-b2,sat.struct-2,per_node,2,features_10_block_2_0,pointwise_project,184,27,27,0,0.0,0.0
mobilenet_v3_large-fp7_e3m3-default-b2,sat.struct-2,per_node,2,features_11_block_0_0,pointwise_expand,80,26,26,0,0.0,0.0
mobilenet_v3_large-fp7_e3m3-default-b2,sat.struct-2,per_node,2,features_11_block_1_0,depthwise,9,24,24,47,0.047,5.803571428571429e-06
mobilenet_v3_large-fp7_e3m3-default-b2,sat.struct-2,per_node,2,features_11_block_2_fc1,se_reduce,480,28,28,0,0.0,0.0
mobilenet_v3_large-fp7_e3m3-default-b2,sat.struct-2,per_node,2,features_11_block_2_fc2,se_expand,120,26,26,0,0.0,0.0
mobilenet_v3_large-fp7_e3m3-default-b2,sat.struct-2,per_node,2,features_11_block_3_0,pointwise_project,480,28,28,0,0.0,0.0
mobilenet_v3_large-fp7_e3m3-default-b2,sat.struct-2,per_node,2,features_12_block_0_0,pointwise_expand,112,27,27,0,0.0,0.0
mobilenet_v3_large-fp7_e3m3-default-b2,sat.struct-2,per_node,2,features_12_block_1_0,depthwise,9,24,24,0,0.0,0.0
mobilenet_v3_large-fp7_e3m3-default-b2,sat.struct-2,per_node,2,features_12_block_2_fc1,se_reduce,672,28,28,0,0.0,0.0
mobilenet_v3_large-fp7_e3m3-default-b2,sat.struct-2,per_node,2,features_12_block_2_fc2,se_expand,168,27,27,0,0.0,0.0
mobilenet_v3_large-fp7_e3m3-default-b2,sat.struct-2,per_node,2,features_12_block_3_0,pointwise_project,672,28,28,0,0.0,0.0
mobilenet_v3_large-fp7_e3m3-default-b2,sat.struct-2,per_node,2,features_13_block_0_0,pointwise_expand,112,27,27,0,0.0,0.0
mobilenet_v3_large-fp7_e3m3-default-b2,sat.struct-2,per_node,2,features_13_block_1_0,depthwise,25,25,25,0,0.0,0.0
mobilenet_v3_large-fp7_e3m3-default-b2,sat.struct-2,per_node,2,features_13_block_2_fc1,se_reduce,672,28,28,0,0.0,0.0
mobilenet_v3_large-fp7_e3m3-default-b2,sat.struct-2,per_node,2,features_13_block_2_fc2,se_expand,168,27,27,0,0.0,0.0
mobilenet_v3_large-fp7_e3m3-default-b2,sat.struct-2,per_node,2,features_13_block_3_0,pointwise_project,672,29,29,0,0.0,0.0
mobilenet_v3_large-fp7_e3m3-default-b2,sat.struct-2,per_node,2,features_14_block_0_0,pointwise_expand,160,27,27,0,0.0,0.0
mobilenet_v3_large-fp7_e3m3-default-b2,sat.struct-2,per_node,2,features_14_block_1_0,depthwise,25,25,25,0,0.0,0.0
mobilenet_v3_large-fp7_e3m3-default-b2,sat.struct-2,per_node,2,features_14_block_2_fc1,se_reduce,960,29,29,0,0.0,0.0
mobilenet_v3_large-fp7_e3m3-default-b2,sat.struct-2,per_node,2,features_14_block_2_fc2,se_expand,240,27,27,0,0.0,0.0
mobilenet_v3_large-fp7_e3m3-default-b2,sat.struct-2,per_node,2,features_14_block_3_0,pointwise_project,960,29,29,0,0.0,0.0
mobilenet_v3_large-fp7_e3m3-default-b2,sat.struct-2,per_node,2,features_15_block_0_0,pointwise_expand,160,27,27,0,0.0,0.0
mobilenet_v3_large-fp7_e3m3-default-b2,sat.struct-2,per_node,2,features_15_block_1_0,depthwise,25,25,25,0,0.0,0.0
mobilenet_v3_large-fp7_e3m3-default-b2,sat.struct-2,per_node,2,features_15_block_2_fc1,se_reduce,960,29,29,0,0.0,0.0
mobilenet_v3_large-fp7_e3m3-default-b2,sat.struct-2,per_node,2,features_15_block_2_fc2,se_expand,240,27,27,0,0.0,0.0
mobilenet_v3_large-fp7_e3m3-default-b2,sat.struct-2,per_node,2,features_15_block_3_0,pointwise_project,960,29,29,0,0.0,0.0
mobilenet_v3_large-fp7_e3m3-default-b2,sat.struct-2,per_node,2,features_16_0,pointwise_expand,160,27,27,0,0.0,0.0
mobilenet_v3_large-fp7_e3m3-default-b2,sat.struct-2,per_node,2,features_1_block_0_0,depthwise,9,23,23,0,0.0,0.0
mobilenet_v3_large-fp7_e3m3-default-b2,sat.struct-2,per_node,2,features_1_block_1_0,pointwise_project,16,24,23,181,0.181,2.8848453443877552e-06
mobilenet_v3_large-fp7_e3m3-default-b2,sat.struct-2,per_node,2,features_2_block_0_0,pointwise_expand,16,24,24,0,0.0,0.0
mobilenet_v3_large-fp7_e3m3-default-b2,sat.struct-2,per_node,2,features_2_block_1_0,depthwise,9,24,23,418,0.418,1.9650829081632652e-05
mobilenet_v3_large-fp7_e3m3-default-b2,sat.struct-2,per_node,2,features_2_block_2_0,pointwise_project,64,25,25,0,0.0,0.0
mobilenet_v3_large-fp7_e3m3-default-b2,sat.struct-2,per_node,2,features_3_block_0_0,pointwise_expand,24,24,24,17,0.017,4.871740362811792e-07
mobilenet_v3_large-fp7_e3m3-default-b2,sat.struct-2,per_node,2,features_3_block_1_0,depthwise,9,23,23,2,0.002,8.857709750566893e-09
mobilenet_v3_large-fp7_e3m3-default-b2,sat.struct-2,per_node,2,features_3_block_2_0,pointwise_project,72,26,25,0,0.0,0.0
mobilenet_v3_large-fp7_e3m3-default-b2,sat.struct-2,per_node,2,features_4_block_0_0,pointwise_expand,24,24,24,0,0.0,0.0
mobilenet_v3_large-fp7_e3m3-default-b2,sat.struct-2,per_node,2,features_4_block_1_0,depthwise,25,24,24,0,0.0,0.0
mobilenet_v3_large-fp7_e3m3-default-b2,sat.struct-2,per_node,2,features_4_block_2_fc1,se_reduce,72,26,26,0,0.0,0.0
mobilenet_v3_large-fp7_e3m3-default-b2,sat.struct-2,per_node,2,features_4_block_2_fc2,se_expand,24,25,24,0,0.0,0.0
mobilenet_v3_large-fp7_e3m3-default-b2,sat.struct-2,per_node,2,features_4_block_3_0,pointwise_project,72,26,26,0,0.0,0.0
mobilenet_v3_large-fp7_e3m3-default-b2,sat.struct-2,per_node,2,features_5_block_0_0,pointwise_expand,40,25,25,0,0.0,0.0
mobilenet_v3_large-fp7_e3m3-default-b2,sat.struct-2,per_node,2,features_5_block_1_0,depthwise,25,24,24,0,0.0,0.0
mobilenet_v3_large-fp7_e3m3-default-b2,sat.struct-2,per_node,2,features_5_block_2_fc1,se_reduce,120,26,26,0,0.0,0.0
mobilenet_v3_large-fp7_e3m3-default-b2,sat.struct-2,per_node,2,features_5_block_2_fc2,se_expand,32,25,24,0,0.0,0.0
mobilenet_v3_large-fp7_e3m3-default-b2,sat.struct-2,per_node,2,features_5_block_3_0,pointwise_project,120,26,26,0,0.0,0.0
mobilenet_v3_large-fp7_e3m3-default-b2,sat.struct-2,per_node,2,features_6_block_0_0,pointwise_expand,40,25,25,0,0.0,0.0
mobilenet_v3_large-fp7_e3m3-default-b2,sat.struct-2,per_node,2,features_6_block_1_0,depthwise,25,25,24,1,0.001,3.1887755102040814e-08
mobilenet_v3_large-fp7_e3m3-default-b2,sat.struct-2,per_node,2,features_6_block_2_fc1,se_reduce,120,26,26,0,0.0,0.0
mobilenet_v3_large-fp7_e3m3-default-b2,sat.struct-2,per_node,2,features_6_block_2_fc2,se_expand,32,25,25,0,0.0,0.0
mobilenet_v3_large-fp7_e3m3-default-b2,sat.struct-2,per_node,2,features_6_block_3_0,pointwise_project,120,26,26,0,0.0,0.0
mobilenet_v3_large-fp7_e3m3-default-b2,sat.struct-2,per_node,2,features_7_block_0_0,pointwise_expand,40,25,25,0,0.0,0.0
mobilenet_v3_large-fp7_e3m3-default-b2,sat.struct-2,per_node,2,features_7_block_1_0,depthwise,9,24,24,0,0.0,0.0
mobilenet_v3_large-fp7_e3m3-default-b2,sat.struct-2,per_node,2,features_7_block_2_0,pointwise_project,240,27,27,0,0.0,0.0
mobilenet_v3_large-fp7_e3m3-default-b2,sat.struct-2,per_node,2,features_8_block_0_0,pointwise_expand,80,26,26,0,0.0,0.0
mobilenet_v3_large-fp7_e3m3-default-b2,sat.struct-2,per_node,2,features_8_block_1_0,depthwise,9,24,24,14,0.014,1.5561224489795918e-06
mobilenet_v3_large-fp7_e3m3-default-b2,sat.struct-2,per_node,2,features_8_block_2_0,pointwise_project,200,27,27,0,0.0,0.0
mobilenet_v3_large-fp7_e3m3-default-b2,sat.struct-2,per_node,2,features_9_block_0_0,pointwise_expand,80,26,26,0,0.0,0.0
mobilenet_v3_large-fp7_e3m3-default-b2,sat.struct-2,per_node,2,features_9_block_1_0,depthwise,9,24,24,0,0.0,0.0
mobilenet_v3_large-fp7_e3m3-default-b2,sat.struct-2,per_node,2,features_9_block_2_0,pointwise_project,184,27,27,0,0.0,0.0
mobilenet_v3_large-fp7_e3m3-default-b2,sat.struct-3,per_node,3,classifier_0,classifier,960,29,29,0,0.0,0.0
mobilenet_v3_large-fp7_e3m3-default-b2,sat.struct-3,per_node,3,classifier_3,classifier,1280,29,29,0,0.0,0.0
mobilenet_v3_large-fp7_e3m3-default-b2,sat.struct-3,per_node,3,features_0_0,stem,27,24,24,985,0.985,0.019418890505420918
mobilenet_v3_large-fp7_e3m3-default-b2,sat.struct-3,per_node,3,features_10_block_0_0,pointwise_expand,80,26,26,0,0.0,0.0
mobilenet_v3_large-fp7_e3m3-default-b2,sat.struct-3,per_node,3,features_10_block_1_0,depthwise,9,24,24,447,0.447,0.0001046195652173913
mobilenet_v3_large-fp7_e3m3-default-b2,sat.struct-3,per_node,3,features_10_block_2_0,pointwise_project,184,27,27,0,0.0,0.0
mobilenet_v3_large-fp7_e3m3-default-b2,sat.struct-3,per_node,3,features_11_block_0_0,pointwise_expand,80,26,26,0,0.0,0.0
mobilenet_v3_large-fp7_e3m3-default-b2,sat.struct-3,per_node,3,features_11_block_1_0,depthwise,9,24,24,995,0.995,0.00048442814625850343
mobilenet_v3_large-fp7_e3m3-default-b2,sat.struct-3,per_node,3,features_11_block_2_fc1,se_reduce,480,28,28,0,0.0,0.0
mobilenet_v3_large-fp7_e3m3-default-b2,sat.struct-3,per_node,3,features_11_block_2_fc2,se_expand,120,26,26,0,0.0,0.0
mobilenet_v3_large-fp7_e3m3-default-b2,sat.struct-3,per_node,3,features_11_block_3_0,pointwise_project,480,28,28,0,0.0,0.0
mobilenet_v3_large-fp7_e3m3-default-b2,sat.struct-3,per_node,3,features_12_block_0_0,pointwise_expand,112,27,27,0,0.0,0.0
mobilenet_v3_large-fp7_e3m3-default-b2,sat.struct-3,per_node,3,features_12_block_1_0,depthwise,9,24,24,32,0.032,7.212706511175899e-07
mobilenet_v3_large-fp7_e3m3-default-b2,sat.struct-3,per_node,3,features_12_block_2_fc1,se_reduce,672,28,28,0,0.0,0.0
mobilenet_v3_large-fp7_e3m3-default-b2,sat.struct-3,per_node,3,features_12_block_2_fc2,se_expand,168,27,27,0,0.0,0.0
mobilenet_v3_large-fp7_e3m3-default-b2,sat.struct-3,per_node,3,features_12_block_3_0,pointwise_project,672,28,28,0,0.0,0.0
mobilenet_v3_large-fp7_e3m3-default-b2,sat.struct-3,per_node,3,features_13_block_0_0,pointwise_expand,112,27,27,0,0.0,0.0
mobilenet_v3_large-fp7_e3m3-default-b2,sat.struct-3,per_node,3,features_13_block_1_0,depthwise,25,25,25,6,0.006,5.466472303206997e-07
mobilenet_v3_large-fp7_e3m3-default-b2,sat.struct-3,per_node,3,features_13_block_2_fc1,se_reduce,672,28,28,0,0.0,0.0
mobilenet_v3_large-fp7_e3m3-default-b2,sat.struct-3,per_node,3,features_13_block_2_fc2,se_expand,168,27,27,0,0.0,0.0
mobilenet_v3_large-fp7_e3m3-default-b2,sat.struct-3,per_node,3,features_13_block_3_0,pointwise_project,672,29,29,0,0.0,0.0
mobilenet_v3_large-fp7_e3m3-default-b2,sat.struct-3,per_node,3,features_14_block_0_0,pointwise_expand,160,27,27,0,0.0,0.0
mobilenet_v3_large-fp7_e3m3-default-b2,sat.struct-3,per_node,3,features_14_block_1_0,depthwise,25,25,25,0,0.0,0.0
mobilenet_v3_large-fp7_e3m3-default-b2,sat.struct-3,per_node,3,features_14_block_2_fc1,se_reduce,960,29,29,0,0.0,0.0
mobilenet_v3_large-fp7_e3m3-default-b2,sat.struct-3,per_node,3,features_14_block_2_fc2,se_expand,240,27,27,0,0.0,0.0
mobilenet_v3_large-fp7_e3m3-default-b2,sat.struct-3,per_node,3,features_14_block_3_0,pointwise_project,960,29,29,0,0.0,0.0
mobilenet_v3_large-fp7_e3m3-default-b2,sat.struct-3,per_node,3,features_15_block_0_0,pointwise_expand,160,27,27,0,0.0,0.0
mobilenet_v3_large-fp7_e3m3-default-b2,sat.struct-3,per_node,3,features_15_block_1_0,depthwise,25,25,25,0,0.0,0.0
mobilenet_v3_large-fp7_e3m3-default-b2,sat.struct-3,per_node,3,features_15_block_2_fc1,se_reduce,960,29,29,0,0.0,0.0
mobilenet_v3_large-fp7_e3m3-default-b2,sat.struct-3,per_node,3,features_15_block_2_fc2,se_expand,240,27,27,0,0.0,0.0
mobilenet_v3_large-fp7_e3m3-default-b2,sat.struct-3,per_node,3,features_15_block_3_0,pointwise_project,960,29,29,0,0.0,0.0
mobilenet_v3_large-fp7_e3m3-default-b2,sat.struct-3,per_node,3,features_16_0,pointwise_expand,160,27,27,0,0.0,0.0
mobilenet_v3_large-fp7_e3m3-default-b2,sat.struct-3,per_node,3,features_1_block_0_0,depthwise,9,23,23,0,0.0,0.0
mobilenet_v3_large-fp7_e3m3-default-b2,sat.struct-3,per_node,3,features_1_block_1_0,pointwise_project,16,24,23,983,0.983,0.0011178302375637755
mobilenet_v3_large-fp7_e3m3-default-b2,sat.struct-3,per_node,3,features_2_block_0_0,pointwise_expand,16,24,24,4,0.004,4.9824617346938776e-09
mobilenet_v3_large-fp7_e3m3-default-b2,sat.struct-3,per_node,3,features_2_block_1_0,depthwise,9,24,23,997,0.997,0.0012946627869897958
mobilenet_v3_large-fp7_e3m3-default-b2,sat.struct-3,per_node,3,features_2_block_2_0,pointwise_project,64,25,25,0,0.0,0.0
mobilenet_v3_large-fp7_e3m3-default-b2,sat.struct-3,per_node,3,features_3_block_0_0,pointwise_expand,24,24,24,920,0.92,0.00026389331774376415
mobilenet_v3_large-fp7_e3m3-default-b2,sat.struct-3,per_node,3,features_3_block_1_0,depthwise,9,23,23,1000,1.0,0.00718257954223356
mobilenet_v3_large-fp7_e3m3-default-b2,sat.struct-3,per_node,3,features_3_block_2_0,pointwise_project,72,26,25,0,0.0,0.0
mobilenet_v3_large-fp7_e3m3-default-b2,sat.struct-3,per_node,3,features_4_block_0_0,pointwise_expand,24,24,24,172,0.172,2.5510204081632653e-06
mobilenet_v3_large-fp7_e3m3-default-b2,sat.struct-3,per_node,3,features_4_block_1_0,depthwise,25,24,24,752,0.752,0.00021641156462585035
mobilenet_v3_large-fp7_e3m3-default-b2,sat.struct-3,per_node,3,features_4_block_2_fc1,se_reduce,72,26,26,0,0.0,0.0
mobilenet_v3_large-fp7_e3m3-default-b2,sat.struct-3,per_node,3,features_4_block_2_fc2,se_expand,24,25,24,0,0.0,0.0
mobilenet_v3_large-fp7_e3m3-default-b2,sat.struct-3,per_node,3,features_4_block_3_0,pointwise_project,72,26,26,0,0.0,0.0
mobilenet_v3_large-fp7_e3m3-default-b2,sat.struct-3,per_node,3,features_5_block_0_0,pointwise_expand,40,25,25,150,0.15,3.858418367346939e-06
mobilenet_v3_large-fp7_e3m3-default-b2,sat.struct-3,per_node,3,features_5_block_1_0,depthwise,25,24,24,144,0.144,1.094812925170068e-05
mobilenet_v3_large-fp7_e3m3-default-b2,sat.struct-3,per_node,3,features_5_block_2_fc1,se_reduce,120,26,26,0,0.0,0.0
mobilenet_v3_large-fp7_e3m3-default-b2,sat.struct-3,per_node,3,features_5_block_2_fc2,se_expand,32,25,24,1,0.001,1.6666666666666667e-05
mobilenet_v3_large-fp7_e3m3-default-b2,sat.struct-3,per_node,3,features_5_block_3_0,pointwise_project,120,26,26,0,0.0,0.0
mobilenet_v3_large-fp7_e3m3-default-b2,sat.struct-3,per_node,3,features_6_block_0_0,pointwise_expand,40,25,25,114,0.114,2.965561224489796e-06
mobilenet_v3_large-fp7_e3m3-default-b2,sat.struct-3,per_node,3,features_6_block_1_0,depthwise,25,25,24,294,0.294,4.246386054421769e-05
mobilenet_v3_large-fp7_e3m3-default-b2,sat.struct-3,per_node,3,features_6_block_2_fc1,se_reduce,120,26,26,0,0.0,0.0
mobilenet_v3_large-fp7_e3m3-default-b2,sat.struct-3,per_node,3,features_6_block_2_fc2,se_expand,32,25,25,681,0.681,0.00655
mobilenet_v3_large-fp7_e3m3-default-b2,sat.struct-3,per_node,3,features_6_block_3_0,pointwise_project,120,26,26,0,0.0,0.0
mobilenet_v3_large-fp7_e3m3-default-b2,sat.struct-3,per_node,3,features_7_block_0_0,pointwise_expand,40,25,25,10,0.01,3.2950680272108845e-07
mobilenet_v3_large-fp7_e3m3-default-b2,sat.struct-3,per_node,3,features_7_block_1_0,depthwise,9,24,24,854,0.854,8.386479591836734e-05
mobilenet_v3_large-fp7_e3m3-default-b2,sat.struct-3,per_node,3,features_7_block_2_0,pointwise_project,240,27,27,0,0.0,0.0
mobilenet_v3_large-fp7_e3m3-default-b2,sat.struct-3,per_node,3,features_8_block_0_0,pointwise_expand,80,26,26,0,0.0,0.0
mobilenet_v3_large-fp7_e3m3-default-b2,sat.struct-3,per_node,3,features_8_block_1_0,depthwise,9,24,24,835,0.835,0.0003172448979591837
mobilenet_v3_large-fp7_e3m3-default-b2,sat.struct-3,per_node,3,features_8_block_2_0,pointwise_project,200,27,27,0,0.0,0.0
mobilenet_v3_large-fp7_e3m3-default-b2,sat.struct-3,per_node,3,features_9_block_0_0,pointwise_expand,80,26,26,0,0.0,0.0
mobilenet_v3_large-fp7_e3m3-default-b2,sat.struct-3,per_node,3,features_9_block_1_0,depthwise,9,24,24,277,0.277,3.5353815439219165e-05
mobilenet_v3_large-fp7_e3m3-default-b2,sat.struct-3,per_node,3,features_9_block_2_0,pointwise_project,184,27,27,0,0.0,0.0
mobilenet_v3_large-fp7_e3m3-default-b2,sat.struct-4,per_node,4,classifier_0,classifier,960,29,29,0,0.0,0.0
mobilenet_v3_large-fp7_e3m3-default-b2,sat.struct-4,per_node,4,classifier_3,classifier,1280,29,29,0,0.0,0.0
mobilenet_v3_large-fp7_e3m3-default-b2,sat.struct-4,per_node,4,features_0_0,stem,27,24,24,1000,1.0,0.19771471918845662
mobilenet_v3_large-fp7_e3m3-default-b2,sat.struct-4,per_node,4,features_10_block_0_0,pointwise_expand,80,26,26,219,0.219,5.8118899733806564e-05
mobilenet_v3_large-fp7_e3m3-default-b2,sat.struct-4,per_node,4,features_10_block_1_0,depthwise,9,24,24,1000,1.0,0.0045896184560780835
mobilenet_v3_large-fp7_e3m3-default-b2,sat.struct-4,per_node,4,features_10_block_2_0,pointwise_project,184,27,27,0,0.0,0.0
mobilenet_v3_large-fp7_e3m3-default-b2,sat.struct-4,per_node,4,features_11_block_0_0,pointwise_expand,80,26,26,103,0.103,2.4436649659863945e-05
mobilenet_v3_large-fp7_e3m3-default-b2,sat.struct-4,per_node,4,features_11_block_1_0,depthwise,9,24,24,1000,1.0,0.008087266156462585
mobilenet_v3_large-fp7_e3m3-default-b2,sat.struct-4,per_node,4,features_11_block_2_fc1,se_reduce,480,28,28,0,0.0,0.0
mobilenet_v3_large-fp7_e3m3-default-b2,sat.struct-4,per_node,4,features_11_block_2_fc2,se_expand,120,26,26,1000,1.0,0.0073416666666666665
mobilenet_v3_large-fp7_e3m3-default-b2,sat.struct-4,per_node,4,features_11_block_3_0,pointwise_project,480,28,28,0,0.0,0.0
mobilenet_v3_large-fp7_e3m3-default-b2,sat.struct-4,per_node,4,features_12_block_0_0,pointwise_expand,112,27,27,0,0.0,0.0
mobilenet_v3_large-fp7_e3m3-default-b2,sat.struct-4,per_node,4,features_12_block_1_0,depthwise,9,24,24,998,0.998,0.00032081359329446063
mobilenet_v3_large-fp7_e3m3-default-b2,sat.struct-4,per_node,4,features_12_block_2_fc1,se_reduce,672,28,28,0,0.0,0.0
mobilenet_v3_large-fp7_e3m3-default-b2,sat.struct-4,per_node,4,features_12_block_2_fc2,se_expand,168,27,27,0,0.0,0.0
mobilenet_v3_large-fp7_e3m3-default-b2,sat.struct-4,per_node,4,features_12_block_3_0,pointwise_project,672,28,28,0,0.0,0.0
mobilenet_v3_large-fp7_e3m3-default-b2,sat.struct-4,per_node,4,features_13_block_0_0,pointwise_expand,112,27,27,0,0.0,0.0
mobilenet_v3_large-fp7_e3m3-default-b2,sat.struct-4,per_node,4,features_13_block_1_0,depthwise,25,25,25,463,0.463,0.00011084791059280856
mobilenet_v3_large-fp7_e3m3-default-b2,sat.struct-4,per_node,4,features_13_block_2_fc1,se_reduce,672,28,28,0,0.0,0.0
mobilenet_v3_large-fp7_e3m3-default-b2,sat.struct-4,per_node,4,features_13_block_2_fc2,se_expand,168,27,27,0,0.0,0.0
mobilenet_v3_large-fp7_e3m3-default-b2,sat.struct-4,per_node,4,features_13_block_3_0,pointwise_project,672,29,29,0,0.0,0.0
mobilenet_v3_large-fp7_e3m3-default-b2,sat.struct-4,per_node,4,features_14_block_0_0,pointwise_expand,160,27,27,0,0.0,0.0
mobilenet_v3_large-fp7_e3m3-default-b2,sat.struct-4,per_node,4,features_14_block_1_0,depthwise,25,25,25,0,0.0,0.0
mobilenet_v3_large-fp7_e3m3-default-b2,sat.struct-4,per_node,4,features_14_block_2_fc1,se_reduce,960,29,29,0,0.0,0.0
mobilenet_v3_large-fp7_e3m3-default-b2,sat.struct-4,per_node,4,features_14_block_2_fc2,se_expand,240,27,27,0,0.0,0.0
mobilenet_v3_large-fp7_e3m3-default-b2,sat.struct-4,per_node,4,features_14_block_3_0,pointwise_project,960,29,29,0,0.0,0.0
mobilenet_v3_large-fp7_e3m3-default-b2,sat.struct-4,per_node,4,features_15_block_0_0,pointwise_expand,160,27,27,13,0.013,5.952380952380952e-07
mobilenet_v3_large-fp7_e3m3-default-b2,sat.struct-4,per_node,4,features_15_block_1_0,depthwise,25,25,25,17,0.017,5.314625850340136e-07
mobilenet_v3_large-fp7_e3m3-default-b2,sat.struct-4,per_node,4,features_15_block_2_fc1,se_reduce,960,29,29,0,0.0,0.0
mobilenet_v3_large-fp7_e3m3-default-b2,sat.struct-4,per_node,4,features_15_block_2_fc2,se_expand,240,27,27,0,0.0,0.0
mobilenet_v3_large-fp7_e3m3-default-b2,sat.struct-4,per_node,4,features_15_block_3_0,pointwise_project,960,29,29,0,0.0,0.0
mobilenet_v3_large-fp7_e3m3-default-b2,sat.struct-4,per_node,4,features_16_0,pointwise_expand,160,27,27,2,0.002,1.7006802721088437e-07
mobilenet_v3_large-fp7_e3m3-default-b2,sat.struct-4,per_node,4,features_1_block_0_0,depthwise,9,23,23,0,0.0,0.0
mobilenet_v3_large-fp7_e3m3-default-b2,sat.struct-4,per_node,4,features_1_block_1_0,pointwise_project,16,24,23,1000,1.0,0.06676312878667091
mobilenet_v3_large-fp7_e3m3-default-b2,sat.struct-4,per_node,4,features_2_block_0_0,pointwise_expand,16,24,24,865,0.865,2.5538853236607143e-05
mobilenet_v3_large-fp7_e3m3-default-b2,sat.struct-4,per_node,4,features_2_block_1_0,depthwise,9,24,23,1000,1.0,0.01380827487244898
mobilenet_v3_large-fp7_e3m3-default-b2,sat.struct-4,per_node,4,features_2_block_2_0,pointwise_project,64,25,25,0,0.0,0.0
mobilenet_v3_large-fp7_e3m3-default-b2,sat.struct-4,per_node,4,features_3_block_0_0,pointwise_expand,24,24,24,997,0.997,0.006275390625
mobilenet_v3_large-fp7_e3m3-default-b2,sat.struct-4,per_node,4,features_3_block_1_0,depthwise,9,23,23,1000,1.0,0.014566818133503402
mobilenet_v3_large-fp7_e3m3-default-b2,sat.struct-4,per_node,4,features_3_block_2_0,pointwise_project,72,26,25,306,0.306,8.038371598639456e-06
mobilenet_v3_large-fp7_e3m3-default-b2,sat.struct-4,per_node,4,features_4_block_0_0,pointwise_expand,24,24,24,1000,1.0,0.000735592935090703
mobilenet_v3_large-fp7_e3m3-default-b2,sat.struct-4,per_node,4,features_4_block_1_0,depthwise,25,24,24,1000,1.0,0.02354342049319728
mobilenet_v3_large-fp7_e3m3-default-b2,sat.struct-4,per_node,4,features_4_block_2_fc1,se_reduce,72,26,26,13,0.013,0.0005416666666666666
mobilenet_v3_large-fp7_e3m3-default-b2,sat.struct-4,per_node,4,features_4_block_2_fc2,se_expand,24,25,24,0,0.0,0.0
mobilenet_v3_large-fp7_e3m3-default-b2,sat.struct-4,per_node,4,features_4_block_3_0,pointwise_project,72,26,26,0,0.0,0.0
mobilenet_v3_large-fp7_e3m3-default-b2,sat.struct-4,per_node,4,features_5_block_0_0,pointwise_expand,40,25,25,998,0.998,0.0009692708333333334
mobilenet_v3_large-fp7_e3m3-default-b2,sat.struct-4,per_node,4,features_5_block_1_0,depthwise,25,24,24,1000,1.0,0.02836684736394558
mobilenet_v3_large-fp7_e3m3-default-b2,sat.struct-4,per_node,4,features_5_block_2_fc1,se_reduce,120,26,26,0,0.0,0.0
mobilenet_v3_large-fp7_e3m3-default-b2,sat.struct-4,per_node,4,features_5_block_2_fc2,se_expand,32,25,24,1000,1.0,0.126475
mobilenet_v3_large-fp7_e3m3-default-b2,sat.struct-4,per_node,4,features_5_block_3_0,pointwise_project,120,26,26,0,0.0,0.0
mobilenet_v3_large-fp7_e3m3-default-b2,sat.struct-4,per_node,4,features_6_block_0_0,pointwise_expand,40,25,25,1000,1.0,0.0014878188775510205
mobilenet_v3_large-fp7_e3m3-default-b2,sat.struct-4,per_node,4,features_6_block_1_0,depthwise,25,25,24,1000,1.0,0.004160682397959184
mobilenet_v3_large-fp7_e3m3-default-b2,sat.struct-4,per_node,4,features_6_block_2_fc1,se_reduce,120,26,26,0,0.0,0.0
mobilenet_v3_large-fp7_e3m3-default-b2,sat.struct-4,per_node,4,features_6_block_2_fc2,se_expand,32,25,25,1000,1.0,0.07113333333333334
mobilenet_v3_large-fp7_e3m3-default-b2,sat.struct-4,per_node,4,features_6_block_3_0,pointwise_project,120,26,26,0,0.0,0.0
mobilenet_v3_large-fp7_e3m3-default-b2,sat.struct-4,per_node,4,features_7_block_0_0,pointwise_expand,40,25,25,1000,1.0,0.0007225977891156463
mobilenet_v3_large-fp7_e3m3-default-b2,sat.struct-4,per_node,4,features_7_block_1_0,depthwise,9,24,24,1000,1.0,0.010045238095238095
mobilenet_v3_large-fp7_e3m3-default-b2,sat.struct-4,per_node,4,features_7_block_2_0,pointwise_project,240,27,27,0,0.0,0.0
mobilenet_v3_large-fp7_e3m3-default-b2,sat.struct-4,per_node,4,features_8_block_0_0,pointwise_expand,80,26,26,979,0.979,0.0010567602040816326
mobilenet_v3_large-fp7_e3m3-default-b2,sat.struct-4,per_node,4,features_8_block_1_0,depthwise,9,24,24,1000,1.0,0.015535841836734694
mobilenet_v3_large-fp7_e3m3-default-b2,sat.struct-4,per_node,4,features_8_block_2_0,pointwise_project,200,27,27,0,0.0,0.0
mobilenet_v3_large-fp7_e3m3-default-b2,sat.struct-4,per_node,4,features_9_block_0_0,pointwise_expand,80,26,26,242,0.242,8.99234693877551e-05
mobilenet_v3_large-fp7_e3m3-default-b2,sat.struct-4,per_node,4,features_9_block_1_0,depthwise,9,24,24,1000,1.0,0.00898458296362023
mobilenet_v3_large-fp7_e3m3-default-b2,sat.struct-4,per_node,4,features_9_block_2_0,pointwise_project,184,27,27,0,0.0,0.0
mobilenet_v3_large-fp7_e3m3-default-b2,sat.struct-5,per_node,5,classifier_0,classifier,960,29,29,0,0.0,0.0
mobilenet_v3_large-fp7_e3m3-default-b2,sat.struct-5,per_node,5,classifier_3,classifier,1280,29,29,0,0.0,0.0
mobilenet_v3_large-fp7_e3m3-default-b2,sat.struct-5,per_node,5,features_0_0,stem,27,24,24,1000,1.0,0.46428078164859693
mobilenet_v3_large-fp7_e3m3-default-b2,sat.struct-5,per_node,5,features_10_block_0_0,pointwise_expand,80,26,26,1000,1.0,0.009789291259982253
mobilenet_v3_large-fp7_e3m3-default-b2,sat.struct-5,per_node,5,features_10_block_1_0,depthwise,9,24,24,1000,1.0,0.022731616015971606
mobilenet_v3_large-fp7_e3m3-default-b2,sat.struct-5,per_node,5,features_10_block_2_0,pointwise_project,184,27,27,0,0.0,0.0
mobilenet_v3_large-fp7_e3m3-default-b2,sat.struct-5,per_node,5,features_11_block_0_0,pointwise_expand,80,26,26,941,0.941,0.0010302614795918367
mobilenet_v3_large-fp7_e3m3-default-b2,sat.struct-5,per_node,5,features_11_block_1_0,depthwise,9,24,24,1000,1.0,0.0355843537414966
mobilenet_v3_large-fp7_e3m3-default-b2,sat.struct-5,per_node,5,features_11_block_2_fc1,se_reduce,480,28,28,0,0.0,0.0
mobilenet_v3_large-fp7_e3m3-default-b2,sat.struct-5,per_node,5,features_11_block_2_fc2,se_expand,120,26,26,1000,1.0,0.27529791666666664
mobilenet_v3_large-fp7_e3m3-default-b2,sat.struct-5,per_node,5,features_11_block_3_0,pointwise_project,480,28,28,0,0.0,0.0
mobilenet_v3_large-fp7_e3m3-default-b2,sat.struct-5,per_node,5,features_12_block_0_0,pointwise_expand,112,27,27,100,0.1,1.328656462585034e-06
mobilenet_v3_large-fp7_e3m3-default-b2,sat.struct-5,per_node,5,features_12_block_1_0,depthwise,9,24,24,1000,1.0,0.00904403547133139
mobilenet_v3_large-fp7_e3m3-default-b2,sat.struct-5,per_node,5,features_12_block_2_fc1,se_reduce,672,28,28,0,0.0,0.0
mobilenet_v3_large-fp7_e3m3-default-b2,sat.struct-5,per_node,5,features_12_block_2_fc2,se_expand,168,27,27,1000,1.0,0.059038690476190474
mobilenet_v3_large-fp7_e3m3-default-b2,sat.struct-5,per_node,5,features_12_block_3_0,pointwise_project,672,28,28,0,0.0,0.0
mobilenet_v3_large-fp7_e3m3-default-b2,sat.struct-5,per_node,5,features_13_block_0_0,pointwise_expand,112,27,27,3,0.003,3.0369290573372205e-08
mobilenet_v3_large-fp7_e3m3-default-b2,sat.struct-5,per_node,5,features_13_block_1_0,depthwise,25,25,25,1000,1.0,0.006195274538386784
mobilenet_v3_large-fp7_e3m3-default-b2,sat.struct-5,per_node,5,features_13_block_2_fc1,se_reduce,672,28,28,0,0.0,0.0
mobilenet_v3_large-fp7_e3m3-default-b2,sat.struct-5,per_node,5,features_13_block_2_fc2,se_expand,168,27,27,999,0.999,0.03279315476190476
mobilenet_v3_large-fp7_e3m3-default-b2,sat.struct-5,per_node,5,features_13_block_3_0,pointwise_project,672,29,29,0,0.0,0.0
mobilenet_v3_large-fp7_e3m3-default-b2,sat.struct-5,per_node,5,features_14_block_0_0,pointwise_expand,160,27,27,90,0.09,6.037414965986394e-06
mobilenet_v3_large-fp7_e3m3-default-b2,sat.struct-5,per_node,5,features_14_block_1_0,depthwise,25,25,25,115,0.115,1.328656462585034e-05
mobilenet_v3_large-fp7_e3m3-default-b2,sat.struct-5,per_node,5,features_14_block_2_fc1,se_reduce,960,29,29,0,0.0,0.0
mobilenet_v3_large-fp7_e3m3-default-b2,sat.struct-5,per_node,5,features_14_block_2_fc2,se_expand,240,27,27,686,0.686,0.0013125
mobilenet_v3_large-fp7_e3m3-default-b2,sat.struct-5,per_node,5,features_14_block_3_0,pointwise_project,960,29,29,0,0.0,0.0
mobilenet_v3_large-fp7_e3m3-default-b2,sat.struct-5,per_node,5,features_15_block_0_0,pointwise_expand,160,27,27,606,0.606,0.00010072278911564626
mobilenet_v3_large-fp7_e3m3-default-b2,sat.struct-5,per_node,5,features_15_block_1_0,depthwise,25,25,25,348,0.348,5.3975340136054424e-05
mobilenet_v3_large-fp7_e3m3-default-b2,sat.struct-5,per_node,5,features_15_block_2_fc1,se_reduce,960,29,29,0,0.0,0.0
mobilenet_v3_large-fp7_e3m3-default-b2,sat.struct-5,per_node,5,features_15_block_2_fc2,se_expand,240,27,27,0,0.0,0.0
mobilenet_v3_large-fp7_e3m3-default-b2,sat.struct-5,per_node,5,features_15_block_3_0,pointwise_project,960,29,29,0,0.0,0.0
mobilenet_v3_large-fp7_e3m3-default-b2,sat.struct-5,per_node,5,features_16_0,pointwise_expand,160,27,27,3,0.003,2.33843537414966e-07
mobilenet_v3_large-fp7_e3m3-default-b2,sat.struct-5,per_node,5,features_1_block_0_0,depthwise,9,23,23,1000,1.0,0.06146773357780612
mobilenet_v3_large-fp7_e3m3-default-b2,sat.struct-5,per_node,5,features_1_block_1_0,pointwise_project,16,24,23,1000,1.0,0.47520679209183675
mobilenet_v3_large-fp7_e3m3-default-b2,sat.struct-5,per_node,5,features_2_block_0_0,pointwise_expand,16,24,24,999,0.999,0.001760479362643495
mobilenet_v3_large-fp7_e3m3-default-b2,sat.struct-5,per_node,5,features_2_block_1_0,depthwise,9,24,23,1000,1.0,0.1450197903380102
mobilenet_v3_large-fp7_e3m3-default-b2,sat.struct-5,per_node,5,features_2_block_2_0,pointwise_project,64,25,25,105,0.105,2.192283163265306e-06
mobilenet_v3_large-fp7_e3m3-default-b2,sat.struct-5,per_node,5,features_3_block_0_0,pointwise_expand,24,24,24,1000,1.0,0.017741580746882087
mobilenet_v3_large-fp7_e3m3-default-b2,sat.struct-5,per_node,5,features_3_block_1_0,depthwise,9,23,23,1000,1.0,0.05935204524518141
mobilenet_v3_large-fp7_e3m3-default-b2,sat.struct-5,per_node,5,features_3_block_2_0,pointwise_project,72,26,25,1000,1.0,0.03697128773384354
mobilenet_v3_large-fp7_e3m3-default-b2,sat.struct-5,per_node,5,features_4_block_0_0,pointwise_expand,24,24,24,1000,1.0,0.024969325751133788
mobilenet_v3_large-fp7_e3m3-default-b2,sat.struct-5,per_node,5,features_4_block_1_0,depthwise,25,24,24,1000,1.0,0.1919890518707483
mobilenet_v3_large-fp7_e3m3-default-b2,sat.struct-5,per_node,5,features_4_block_2_fc1,se_reduce,72,26,26,1000,1.0,0.32054166666666667
mobilenet_v3_large-fp7_e3m3-default-b2,sat.struct-5,per_node,5,features_4_block_2_fc2,se_expand,24,25,24,0,0.0,0.0
mobilenet_v3_large-fp7_e3m3-default-b2,sat.struct-5,per_node,5,features_4_block_3_0,pointwise_project,72,26,26,0,0.0,0.0
mobilenet_v3_large-fp7_e3m3-default-b2,sat.struct-5,per_node,5,features_5_block_0_0,pointwise_expand,40,25,25,1000,1.0,0.03187240646258503
mobilenet_v3_large-fp7_e3m3-default-b2,sat.struct-5,per_node,5,features_5_block_1_0,depthwise,25,24,24,1000,1.0,0.0447546768707483
mobilenet_v3_large-fp7_e3m3-default-b2,sat.struct-5,per_node,5,features_5_block_2_fc1,se_reduce,120,26,26,0,0.0,0.0
mobilenet_v3_large-fp7_e3m3-default-b2,sat.struct-5,per_node,5,features_5_block_2_fc2,se_expand,32,25,24,1000,1.0,0.432675
mobilenet_v3_large-fp7_e3m3-default-b2,sat.struct-5,per_node,5,features_5_block_3_0,pointwise_project,120,26,26,0,0.0,0.0
mobilenet_v3_large-fp7_e3m3-default-b2,sat.struct-5,per_node,5,features_6_block_0_0,pointwise_expand,40,25,25,1000,1.0,0.08694411139455782
mobilenet_v3_large-fp7_e3m3-default-b2,sat.struct-5,per_node,5,features_6_block_1_0,depthwise,25,25,24,1000,1.0,0.031011298894557823
mobilenet_v3_large-fp7_e3m3-default-b2,sat.struct-5,per_node,5,features_6_block_2_fc1,se_reduce,120,26,26,25,0.025,0.00078125
mobilenet_v3_large-fp7_e3m3-default-b2,sat.struct-5,per_node,5,features_6_block_2_fc2,se_expand,32,25,25,1000,1.0,0.3017416666666667
mobilenet_v3_large-fp7_e3m3-default-b2,sat.struct-5,per_node,5,features_6_block_3_0,pointwise_project,120,26,26,1,0.001,6.377551020408163e-08
mobilenet_v3_large-fp7_e3m3-default-b2,sat.struct-5,per_node,5,features_7_block_0_0,pointwise_expand,40,25,25,1000,1.0,0.01910671237244898
mobilenet_v3_large-fp7_e3m3-default-b2,sat.struct-5,per_node,5,features_7_block_1_0,depthwise,9,24,24,1000,1.0,0.027377210884353742
mobilenet_v3_large-fp7_e3m3-default-b2,sat.struct-5,per_node,5,features_7_block_2_0,pointwise_project,240,27,27,0,0.0,0.0
mobilenet_v3_large-fp7_e3m3-default-b2,sat.struct-5,per_node,5,features_8_block_0_0,pointwise_expand,80,26,26,1000,1.0,0.04133785714285714
mobilenet_v3_large-fp7_e3m3-default-b2,sat.struct-5,per_node,5,features_8_block_1_0,depthwise,9,24,24,1000,1.0,0.025534489795918366
mobilenet_v3_large-fp7_e3m3-default-b2,sat.struct-5,per_node,5,features_8_block_2_0,pointwise_project,200,27,27,352,0.352,8.093112244897959e-05
mobilenet_v3_large-fp7_e3m3-default-b2,sat.struct-5,per_node,5,features_9_block_0_0,pointwise_expand,80,26,26,1000,1.0,0.011848962954747116
mobilenet_v3_large-fp7_e3m3-default-b2,sat.struct-5,per_node,5,features_9_block_1_0,depthwise,9,24,24,1000,1.0,0.030826641526175688
mobilenet_v3_large-fp7_e3m3-default-b2,sat.struct-5,per_node,5,features_9_block_2_0,pointwise_project,184,27,27,0,0.0,0.0
mobilenet_v3_large-fp8_e4m3fn-default-b2,sat.w39,uniform,39,classifier_0,classifier,960,45,45,0,0.0,0.0
mobilenet_v3_large-fp8_e4m3fn-default-b2,sat.w39,uniform,39,classifier_3,classifier,1280,45,45,65,0.065,6.6e-05
mobilenet_v3_large-fp8_e4m3fn-default-b2,sat.w39,uniform,39,features_0_0,stem,27,40,40,0,0.0,0.0
mobilenet_v3_large-fp8_e4m3fn-default-b2,sat.w39,uniform,39,features_10_block_0_0,pointwise_expand,80,42,42,0,0.0,0.0
mobilenet_v3_large-fp8_e4m3fn-default-b2,sat.w39,uniform,39,features_10_block_1_0,depthwise,9,40,40,0,0.0,0.0
mobilenet_v3_large-fp8_e4m3fn-default-b2,sat.w39,uniform,39,features_10_block_2_0,pointwise_project,184,43,43,0,0.0,0.0
mobilenet_v3_large-fp8_e4m3fn-default-b2,sat.w39,uniform,39,features_11_block_0_0,pointwise_expand,80,42,42,0,0.0,0.0
mobilenet_v3_large-fp8_e4m3fn-default-b2,sat.w39,uniform,39,features_11_block_1_0,depthwise,9,40,40,0,0.0,0.0
mobilenet_v3_large-fp8_e4m3fn-default-b2,sat.w39,uniform,39,features_11_block_2_fc1,se_reduce,480,44,44,0,0.0,0.0
mobilenet_v3_large-fp8_e4m3fn-default-b2,sat.w39,uniform,39,features_11_block_2_fc2,se_expand,120,42,42,0,0.0,0.0
mobilenet_v3_large-fp8_e4m3fn-default-b2,sat.w39,uniform,39,features_11_block_3_0,pointwise_project,480,44,44,0,0.0,0.0
mobilenet_v3_large-fp8_e4m3fn-default-b2,sat.w39,uniform,39,features_12_block_0_0,pointwise_expand,112,43,43,0,0.0,0.0
mobilenet_v3_large-fp8_e4m3fn-default-b2,sat.w39,uniform,39,features_12_block_1_0,depthwise,9,40,40,0,0.0,0.0
mobilenet_v3_large-fp8_e4m3fn-default-b2,sat.w39,uniform,39,features_12_block_2_fc1,se_reduce,672,44,44,0,0.0,0.0
mobilenet_v3_large-fp8_e4m3fn-default-b2,sat.w39,uniform,39,features_12_block_2_fc2,se_expand,168,43,43,0,0.0,0.0
mobilenet_v3_large-fp8_e4m3fn-default-b2,sat.w39,uniform,39,features_12_block_3_0,pointwise_project,672,44,44,0,0.0,0.0
mobilenet_v3_large-fp8_e4m3fn-default-b2,sat.w39,uniform,39,features_13_block_0_0,pointwise_expand,112,43,43,0,0.0,0.0
mobilenet_v3_large-fp8_e4m3fn-default-b2,sat.w39,uniform,39,features_13_block_1_0,depthwise,25,41,41,0,0.0,0.0
mobilenet_v3_large-fp8_e4m3fn-default-b2,sat.w39,uniform,39,features_13_block_2_fc1,se_reduce,672,44,44,0,0.0,0.0
mobilenet_v3_large-fp8_e4m3fn-default-b2,sat.w39,uniform,39,features_13_block_2_fc2,se_expand,168,43,43,0,0.0,0.0
mobilenet_v3_large-fp8_e4m3fn-default-b2,sat.w39,uniform,39,features_13_block_3_0,pointwise_project,672,45,45,0,0.0,0.0
mobilenet_v3_large-fp8_e4m3fn-default-b2,sat.w39,uniform,39,features_14_block_0_0,pointwise_expand,160,43,43,1,0.001,2.1258503401360546e-08
mobilenet_v3_large-fp8_e4m3fn-default-b2,sat.w39,uniform,39,features_14_block_1_0,depthwise,25,41,41,0,0.0,0.0
mobilenet_v3_large-fp8_e4m3fn-default-b2,sat.w39,uniform,39,features_14_block_2_fc1,se_reduce,960,45,45,0,0.0,0.0
mobilenet_v3_large-fp8_e4m3fn-default-b2,sat.w39,uniform,39,features_14_block_2_fc2,se_expand,240,43,43,0,0.0,0.0
mobilenet_v3_large-fp8_e4m3fn-default-b2,sat.w39,uniform,39,features_14_block_3_0,pointwise_project,960,45,45,0,0.0,0.0
mobilenet_v3_large-fp8_e4m3fn-default-b2,sat.w39,uniform,39,features_15_block_0_0,pointwise_expand,160,43,43,0,0.0,0.0
mobilenet_v3_large-fp8_e4m3fn-default-b2,sat.w39,uniform,39,features_15_block_1_0,depthwise,25,41,41,0,0.0,0.0
mobilenet_v3_large-fp8_e4m3fn-default-b2,sat.w39,uniform,39,features_15_block_2_fc1,se_reduce,960,45,45,0,0.0,0.0
mobilenet_v3_large-fp8_e4m3fn-default-b2,sat.w39,uniform,39,features_15_block_2_fc2,se_expand,240,43,43,0,0.0,0.0
mobilenet_v3_large-fp8_e4m3fn-default-b2,sat.w39,uniform,39,features_15_block_3_0,pointwise_project,960,45,45,0,0.0,0.0
mobilenet_v3_large-fp8_e4m3fn-default-b2,sat.w39,uniform,39,features_16_0,pointwise_expand,160,43,43,3,0.003,8.503401360544218e-08
mobilenet_v3_large-fp8_e4m3fn-default-b2,sat.w39,uniform,39,features_1_block_0_0,depthwise,9,39,39,0,0.0,0.0
mobilenet_v3_large-fp8_e4m3fn-default-b2,sat.w39,uniform,39,features_1_block_1_0,pointwise_project,16,40,39,0,0.0,0.0
mobilenet_v3_large-fp8_e4m3fn-default-b2,sat.w39,uniform,39,features_2_block_0_0,pointwise_expand,16,40,40,0,0.0,0.0
mobilenet_v3_large-fp8_e4m3fn-default-b2,sat.w39,uniform,39,features_2_block_1_0,depthwise,9,40,39,0,0.0,0.0
mobilenet_v3_large-fp8_e4m3fn-default-b2,sat.w39,uniform,39,features_2_block_2_0,pointwise_project,64,41,41,0,0.0,0.0
mobilenet_v3_large-fp8_e4m3fn-default-b2,sat.w39,uniform,39,features_3_block_0_0,pointwise_expand,24,40,40,0,0.0,0.0
mobilenet_v3_large-fp8_e4m3fn-default-b2,sat.w39,uniform,39,features_3_block_1_0,depthwise,9,39,39,0,0.0,0.0
mobilenet_v3_large-fp8_e4m3fn-default-b2,sat.w39,uniform,39,features_3_block_2_0,pointwise_project,72,42,41,0,0.0,0.0
mobilenet_v3_large-fp8_e4m3fn-default-b2,sat.w39,uniform,39,features_4_block_0_0,pointwise_expand,24,40,40,0,0.0,0.0
mobilenet_v3_large-fp8_e4m3fn-default-b2,sat.w39,uniform,39,features_4_block_1_0,depthwise,25,40,40,0,0.0,0.0
mobilenet_v3_large-fp8_e4m3fn-default-b2,sat.w39,uniform,39,features_4_block_2_fc1,se_reduce,72,42,42,0,0.0,0.0
mobilenet_v3_large-fp8_e4m3fn-default-b2,sat.w39,uniform,39,features_4_block_2_fc2,se_expand,24,41,40,0,0.0,0.0
mobilenet_v3_large-fp8_e4m3fn-default-b2,sat.w39,uniform,39,features_4_block_3_0,pointwise_project,72,42,42,0,0.0,0.0
mobilenet_v3_large-fp8_e4m3fn-default-b2,sat.w39,uniform,39,features_5_block_0_0,pointwise_expand,40,41,41,0,0.0,0.0
mobilenet_v3_large-fp8_e4m3fn-default-b2,sat.w39,uniform,39,features_5_block_1_0,depthwise,25,40,40,0,0.0,0.0
mobilenet_v3_large-fp8_e4m3fn-default-b2,sat.w39,uniform,39,features_5_block_2_fc1,se_reduce,120,42,42,0,0.0,0.0
mobilenet_v3_large-fp8_e4m3fn-default-b2,sat.w39,uniform,39,features_5_block_2_fc2,se_expand,32,41,40,0,0.0,0.0
mobilenet_v3_large-fp8_e4m3fn-default-b2,sat.w39,uniform,39,features_5_block_3_0,pointwise_project,120,42,42,0,0.0,0.0
mobilenet_v3_large-fp8_e4m3fn-default-b2,sat.w39,uniform,39,features_6_block_0_0,pointwise_expand,40,41,41,0,0.0,0.0
mobilenet_v3_large-fp8_e4m3fn-default-b2,sat.w39,uniform,39,features_6_block_1_0,depthwise,25,41,40,0,0.0,0.0
mobilenet_v3_large-fp8_e4m3fn-default-b2,sat.w39,uniform,39,features_6_block_2_fc1,se_reduce,120,42,42,0,0.0,0.0
mobilenet_v3_large-fp8_e4m3fn-default-b2,sat.w39,uniform,39,features_6_block_2_fc2,se_expand,32,41,41,0,0.0,0.0
mobilenet_v3_large-fp8_e4m3fn-default-b2,sat.w39,uniform,39,features_6_block_3_0,pointwise_project,120,42,42,0,0.0,0.0
mobilenet_v3_large-fp8_e4m3fn-default-b2,sat.w39,uniform,39,features_7_block_0_0,pointwise_expand,40,41,41,0,0.0,0.0
mobilenet_v3_large-fp8_e4m3fn-default-b2,sat.w39,uniform,39,features_7_block_1_0,depthwise,9,40,40,0,0.0,0.0
mobilenet_v3_large-fp8_e4m3fn-default-b2,sat.w39,uniform,39,features_7_block_2_0,pointwise_project,240,43,43,0,0.0,0.0
mobilenet_v3_large-fp8_e4m3fn-default-b2,sat.w39,uniform,39,features_8_block_0_0,pointwise_expand,80,42,42,0,0.0,0.0
mobilenet_v3_large-fp8_e4m3fn-default-b2,sat.w39,uniform,39,features_8_block_1_0,depthwise,9,40,40,0,0.0,0.0
mobilenet_v3_large-fp8_e4m3fn-default-b2,sat.w39,uniform,39,features_8_block_2_0,pointwise_project,200,43,43,0,0.0,0.0
mobilenet_v3_large-fp8_e4m3fn-default-b2,sat.w39,uniform,39,features_9_block_0_0,pointwise_expand,80,42,42,0,0.0,0.0
mobilenet_v3_large-fp8_e4m3fn-default-b2,sat.w39,uniform,39,features_9_block_1_0,depthwise,9,40,40,0,0.0,0.0
mobilenet_v3_large-fp8_e4m3fn-default-b2,sat.w39,uniform,39,features_9_block_2_0,pointwise_project,184,43,43,0,0.0,0.0
mobilenet_v3_large-fp8_e4m3fn-default-b2,sat.w38,uniform,38,classifier_0,classifier,960,45,45,0,0.0,0.0
mobilenet_v3_large-fp8_e4m3fn-default-b2,sat.w38,uniform,38,classifier_3,classifier,1280,45,45,880,0.88,0.001709
mobilenet_v3_large-fp8_e4m3fn-default-b2,sat.w38,uniform,38,features_0_0,stem,27,40,40,17,0.017,8.206114477040817e-06
mobilenet_v3_large-fp8_e4m3fn-default-b2,sat.w38,uniform,38,features_10_block_0_0,pointwise_expand,80,42,42,6,0.006,4.1592724046140197e-07
mobilenet_v3_large-fp8_e4m3fn-default-b2,sat.w38,uniform,38,features_10_block_1_0,depthwise,9,40,40,0,0.0,0.0
mobilenet_v3_large-fp8_e4m3fn-default-b2,sat.w38,uniform,38,features_10_block_2_0,pointwise_project,184,43,43,0,0.0,0.0
mobilenet_v3_large-fp8_e4m3fn-default-b2,sat.w38,uniform,38,features_11_block_0_0,pointwise_expand,80,42,42,10,0.01,3.4970238095238094e-06
mobilenet_v3_large-fp8_e4m3fn-default-b2,sat.w38,uniform,38,features_11_block_1_0,depthwise,9,40,40,31,0.031,2.933673469387755e-06
mobilenet_v3_large-fp8_e4m3fn-default-b2,sat.w38,uniform,38,features_11_block_2_fc1,se_reduce,480,44,44,0,0.0,0.0
mobilenet_v3_large-fp8_e4m3fn-default-b2,sat.w38,uniform,38,features_11_block_2_fc2,se_expand,120,42,42,165,0.165,0.00035833333333333333
mobilenet_v3_large-fp8_e4m3fn-default-b2,sat.w38,uniform,38,features_11_block_3_0,pointwise_project,480,44,44,0,0.0,0.0
mobilenet_v3_large-fp8_e4m3fn-default-b2,sat.w38,uniform,38,features_12_block_0_0,pointwise_expand,112,43,43,155,0.155,2.4143586005830906e-06
mobilenet_v3_large-fp8_e4m3fn-default-b2,sat.w38,uniform,38,features_12_block_1_0,depthwise,9,40,40,0,0.0,0.0
mobilenet_v3_large-fp8_e4m3fn-default-b2,sat.w38,uniform,38,features_12_block_2_fc1,se_reduce,672,44,44,0,0.0,0.0
mobilenet_v3_large-fp8_e4m3fn-default-b2,sat.w38,uniform,38,features_12_block_2_fc2,se_expand,168,43,43,898,0.898,0.0029642857142857144
mobilenet_v3_large-fp8_e4m3fn-default-b2,sat.w38,uniform,38,features_12_block_3_0,pointwise_project,672,44,44,0,0.0,0.0
mobilenet_v3_large-fp8_e4m3fn-default-b2,sat.w38,uniform,38,features_13_block_0_0,pointwise_expand,112,43,43,22,0.022,2.8850826044703595e-07
mobilenet_v3_large-fp8_e4m3fn-default-b2,sat.w38,uniform,38,features_13_block_1_0,depthwise,25,41,41,4,0.004,2.7332361516034985e-07
mobilenet_v3_large-fp8_e4m3fn-default-b2,sat.w38,uniform,38,features_13_block_2_fc1,se_reduce,672,44,44,0,0.0,0.0
mobilenet_v3_large-fp8_e4m3fn-default-b2,sat.w38,uniform,38,features_13_block_2_fc2,se_expand,168,43,43,11,0.011,2.0833333333333333e-05
mobilenet_v3_large-fp8_e4m3fn-default-b2,sat.w38,uniform,38,features_13_block_3_0,pointwise_project,672,45,45,5,0.005,6.377551020408163e-07
mobilenet_v3_large-fp8_e4m3fn-default-b2,sat.w38,uniform,38,features_14_block_0_0,pointwise_expand,160,43,43,354,0.354,1.5327380952380953e-05
mobilenet_v3_large-fp8_e4m3fn-default-b2,sat.w38,uniform,38,features_14_block_1_0,depthwise,25,41,41,0,0.0,0.0
mobilenet_v3_large-fp8_e4m3fn-default-b2,sat.w38,uniform,38,features_14_block_2_fc1,se_reduce,960,45,45,0,0.0,0.0
mobilenet_v3_large-fp8_e4m3fn-default-b2,sat.w38,uniform,38,features_14_block_2_fc2,se_expand,240,43,43,958,0.958,0.0034197916666666665
mobilenet_v3_large-fp8_e4m3fn-default-b2,sat.w38,uniform,38,features_14_block_3_0,pointwise_project,960,45,45,0,0.0,0.0
mobilenet_v3_large-fp8_e4m3fn-default-b2,sat.w38,uniform,38,features_15_block_0_0,pointwise_expand,160,43,43,86,0.086,2.657312925170068e-06
mobilenet_v3_large-fp8_e4m3fn-default-b2,sat.w38,uniform,38,features_15_block_1_0,depthwise,25,41,41,0,0.0,0.0
mobilenet_v3_large-fp8_e4m3fn-default-b2,sat.w38,uniform,38,features_15_block_2_fc1,se_reduce,960,45,45,0,0.0,0.0
mobilenet_v3_large-fp8_e4m3fn-default-b2,sat.w38,uniform,38,features_15_block_2_fc2,se_expand,240,43,43,10,0.01,3.958333333333333e-05
mobilenet_v3_large-fp8_e4m3fn-default-b2,sat.w38,uniform,38,features_15_block_3_0,pointwise_project,960,45,45,0,0.0,0.0
mobilenet_v3_large-fp8_e4m3fn-default-b2,sat.w38,uniform,38,features_16_0,pointwise_expand,160,43,43,539,0.539,5.833333333333333e-05
mobilenet_v3_large-fp8_e4m3fn-default-b2,sat.w38,uniform,38,features_1_block_0_0,depthwise,9,39,39,0,0.0,0.0
mobilenet_v3_large-fp8_e4m3fn-default-b2,sat.w38,uniform,38,features_1_block_1_0,pointwise_project,16,40,39,0,0.0,0.0
mobilenet_v3_large-fp8_e4m3fn-default-b2,sat.w38,uniform,38,features_2_block_0_0,pointwise_expand,16,40,40,0,0.0,0.0
mobilenet_v3_large-fp8_e4m3fn-default-b2,sat.w38,uniform,38,features_2_block_1_0,depthwise,9,40,39,1,0.001,4.9824617346938776e-09
mobilenet_v3_large-fp8_e4m3fn-default-b2,sat.w38,uniform,38,features_2_block_2_0,pointwise_project,64,41,41,0,0.0,0.0
mobilenet_v3_large-fp8_e4m3fn-default-b2,sat.w38,uniform,38,features_3_block_0_0,pointwise_expand,24,40,40,18,0.018,5.137471655328798e-07
mobilenet_v3_large-fp8_e4m3fn-default-b2,sat.w38,uniform,38,features_3_block_1_0,depthwise,9,39,39,0,0.0,0.0
mobilenet_v3_large-fp8_e4m3fn-default-b2,sat.w38,uniform,38,features_3_block_2_0,pointwise_project,72,42,41,0,0.0,0.0
mobilenet_v3_large-fp8_e4m3fn-default-b2,sat.w38,uniform,38,features_4_block_0_0,pointwise_expand,24,40,40,0,0.0,0.0
mobilenet_v3_large-fp8_e4m3fn-default-b2,sat.w38,uniform,38,features_4_block_1_0,depthwise,25,40,40,0,0.0,0.0
mobilenet_v3_large-fp8_e4m3fn-default-b2,sat.w38,uniform,38,features_4_block_2_fc1,se_reduce,72,42,42,0,0.0,0.0
mobilenet_v3_large-fp8_e4m3fn-default-b2,sat.w38,uniform,38,features_4_block_2_fc2,se_expand,24,41,40,0,0.0,0.0
mobilenet_v3_large-fp8_e4m3fn-default-b2,sat.w38,uniform,38,features_4_block_3_0,pointwise_project,72,42,42,0,0.0,0.0
mobilenet_v3_large-fp8_e4m3fn-default-b2,sat.w38,uniform,38,features_5_block_0_0,pointwise_expand,40,41,41,173,0.173,4.6130952380952385e-06
mobilenet_v3_large-fp8_e4m3fn-default-b2,sat.w38,uniform,38,features_5_block_1_0,depthwise,25,40,40,0,0.0,0.0
mobilenet_v3_large-fp8_e4m3fn-default-b2,sat.w38,uniform,38,features_5_block_2_fc1,se_reduce,120,42,42,0,0.0,0.0
mobilenet_v3_large-fp8_e4m3fn-default-b2,sat.w38,uniform,38,features_5_block_2_fc2,se_expand,32,41,40,0,0.0,0.0
mobilenet_v3_large-fp8_e4m3fn-default-b2,sat.w38,uniform,38,features_5_block_3_0,pointwise_project,120,42,42,0,0.0,0.0
mobilenet_v3_large-fp8_e4m3fn-default-b2,sat.w38,uniform,38,features_6_block_0_0,pointwise_expand,40,41,41,115,0.115,3.3375850340136056e-06
mobilenet_v3_large-fp8_e4m3fn-default-b2,sat.w38,uniform,38,features_6_block_1_0,depthwise,25,41,40,1,0.001,4.251700680272109e-08
mobilenet_v3_large-fp8_e4m3fn-default-b2,sat.w38,uniform,38,features_6_block_2_fc1,se_reduce,120,42,42,0,0.0,0.0
mobilenet_v3_large-fp8_e4m3fn-default-b2,sat.w38,uniform,38,features_6_block_2_fc2,se_expand,32,41,41,689,0.689,0.006666666666666667
mobilenet_v3_large-fp8_e4m3fn-default-b2,sat.w38,uniform,38,features_6_block_3_0,pointwise_project,120,42,42,0,0.0,0.0
mobilenet_v3_large-fp8_e4m3fn-default-b2,sat.w38,uniform,38,features_7_block_0_0,pointwise_expand,40,41,41,0,0.0,0.0
mobilenet_v3_large-fp8_e4m3fn-default-b2,sat.w38,uniform,38,features_7_block_1_0,depthwise,9,40,40,0,0.0,0.0
mobilenet_v3_large-fp8_e4m3fn-default-b2,sat.w38,uniform,38,features_7_block_2_0,pointwise_project,240,43,43,0,0.0,0.0
mobilenet_v3_large-fp8_e4m3fn-default-b2,sat.w38,uniform,38,features_8_block_0_0,pointwise_expand,80,42,42,0,0.0,0.0
mobilenet_v3_large-fp8_e4m3fn-default-b2,sat.w38,uniform,38,features_8_block_1_0,depthwise,9,40,40,13,0.013,1.3520408163265305e-06
mobilenet_v3_large-fp8_e4m3fn-default-b2,sat.w38,uniform,38,features_8_block_2_0,pointwise_project,200,43,43,7,0.007,1.6581632653061225e-06
mobilenet_v3_large-fp8_e4m3fn-default-b2,sat.w38,uniform,38,features_9_block_0_0,pointwise_expand,80,42,42,42,0.042,4.31455190771961e-05
mobilenet_v3_large-fp8_e4m3fn-default-b2,sat.w38,uniform,38,features_9_block_1_0,depthwise,9,40,40,0,0.0,0.0
mobilenet_v3_large-fp8_e4m3fn-default-b2,sat.w38,uniform,38,features_9_block_2_0,pointwise_project,184,43,43,0,0.0,0.0
mobilenet_v3_large-fp8_e4m3fn-default-b2,sat.w37,uniform,37,classifier_0,classifier,960,45,45,12,0.012,9.375e-06
mobilenet_v3_large-fp8_e4m3fn-default-b2,sat.w37,uniform,37,classifier_3,classifier,1280,45,45,1000,1.0,0.011202
mobilenet_v3_large-fp8_e4m3fn-default-b2,sat.w37,uniform,37,features_0_0,stem,27,40,40,985,0.985,0.019419757453762756
mobilenet_v3_large-fp8_e4m3fn-default-b2,sat.w37,uniform,37,features_10_block_0_0,pointwise_expand,80,42,42,336,0.336,7.697426796805679e-05
mobilenet_v3_large-fp8_e4m3fn-default-b2,sat.w37,uniform,37,features_10_block_1_0,depthwise,9,40,40,464,0.464,0.00012377994676131322
mobilenet_v3_large-fp8_e4m3fn-default-b2,sat.w37,uniform,37,features_10_block_2_0,pointwise_project,184,43,43,0,0.0,0.0
mobilenet_v3_large-fp8_e4m3fn-default-b2,sat.w37,uniform,37,features_11_block_0_0,pointwise_expand,80,42,42,12,0.012,3.4832057823129254e-05
mobilenet_v3_large-fp8_e4m3fn-default-b2,sat.w37,uniform,37,features_11_block_1_0,depthwise,9,40,40,959,0.959,0.0003245323129251701
mobilenet_v3_large-fp8_e4m3fn-default-b2,sat.w37,uniform,37,features_11_block_2_fc1,se_reduce,480,44,44,266,0.266,0.0026583333333333333
mobilenet_v3_large-fp8_e4m3fn-default-b2,sat.w37,uniform,37,features_11_block_2_fc2,se_expand,120,42,42,1000,1.0,0.10128125
mobilenet_v3_large-fp8_e4m3fn-default-b2,sat.w37,uniform,37,features_11_block_3_0,pointwise_project,480,44,44,5,0.005,2.2776967930029156e-07
mobilenet_v3_large-fp8_e4m3fn-default-b2,sat.w37,uniform,37,features_12_block_0_0,pointwise_expand,112,43,43,1000,1.0,0.001102162293488824
mobilenet_v3_large-fp8_e4m3fn-default-b2,sat.w37,uniform,37,features_12_block_1_0,depthwise,9,40,40,7,0.007,6.833090379008746e-08
mobilenet_v3_large-fp8_e4m3fn-default-b2,sat.w37,uniform,37,features_12_block_2_fc1,se_reduce,672,44,44,0,0.0,0.0
mobilenet_v3_large-fp8_e4m3fn-default-b2,sat.w37,uniform,37,features_12_block_2_fc2,se_expand,168,43,43,1000,1.0,0.32476041666666666
mobilenet_v3_large-fp8_e4m3fn-default-b2,sat.w37,uniform,37,features_12_block_3_0,pointwise_project,672,44,44,0,0.0,0.0
mobilenet_v3_large-fp8_e4m3fn-default-b2,sat.w37,uniform,37,features_13_block_0_0,pointwise_expand,112,43,43,998,0.998,0.00023498238581146744
mobilenet_v3_large-fp8_e4m3fn-default-b2,sat.w37,uniform,37,features_13_block_1_0,depthwise,25,41,41,621,0.621,7.410106899902819e-05
mobilenet_v3_large-fp8_e4m3fn-default-b2,sat.w37,uniform,37,features_13_block_2_fc1,se_reduce,672,44,44,123,0.123,0.0007976190476190477
mobilenet_v3_large-fp8_e4m3fn-default-b2,sat.w37,uniform,37,features_13_block_2_fc2,se_expand,168,43,43,1000,1.0,0.12911309523809525
mobilenet_v3_large-fp8_e4m3fn-default-b2,sat.w37,uniform,37,features_13_block_3_0,pointwise_project,672,45,45,1000,1.0,0.002493239795918367
mobilenet_v3_large-fp8_e4m3fn-default-b2,sat.w37,uniform,37,features_14_block_0_0,pointwise_expand,160,43,43,1000,1.0,0.002876700680272109
mobilenet_v3_large-fp8_e4m3fn-default-b2,sat.w37,uniform,37,features_14_block_1_0,depthwise,25,41,41,0,0.0,0.0
mobilenet_v3_large-fp8_e4m3fn-default-b2,sat.w37,uniform,37,features_14_block_2_fc1,se_reduce,960,45,45,1,0.001,4.166666666666667e-06
mobilenet_v3_large-fp8_e4m3fn-default-b2,sat.w37,uniform,37,features_14_block_2_fc2,se_expand,240,43,43,1000,1.0,0.37718125
mobilenet_v3_large-fp8_e4m3fn-default-b2,sat.w37,uniform,37,features_14_block_3_0,pointwise_project,960,45,45,0,0.0,0.0
mobilenet_v3_large-fp8_e4m3fn-default-b2,sat.w37,uniform,37,features_15_block_0_0,pointwise_expand,160,43,43,996,0.996,0.0008620535714285714
mobilenet_v3_large-fp8_e4m3fn-default-b2,sat.w37,uniform,37,features_15_block_1_0,depthwise,25,41,41,196,0.196,1.2074829931972789e-05
mobilenet_v3_large-fp8_e4m3fn-default-b2,sat.w37,uniform,37,features_15_block_2_fc1,se_reduce,960,45,45,0,0.0,0.0
mobilenet_v3_large-fp8_e4m3fn-default-b2,sat.w37,uniform,37,features_15_block_2_fc2,se_expand,240,43,43,1000,1.0,0.16159375
mobilenet_v3_large-fp8_e4m3fn-default-b2,sat.w37,uniform,37,features_15_block_3_0,pointwise_project,960,45,45,0,0.0,0.0
mobilenet_v3_large-fp8_e4m3fn-default-b2,sat.w37,uniform,37,features_16_0,pointwise_expand,160,43,43,1000,1.0,0.006138605442176871
mobilenet_v3_large-fp8_e4m3fn-default-b2,sat.w37,uniform,37,features_1_block_0_0,depthwise,9,39,39,0,0.0,0.0
mobilenet_v3_large-fp8_e4m3fn-default-b2,sat.w37,uniform,37,features_1_block_1_0,pointwise_project,16,40,39,177,0.177,2.7154416454081632e-06
mobilenet_v3_large-fp8_e4m3fn-default-b2,sat.w37,uniform,37,features_2_block_0_0,pointwise_expand,16,40,40,7,0.007,9.964923469387755e-09
mobilenet_v3_large-fp8_e4m3fn-default-b2,sat.w37,uniform,37,features_2_block_1_0,depthwise,9,40,39,352,0.352,1.0348573022959184e-05
mobilenet_v3_large-fp8_e4m3fn-default-b2,sat.w37,uniform,37,features_2_block_2_0,pointwise_project,64,41,41,6,0.006,1.328656462585034e-07
mobilenet_v3_large-fp8_e4m3fn-default-b2,sat.w37,uniform,37,features_3_block_0_0,pointwise_expand,24,40,40,926,0.926,0.00033335104875283447
mobilenet_v3_large-fp8_e4m3fn-default-b2,sat.w37,uniform,37,features_3_block_1_0,depthwise,9,39,39,1,0.001,4.428854875283447e-09
mobilenet_v3_large-fp8_e4m3fn-default-b2,sat.w37,uniform,37,features_3_block_2_0,pointwise_project,72,42,41,490,0.49,1.834874574829932e-05
mobilenet_v3_large-fp8_e4m3fn-default-b2,sat.w37,uniform,37,features_4_block_0_0,pointwise_expand,24,40,40,187,0.187,2.6927437641723356e-06
mobilenet_v3_large-fp8_e4m3fn-default-b2,sat.w37,uniform,37,features_4_block_1_0,depthwise,25,40,40,0,0.0,0.0
mobilenet_v3_large-fp8_e4m3fn-default-b2,sat.w37,uniform,37,features_4_block_2_fc1,se_reduce,72,42,42,1000,1.0,0.17333333333333334
mobilenet_v3_large-fp8_e4m3fn-default-b2,sat.w37,uniform,37,features_4_block_2_fc2,se_expand,24,41,40,0,0.0,0.0
mobilenet_v3_large-fp8_e4m3fn-default-b2,sat.w37,uniform,37,features_4_block_3_0,pointwise_project,72,42,42,0,0.0,0.0
mobilenet_v3_large-fp8_e4m3fn-default-b2,sat.w37,uniform,37,features_5_block_0_0,pointwise_expand,40,41,41,997,0.997,0.001095078656462585
mobilenet_v3_large-fp8_e4m3fn-default-b2,sat.w37,uniform,37,features_5_block_1_0,depthwise,25,40,40,159,0.159,1.2648809523809524e-05
mobilenet_v3_large-fp8_e4m3fn-default-b2,sat.w37,uniform,37,features_5_block_2_fc1,se_reduce,120,42,42,261,0.261,0.00846875
mobilenet_v3_large-fp8_e4m3fn-default-b2,sat.w37,uniform,37,features_5_block_2_fc2,se_expand,32,41,40,1,0.001,1.6666666666666667e-05
mobilenet_v3_large-fp8_e4m3fn-default-b2,sat.w37,uniform,37,features_5_block_3_0,pointwise_project,120,42,42,0,0.0,0.0
mobilenet_v3_large-fp8_e4m3fn-default-b2,sat.w37,uniform,37,features_6_block_0_0,pointwise_expand,40,41,41,998,0.998,0.001170875850340136
mobilenet_v3_large-fp8_e4m3fn-default-b2,sat.w37,uniform,37,features_6_block_1_0,depthwise,25,41,40,294,0.294,4.6609268707482996e-05
mobilenet_v3_large-fp8_e4m3fn-default-b2,sat.w37,uniform,37,features_6_block_2_fc1,se_reduce,120,42,42,42,0.042,0.00153125
mobilenet_v3_large-fp8_e4m3fn-default-b2,sat.w37,uniform,37,features_6_block_2_fc2,se_expand,32,41,41,1000,1.0,0.06438333333333333
mobilenet_v3_large-fp8_e4m3fn-default-b2,sat.w37,uniform,37,features_6_block_3_0,pointwise_project,120,42,42,310,0.31,1.5497448979591838e-05
mobilenet_v3_large-fp8_e4m3fn-default-b2,sat.w37,uniform,37,features_7_block_0_0,pointwise_expand,40,41,41,791,0.791,2.4867134353741495e-05
mobilenet_v3_large-fp8_e4m3fn-default-b2,sat.w37,uniform,37,features_7_block_1_0,depthwise,9,40,40,493,0.493,2.5488945578231292e-05
mobilenet_v3_large-fp8_e4m3fn-default-b2,sat.w37,uniform,37,features_7_block_2_0,pointwise_project,240,43,43,1000,1.0,0.0012868622448979593
mobilenet_v3_large-fp8_e4m3fn-default-b2,sat.w37,uniform,37,features_8_block_0_0,pointwise_expand,80,42,42,694,0.694,9.721938775510204e-05
mobilenet_v3_large-fp8_e4m3fn-default-b2,sat.w37,uniform,37,features_8_block_1_0,depthwise,9,40,40,837,0.837,0.0003393622448979592
mobilenet_v3_large-fp8_e4m3fn-default-b2,sat.w37,uniform,37,features_8_block_2_0,pointwise_project,200,43,43,1000,1.0,0.03821836734693877
mobilenet_v3_large-fp8_e4m3fn-default-b2,sat.w37,uniform,37,features_9_block_0_0,pointwise_expand,80,42,42,982,0.982,0.0008970996007098492
mobilenet_v3_large-fp8_e4m3fn-default-b2,sat.w37,uniform,37,features_9_block_1_0,depthwise,9,40,40,25,0.025,4.297914818101154e-06
mobilenet_v3_large-fp8_e4m3fn-default-b2,sat.w37,uniform,37,features_9_block_2_0,pointwise_project,184,43,43,1000,1.0,0.00693125
mobilenet_v3_large-fp8_e4m3fn-default-b2,sat.struct-2,per_node,2,classifier_0,classifier,960,45,45,0,0.0,0.0
mobilenet_v3_large-fp8_e4m3fn-default-b2,sat.struct-2,per_node,2,classifier_3,classifier,1280,45,45,0,0.0,0.0
mobilenet_v3_large-fp8_e4m3fn-default-b2,sat.struct-2,per_node,2,features_0_0,stem,27,40,40,17,0.017,8.206114477040817e-06
mobilenet_v3_large-fp8_e4m3fn-default-b2,sat.struct-2,per_node,2,features_10_block_0_0,pointwise_expand,80,42,42,0,0.0,0.0
mobilenet_v3_large-fp8_e4m3fn-default-b2,sat.struct-2,per_node,2,features_10_block_1_0,depthwise,9,40,40,0,0.0,0.0
mobilenet_v3_large-fp8_e4m3fn-default-b2,sat.struct-2,per_node,2,features_10_block_2_0,pointwise_project,184,43,43,0,0.0,0.0
mobilenet_v3_large-fp8_e4m3fn-default-b2,sat.struct-2,per_node,2,features_11_block_0_0,pointwise_expand,80,42,42,0,0.0,0.0
mobilenet_v3_large-fp8_e4m3fn-default-b2,sat.struct-2,per_node,2,features_11_block_1_0,depthwise,9,40,40,31,0.031,2.891156462585034e-06
mobilenet_v3_large-fp8_e4m3fn-default-b2,sat.struct-2,per_node,2,features_11_block_2_fc1,se_reduce,480,44,44,0,0.0,0.0
mobilenet_v3_large-fp8_e4m3fn-default-b2,sat.struct-2,per_node,2,features_11_block_2_fc2,se_expand,120,42,42,0,0.0,0.0
mobilenet_v3_large-fp8_e4m3fn-default-b2,sat.struct-2,per_node,2,features_11_block_3_0,pointwise_project,480,44,44,0,0.0,0.0
mobilenet_v3_large-fp8_e4m3fn-default-b2,sat.struct-2,per_node,2,features_12_block_0_0,pointwise_expand,112,43,43,0,0.0,0.0
mobilenet_v3_large-fp8_e4m3fn-default-b2,sat.struct-2,per_node,2,features_12_block_1_0,depthwise,9,40,40,0,0.0,0.0
mobilenet_v3_large-fp8_e4m3fn-default-b2,sat.struct-2,per_node,2,features_12_block_2_fc1,se_reduce,672,44,44,0,0.0,0.0
mobilenet_v3_large-fp8_e4m3fn-default-b2,sat.struct-2,per_node,2,features_12_block_2_fc2,se_expand,168,43,43,0,0.0,0.0
mobilenet_v3_large-fp8_e4m3fn-default-b2,sat.struct-2,per_node,2,features_12_block_3_0,pointwise_project,672,44,44,0,0.0,0.0
mobilenet_v3_large-fp8_e4m3fn-default-b2,sat.struct-2,per_node,2,features_13_block_0_0,pointwise_expand,112,43,43,0,0.0,0.0
mobilenet_v3_large-fp8_e4m3fn-default-b2,sat.struct-2,per_node,2,features_13_block_1_0,depthwise,25,41,41,0,0.0,0.0
mobilenet_v3_large-fp8_e4m3fn-default-b2,sat.struct-2,per_node,2,features_13_block_2_fc1,se_reduce,672,44,44,0,0.0,0.0
mobilenet_v3_large-fp8_e4m3fn-default-b2,sat.struct-2,per_node,2,features_13_block_2_fc2,se_expand,168,43,43,0,0.0,0.0
mobilenet_v3_large-fp8_e4m3fn-default-b2,sat.struct-2,per_node,2,features_13_block_3_0,pointwise_project,672,45,45,0,0.0,0.0
mobilenet_v3_large-fp8_e4m3fn-default-b2,sat.struct-2,per_node,2,features_14_block_0_0,pointwise_expand,160,43,43,0,0.0,0.0
mobilenet_v3_large-fp8_e4m3fn-default-b2,sat.struct-2,per_node,2,features_14_block_1_0,depthwise,25,41,41,0,0.0,0.0
mobilenet_v3_large-fp8_e4m3fn-default-b2,sat.struct-2,per_node,2,features_14_block_2_fc1,se_reduce,960,45,45,0,0.0,0.0
mobilenet_v3_large-fp8_e4m3fn-default-b2,sat.struct-2,per_node,2,features_14_block_2_fc2,se_expand,240,43,43,0,0.0,0.0
mobilenet_v3_large-fp8_e4m3fn-default-b2,sat.struct-2,per_node,2,features_14_block_3_0,pointwise_project,960,45,45,0,0.0,0.0
mobilenet_v3_large-fp8_e4m3fn-default-b2,sat.struct-2,per_node,2,features_15_block_0_0,pointwise_expand,160,43,43,0,0.0,0.0
mobilenet_v3_large-fp8_e4m3fn-default-b2,sat.struct-2,per_node,2,features_15_block_1_0,depthwise,25,41,41,0,0.0,0.0
mobilenet_v3_large-fp8_e4m3fn-default-b2,sat.struct-2,per_node,2,features_15_block_2_fc1,se_reduce,960,45,45,0,0.0,0.0
mobilenet_v3_large-fp8_e4m3fn-default-b2,sat.struct-2,per_node,2,features_15_block_2_fc2,se_expand,240,43,43,0,0.0,0.0
mobilenet_v3_large-fp8_e4m3fn-default-b2,sat.struct-2,per_node,2,features_15_block_3_0,pointwise_project,960,45,45,0,0.0,0.0
mobilenet_v3_large-fp8_e4m3fn-default-b2,sat.struct-2,per_node,2,features_16_0,pointwise_expand,160,43,43,0,0.0,0.0
mobilenet_v3_large-fp8_e4m3fn-default-b2,sat.struct-2,per_node,2,features_1_block_0_0,depthwise,9,39,39,0,0.0,0.0
mobilenet_v3_large-fp8_e4m3fn-default-b2,sat.struct-2,per_node,2,features_1_block_1_0,pointwise_project,16,40,39,180,0.18,2.8599330357142855e-06
mobilenet_v3_large-fp8_e4m3fn-default-b2,sat.struct-2,per_node,2,features_2_block_0_0,pointwise_expand,16,40,40,0,0.0,0.0
mobilenet_v3_large-fp8_e4m3fn-default-b2,sat.struct-2,per_node,2,features_2_block_1_0,depthwise,9,40,39,418,0.418,1.9371811224489796e-05
mobilenet_v3_large-fp8_e4m3fn-default-b2,sat.struct-2,per_node,2,features_2_block_2_0,pointwise_project,64,41,41,0,0.0,0.0
mobilenet_v3_large-fp8_e4m3fn-default-b2,sat.struct-2,per_node,2,features_3_block_0_0,pointwise_expand,24,40,40,18,0.018,4.96031746031746e-07
mobilenet_v3_large-fp8_e4m3fn-default-b2,sat.struct-2,per_node,2,features_3_block_1_0,depthwise,9,39,39,1,0.001,4.428854875283447e-09
mobilenet_v3_large-fp8_e4m3fn-default-b2,sat.struct-2,per_node,2,features_3_block_2_0,pointwise_project,72,42,41,0,0.0,0.0
mobilenet_v3_large-fp8_e4m3fn-default-b2,sat.struct-2,per_node,2,features_4_block_0_0,pointwise_expand,24,40,40,0,0.0,0.0
mobilenet_v3_large-fp8_e4m3fn-default-b2,sat.struct-2,per_node,2,features_4_block_1_0,depthwise,25,40,40,0,0.0,0.0
mobilenet_v3_large-fp8_e4m3fn-default-b2,sat.struct-2,per_node,2,features_4_block_2_fc1,se_reduce,72,42,42,0,0.0,0.0
mobilenet_v3_large-fp8_e4m3fn-default-b2,sat.struct-2,per_node,2,features_4_block_2_fc2,se_expand,24,41,40,0,0.0,0.0
mobilenet_v3_large-fp8_e4m3fn-default-b2,sat.struct-2,per_node,2,features_4_block_3_0,pointwise_project,72,42,42,0,0.0,0.0
mobilenet_v3_large-fp8_e4m3fn-default-b2,sat.struct-2,per_node,2,features_5_block_0_0,pointwise_expand,40,41,41,0,0.0,0.0
mobilenet_v3_large-fp8_e4m3fn-default-b2,sat.struct-2,per_node,2,features_5_block_1_0,depthwise,25,40,40,0,0.0,0.0
mobilenet_v3_large-fp8_e4m3fn-default-b2,sat.struct-2,per_node,2,features_5_block_2_fc1,se_reduce,120,42,42,0,0.0,0.0
mobilenet_v3_large-fp8_e4m3fn-default-b2,sat.struct-2,per_node,2,features_5_block_2_fc2,se_expand,32,41,40,0,0.0,0.0
mobilenet_v3_large-fp8_e4m3fn-default-b2,sat.struct-2,per_node,2,features_5_block_3_0,pointwise_project,120,42,42,0,0.0,0.0
mobilenet_v3_large-fp8_e4m3fn-default-b2,sat.struct-2,per_node,2,features_6_block_0_0,pointwise_expand,40,41,41,0,0.0,0.0
mobilenet_v3_large-fp8_e4m3fn-default-b2,sat.struct-2,per_node,2,features_6_block_1_0,depthwise,25,41,40,1,0.001,4.251700680272109e-08
mobilenet_v3_large-fp8_e4m3fn-default-b2,sat.struct-2,per_node,2,features_6_block_2_fc1,se_reduce,120,42,42,0,0.0,0.0
mobilenet_v3_large-fp8_e4m3fn-default-b2,sat.struct-2,per_node,2,features_6_block_2_fc2,se_expand,32,41,41,0,0.0,0.0
mobilenet_v3_large-fp8_e4m3fn-default-b2,sat.struct-2,per_node,2,features_6_block_3_0,pointwise_project,120,42,42,0,0.0,0.0
mobilenet_v3_large-fp8_e4m3fn-default-b2,sat.struct-2,per_node,2,features_7_block_0_0,pointwise_expand,40,41,41,0,0.0,0.0
mobilenet_v3_large-fp8_e4m3fn-default-b2,sat.struct-2,per_node,2,features_7_block_1_0,depthwise,9,40,40,0,0.0,0.0
mobilenet_v3_large-fp8_e4m3fn-default-b2,sat.struct-2,per_node,2,features_7_block_2_0,pointwise_project,240,43,43,0,0.0,0.0
mobilenet_v3_large-fp8_e4m3fn-default-b2,sat.struct-2,per_node,2,features_8_block_0_0,pointwise_expand,80,42,42,0,0.0,0.0
mobilenet_v3_large-fp8_e4m3fn-default-b2,sat.struct-2,per_node,2,features_8_block_1_0,depthwise,9,40,40,13,0.013,1.25e-06
mobilenet_v3_large-fp8_e4m3fn-default-b2,sat.struct-2,per_node,2,features_8_block_2_0,pointwise_project,200,43,43,0,0.0,0.0
mobilenet_v3_large-fp8_e4m3fn-default-b2,sat.struct-2,per_node,2,features_9_block_0_0,pointwise_expand,80,42,42,0,0.0,0.0
mobilenet_v3_large-fp8_e4m3fn-default-b2,sat.struct-2,per_node,2,features_9_block_1_0,depthwise,9,40,40,0,0.0,0.0
mobilenet_v3_large-fp8_e4m3fn-default-b2,sat.struct-2,per_node,2,features_9_block_2_0,pointwise_project,184,43,43,0,0.0,0.0
mobilenet_v3_large-fp8_e4m3fn-default-b2,sat.struct-3,per_node,3,classifier_0,classifier,960,45,45,0,0.0,0.0
mobilenet_v3_large-fp8_e4m3fn-default-b2,sat.struct-3,per_node,3,classifier_3,classifier,1280,45,45,0,0.0,0.0
mobilenet_v3_large-fp8_e4m3fn-default-b2,sat.struct-3,per_node,3,features_0_0,stem,27,40,40,985,0.985,0.019419757453762756
mobilenet_v3_large-fp8_e4m3fn-default-b2,sat.struct-3,per_node,3,features_10_block_0_0,pointwise_expand,80,42,42,0,0.0,0.0
mobilenet_v3_large-fp8_e4m3fn-default-b2,sat.struct-3,per_node,3,features_10_block_1_0,depthwise,9,40,40,388,0.388,8.80656610470275e-05
mobilenet_v3_large-fp8_e4m3fn-default-b2,sat.struct-3,per_node,3,features_10_block_2_0,pointwise_project,184,43,43,0,0.0,0.0
mobilenet_v3_large-fp8_e4m3fn-default-b2,sat.struct-3,per_node,3,features_11_block_0_0,pointwise_expand,80,42,42,0,0.0,0.0
mobilenet_v3_large-fp8_e4m3fn-default-b2,sat.struct-3,per_node,3,features_11_block_1_0,depthwise,9,40,40,991,0.991,0.0004300276360544218
mobilenet_v3_large-fp8_e4m3fn-default-b2,sat.struct-3,per_node,3,features_11_block_2_fc1,se_reduce,480,44,44,0,0.0,0.0
mobilenet_v3_large-fp8_e4m3fn-default-b2,sat.struct-3,per_node,3,features_11_block_2_fc2,se_expand,120,42,42,0,0.0,0.0
mobilenet_v3_large-fp8_e4m3fn-default-b2,sat.struct-3,per_node,3,features_11_block_3_0,pointwise_project,480,44,44,0,0.0,0.0
mobilenet_v3_large-fp8_e4m3fn-default-b2,sat.struct-3,per_node,3,features_12_block_0_0,pointwise_expand,112,43,43,0,0.0,0.0
mobilenet_v3_large-fp8_e4m3fn-default-b2,sat.struct-3,per_node,3,features_12_block_1_0,depthwise,9,40,40,29,0.029,5.84608843537415e-07
mobilenet_v3_large-fp8_e4m3fn-default-b2,sat.struct-3,per_node,3,features_12_block_2_fc1,se_reduce,672,44,44,0,0.0,0.0
mobilenet_v3_large-fp8_e4m3fn-default-b2,sat.struct-3,per_node,3,features_12_block_2_fc2,se_expand,168,43,43,0,0.0,0.0
mobilenet_v3_large-fp8_e4m3fn-default-b2,sat.struct-3,per_node,3,features_12_block_3_0,pointwise_project,672,44,44,0,0.0,0.0
mobilenet_v3_large-fp8_e4m3fn-default-b2,sat.struct-3,per_node,3,features_13_block_0_0,pointwise_expand,112,43,43,0,0.0,0.0
mobilenet_v3_large-fp8_e4m3fn-default-b2,sat.struct-3,per_node,3,features_13_block_1_0,depthwise,25,41,41,2,0.002,3.948007774538387e-07
mobilenet_v3_large-fp8_e4m3fn-default-b2,sat.struct-3,per_node,3,features_13_block_2_fc1,se_reduce,672,44,44,0,0.0,0.0
mobilenet_v3_large-fp8_e4m3fn-default-b2,sat.struct-3,per_node,3,features_13_block_2_fc2,se_expand,168,43,43,0,0.0,0.0
mobilenet_v3_large-fp8_e4m3fn-default-b2,sat.struct-3,per_node,3,features_13_block_3_0,pointwise_project,672,45,45,0,0.0,0.0
mobilenet_v3_large-fp8_e4m3fn-default-b2,sat.struct-3,per_node,3,features_14_block_0_0,pointwise_expand,160,43,43,0,0.0,0.0
mobilenet_v3_large-fp8_e4m3fn-default-b2,sat.struct-3,per_node,3,features_14_block_1_0,depthwise,25,41,41,0,0.0,0.0
mobilenet_v3_large-fp8_e4m3fn-default-b2,sat.struct-3,per_node,3,features_14_block_2_fc1,se_reduce,960,45,45,0,0.0,0.0
mobilenet_v3_large-fp8_e4m3fn-default-b2,sat.struct-3,per_node,3,features_14_block_2_fc2,se_expand,240,43,43,0,0.0,0.0
mobilenet_v3_large-fp8_e4m3fn-default-b2,sat.struct-3,per_node,3,features_14_block_3_0,pointwise_project,960,45,45,0,0.0,0.0
mobilenet_v3_large-fp8_e4m3fn-default-b2,sat.struct-3,per_node,3,features_15_block_0_0,pointwise_expand,160,43,43,0,0.0,0.0
mobilenet_v3_large-fp8_e4m3fn-default-b2,sat.struct-3,per_node,3,features_15_block_1_0,depthwise,25,41,41,0,0.0,0.0
mobilenet_v3_large-fp8_e4m3fn-default-b2,sat.struct-3,per_node,3,features_15_block_2_fc1,se_reduce,960,45,45,0,0.0,0.0
mobilenet_v3_large-fp8_e4m3fn-default-b2,sat.struct-3,per_node,3,features_15_block_2_fc2,se_expand,240,43,43,0,0.0,0.0
mobilenet_v3_large-fp8_e4m3fn-default-b2,sat.struct-3,per_node,3,features_15_block_3_0,pointwise_project,960,45,45,0,0.0,0.0
mobilenet_v3_large-fp8_e4m3fn-default-b2,sat.struct-3,per_node,3,features_16_0,pointwise_expand,160,43,43,0,0.0,0.0
mobilenet_v3_large-fp8_e4m3fn-default-b2,sat.struct-3,per_node,3,features_1_block_0_0,depthwise,9,39,39,0,0.0,0.0
mobilenet_v3_large-fp8_e4m3fn-default-b2,sat.struct-3,per_node,3,features_1_block_1_0,pointwise_project,16,40,39,983,0.983,0.0011170928332270408
mobilenet_v3_large-fp8_e4m3fn-default-b2,sat.struct-3,per_node,3,features_2_block_0_0,pointwise_expand,16,40,40,4,0.004,4.9824617346938776e-09
mobilenet_v3_large-fp8_e4m3fn-default-b2,sat.struct-3,per_node,3,features_2_block_1_0,depthwise,9,40,39,998,0.998,0.0012918028539540816
mobilenet_v3_large-fp8_e4m3fn-default-b2,sat.struct-3,per_node,3,features_2_block_2_0,pointwise_project,64,41,41,0,0.0,0.0
mobilenet_v3_large-fp8_e4m3fn-default-b2,sat.struct-3,per_node,3,features_3_block_0_0,pointwise_expand,24,40,40,921,0.921,0.0002630031179138322
mobilenet_v3_large-fp8_e4m3fn-default-b2,sat.struct-3,per_node,3,features_3_block_1_0,depthwise,9,39,39,999,0.999,0.007197221336451247
mobilenet_v3_large-fp8_e4m3fn-default-b2,sat.struct-3,per_node,3,features_3_block_2_0,pointwise_project,72,42,41,0,0.0,0.0
mobilenet_v3_large-fp8_e4m3fn-default-b2,sat.struct-3,per_node,3,features_4_block_0_0,pointwise_expand,24,40,40,178,0.178,2.5333049886621314e-06
mobilenet_v3_large-fp8_e4m3fn-default-b2,sat.struct-3,per_node,3,features_4_block_1_0,depthwise,25,40,40,0,0.0,0.0
mobilenet_v3_large-fp8_e4m3fn-default-b2,sat.struct-3,per_node,3,features_4_block_2_fc1,se_reduce,72,42,42,0,0.0,0.0
mobilenet_v3_large-fp8_e4m3fn-default-b2,sat.struct-3,per_node,3,features_4_block_2_fc2,se_expand,24,41,40,0,0.0,0.0
mobilenet_v3_large-fp8_e4m3fn-default-b2,sat.struct-3,per_node,3,features_4_block_3_0,pointwise_project,72,42,42,0,0.0,0.0
mobilenet_v3_large-fp8_e4m3fn-default-b2,sat.struct-3,per_node,3,features_5_block_0_0,pointwise_expand,40,41,41,155,0.155,3.7733843537414965e-06
mobilenet_v3_large-fp8_e4m3fn-default-b2,sat.struct-3,per_node,3,features_5_block_1_0,depthwise,25,40,40,145,0.145,1.1075680272108843e-05
mobilenet_v3_large-fp8_e4m3fn-default-b2,sat.struct-3,per_node,3,features_5_block_2_fc1,se_reduce,120,42,42,0,0.0,0.0
mobilenet_v3_large-fp8_e4m3fn-default-b2,sat.struct-3,per_node,3,features_5_block_2_fc2,se_expand,32,41,40,1,0.001,1.6666666666666667e-05
mobilenet_v3_large-fp8_e4m3fn-default-b2,sat.struct-3,per_node,3,features_5_block_3_0,pointwise_project,120,42,42,0,0.0,0.0
mobilenet_v3_large-fp8_e4m3fn-default-b2,sat.struct-3,per_node,3,features_6_block_0_0,pointwise_expand,40,41,41,105,0.105,3.2206632653061223e-06
mobilenet_v3_large-fp8_e4m3fn-default-b2,sat.struct-3,per_node,3,features_6_block_1_0,depthwise,25,41,40,298,0.298,4.6354166666666664e-05
mobilenet_v3_large-fp8_e4m3fn-default-b2,sat.struct-3,per_node,3,features_6_block_2_fc1,se_reduce,120,42,42,0,0.0,0.0
mobilenet_v3_large-fp8_e4m3fn-default-b2,sat.struct-3,per_node,3,features_6_block_2_fc2,se_expand,32,41,41,666,0.666,0.006458333333333333
mobilenet_v3_large-fp8_e4m3fn-default-b2,sat.struct-3,per_node,3,features_6_block_3_0,pointwise_project,120,42,42,0,0.0,0.0
mobilenet_v3_large-fp8_e4m3fn-default-b2,sat.struct-3,per_node,3,features_7_block_0_0,pointwise_expand,40,41,41,0,0.0,0.0
mobilenet_v3_large-fp8_e4m3fn-default-b2,sat.struct-3,per_node,3,features_7_block_1_0,depthwise,9,40,40,484,0.484,2.534013605442177e-05
mobilenet_v3_large-fp8_e4m3fn-default-b2,sat.struct-3,per_node,3,features_7_block_2_0,pointwise_project,240,43,43,0,0.0,0.0
mobilenet_v3_large-fp8_e4m3fn-default-b2,sat.struct-3,per_node,3,features_8_block_0_0,pointwise_expand,80,42,42,0,0.0,0.0
mobilenet_v3_large-fp8_e4m3fn-default-b2,sat.struct-3,per_node,3,features_8_block_1_0,depthwise,9,40,40,815,0.815,0.0003127295918367347
mobilenet_v3_large-fp8_e4m3fn-default-b2,sat.struct-3,per_node,3,features_8_block_2_0,pointwise_project,200,43,43,0,0.0,0.0
mobilenet_v3_large-fp8_e4m3fn-default-b2,sat.struct-3,per_node,3,features_9_block_0_0,pointwise_expand,80,42,42,0,0.0,0.0
mobilenet_v3_large-fp8_e4m3fn-default-b2,sat.struct-3,per_node,3,features_9_block_1_0,depthwise,9,40,40,57,0.057,1.0425909494232475e-05
mobilenet_v3_large-fp8_e4m3fn-default-b2,sat.struct-3,per_node,3,features_9_block_2_0,pointwise_project,184,43,43,0,0.0,0.0
mobilenet_v3_large-fp8_e4m3fn-default-b2,sat.struct-4,per_node,4,classifier_0,classifier,960,45,45,0,0.0,0.0
mobilenet_v3_large-fp8_e4m3fn-default-b2,sat.struct-4,per_node,4,classifier_3,classifier,1280,45,45,0,0.0,0.0
mobilenet_v3_large-fp8_e4m3fn-default-b2,sat.struct-4,per_node,4,features_0_0,stem,27,40,40,1000,1.0,0.1977143853635204
mobilenet_v3_large-fp8_e4m3fn-default-b2,sat.struct-4,per_node,4,features_10_block_0_0,pointwise_expand,80,42,42,7,0.007,4.436557231588287e-07
mobilenet_v3_large-fp8_e4m3fn-default-b2,sat.struct-4,per_node,4,features_10_block_1_0,depthwise,9,40,40,1000,1.0,0.0046077528837622
mobilenet_v3_large-fp8_e4m3fn-default-b2,sat.struct-4,per_node,4,features_10_block_2_0,pointwise_project,184,43,43,0,0.0,0.0
mobilenet_v3_large-fp8_e4m3fn-default-b2,sat.struct-4,per_node,4,features_11_block_0_0,pointwise_expand,80,42,42,32,0.032,5.84608843537415e-07
mobilenet_v3_large-fp8_e4m3fn-default-b2,sat.struct-4,per_node,4,features_11_block_1_0,depthwise,9,40,40,1000,1.0,0.007934736394557823
mobilenet_v3_large-fp8_e4m3fn-default-b2,sat.struct-4,per_node,4,features_11_block_2_fc1,se_reduce,480,44,44,0,0.0,0.0
mobilenet_v3_large-fp8_e4m3fn-default-b2,sat.struct-4,per_node,4,features_11_block_2_fc2,se_expand,120,42,42,1000,1.0,0.0068125
mobilenet_v3_large-fp8_e4m3fn-default-b2,sat.struct-4,per_node,4,features_11_block_3_0,pointwise_project,480,44,44,0,0.0,0.0
mobilenet_v3_large-fp8_e4m3fn-default-b2,sat.struct-4,per_node,4,features_12_block_0_0,pointwise_expand,112,43,43,0,0.0,0.0
mobilenet_v3_large-fp8_e4m3fn-default-b2,sat.struct-4,per_node,4,features_12_block_1_0,depthwise,9,40,40,993,0.993,0.0003071929664723032
mobilenet_v3_large-fp8_e4m3fn-default-b2,sat.struct-4,per_node,4,features_12_block_2_fc1,se_reduce,672,44,44,0,0.0,0.0
mobilenet_v3_large-fp8_e4m3fn-default-b2,sat.struct-4,per_node,4,features_12_block_2_fc2,se_expand,168,43,43,0,0.0,0.0
mobilenet_v3_large-fp8_e4m3fn-default-b2,sat.struct-4,per_node,4,features_12_block_3_0,pointwise_project,672,44,44,0,0.0,0.0
mobilenet_v3_large-fp8_e4m3fn-default-b2,sat.struct-4,per_node,4,features_13_block_0_0,pointwise_expand,112,43,43,0,0.0,0.0
mobilenet_v3_large-fp8_e4m3fn-default-b2,sat.struct-4,per_node,4,features_13_block_1_0,depthwise,25,41,41,438,0.438,0.00010453109815354713
mobilenet_v3_large-fp8_e4m3fn-default-b2,sat.struct-4,per_node,4,features_13_block_2_fc1,se_reduce,672,44,44,0,0.0,0.0
mobilenet_v3_large-fp8_e4m3fn-default-b2,sat.struct-4,per_node,4,features_13_block_2_fc2,se_expand,168,43,43,0,0.0,0.0
mobilenet_v3_large-fp8_e4m3fn-default-b2,sat.struct-4,per_node,4,features_13_block_3_0,pointwise_project,672,45,45,0,0.0,0.0
mobilenet_v3_large-fp8_e4m3fn-default-b2,sat.struct-4,per_node,4,features_14_block_0_0,pointwise_expand,160,43,43,0,0.0,0.0
mobilenet_v3_large-fp8_e4m3fn-default-b2,sat.struct-4,per_node,4,features_14_block_1_0,depthwise,25,41,41,0,0.0,0.0
mobilenet_v3_large-fp8_e4m3fn-default-b2,sat.struct-4,per_node,4,features_14_block_2_fc1,se_reduce,960,45,45,0,0.0,0.0
mobilenet_v3_large-fp8_e4m3fn-default-b2,sat.struct-4,per_node,4,features_14_block_2_fc2,se_expand,240,43,43,0,0.0,0.0
mobilenet_v3_large-fp8_e4m3fn-default-b2,sat.struct-4,per_node,4,features_14_block_3_0,pointwise_project,960,45,45,0,0.0,0.0
mobilenet_v3_large-fp8_e4m3fn-default-b2,sat.struct-4,per_node,4,features_15_block_0_0,pointwise_expand,160,43,43,1,0.001,2.1258503401360546e-08
mobilenet_v3_large-fp8_e4m3fn-default-b2,sat.struct-4,per_node,4,features_15_block_1_0,depthwise,25,41,41,8,0.008,2.33843537414966e-07
mobilenet_v3_large-fp8_e4m3fn-default-b2,sat.struct-4,per_node,4,features_15_block_2_fc1,se_reduce,960,45,45,0,0.0,0.0
mobilenet_v3_large-fp8_e4m3fn-default-b2,sat.struct-4,per_node,4,features_15_block_2_fc2,se_expand,240,43,43,0,0.0,0.0
mobilenet_v3_large-fp8_e4m3fn-default-b2,sat.struct-4,per_node,4,features_15_block_3_0,pointwise_project,960,45,45,0,0.0,0.0
mobilenet_v3_large-fp8_e4m3fn-default-b2,sat.struct-4,per_node,4,features_16_0,pointwise_expand,160,43,43,0,0.0,0.0
mobilenet_v3_large-fp8_e4m3fn-default-b2,sat.struct-4,per_node,4,features_1_block_0_0,depthwise,9,39,39,0,0.0,0.0
mobilenet_v3_large-fp8_e4m3fn-default-b2,sat.struct-4,per_node,4,features_1_block_1_0,pointwise_project,16,40,39,1000,1.0,0.06575433474170918
mobilenet_v3_large-fp8_e4m3fn-default-b2,sat.struct-4,per_node,4,features_2_block_0_0,pointwise_expand,16,40,40,865,0.865,2.447136080994898e-05
mobilenet_v3_large-fp8_e4m3fn-default-b2,sat.struct-4,per_node,4,features_2_block_1_0,depthwise,9,40,39,1000,1.0,0.013628851442920918
mobilenet_v3_large-fp8_e4m3fn-default-b2,sat.struct-4,per_node,4,features_2_block_2_0,pointwise_project,64,41,41,0,0.0,0.0
mobilenet_v3_large-fp8_e4m3fn-default-b2,sat.struct-4,per_node,4,features_3_block_0_0,pointwise_expand,24,40,40,997,0.997,0.006233613236961451
mobilenet_v3_large-fp8_e4m3fn-default-b2,sat.struct-4,per_node,4,features_3_block_1_0,depthwise,9,39,39,1000,1.0,0.01459727093962585
mobilenet_v3_large-fp8_e4m3fn-default-b2,sat.struct-4,per_node,4,features_3_block_2_0,pointwise_project,72,42,41,289,0.289,7.746067176870749e-06
mobilenet_v3_large-fp8_e4m3fn-default-b2,sat.struct-4,per_node,4,features_4_block_0_0,pointwise_expand,24,40,40,999,0.999,0.0006638454861111111
mobilenet_v3_large-fp8_e4m3fn-default-b2,sat.struct-4,per_node,4,features_4_block_1_0,depthwise,25,40,40,369,0.369,4.786706349206349e-05
mobilenet_v3_large-fp8_e4m3fn-default-b2,sat.struct-4,per_node,4,features_4_block_2_fc1,se_reduce,72,42,42,18,0.018,0.00075
mobilenet_v3_large-fp8_e4m3fn-default-b2,sat.struct-4,per_node,4,features_4_block_2_fc2,se_expand,24,41,40,0,0.0,0.0
mobilenet_v3_large-fp8_e4m3fn-default-b2,sat.struct-4,per_node,4,features_4_block_3_0,pointwise_project,72,42,42,0,0.0,0.0
mobilenet_v3_large-fp8_e4m3fn-default-b2,sat.struct-4,per_node,4,features_5_block_0_0,pointwise_expand,40,41,41,1000,1.0,0.001380017006802721
mobilenet_v3_large-fp8_e4m3fn-default-b2,sat.struct-4,per_node,4,features_5_block_1_0,depthwise,25,40,40,1000,1.0,0.028953210034013604
mobilenet_v3_large-fp8_e4m3fn-default-b2,sat.struct-4,per_node,4,features_5_block_2_fc1,se_reduce,120,42,42,0,0.0,0.0
mobilenet_v3_large-fp8_e4m3fn-default-b2,sat.struct-4,per_node,4,features_5_block_2_fc2,se_expand,32,41,40,1000,1.0,0.12995
mobilenet_v3_large-fp8_e4m3fn-default-b2,sat.struct-4,per_node,4,features_5_block_3_0,pointwise_project,120,42,42,0,0.0,0.0
mobilenet_v3_large-fp8_e4m3fn-default-b2,sat.struct-4,per_node,4,features_6_block_0_0,pointwise_expand,40,41,41,1000,1.0,0.001629751275510204
mobilenet_v3_large-fp8_e4m3fn-default-b2,sat.struct-4,per_node,4,features_6_block_1_0,depthwise,25,41,40,1000,1.0,0.004180335884353742
mobilenet_v3_large-fp8_e4m3fn-default-b2,sat.struct-4,per_node,4,features_6_block_2_fc1,se_reduce,120,42,42,0,0.0,0.0
mobilenet_v3_large-fp8_e4m3fn-default-b2,sat.struct-4,per_node,4,features_6_block_2_fc2,se_expand,32,41,41,1000,1.0,0.07244166666666667
mobilenet_v3_large-fp8_e4m3fn-default-b2,sat.struct-4,per_node,4,features_6_block_3_0,pointwise_project,120,42,42,0,0.0,0.0
mobilenet_v3_large-fp8_e4m3fn-default-b2,sat.struct-4,per_node,4,features_7_block_0_0,pointwise_expand,40,41,41,993,0.993,0.0001035607993197279
mobilenet_v3_large-fp8_e4m3fn-default-b2,sat.struct-4,per_node,4,features_7_block_1_0,depthwise,9,40,40,1000,1.0,0.007442708333333333
mobilenet_v3_large-fp8_e4m3fn-default-b2,sat.struct-4,per_node,4,features_7_block_2_0,pointwise_project,240,43,43,0,0.0,0.0
mobilenet_v3_large-fp8_e4m3fn-default-b2,sat.struct-4,per_node,4,features_8_block_0_0,pointwise_expand,80,42,42,3,0.003,1.5306122448979592e-07
mobilenet_v3_large-fp8_e4m3fn-default-b2,sat.struct-4,per_node,4,features_8_block_1_0,depthwise,9,40,40,1000,1.0,0.015082551020408163
mobilenet_v3_large-fp8_e4m3fn-default-b2,sat.struct-4,per_node,4,features_8_block_2_0,pointwise_project,200,43,43,0,0.0,0.0
mobilenet_v3_large-fp8_e4m3fn-default-b2,sat.struct-4,per_node,4,features_9_block_0_0,pointwise_expand,80,42,42,269,0.269,9.286268855368234e-05
mobilenet_v3_large-fp8_e4m3fn-default-b2,sat.struct-4,per_node,4,features_9_block_1_0,depthwise,9,40,40,1000,1.0,0.005895935004436558
mobilenet_v3_large-fp8_e4m3fn-default-b2,sat.struct-4,per_node,4,features_9_block_2_0,pointwise_project,184,43,43,0,0.0,0.0
mobilenet_v3_large-fp8_e4m3fn-default-b2,sat.struct-5,per_node,5,classifier_0,classifier,960,45,45,0,0.0,0.0
mobilenet_v3_large-fp8_e4m3fn-default-b2,sat.struct-5,per_node,5,classifier_3,classifier,1280,45,45,0,0.0,0.0
mobilenet_v3_large-fp8_e4m3fn-default-b2,sat.struct-5,per_node,5,features_0_0,stem,27,40,40,1000,1.0,0.464296630859375
mobilenet_v3_large-fp8_e4m3fn-default-b2,sat.struct-5,per_node,5,features_10_block_0_0,pointwise_expand,80,42,42,990,0.99,0.0031177074090505768
mobilenet_v3_large-fp8_e4m3fn-default-b2,sat.struct-5,per_node,5,features_10_block_1_0,depthwise,9,40,40,1000,1.0,0.0352231033717835
mobilenet_v3_large-fp8_e4m3fn-default-b2,sat.struct-5,per_node,5,features_10_block_2_0,pointwise_project,184,43,43,0,0.0,0.0
mobilenet_v3_large-fp8_e4m3fn-default-b2,sat.struct-5,per_node,5,features_11_block_0_0,pointwise_expand,80,42,42,668,0.668,0.00018591624149659865
mobilenet_v3_large-fp8_e4m3fn-default-b2,sat.struct-5,per_node,5,features_11_block_1_0,depthwise,9,40,40,1000,1.0,0.045232376700680275
mobilenet_v3_large-fp8_e4m3fn-default-b2,sat.struct-5,per_node,5,features_11_block_2_fc1,se_reduce,480,44,44,0,0.0,0.0
mobilenet_v3_large-fp8_e4m3fn-default-b2,sat.struct-5,per_node,5,features_11_block_2_fc2,se_expand,120,42,42,1000,1.0,0.3462375
mobilenet_v3_large-fp8_e4m3fn-default-b2,sat.struct-5,per_node,5,features_11_block_3_0,pointwise_project,480,44,44,0,0.0,0.0
mobilenet_v3_large-fp8_e4m3fn-default-b2,sat.struct-5,per_node,5,features_12_block_0_0,pointwise_expand,112,43,43,836,0.836,0.0001410653547133139
mobilenet_v3_large-fp8_e4m3fn-default-b2,sat.struct-5,per_node,5,features_12_block_1_0,depthwise,9,40,40,1000,1.0,0.008104933491253644
mobilenet_v3_large-fp8_e4m3fn-default-b2,sat.struct-5,per_node,5,features_12_block_2_fc1,se_reduce,672,44,44,0,0.0,0.0
mobilenet_v3_large-fp8_e4m3fn-default-b2,sat.struct-5,per_node,5,features_12_block_2_fc2,se_expand,168,43,43,1000,1.0,0.07374107142857143
mobilenet_v3_large-fp8_e4m3fn-default-b2,sat.struct-5,per_node,5,features_12_block_3_0,pointwise_project,672,44,44,0,0.0,0.0
mobilenet_v3_large-fp8_e4m3fn-default-b2,sat.struct-5,per_node,5,features_13_block_0_0,pointwise_expand,112,43,43,61,0.061,1.96641156462585e-06
mobilenet_v3_large-fp8_e4m3fn-default-b2,sat.struct-5,per_node,5,features_13_block_1_0,depthwise,25,41,41,1000,1.0,0.007383503401360544
mobilenet_v3_large-fp8_e4m3fn-default-b2,sat.struct-5,per_node,5,features_13_block_2_fc1,se_reduce,672,44,44,0,0.0,0.0
mobilenet_v3_large-fp8_e4m3fn-default-b2,sat.struct-5,per_node,5,features_13_block_2_fc2,se_expand,168,43,43,1000,1.0,0.03867410714285714
mobilenet_v3_large-fp8_e4m3fn-default-b2,sat.struct-5,per_node,5,features_13_block_3_0,pointwise_project,672,45,45,0,0.0,0.0
mobilenet_v3_large-fp8_e4m3fn-default-b2,sat.struct-5,per_node,5,features_14_block_0_0,pointwise_expand,160,43,43,161,0.161,1.6645408163265306e-05
mobilenet_v3_large-fp8_e4m3fn-default-b2,sat.struct-5,per_node,5,features_14_block_1_0,depthwise,25,41,41,1,0.001,1.0629251700680273e-07
mobilenet_v3_large-fp8_e4m3fn-default-b2,sat.struct-5,per_node,5,features_14_block_2_fc1,se_reduce,960,45,45,0,0.0,0.0
mobilenet_v3_large-fp8_e4m3fn-default-b2,sat.struct-5,per_node,5,features_14_block_2_fc2,se_expand,240,43,43,937,0.937,0.001959375
mobilenet_v3_large-fp8_e4m3fn-default-b2,sat.struct-5,per_node,5,features_14_block_3_0,pointwise_project,960,45,45,0,0.0,0.0
mobilenet_v3_large-fp8_e4m3fn-default-b2,sat.struct-5,per_node,5,features_15_block_0_0,pointwise_expand,160,43,43,188,0.188,1.5369897959183672e-05
mobilenet_v3_large-fp8_e4m3fn-default-b2,sat.struct-5,per_node,5,features_15_block_1_0,depthwise,25,41,41,597,0.597,0.0001296343537414966
mobilenet_v3_large-fp8_e4m3fn-default-b2,sat.struct-5,per_node,5,features_15_block_2_fc1,se_reduce,960,45,45,0,0.0,0.0
mobilenet_v3_large-fp8_e4m3fn-default-b2,sat.struct-5,per_node,5,features_15_block_2_fc2,se_expand,240,43,43,0,0.0,0.0
mobilenet_v3_large-fp8_e4m3fn-default-b2,sat.struct-5,per_node,5,features_15_block_3_0,pointwise_project,960,45,45,0,0.0,0.0
mobilenet_v3_large-fp8_e4m3fn-default-b2,sat.struct-5,per_node,5,features_16_0,pointwise_expand,160,43,43,3,0.003,6.930272108843538e-06
mobilenet_v3_large-fp8_e4m3fn-default-b2,sat.struct-5,per_node,5,features_1_block_0_0,depthwise,9,39,39,1000,1.0,0.06146840122767857
mobilenet_v3_large-fp8_e4m3fn-default-b2,sat.struct-5,per_node,5,features_1_block_1_0,pointwise_project,16,40,39,1000,1.0,0.4763998873963648
mobilenet_v3_large-fp8_e4m3fn-default-b2,sat.struct-5,per_node,5,features_2_block_0_0,pointwise_expand,16,40,40,999,0.999,0.0017615144690688775
mobilenet_v3_large-fp8_e4m3fn-default-b2,sat.struct-5,per_node,5,features_2_block_1_0,depthwise,9,40,39,1000,1.0,0.13858496591996172
mobilenet_v3_large-fp8_e4m3fn-default-b2,sat.struct-5,per_node,5,features_2_block_2_0,pointwise_project,64,41,41,96,0.096,2.072704081632653e-06
mobilenet_v3_large-fp8_e4m3fn-default-b2,sat.struct-5,per_node,5,features_3_block_0_0,pointwise_expand,24,40,40,1000,1.0,0.017582066680839004
mobilenet_v3_large-fp8_e4m3fn-default-b2,sat.struct-5,per_node,5,features_3_block_1_0,depthwise,9,39,39,1000,1.0,0.05832672548185941
mobilenet_v3_large-fp8_e4m3fn-default-b2,sat.struct-5,per_node,5,features_3_block_2_0,pointwise_project,72,42,41,1000,1.0,0.03727003613945578
mobilenet_v3_large-fp8_e4m3fn-default-b2,sat.struct-5,per_node,5,features_4_block_0_0,pointwise_expand,24,40,40,1000,1.0,0.024768632192460317
mobilenet_v3_large-fp8_e4m3fn-default-b2,sat.struct-5,per_node,5,features_4_block_1_0,depthwise,25,40,40,1000,1.0,0.05429795564058957
mobilenet_v3_large-fp8_e4m3fn-default-b2,sat.struct-5,per_node,5,features_4_block_2_fc1,se_reduce,72,42,42,1000,1.0,0.36983333333333335
mobilenet_v3_large-fp8_e4m3fn-default-b2,sat.struct-5,per_node,5,features_4_block_2_fc2,se_expand,24,41,40,0,0.0,0.0
mobilenet_v3_large-fp8_e4m3fn-default-b2,sat.struct-5,per_node,5,features_4_block_3_0,pointwise_project,72,42,42,0,0.0,0.0
mobilenet_v3_large-fp8_e4m3fn-default-b2,sat.struct-5,per_node,5,features_5_block_0_0,pointwise_expand,40,41,41,1000,1.0,0.0863827274659864
mobilenet_v3_large-fp8_e4m3fn-default-b2,sat.struct-5,per_node,5,features_5_block_1_0,depthwise,25,40,40,1000,1.0,0.04314098639455782
mobilenet_v3_large-fp8_e4m3fn-default-b2,sat.struct-5,per_node,5,features_5_block_2_fc1,se_reduce,120,42,42,251,0.251,0.007875
mobilenet_v3_large-fp8_e4m3fn-default-b2,sat.struct-5,per_node,5,features_5_block_2_fc2,se_expand,32,41,40,1000,1.0,0.5493333333333333
mobilenet_v3_large-fp8_e4m3fn-default-b2,sat.struct-5,per_node,5,features_5_block_3_0,pointwise_project,120,42,42,0,0.0,0.0
mobilenet_v3_large-fp8_e4m3fn-default-b2,sat.struct-5,per_node,5,features_6_block_0_0,pointwise_expand,40,41,41,1000,1.0,0.11509870323129252
mobilenet_v3_large-fp8_e4m3fn-default-b2,sat.struct-5,per_node,5,features_6_block_1_0,depthwise,25,41,40,1000,1.0,0.04176659226190476
mobilenet_v3_large-fp8_e4m3fn-default-b2,sat.struct-5,per_node,5,features_6_block_2_fc1,se_reduce,120,42,42,21,0.021,0.00065625
mobilenet_v3_large-fp8_e4m3fn-default-b2,sat.struct-5,per_node,5,features_6_block_2_fc2,se_expand,32,41,41,1000,1.0,0.358475
mobilenet_v3_large-fp8_e4m3fn-default-b2,sat.struct-5,per_node,5,features_6_block_3_0,pointwise_project,120,42,42,2,0.002,6.377551020408163e-08
mobilenet_v3_large-fp8_e4m3fn-default-b2,sat.struct-5,per_node,5,features_7_block_0_0,pointwise_expand,40,41,41,1000,1.0,0.010127481930272108
mobilenet_v3_large-fp8_e4m3fn-default-b2,sat.struct-5,per_node,5,features_7_block_1_0,depthwise,9,40,40,1000,1.0,0.032160884353741495
mobilenet_v3_large-fp8_e4m3fn-default-b2,sat.struct-5,per_node,5,features_7_block_2_0,pointwise_project,240,43,43,0,0.0,0.0
mobilenet_v3_large-fp8_e4m3fn-default-b2,sat.struct-5,per_node,5,features_8_block_0_0,pointwise_expand,80,42,42,994,0.994,0.0017340561224489797
mobilenet_v3_large-fp8_e4m3fn-default-b2,sat.struct-5,per_node,5,features_8_block_1_0,depthwise,9,40,40,1000,1.0,0.02403433673469388
mobilenet_v3_large-fp8_e4m3fn-default-b2,sat.struct-5,per_node,5,features_8_block_2_0,pointwise_project,200,43,43,670,0.67,0.0004169642857142857
mobilenet_v3_large-fp8_e4m3fn-default-b2,sat.struct-5,per_node,5,features_9_block_0_0,pointwise_expand,80,42,42,1000,1.0,0.027979813664596273
mobilenet_v3_large-fp8_e4m3fn-default-b2,sat.struct-5,per_node,5,features_9_block_1_0,depthwise,9,40,40,1000,1.0,0.027168921916592724
mobilenet_v3_large-fp8_e4m3fn-default-b2,sat.struct-5,per_node,5,features_9_block_2_0,pointwise_project,184,43,43,0,0.0,0.0
