model,view,tier,format,bits,class,top1_expected,top1_lowest_index,source
resnet18,default,strong,int8,8,8,69.2167,68.6,l1:default
resnet18,default,strong,int6,6,6,65.8917,65.2,l1:default
resnet18,default,strong,int5,5,le5,13.6912,15.3,l1:default
resnet18,default,strong,int4,4,le5,0.1287,0.2,l1:default
resnet18,default,strong,q1_6,8,8,69.1667,68.6,l1:default
resnet18,default,strong,fp8_e4m3fn,8,8,67.6658,67.9,l1:default
resnet18,default,strong,fp8_e5m2,8,8,61.178,60.4,l1:default
resnet18,default,strong,fp7_e3m3,7,7,67.4825,67.3,l1:default
resnet18,default,strong,fp6_e3m2,6,6,53.6235,54.2,l1:default
resnet18,default,strong,fp6_e2m3,6,6,66.6567,66.8,l1:default
resnet18,default,strong,fp5_e2m2,5,le5,39.094,39.6,l1:default
resnet18,default,strong,fp4_e2m1,4,le5,0.0856,0.1,l1:default
resnet18,default,strong,bfp6,6,6,68.2,68.4,l1:cum5_act_maxabs
resnet18,default,strong,mxfp8_e4m3,8,8,67.7302,67.3,l1:cum5_act_maxabs
resnet18,default,strong,mxfp6_e3m2,6,6,50.744,50.9,l1:cum5_act_maxabs
resnet18,default,strong,mxfp4_e2m1,4,le5,0.1833,0.1,l1:cum5_act_maxabs
resnet18,default,strong,posit8_es1,8,8,69.6333,69.1,l1:default
resnet18,default,strong,posit6_es1,6,6,59.595,59.7,l1:default
resnet18,default,strong,posit4_es0,4,le5,0.0537,0.2,l1:default
resnet18,default,strong,log8,8,8,68.085,67.9,l1:default
resnet18,default,strong,log6,6,6,54.5428,54.4,l1:default
resnet18,default,strong,log4,4,le5,0.0725,0.2,l1:default
resnet18,default,strong,nf4,4,le5,0.2522,0.1,l1:default
resnet18,default,strong,binary_pm1,1,le5,0.1009,0.1,l1:default
resnet18,default,strong,ternary,2,le5,0.1,0.1,l1:default
resnet18,default_signed,strong,int8,8,8,69.1667,68.6,q2:factorial:default_signed
resnet18,default_signed,strong,int6,6,6,61.8061,61.0,q2:factorial:default_signed
resnet18,default_signed,strong,int5,5,le5,7.7179,9.3,q2:factorial:default_signed
resnet18,default_signed,strong,int4,4,le5,0.1287,0.1,q2:factorial:default_signed
resnet18,default_signed,strong,q1_6,8,8,69.1667,68.6,l1:default
resnet18,default_signed,strong,fp8_e4m3fn,8,8,67.6658,67.9,l1:default
resnet18,default_signed,strong,fp8_e5m2,8,8,61.178,60.4,l1:default
resnet18,default_signed,strong,fp7_e3m3,7,7,67.4825,67.3,l1:default
resnet18,default_signed,strong,fp6_e3m2,6,6,53.6235,54.2,l1:default
resnet18,default_signed,strong,fp6_e2m3,6,6,66.6567,66.8,l1:default
resnet18,default_signed,strong,fp5_e2m2,5,le5,39.094,39.6,l1:default
resnet18,default_signed,strong,fp4_e2m1,4,le5,0.0856,0.1,l1:default
resnet18,default_signed,strong,bfp6,6,6,68.2,68.4,l1:cum5_act_maxabs
resnet18,default_signed,strong,mxfp8_e4m3,8,8,67.7302,67.3,l1:cum5_act_maxabs
resnet18,default_signed,strong,mxfp6_e3m2,6,6,50.744,50.9,l1:cum5_act_maxabs
resnet18,default_signed,strong,mxfp4_e2m1,4,le5,0.1833,0.1,l1:cum5_act_maxabs
resnet18,default_signed,strong,posit8_es1,8,8,69.6333,69.1,l1:default
resnet18,default_signed,strong,posit6_es1,6,6,59.595,59.7,l1:default
resnet18,default_signed,strong,posit4_es0,4,le5,0.0537,0.2,l1:default
resnet18,default_signed,strong,log8,8,8,68.085,67.9,l1:default
resnet18,default_signed,strong,log6,6,6,54.5428,54.4,l1:default
resnet18,default_signed,strong,log4,4,le5,0.0725,0.2,l1:default
resnet18,default_signed,strong,nf4,4,le5,0.2522,0.1,l1:default
resnet18,default_signed,strong,binary_pm1,1,le5,0.1009,0.1,l1:default
resnet18,default_signed,strong,ternary,2,le5,0.1,0.1,l1:default
resnet18,default_no_bias_correction,strong,int8,8,8,69.3167,69.0,q2:factorial:default_no_bias_correction
resnet18,default_no_bias_correction,strong,int6,6,6,66.5033,66.8,q2:factorial:default_no_bias_correction
resnet18,default_no_bias_correction,strong,int5,5,le5,56.1801,56.1,q2:factorial:default_no_bias_correction
resnet18,default_no_bias_correction,strong,int4,4,le5,27.7835,28.5,q2:factorial:default_no_bias_correction
resnet18,default_no_bias_correction,strong,q1_6,8,8,69.25,69.3,q2:factorial:default_no_bias_correction
resnet18,default_no_bias_correction,strong,fp8_e4m3fn,8,8,68.3968,68.5,q2:factorial:default_no_bias_correction
resnet18,default_no_bias_correction,strong,fp8_e5m2,8,8,63.651,62.9,q2:factorial:default_no_bias_correction
resnet18,default_no_bias_correction,strong,fp7_e3m3,7,7,68.4233,68.2,q2:factorial:default_no_bias_correction
resnet18,default_no_bias_correction,strong,fp6_e3m2,6,6,64.256,63.9,q2:factorial:default_no_bias_correction
resnet18,default_no_bias_correction,strong,fp6_e2m3,6,6,67.9783,66.9,q2:factorial:default_no_bias_correction
resnet18,default_no_bias_correction,strong,fp5_e2m2,5,le5,57.6013,56.6,q2:factorial:default_no_bias_correction
resnet18,default_no_bias_correction,strong,fp4_e2m1,4,le5,24.4368,23.1,q2:factorial:default_no_bias_correction
resnet18,default_no_bias_correction,strong,bfp6,6,6,68.2533,68.5,q2:factorial:rank_intrinsic_no_bias_correction
resnet18,default_no_bias_correction,strong,mxfp8_e4m3,8,8,68.7117,68.6,q2:factorial:rank_intrinsic_no_bias_correction
resnet18,default_no_bias_correction,strong,mxfp6_e3m2,6,6,64.6523,64.0,q2:factorial:rank_intrinsic_no_bias_correction
resnet18,default_no_bias_correction,strong,mxfp4_e2m1,4,le5,40.3065,38.4,q2:factorial:rank_intrinsic_no_bias_correction
resnet18,default_no_bias_correction,strong,posit8_es1,8,8,69.2417,69.4,q2:factorial:default_no_bias_correction
resnet18,default_no_bias_correction,strong,posit6_es1,6,6,64.0566,63.1,q2:factorial:default_no_bias_correction
resnet18,default_no_bias_correction,strong,posit4_es0,4,le5,26.8819,27.6,q2:factorial:default_no_bias_correction
resnet18,default_no_bias_correction,strong,log8,8,8,68.95,68.1,q2:factorial:default_no_bias_correction
resnet18,default_no_bias_correction,strong,log6,6,6,60.6448,60.0,q2:factorial:default_no_bias_correction
resnet18,default_no_bias_correction,strong,log4,4,le5,22.8096,21.6,q2:factorial:default_no_bias_correction
resnet18,default_no_bias_correction,strong,nf4,4,le5,39.2236,39.0,q2:factorial:default_no_bias_correction
resnet18,default_no_bias_correction,strong,binary_pm1,1,le5,0.1,0.1,q2:factorial:default_no_bias_correction
resnet18,default_no_bias_correction,strong,ternary,2,le5,0.1111,0.0,q2:factorial:default_no_bias_correction
resnet18,default_weight_maxabs,strong,int8,8,8,69.35,69.1,q2:factorial:default_weight_maxabs
resnet18,default_weight_maxabs,strong,int6,6,6,67.5861,67.1,q2:factorial:default_weight_maxabs
resnet18,default_weight_maxabs,strong,int5,5,le5,63.607,63.4,q2:factorial:default_weight_maxabs
resnet18,default_weight_maxabs,strong,int4,4,le5,20.0675,21.2,q2:factorial:default_weight_maxabs
resnet18,default_weight_maxabs,strong,q1_6,8,8,69.35,68.8,q2:factorial:default_weight_maxabs
resnet18,default_weight_maxabs,strong,fp8_e4m3fn,8,8,68.2551,68.7,q2:factorial:default_weight_maxabs
resnet18,default_weight_maxabs,strong,fp8_e5m2,8,8,59.764,59.2,q2:factorial:default_weight_maxabs
resnet18,default_weight_maxabs,strong,fp7_e3m3,7,7,67.6436,67.6,q2:factorial:default_weight_maxabs
resnet18,default_weight_maxabs,strong,fp6_e3m2,6,6,51.7025,51.4,q2:factorial:default_weight_maxabs
resnet18,default_weight_maxabs,strong,fp6_e2m3,6,6,66.7567,66.2,q2:factorial:default_weight_maxabs
resnet18,default_weight_maxabs,strong,fp5_e2m2,5,le5,54.3522,53.9,q2:factorial:default_weight_maxabs
resnet18,default_weight_maxabs,strong,fp4_e2m1,4,le5,3.9894,5.2,q2:factorial:default_weight_maxabs
resnet18,default_weight_maxabs,strong,bfp6,6,6,68.6167,68.1,q2:factorial:rank_intrinsic_weight_maxabs
resnet18,default_weight_maxabs,strong,mxfp8_e4m3,8,8,67.7302,67.3,q2:factorial:rank_intrinsic_weight_maxabs
resnet18,default_weight_maxabs,strong,mxfp6_e3m2,6,6,51.3333,50.7,q2:factorial:rank_intrinsic_weight_maxabs
resnet18,default_weight_maxabs,strong,mxfp4_e2m1,4,le5,0.15,0.1,q2:factorial:rank_intrinsic_weight_maxabs
resnet18,default_weight_maxabs,strong,posit8_es1,8,8,0.1,0.1,q2:factorial:default_weight_maxabs
resnet18,default_weight_maxabs,strong,posit6_es1,6,6,0.1,0.1,q2:factorial:default_weight_maxabs
resnet18,default_weight_maxabs,strong,posit4_es0,4,le5,0.075,0.0,q2:factorial:default_weight_maxabs
resnet18,default_weight_maxabs,strong,log8,8,8,67.9075,66.8,q2:factorial:default_weight_maxabs
resnet18,default_weight_maxabs,strong,log6,6,6,54.7314,53.9,q2:factorial:default_weight_maxabs
resnet18,default_weight_maxabs,strong,log4,4,le5,0.0425,0.1,q2:factorial:default_weight_maxabs
resnet18,default_weight_maxabs,strong,nf4,4,le5,10.3778,12.0,q2:factorial:default_weight_maxabs
resnet18,default_weight_maxabs,strong,binary_pm1,1,le5,0.1014,0.1,q2:factorial:default_weight_maxabs
resnet18,default_weight_maxabs,strong,ternary,2,le5,0.0841,0.1,q2:factorial:default_weight_maxabs
resnet18,cum3_act_mse,other,int8,8,8,69.6667,69.2,q2:factorial:cum3_act_mse
resnet18,cum3_act_mse,other,int6,6,6,65.0817,64.9,q2:factorial:cum3_act_mse
resnet18,cum3_act_mse,other,int5,5,le5,54.3282,53.6,q2:factorial:cum3_act_mse
resnet18,cum3_act_mse,other,int4,4,le5,21.0768,19.9,q2:factorial:cum3_act_mse
resnet18,cum3_act_mse,other,q1_6,8,8,69.72,69.4,l1:minimal
resnet18,cum3_act_mse,other,fp8_e4m3fn,8,8,68.62,68.9,l1:minimal
resnet18,cum3_act_mse,other,fp8_e5m2,8,8,62.968,61.6,l1:minimal
resnet18,cum3_act_mse,other,fp7_e3m3,7,7,68.415,68.1,l1:minimal
resnet18,cum3_act_mse,other,fp6_e3m2,6,6,62.9108,62.1,l1:minimal
resnet18,cum3_act_mse,other,fp6_e2m3,6,6,68.001,67.0,l1:minimal
resnet18,cum3_act_mse,other,fp5_e2m2,5,le5,56.8791,56.9,l1:minimal
resnet18,cum3_act_mse,other,fp4_e2m1,4,le5,19.2266,18.1,l1:minimal
resnet18,cum3_act_mse,other,bfp6,6,6,68.8167,68.6,l1:cum1_fused
resnet18,cum3_act_mse,other,mxfp8_e4m3,8,8,68.7117,68.6,l1:cum1_fused
resnet18,cum3_act_mse,other,mxfp6_e3m2,6,6,64.4641,64.2,l1:cum1_fused
resnet18,cum3_act_mse,other,mxfp4_e2m1,4,le5,41.6144,41.2,l1:cum1_fused
resnet18,cum3_act_mse,other,posit8_es1,8,8,4.3667,4.4,l1:minimal
resnet18,cum3_act_mse,other,posit6_es1,6,6,3.75,3.4,l1:minimal
resnet18,cum3_act_mse,other,posit4_es0,4,le5,24.0178,24.4,l1:minimal
resnet18,cum3_act_mse,other,log8,8,8,68.3567,68.2,l1:minimal
resnet18,cum3_act_mse,other,log6,6,6,61.5,61.2,l1:minimal
resnet18,cum3_act_mse,other,log4,4,le5,15.0874,13.6,l1:minimal
resnet18,cum3_act_mse,other,nf4,4,le5,34.42,33.8,l1:minimal
resnet18,cum3_act_mse,other,binary_pm1,1,le5,0.0979,0.1,l1:minimal
resnet18,cum3_act_mse,other,ternary,2,le5,0.1,0.1,l1:minimal
resnet18,rank_signed_no_bias_correction,other,int8,8,8,69.25,69.3,q2:factorial:rank_signed_no_bias_correction
resnet18,rank_signed_no_bias_correction,other,int6,6,6,66.2283,66.5,q2:factorial:rank_signed_no_bias_correction
resnet18,rank_signed_no_bias_correction,other,int5,5,le5,54.308,54.2,q2:factorial:rank_signed_no_bias_correction
resnet18,rank_signed_no_bias_correction,other,int4,4,le5,23.1963,23.1,q2:factorial:rank_signed_no_bias_correction
resnet18,rank_signed_no_bias_correction,other,q1_6,8,8,69.25,69.3,q2:factorial:default_no_bias_correction
resnet18,rank_signed_no_bias_correction,other,fp8_e4m3fn,8,8,68.3968,68.5,q2:factorial:default_no_bias_correction
resnet18,rank_signed_no_bias_correction,other,fp8_e5m2,8,8,63.651,62.9,q2:factorial:default_no_bias_correction
resnet18,rank_signed_no_bias_correction,other,fp7_e3m3,7,7,68.4233,68.2,q2:factorial:default_no_bias_correction
resnet18,rank_signed_no_bias_correction,other,fp6_e3m2,6,6,64.256,63.9,q2:factorial:default_no_bias_correction
resnet18,rank_signed_no_bias_correction,other,fp6_e2m3,6,6,67.9783,66.9,q2:factorial:default_no_bias_correction
resnet18,rank_signed_no_bias_correction,other,fp5_e2m2,5,le5,57.6013,56.6,q2:factorial:default_no_bias_correction
resnet18,rank_signed_no_bias_correction,other,fp4_e2m1,4,le5,24.4368,23.1,q2:factorial:default_no_bias_correction
resnet18,rank_signed_no_bias_correction,other,bfp6,6,6,68.2533,68.5,q2:factorial:rank_intrinsic_no_bias_correction
resnet18,rank_signed_no_bias_correction,other,mxfp8_e4m3,8,8,68.7117,68.6,q2:factorial:rank_intrinsic_no_bias_correction
resnet18,rank_signed_no_bias_correction,other,mxfp6_e3m2,6,6,64.6523,64.0,q2:factorial:rank_intrinsic_no_bias_correction
resnet18,rank_signed_no_bias_correction,other,mxfp4_e2m1,4,le5,40.3065,38.4,q2:factorial:rank_intrinsic_no_bias_correction
resnet18,rank_signed_no_bias_correction,other,posit8_es1,8,8,69.2417,69.4,q2:factorial:default_no_bias_correction
resnet18,rank_signed_no_bias_correction,other,posit6_es1,6,6,64.0566,63.1,q2:factorial:default_no_bias_correction
resnet18,rank_signed_no_bias_correction,other,posit4_es0,4,le5,26.8819,27.6,q2:factorial:default_no_bias_correction
resnet18,rank_signed_no_bias_correction,other,log8,8,8,68.95,68.1,q2:factorial:default_no_bias_correction
resnet18,rank_signed_no_bias_correction,other,log6,6,6,60.6448,60.0,q2:factorial:default_no_bias_correction
resnet18,rank_signed_no_bias_correction,other,log4,4,le5,22.8096,21.6,q2:factorial:default_no_bias_correction
resnet18,rank_signed_no_bias_correction,other,nf4,4,le5,39.2236,39.0,q2:factorial:default_no_bias_correction
resnet18,rank_signed_no_bias_correction,other,binary_pm1,1,le5,0.1,0.1,q2:factorial:default_no_bias_correction
resnet18,rank_signed_no_bias_correction,other,ternary,2,le5,0.1111,0.0,q2:factorial:default_no_bias_correction
resnet18,rank_signed_weight_maxabs,other,int8,8,8,69.35,68.8,q2:factorial:rank_signed_weight_maxabs
resnet18,rank_signed_weight_maxabs,other,int6,6,6,66.5901,66.2,q2:factorial:rank_signed_weight_maxabs
resnet18,rank_signed_weight_maxabs,other,int5,5,le5,55.6824,54.9,q2:factorial:rank_signed_weight_maxabs
resnet18,rank_signed_weight_maxabs,other,int4,4,le5,2.388,3.2,q2:factorial:rank_signed_weight_maxabs
resnet18,rank_signed_weight_maxabs,other,q1_6,8,8,69.35,68.8,q2:factorial:default_weight_maxabs
resnet18,rank_signed_weight_maxabs,other,fp8_e4m3fn,8,8,68.2551,68.7,q2:factorial:default_weight_maxabs
resnet18,rank_signed_weight_maxabs,other,fp8_e5m2,8,8,59.764,59.2,q2:factorial:default_weight_maxabs
resnet18,rank_signed_weight_maxabs,other,fp7_e3m3,7,7,67.6436,67.6,q2:factorial:default_weight_maxabs
resnet18,rank_signed_weight_maxabs,other,fp6_e3m2,6,6,51.7025,51.4,q2:factorial:default_weight_maxabs
resnet18,rank_signed_weight_maxabs,other,fp6_e2m3,6,6,66.7567,66.2,q2:factorial:default_weight_maxabs
resnet18,rank_signed_weight_maxabs,other,fp5_e2m2,5,le5,54.3522,53.9,q2:factorial:default_weight_maxabs
resnet18,rank_signed_weight_maxabs,other,fp4_e2m1,4,le5,3.9894,5.2,q2:factorial:default_weight_maxabs
resnet18,rank_signed_weight_maxabs,other,bfp6,6,6,68.6167,68.1,q2:factorial:rank_intrinsic_weight_maxabs
resnet18,rank_signed_weight_maxabs,other,mxfp8_e4m3,8,8,67.7302,67.3,q2:factorial:rank_intrinsic_weight_maxabs
resnet18,rank_signed_weight_maxabs,other,mxfp6_e3m2,6,6,51.3333,50.7,q2:factorial:rank_intrinsic_weight_maxabs
resnet18,rank_signed_weight_maxabs,other,mxfp4_e2m1,4,le5,0.15,0.1,q2:factorial:rank_intrinsic_weight_maxabs
resnet18,rank_signed_weight_maxabs,other,posit8_es1,8,8,0.1,0.1,q2:factorial:default_weight_maxabs
resnet18,rank_signed_weight_maxabs,other,posit6_es1,6,6,0.1,0.1,q2:factorial:default_weight_maxabs
resnet18,rank_signed_weight_maxabs,other,posit4_es0,4,le5,0.075,0.0,q2:factorial:default_weight_maxabs
resnet18,rank_signed_weight_maxabs,other,log8,8,8,67.9075,66.8,q2:factorial:default_weight_maxabs
resnet18,rank_signed_weight_maxabs,other,log6,6,6,54.7314,53.9,q2:factorial:default_weight_maxabs
resnet18,rank_signed_weight_maxabs,other,log4,4,le5,0.0425,0.1,q2:factorial:default_weight_maxabs
resnet18,rank_signed_weight_maxabs,other,nf4,4,le5,10.3778,12.0,q2:factorial:default_weight_maxabs
resnet18,rank_signed_weight_maxabs,other,binary_pm1,1,le5,0.1014,0.1,q2:factorial:default_weight_maxabs
resnet18,rank_signed_weight_maxabs,other,ternary,2,le5,0.0841,0.1,q2:factorial:default_weight_maxabs
resnet18,minimal,other,int8,8,8,69.72,69.4,l1:minimal
resnet18,minimal,other,int6,6,6,65.8317,65.6,l1:minimal
resnet18,minimal,other,int5,5,le5,52.1808,51.7,l1:minimal
resnet18,minimal,other,int4,4,le5,17.1396,18.0,l1:minimal
resnet18,minimal,other,q1_6,8,8,69.72,69.4,l1:minimal
resnet18,minimal,other,fp8_e4m3fn,8,8,68.62,68.9,l1:minimal
resnet18,minimal,other,fp8_e5m2,8,8,62.968,61.6,l1:minimal
resnet18,minimal,other,fp7_e3m3,7,7,68.415,68.1,l1:minimal
resnet18,minimal,other,fp6_e3m2,6,6,62.9108,62.1,l1:minimal
resnet18,minimal,other,fp6_e2m3,6,6,68.001,67.0,l1:minimal
resnet18,minimal,other,fp5_e2m2,5,le5,56.8791,56.9,l1:minimal
resnet18,minimal,other,fp4_e2m1,4,le5,19.2266,18.1,l1:minimal
resnet18,minimal,other,bfp6,6,6,68.8167,68.6,l1:cum1_fused
resnet18,minimal,other,mxfp8_e4m3,8,8,68.7117,68.6,l1:cum1_fused
resnet18,minimal,other,mxfp6_e3m2,6,6,64.4641,64.2,l1:cum1_fused
resnet18,minimal,other,mxfp4_e2m1,4,le5,41.6144,41.2,l1:cum1_fused
resnet18,minimal,other,posit8_es1,8,8,4.3667,4.4,l1:minimal
resnet18,minimal,other,posit6_es1,6,6,3.75,3.4,l1:minimal
resnet18,minimal,other,posit4_es0,4,le5,24.0178,24.4,l1:minimal
resnet18,minimal,other,log8,8,8,68.3567,68.2,l1:minimal
resnet18,minimal,other,log6,6,6,61.5,61.2,l1:minimal
resnet18,minimal,other,log4,4,le5,15.0874,13.6,l1:minimal
resnet18,minimal,other,nf4,4,le5,34.42,33.8,l1:minimal
resnet18,minimal,other,binary_pm1,1,le5,0.0979,0.1,l1:minimal
resnet18,minimal,other,ternary,2,le5,0.1,0.1,l1:minimal
resnet18,default_unsigned,strong,int8,8,8,69.2167,68.6,l1:default
resnet18,default_unsigned,strong,int6,6,6,65.8917,65.2,l1:default
resnet18,default_unsigned,strong,int5,5,le5,13.6912,15.3,l1:default
resnet18,default_unsigned,strong,int4,4,le5,0.1287,0.2,l1:default
resnet18,default_unsigned,strong,q1_6,8,8,69.1667,68.6,l1:default
resnet18,default_unsigned,strong,fp8_e4m3fn,8,8,68.4053,69.0,q2:unsigned:default:unsigned
resnet18,default_unsigned,strong,fp8_e5m2,8,8,63.7992,63.2,q2:unsigned:default:unsigned
resnet18,default_unsigned,strong,fp7_e3m3,7,7,68.0719,68.0,q2:unsigned:default:unsigned
resnet18,default_unsigned,strong,fp6_e3m2,6,6,63.2433,62.5,q2:unsigned:default:unsigned
resnet18,default_unsigned,strong,fp6_e2m3,6,6,68.1367,67.8,q2:unsigned:default:unsigned
resnet18,default_unsigned,strong,fp5_e2m2,5,le5,58.3138,58.1,q2:unsigned:default:unsigned
resnet18,default_unsigned,strong,fp4_e2m1,4,le5,0.0767,0.1,q2:unsigned:default:unsigned
resnet18,default_unsigned,strong,bfp6,6,6,69.1976,68.9,q2:unsigned:cum5_act_maxabs:unsigned
resnet18,default_unsigned,strong,mxfp8_e4m3,8,8,69.04,69.0,q2:unsigned:cum5_act_maxabs:unsigned
resnet18,default_unsigned,strong,mxfp6_e3m2,6,6,62.2515,61.4,q2:unsigned:cum5_act_maxabs:unsigned
resnet18,default_unsigned,strong,mxfp4_e2m1,4,le5,0.5847,0.4,q2:unsigned:cum5_act_maxabs:unsigned
resnet18,default_unsigned,strong,posit8_es1,8,8,69.4583,69.4,q2:unsigned:default:unsigned
resnet18,default_unsigned,strong,posit6_es1,6,6,64.9125,63.3,q2:unsigned:default:unsigned
resnet18,default_unsigned,strong,posit4_es0,4,le5,0.1571,0.1,q2:unsigned:default:unsigned
resnet18,default_unsigned,strong,log8,8,8,68.82,68.7,q2:unsigned:default:unsigned
resnet18,default_unsigned,strong,log6,6,6,62.5119,61.9,q2:unsigned:default:unsigned
resnet18,default_unsigned,strong,log4,4,le5,0.0517,0.0,q2:unsigned:default:unsigned
resnet18,default_unsigned,strong,nf4,4,le5,0.2522,0.1,l1:default
resnet18,default_unsigned,strong,binary_pm1,1,le5,0.1009,0.1,l1:default
resnet18,default_unsigned,strong,ternary,2,le5,0.1,0.1,l1:default
resnet18,default_searched,searched,int8,8,8,69.2167,68.6,l1:default
resnet18,default_searched,searched,int6,6,6,65.8917,65.2,l1:default
resnet18,default_searched,searched,int5,5,le5,13.6912,15.3,l1:default
resnet18,default_searched,searched,int4,4,le5,0.1287,0.2,l1:default
resnet18,default_searched,searched,q1_6,8,8,69.1667,68.6,l1:default
resnet18,default_searched,searched,fp8_e4m3fn,8,8,67.6658,67.9,l1:default
resnet18,default_searched,searched,fp8_e5m2,8,8,61.178,60.4,l1:default
resnet18,default_searched,searched,fp7_e3m3,7,7,67.4825,67.3,l1:default
resnet18,default_searched,searched,fp6_e3m2,6,6,53.6235,54.2,l1:default
resnet18,default_searched,searched,fp6_e2m3,6,6,66.6567,66.8,l1:default
resnet18,default_searched,searched,fp5_e2m2,5,le5,39.094,39.6,l1:default
resnet18,default_searched,searched,fp4_e2m1,4,le5,0.0856,0.1,l1:default
resnet18,default_searched,searched,bfp6,6,6,66.8033,67.0,l1:default
resnet18,default_searched,searched,mxfp8_e4m3,8,8,67.7086,67.1,l1:default
resnet18,default_searched,searched,mxfp6_e3m2,6,6,51.6136,52.1,l1:default
resnet18,default_searched,searched,mxfp4_e2m1,4,le5,0.15,0.1,l1:default
resnet18,default_searched,searched,posit8_es1,8,8,69.6333,69.1,l1:default
resnet18,default_searched,searched,posit6_es1,6,6,59.595,59.7,l1:default
resnet18,default_searched,searched,posit4_es0,4,le5,0.0537,0.2,l1:default
resnet18,default_searched,searched,log8,8,8,68.085,67.9,l1:default
resnet18,default_searched,searched,log6,6,6,54.5428,54.4,l1:default
resnet18,default_searched,searched,log4,4,le5,0.0725,0.2,l1:default
resnet18,default_searched,searched,nf4,4,le5,0.2522,0.1,l1:default
resnet18,default_searched,searched,binary_pm1,1,le5,0.1009,0.1,l1:default
resnet18,default_searched,searched,ternary,2,le5,0.1,0.1,l1:default
resnet18,default_no_bias_correction_searched,searched,int8,8,8,69.3167,69.0,q2:factorial:default_no_bias_correction
resnet18,default_no_bias_correction_searched,searched,int6,6,6,66.5033,66.8,q2:factorial:default_no_bias_correction
resnet18,default_no_bias_correction_searched,searched,int5,5,le5,56.1801,56.1,q2:factorial:default_no_bias_correction
resnet18,default_no_bias_correction_searched,searched,int4,4,le5,27.7835,28.5,q2:factorial:default_no_bias_correction
resnet18,default_no_bias_correction_searched,searched,q1_6,8,8,69.25,69.3,q2:factorial:default_no_bias_correction
resnet18,default_no_bias_correction_searched,searched,fp8_e4m3fn,8,8,68.3968,68.5,q2:factorial:default_no_bias_correction
resnet18,default_no_bias_correction_searched,searched,fp8_e5m2,8,8,63.651,62.9,q2:factorial:default_no_bias_correction
resnet18,default_no_bias_correction_searched,searched,fp7_e3m3,7,7,68.4233,68.2,q2:factorial:default_no_bias_correction
resnet18,default_no_bias_correction_searched,searched,fp6_e3m2,6,6,64.256,63.9,q2:factorial:default_no_bias_correction
resnet18,default_no_bias_correction_searched,searched,fp6_e2m3,6,6,67.9783,66.9,q2:factorial:default_no_bias_correction
resnet18,default_no_bias_correction_searched,searched,fp5_e2m2,5,le5,57.6013,56.6,q2:factorial:default_no_bias_correction
resnet18,default_no_bias_correction_searched,searched,fp4_e2m1,4,le5,24.4368,23.1,q2:factorial:default_no_bias_correction
resnet18,default_no_bias_correction_searched,searched,bfp6,6,6,68.4783,68.6,q2:searched:default_no_bias_correction
resnet18,default_no_bias_correction_searched,searched,mxfp8_e4m3,8,8,68.7117,68.6,q2:searched:default_no_bias_correction
resnet18,default_no_bias_correction_searched,searched,mxfp6_e3m2,6,6,64.2306,63.9,q2:searched:default_no_bias_correction
resnet18,default_no_bias_correction_searched,searched,mxfp4_e2m1,4,le5,36.7823,36.2,q2:searched:default_no_bias_correction
resnet18,default_no_bias_correction_searched,searched,posit8_es1,8,8,69.2417,69.4,q2:factorial:default_no_bias_correction
resnet18,default_no_bias_correction_searched,searched,posit6_es1,6,6,64.0566,63.1,q2:factorial:default_no_bias_correction
resnet18,default_no_bias_correction_searched,searched,posit4_es0,4,le5,26.8819,27.6,q2:factorial:default_no_bias_correction
resnet18,default_no_bias_correction_searched,searched,log8,8,8,68.95,68.1,q2:factorial:default_no_bias_correction
resnet18,default_no_bias_correction_searched,searched,log6,6,6,60.6448,60.0,q2:factorial:default_no_bias_correction
resnet18,default_no_bias_correction_searched,searched,log4,4,le5,22.8096,21.6,q2:factorial:default_no_bias_correction
resnet18,default_no_bias_correction_searched,searched,nf4,4,le5,39.2236,39.0,q2:factorial:default_no_bias_correction
resnet18,default_no_bias_correction_searched,searched,binary_pm1,1,le5,0.1,0.1,q2:factorial:default_no_bias_correction
resnet18,default_no_bias_correction_searched,searched,ternary,2,le5,0.1111,0.0,q2:factorial:default_no_bias_correction
resnet18,default_weight_maxabs_searched,searched,int8,8,8,69.35,69.1,q2:factorial:default_weight_maxabs
resnet18,default_weight_maxabs_searched,searched,int6,6,6,67.5861,67.1,q2:factorial:default_weight_maxabs
resnet18,default_weight_maxabs_searched,searched,int5,5,le5,63.607,63.4,q2:factorial:default_weight_maxabs
resnet18,default_weight_maxabs_searched,searched,int4,4,le5,20.0675,21.2,q2:factorial:default_weight_maxabs
resnet18,default_weight_maxabs_searched,searched,q1_6,8,8,69.35,68.8,q2:factorial:default_weight_maxabs
resnet18,default_weight_maxabs_searched,searched,fp8_e4m3fn,8,8,68.2551,68.7,q2:factorial:default_weight_maxabs
resnet18,default_weight_maxabs_searched,searched,fp8_e5m2,8,8,59.764,59.2,q2:factorial:default_weight_maxabs
resnet18,default_weight_maxabs_searched,searched,fp7_e3m3,7,7,67.6436,67.6,q2:factorial:default_weight_maxabs
resnet18,default_weight_maxabs_searched,searched,fp6_e3m2,6,6,51.7025,51.4,q2:factorial:default_weight_maxabs
resnet18,default_weight_maxabs_searched,searched,fp6_e2m3,6,6,66.7567,66.2,q2:factorial:default_weight_maxabs
resnet18,default_weight_maxabs_searched,searched,fp5_e2m2,5,le5,54.3522,53.9,q2:factorial:default_weight_maxabs
resnet18,default_weight_maxabs_searched,searched,fp4_e2m1,4,le5,3.9894,5.2,q2:factorial:default_weight_maxabs
resnet18,default_weight_maxabs_searched,searched,bfp6,6,6,68.0917,67.9,q2:searched:default_weight_maxabs
resnet18,default_weight_maxabs_searched,searched,mxfp8_e4m3,8,8,67.7086,67.1,q2:searched:default_weight_maxabs
resnet18,default_weight_maxabs_searched,searched,mxfp6_e3m2,6,6,50.6661,50.6,q2:searched:default_weight_maxabs
resnet18,default_weight_maxabs_searched,searched,mxfp4_e2m1,4,le5,0.15,0.1,q2:searched:default_weight_maxabs
resnet18,default_weight_maxabs_searched,searched,posit8_es1,8,8,0.1,0.1,q2:factorial:default_weight_maxabs
resnet18,default_weight_maxabs_searched,searched,posit6_es1,6,6,0.1,0.1,q2:factorial:default_weight_maxabs
resnet18,default_weight_maxabs_searched,searched,posit4_es0,4,le5,0.075,0.0,q2:factorial:default_weight_maxabs
resnet18,default_weight_maxabs_searched,searched,log8,8,8,67.9075,66.8,q2:factorial:default_weight_maxabs
resnet18,default_weight_maxabs_searched,searched,log6,6,6,54.7314,53.9,q2:factorial:default_weight_maxabs
resnet18,default_weight_maxabs_searched,searched,log4,4,le5,0.0425,0.1,q2:factorial:default_weight_maxabs
resnet18,default_weight_maxabs_searched,searched,nf4,4,le5,10.3778,12.0,q2:factorial:default_weight_maxabs
resnet18,default_weight_maxabs_searched,searched,binary_pm1,1,le5,0.1014,0.1,q2:factorial:default_weight_maxabs
resnet18,default_weight_maxabs_searched,searched,ternary,2,le5,0.0841,0.1,q2:factorial:default_weight_maxabs
resnet18,minimal_searched,searched,int8,8,8,69.72,69.4,l1:minimal
resnet18,minimal_searched,searched,int6,6,6,65.8317,65.6,l1:minimal
resnet18,minimal_searched,searched,int5,5,le5,52.1808,51.7,l1:minimal
resnet18,minimal_searched,searched,int4,4,le5,17.1396,18.0,l1:minimal
resnet18,minimal_searched,searched,q1_6,8,8,69.72,69.4,l1:minimal
resnet18,minimal_searched,searched,fp8_e4m3fn,8,8,68.62,68.9,l1:minimal
resnet18,minimal_searched,searched,fp8_e5m2,8,8,62.968,61.6,l1:minimal
resnet18,minimal_searched,searched,fp7_e3m3,7,7,68.415,68.1,l1:minimal
resnet18,minimal_searched,searched,fp6_e3m2,6,6,62.9108,62.1,l1:minimal
resnet18,minimal_searched,searched,fp6_e2m3,6,6,68.001,67.0,l1:minimal
resnet18,minimal_searched,searched,fp5_e2m2,5,le5,56.8791,56.9,l1:minimal
resnet18,minimal_searched,searched,fp4_e2m1,4,le5,19.2266,18.1,l1:minimal
resnet18,minimal_searched,searched,bfp6,6,6,69.045,69.4,l1:minimal
resnet18,minimal_searched,searched,mxfp8_e4m3,8,8,68.7117,68.6,l1:minimal
resnet18,minimal_searched,searched,mxfp6_e3m2,6,6,64.3779,63.9,l1:minimal
resnet18,minimal_searched,searched,mxfp4_e2m1,4,le5,40.0126,40.2,l1:minimal
resnet18,minimal_searched,searched,posit8_es1,8,8,4.3667,4.4,l1:minimal
resnet18,minimal_searched,searched,posit6_es1,6,6,3.75,3.4,l1:minimal
resnet18,minimal_searched,searched,posit4_es0,4,le5,24.0178,24.4,l1:minimal
resnet18,minimal_searched,searched,log8,8,8,68.3567,68.2,l1:minimal
resnet18,minimal_searched,searched,log6,6,6,61.5,61.2,l1:minimal
resnet18,minimal_searched,searched,log4,4,le5,15.0874,13.6,l1:minimal
resnet18,minimal_searched,searched,nf4,4,le5,34.42,33.8,l1:minimal
resnet18,minimal_searched,searched,binary_pm1,1,le5,0.0979,0.1,l1:minimal
resnet18,minimal_searched,searched,ternary,2,le5,0.1,0.1,l1:minimal
resnet18,adaround_bc,strong,int8,8,8,69.5333,69.2,adaround:artifacts/experiment_b2_recon/evals/resnet18/L-bc--w-int8--a-int8--default--fit-mse_per_channel-fp32in-s0
resnet18,adaround_bc,strong,int6,6,6,68.125,67.2,adaround:artifacts/experiment_b2_recon/evals/resnet18/L-bc--w-int6--a-int6--default--fit-mse_per_channel-fp32in-s0
resnet18,adaround_bc,strong,int4,4,le5,2.9974,5.2,adaround:artifacts/experiment_b2_recon/evals/resnet18/L-bc--w-int4--a-int4--default--fit-mse_per_channel-fp32in-s0
resnet18,adaround_bc,strong,fp6_e2m3,6,6,67.8367,67.5,adaround:artifacts/experiment_b2_recon/evals/resnet18/L-bc--w-fp6_e2m3--a-fp6_e2m3--default--fit-mse_per_channel-fp32in-s0
resnet18,adaround_bc,strong,posit8_es1,8,8,69.5533,69.5,adaround:artifacts/experiment_b2_recon/evals/resnet18/L-bc--w-posit8_es1--a-posit8_es1--default--fit-mse_per_channel-fp32in-s0
resnet18,adaround_nobc,strong,int8,8,8,69.6667,69.6,adaround:artifacts/experiment_b2_recon/evals/resnet18/L-nobc--w-int8--a-int8--default_no_bias_correction--fit-mse_per_channel-fp32in-s0
resnet18,adaround_nobc,strong,int6,6,6,65.9817,65.8,adaround:artifacts/experiment_b2_recon/evals/resnet18/L-nobc--w-int6--a-int6--default_no_bias_correction--fit-mse_per_channel-fp32in-s0
resnet18,adaround_nobc,strong,int4,4,le5,24.8258,23.7,adaround:artifacts/experiment_b2_recon/evals/resnet18/L-nobc--w-int4--a-int4--default_no_bias_correction--fit-mse_per_channel-fp32in-s0
resnet18,adaround_nobc,strong,fp6_e2m3,6,6,67.6567,66.7,adaround:artifacts/experiment_b2_recon/evals/resnet18/L-nobc--w-fp6_e2m3--a-fp6_e2m3--default_no_bias_correction--fit-mse_per_channel-fp32in-s0
resnet18,adaround_nobc,strong,posit8_es1,8,8,68.975,68.8,adaround:artifacts/experiment_b2_recon/evals/resnet18/L-nobc--w-posit8_es1--a-posit8_es1--default_no_bias_correction--fit-mse_per_channel-fp32in-s0
resnet18,v1_maxabs,weak,int8,8,8,69.8,69.8,v1_sealed_topk
resnet18,v1_maxabs,weak,int6,6,6,51.5,51.5,v1_sealed_topk
resnet18,v1_maxabs,weak,int4,4,le5,0.2,0.2,v1_sealed_topk
resnet18,v1_maxabs,weak,q1_6,8,8,69.8,69.8,v1_sealed_topk
resnet18,v1_maxabs,weak,fp8_e4m3fn,8,8,69.0,69.0,v1_sealed_topk
resnet18,v1_maxabs,weak,fp8_e5m2,8,8,62.5,62.5,v1_sealed_topk
resnet18,v1_maxabs,weak,fp7_e3m3,7,7,69.7,69.7,v1_sealed_topk
resnet18,v1_maxabs,weak,fp6_e3m2,6,6,65.3,65.3,v1_sealed_topk
resnet18,v1_maxabs,weak,fp6_e2m3,6,6,66.2,66.2,v1_sealed_topk
resnet18,v1_maxabs,weak,bfp6,6,6,68.6,68.6,v1_sealed_topk
resnet18,v1_maxabs,weak,mxfp8_e4m3,8,8,69.1,69.1,v1_sealed_topk
resnet18,v1_maxabs,weak,mxfp6_e3m2,6,6,65.8,65.8,v1_sealed_topk
resnet18,v1_maxabs,weak,mxfp4_e2m1,4,le5,39.8,39.8,v1_sealed_topk
resnet18,v1_maxabs,weak,posit8_es1,8,8,0.6,0.6,v1_sealed_topk
resnet18,v1_maxabs,weak,posit6_es1,6,6,0.5,0.5,v1_sealed_topk
resnet18,v1_maxabs,weak,log8,8,8,66.4,66.4,v1_sealed_topk
resnet18,v1_maxabs,weak,log6,6,6,61.5,61.5,v1_sealed_topk
resnet18,v1_maxabs,weak,nf4,4,le5,1.1,1.1,v1_sealed_topk
resnet18,v1_maxabs,weak,binary_pm1,1,le5,0.2,0.2,v1_sealed_topk
resnet18,v1_maxabs,weak,ternary,2,le5,0.1,0.1,v1_sealed_topk
resnet18,v1_percentile_99_9,weak,int8,8,8,62.4,62.4,v1_sealed_topk
resnet18,v1_percentile_99_9,weak,int6,6,6,60.6,60.6,v1_sealed_topk
resnet18,v1_percentile_99_9,weak,int5,5,le5,52.5,52.5,v1_sealed_topk
resnet18,v1_percentile_99_9,weak,int4,4,le5,8.5,8.5,v1_sealed_topk
resnet18,v1_percentile_99_9,weak,q1_6,8,8,62.4,62.4,v1_sealed_topk
resnet18,v1_percentile_99_9,weak,fp8_e5m2,8,8,55.0,55.0,v1_sealed_topk
resnet18,v1_percentile_99_9,weak,fp6_e3m2,6,6,53.8,53.8,v1_sealed_topk
resnet18,v1_percentile_99_9,weak,fp6_e2m3,6,6,57.3,57.3,v1_sealed_topk
resnet18,v1_percentile_99_9,weak,fp5_e2m2,5,le5,52.5,52.5,v1_sealed_topk
resnet18,v1_percentile_99_9,weak,fp4_e2m1,4,le5,5.0,5.0,v1_sealed_topk
resnet18,v1_percentile_99_9,weak,bfp6,6,6,68.8,68.8,v1_sealed_topk
resnet18,v1_percentile_99_9,weak,mxfp6_e3m2,6,6,63.8,63.8,v1_sealed_topk
resnet18,v1_percentile_99_9,weak,mxfp4_e2m1,4,le5,41.5,41.5,v1_sealed_topk
resnet18,v1_percentile_99_9,weak,posit8_es1,8,8,0.3,0.3,v1_sealed_topk
resnet18,v1_percentile_99_9,weak,posit6_es1,6,6,0.2,0.2,v1_sealed_topk
resnet18,v1_percentile_99_9,weak,posit4_es0,4,le5,12.6,12.6,v1_sealed_topk
resnet18,v1_percentile_99_9,weak,log6,6,6,57.0,57.0,v1_sealed_topk
resnet18,v1_percentile_99_9,weak,log4,4,le5,4.0,4.0,v1_sealed_topk
resnet18,v1_percentile_99_9,weak,nf4,4,le5,35.0,35.0,v1_sealed_topk
resnet18,v1_percentile_99_9,weak,binary_pm1,1,le5,0.1,0.1,v1_sealed_topk
resnet18,v1_percentile_99_9,weak,ternary,2,le5,0.1,0.1,v1_sealed_topk
mobilenet_v2,default,strong,int8,8,8,72.3,72.0,l1:default
mobilenet_v2,default,strong,int6,6,6,70.0983,70.3,l1:default
mobilenet_v2,default,strong,int5,5,le5,32.55,33.5,l1:default
mobilenet_v2,default,strong,int4,4,le5,0.1,0.1,l1:default
mobilenet_v2,default,strong,q1_6,8,8,72.2,72.3,l1:default
mobilenet_v2,default,strong,fp8_e4m3fn,8,8,67.7083,67.9,l1:default
mobilenet_v2,default,strong,fp8_e5m2,8,8,23.2351,24.2,l1:default
mobilenet_v2,default,strong,fp7_e3m3,7,7,67.625,67.3,l1:default
mobilenet_v2,default,strong,fp6_e3m2,6,6,20.8625,21.1,l1:default
mobilenet_v2,default,strong,fp6_e2m3,6,6,66.235,65.4,l1:default
mobilenet_v2,default,strong,fp5_e2m2,5,le5,8.3108,10.1,l1:default
mobilenet_v2,default,strong,fp4_e2m1,4,le5,0.1,0.1,l1:default
mobilenet_v2,default,strong,bfp6,6,6,65.6,65.8,l1:cum5_act_maxabs
mobilenet_v2,default,strong,mxfp8_e4m3,8,8,66.5583,66.9,l1:cum5_act_maxabs
mobilenet_v2,default,strong,mxfp6_e3m2,6,6,8.4292,8.3,l1:cum5_act_maxabs
mobilenet_v2,default,strong,mxfp4_e2m1,4,le5,0.0964,0.1,l1:cum5_act_maxabs
mobilenet_v2,default,strong,posit8_es1,8,8,72.3917,71.9,l1:default
mobilenet_v2,default,strong,posit6_es1,6,6,18.789,19.1,l1:default
mobilenet_v2,default,strong,posit4_es0,4,le5,0.1,0.1,l1:default
mobilenet_v2,default,strong,log8,8,8,68.1733,67.9,l1:default
mobilenet_v2,default,strong,log6,6,6,20.3369,21.1,l1:default
mobilenet_v2,default,strong,log4,4,le5,0.1,0.1,l1:default
mobilenet_v2,default,strong,nf4,4,le5,0.1014,0.2,l1:default
mobilenet_v2,default,strong,binary_pm1,1,le5,0.1,0.1,l1:default
mobilenet_v2,default,strong,ternary,2,le5,0.1,0.1,l1:default
mobilenet_v2,default_signed,strong,int8,8,8,72.2,72.3,q2:factorial:default_signed
mobilenet_v2,default_signed,strong,int6,6,6,66.9668,66.1,q2:factorial:default_signed
mobilenet_v2,default_signed,strong,int5,5,le5,13.1933,14.5,q2:factorial:default_signed
mobilenet_v2,default_signed,strong,int4,4,le5,0.1,0.1,q2:factorial:default_signed
mobilenet_v2,default_signed,strong,q1_6,8,8,72.2,72.3,l1:default
mobilenet_v2,default_signed,strong,fp8_e4m3fn,8,8,67.7083,67.9,l1:default
mobilenet_v2,default_signed,strong,fp8_e5m2,8,8,23.2351,24.2,l1:default
mobilenet_v2,default_signed,strong,fp7_e3m3,7,7,67.625,67.3,l1:default
mobilenet_v2,default_signed,strong,fp6_e3m2,6,6,20.8625,21.1,l1:default
mobilenet_v2,default_signed,strong,fp6_e2m3,6,6,66.235,65.4,l1:default
mobilenet_v2,default_signed,strong,fp5_e2m2,5,le5,8.3108,10.1,l1:default
mobilenet_v2,default_signed,strong,fp4_e2m1,4,le5,0.1,0.1,l1:default
mobilenet_v2,default_signed,strong,bfp6,6,6,65.6,65.8,l1:cum5_act_maxabs
mobilenet_v2,default_signed,strong,mxfp8_e4m3,8,8,66.5583,66.9,l1:cum5_act_maxabs
mobilenet_v2,default_signed,strong,mxfp6_e3m2,6,6,8.4292,8.3,l1:cum5_act_maxabs
mobilenet_v2,default_signed,strong,mxfp4_e2m1,4,le5,0.0964,0.1,l1:cum5_act_maxabs
mobilenet_v2,default_signed,strong,posit8_es1,8,8,72.3917,71.9,l1:default
mobilenet_v2,default_signed,strong,posit6_es1,6,6,18.789,19.1,l1:default
mobilenet_v2,default_signed,strong,posit4_es0,4,le5,0.1,0.1,l1:default
mobilenet_v2,default_signed,strong,log8,8,8,68.1733,67.9,l1:default
mobilenet_v2,default_signed,strong,log6,6,6,20.3369,21.1,l1:default
mobilenet_v2,default_signed,strong,log4,4,le5,0.1,0.1,l1:default
mobilenet_v2,default_signed,strong,nf4,4,le5,0.1014,0.2,l1:default
mobilenet_v2,default_signed,strong,binary_pm1,1,le5,0.1,0.1,l1:default
mobilenet_v2,default_signed,strong,ternary,2,le5,0.1,0.1,l1:default
mobilenet_v2,default_no_bias_correction,strong,int8,8,8,71.9,72.0,q2:factorial:default_no_bias_correction
mobilenet_v2,default_no_bias_correction,strong,int6,6,6,67.1417,66.6,q2:factorial:default_no_bias_correction
mobilenet_v2,default_no_bias_correction,strong,int5,5,le5,36.62,37.3,q2:factorial:default_no_bias_correction
mobilenet_v2,default_no_bias_correction,strong,int4,4,le5,1.1117,1.2,q2:factorial:default_no_bias_correction
mobilenet_v2,default_no_bias_correction,strong,q1_6,8,8,72.2833,72.3,q2:factorial:default_no_bias_correction
mobilenet_v2,default_no_bias_correction,strong,fp8_e4m3fn,8,8,69.9,69.4,q2:factorial:default_no_bias_correction
mobilenet_v2,default_no_bias_correction,strong,fp8_e5m2,8,8,54.4518,54.7,q2:factorial:default_no_bias_correction
mobilenet_v2,default_no_bias_correction,strong,fp7_e3m3,7,7,69.3117,69.2,q2:factorial:default_no_bias_correction
mobilenet_v2,default_no_bias_correction,strong,fp6_e3m2,6,6,49.16,50.1,q2:factorial:default_no_bias_correction
mobilenet_v2,default_no_bias_correction,strong,fp6_e2m3,6,6,67.0167,67.1,q2:factorial:default_no_bias_correction
mobilenet_v2,default_no_bias_correction,strong,fp5_e2m2,5,le5,35.2295,35.8,q2:factorial:default_no_bias_correction
mobilenet_v2,default_no_bias_correction,strong,fp4_e2m1,4,le5,0.196,0.3,q2:factorial:default_no_bias_correction
mobilenet_v2,default_no_bias_correction,strong,bfp6,6,6,63.05,63.2,q2:factorial:rank_intrinsic_no_bias_correction
mobilenet_v2,default_no_bias_correction,strong,mxfp8_e4m3,8,8,65.225,64.9,q2:factorial:rank_intrinsic_no_bias_correction
mobilenet_v2,default_no_bias_correction,strong,mxfp6_e3m2,6,6,42.391,42.7,q2:factorial:rank_intrinsic_no_bias_correction
mobilenet_v2,default_no_bias_correction,strong,mxfp4_e2m1,4,le5,0.1503,0.0,q2:factorial:rank_intrinsic_no_bias_correction
mobilenet_v2,default_no_bias_correction,strong,posit8_es1,8,8,72.1083,72.0,q2:factorial:default_no_bias_correction
mobilenet_v2,default_no_bias_correction,strong,posit6_es1,6,6,54.5011,54.9,q2:factorial:default_no_bias_correction
mobilenet_v2,default_no_bias_correction,strong,posit4_es0,4,le5,1.1317,1.3,q2:factorial:default_no_bias_correction
mobilenet_v2,default_no_bias_correction,strong,log8,8,8,68.72,67.7,q2:factorial:default_no_bias_correction
mobilenet_v2,default_no_bias_correction,strong,log6,6,6,50.5561,50.4,q2:factorial:default_no_bias_correction
mobilenet_v2,default_no_bias_correction,strong,log4,4,le5,0.1334,0.1,q2:factorial:default_no_bias_correction
mobilenet_v2,default_no_bias_correction,strong,nf4,4,le5,1.6963,1.6,q2:factorial:default_no_bias_correction
mobilenet_v2,default_no_bias_correction,strong,binary_pm1,1,le5,0.1,0.1,q2:factorial:default_no_bias_correction
mobilenet_v2,default_no_bias_correction,strong,ternary,2,le5,0.0997,0.1,q2:factorial:default_no_bias_correction
mobilenet_v2,default_weight_maxabs,strong,int8,8,8,72.2,72.0,q2:factorial:default_weight_maxabs
mobilenet_v2,default_weight_maxabs,strong,int6,6,6,71.6833,71.6,q2:factorial:default_weight_maxabs
mobilenet_v2,default_weight_maxabs,strong,int5,5,le5,56.9955,56.5,q2:factorial:default_weight_maxabs
mobilenet_v2,default_weight_maxabs,strong,int4,4,le5,9.3701,10.8,q2:factorial:default_weight_maxabs
mobilenet_v2,default_weight_maxabs,strong,q1_6,8,8,72.45,72.6,q2:factorial:default_weight_maxabs
mobilenet_v2,default_weight_maxabs,strong,fp8_e4m3fn,8,8,67.3083,67.2,q2:factorial:default_weight_maxabs
mobilenet_v2,default_weight_maxabs,strong,fp8_e5m2,8,8,30.6704,31.2,q2:factorial:default_weight_maxabs
mobilenet_v2,default_weight_maxabs,strong,fp7_e3m3,7,7,67.1533,67.1,q2:factorial:default_weight_maxabs
mobilenet_v2,default_weight_maxabs,strong,fp6_e3m2,6,6,27.6,28.0,q2:factorial:default_weight_maxabs
mobilenet_v2,default_weight_maxabs,strong,fp6_e2m3,6,6,67.4417,67.5,q2:factorial:default_weight_maxabs
mobilenet_v2,default_weight_maxabs,strong,fp5_e2m2,5,le5,16.2937,18.4,q2:factorial:default_weight_maxabs
mobilenet_v2,default_weight_maxabs,strong,fp4_e2m1,4,le5,0.1213,0.1,q2:factorial:default_weight_maxabs
mobilenet_v2,default_weight_maxabs,strong,bfp6,6,6,68.1333,68.3,q2:factorial:rank_intrinsic_weight_maxabs
mobilenet_v2,default_weight_maxabs,strong,mxfp8_e4m3,8,8,66.5583,66.9,q2:factorial:rank_intrinsic_weight_maxabs
mobilenet_v2,default_weight_maxabs,strong,mxfp6_e3m2,6,6,8.4667,9.1,q2:factorial:rank_intrinsic_weight_maxabs
mobilenet_v2,default_weight_maxabs,strong,mxfp4_e2m1,4,le5,0.1196,0.1,q2:factorial:rank_intrinsic_weight_maxabs
mobilenet_v2,default_weight_maxabs,strong,posit8_es1,8,8,0.1,0.1,q2:factorial:default_weight_maxabs
mobilenet_v2,default_weight_maxabs,strong,posit6_es1,6,6,0.1,0.1,q2:factorial:default_weight_maxabs
mobilenet_v2,default_weight_maxabs,strong,posit4_es0,4,le5,0.1,0.1,q2:factorial:default_weight_maxabs
mobilenet_v2,default_weight_maxabs,strong,log8,8,8,68.39,67.8,q2:factorial:default_weight_maxabs
mobilenet_v2,default_weight_maxabs,strong,log6,6,6,25.4626,26.1,q2:factorial:default_weight_maxabs
mobilenet_v2,default_weight_maxabs,strong,log4,4,le5,0.1036,0.1,q2:factorial:default_weight_maxabs
mobilenet_v2,default_weight_maxabs,strong,nf4,4,le5,0.1258,0.1,q2:factorial:default_weight_maxabs
mobilenet_v2,default_weight_maxabs,strong,binary_pm1,1,le5,0.0935,0.0,q2:factorial:default_weight_maxabs
mobilenet_v2,default_weight_maxabs,strong,ternary,2,le5,0.098,0.1,q2:factorial:default_weight_maxabs
mobilenet_v2,cum3_act_mse,other,int8,8,8,72.4667,72.3,q2:factorial:cum3_act_mse
mobilenet_v2,cum3_act_mse,other,int6,6,6,66.7067,67.0,q2:factorial:cum3_act_mse
mobilenet_v2,cum3_act_mse,other,int5,5,le5,37.2517,37.9,q2:factorial:cum3_act_mse
mobilenet_v2,cum3_act_mse,other,int4,4,le5,0.7,0.7,q2:factorial:cum3_act_mse
mobilenet_v2,cum3_act_mse,other,q1_6,8,8,72.2833,72.1,l1:minimal
mobilenet_v2,cum3_act_mse,other,fp8_e4m3fn,8,8,66.6833,66.9,l1:minimal
mobilenet_v2,cum3_act_mse,other,fp8_e5m2,8,8,41.9421,42.5,l1:minimal
mobilenet_v2,cum3_act_mse,other,fp7_e3m3,7,7,66.5833,66.9,l1:minimal
mobilenet_v2,cum3_act_mse,other,fp6_e3m2,6,6,42.6117,43.2,l1:minimal
mobilenet_v2,cum3_act_mse,other,fp6_e2m3,6,6,66.631,66.5,l1:minimal
mobilenet_v2,cum3_act_mse,other,fp5_e2m2,5,le5,41.0483,42.2,l1:minimal
mobilenet_v2,cum3_act_mse,other,fp4_e2m1,4,le5,0.2487,0.2,l1:minimal
mobilenet_v2,cum3_act_mse,other,bfp6,6,6,63.9083,64.2,l1:cum1_fused
mobilenet_v2,cum3_act_mse,other,mxfp8_e4m3,8,8,65.225,64.9,l1:cum1_fused
mobilenet_v2,cum3_act_mse,other,mxfp6_e3m2,6,6,41.9001,41.9,l1:cum1_fused
mobilenet_v2,cum3_act_mse,other,mxfp4_e2m1,4,le5,0.2445,0.1,l1:cum1_fused
mobilenet_v2,cum3_act_mse,other,posit8_es1,8,8,0.1,0.1,l1:minimal
mobilenet_v2,cum3_act_mse,other,posit6_es1,6,6,0.1,0.1,l1:minimal
mobilenet_v2,cum3_act_mse,other,posit4_es0,4,le5,0.1308,0.0,l1:minimal
mobilenet_v2,cum3_act_mse,other,log8,8,8,67.4083,67.0,l1:minimal
mobilenet_v2,cum3_act_mse,other,log6,6,6,47.4913,46.7,l1:minimal
mobilenet_v2,cum3_act_mse,other,log4,4,le5,0.1135,0.2,l1:minimal
mobilenet_v2,cum3_act_mse,other,nf4,4,le5,1.4993,1.8,l1:minimal
mobilenet_v2,cum3_act_mse,other,binary_pm1,1,le5,0.1001,0.1,l1:minimal
mobilenet_v2,cum3_act_mse,other,ternary,2,le5,0.1001,0.1,l1:minimal
mobilenet_v2,rank_signed_no_bias_correction,other,int8,8,8,72.2833,72.3,q2:factorial:rank_signed_no_bias_correction
mobilenet_v2,rank_signed_no_bias_correction,other,int6,6,6,66.625,66.2,q2:factorial:rank_signed_no_bias_correction
mobilenet_v2,rank_signed_no_bias_correction,other,int5,5,le5,28.3543,29.3,q2:factorial:rank_signed_no_bias_correction
mobilenet_v2,rank_signed_no_bias_correction,other,int4,4,le5,0.5533,0.6,q2:factorial:rank_signed_no_bias_correction
mobilenet_v2,rank_signed_no_bias_correction,other,q1_6,8,8,72.2833,72.3,q2:factorial:default_no_bias_correction
mobilenet_v2,rank_signed_no_bias_correction,other,fp8_e4m3fn,8,8,69.9,69.4,q2:factorial:default_no_bias_correction
mobilenet_v2,rank_signed_no_bias_correction,other,fp8_e5m2,8,8,54.4518,54.7,q2:factorial:default_no_bias_correction
mobilenet_v2,rank_signed_no_bias_correction,other,fp7_e3m3,7,7,69.3117,69.2,q2:factorial:default_no_bias_correction
mobilenet_v2,rank_signed_no_bias_correction,other,fp6_e3m2,6,6,49.16,50.1,q2:factorial:default_no_bias_correction
mobilenet_v2,rank_signed_no_bias_correction,other,fp6_e2m3,6,6,67.0167,67.1,q2:factorial:default_no_bias_correction
mobilenet_v2,rank_signed_no_bias_correction,other,fp5_e2m2,5,le5,35.2295,35.8,q2:factorial:default_no_bias_correction
mobilenet_v2,rank_signed_no_bias_correction,other,fp4_e2m1,4,le5,0.196,0.3,q2:factorial:default_no_bias_correction
mobilenet_v2,rank_signed_no_bias_correction,other,bfp6,6,6,63.05,63.2,q2:factorial:rank_intrinsic_no_bias_correction
mobilenet_v2,rank_signed_no_bias_correction,other,mxfp8_e4m3,8,8,65.225,64.9,q2:factorial:rank_intrinsic_no_bias_correction
mobilenet_v2,rank_signed_no_bias_correction,other,mxfp6_e3m2,6,6,42.391,42.7,q2:factorial:rank_intrinsic_no_bias_correction
mobilenet_v2,rank_signed_no_bias_correction,other,mxfp4_e2m1,4,le5,0.1503,0.0,q2:factorial:rank_intrinsic_no_bias_correction
mobilenet_v2,rank_signed_no_bias_correction,other,posit8_es1,8,8,72.1083,72.0,q2:factorial:default_no_bias_correction
mobilenet_v2,rank_signed_no_bias_correction,other,posit6_es1,6,6,54.5011,54.9,q2:factorial:default_no_bias_correction
mobilenet_v2,rank_signed_no_bias_correction,other,posit4_es0,4,le5,1.1317,1.3,q2:factorial:default_no_bias_correction
mobilenet_v2,rank_signed_no_bias_correction,other,log8,8,8,68.72,67.7,q2:factorial:default_no_bias_correction
mobilenet_v2,rank_signed_no_bias_correction,other,log6,6,6,50.5561,50.4,q2:factorial:default_no_bias_correction
mobilenet_v2,rank_signed_no_bias_correction,other,log4,4,le5,0.1334,0.1,q2:factorial:default_no_bias_correction
mobilenet_v2,rank_signed_no_bias_correction,other,nf4,4,le5,1.6963,1.6,q2:factorial:default_no_bias_correction
mobilenet_v2,rank_signed_no_bias_correction,other,binary_pm1,1,le5,0.1,0.1,q2:factorial:default_no_bias_correction
mobilenet_v2,rank_signed_no_bias_correction,other,ternary,2,le5,0.0997,0.1,q2:factorial:default_no_bias_correction
mobilenet_v2,rank_signed_weight_maxabs,other,int8,8,8,72.45,72.6,q2:factorial:rank_signed_weight_maxabs
mobilenet_v2,rank_signed_weight_maxabs,other,int6,6,6,68.8708,68.4,q2:factorial:rank_signed_weight_maxabs
mobilenet_v2,rank_signed_weight_maxabs,other,int5,5,le5,28.7016,30.1,q2:factorial:rank_signed_weight_maxabs
mobilenet_v2,rank_signed_weight_maxabs,other,int4,4,le5,0.5206,0.9,q2:factorial:rank_signed_weight_maxabs
mobilenet_v2,rank_signed_weight_maxabs,other,q1_6,8,8,72.45,72.6,q2:factorial:default_weight_maxabs
mobilenet_v2,rank_signed_weight_maxabs,other,fp8_e4m3fn,8,8,67.3083,67.2,q2:factorial:default_weight_maxabs
mobilenet_v2,rank_signed_weight_maxabs,other,fp8_e5m2,8,8,30.6704,31.2,q2:factorial:default_weight_maxabs
mobilenet_v2,rank_signed_weight_maxabs,other,fp7_e3m3,7,7,67.1533,67.1,q2:factorial:default_weight_maxabs
mobilenet_v2,rank_signed_weight_maxabs,other,fp6_e3m2,6,6,27.6,28.0,q2:factorial:default_weight_maxabs
mobilenet_v2,rank_signed_weight_maxabs,other,fp6_e2m3,6,6,67.4417,67.5,q2:factorial:default_weight_maxabs
mobilenet_v2,rank_signed_weight_maxabs,other,fp5_e2m2,5,le5,16.2937,18.4,q2:factorial:default_weight_maxabs
mobilenet_v2,rank_signed_weight_maxabs,other,fp4_e2m1,4,le5,0.1213,0.1,q2:factorial:default_weight_maxabs
mobilenet_v2,rank_signed_weight_maxabs,other,bfp6,6,6,68.1333,68.3,q2:factorial:rank_intrinsic_weight_maxabs
mobilenet_v2,rank_signed_weight_maxabs,other,mxfp8_e4m3,8,8,66.5583,66.9,q2:factorial:rank_intrinsic_weight_maxabs
mobilenet_v2,rank_signed_weight_maxabs,other,mxfp6_e3m2,6,6,8.4667,9.1,q2:factorial:rank_intrinsic_weight_maxabs
mobilenet_v2,rank_signed_weight_maxabs,other,mxfp4_e2m1,4,le5,0.1196,0.1,q2:factorial:rank_intrinsic_weight_maxabs
mobilenet_v2,rank_signed_weight_maxabs,other,posit8_es1,8,8,0.1,0.1,q2:factorial:default_weight_maxabs
mobilenet_v2,rank_signed_weight_maxabs,other,posit6_es1,6,6,0.1,0.1,q2:factorial:default_weight_maxabs
mobilenet_v2,rank_signed_weight_maxabs,other,posit4_es0,4,le5,0.1,0.1,q2:factorial:default_weight_maxabs
mobilenet_v2,rank_signed_weight_maxabs,other,log8,8,8,68.39,67.8,q2:factorial:default_weight_maxabs
mobilenet_v2,rank_signed_weight_maxabs,other,log6,6,6,25.4626,26.1,q2:factorial:default_weight_maxabs
mobilenet_v2,rank_signed_weight_maxabs,other,log4,4,le5,0.1036,0.1,q2:factorial:default_weight_maxabs
mobilenet_v2,rank_signed_weight_maxabs,other,nf4,4,le5,0.1258,0.1,q2:factorial:default_weight_maxabs
mobilenet_v2,rank_signed_weight_maxabs,other,binary_pm1,1,le5,0.0935,0.0,q2:factorial:default_weight_maxabs
mobilenet_v2,rank_signed_weight_maxabs,other,ternary,2,le5,0.098,0.1,q2:factorial:default_weight_maxabs
mobilenet_v2,minimal,other,int8,8,8,72.2833,72.1,l1:minimal
mobilenet_v2,minimal,other,int6,6,6,66.3083,66.2,l1:minimal
mobilenet_v2,minimal,other,int5,5,le5,31.4658,33.1,l1:minimal
mobilenet_v2,minimal,other,int4,4,le5,0.4681,0.4,l1:minimal
mobilenet_v2,minimal,other,q1_6,8,8,72.2833,72.1,l1:minimal
mobilenet_v2,minimal,other,fp8_e4m3fn,8,8,66.6833,66.9,l1:minimal
mobilenet_v2,minimal,other,fp8_e5m2,8,8,41.9421,42.5,l1:minimal
mobilenet_v2,minimal,other,fp7_e3m3,7,7,66.5833,66.9,l1:minimal
mobilenet_v2,minimal,other,fp6_e3m2,6,6,42.6117,43.2,l1:minimal
mobilenet_v2,minimal,other,fp6_e2m3,6,6,66.631,66.5,l1:minimal
mobilenet_v2,minimal,other,fp5_e2m2,5,le5,41.0483,42.2,l1:minimal
mobilenet_v2,minimal,other,fp4_e2m1,4,le5,0.2487,0.2,l1:minimal
mobilenet_v2,minimal,other,bfp6,6,6,63.9083,64.2,l1:cum1_fused
mobilenet_v2,minimal,other,mxfp8_e4m3,8,8,65.225,64.9,l1:cum1_fused
mobilenet_v2,minimal,other,mxfp6_e3m2,6,6,41.9001,41.9,l1:cum1_fused
mobilenet_v2,minimal,other,mxfp4_e2m1,4,le5,0.2445,0.1,l1:cum1_fused
mobilenet_v2,minimal,other,posit8_es1,8,8,0.1,0.1,l1:minimal
mobilenet_v2,minimal,other,posit6_es1,6,6,0.1,0.1,l1:minimal
mobilenet_v2,minimal,other,posit4_es0,4,le5,0.1308,0.0,l1:minimal
mobilenet_v2,minimal,other,log8,8,8,67.4083,67.0,l1:minimal
mobilenet_v2,minimal,other,log6,6,6,47.4913,46.7,l1:minimal
mobilenet_v2,minimal,other,log4,4,le5,0.1135,0.2,l1:minimal
mobilenet_v2,minimal,other,nf4,4,le5,1.4993,1.8,l1:minimal
mobilenet_v2,minimal,other,binary_pm1,1,le5,0.1001,0.1,l1:minimal
mobilenet_v2,minimal,other,ternary,2,le5,0.1001,0.1,l1:minimal
mobilenet_v2,default_unsigned,strong,int8,8,8,72.3,72.0,l1:default
mobilenet_v2,default_unsigned,strong,int6,6,6,70.0983,70.3,l1:default
mobilenet_v2,default_unsigned,strong,int5,5,le5,32.55,33.5,l1:default
mobilenet_v2,default_unsigned,strong,int4,4,le5,0.1,0.1,l1:default
mobilenet_v2,default_unsigned,strong,q1_6,8,8,72.2,72.3,l1:default
mobilenet_v2,default_unsigned,strong,fp8_e4m3fn,8,8,70.1783,69.5,q2:unsigned:default:unsigned
mobilenet_v2,default_unsigned,strong,fp8_e5m2,8,8,48.795,49.5,q2:unsigned:default:unsigned
mobilenet_v2,default_unsigned,strong,fp7_e3m3,7,7,69.7833,69.3,q2:unsigned:default:unsigned
mobilenet_v2,default_unsigned,strong,fp6_e3m2,6,6,55.7986,55.6,q2:unsigned:default:unsigned
mobilenet_v2,default_unsigned,strong,fp6_e2m3,6,6,70.425,69.9,q2:unsigned:default:unsigned
mobilenet_v2,default_unsigned,strong,fp5_e2m2,5,le5,33.2344,36.7,q2:unsigned:default:unsigned
mobilenet_v2,default_unsigned,strong,fp4_e2m1,4,le5,0.1042,0.1,q2:unsigned:default:unsigned
mobilenet_v2,default_unsigned,strong,bfp6,6,6,69.525,69.0,q2:unsigned:cum5_act_maxabs:unsigned
mobilenet_v2,default_unsigned,strong,mxfp8_e4m3,8,8,68.7,68.5,q2:unsigned:cum5_act_maxabs:unsigned
mobilenet_v2,default_unsigned,strong,mxfp6_e3m2,6,6,30.4333,31.6,q2:unsigned:cum5_act_maxabs:unsigned
mobilenet_v2,default_unsigned,strong,mxfp4_e2m1,4,le5,0.0875,0.1,q2:unsigned:cum5_act_maxabs:unsigned
mobilenet_v2,default_unsigned,strong,posit8_es1,8,8,72.6833,72.5,q2:unsigned:default:unsigned
mobilenet_v2,default_unsigned,strong,posit6_es1,6,6,42.745,45.2,q2:unsigned:default:unsigned
mobilenet_v2,default_unsigned,strong,posit4_es0,4,le5,0.1013,0.1,q2:unsigned:default:unsigned
mobilenet_v2,default_unsigned,strong,log8,8,8,70.8867,70.7,q2:unsigned:default:unsigned
mobilenet_v2,default_unsigned,strong,log6,6,6,54.4542,54.6,q2:unsigned:default:unsigned
mobilenet_v2,default_unsigned,strong,log4,4,le5,0.1,0.1,q2:unsigned:default:unsigned
mobilenet_v2,default_unsigned,strong,nf4,4,le5,0.1014,0.2,l1:default
mobilenet_v2,default_unsigned,strong,binary_pm1,1,le5,0.1,0.1,l1:default
mobilenet_v2,default_unsigned,strong,ternary,2,le5,0.1,0.1,l1:default
mobilenet_v2,default_searched,searched,int8,8,8,72.3,72.0,l1:default
mobilenet_v2,default_searched,searched,int6,6,6,70.0983,70.3,l1:default
mobilenet_v2,default_searched,searched,int5,5,le5,32.55,33.5,l1:default
mobilenet_v2,default_searched,searched,int4,4,le5,0.1,0.1,l1:default
mobilenet_v2,default_searched,searched,q1_6,8,8,72.2,72.3,l1:default
mobilenet_v2,default_searched,searched,fp8_e4m3fn,8,8,67.7083,67.9,l1:default
mobilenet_v2,default_searched,searched,fp8_e5m2,8,8,23.2351,24.2,l1:default
mobilenet_v2,default_searched,searched,fp7_e3m3,7,7,67.625,67.3,l1:default
mobilenet_v2,default_searched,searched,fp6_e3m2,6,6,20.8625,21.1,l1:default
mobilenet_v2,default_searched,searched,fp6_e2m3,6,6,66.235,65.4,l1:default
mobilenet_v2,default_searched,searched,fp5_e2m2,5,le5,8.3108,10.1,l1:default
mobilenet_v2,default_searched,searched,fp4_e2m1,4,le5,0.1,0.1,l1:default
mobilenet_v2,default_searched,searched,bfp6,6,6,61.5167,61.2,l1:default
mobilenet_v2,default_searched,searched,mxfp8_e4m3,8,8,66.75,66.6,l1:default
mobilenet_v2,default_searched,searched,mxfp6_e3m2,6,6,7.2333,7.6,l1:default
mobilenet_v2,default_searched,searched,mxfp4_e2m1,4,le5,0.0982,0.1,l1:default
mobilenet_v2,default_searched,searched,posit8_es1,8,8,72.3917,71.9,l1:default
mobilenet_v2,default_searched,searched,posit6_es1,6,6,18.789,19.1,l1:default
mobilenet_v2,default_searched,searched,posit4_es0,4,le5,0.1,0.1,l1:default
mobilenet_v2,default_searched,searched,log8,8,8,68.1733,67.9,l1:default
mobilenet_v2,default_searched,searched,log6,6,6,20.3369,21.1,l1:default
mobilenet_v2,default_searched,searched,log4,4,le5,0.1,0.1,l1:default
mobilenet_v2,default_searched,searched,nf4,4,le5,0.1014,0.2,l1:default
mobilenet_v2,default_searched,searched,binary_pm1,1,le5,0.1,0.1,l1:default
mobilenet_v2,default_searched,searched,ternary,2,le5,0.1,0.1,l1:default
mobilenet_v2,default_no_bias_correction_searched,searched,int8,8,8,71.9,72.0,q2:factorial:default_no_bias_correction
mobilenet_v2,default_no_bias_correction_searched,searched,int6,6,6,67.1417,66.6,q2:factorial:default_no_bias_correction
mobilenet_v2,default_no_bias_correction_searched,searched,int5,5,le5,36.62,37.3,q2:factorial:default_no_bias_correction
mobilenet_v2,default_no_bias_correction_searched,searched,int4,4,le5,1.1117,1.2,q2:factorial:default_no_bias_correction
mobilenet_v2,default_no_bias_correction_searched,searched,q1_6,8,8,72.2833,72.3,q2:factorial:default_no_bias_correction
mobilenet_v2,default_no_bias_correction_searched,searched,fp8_e4m3fn,8,8,69.9,69.4,q2:factorial:default_no_bias_correction
mobilenet_v2,default_no_bias_correction_searched,searched,fp8_e5m2,8,8,54.4518,54.7,q2:factorial:default_no_bias_correction
mobilenet_v2,default_no_bias_correction_searched,searched,fp7_e3m3,7,7,69.3117,69.2,q2:factorial:default_no_bias_correction
mobilenet_v2,default_no_bias_correction_searched,searched,fp6_e3m2,6,6,49.16,50.1,q2:factorial:default_no_bias_correction
mobilenet_v2,default_no_bias_correction_searched,searched,fp6_e2m3,6,6,67.0167,67.1,q2:factorial:default_no_bias_correction
mobilenet_v2,default_no_bias_correction_searched,searched,fp5_e2m2,5,le5,35.2295,35.8,q2:factorial:default_no_bias_correction
mobilenet_v2,default_no_bias_correction_searched,searched,fp4_e2m1,4,le5,0.196,0.3,q2:factorial:default_no_bias_correction
mobilenet_v2,default_no_bias_correction_searched,searched,posit8_es1,8,8,72.1083,72.0,q2:factorial:default_no_bias_correction
mobilenet_v2,default_no_bias_correction_searched,searched,posit6_es1,6,6,54.5011,54.9,q2:factorial:default_no_bias_correction
mobilenet_v2,default_no_bias_correction_searched,searched,posit4_es0,4,le5,1.1317,1.3,q2:factorial:default_no_bias_correction
mobilenet_v2,default_no_bias_correction_searched,searched,log8,8,8,68.72,67.7,q2:factorial:default_no_bias_correction
mobilenet_v2,default_no_bias_correction_searched,searched,log6,6,6,50.5561,50.4,q2:factorial:default_no_bias_correction
mobilenet_v2,default_no_bias_correction_searched,searched,log4,4,le5,0.1334,0.1,q2:factorial:default_no_bias_correction
mobilenet_v2,default_no_bias_correction_searched,searched,nf4,4,le5,1.6963,1.6,q2:factorial:default_no_bias_correction
mobilenet_v2,default_no_bias_correction_searched,searched,binary_pm1,1,le5,0.1,0.1,q2:factorial:default_no_bias_correction
mobilenet_v2,default_no_bias_correction_searched,searched,ternary,2,le5,0.0997,0.1,q2:factorial:default_no_bias_correction
mobilenet_v2,default_weight_maxabs_searched,searched,int8,8,8,72.2,72.0,q2:factorial:default_weight_maxabs
mobilenet_v2,default_weight_maxabs_searched,searched,int6,6,6,71.6833,71.6,q2:factorial:default_weight_maxabs
mobilenet_v2,default_weight_maxabs_searched,searched,int5,5,le5,56.9955,56.5,q2:factorial:default_weight_maxabs
mobilenet_v2,default_weight_maxabs_searched,searched,int4,4,le5,9.3701,10.8,q2:factorial:default_weight_maxabs
mobilenet_v2,default_weight_maxabs_searched,searched,q1_6,8,8,72.45,72.6,q2:factorial:default_weight_maxabs
mobilenet_v2,default_weight_maxabs_searched,searched,fp8_e4m3fn,8,8,67.3083,67.2,q2:factorial:default_weight_maxabs
mobilenet_v2,default_weight_maxabs_searched,searched,fp8_e5m2,8,8,30.6704,31.2,q2:factorial:default_weight_maxabs
mobilenet_v2,default_weight_maxabs_searched,searched,fp7_e3m3,7,7,67.1533,67.1,q2:factorial:default_weight_maxabs
mobilenet_v2,default_weight_maxabs_searched,searched,fp6_e3m2,6,6,27.6,28.0,q2:factorial:default_weight_maxabs
mobilenet_v2,default_weight_maxabs_searched,searched,fp6_e2m3,6,6,67.4417,67.5,q2:factorial:default_weight_maxabs
mobilenet_v2,default_weight_maxabs_searched,searched,fp5_e2m2,5,le5,16.2937,18.4,q2:factorial:default_weight_maxabs
mobilenet_v2,default_weight_maxabs_searched,searched,fp4_e2m1,4,le5,0.1213,0.1,q2:factorial:default_weight_maxabs
mobilenet_v2,default_weight_maxabs_searched,searched,posit8_es1,8,8,0.1,0.1,q2:factorial:default_weight_maxabs
mobilenet_v2,default_weight_maxabs_searched,searched,posit6_es1,6,6,0.1,0.1,q2:factorial:default_weight_maxabs
mobilenet_v2,default_weight_maxabs_searched,searched,posit4_es0,4,le5,0.1,0.1,q2:factorial:default_weight_maxabs
mobilenet_v2,default_weight_maxabs_searched,searched,log8,8,8,68.39,67.8,q2:factorial:default_weight_maxabs
mobilenet_v2,default_weight_maxabs_searched,searched,log6,6,6,25.4626,26.1,q2:factorial:default_weight_maxabs
mobilenet_v2,default_weight_maxabs_searched,searched,log4,4,le5,0.1036,0.1,q2:factorial:default_weight_maxabs
mobilenet_v2,default_weight_maxabs_searched,searched,nf4,4,le5,0.1258,0.1,q2:factorial:default_weight_maxabs
mobilenet_v2,default_weight_maxabs_searched,searched,binary_pm1,1,le5,0.0935,0.0,q2:factorial:default_weight_maxabs
mobilenet_v2,default_weight_maxabs_searched,searched,ternary,2,le5,0.098,0.1,q2:factorial:default_weight_maxabs
mobilenet_v2,minimal_searched,searched,int8,8,8,72.2833,72.1,l1:minimal
mobilenet_v2,minimal_searched,searched,int6,6,6,66.3083,66.2,l1:minimal
mobilenet_v2,minimal_searched,searched,int5,5,le5,31.4658,33.1,l1:minimal
mobilenet_v2,minimal_searched,searched,int4,4,le5,0.4681,0.4,l1:minimal
mobilenet_v2,minimal_searched,searched,q1_6,8,8,72.2833,72.1,l1:minimal
mobilenet_v2,minimal_searched,searched,fp8_e4m3fn,8,8,66.6833,66.9,l1:minimal
mobilenet_v2,minimal_searched,searched,fp8_e5m2,8,8,41.9421,42.5,l1:minimal
mobilenet_v2,minimal_searched,searched,fp7_e3m3,7,7,66.5833,66.9,l1:minimal
mobilenet_v2,minimal_searched,searched,fp6_e3m2,6,6,42.6117,43.2,l1:minimal
mobilenet_v2,minimal_searched,searched,fp6_e2m3,6,6,66.631,66.5,l1:minimal
mobilenet_v2,minimal_searched,searched,fp5_e2m2,5,le5,41.0483,42.2,l1:minimal
mobilenet_v2,minimal_searched,searched,fp4_e2m1,4,le5,0.2487,0.2,l1:minimal
mobilenet_v2,minimal_searched,searched,bfp6,6,6,62.9833,62.5,l1:minimal
mobilenet_v2,minimal_searched,searched,mxfp8_e4m3,8,8,65.225,64.9,l1:minimal
mobilenet_v2,minimal_searched,searched,mxfp6_e3m2,6,6,41.9269,42.1,l1:minimal
mobilenet_v2,minimal_searched,searched,mxfp4_e2m1,4,le5,0.2419,0.3,l1:minimal
mobilenet_v2,minimal_searched,searched,posit8_es1,8,8,0.1,0.1,l1:minimal
mobilenet_v2,minimal_searched,searched,posit6_es1,6,6,0.1,0.1,l1:minimal
mobilenet_v2,minimal_searched,searched,posit4_es0,4,le5,0.1308,0.0,l1:minimal
mobilenet_v2,minimal_searched,searched,log8,8,8,67.4083,67.0,l1:minimal
mobilenet_v2,minimal_searched,searched,log6,6,6,47.4913,46.7,l1:minimal
mobilenet_v2,minimal_searched,searched,log4,4,le5,0.1135,0.2,l1:minimal
mobilenet_v2,minimal_searched,searched,nf4,4,le5,1.4993,1.8,l1:minimal
mobilenet_v2,minimal_searched,searched,binary_pm1,1,le5,0.1001,0.1,l1:minimal
mobilenet_v2,minimal_searched,searched,ternary,2,le5,0.1001,0.1,l1:minimal
mobilenet_v2,adaround_bc,strong,int8,8,8,72.25,72.0,adaround:artifacts/experiment_b2_recon/evals/mobilenet_v2/L-bc--w-int8--a-int8--default--fit-mse_per_channel-fp32in-s0
mobilenet_v2,adaround_bc,strong,int6,6,6,70.4333,70.1,adaround:artifacts/experiment_b2_recon/evals/mobilenet_v2/L-bc--w-int6--a-int6--default--fit-mse_per_channel-fp32in-s0
mobilenet_v2,adaround_bc,strong,int4,4,le5,0.2311,0.4,adaround:artifacts/experiment_b2_recon/evals/mobilenet_v2/L-bc--w-int4--a-int4--default--fit-mse_per_channel-fp32in-s0
mobilenet_v2,adaround_bc,strong,fp6_e2m3,6,6,68.825,68.4,adaround:artifacts/experiment_b2_recon/evals/mobilenet_v2/L-bc--w-fp6_e2m3--a-fp6_e2m3--default--fit-mse_per_channel-fp32in-s0
mobilenet_v2,adaround_bc,strong,posit8_es1,8,8,71.975,72.4,adaround:artifacts/experiment_b2_recon/evals/mobilenet_v2/L-bc--w-posit8_es1--a-posit8_es1--default--fit-mse_per_channel-fp32in-s0
mobilenet_v2,adaround_nobc,strong,int8,8,8,72.1,72.1,adaround:artifacts/experiment_b2_recon/evals/mobilenet_v2/L-nobc--w-int8--a-int8--default_no_bias_correction--fit-mse_per_channel-fp32in-s0
mobilenet_v2,adaround_nobc,strong,int6,6,6,69.7033,69.7,adaround:artifacts/experiment_b2_recon/evals/mobilenet_v2/L-nobc--w-int6--a-int6--default_no_bias_correction--fit-mse_per_channel-fp32in-s0
mobilenet_v2,adaround_nobc,strong,int4,4,le5,27.1815,25.6,adaround:artifacts/experiment_b2_recon/evals/mobilenet_v2/L-nobc--w-int4--a-int4--default_no_bias_correction--fit-mse_per_channel-fp32in-s0
mobilenet_v2,adaround_nobc,strong,fp6_e2m3,6,6,70.95,70.4,adaround:artifacts/experiment_b2_recon/evals/mobilenet_v2/L-nobc--w-fp6_e2m3--a-fp6_e2m3--default_no_bias_correction--fit-mse_per_channel-fp32in-s0
mobilenet_v2,adaround_nobc,strong,posit8_es1,8,8,72.25,72.1,adaround:artifacts/experiment_b2_recon/evals/mobilenet_v2/L-nobc--w-posit8_es1--a-posit8_es1--default_no_bias_correction--fit-mse_per_channel-fp32in-s0
mobilenet_v2,v1_maxabs,weak,int8,8,8,66.5,66.5,v1_sealed_topk
mobilenet_v2,v1_maxabs,weak,int6,6,6,0.3,0.3,v1_sealed_topk
mobilenet_v2,v1_maxabs,weak,int5,5,le5,0.1,0.1,v1_sealed_topk
mobilenet_v2,v1_maxabs,weak,int4,4,le5,0.0,0.0,v1_sealed_topk
mobilenet_v2,v1_maxabs,weak,q1_6,8,8,66.5,66.5,v1_sealed_topk
mobilenet_v2,v1_maxabs,weak,fp8_e4m3fn,8,8,65.7,65.7,v1_sealed_topk
mobilenet_v2,v1_maxabs,weak,fp8_e5m2,8,8,29.7,29.7,v1_sealed_topk
mobilenet_v2,v1_maxabs,weak,fp7_e3m3,7,7,65.0,65.0,v1_sealed_topk
mobilenet_v2,v1_maxabs,weak,fp6_e3m2,6,6,35.6,35.6,v1_sealed_topk
mobilenet_v2,v1_maxabs,weak,fp6_e2m3,6,6,10.2,10.2,v1_sealed_topk
mobilenet_v2,v1_maxabs,weak,fp4_e2m1,4,le5,0.1,0.1,v1_sealed_topk
mobilenet_v2,v1_maxabs,weak,bfp6,6,6,60.3,60.3,v1_sealed_topk
mobilenet_v2,v1_maxabs,weak,mxfp8_e4m3,8,8,65.8,65.8,v1_sealed_topk
mobilenet_v2,v1_maxabs,weak,mxfp6_e3m2,6,6,41.4,41.4,v1_sealed_topk
mobilenet_v2,v1_maxabs,weak,mxfp4_e2m1,4,le5,0.1,0.1,v1_sealed_topk
mobilenet_v2,v1_maxabs,weak,posit8_es1,8,8,0.0,0.0,v1_sealed_topk
mobilenet_v2,v1_maxabs,weak,posit6_es1,6,6,0.2,0.2,v1_sealed_topk
mobilenet_v2,v1_maxabs,weak,posit4_es0,4,le5,0.1,0.1,v1_sealed_topk
mobilenet_v2,v1_maxabs,weak,log8,8,8,60.9,60.9,v1_sealed_topk
mobilenet_v2,v1_maxabs,weak,log4,4,le5,0.0,0.0,v1_sealed_topk
mobilenet_v2,v1_maxabs,weak,nf4,4,le5,0.1,0.1,v1_sealed_topk
mobilenet_v2,v1_maxabs,weak,binary_pm1,1,le5,0.1,0.1,v1_sealed_topk
mobilenet_v2,v1_maxabs,weak,ternary,2,le5,0.1,0.1,v1_sealed_topk
mobilenet_v2,v1_percentile_99_9,weak,int8,8,8,66.4,66.4,v1_sealed_topk
mobilenet_v2,v1_percentile_99_9,weak,int6,6,6,51.9,51.9,v1_sealed_topk
mobilenet_v2,v1_percentile_99_9,weak,int5,5,le5,2.2,2.2,v1_sealed_topk
mobilenet_v2,v1_percentile_99_9,weak,int4,4,le5,0.1,0.1,v1_sealed_topk
mobilenet_v2,v1_percentile_99_9,weak,q1_6,8,8,66.4,66.4,v1_sealed_topk
mobilenet_v2,v1_percentile_99_9,weak,fp8_e4m3fn,8,8,56.5,56.5,v1_sealed_topk
mobilenet_v2,v1_percentile_99_9,weak,fp7_e3m3,7,7,56.7,56.7,v1_sealed_topk
mobilenet_v2,v1_percentile_99_9,weak,fp6_e3m2,6,6,25.1,25.1,v1_sealed_topk
mobilenet_v2,v1_percentile_99_9,weak,fp6_e2m3,6,6,54.6,54.6,v1_sealed_topk
mobilenet_v2,v1_percentile_99_9,weak,fp5_e2m2,5,le5,8.7,8.7,v1_sealed_topk
mobilenet_v2,v1_percentile_99_9,weak,fp4_e2m1,4,le5,0.0,0.0,v1_sealed_topk
mobilenet_v2,v1_percentile_99_9,weak,bfp6,6,6,61.7,61.7,v1_sealed_topk
mobilenet_v2,v1_percentile_99_9,weak,mxfp6_e3m2,6,6,41.7,41.7,v1_sealed_topk
mobilenet_v2,v1_percentile_99_9,weak,mxfp4_e2m1,4,le5,0.1,0.1,v1_sealed_topk
mobilenet_v2,v1_percentile_99_9,weak,posit8_es1,8,8,0.0,0.0,v1_sealed_topk
mobilenet_v2,v1_percentile_99_9,weak,posit6_es1,6,6,0.2,0.2,v1_sealed_topk
mobilenet_v2,v1_percentile_99_9,weak,posit4_es0,4,le5,0.4,0.4,v1_sealed_topk
mobilenet_v2,v1_percentile_99_9,weak,log8,8,8,58.9,58.9,v1_sealed_topk
mobilenet_v2,v1_percentile_99_9,weak,log6,6,6,33.7,33.7,v1_sealed_topk
mobilenet_v2,v1_percentile_99_9,weak,log4,4,le5,0.1,0.1,v1_sealed_topk
mobilenet_v2,v1_percentile_99_9,weak,nf4,4,le5,0.2,0.2,v1_sealed_topk
mobilenet_v2,v1_percentile_99_9,weak,binary_pm1,1,le5,0.0,0.0,v1_sealed_topk
mobilenet_v2,v1_percentile_99_9,weak,ternary,2,le5,0.1,0.1,v1_sealed_topk
mobilenet_v3_large,default,strong,int8,8,8,71.6,71.5,l1:default
mobilenet_v3_large,default,strong,int6,6,6,20.9952,20.9,l1:default
mobilenet_v3_large,default,strong,int5,5,le5,8.0592,9.0,l1:default
mobilenet_v3_large,default,strong,int4,4,le5,0.1032,0.1,l1:default
mobilenet_v3_large,default,strong,q1_6,8,8,71.9667,72.1,l1:default
mobilenet_v3_large,default,strong,fp8_e4m3fn,8,8,71.6583,71.5,l1:default
mobilenet_v3_large,default,strong,fp8_e5m2,8,8,46.5743,46.2,l1:default
mobilenet_v3_large,default,strong,fp7_e3m3,7,7,71.125,71.3,l1:default
mobilenet_v3_large,default,strong,fp6_e3m2,6,6,44.5736,44.9,l1:default
mobilenet_v3_large,default,strong,fp6_e2m3,6,6,58.425,58.5,l1:default
mobilenet_v3_large,default,strong,fp5_e2m2,5,le5,10.6253,10.5,l1:default
mobilenet_v3_large,default,strong,fp4_e2m1,4,le5,0.123,0.2,l1:default
mobilenet_v3_large,default,strong,bfp6,6,6,56.6,56.2,l1:cum5_act_maxabs
mobilenet_v3_large,default,strong,mxfp8_e4m3,8,8,70.0617,70.0,l1:cum5_act_maxabs
mobilenet_v3_large,default,strong,mxfp6_e3m2,6,6,44.9067,45.5,l1:cum5_act_maxabs
mobilenet_v3_large,default,strong,mxfp4_e2m1,4,le5,0.4532,0.4,l1:cum5_act_maxabs
mobilenet_v3_large,default,strong,posit8_es1,8,8,73.3583,72.8,l1:default
mobilenet_v3_large,default,strong,posit6_es1,6,6,42.91,43.7,l1:default
mobilenet_v3_large,default,strong,posit4_es0,4,le5,0.1145,0.1,l1:default
mobilenet_v3_large,default,strong,log8,8,8,69.8333,69.5,l1:default
mobilenet_v3_large,default,strong,log6,6,6,53.1583,54.2,l1:default
mobilenet_v3_large,default,strong,log4,4,le5,0.0756,0.0,l1:default
mobilenet_v3_large,default,strong,nf4,4,le5,2.1693,2.0,l1:default
mobilenet_v3_large,default,strong,binary_pm1,1,le5,0.099,0.1,l1:default
mobilenet_v3_large,default,strong,ternary,2,le5,0.1,0.1,l1:default
mobilenet_v3_large,default_signed,strong,int8,8,8,71.9667,72.1,q2:factorial:default_signed
mobilenet_v3_large,default_signed,strong,int6,6,6,14.7668,15.4,q2:factorial:default_signed
mobilenet_v3_large,default_signed,strong,int5,5,le5,3.5344,3.7,q2:factorial:default_signed
mobilenet_v3_large,default_signed,strong,int4,4,le5,0.0829,0.1,q2:factorial:default_signed
mobilenet_v3_large,default_signed,strong,q1_6,8,8,71.9667,72.1,l1:default
mobilenet_v3_large,default_signed,strong,fp8_e4m3fn,8,8,71.6583,71.5,l1:default
mobilenet_v3_large,default_signed,strong,fp8_e5m2,8,8,46.5743,46.2,l1:default
mobilenet_v3_large,default_signed,strong,fp7_e3m3,7,7,71.125,71.3,l1:default
mobilenet_v3_large,default_signed,strong,fp6_e3m2,6,6,44.5736,44.9,l1:default
mobilenet_v3_large,default_signed,strong,fp6_e2m3,6,6,58.425,58.5,l1:default
mobilenet_v3_large,default_signed,strong,fp5_e2m2,5,le5,10.6253,10.5,l1:default
mobilenet_v3_large,default_signed,strong,fp4_e2m1,4,le5,0.123,0.2,l1:default
mobilenet_v3_large,default_signed,strong,bfp6,6,6,56.6,56.2,l1:cum5_act_maxabs
mobilenet_v3_large,default_signed,strong,mxfp8_e4m3,8,8,70.0617,70.0,l1:cum5_act_maxabs
mobilenet_v3_large,default_signed,strong,mxfp6_e3m2,6,6,44.9067,45.5,l1:cum5_act_maxabs
mobilenet_v3_large,default_signed,strong,mxfp4_e2m1,4,le5,0.4532,0.4,l1:cum5_act_maxabs
mobilenet_v3_large,default_signed,strong,posit8_es1,8,8,73.3583,72.8,l1:default
mobilenet_v3_large,default_signed,strong,posit6_es1,6,6,42.91,43.7,l1:default
mobilenet_v3_large,default_signed,strong,posit4_es0,4,le5,0.1145,0.1,l1:default
mobilenet_v3_large,default_signed,strong,log8,8,8,69.8333,69.5,l1:default
mobilenet_v3_large,default_signed,strong,log6,6,6,53.1583,54.2,l1:default
mobilenet_v3_large,default_signed,strong,log4,4,le5,0.0756,0.0,l1:default
mobilenet_v3_large,default_signed,strong,nf4,4,le5,2.1693,2.0,l1:default
mobilenet_v3_large,default_signed,strong,binary_pm1,1,le5,0.099,0.1,l1:default
mobilenet_v3_large,default_signed,strong,ternary,2,le5,0.1,0.1,l1:default
mobilenet_v3_large,default_no_bias_correction,strong,int8,8,8,70.5,70.6,q2:factorial:default_no_bias_correction
mobilenet_v3_large,default_no_bias_correction,strong,int6,6,6,3.45,3.5,q2:factorial:default_no_bias_correction
mobilenet_v3_large,default_no_bias_correction,strong,int5,5,le5,0.5833,0.7,q2:factorial:default_no_bias_correction
mobilenet_v3_large,default_no_bias_correction,strong,int4,4,le5,0.2033,0.1,q2:factorial:default_no_bias_correction
mobilenet_v3_large,default_no_bias_correction,strong,q1_6,8,8,69.9,69.7,q2:factorial:default_no_bias_correction
mobilenet_v3_large,default_no_bias_correction,strong,fp8_e4m3fn,8,8,72.5167,72.4,q2:factorial:default_no_bias_correction
mobilenet_v3_large,default_no_bias_correction,strong,fp8_e5m2,8,8,52.5035,52.9,q2:factorial:default_no_bias_correction
mobilenet_v3_large,default_no_bias_correction,strong,fp7_e3m3,7,7,70.3117,70.7,q2:factorial:default_no_bias_correction
mobilenet_v3_large,default_no_bias_correction,strong,fp6_e3m2,6,6,52.9395,54.1,q2:factorial:default_no_bias_correction
mobilenet_v3_large,default_no_bias_correction,strong,fp6_e2m3,6,6,34.8083,35.1,q2:factorial:default_no_bias_correction
mobilenet_v3_large,default_no_bias_correction,strong,fp5_e2m2,5,le5,1.0519,1.4,q2:factorial:default_no_bias_correction
mobilenet_v3_large,default_no_bias_correction,strong,fp4_e2m1,4,le5,0.0921,0.1,q2:factorial:default_no_bias_correction
mobilenet_v3_large,default_no_bias_correction,strong,bfp6,6,6,43.025,43.4,q2:factorial:rank_intrinsic_no_bias_correction
mobilenet_v3_large,default_no_bias_correction,strong,mxfp8_e4m3,8,8,66.1667,65.4,q2:factorial:rank_intrinsic_no_bias_correction
mobilenet_v3_large,default_no_bias_correction,strong,mxfp6_e3m2,6,6,29.3713,30.8,q2:factorial:rank_intrinsic_no_bias_correction
mobilenet_v3_large,default_no_bias_correction,strong,mxfp4_e2m1,4,le5,0.0869,0.3,q2:factorial:rank_intrinsic_no_bias_correction
mobilenet_v3_large,default_no_bias_correction,strong,posit8_es1,8,8,74.8,74.7,q2:factorial:default_no_bias_correction
mobilenet_v3_large,default_no_bias_correction,strong,posit6_es1,6,6,46.5268,45.9,q2:factorial:default_no_bias_correction
mobilenet_v3_large,default_no_bias_correction,strong,posit4_es0,4,le5,0.231,0.3,q2:factorial:default_no_bias_correction
mobilenet_v3_large,default_no_bias_correction,strong,log8,8,8,69.4817,68.9,q2:factorial:default_no_bias_correction
mobilenet_v3_large,default_no_bias_correction,strong,log6,6,6,20.6006,22.0,q2:factorial:default_no_bias_correction
mobilenet_v3_large,default_no_bias_correction,strong,log4,4,le5,0.2083,0.3,q2:factorial:default_no_bias_correction
mobilenet_v3_large,default_no_bias_correction,strong,nf4,4,le5,0.1083,0.1,q2:factorial:default_no_bias_correction
mobilenet_v3_large,default_no_bias_correction,strong,binary_pm1,1,le5,0.1142,0.1,q2:factorial:default_no_bias_correction
mobilenet_v3_large,default_no_bias_correction,strong,ternary,2,le5,0.1,0.1,q2:factorial:default_no_bias_correction
mobilenet_v3_large,default_weight_maxabs,strong,int8,8,8,72.1,72.1,q2:factorial:default_weight_maxabs
mobilenet_v3_large,default_weight_maxabs,strong,int6,6,6,22.7115,22.9,q2:factorial:default_weight_maxabs
mobilenet_v3_large,default_weight_maxabs,strong,int5,5,le5,8.6679,9.2,q2:factorial:default_weight_maxabs
mobilenet_v3_large,default_weight_maxabs,strong,int4,4,le5,0.0853,0.0,q2:factorial:default_weight_maxabs
mobilenet_v3_large,default_weight_maxabs,strong,q1_6,8,8,72.5,72.4,q2:factorial:default_weight_maxabs
mobilenet_v3_large,default_weight_maxabs,strong,fp8_e4m3fn,8,8,71.5617,71.3,q2:factorial:default_weight_maxabs
mobilenet_v3_large,default_weight_maxabs,strong,fp8_e5m2,8,8,47.2117,47.4,q2:factorial:default_weight_maxabs
mobilenet_v3_large,default_weight_maxabs,strong,fp7_e3m3,7,7,70.7,70.4,q2:factorial:default_weight_maxabs
mobilenet_v3_large,default_weight_maxabs,strong,fp6_e3m2,6,6,44.2908,44.8,q2:factorial:default_weight_maxabs
mobilenet_v3_large,default_weight_maxabs,strong,fp6_e2m3,6,6,58.9583,58.9,q2:factorial:default_weight_maxabs
mobilenet_v3_large,default_weight_maxabs,strong,fp5_e2m2,5,le5,11.988,11.8,q2:factorial:default_weight_maxabs
mobilenet_v3_large,default_weight_maxabs,strong,fp4_e2m1,4,le5,0.269,0.4,q2:factorial:default_weight_maxabs
mobilenet_v3_large,default_weight_maxabs,strong,bfp6,6,6,55.525,55.2,q2:factorial:rank_intrinsic_weight_maxabs
mobilenet_v3_large,default_weight_maxabs,strong,mxfp8_e4m3,8,8,70.0617,70.0,q2:factorial:rank_intrinsic_weight_maxabs
mobilenet_v3_large,default_weight_maxabs,strong,mxfp6_e3m2,6,6,44.28,44.9,q2:factorial:rank_intrinsic_weight_maxabs
mobilenet_v3_large,default_weight_maxabs,strong,mxfp4_e2m1,4,le5,0.5275,0.6,q2:factorial:rank_intrinsic_weight_maxabs
mobilenet_v3_large,default_weight_maxabs,strong,posit8_es1,8,8,0.1333,0.2,q2:factorial:default_weight_maxabs
mobilenet_v3_large,default_weight_maxabs,strong,posit6_es1,6,6,0.0742,0.1,q2:factorial:default_weight_maxabs
mobilenet_v3_large,default_weight_maxabs,strong,posit4_es0,4,le5,0.1331,0.3,q2:factorial:default_weight_maxabs
mobilenet_v3_large,default_weight_maxabs,strong,log8,8,8,68.9333,69.4,q2:factorial:default_weight_maxabs
mobilenet_v3_large,default_weight_maxabs,strong,log6,6,6,49.2618,49.6,q2:factorial:default_weight_maxabs
mobilenet_v3_large,default_weight_maxabs,strong,log4,4,le5,0.3943,0.4,q2:factorial:default_weight_maxabs
mobilenet_v3_large,default_weight_maxabs,strong,nf4,4,le5,2.4062,2.5,q2:factorial:default_weight_maxabs
mobilenet_v3_large,default_weight_maxabs,strong,binary_pm1,1,le5,0.0979,0.1,q2:factorial:default_weight_maxabs
mobilenet_v3_large,default_weight_maxabs,strong,ternary,2,le5,0.1,0.1,q2:factorial:default_weight_maxabs
mobilenet_v3_large,cum3_act_mse,other,int8,8,8,71.45,71.4,q2:factorial:cum3_act_mse
mobilenet_v3_large,cum3_act_mse,other,int6,6,6,3.6867,4.0,q2:factorial:cum3_act_mse
mobilenet_v3_large,cum3_act_mse,other,int5,5,le5,0.8833,1.0,q2:factorial:cum3_act_mse
mobilenet_v3_large,cum3_act_mse,other,int4,4,le5,0.17,0.1,q2:factorial:cum3_act_mse
mobilenet_v3_large,cum3_act_mse,other,q1_6,8,8,70.15,69.9,l1:minimal
mobilenet_v3_large,cum3_act_mse,other,fp8_e4m3fn,8,8,68.4583,68.2,l1:minimal
mobilenet_v3_large,cum3_act_mse,other,fp8_e5m2,8,8,45.1529,45.6,l1:minimal
mobilenet_v3_large,cum3_act_mse,other,fp7_e3m3,7,7,69.05,68.3,l1:minimal
mobilenet_v3_large,cum3_act_mse,other,fp6_e3m2,6,6,42.2833,42.4,l1:minimal
mobilenet_v3_large,cum3_act_mse,other,fp6_e2m3,6,6,36.7667,37.9,l1:minimal
mobilenet_v3_large,cum3_act_mse,other,fp5_e2m2,5,le5,0.9476,1.2,l1:minimal
mobilenet_v3_large,cum3_act_mse,other,fp4_e2m1,4,le5,0.1413,0.0,l1:minimal
mobilenet_v3_large,cum3_act_mse,other,bfp6,6,6,42.4167,42.7,l1:cum1_fused
mobilenet_v3_large,cum3_act_mse,other,mxfp8_e4m3,8,8,66.1667,65.4,l1:cum1_fused
mobilenet_v3_large,cum3_act_mse,other,mxfp6_e3m2,6,6,28.991,30.8,l1:cum1_fused
mobilenet_v3_large,cum3_act_mse,other,mxfp4_e2m1,4,le5,0.1226,0.1,l1:cum1_fused
mobilenet_v3_large,cum3_act_mse,other,posit8_es1,8,8,0.0,0.0,l1:minimal
mobilenet_v3_large,cum3_act_mse,other,posit6_es1,6,6,0.1,0.1,l1:minimal
mobilenet_v3_large,cum3_act_mse,other,posit4_es0,4,le5,0.2083,0.3,l1:minimal
mobilenet_v3_large,cum3_act_mse,other,log8,8,8,69.3617,68.9,l1:minimal
mobilenet_v3_large,cum3_act_mse,other,log6,6,6,15.9041,16.8,l1:minimal
mobilenet_v3_large,cum3_act_mse,other,log4,4,le5,0.0533,0.1,l1:minimal
mobilenet_v3_large,cum3_act_mse,other,nf4,4,le5,0.2033,0.1,l1:minimal
mobilenet_v3_large,cum3_act_mse,other,binary_pm1,1,le5,0.0869,0.2,l1:minimal
mobilenet_v3_large,cum3_act_mse,other,ternary,2,le5,0.0557,0.1,l1:minimal
mobilenet_v3_large,rank_signed_no_bias_correction,other,int8,8,8,69.9,69.7,q2:factorial:rank_signed_no_bias_correction
mobilenet_v3_large,rank_signed_no_bias_correction,other,int6,6,6,2.7583,3.0,q2:factorial:rank_signed_no_bias_correction
mobilenet_v3_large,rank_signed_no_bias_correction,other,int5,5,le5,0.5367,0.6,q2:factorial:rank_signed_no_bias_correction
mobilenet_v3_large,rank_signed_no_bias_correction,other,int4,4,le5,0.1143,0.3,q2:factorial:rank_signed_no_bias_correction
mobilenet_v3_large,rank_signed_no_bias_correction,other,q1_6,8,8,69.9,69.7,q2:factorial:default_no_bias_correction
mobilenet_v3_large,rank_signed_no_bias_correction,other,fp8_e4m3fn,8,8,72.5167,72.4,q2:factorial:default_no_bias_correction
mobilenet_v3_large,rank_signed_no_bias_correction,other,fp8_e5m2,8,8,52.5035,52.9,q2:factorial:default_no_bias_correction
mobilenet_v3_large,rank_signed_no_bias_correction,other,fp7_e3m3,7,7,70.3117,70.7,q2:factorial:default_no_bias_correction
mobilenet_v3_large,rank_signed_no_bias_correction,other,fp6_e3m2,6,6,52.9395,54.1,q2:factorial:default_no_bias_correction
mobilenet_v3_large,rank_signed_no_bias_correction,other,fp6_e2m3,6,6,34.8083,35.1,q2:factorial:default_no_bias_correction
mobilenet_v3_large,rank_signed_no_bias_correction,other,fp5_e2m2,5,le5,1.0519,1.4,q2:factorial:default_no_bias_correction
mobilenet_v3_large,rank_signed_no_bias_correction,other,fp4_e2m1,4,le5,0.0921,0.1,q2:factorial:default_no_bias_correction
mobilenet_v3_large,rank_signed_no_bias_correction,other,bfp6,6,6,43.025,43.4,q2:factorial:rank_intrinsic_no_bias_correction
mobilenet_v3_large,rank_signed_no_bias_correction,other,mxfp8_e4m3,8,8,66.1667,65.4,q2:factorial:rank_intrinsic_no_bias_correction
mobilenet_v3_large,rank_signed_no_bias_correction,other,mxfp6_e3m2,6,6,29.3713,30.8,q2:factorial:rank_intrinsic_no_bias_correction
mobilenet_v3_large,rank_signed_no_bias_correction,other,mxfp4_e2m1,4,le5,0.0869,0.3,q2:factorial:rank_intrinsic_no_bias_correction
mobilenet_v3_large,rank_signed_no_bias_correction,other,posit8_es1,8,8,74.8,74.7,q2:factorial:default_no_bias_correction
mobilenet_v3_large,rank_signed_no_bias_correction,other,posit6_es1,6,6,46.5268,45.9,q2:factorial:default_no_bias_correction
mobilenet_v3_large,rank_signed_no_bias_correction,other,posit4_es0,4,le5,0.231,0.3,q2:factorial:default_no_bias_correction
mobilenet_v3_large,rank_signed_no_bias_correction,other,log8,8,8,69.4817,68.9,q2:factorial:default_no_bias_correction
mobilenet_v3_large,rank_signed_no_bias_correction,other,log6,6,6,20.6006,22.0,q2:factorial:default_no_bias_correction
mobilenet_v3_large,rank_signed_no_bias_correction,other,log4,4,le5,0.2083,0.3,q2:factorial:default_no_bias_correction
mobilenet_v3_large,rank_signed_no_bias_correction,other,nf4,4,le5,0.1083,0.1,q2:factorial:default_no_bias_correction
mobilenet_v3_large,rank_signed_no_bias_correction,other,binary_pm1,1,le5,0.1142,0.1,q2:factorial:default_no_bias_correction
mobilenet_v3_large,rank_signed_no_bias_correction,other,ternary,2,le5,0.1,0.1,q2:factorial:default_no_bias_correction
mobilenet_v3_large,rank_signed_weight_maxabs,other,int8,8,8,72.5,72.4,q2:factorial:rank_signed_weight_maxabs
mobilenet_v3_large,rank_signed_weight_maxabs,other,int6,6,6,18.8052,19.0,q2:factorial:rank_signed_weight_maxabs
mobilenet_v3_large,rank_signed_weight_maxabs,other,int5,5,le5,5.5233,6.6,q2:factorial:rank_signed_weight_maxabs
mobilenet_v3_large,rank_signed_weight_maxabs,other,int4,4,le5,0.237,0.1,q2:factorial:rank_signed_weight_maxabs
mobilenet_v3_large,rank_signed_weight_maxabs,other,q1_6,8,8,72.5,72.4,q2:factorial:default_weight_maxabs
mobilenet_v3_large,rank_signed_weight_maxabs,other,fp8_e4m3fn,8,8,71.5617,71.3,q2:factorial:default_weight_maxabs
mobilenet_v3_large,rank_signed_weight_maxabs,other,fp8_e5m2,8,8,47.2117,47.4,q2:factorial:default_weight_maxabs
mobilenet_v3_large,rank_signed_weight_maxabs,other,fp7_e3m3,7,7,70.7,70.4,q2:factorial:default_weight_maxabs
mobilenet_v3_large,rank_signed_weight_maxabs,other,fp6_e3m2,6,6,44.2908,44.8,q2:factorial:default_weight_maxabs
mobilenet_v3_large,rank_signed_weight_maxabs,other,fp6_e2m3,6,6,58.9583,58.9,q2:factorial:default_weight_maxabs
mobilenet_v3_large,rank_signed_weight_maxabs,other,fp5_e2m2,5,le5,11.988,11.8,q2:factorial:default_weight_maxabs
mobilenet_v3_large,rank_signed_weight_maxabs,other,fp4_e2m1,4,le5,0.269,0.4,q2:factorial:default_weight_maxabs
mobilenet_v3_large,rank_signed_weight_maxabs,other,bfp6,6,6,55.525,55.2,q2:factorial:rank_intrinsic_weight_maxabs
mobilenet_v3_large,rank_signed_weight_maxabs,other,mxfp8_e4m3,8,8,70.0617,70.0,q2:factorial:rank_intrinsic_weight_maxabs
mobilenet_v3_large,rank_signed_weight_maxabs,other,mxfp6_e3m2,6,6,44.28,44.9,q2:factorial:rank_intrinsic_weight_maxabs
mobilenet_v3_large,rank_signed_weight_maxabs,other,mxfp4_e2m1,4,le5,0.5275,0.6,q2:factorial:rank_intrinsic_weight_maxabs
mobilenet_v3_large,rank_signed_weight_maxabs,other,posit8_es1,8,8,0.1333,0.2,q2:factorial:default_weight_maxabs
mobilenet_v3_large,rank_signed_weight_maxabs,other,posit6_es1,6,6,0.0742,0.1,q2:factorial:default_weight_maxabs
mobilenet_v3_large,rank_signed_weight_maxabs,other,posit4_es0,4,le5,0.1331,0.3,q2:factorial:default_weight_maxabs
mobilenet_v3_large,rank_signed_weight_maxabs,other,log8,8,8,68.9333,69.4,q2:factorial:default_weight_maxabs
mobilenet_v3_large,rank_signed_weight_maxabs,other,log6,6,6,49.2618,49.6,q2:factorial:default_weight_maxabs
mobilenet_v3_large,rank_signed_weight_maxabs,other,log4,4,le5,0.3943,0.4,q2:factorial:default_weight_maxabs
mobilenet_v3_large,rank_signed_weight_maxabs,other,nf4,4,le5,2.4062,2.5,q2:factorial:default_weight_maxabs
mobilenet_v3_large,rank_signed_weight_maxabs,other,binary_pm1,1,le5,0.0979,0.1,q2:factorial:default_weight_maxabs
mobilenet_v3_large,rank_signed_weight_maxabs,other,ternary,2,le5,0.1,0.1,q2:factorial:default_weight_maxabs
mobilenet_v3_large,minimal,other,int8,8,8,70.15,69.9,l1:minimal
mobilenet_v3_large,minimal,other,int6,6,6,2.55,2.5,l1:minimal
mobilenet_v3_large,minimal,other,int5,5,le5,0.7583,0.9,l1:minimal
mobilenet_v3_large,minimal,other,int4,4,le5,0.1,0.1,l1:minimal
mobilenet_v3_large,minimal,other,q1_6,8,8,70.15,69.9,l1:minimal
mobilenet_v3_large,minimal,other,fp8_e4m3fn,8,8,68.4583,68.2,l1:minimal
mobilenet_v3_large,minimal,other,fp8_e5m2,8,8,45.1529,45.6,l1:minimal
mobilenet_v3_large,minimal,other,fp7_e3m3,7,7,69.05,68.3,l1:minimal
mobilenet_v3_large,minimal,other,fp6_e3m2,6,6,42.2833,42.4,l1:minimal
mobilenet_v3_large,minimal,other,fp6_e2m3,6,6,36.7667,37.9,l1:minimal
mobilenet_v3_large,minimal,other,fp5_e2m2,5,le5,0.9476,1.2,l1:minimal
mobilenet_v3_large,minimal,other,fp4_e2m1,4,le5,0.1413,0.0,l1:minimal
mobilenet_v3_large,minimal,other,bfp6,6,6,42.4167,42.7,l1:cum1_fused
mobilenet_v3_large,minimal,other,mxfp8_e4m3,8,8,66.1667,65.4,l1:cum1_fused
mobilenet_v3_large,minimal,other,mxfp6_e3m2,6,6,28.991,30.8,l1:cum1_fused
mobilenet_v3_large,minimal,other,mxfp4_e2m1,4,le5,0.1226,0.1,l1:cum1_fused
mobilenet_v3_large,minimal,other,posit8_es1,8,8,0.0,0.0,l1:minimal
mobilenet_v3_large,minimal,other,posit6_es1,6,6,0.1,0.1,l1:minimal
mobilenet_v3_large,minimal,other,posit4_es0,4,le5,0.2083,0.3,l1:minimal
mobilenet_v3_large,minimal,other,log8,8,8,69.3617,68.9,l1:minimal
mobilenet_v3_large,minimal,other,log6,6,6,15.9041,16.8,l1:minimal
mobilenet_v3_large,minimal,other,log4,4,le5,0.0533,0.1,l1:minimal
mobilenet_v3_large,minimal,other,nf4,4,le5,0.2033,0.1,l1:minimal
mobilenet_v3_large,minimal,other,binary_pm1,1,le5,0.0869,0.2,l1:minimal
mobilenet_v3_large,minimal,other,ternary,2,le5,0.0557,0.1,l1:minimal
mobilenet_v3_large,default_unsigned,strong,int8,8,8,71.6,71.5,l1:default
mobilenet_v3_large,default_unsigned,strong,int6,6,6,20.9952,20.9,l1:default
mobilenet_v3_large,default_unsigned,strong,int5,5,le5,8.0592,9.0,l1:default
mobilenet_v3_large,default_unsigned,strong,int4,4,le5,0.1032,0.1,l1:default
mobilenet_v3_large,default_unsigned,strong,q1_6,8,8,71.9667,72.1,l1:default
mobilenet_v3_large,default_unsigned,strong,fp8_e4m3fn,8,8,72.5833,72.3,q2:unsigned:default:unsigned
mobilenet_v3_large,default_unsigned,strong,fp8_e5m2,8,8,56.0192,56.8,q2:unsigned:default:unsigned
mobilenet_v3_large,default_unsigned,strong,fp7_e3m3,7,7,71.7417,71.7,q2:unsigned:default:unsigned
mobilenet_v3_large,default_unsigned,strong,fp6_e3m2,6,6,47.8483,48.3,q2:unsigned:default:unsigned
mobilenet_v3_large,default_unsigned,strong,fp6_e2m3,6,6,58.6667,58.7,q2:unsigned:default:unsigned
mobilenet_v3_large,default_unsigned,strong,fp5_e2m2,5,le5,14.4945,14.9,q2:unsigned:default:unsigned
mobilenet_v3_large,default_unsigned,strong,fp4_e2m1,4,le5,0.0683,0.1,q2:unsigned:default:unsigned
mobilenet_v3_large,default_unsigned,strong,bfp6,6,6,56.3333,56.3,q2:unsigned:cum5_act_maxabs:unsigned
mobilenet_v3_large,default_unsigned,strong,mxfp8_e4m3,8,8,71.35,70.8,q2:unsigned:cum5_act_maxabs:unsigned
mobilenet_v3_large,default_unsigned,strong,mxfp6_e3m2,6,6,59.4442,59.9,q2:unsigned:cum5_act_maxabs:unsigned
mobilenet_v3_large,default_unsigned,strong,mxfp4_e2m1,4,le5,0.4866,0.4,q2:unsigned:cum5_act_maxabs:unsigned
mobilenet_v3_large,default_unsigned,strong,posit8_es1,8,8,74.0667,73.6,q2:unsigned:default:unsigned
mobilenet_v3_large,default_unsigned,strong,posit6_es1,6,6,53.0133,53.6,q2:unsigned:default:unsigned
mobilenet_v3_large,default_unsigned,strong,posit4_es0,4,le5,0.112,0.2,q2:unsigned:default:unsigned
mobilenet_v3_large,default_unsigned,strong,log8,8,8,71.7167,71.0,q2:unsigned:default:unsigned
mobilenet_v3_large,default_unsigned,strong,log6,6,6,45.2118,45.4,q2:unsigned:default:unsigned
mobilenet_v3_large,default_unsigned,strong,log4,4,le5,0.0797,0.0,q2:unsigned:default:unsigned
mobilenet_v3_large,default_unsigned,strong,nf4,4,le5,2.1693,2.0,l1:default
mobilenet_v3_large,default_unsigned,strong,binary_pm1,1,le5,0.099,0.1,l1:default
mobilenet_v3_large,default_unsigned,strong,ternary,2,le5,0.1,0.1,l1:default
mobilenet_v3_large,default_searched,searched,int8,8,8,71.6,71.5,l1:default
mobilenet_v3_large,default_searched,searched,int6,6,6,20.9952,20.9,l1:default
mobilenet_v3_large,default_searched,searched,int5,5,le5,8.0592,9.0,l1:default
mobilenet_v3_large,default_searched,searched,int4,4,le5,0.1032,0.1,l1:default
mobilenet_v3_large,default_searched,searched,q1_6,8,8,71.9667,72.1,l1:default
mobilenet_v3_large,default_searched,searched,fp8_e4m3fn,8,8,71.6583,71.5,l1:default
mobilenet_v3_large,default_searched,searched,fp8_e5m2,8,8,46.5743,46.2,l1:default
mobilenet_v3_large,default_searched,searched,fp7_e3m3,7,7,71.125,71.3,l1:default
mobilenet_v3_large,default_searched,searched,fp6_e3m2,6,6,44.5736,44.9,l1:default
mobilenet_v3_large,default_searched,searched,fp6_e2m3,6,6,58.425,58.5,l1:default
mobilenet_v3_large,default_searched,searched,fp5_e2m2,5,le5,10.6253,10.5,l1:default
mobilenet_v3_large,default_searched,searched,fp4_e2m1,4,le5,0.123,0.2,l1:default
mobilenet_v3_large,default_searched,searched,bfp6,6,6,57.125,56.8,l1:default
mobilenet_v3_large,default_searched,searched,mxfp8_e4m3,8,8,70.9167,71.0,l1:default
mobilenet_v3_large,default_searched,searched,mxfp6_e3m2,6,6,43.0369,43.2,l1:default
mobilenet_v3_large,default_searched,searched,mxfp4_e2m1,4,le5,0.4094,0.2,l1:default
mobilenet_v3_large,default_searched,searched,posit8_es1,8,8,73.3583,72.8,l1:default
mobilenet_v3_large,default_searched,searched,posit6_es1,6,6,42.91,43.7,l1:default
mobilenet_v3_large,default_searched,searched,posit4_es0,4,le5,0.1145,0.1,l1:default
mobilenet_v3_large,default_searched,searched,log8,8,8,69.8333,69.5,l1:default
mobilenet_v3_large,default_searched,searched,log6,6,6,53.1583,54.2,l1:default
mobilenet_v3_large,default_searched,searched,log4,4,le5,0.0756,0.0,l1:default
mobilenet_v3_large,default_searched,searched,nf4,4,le5,2.1693,2.0,l1:default
mobilenet_v3_large,default_searched,searched,binary_pm1,1,le5,0.099,0.1,l1:default
mobilenet_v3_large,default_searched,searched,ternary,2,le5,0.1,0.1,l1:default
mobilenet_v3_large,default_no_bias_correction_searched,searched,int8,8,8,70.5,70.6,q2:factorial:default_no_bias_correction
mobilenet_v3_large,default_no_bias_correction_searched,searched,int6,6,6,3.45,3.5,q2:factorial:default_no_bias_correction
mobilenet_v3_large,default_no_bias_correction_searched,searched,int5,5,le5,0.5833,0.7,q2:factorial:default_no_bias_correction
mobilenet_v3_large,default_no_bias_correction_searched,searched,int4,4,le5,0.2033,0.1,q2:factorial:default_no_bias_correction
mobilenet_v3_large,default_no_bias_correction_searched,searched,q1_6,8,8,69.9,69.7,q2:factorial:default_no_bias_correction
mobilenet_v3_large,default_no_bias_correction_searched,searched,fp8_e4m3fn,8,8,72.5167,72.4,q2:factorial:default_no_bias_correction
mobilenet_v3_large,default_no_bias_correction_searched,searched,fp8_e5m2,8,8,52.5035,52.9,q2:factorial:default_no_bias_correction
mobilenet_v3_large,default_no_bias_correction_searched,searched,fp7_e3m3,7,7,70.3117,70.7,q2:factorial:default_no_bias_correction
mobilenet_v3_large,default_no_bias_correction_searched,searched,fp6_e3m2,6,6,52.9395,54.1,q2:factorial:default_no_bias_correction
mobilenet_v3_large,default_no_bias_correction_searched,searched,fp6_e2m3,6,6,34.8083,35.1,q2:factorial:default_no_bias_correction
mobilenet_v3_large,default_no_bias_correction_searched,searched,fp5_e2m2,5,le5,1.0519,1.4,q2:factorial:default_no_bias_correction
mobilenet_v3_large,default_no_bias_correction_searched,searched,fp4_e2m1,4,le5,0.0921,0.1,q2:factorial:default_no_bias_correction
mobilenet_v3_large,default_no_bias_correction_searched,searched,posit8_es1,8,8,74.8,74.7,q2:factorial:default_no_bias_correction
mobilenet_v3_large,default_no_bias_correction_searched,searched,posit6_es1,6,6,46.5268,45.9,q2:factorial:default_no_bias_correction
mobilenet_v3_large,default_no_bias_correction_searched,searched,posit4_es0,4,le5,0.231,0.3,q2:factorial:default_no_bias_correction
mobilenet_v3_large,default_no_bias_correction_searched,searched,log8,8,8,69.4817,68.9,q2:factorial:default_no_bias_correction
mobilenet_v3_large,default_no_bias_correction_searched,searched,log6,6,6,20.6006,22.0,q2:factorial:default_no_bias_correction
mobilenet_v3_large,default_no_bias_correction_searched,searched,log4,4,le5,0.2083,0.3,q2:factorial:default_no_bias_correction
mobilenet_v3_large,default_no_bias_correction_searched,searched,nf4,4,le5,0.1083,0.1,q2:factorial:default_no_bias_correction
mobilenet_v3_large,default_no_bias_correction_searched,searched,binary_pm1,1,le5,0.1142,0.1,q2:factorial:default_no_bias_correction
mobilenet_v3_large,default_no_bias_correction_searched,searched,ternary,2,le5,0.1,0.1,q2:factorial:default_no_bias_correction
mobilenet_v3_large,default_weight_maxabs_searched,searched,int8,8,8,72.1,72.1,q2:factorial:default_weight_maxabs
mobilenet_v3_large,default_weight_maxabs_searched,searched,int6,6,6,22.7115,22.9,q2:factorial:default_weight_maxabs
mobilenet_v3_large,default_weight_maxabs_searched,searched,int5,5,le5,8.6679,9.2,q2:factorial:default_weight_maxabs
mobilenet_v3_large,default_weight_maxabs_searched,searched,int4,4,le5,0.0853,0.0,q2:factorial:default_weight_maxabs
mobilenet_v3_large,default_weight_maxabs_searched,searched,q1_6,8,8,72.5,72.4,q2:factorial:default_weight_maxabs
mobilenet_v3_large,default_weight_maxabs_searched,searched,fp8_e4m3fn,8,8,71.5617,71.3,q2:factorial:default_weight_maxabs
mobilenet_v3_large,default_weight_maxabs_searched,searched,fp8_e5m2,8,8,47.2117,47.4,q2:factorial:default_weight_maxabs
mobilenet_v3_large,default_weight_maxabs_searched,searched,fp7_e3m3,7,7,70.7,70.4,q2:factorial:default_weight_maxabs
mobilenet_v3_large,default_weight_maxabs_searched,searched,fp6_e3m2,6,6,44.2908,44.8,q2:factorial:default_weight_maxabs
mobilenet_v3_large,default_weight_maxabs_searched,searched,fp6_e2m3,6,6,58.9583,58.9,q2:factorial:default_weight_maxabs
mobilenet_v3_large,default_weight_maxabs_searched,searched,fp5_e2m2,5,le5,11.988,11.8,q2:factorial:default_weight_maxabs
mobilenet_v3_large,default_weight_maxabs_searched,searched,fp4_e2m1,4,le5,0.269,0.4,q2:factorial:default_weight_maxabs
mobilenet_v3_large,default_weight_maxabs_searched,searched,posit8_es1,8,8,0.1333,0.2,q2:factorial:default_weight_maxabs
mobilenet_v3_large,default_weight_maxabs_searched,searched,posit6_es1,6,6,0.0742,0.1,q2:factorial:default_weight_maxabs
mobilenet_v3_large,default_weight_maxabs_searched,searched,posit4_es0,4,le5,0.1331,0.3,q2:factorial:default_weight_maxabs
mobilenet_v3_large,default_weight_maxabs_searched,searched,log8,8,8,68.9333,69.4,q2:factorial:default_weight_maxabs
mobilenet_v3_large,default_weight_maxabs_searched,searched,log6,6,6,49.2618,49.6,q2:factorial:default_weight_maxabs
mobilenet_v3_large,default_weight_maxabs_searched,searched,log4,4,le5,0.3943,0.4,q2:factorial:default_weight_maxabs
mobilenet_v3_large,default_weight_maxabs_searched,searched,nf4,4,le5,2.4062,2.5,q2:factorial:default_weight_maxabs
mobilenet_v3_large,default_weight_maxabs_searched,searched,binary_pm1,1,le5,0.0979,0.1,q2:factorial:default_weight_maxabs
mobilenet_v3_large,default_weight_maxabs_searched,searched,ternary,2,le5,0.1,0.1,q2:factorial:default_weight_maxabs
mobilenet_v3_large,minimal_searched,searched,int8,8,8,70.15,69.9,l1:minimal
mobilenet_v3_large,minimal_searched,searched,int6,6,6,2.55,2.5,l1:minimal
mobilenet_v3_large,minimal_searched,searched,int5,5,le5,0.7583,0.9,l1:minimal
mobilenet_v3_large,minimal_searched,searched,int4,4,le5,0.1,0.1,l1:minimal
mobilenet_v3_large,minimal_searched,searched,q1_6,8,8,70.15,69.9,l1:minimal
mobilenet_v3_large,minimal_searched,searched,fp8_e4m3fn,8,8,68.4583,68.2,l1:minimal
mobilenet_v3_large,minimal_searched,searched,fp8_e5m2,8,8,45.1529,45.6,l1:minimal
mobilenet_v3_large,minimal_searched,searched,fp7_e3m3,7,7,69.05,68.3,l1:minimal
mobilenet_v3_large,minimal_searched,searched,fp6_e3m2,6,6,42.2833,42.4,l1:minimal
mobilenet_v3_large,minimal_searched,searched,fp6_e2m3,6,6,36.7667,37.9,l1:minimal
mobilenet_v3_large,minimal_searched,searched,fp5_e2m2,5,le5,0.9476,1.2,l1:minimal
mobilenet_v3_large,minimal_searched,searched,fp4_e2m1,4,le5,0.1413,0.0,l1:minimal
mobilenet_v3_large,minimal_searched,searched,bfp6,6,6,47.4917,47.5,l1:minimal
mobilenet_v3_large,minimal_searched,searched,mxfp8_e4m3,8,8,66.0167,65.2,l1:minimal
mobilenet_v3_large,minimal_searched,searched,mxfp6_e3m2,6,6,28.1454,29.3,l1:minimal
mobilenet_v3_large,minimal_searched,searched,mxfp4_e2m1,4,le5,0.15,0.1,l1:minimal
mobilenet_v3_large,minimal_searched,searched,posit8_es1,8,8,0.0,0.0,l1:minimal
mobilenet_v3_large,minimal_searched,searched,posit6_es1,6,6,0.1,0.1,l1:minimal
mobilenet_v3_large,minimal_searched,searched,posit4_es0,4,le5,0.2083,0.3,l1:minimal
mobilenet_v3_large,minimal_searched,searched,log8,8,8,69.3617,68.9,l1:minimal
mobilenet_v3_large,minimal_searched,searched,log6,6,6,15.9041,16.8,l1:minimal
mobilenet_v3_large,minimal_searched,searched,log4,4,le5,0.0533,0.1,l1:minimal
mobilenet_v3_large,minimal_searched,searched,nf4,4,le5,0.2033,0.1,l1:minimal
mobilenet_v3_large,minimal_searched,searched,binary_pm1,1,le5,0.0869,0.2,l1:minimal
mobilenet_v3_large,minimal_searched,searched,ternary,2,le5,0.0557,0.1,l1:minimal
mobilenet_v3_large,adaround_bc,strong,int8,8,8,72.95,73.1,adaround:artifacts/experiment_b2_recon/evals/mobilenet_v3_large/L-bc--w-int8--a-int8--default--fit-mse_per_channel-fp32in-s0
mobilenet_v3_large,adaround_bc,strong,int6,6,6,23.3965,24.2,adaround:artifacts/experiment_b2_recon/evals/mobilenet_v3_large/L-bc--w-int6--a-int6--default--fit-mse_per_channel-fp32in-s0
mobilenet_v3_large,adaround_bc,strong,int4,4,le5,0.1287,0.3,adaround:artifacts/experiment_b2_recon/evals/mobilenet_v3_large/L-bc--w-int4--a-int4--default--fit-mse_per_channel-fp32in-s0
mobilenet_v3_large,adaround_bc,strong,fp6_e2m3,6,6,57.775,57.8,adaround:artifacts/experiment_b2_recon/evals/mobilenet_v3_large/L-bc--w-fp6_e2m3--a-fp6_e2m3--default--fit-mse_per_channel-fp32in-s0
mobilenet_v3_large,adaround_bc,strong,posit8_es1,8,8,72.7,72.0,adaround:artifacts/experiment_b2_recon/evals/mobilenet_v3_large/L-bc--w-posit8_es1--a-posit8_es1--default--fit-mse_per_channel-fp32in-s0
mobilenet_v3_large,adaround_nobc,strong,int8,8,8,71.1833,71.3,adaround:artifacts/experiment_b2_recon/evals/mobilenet_v3_large/L-nobc--w-int8--a-int8--default_no_bias_correction--fit-mse_per_channel-fp32in-s0
mobilenet_v3_large,adaround_nobc,strong,int6,6,6,5.2833,5.2,adaround:artifacts/experiment_b2_recon/evals/mobilenet_v3_large/L-nobc--w-int6--a-int6--default_no_bias_correction--fit-mse_per_channel-fp32in-s0
mobilenet_v3_large,adaround_nobc,strong,int4,4,le5,0.05,0.0,adaround:artifacts/experiment_b2_recon/evals/mobilenet_v3_large/L-nobc--w-int4--a-int4--default_no_bias_correction--fit-mse_per_channel-fp32in-s0
mobilenet_v3_large,adaround_nobc,strong,fp6_e2m3,6,6,45.415,46.3,adaround:artifacts/experiment_b2_recon/evals/mobilenet_v3_large/L-nobc--w-fp6_e2m3--a-fp6_e2m3--default_no_bias_correction--fit-mse_per_channel-fp32in-s0
mobilenet_v3_large,adaround_nobc,strong,posit8_es1,8,8,73.9167,73.5,adaround:artifacts/experiment_b2_recon/evals/mobilenet_v3_large/L-nobc--w-posit8_es1--a-posit8_es1--default_no_bias_correction--fit-mse_per_channel-fp32in-s0
mobilenet_v3_large,v1_maxabs,weak,int8,8,8,4.1,4.1,v1_sealed_topk
mobilenet_v3_large,v1_maxabs,weak,int6,6,6,0.1,0.1,v1_sealed_topk
mobilenet_v3_large,v1_maxabs,weak,int5,5,le5,0.0,0.0,v1_sealed_topk
mobilenet_v3_large,v1_maxabs,weak,int4,4,le5,0.1,0.1,v1_sealed_topk
mobilenet_v3_large,v1_maxabs,weak,fp8_e4m3fn,8,8,68.6,68.6,v1_sealed_topk
mobilenet_v3_large,v1_maxabs,weak,fp8_e5m2,8,8,27.3,27.3,v1_sealed_topk
mobilenet_v3_large,v1_maxabs,weak,fp7_e3m3,7,7,68.4,68.4,v1_sealed_topk
mobilenet_v3_large,v1_maxabs,weak,fp6_e3m2,6,6,35.3,35.3,v1_sealed_topk
mobilenet_v3_large,v1_maxabs,weak,fp6_e2m3,6,6,0.1,0.1,v1_sealed_topk
mobilenet_v3_large,v1_maxabs,weak,fp5_e2m2,5,le5,0.2,0.2,v1_sealed_topk
mobilenet_v3_large,v1_maxabs,weak,fp4_e2m1,4,le5,0.2,0.2,v1_sealed_topk
mobilenet_v3_large,v1_maxabs,weak,bfp6,6,6,41.9,41.9,v1_sealed_topk
mobilenet_v3_large,v1_maxabs,weak,mxfp8_e4m3,8,8,65.6,65.6,v1_sealed_topk
mobilenet_v3_large,v1_maxabs,weak,mxfp6_e3m2,6,6,29.6,29.6,v1_sealed_topk
mobilenet_v3_large,v1_maxabs,weak,mxfp4_e2m1,4,le5,0.2,0.2,v1_sealed_topk
mobilenet_v3_large,v1_maxabs,weak,posit8_es1,8,8,0.0,0.0,v1_sealed_topk
mobilenet_v3_large,v1_maxabs,weak,posit6_es1,6,6,0.2,0.2,v1_sealed_topk
mobilenet_v3_large,v1_maxabs,weak,posit4_es0,4,le5,0.0,0.0,v1_sealed_topk
mobilenet_v3_large,v1_maxabs,weak,log8,8,8,68.6,68.6,v1_sealed_topk
mobilenet_v3_large,v1_maxabs,weak,log6,6,6,27.1,27.1,v1_sealed_topk
mobilenet_v3_large,v1_maxabs,weak,log4,4,le5,0.2,0.2,v1_sealed_topk
mobilenet_v3_large,v1_maxabs,weak,nf4,4,le5,0.0,0.0,v1_sealed_topk
mobilenet_v3_large,v1_maxabs,weak,binary_pm1,1,le5,0.2,0.2,v1_sealed_topk
mobilenet_v3_large,v1_maxabs,weak,ternary,2,le5,0.1,0.1,v1_sealed_topk
mobilenet_v3_large,v1_percentile_99_9,weak,int8,8,8,68.9,68.9,v1_sealed_topk
mobilenet_v3_large,v1_percentile_99_9,weak,int6,6,6,14.4,14.4,v1_sealed_topk
mobilenet_v3_large,v1_percentile_99_9,weak,int5,5,le5,0.2,0.2,v1_sealed_topk
mobilenet_v3_large,v1_percentile_99_9,weak,int4,4,le5,0.1,0.1,v1_sealed_topk
mobilenet_v3_large,v1_percentile_99_9,weak,q1_6,8,8,68.9,68.9,v1_sealed_topk
mobilenet_v3_large,v1_percentile_99_9,weak,fp8_e5m2,8,8,29.5,29.5,v1_sealed_topk
mobilenet_v3_large,v1_percentile_99_9,weak,fp7_e3m3,7,7,61.7,61.7,v1_sealed_topk
mobilenet_v3_large,v1_percentile_99_9,weak,fp6_e3m2,6,6,30.2,30.2,v1_sealed_topk
mobilenet_v3_large,v1_percentile_99_9,weak,fp6_e2m3,6,6,44.3,44.3,v1_sealed_topk
mobilenet_v3_large,v1_percentile_99_9,weak,fp5_e2m2,5,le5,1.6,1.6,v1_sealed_topk
mobilenet_v3_large,v1_percentile_99_9,weak,fp4_e2m1,4,le5,0.2,0.2,v1_sealed_topk
mobilenet_v3_large,v1_percentile_99_9,weak,bfp6,6,6,44.5,44.5,v1_sealed_topk
mobilenet_v3_large,v1_percentile_99_9,weak,mxfp8_e4m3,8,8,65.6,65.6,v1_sealed_topk
mobilenet_v3_large,v1_percentile_99_9,weak,mxfp6_e3m2,6,6,27.4,27.4,v1_sealed_topk
mobilenet_v3_large,v1_percentile_99_9,weak,mxfp4_e2m1,4,le5,0.0,0.0,v1_sealed_topk
mobilenet_v3_large,v1_percentile_99_9,weak,posit8_es1,8,8,0.0,0.0,v1_sealed_topk
mobilenet_v3_large,v1_percentile_99_9,weak,posit6_es1,6,6,0.2,0.2,v1_sealed_topk
mobilenet_v3_large,v1_percentile_99_9,weak,posit4_es0,4,le5,0.2,0.2,v1_sealed_topk
mobilenet_v3_large,v1_percentile_99_9,weak,log6,6,6,24.1,24.1,v1_sealed_topk
mobilenet_v3_large,v1_percentile_99_9,weak,log4,4,le5,0.1,0.1,v1_sealed_topk
mobilenet_v3_large,v1_percentile_99_9,weak,nf4,4,le5,0.0,0.0,v1_sealed_topk
mobilenet_v3_large,v1_percentile_99_9,weak,binary_pm1,1,le5,0.1,0.1,v1_sealed_topk
