model,class,view_a,view_b,tier_a,tier_b,subset,formats,kendall_tau_b,kendall_low,kendall_high,spearman,spearman_low,spearman_high,v1_kendall_tau_b,v1_spearman
resnet18,8,default,default_signed,strong,strong,all,7,0.9759,0.8783,0.9759,0.991,0.937,0.991,0.9759,0.991
resnet18,8,default,default_signed,strong,strong,above_chance,7,0.9759,0.8783,0.9759,0.991,0.937,0.991,0.9759,0.991
resnet18,8,default,default_no_bias_correction,strong,strong,all,7,0.8095,0.1429,0.9759,0.8929,0.2143,0.991,0.8095,0.8929
resnet18,8,default,default_no_bias_correction,strong,strong,above_chance,7,0.8095,0.1429,0.9759,0.8929,0.2143,0.991,0.8095,0.8929
resnet18,8,default,default_weight_maxabs,strong,strong,all,7,0.1952,0.0476,0.5238,0.1261,-0.0357,0.6071,0.1952,0.1261
resnet18,8,default,default_weight_maxabs,strong,strong,above_chance,7,0.1952,0.0476,0.5238,0.1261,-0.0357,0.6071,0.1952,0.1261
resnet18,8,default,cum3_act_mse,strong,other,all,7,0.1429,-0.0476,0.5238,0.1071,-0.1429,0.5714,0.1429,0.1071
resnet18,8,default,cum3_act_mse,strong,other,above_chance,7,0.1429,-0.0476,0.5238,0.1071,-0.1429,0.5714,0.1429,0.1071
resnet18,8,default,rank_signed_no_bias_correction,strong,other,all,7,0.7807,0.0976,0.9759,0.8829,0.227,0.991,0.7807,0.8829
resnet18,8,default,rank_signed_no_bias_correction,strong,other,above_chance,7,0.7807,0.0976,0.9759,0.8829,0.227,0.991,0.7807,0.8829
resnet18,8,default,rank_signed_weight_maxabs,strong,other,all,7,0.1952,0.0,0.488,0.1261,-0.0541,0.5946,0.1952,0.1261
resnet18,8,default,rank_signed_weight_maxabs,strong,other,above_chance,7,0.1952,0.0,0.488,0.1261,-0.0541,0.5946,0.1952,0.1261
resnet18,8,default,minimal,strong,other,all,7,0.1952,-0.0976,0.488,0.1261,-0.1622,0.5946,0.1952,0.1261
resnet18,8,default,minimal,strong,other,above_chance,7,0.1952,-0.0976,0.488,0.1261,-0.1622,0.5946,0.1952,0.1261
resnet18,8,default,default_unsigned,strong,strong,all,7,0.9048,0.2381,1.0,0.9643,0.2857,1.0,0.9048,0.9643
resnet18,8,default,default_unsigned,strong,strong,above_chance,7,0.9048,0.2381,1.0,0.9643,0.2857,1.0,0.9048,0.9643
resnet18,8,default,default_searched,strong,searched,all,7,1.0,0.9048,1.0,1.0,0.9643,1.0,1.0,1.0
resnet18,8,default,default_searched,strong,searched,above_chance,7,1.0,0.9048,1.0,1.0,0.9643,1.0,1.0,1.0
resnet18,8,default,default_no_bias_correction_searched,strong,searched,all,7,0.8095,0.1429,0.9759,0.8929,0.2143,0.991,0.8095,0.8929
resnet18,8,default,default_no_bias_correction_searched,strong,searched,above_chance,7,0.8095,0.1429,0.9759,0.8929,0.2143,0.991,0.8095,0.8929
resnet18,8,default,default_weight_maxabs_searched,strong,searched,all,7,0.1952,0.0476,0.5238,0.1261,-0.0357,0.6071,0.1952,0.1261
resnet18,8,default,default_weight_maxabs_searched,strong,searched,above_chance,7,0.1952,0.0476,0.5238,0.1261,-0.0357,0.6071,0.1952,0.1261
resnet18,8,default,minimal_searched,strong,searched,all,7,0.1952,-0.0976,0.488,0.1261,-0.1622,0.5946,0.1952,0.1261
resnet18,8,default,minimal_searched,strong,searched,above_chance,7,0.1952,-0.0976,0.488,0.1261,-0.1622,0.5946,0.1952,0.1261
resnet18,8,default,v1_maxabs,strong,weak,all,7,0.1952,-0.2928,0.3904,0.1261,-0.3424,0.5225,0.1952,0.1261
resnet18,8,default,v1_maxabs,strong,weak,above_chance,7,0.1952,-0.2928,0.3904,0.1261,-0.3424,0.5225,0.1952,0.1261
resnet18,8,default,v1_percentile_99_9,strong,weak,all,4,-0.1826,-0.1826,0.5477,-0.3162,-0.3162,0.7379,-0.1826,-0.3162
resnet18,8,default,v1_percentile_99_9,strong,weak,above_chance,4,-0.1826,-0.1826,0.5477,-0.3162,-0.3162,0.7379,-0.1826,-0.3162
resnet18,8,default_signed,default_no_bias_correction,strong,strong,all,7,0.7807,0.1952,0.9759,0.8829,0.2342,0.991,0.7807,0.8829
resnet18,8,default_signed,default_no_bias_correction,strong,strong,above_chance,7,0.7807,0.1952,0.9759,0.8829,0.2342,0.991,0.7807,0.8829
resnet18,8,default_signed,default_weight_maxabs,strong,strong,all,7,0.2,0.0,0.5855,0.1273,-0.0541,0.6307,0.2,0.1273
resnet18,8,default_signed,default_weight_maxabs,strong,strong,above_chance,7,0.2,0.0,0.5855,0.1273,-0.0541,0.6307,0.2,0.1273
resnet18,8,default_signed,cum3_act_mse,strong,other,all,7,0.1952,-0.0976,0.488,0.1261,-0.1622,0.5946,0.1952,0.1261
resnet18,8,default_signed,cum3_act_mse,strong,other,above_chance,7,0.1952,-0.0976,0.488,0.1261,-0.1622,0.5946,0.1952,0.1261
resnet18,8,default_signed,rank_signed_no_bias_correction,strong,other,all,7,0.8,0.1,1.0,0.8909,0.2355,1.0,0.8,0.8909
resnet18,8,default_signed,rank_signed_no_bias_correction,strong,other,above_chance,7,0.8,0.1,1.0,0.8909,0.2355,1.0,0.8,0.8909
resnet18,8,default_signed,rank_signed_weight_maxabs,strong,other,all,7,0.2,0.0,0.6,0.1273,-0.0909,0.6364,0.2,0.1273
resnet18,8,default_signed,rank_signed_weight_maxabs,strong,other,above_chance,7,0.2,0.0,0.6,0.1273,-0.0909,0.6364,0.2,0.1273
resnet18,8,default_signed,minimal,strong,other,all,7,0.2,-0.1,0.5,0.1273,-0.1636,0.6,0.2,0.1273
resnet18,8,default_signed,minimal,strong,other,above_chance,7,0.2,-0.1,0.5,0.1273,-0.1636,0.6,0.2,0.1273
resnet18,8,default_signed,default_unsigned,strong,strong,all,7,0.8783,0.1952,0.9759,0.955,0.2342,0.991,0.8783,0.955
resnet18,8,default_signed,default_unsigned,strong,strong,above_chance,7,0.8783,0.1952,0.9759,0.955,0.2342,0.991,0.8783,0.955
resnet18,8,default_signed,default_searched,strong,searched,all,7,0.9759,0.7807,0.9759,0.991,0.9009,0.991,0.9759,0.991
resnet18,8,default_signed,default_searched,strong,searched,above_chance,7,0.9759,0.7807,0.9759,0.991,0.9009,0.991,0.9759,0.991
resnet18,8,default_signed,default_no_bias_correction_searched,strong,searched,all,7,0.7807,0.1952,0.9759,0.8829,0.2342,0.991,0.7807,0.8829
resnet18,8,default_signed,default_no_bias_correction_searched,strong,searched,above_chance,7,0.7807,0.1952,0.9759,0.8829,0.2342,0.991,0.7807,0.8829
resnet18,8,default_signed,default_weight_maxabs_searched,strong,searched,all,7,0.2,0.0,0.5855,0.1273,-0.0541,0.6307,0.2,0.1273
resnet18,8,default_signed,default_weight_maxabs_searched,strong,searched,above_chance,7,0.2,0.0,0.5855,0.1273,-0.0541,0.6307,0.2,0.1273
resnet18,8,default_signed,minimal_searched,strong,searched,all,7,0.2,-0.1,0.5,0.1273,-0.1636,0.6,0.2,0.1273
resnet18,8,default_signed,minimal_searched,strong,searched,above_chance,7,0.2,-0.1,0.5,0.1273,-0.1636,0.6,0.2,0.1273
resnet18,8,default_signed,v1_maxabs,strong,weak,all,7,0.2,-0.3,0.4617,0.1273,-0.3455,0.5688,0.2,0.1273
resnet18,8,default_signed,v1_maxabs,strong,weak,above_chance,7,0.2,-0.3,0.4617,0.1273,-0.3455,0.5688,0.2,0.1273
resnet18,8,default_signed,v1_percentile_99_9,strong,weak,all,4,-0.2,-0.2,0.6,-0.3333,-0.3333,0.7778,-0.2,-0.3333
resnet18,8,default_signed,v1_percentile_99_9,strong,weak,above_chance,4,-0.2,-0.2,0.6,-0.3333,-0.3333,0.7778,-0.2,-0.3333
resnet18,8,default_no_bias_correction,default_weight_maxabs,strong,strong,all,7,0.3904,-0.1952,0.619,0.5225,-0.25,0.75,0.3904,0.5225
resnet18,8,default_no_bias_correction,default_weight_maxabs,strong,strong,above_chance,7,0.3904,-0.1952,0.619,0.5225,-0.25,0.75,0.3904,0.5225
resnet18,8,default_no_bias_correction,cum3_act_mse,strong,other,all,7,0.3333,-0.1429,0.619,0.5,-0.2143,0.7857,0.3333,0.5
resnet18,8,default_no_bias_correction,cum3_act_mse,strong,other,above_chance,7,0.3333,-0.1429,0.619,0.5,-0.2143,0.7857,0.3333,0.5
resnet18,8,default_no_bias_correction,rank_signed_no_bias_correction,strong,other,all,7,0.9759,0.6831,0.9759,0.991,0.7207,0.991,0.9759,0.991
resnet18,8,default_no_bias_correction,rank_signed_no_bias_correction,strong,other,above_chance,7,0.9759,0.6831,0.9759,0.991,0.7207,0.991,0.9759,0.991
resnet18,8,default_no_bias_correction,rank_signed_weight_maxabs,strong,other,all,7,0.3904,-0.1952,0.5855,0.5225,-0.2523,0.7568,0.3904,0.5225
resnet18,8,default_no_bias_correction,rank_signed_weight_maxabs,strong,other,above_chance,7,0.3904,-0.1952,0.5855,0.5225,-0.2523,0.7568,0.3904,0.5225
resnet18,8,default_no_bias_correction,minimal,strong,other,all,7,0.3904,-0.1952,0.6831,0.5225,-0.2162,0.7748,0.3904,0.5225
resnet18,8,default_no_bias_correction,minimal,strong,other,above_chance,7,0.3904,-0.1952,0.6831,0.5225,-0.2162,0.7748,0.3904,0.5225
resnet18,8,default_no_bias_correction,default_unsigned,strong,strong,all,7,0.7143,0.0476,0.9048,0.8571,0.1429,0.9643,0.7143,0.8571
resnet18,8,default_no_bias_correction,default_unsigned,strong,strong,above_chance,7,0.7143,0.0476,0.9048,0.8571,0.1429,0.9643,0.7143,0.8571
resnet18,8,default_no_bias_correction,default_searched,strong,searched,all,7,0.8095,0.1429,0.9759,0.8929,0.2143,0.991,0.8095,0.8929
resnet18,8,default_no_bias_correction,default_searched,strong,searched,above_chance,7,0.8095,0.1429,0.9759,0.8929,0.2143,0.991,0.8095,0.8929
resnet18,8,default_no_bias_correction,default_no_bias_correction_searched,strong,searched,all,7,1.0,1.0,1.0,1.0,1.0,1.0,1.0,1.0
resnet18,8,default_no_bias_correction,default_no_bias_correction_searched,strong,searched,above_chance,7,1.0,1.0,1.0,1.0,1.0,1.0,1.0,1.0
resnet18,8,default_no_bias_correction,default_weight_maxabs_searched,strong,searched,all,7,0.3904,-0.1952,0.619,0.5225,-0.25,0.75,0.3904,0.5225
resnet18,8,default_no_bias_correction,default_weight_maxabs_searched,strong,searched,above_chance,7,0.3904,-0.1952,0.619,0.5225,-0.25,0.75,0.3904,0.5225
resnet18,8,default_no_bias_correction,minimal_searched,strong,searched,all,7,0.3904,-0.1952,0.6831,0.5225,-0.2162,0.7748,0.3904,0.5225
resnet18,8,default_no_bias_correction,minimal_searched,strong,searched,above_chance,7,0.3904,-0.1952,0.6831,0.5225,-0.2162,0.7748,0.3904,0.5225
resnet18,8,default_no_bias_correction,v1_maxabs,strong,weak,all,7,0.3904,-0.2928,0.5855,0.5225,-0.3063,0.7388,0.3904,0.5225
resnet18,8,default_no_bias_correction,v1_maxabs,strong,weak,above_chance,7,0.3904,-0.2928,0.5855,0.5225,-0.3063,0.7388,0.3904,0.5225
resnet18,8,default_no_bias_correction,v1_percentile_99_9,strong,weak,all,4,0.5477,-0.1826,0.5477,0.7379,-0.3162,0.7379,0.5477,0.7379
resnet18,8,default_no_bias_correction,v1_percentile_99_9,strong,weak,above_chance,4,0.5477,-0.1826,0.5477,0.7379,-0.3162,0.7379,0.5477,0.7379
resnet18,8,default_weight_maxabs,cum3_act_mse,strong,other,all,7,0.7807,0.5238,1.0,0.8829,0.6429,1.0,0.7807,0.8829
resnet18,8,default_weight_maxabs,cum3_act_mse,strong,other,above_chance,7,0.7807,0.5238,1.0,0.8829,0.6429,1.0,0.7807,0.8829
resnet18,8,default_weight_maxabs,rank_signed_no_bias_correction,strong,other,all,7,0.4,-0.2928,0.6831,0.5273,-0.3063,0.7748,0.4,0.5273
resnet18,8,default_weight_maxabs,rank_signed_no_bias_correction,strong,other,above_chance,7,0.4,-0.2928,0.6831,0.5273,-0.3063,0.7748,0.4,0.5273
resnet18,8,default_weight_maxabs,rank_signed_weight_maxabs,strong,other,all,7,1.0,0.8783,0.9759,1.0,0.937,0.991,1.0,1.0
resnet18,8,default_weight_maxabs,rank_signed_weight_maxabs,strong,other,above_chance,6,1.0,0.8281,0.9661,1.0,0.8986,0.9856,1.0,1.0
resnet18,8,default_weight_maxabs,minimal,strong,other,all,7,0.8,0.5855,0.9759,0.8909,0.6307,0.991,0.8,0.8909
resnet18,8,default_weight_maxabs,minimal,strong,other,above_chance,7,0.8,0.5855,0.9759,0.8909,0.6307,0.991,0.8,0.8909
resnet18,8,default_weight_maxabs,default_unsigned,strong,strong,all,7,0.0976,-0.2928,0.5238,0.0901,-0.3214,0.6429,0.0976,0.0901
resnet18,8,default_weight_maxabs,default_unsigned,strong,strong,above_chance,7,0.0976,-0.2928,0.5238,0.0901,-0.3214,0.6429,0.0976,0.0901
resnet18,8,default_weight_maxabs,default_searched,strong,searched,all,7,0.1952,0.0476,0.5238,0.1261,-0.0357,0.6071,0.1952,0.1261
resnet18,8,default_weight_maxabs,default_searched,strong,searched,above_chance,7,0.1952,0.0476,0.5238,0.1261,-0.0357,0.6071,0.1952,0.1261
resnet18,8,default_weight_maxabs,default_no_bias_correction_searched,strong,searched,all,7,0.3904,-0.1952,0.619,0.5225,-0.25,0.75,0.3904,0.5225
resnet18,8,default_weight_maxabs,default_no_bias_correction_searched,strong,searched,above_chance,7,0.3904,-0.1952,0.619,0.5225,-0.25,0.75,0.3904,0.5225
resnet18,8,default_weight_maxabs,default_weight_maxabs_searched,strong,searched,all,7,1.0,0.9048,1.0,1.0,0.9643,1.0,1.0,1.0
resnet18,8,default_weight_maxabs,default_weight_maxabs_searched,strong,searched,above_chance,6,1.0,0.8667,1.0,1.0,0.9429,1.0,1.0,1.0
resnet18,8,default_weight_maxabs,minimal_searched,strong,searched,all,7,0.8,0.5855,0.9759,0.8909,0.6307,0.991,0.8,0.8909
resnet18,8,default_weight_maxabs,minimal_searched,strong,searched,above_chance,7,0.8,0.5855,0.9759,0.8909,0.6307,0.991,0.8,0.8909
resnet18,8,default_weight_maxabs,v1_maxabs,strong,weak,all,7,0.8,0.3904,0.9759,0.8909,0.5225,0.991,0.8,0.8909
resnet18,8,default_weight_maxabs,v1_maxabs,strong,weak,above_chance,6,0.7143,0.138,0.9661,0.8235,0.2319,0.9856,0.7143,0.8235
resnet18,8,default_weight_maxabs,v1_percentile_99_9,strong,weak,all,4,1.0,0.9129,0.9129,1.0,0.9487,0.9487,1.0,1.0
resnet18,8,default_weight_maxabs,v1_percentile_99_9,strong,weak,above_chance,3,1.0,0.8165,0.8165,1.0,0.866,0.866,1.0,1.0
resnet18,8,cum3_act_mse,rank_signed_no_bias_correction,other,other,all,7,0.3904,-0.1952,0.6831,0.5225,-0.2703,0.8108,0.3904,0.5225
resnet18,8,cum3_act_mse,rank_signed_no_bias_correction,other,other,above_chance,7,0.3904,-0.1952,0.6831,0.5225,-0.2703,0.8108,0.3904,0.5225
resnet18,8,cum3_act_mse,rank_signed_weight_maxabs,other,other,all,7,0.7807,0.5855,0.9759,0.8829,0.6307,0.991,0.7807,0.8829
resnet18,8,cum3_act_mse,rank_signed_weight_maxabs,other,other,above_chance,7,0.7807,0.5855,0.9759,0.8829,0.6307,0.991,0.7807,0.8829
resnet18,8,cum3_act_mse,minimal,other,other,all,7,0.9759,0.8783,0.9759,0.991,0.937,0.991,0.9759,0.991
resnet18,8,cum3_act_mse,minimal,other,other,above_chance,7,0.9759,0.8783,0.9759,0.991,0.937,0.991,0.9759,0.991
resnet18,8,cum3_act_mse,default_unsigned,other,strong,all,7,0.2381,-0.2381,0.5238,0.1786,-0.3214,0.6429,0.2381,0.1786
resnet18,8,cum3_act_mse,default_unsigned,other,strong,above_chance,7,0.2381,-0.2381,0.5238,0.1786,-0.3214,0.6429,0.2381,0.1786
resnet18,8,cum3_act_mse,default_searched,other,searched,all,7,0.1429,-0.0476,0.5238,0.1071,-0.1429,0.5714,0.1429,0.1071
resnet18,8,cum3_act_mse,default_searched,other,searched,above_chance,7,0.1429,-0.0476,0.5238,0.1071,-0.1429,0.5714,0.1429,0.1071
resnet18,8,cum3_act_mse,default_no_bias_correction_searched,other,searched,all,7,0.3333,-0.1429,0.619,0.5,-0.2143,0.7857,0.3333,0.5
resnet18,8,cum3_act_mse,default_no_bias_correction_searched,other,searched,above_chance,7,0.3333,-0.1429,0.619,0.5,-0.2143,0.7857,0.3333,0.5
resnet18,8,cum3_act_mse,default_weight_maxabs_searched,other,searched,all,7,0.7807,0.5238,1.0,0.8829,0.6429,1.0,0.7807,0.8829
resnet18,8,cum3_act_mse,default_weight_maxabs_searched,other,searched,above_chance,7,0.7807,0.5238,1.0,0.8829,0.6429,1.0,0.7807,0.8829
resnet18,8,cum3_act_mse,minimal_searched,other,searched,all,7,0.9759,0.8783,0.9759,0.991,0.937,0.991,0.9759,0.991
resnet18,8,cum3_act_mse,minimal_searched,other,searched,above_chance,7,0.9759,0.8783,0.9759,0.991,0.937,0.991,0.9759,0.991
resnet18,8,cum3_act_mse,v1_maxabs,other,weak,all,7,0.9759,0.488,0.9759,0.991,0.593,0.991,0.9759,0.991
resnet18,8,cum3_act_mse,v1_maxabs,other,weak,above_chance,7,0.9759,0.488,0.9759,0.991,0.593,0.991,0.9759,0.991
resnet18,8,cum3_act_mse,v1_percentile_99_9,other,weak,all,4,0.9129,0.9129,0.9129,0.9487,0.9487,0.9487,0.9129,0.9487
resnet18,8,cum3_act_mse,v1_percentile_99_9,other,weak,above_chance,4,0.9129,0.9129,0.9129,0.9487,0.9487,0.9487,0.9129,0.9487
resnet18,8,rank_signed_no_bias_correction,rank_signed_weight_maxabs,other,other,all,7,0.4,-0.3,0.7,0.5273,-0.3091,0.7818,0.4,0.5273
resnet18,8,rank_signed_no_bias_correction,rank_signed_weight_maxabs,other,other,above_chance,7,0.4,-0.3,0.7,0.5273,-0.3091,0.7818,0.4,0.5273
resnet18,8,rank_signed_no_bias_correction,minimal,other,other,all,7,0.4,-0.2,0.7,0.5273,-0.3091,0.8182,0.4,0.5273
resnet18,8,rank_signed_no_bias_correction,minimal,other,other,above_chance,7,0.4,-0.2,0.7,0.5273,-0.3091,0.8182,0.4,0.5273
resnet18,8,rank_signed_no_bias_correction,default_unsigned,other,strong,all,7,0.6831,0.0976,0.9759,0.8469,0.1261,0.991,0.6831,0.8469
resnet18,8,rank_signed_no_bias_correction,default_unsigned,other,strong,above_chance,7,0.6831,0.0976,0.9759,0.8469,0.1261,0.991,0.6831,0.8469
resnet18,8,rank_signed_no_bias_correction,default_searched,other,searched,all,7,0.7807,0.0976,0.9759,0.8829,0.2342,0.991,0.7807,0.8829
resnet18,8,rank_signed_no_bias_correction,default_searched,other,searched,above_chance,7,0.7807,0.0976,0.9759,0.8829,0.2342,0.991,0.7807,0.8829
resnet18,8,rank_signed_no_bias_correction,default_no_bias_correction_searched,other,searched,all,7,0.9759,0.6831,0.9759,0.991,0.7207,0.991,0.9759,0.991
resnet18,8,rank_signed_no_bias_correction,default_no_bias_correction_searched,other,searched,above_chance,7,0.9759,0.6831,0.9759,0.991,0.7207,0.991,0.9759,0.991
resnet18,8,rank_signed_no_bias_correction,default_weight_maxabs_searched,other,searched,all,7,0.4,-0.2928,0.6831,0.5273,-0.3063,0.7748,0.4,0.5273
resnet18,8,rank_signed_no_bias_correction,default_weight_maxabs_searched,other,searched,above_chance,7,0.4,-0.2928,0.6831,0.5273,-0.3063,0.7748,0.4,0.5273
resnet18,8,rank_signed_no_bias_correction,minimal_searched,other,searched,all,7,0.4,-0.2,0.7,0.5273,-0.3091,0.8182,0.4,0.5273
resnet18,8,rank_signed_no_bias_correction,minimal_searched,other,searched,above_chance,7,0.4,-0.2,0.7,0.5273,-0.3091,0.8182,0.4,0.5273
resnet18,8,rank_signed_no_bias_correction,v1_maxabs,other,weak,all,7,0.4,-0.3,0.6,0.5273,-0.3455,0.7455,0.4,0.5273
resnet18,8,rank_signed_no_bias_correction,v1_maxabs,other,weak,above_chance,7,0.4,-0.3,0.6,0.5273,-0.3455,0.7455,0.4,0.5273
resnet18,8,rank_signed_no_bias_correction,v1_percentile_99_9,other,weak,all,4,0.6,-0.2,0.6,0.7778,-0.3333,0.7778,0.6,0.7778
resnet18,8,rank_signed_no_bias_correction,v1_percentile_99_9,other,weak,above_chance,4,0.6,-0.2,0.6,0.7778,-0.3333,0.7778,0.6,0.7778
resnet18,8,rank_signed_weight_maxabs,minimal,other,other,all,7,0.8,0.5,1.0,0.8909,0.6364,1.0,0.8,0.8909
resnet18,8,rank_signed_weight_maxabs,minimal,other,other,above_chance,7,0.8,0.5,1.0,0.8909,0.6364,1.0,0.8,0.8909
resnet18,8,rank_signed_weight_maxabs,default_unsigned,other,strong,all,7,0.0976,-0.2928,0.488,0.0901,-0.3424,0.6307,0.0976,0.0901
resnet18,8,rank_signed_weight_maxabs,default_unsigned,other,strong,above_chance,7,0.0976,-0.2928,0.488,0.0901,-0.3424,0.6307,0.0976,0.0901
resnet18,8,rank_signed_weight_maxabs,default_searched,other,searched,all,7,0.1952,0.0,0.488,0.1261,-0.0541,0.5946,0.1952,0.1261
resnet18,8,rank_signed_weight_maxabs,default_searched,other,searched,above_chance,7,0.1952,0.0,0.488,0.1261,-0.0541,0.5946,0.1952,0.1261
resnet18,8,rank_signed_weight_maxabs,default_no_bias_correction_searched,other,searched,all,7,0.3904,-0.1952,0.5855,0.5225,-0.2523,0.7568,0.3904,0.5225
resnet18,8,rank_signed_weight_maxabs,default_no_bias_correction_searched,other,searched,above_chance,7,0.3904,-0.1952,0.5855,0.5225,-0.2523,0.7568,0.3904,0.5225
resnet18,8,rank_signed_weight_maxabs,default_weight_maxabs_searched,other,searched,all,7,1.0,0.8783,0.9759,1.0,0.937,0.991,1.0,1.0
resnet18,8,rank_signed_weight_maxabs,default_weight_maxabs_searched,other,searched,above_chance,6,1.0,0.8281,0.9661,1.0,0.8986,0.9856,1.0,1.0
resnet18,8,rank_signed_weight_maxabs,minimal_searched,other,searched,all,7,0.8,0.5,1.0,0.8909,0.6364,1.0,0.8,0.8909
resnet18,8,rank_signed_weight_maxabs,minimal_searched,other,searched,above_chance,7,0.8,0.5,1.0,0.8909,0.6364,1.0,0.8,0.8909
resnet18,8,rank_signed_weight_maxabs,v1_maxabs,other,weak,all,7,0.8,0.4,1.0,0.8909,0.5273,1.0,0.8,0.8909
resnet18,8,rank_signed_weight_maxabs,v1_maxabs,other,weak,above_chance,6,0.7143,0.1429,1.0,0.8235,0.2353,1.0,0.7143,0.8235
resnet18,8,rank_signed_weight_maxabs,v1_percentile_99_9,other,weak,all,4,1.0,1.0,1.0,1.0,1.0,1.0,1.0,1.0
resnet18,8,rank_signed_weight_maxabs,v1_percentile_99_9,other,weak,above_chance,3,1.0,1.0,1.0,1.0,1.0,1.0,1.0,1.0
resnet18,8,minimal,default_unsigned,other,strong,all,7,0.2928,-0.2928,0.5855,0.1982,-0.3063,0.6667,0.2928,0.1982
resnet18,8,minimal,default_unsigned,other,strong,above_chance,7,0.2928,-0.2928,0.5855,0.1982,-0.3063,0.6667,0.2928,0.1982
resnet18,8,minimal,default_searched,other,searched,all,7,0.1952,-0.0976,0.488,0.1261,-0.1441,0.5946,0.1952,0.1261
resnet18,8,minimal,default_searched,other,searched,above_chance,7,0.1952,-0.0976,0.488,0.1261,-0.1441,0.5946,0.1952,0.1261
resnet18,8,minimal,default_no_bias_correction_searched,other,searched,all,7,0.3904,-0.1952,0.6831,0.5225,-0.2162,0.7748,0.3904,0.5225
resnet18,8,minimal,default_no_bias_correction_searched,other,searched,above_chance,7,0.3904,-0.1952,0.6831,0.5225,-0.2162,0.7748,0.3904,0.5225
resnet18,8,minimal,default_weight_maxabs_searched,other,searched,all,7,0.8,0.5855,0.9759,0.8909,0.6307,0.991,0.8,0.8909
resnet18,8,minimal,default_weight_maxabs_searched,other,searched,above_chance,7,0.8,0.5855,0.9759,0.8909,0.6307,0.991,0.8,0.8909
resnet18,8,minimal,minimal_searched,other,searched,all,7,1.0,1.0,1.0,1.0,1.0,1.0,1.0,1.0
resnet18,8,minimal,minimal_searched,other,searched,above_chance,7,1.0,1.0,1.0,1.0,1.0,1.0,1.0,1.0
resnet18,8,minimal,v1_maxabs,other,weak,all,7,1.0,0.5,1.0,1.0,0.6,1.0,1.0,1.0
resnet18,8,minimal,v1_maxabs,other,weak,above_chance,7,1.0,0.5,1.0,1.0,0.6,1.0,1.0,1.0
resnet18,8,minimal,v1_percentile_99_9,other,weak,all,4,1.0,1.0,1.0,1.0,1.0,1.0,1.0,1.0
resnet18,8,minimal,v1_percentile_99_9,other,weak,above_chance,4,1.0,1.0,1.0,1.0,1.0,1.0,1.0,1.0
resnet18,8,default_unsigned,default_searched,strong,searched,all,7,0.9048,0.2381,1.0,0.9643,0.2857,1.0,0.9048,0.9643
resnet18,8,default_unsigned,default_searched,strong,searched,above_chance,7,0.9048,0.2381,1.0,0.9643,0.2857,1.0,0.9048,0.9643
resnet18,8,default_unsigned,default_no_bias_correction_searched,strong,searched,all,7,0.7143,0.0476,0.9048,0.8571,0.1429,0.9643,0.7143,0.8571
resnet18,8,default_unsigned,default_no_bias_correction_searched,strong,searched,above_chance,7,0.7143,0.0476,0.9048,0.8571,0.1429,0.9643,0.7143,0.8571
resnet18,8,default_unsigned,default_weight_maxabs_searched,strong,searched,all,7,0.0976,-0.3333,0.5238,0.0901,-0.3424,0.631,0.0976,0.0901
resnet18,8,default_unsigned,default_weight_maxabs_searched,strong,searched,above_chance,7,0.0976,-0.3333,0.5238,0.0901,-0.3424,0.631,0.0976,0.0901
resnet18,8,default_unsigned,minimal_searched,strong,searched,all,7,0.2928,-0.2928,0.5855,0.1982,-0.3063,0.6667,0.2928,0.1982
resnet18,8,default_unsigned,minimal_searched,strong,searched,above_chance,7,0.2928,-0.2928,0.5855,0.1982,-0.3063,0.6667,0.2928,0.1982
resnet18,8,default_unsigned,v1_maxabs,strong,weak,all,7,0.2928,-0.2928,0.488,0.1982,-0.3424,0.6307,0.2928,0.1982
resnet18,8,default_unsigned,v1_maxabs,strong,weak,above_chance,7,0.2928,-0.2928,0.488,0.1982,-0.3424,0.6307,0.2928,0.1982
resnet18,8,default_unsigned,v1_percentile_99_9,strong,weak,all,4,-0.1826,-0.1826,0.5477,-0.3162,-0.3162,0.7379,-0.1826,-0.3162
resnet18,8,default_unsigned,v1_percentile_99_9,strong,weak,above_chance,4,-0.1826,-0.1826,0.5477,-0.3162,-0.3162,0.7379,-0.1826,-0.3162
resnet18,8,default_searched,default_no_bias_correction_searched,searched,searched,all,7,0.8095,0.1429,0.9759,0.8929,0.2143,0.991,0.8095,0.8929
resnet18,8,default_searched,default_no_bias_correction_searched,searched,searched,above_chance,7,0.8095,0.1429,0.9759,0.8929,0.2143,0.991,0.8095,0.8929
resnet18,8,default_searched,default_weight_maxabs_searched,searched,searched,all,7,0.1952,0.0476,0.5238,0.1261,-0.0357,0.6071,0.1952,0.1261
resnet18,8,default_searched,default_weight_maxabs_searched,searched,searched,above_chance,7,0.1952,0.0476,0.5238,0.1261,-0.0357,0.6071,0.1952,0.1261
resnet18,8,default_searched,minimal_searched,searched,searched,all,7,0.1952,-0.0976,0.488,0.1261,-0.1441,0.5946,0.1952,0.1261
resnet18,8,default_searched,minimal_searched,searched,searched,above_chance,7,0.1952,-0.0976,0.488,0.1261,-0.1441,0.5946,0.1952,0.1261
resnet18,8,default_searched,v1_maxabs,searched,weak,all,7,0.1952,-0.2928,0.3904,0.1261,-0.3336,0.5225,0.1952,0.1261
resnet18,8,default_searched,v1_maxabs,searched,weak,above_chance,7,0.1952,-0.2928,0.3904,0.1261,-0.3336,0.5225,0.1952,0.1261
resnet18,8,default_searched,v1_percentile_99_9,searched,weak,all,4,-0.1826,-0.1826,0.5477,-0.3162,-0.3162,0.7379,-0.1826,-0.3162
resnet18,8,default_searched,v1_percentile_99_9,searched,weak,above_chance,4,-0.1826,-0.1826,0.5477,-0.3162,-0.3162,0.7379,-0.1826,-0.3162
resnet18,8,default_no_bias_correction_searched,default_weight_maxabs_searched,searched,searched,all,7,0.3904,-0.1952,0.619,0.5225,-0.25,0.75,0.3904,0.5225
resnet18,8,default_no_bias_correction_searched,default_weight_maxabs_searched,searched,searched,above_chance,7,0.3904,-0.1952,0.619,0.5225,-0.25,0.75,0.3904,0.5225
resnet18,8,default_no_bias_correction_searched,minimal_searched,searched,searched,all,7,0.3904,-0.1952,0.6831,0.5225,-0.2162,0.7748,0.3904,0.5225
resnet18,8,default_no_bias_correction_searched,minimal_searched,searched,searched,above_chance,7,0.3904,-0.1952,0.6831,0.5225,-0.2162,0.7748,0.3904,0.5225
resnet18,8,default_no_bias_correction_searched,v1_maxabs,searched,weak,all,7,0.3904,-0.2928,0.5855,0.5225,-0.3063,0.7388,0.3904,0.5225
resnet18,8,default_no_bias_correction_searched,v1_maxabs,searched,weak,above_chance,7,0.3904,-0.2928,0.5855,0.5225,-0.3063,0.7388,0.3904,0.5225
resnet18,8,default_no_bias_correction_searched,v1_percentile_99_9,searched,weak,all,4,0.5477,-0.1826,0.5477,0.7379,-0.3162,0.7379,0.5477,0.7379
resnet18,8,default_no_bias_correction_searched,v1_percentile_99_9,searched,weak,above_chance,4,0.5477,-0.1826,0.5477,0.7379,-0.3162,0.7379,0.5477,0.7379
resnet18,8,default_weight_maxabs_searched,minimal_searched,searched,searched,all,7,0.8,0.5855,0.9759,0.8909,0.6307,0.991,0.8,0.8909
resnet18,8,default_weight_maxabs_searched,minimal_searched,searched,searched,above_chance,7,0.8,0.5855,0.9759,0.8909,0.6307,0.991,0.8,0.8909
resnet18,8,default_weight_maxabs_searched,v1_maxabs,searched,weak,all,7,0.8,0.3904,0.9759,0.8909,0.5225,0.991,0.8,0.8909
resnet18,8,default_weight_maxabs_searched,v1_maxabs,searched,weak,above_chance,6,0.7143,0.138,0.9661,0.8235,0.2319,0.9856,0.7143,0.8235
resnet18,8,default_weight_maxabs_searched,v1_percentile_99_9,searched,weak,all,4,1.0,0.9129,0.9129,1.0,0.9487,0.9487,1.0,1.0
resnet18,8,default_weight_maxabs_searched,v1_percentile_99_9,searched,weak,above_chance,3,1.0,0.8165,0.8165,1.0,0.866,0.866,1.0,1.0
resnet18,8,minimal_searched,v1_maxabs,searched,weak,all,7,1.0,0.5,1.0,1.0,0.6,1.0,1.0,1.0
resnet18,8,minimal_searched,v1_maxabs,searched,weak,above_chance,7,1.0,0.5,1.0,1.0,0.6,1.0,1.0,1.0
resnet18,8,minimal_searched,v1_percentile_99_9,searched,weak,all,4,1.0,1.0,1.0,1.0,1.0,1.0,1.0,1.0
resnet18,8,minimal_searched,v1_percentile_99_9,searched,weak,above_chance,4,1.0,1.0,1.0,1.0,1.0,1.0,1.0,1.0
resnet18,8,v1_maxabs,v1_percentile_99_9,weak,weak,all,4,1.0,1.0,1.0,1.0,1.0,1.0,1.0,1.0
resnet18,8,v1_maxabs,v1_percentile_99_9,weak,weak,above_chance,3,1.0,1.0,1.0,1.0,1.0,1.0,1.0,1.0
resnet18,6,default,default_signed,strong,strong,all,7,1.0,0.9048,1.0,1.0,0.9643,1.0,1.0,1.0
resnet18,6,default,default_signed,strong,strong,above_chance,7,1.0,0.9048,1.0,1.0,0.9643,1.0,1.0,1.0
resnet18,6,default,default_no_bias_correction,strong,strong,all,7,0.5238,0.4286,0.8095,0.6786,0.5714,0.8929,0.5238,0.6786
resnet18,6,default,default_no_bias_correction,strong,strong,above_chance,7,0.5238,0.4286,0.8095,0.6786,0.5714,0.8929,0.5238,0.6786
resnet18,6,default,default_weight_maxabs,strong,strong,all,7,0.619,0.4286,0.7143,0.75,0.6429,0.7857,0.619,0.75
resnet18,6,default,default_weight_maxabs,strong,strong,above_chance,7,0.619,0.4286,0.7143,0.75,0.6429,0.7857,0.619,0.75
resnet18,6,default,cum3_act_mse,strong,other,all,7,0.4286,0.2381,0.5238,0.6429,0.4286,0.6786,0.4286,0.6429
resnet18,6,default,cum3_act_mse,strong,other,above_chance,7,0.4286,0.2381,0.5238,0.6429,0.4286,0.6786,0.4286,0.6429
resnet18,6,default,rank_signed_no_bias_correction,strong,other,all,7,0.5238,0.4286,0.8095,0.6786,0.5714,0.8929,0.5238,0.6786
resnet18,6,default,rank_signed_no_bias_correction,strong,other,above_chance,7,0.5238,0.4286,0.8095,0.6786,0.5714,0.8929,0.5238,0.6786
resnet18,6,default,rank_signed_weight_maxabs,strong,other,all,7,0.7143,0.5238,0.7143,0.7857,0.6786,0.7857,0.7143,0.7857
resnet18,6,default,rank_signed_weight_maxabs,strong,other,above_chance,7,0.7143,0.5238,0.7143,0.7857,0.6786,0.7857,0.7143,0.7857
resnet18,6,default,minimal,strong,other,all,7,0.4286,0.3333,0.5238,0.6429,0.5,0.6786,0.4286,0.6429
resnet18,6,default,minimal,strong,other,above_chance,7,0.4286,0.3333,0.5238,0.6429,0.5,0.6786,0.4286,0.6429
resnet18,6,default,default_unsigned,strong,strong,all,7,0.9048,0.7143,1.0,0.9643,0.8571,1.0,0.9048,0.9643
resnet18,6,default,default_unsigned,strong,strong,above_chance,7,0.9048,0.7143,1.0,0.9643,0.8571,1.0,0.9048,0.9643
resnet18,6,default,default_searched,strong,searched,all,7,1.0,0.8095,1.0,1.0,0.8929,1.0,1.0,1.0
resnet18,6,default,default_searched,strong,searched,above_chance,7,1.0,0.8095,1.0,1.0,0.8929,1.0,1.0,1.0
resnet18,6,default,default_no_bias_correction_searched,strong,searched,all,7,0.619,0.4286,0.8095,0.7143,0.6429,0.9286,0.619,0.7143
resnet18,6,default,default_no_bias_correction_searched,strong,searched,above_chance,7,0.619,0.4286,0.8095,0.7143,0.6429,0.9286,0.619,0.7143
resnet18,6,default,default_weight_maxabs_searched,strong,searched,all,7,0.619,0.4286,0.7143,0.75,0.6429,0.7857,0.619,0.75
resnet18,6,default,default_weight_maxabs_searched,strong,searched,above_chance,7,0.619,0.4286,0.7143,0.75,0.6429,0.7857,0.619,0.75
resnet18,6,default,minimal_searched,strong,searched,all,7,0.4286,0.3333,0.5238,0.6429,0.5,0.6786,0.4286,0.6429
resnet18,6,default,minimal_searched,strong,searched,above_chance,7,0.4286,0.3333,0.5238,0.6429,0.5,0.6786,0.4286,0.6429
resnet18,6,default,v1_maxabs,strong,weak,all,7,0.1429,-0.0476,0.2381,0.3214,-0.018,0.3571,0.1429,0.3214
resnet18,6,default,v1_maxabs,strong,weak,above_chance,7,0.1429,-0.0476,0.2381,0.3214,-0.018,0.3571,0.1429,0.3214
resnet18,6,default,v1_percentile_99_9,strong,weak,all,7,0.2381,0.0476,0.3333,0.3214,0.1429,0.3571,0.2381,0.3214
resnet18,6,default,v1_percentile_99_9,strong,weak,above_chance,7,0.2381,0.0476,0.3333,0.3214,0.1429,0.3571,0.2381,0.3214
resnet18,6,default_signed,default_no_bias_correction,strong,strong,all,7,0.5238,0.4286,0.8095,0.6786,0.6071,0.8929,0.5238,0.6786
resnet18,6,default_signed,default_no_bias_correction,strong,strong,above_chance,7,0.5238,0.4286,0.8095,0.6786,0.6071,0.8929,0.5238,0.6786
resnet18,6,default_signed,default_weight_maxabs,strong,strong,all,7,0.619,0.4286,0.7143,0.75,0.6429,0.7857,0.619,0.75
resnet18,6,default_signed,default_weight_maxabs,strong,strong,above_chance,7,0.619,0.4286,0.7143,0.75,0.6429,0.7857,0.619,0.75
resnet18,6,default_signed,cum3_act_mse,strong,other,all,7,0.4286,0.2381,0.5238,0.6429,0.4643,0.6786,0.4286,0.6429
resnet18,6,default_signed,cum3_act_mse,strong,other,above_chance,7,0.4286,0.2381,0.5238,0.6429,0.4643,0.6786,0.4286,0.6429
resnet18,6,default_signed,rank_signed_no_bias_correction,strong,other,all,7,0.5238,0.4286,0.8095,0.6786,0.6071,0.8929,0.5238,0.6786
resnet18,6,default_signed,rank_signed_no_bias_correction,strong,other,above_chance,7,0.5238,0.4286,0.8095,0.6786,0.6071,0.8929,0.5238,0.6786
resnet18,6,default_signed,rank_signed_weight_maxabs,strong,other,all,7,0.7143,0.5238,0.7143,0.7857,0.6786,0.7857,0.7143,0.7857
resnet18,6,default_signed,rank_signed_weight_maxabs,strong,other,above_chance,7,0.7143,0.5238,0.7143,0.7857,0.6786,0.7857,0.7143,0.7857
resnet18,6,default_signed,minimal,strong,other,all,7,0.4286,0.3333,0.5238,0.6429,0.5,0.6786,0.4286,0.6429
resnet18,6,default_signed,minimal,strong,other,above_chance,7,0.4286,0.3333,0.5238,0.6429,0.5,0.6786,0.4286,0.6429
resnet18,6,default_signed,default_unsigned,strong,strong,all,7,0.9048,0.7143,1.0,0.9643,0.8571,1.0,0.9048,0.9643
resnet18,6,default_signed,default_unsigned,strong,strong,above_chance,7,0.9048,0.7143,1.0,0.9643,0.8571,1.0,0.9048,0.9643
resnet18,6,default_signed,default_searched,strong,searched,all,7,1.0,0.8095,1.0,1.0,0.8929,1.0,1.0,1.0
resnet18,6,default_signed,default_searched,strong,searched,above_chance,7,1.0,0.8095,1.0,1.0,0.8929,1.0,1.0,1.0
resnet18,6,default_signed,default_no_bias_correction_searched,strong,searched,all,7,0.619,0.4286,0.8095,0.7143,0.6429,0.9286,0.619,0.7143
resnet18,6,default_signed,default_no_bias_correction_searched,strong,searched,above_chance,7,0.619,0.4286,0.8095,0.7143,0.6429,0.9286,0.619,0.7143
resnet18,6,default_signed,default_weight_maxabs_searched,strong,searched,all,7,0.619,0.4286,0.7143,0.75,0.6429,0.7857,0.619,0.75
resnet18,6,default_signed,default_weight_maxabs_searched,strong,searched,above_chance,7,0.619,0.4286,0.7143,0.75,0.6429,0.7857,0.619,0.75
resnet18,6,default_signed,minimal_searched,strong,searched,all,7,0.4286,0.3333,0.5238,0.6429,0.5,0.6786,0.4286,0.6429
resnet18,6,default_signed,minimal_searched,strong,searched,above_chance,7,0.4286,0.3333,0.5238,0.6429,0.5,0.6786,0.4286,0.6429
resnet18,6,default_signed,v1_maxabs,strong,weak,all,7,0.1429,-0.0476,0.2381,0.3214,0.0,0.3571,0.1429,0.3214
resnet18,6,default_signed,v1_maxabs,strong,weak,above_chance,7,0.1429,-0.0476,0.2381,0.3214,0.0,0.3571,0.1429,0.3214
resnet18,6,default_signed,v1_percentile_99_9,strong,weak,all,7,0.2381,0.0476,0.2381,0.3214,0.1429,0.3214,0.2381,0.3214
resnet18,6,default_signed,v1_percentile_99_9,strong,weak,above_chance,7,0.2381,0.0476,0.2381,0.3214,0.1429,0.3214,0.2381,0.3214
resnet18,6,default_no_bias_correction,default_weight_maxabs,strong,strong,all,7,0.5238,0.2381,0.619,0.7143,0.5357,0.75,0.5238,0.7143
resnet18,6,default_no_bias_correction,default_weight_maxabs,strong,strong,above_chance,7,0.5238,0.2381,0.619,0.7143,0.5357,0.75,0.5238,0.7143
resnet18,6,default_no_bias_correction,cum3_act_mse,strong,other,all,7,0.9048,0.5238,0.9048,0.9643,0.6786,0.9643,0.9048,0.9643
resnet18,6,default_no_bias_correction,cum3_act_mse,strong,other,above_chance,7,0.9048,0.5238,0.9048,0.9643,0.6786,0.9643,0.9048,0.9643
resnet18,6,default_no_bias_correction,rank_signed_no_bias_correction,strong,other,all,7,1.0,0.9048,1.0,1.0,0.9643,1.0,1.0,1.0
resnet18,6,default_no_bias_correction,rank_signed_no_bias_correction,strong,other,above_chance,7,1.0,0.9048,1.0,1.0,0.9643,1.0,1.0,1.0
resnet18,6,default_no_bias_correction,rank_signed_weight_maxabs,strong,other,all,7,0.619,0.3333,0.7143,0.75,0.5714,0.7857,0.619,0.75
resnet18,6,default_no_bias_correction,rank_signed_weight_maxabs,strong,other,above_chance,7,0.619,0.3333,0.7143,0.75,0.5714,0.7857,0.619,0.75
resnet18,6,default_no_bias_correction,minimal,strong,other,all,7,0.9048,0.5238,0.9048,0.9643,0.7143,0.9643,0.9048,0.9643
resnet18,6,default_no_bias_correction,minimal,strong,other,above_chance,7,0.9048,0.5238,0.9048,0.9643,0.7143,0.9643,0.9048,0.9643
resnet18,6,default_no_bias_correction,default_unsigned,strong,strong,all,7,0.619,0.4286,0.9048,0.75,0.6429,0.9643,0.619,0.75
resnet18,6,default_no_bias_correction,default_unsigned,strong,strong,above_chance,7,0.619,0.4286,0.9048,0.75,0.6429,0.9643,0.619,0.75
resnet18,6,default_no_bias_correction,default_searched,strong,searched,all,7,0.5238,0.3333,0.8095,0.6786,0.5714,0.8929,0.5238,0.6786
resnet18,6,default_no_bias_correction,default_searched,strong,searched,above_chance,7,0.5238,0.3333,0.8095,0.6786,0.5714,0.8929,0.5238,0.6786
resnet18,6,default_no_bias_correction,default_no_bias_correction_searched,strong,searched,all,7,0.9048,0.7143,1.0,0.9643,0.8571,1.0,0.9048,0.9643
resnet18,6,default_no_bias_correction,default_no_bias_correction_searched,strong,searched,above_chance,7,0.9048,0.7143,1.0,0.9643,0.8571,1.0,0.9048,0.9643
resnet18,6,default_no_bias_correction,default_weight_maxabs_searched,strong,searched,all,7,0.5238,0.2381,0.619,0.7143,0.5357,0.75,0.5238,0.7143
resnet18,6,default_no_bias_correction,default_weight_maxabs_searched,strong,searched,above_chance,7,0.5238,0.2381,0.619,0.7143,0.5357,0.75,0.5238,0.7143
resnet18,6,default_no_bias_correction,minimal_searched,strong,searched,all,7,0.9048,0.5238,0.9048,0.9643,0.7143,0.9643,0.9048,0.9643
resnet18,6,default_no_bias_correction,minimal_searched,strong,searched,above_chance,7,0.9048,0.5238,0.9048,0.9643,0.7143,0.9643,0.9048,0.9643
resnet18,6,default_no_bias_correction,v1_maxabs,strong,weak,all,7,0.619,0.1952,0.619,0.7143,0.2143,0.7143,0.619,0.7143
resnet18,6,default_no_bias_correction,v1_maxabs,strong,weak,above_chance,7,0.619,0.1952,0.619,0.7143,0.2143,0.7143,0.619,0.7143
resnet18,6,default_no_bias_correction,v1_percentile_99_9,strong,weak,all,7,0.5238,0.1429,0.5238,0.75,0.1786,0.75,0.5238,0.75
resnet18,6,default_no_bias_correction,v1_percentile_99_9,strong,weak,above_chance,7,0.5238,0.1429,0.5238,0.75,0.1786,0.75,0.5238,0.75
resnet18,6,default_weight_maxabs,cum3_act_mse,strong,other,all,7,0.619,0.4286,0.8095,0.8214,0.6071,0.8929,0.619,0.8214
resnet18,6,default_weight_maxabs,cum3_act_mse,strong,other,above_chance,7,0.619,0.4286,0.8095,0.8214,0.6071,0.8929,0.619,0.8214
resnet18,6,default_weight_maxabs,rank_signed_no_bias_correction,strong,other,all,7,0.5238,0.2381,0.619,0.7143,0.5357,0.75,0.5238,0.7143
resnet18,6,default_weight_maxabs,rank_signed_no_bias_correction,strong,other,above_chance,7,0.5238,0.2381,0.619,0.7143,0.5357,0.75,0.5238,0.7143
resnet18,6,default_weight_maxabs,rank_signed_weight_maxabs,strong,other,all,7,0.9048,0.9048,1.0,0.9643,0.9643,1.0,0.9048,0.9643
resnet18,6,default_weight_maxabs,rank_signed_weight_maxabs,strong,other,above_chance,6,0.8667,0.8667,1.0,0.9429,0.9429,1.0,0.8667,0.9429
resnet18,6,default_weight_maxabs,minimal,strong,other,all,7,0.619,0.5238,0.8095,0.8214,0.6786,0.8929,0.619,0.8214
resnet18,6,default_weight_maxabs,minimal,strong,other,above_chance,7,0.619,0.5238,0.8095,0.8214,0.6786,0.8929,0.619,0.8214
resnet18,6,default_weight_maxabs,default_unsigned,strong,strong,all,7,0.5238,0.3333,0.619,0.7143,0.4643,0.75,0.5238,0.7143
resnet18,6,default_weight_maxabs,default_unsigned,strong,strong,above_chance,7,0.5238,0.3333,0.619,0.7143,0.4643,0.75,0.5238,0.7143
resnet18,6,default_weight_maxabs,default_searched,strong,searched,all,7,0.619,0.3333,0.7143,0.75,0.6071,0.7857,0.619,0.75
resnet18,6,default_weight_maxabs,default_searched,strong,searched,above_chance,7,0.619,0.3333,0.7143,0.75,0.6071,0.7857,0.619,0.75
resnet18,6,default_weight_maxabs,default_no_bias_correction_searched,strong,searched,all,7,0.619,0.2381,0.619,0.75,0.5357,0.75,0.619,0.75
resnet18,6,default_weight_maxabs,default_no_bias_correction_searched,strong,searched,above_chance,7,0.619,0.2381,0.619,0.75,0.5357,0.75,0.619,0.75
resnet18,6,default_weight_maxabs,default_weight_maxabs_searched,strong,searched,all,7,1.0,0.8095,1.0,1.0,0.9286,1.0,1.0,1.0
resnet18,6,default_weight_maxabs,default_weight_maxabs_searched,strong,searched,above_chance,6,1.0,0.7333,1.0,1.0,0.8857,1.0,1.0,1.0
resnet18,6,default_weight_maxabs,minimal_searched,strong,searched,all,7,0.619,0.5238,0.8095,0.8214,0.6786,0.8929,0.619,0.8214
resnet18,6,default_weight_maxabs,minimal_searched,strong,searched,above_chance,7,0.619,0.5238,0.8095,0.8214,0.6786,0.8929,0.619,0.8214
resnet18,6,default_weight_maxabs,v1_maxabs,strong,weak,all,7,0.3333,0.1429,0.5238,0.5,0.2883,0.6786,0.3333,0.5
resnet18,6,default_weight_maxabs,v1_maxabs,strong,weak,above_chance,6,0.0667,-0.2,0.3333,0.2,-0.1429,0.4857,0.0667,0.2
resnet18,6,default_weight_maxabs,v1_percentile_99_9,strong,weak,all,7,0.619,0.4286,0.7143,0.6429,0.5357,0.7857,0.619,0.6429
resnet18,6,default_weight_maxabs,v1_percentile_99_9,strong,weak,above_chance,6,0.4667,0.2,0.6,0.4286,0.2571,0.6571,0.4667,0.4286
resnet18,6,cum3_act_mse,rank_signed_no_bias_correction,other,other,all,7,0.9048,0.5238,0.9048,0.9643,0.6786,0.9643,0.9048,0.9643
resnet18,6,cum3_act_mse,rank_signed_no_bias_correction,other,other,above_chance,7,0.9048,0.5238,0.9048,0.9643,0.6786,0.9643,0.9048,0.9643
resnet18,6,cum3_act_mse,rank_signed_weight_maxabs,other,other,all,7,0.7143,0.5238,0.8095,0.8571,0.6786,0.8929,0.7143,0.8571
resnet18,6,cum3_act_mse,rank_signed_weight_maxabs,other,other,above_chance,7,0.7143,0.5238,0.8095,0.8571,0.6786,0.8929,0.7143,0.8571
resnet18,6,cum3_act_mse,minimal,other,other,all,7,1.0,0.9048,1.0,1.0,0.9643,1.0,1.0,1.0
resnet18,6,cum3_act_mse,minimal,other,other,above_chance,7,1.0,0.9048,1.0,1.0,0.9643,1.0,1.0,1.0
resnet18,6,cum3_act_mse,default_unsigned,other,strong,all,7,0.5238,0.3333,0.7143,0.6786,0.4643,0.7857,0.5238,0.6786
resnet18,6,cum3_act_mse,default_unsigned,other,strong,above_chance,7,0.5238,0.3333,0.7143,0.6786,0.4643,0.7857,0.5238,0.6786
resnet18,6,cum3_act_mse,default_searched,other,searched,all,7,0.4286,0.2381,0.5238,0.6429,0.4286,0.6786,0.4286,0.6429
resnet18,6,cum3_act_mse,default_searched,other,searched,above_chance,7,0.4286,0.2381,0.5238,0.6429,0.4286,0.6786,0.4286,0.6429
resnet18,6,cum3_act_mse,default_no_bias_correction_searched,other,searched,all,7,0.8095,0.5238,0.9048,0.9286,0.6429,0.9643,0.8095,0.9286
resnet18,6,cum3_act_mse,default_no_bias_correction_searched,other,searched,above_chance,7,0.8095,0.5238,0.9048,0.9286,0.6429,0.9643,0.8095,0.9286
resnet18,6,cum3_act_mse,default_weight_maxabs_searched,other,searched,all,7,0.619,0.4286,0.7143,0.8214,0.5714,0.8571,0.619,0.8214
resnet18,6,cum3_act_mse,default_weight_maxabs_searched,other,searched,above_chance,7,0.619,0.4286,0.7143,0.8214,0.5714,0.8571,0.619,0.8214
resnet18,6,cum3_act_mse,minimal_searched,other,searched,all,7,1.0,0.8095,1.0,1.0,0.9286,1.0,1.0,1.0
resnet18,6,cum3_act_mse,minimal_searched,other,searched,above_chance,7,1.0,0.8095,1.0,1.0,0.9286,1.0,1.0,1.0
resnet18,6,cum3_act_mse,v1_maxabs,other,weak,all,7,0.7143,0.4286,0.8095,0.7857,0.5714,0.8929,0.7143,0.7857
resnet18,6,cum3_act_mse,v1_maxabs,other,weak,above_chance,7,0.7143,0.4286,0.8095,0.7857,0.5714,0.8929,0.7143,0.7857
resnet18,6,cum3_act_mse,v1_percentile_99_9,other,weak,all,7,0.619,0.4286,0.7143,0.8214,0.5357,0.8571,0.619,0.8214
resnet18,6,cum3_act_mse,v1_percentile_99_9,other,weak,above_chance,7,0.619,0.4286,0.7143,0.8214,0.5357,0.8571,0.619,0.8214
resnet18,6,rank_signed_no_bias_correction,rank_signed_weight_maxabs,other,other,all,7,0.619,0.3333,0.7143,0.75,0.5714,0.7857,0.619,0.75
resnet18,6,rank_signed_no_bias_correction,rank_signed_weight_maxabs,other,other,above_chance,7,0.619,0.3333,0.7143,0.75,0.5714,0.7857,0.619,0.75
resnet18,6,rank_signed_no_bias_correction,minimal,other,other,all,7,0.9048,0.5238,0.9048,0.9643,0.7143,0.9643,0.9048,0.9643
resnet18,6,rank_signed_no_bias_correction,minimal,other,other,above_chance,7,0.9048,0.5238,0.9048,0.9643,0.7143,0.9643,0.9048,0.9643
resnet18,6,rank_signed_no_bias_correction,default_unsigned,other,strong,all,7,0.619,0.4286,0.9048,0.75,0.6429,0.9643,0.619,0.75
resnet18,6,rank_signed_no_bias_correction,default_unsigned,other,strong,above_chance,7,0.619,0.4286,0.9048,0.75,0.6429,0.9643,0.619,0.75
resnet18,6,rank_signed_no_bias_correction,default_searched,other,searched,all,7,0.5238,0.3333,0.8095,0.6786,0.5714,0.8929,0.5238,0.6786
resnet18,6,rank_signed_no_bias_correction,default_searched,other,searched,above_chance,7,0.5238,0.3333,0.8095,0.6786,0.5714,0.8929,0.5238,0.6786
resnet18,6,rank_signed_no_bias_correction,default_no_bias_correction_searched,other,searched,all,7,0.9048,0.7143,1.0,0.9643,0.8571,1.0,0.9048,0.9643
resnet18,6,rank_signed_no_bias_correction,default_no_bias_correction_searched,other,searched,above_chance,7,0.9048,0.7143,1.0,0.9643,0.8571,1.0,0.9048,0.9643
resnet18,6,rank_signed_no_bias_correction,default_weight_maxabs_searched,other,searched,all,7,0.5238,0.2381,0.619,0.7143,0.5,0.75,0.5238,0.7143
resnet18,6,rank_signed_no_bias_correction,default_weight_maxabs_searched,other,searched,above_chance,7,0.5238,0.2381,0.619,0.7143,0.5,0.75,0.5238,0.7143
resnet18,6,rank_signed_no_bias_correction,minimal_searched,other,searched,all,7,0.9048,0.5238,0.9048,0.9643,0.7143,0.9643,0.9048,0.9643
resnet18,6,rank_signed_no_bias_correction,minimal_searched,other,searched,above_chance,7,0.9048,0.5238,0.9048,0.9643,0.7143,0.9643,0.9048,0.9643
resnet18,6,rank_signed_no_bias_correction,v1_maxabs,other,weak,all,7,0.619,0.1952,0.619,0.7143,0.2143,0.7143,0.619,0.7143
resnet18,6,rank_signed_no_bias_correction,v1_maxabs,other,weak,above_chance,7,0.619,0.1952,0.619,0.7143,0.2143,0.7143,0.619,0.7143
resnet18,6,rank_signed_no_bias_correction,v1_percentile_99_9,other,weak,all,7,0.5238,0.1429,0.5238,0.75,0.1429,0.75,0.5238,0.75
resnet18,6,rank_signed_no_bias_correction,v1_percentile_99_9,other,weak,above_chance,7,0.5238,0.1429,0.5238,0.75,0.1429,0.75,0.5238,0.75
resnet18,6,rank_signed_weight_maxabs,minimal,other,other,all,7,0.7143,0.5238,0.8095,0.8571,0.75,0.8929,0.7143,0.8571
resnet18,6,rank_signed_weight_maxabs,minimal,other,other,above_chance,7,0.7143,0.5238,0.8095,0.8571,0.75,0.8929,0.7143,0.8571
resnet18,6,rank_signed_weight_maxabs,default_unsigned,other,strong,all,7,0.619,0.3333,0.7143,0.75,0.5357,0.7857,0.619,0.75
resnet18,6,rank_signed_weight_maxabs,default_unsigned,other,strong,above_chance,7,0.619,0.3333,0.7143,0.75,0.5357,0.7857,0.619,0.75
resnet18,6,rank_signed_weight_maxabs,default_searched,other,searched,all,7,0.7143,0.4286,0.7143,0.7857,0.6429,0.7857,0.7143,0.7857
resnet18,6,rank_signed_weight_maxabs,default_searched,other,searched,above_chance,7,0.7143,0.4286,0.7143,0.7857,0.6429,0.7857,0.7143,0.7857
resnet18,6,rank_signed_weight_maxabs,default_no_bias_correction_searched,other,searched,all,7,0.7143,0.3333,0.7143,0.7857,0.5714,0.7857,0.7143,0.7857
resnet18,6,rank_signed_weight_maxabs,default_no_bias_correction_searched,other,searched,above_chance,7,0.7143,0.3333,0.7143,0.7857,0.5714,0.7857,0.7143,0.7857
resnet18,6,rank_signed_weight_maxabs,default_weight_maxabs_searched,other,searched,all,7,0.9048,0.7143,1.0,0.9643,0.8571,1.0,0.9048,0.9643
resnet18,6,rank_signed_weight_maxabs,default_weight_maxabs_searched,other,searched,above_chance,6,0.8667,0.6,1.0,0.9429,0.7714,1.0,0.8667,0.9429
resnet18,6,rank_signed_weight_maxabs,minimal_searched,other,searched,all,7,0.7143,0.5238,0.8095,0.8571,0.75,0.8929,0.7143,0.8571
resnet18,6,rank_signed_weight_maxabs,minimal_searched,other,searched,above_chance,7,0.7143,0.5238,0.8095,0.8571,0.75,0.8929,0.7143,0.8571
resnet18,6,rank_signed_weight_maxabs,v1_maxabs,other,weak,all,7,0.4286,0.1429,0.5238,0.6429,0.3214,0.6786,0.4286,0.6429
resnet18,6,rank_signed_weight_maxabs,v1_maxabs,other,weak,above_chance,6,0.2,-0.2,0.3333,0.4286,-0.0857,0.4857,0.2,0.4286
resnet18,6,rank_signed_weight_maxabs,v1_percentile_99_9,other,weak,all,7,0.5238,0.4286,0.7143,0.6071,0.5357,0.7857,0.5238,0.6071
resnet18,6,rank_signed_weight_maxabs,v1_percentile_99_9,other,weak,above_chance,6,0.3333,0.2,0.6,0.3714,0.2571,0.6571,0.3333,0.3714
resnet18,6,minimal,default_unsigned,other,strong,all,7,0.5238,0.3333,0.7143,0.6786,0.5,0.7857,0.5238,0.6786
resnet18,6,minimal,default_unsigned,other,strong,above_chance,7,0.5238,0.3333,0.7143,0.6786,0.5,0.7857,0.5238,0.6786
resnet18,6,minimal,default_searched,other,searched,all,7,0.4286,0.2381,0.5238,0.6429,0.4643,0.6786,0.4286,0.6429
resnet18,6,minimal,default_searched,other,searched,above_chance,7,0.4286,0.2381,0.5238,0.6429,0.4643,0.6786,0.4286,0.6429
resnet18,6,minimal,default_no_bias_correction_searched,other,searched,all,7,0.8095,0.5238,0.9048,0.9286,0.7143,0.9643,0.8095,0.9286
resnet18,6,minimal,default_no_bias_correction_searched,other,searched,above_chance,7,0.8095,0.5238,0.9048,0.9286,0.7143,0.9643,0.8095,0.9286
resnet18,6,minimal,default_weight_maxabs_searched,other,searched,all,7,0.619,0.4286,0.7143,0.8214,0.6786,0.8571,0.619,0.8214
resnet18,6,minimal,default_weight_maxabs_searched,other,searched,above_chance,7,0.619,0.4286,0.7143,0.8214,0.6786,0.8571,0.619,0.8214
resnet18,6,minimal,minimal_searched,other,searched,all,7,1.0,0.9048,1.0,1.0,0.9643,1.0,1.0,1.0
resnet18,6,minimal,minimal_searched,other,searched,above_chance,7,1.0,0.9048,1.0,1.0,0.9643,1.0,1.0,1.0
resnet18,6,minimal,v1_maxabs,other,weak,all,7,0.7143,0.4286,0.7143,0.7857,0.5357,0.8571,0.7143,0.7857
resnet18,6,minimal,v1_maxabs,other,weak,above_chance,7,0.7143,0.4286,0.7143,0.7857,0.5357,0.8571,0.7143,0.7857
resnet18,6,minimal,v1_percentile_99_9,other,weak,all,7,0.619,0.4286,0.7143,0.8214,0.5357,0.8571,0.619,0.8214
resnet18,6,minimal,v1_percentile_99_9,other,weak,above_chance,7,0.619,0.4286,0.7143,0.8214,0.5357,0.8571,0.619,0.8214
resnet18,6,default_unsigned,default_searched,strong,searched,all,7,0.9048,0.619,1.0,0.9643,0.7857,1.0,0.9048,0.9643
resnet18,6,default_unsigned,default_searched,strong,searched,above_chance,7,0.9048,0.619,1.0,0.9643,0.7857,1.0,0.9048,0.9643
resnet18,6,default_unsigned,default_no_bias_correction_searched,strong,searched,all,7,0.7143,0.5238,1.0,0.8214,0.6786,1.0,0.7143,0.8214
resnet18,6,default_unsigned,default_no_bias_correction_searched,strong,searched,above_chance,7,0.7143,0.5238,1.0,0.8214,0.6786,1.0,0.7143,0.8214
resnet18,6,default_unsigned,default_weight_maxabs_searched,strong,searched,all,7,0.5238,0.2381,0.619,0.7143,0.4643,0.75,0.5238,0.7143
resnet18,6,default_unsigned,default_weight_maxabs_searched,strong,searched,above_chance,7,0.5238,0.2381,0.619,0.7143,0.4643,0.75,0.5238,0.7143
resnet18,6,default_unsigned,minimal_searched,strong,searched,all,7,0.5238,0.3333,0.7143,0.6786,0.5,0.7857,0.5238,0.6786
resnet18,6,default_unsigned,minimal_searched,strong,searched,above_chance,7,0.5238,0.3333,0.7143,0.6786,0.5,0.7857,0.5238,0.6786
resnet18,6,default_unsigned,v1_maxabs,strong,weak,all,7,0.2381,0.0476,0.4286,0.3571,0.0357,0.4643,0.2381,0.3571
resnet18,6,default_unsigned,v1_maxabs,strong,weak,above_chance,7,0.2381,0.0476,0.4286,0.3571,0.0357,0.4643,0.2381,0.3571
resnet18,6,default_unsigned,v1_percentile_99_9,strong,weak,all,7,0.1429,-0.0476,0.3333,0.2857,0.0357,0.5357,0.1429,0.2857
resnet18,6,default_unsigned,v1_percentile_99_9,strong,weak,above_chance,7,0.1429,-0.0476,0.3333,0.2857,0.0357,0.5357,0.1429,0.2857
resnet18,6,default_searched,default_no_bias_correction_searched,searched,searched,all,7,0.619,0.4286,0.8095,0.7143,0.6071,0.9286,0.619,0.7143
resnet18,6,default_searched,default_no_bias_correction_searched,searched,searched,above_chance,7,0.619,0.4286,0.8095,0.7143,0.6071,0.9286,0.619,0.7143
resnet18,6,default_searched,default_weight_maxabs_searched,searched,searched,all,7,0.619,0.4286,0.7143,0.75,0.6429,0.7857,0.619,0.75
resnet18,6,default_searched,default_weight_maxabs_searched,searched,searched,above_chance,7,0.619,0.4286,0.7143,0.75,0.6429,0.7857,0.619,0.75
resnet18,6,default_searched,minimal_searched,searched,searched,all,7,0.4286,0.2381,0.5238,0.6429,0.5,0.6786,0.4286,0.6429
resnet18,6,default_searched,minimal_searched,searched,searched,above_chance,7,0.4286,0.2381,0.5238,0.6429,0.5,0.6786,0.4286,0.6429
resnet18,6,default_searched,v1_maxabs,searched,weak,all,7,0.1429,-0.1429,0.2381,0.3214,-0.1071,0.3571,0.1429,0.3214
resnet18,6,default_searched,v1_maxabs,searched,weak,above_chance,7,0.1429,-0.1429,0.2381,0.3214,-0.1071,0.3571,0.1429,0.3214
resnet18,6,default_searched,v1_percentile_99_9,searched,weak,all,7,0.2381,-0.0476,0.3333,0.3214,0.0,0.3571,0.2381,0.3214
resnet18,6,default_searched,v1_percentile_99_9,searched,weak,above_chance,7,0.2381,-0.0476,0.3333,0.3214,0.0,0.3571,0.2381,0.3214
resnet18,6,default_no_bias_correction_searched,default_weight_maxabs_searched,searched,searched,all,7,0.619,0.2381,0.619,0.75,0.5357,0.75,0.619,0.75
resnet18,6,default_no_bias_correction_searched,default_weight_maxabs_searched,searched,searched,above_chance,7,0.619,0.2381,0.619,0.75,0.5357,0.75,0.619,0.75
resnet18,6,default_no_bias_correction_searched,minimal_searched,searched,searched,all,7,0.8095,0.5238,0.9048,0.9286,0.7143,0.9643,0.8095,0.9286
resnet18,6,default_no_bias_correction_searched,minimal_searched,searched,searched,above_chance,7,0.8095,0.5238,0.9048,0.9286,0.7143,0.9643,0.8095,0.9286
resnet18,6,default_no_bias_correction_searched,v1_maxabs,searched,weak,all,7,0.5238,0.1429,0.619,0.6786,0.2143,0.7143,0.5238,0.6786
resnet18,6,default_no_bias_correction_searched,v1_maxabs,searched,weak,above_chance,7,0.5238,0.1429,0.619,0.6786,0.2143,0.7143,0.5238,0.6786
resnet18,6,default_no_bias_correction_searched,v1_percentile_99_9,searched,weak,all,7,0.4286,0.1429,0.5238,0.6071,0.1071,0.75,0.4286,0.6071
resnet18,6,default_no_bias_correction_searched,v1_percentile_99_9,searched,weak,above_chance,7,0.4286,0.1429,0.5238,0.6071,0.1071,0.75,0.4286,0.6071
resnet18,6,default_weight_maxabs_searched,minimal_searched,searched,searched,all,7,0.619,0.4286,0.7143,0.8214,0.6786,0.8571,0.619,0.8214
resnet18,6,default_weight_maxabs_searched,minimal_searched,searched,searched,above_chance,7,0.619,0.4286,0.7143,0.8214,0.6786,0.8571,0.619,0.8214
resnet18,6,default_weight_maxabs_searched,v1_maxabs,searched,weak,all,7,0.3333,0.0976,0.4286,0.5,0.1786,0.6429,0.3333,0.5
resnet18,6,default_weight_maxabs_searched,v1_maxabs,searched,weak,above_chance,6,0.0667,-0.276,0.2,0.2,-0.3143,0.4286,0.0667,0.2
resnet18,6,default_weight_maxabs_searched,v1_percentile_99_9,searched,weak,all,7,0.619,0.4286,0.7143,0.6429,0.5357,0.7857,0.619,0.6429
resnet18,6,default_weight_maxabs_searched,v1_percentile_99_9,searched,weak,above_chance,6,0.4667,0.2,0.6,0.4286,0.2571,0.6571,0.4667,0.4286
resnet18,6,minimal_searched,v1_maxabs,searched,weak,all,7,0.7143,0.4286,0.7143,0.7857,0.5714,0.8571,0.7143,0.7857
resnet18,6,minimal_searched,v1_maxabs,searched,weak,above_chance,7,0.7143,0.4286,0.7143,0.7857,0.5714,0.8571,0.7143,0.7857
resnet18,6,minimal_searched,v1_percentile_99_9,searched,weak,all,7,0.619,0.4286,0.7143,0.8214,0.5357,0.8571,0.619,0.8214
resnet18,6,minimal_searched,v1_percentile_99_9,searched,weak,above_chance,7,0.619,0.4286,0.7143,0.8214,0.5357,0.8571,0.619,0.8214
resnet18,6,v1_maxabs,v1_percentile_99_9,weak,weak,all,7,0.5238,0.2381,0.619,0.6786,0.3929,0.75,0.5238,0.6786
resnet18,6,v1_maxabs,v1_percentile_99_9,weak,weak,above_chance,6,0.3333,-0.0667,0.4667,0.4857,0.0286,0.6,0.3333,0.4857
resnet18,le5,default,default_signed,strong,strong,all,10,1.0,0.7778,1.0,1.0,0.8182,1.0,1.0,1.0
resnet18,le5,default,default_no_bias_correction,strong,strong,all,10,0.5556,0.2,0.7333,0.7576,0.297,0.8667,0.5556,0.7576
resnet18,le5,default,default_no_bias_correction,strong,strong,above_chance,8,0.7857,0.4286,0.9286,0.9048,0.5476,0.9762,0.7857,0.9048
resnet18,le5,default,default_weight_maxabs,strong,strong,all,10,0.6889,0.3778,0.8222,0.8545,0.5758,0.9273,0.6889,0.8545
resnet18,le5,default,default_weight_maxabs,strong,strong,above_chance,5,0.6,0.4,0.8,0.8,0.6,0.9,0.6,0.8
resnet18,le5,default,cum3_act_mse,strong,other,all,10,0.5111,0.1556,0.6889,0.697,0.2675,0.8184,0.5111,0.697
resnet18,le5,default,cum3_act_mse,strong,other,above_chance,8,0.7143,0.4001,0.8571,0.8333,0.5,0.9286,0.7143,0.8333
resnet18,le5,default,rank_signed_no_bias_correction,strong,other,all,10,0.4667,0.1556,0.6889,0.6606,0.2606,0.7939,0.4667,0.6606
resnet18,le5,default,rank_signed_no_bias_correction,strong,other,above_chance,8,0.6429,0.3571,0.7857,0.8095,0.4762,0.9048,0.6429,0.8095
resnet18,le5,default,rank_signed_weight_maxabs,strong,other,all,10,0.6889,0.3778,0.8222,0.8424,0.5879,0.9394,0.6889,0.8424
resnet18,le5,default,rank_signed_weight_maxabs,strong,other,above_chance,5,0.6,0.4,0.8,0.8,0.6,0.9,0.6,0.8
resnet18,le5,default,minimal,strong,other,all,10,0.4667,0.1556,0.6889,0.6606,0.2726,0.7939,0.4667,0.6606
resnet18,le5,default,minimal,strong,other,above_chance,8,0.6429,0.3571,0.7857,0.8095,0.4762,0.9048,0.6429,0.8095
resnet18,le5,default,default_unsigned,strong,strong,all,10,0.7333,0.4222,0.8667,0.8061,0.4788,0.9394,0.7333,0.8061
resnet18,le5,default,default_searched,strong,searched,all,10,1.0,0.7778,1.0,1.0,0.8182,1.0,1.0,1.0
resnet18,le5,default,default_no_bias_correction_searched,strong,searched,all,10,0.6,0.2,0.7778,0.7697,0.3343,0.8667,0.6,0.7697
resnet18,le5,default,default_no_bias_correction_searched,strong,searched,above_chance,8,0.8571,0.5,0.9286,0.9286,0.619,0.9762,0.8571,0.9286
resnet18,le5,default,default_weight_maxabs_searched,strong,searched,all,10,0.6889,0.3778,0.8222,0.8545,0.5758,0.9273,0.6889,0.8545
resnet18,le5,default,default_weight_maxabs_searched,strong,searched,above_chance,5,0.6,0.4,0.8,0.8,0.6,0.9,0.6,0.8
resnet18,le5,default,minimal_searched,strong,searched,all,10,0.4667,0.1556,0.6889,0.6606,0.2726,0.7939,0.4667,0.6606
resnet18,le5,default,minimal_searched,strong,searched,above_chance,8,0.6429,0.3571,0.7857,0.8095,0.4762,0.9048,0.6429,0.8095
resnet18,le5,default,v1_maxabs,strong,weak,all,5,0.7379,-0.527,0.9487,0.8721,-0.6,0.9747,0.7379,0.8721
resnet18,le5,default,v1_percentile_99_9,strong,weak,all,10,0.5229,0.1348,0.6742,0.7012,0.2675,0.8171,0.5229,0.7012
resnet18,le5,default,v1_percentile_99_9,strong,weak,above_chance,8,0.691,0.3571,0.7857,0.8264,0.4762,0.9286,0.691,0.8264
resnet18,le5,default_signed,default_no_bias_correction,strong,strong,all,10,0.5556,0.2,0.7333,0.7576,0.3333,0.8545,0.5556,0.7576
resnet18,le5,default_signed,default_no_bias_correction,strong,strong,above_chance,8,0.7857,0.4286,0.9286,0.9048,0.5476,0.9762,0.7857,0.9048
resnet18,le5,default_signed,default_weight_maxabs,strong,strong,all,10,0.6889,0.2889,0.8667,0.8545,0.4424,0.9605,0.6889,0.8545
resnet18,le5,default_signed,default_weight_maxabs,strong,strong,above_chance,5,0.6,0.4,0.8,0.8,0.6,0.9,0.6,0.8
resnet18,le5,default_signed,cum3_act_mse,strong,other,all,10,0.5111,0.2,0.6889,0.697,0.297,0.8061,0.5111,0.697
resnet18,le5,default_signed,cum3_act_mse,strong,other,above_chance,8,0.7143,0.3571,0.8571,0.8333,0.479,0.9286,0.7143,0.8333
resnet18,le5,default_signed,rank_signed_no_bias_correction,strong,other,all,10,0.4667,0.1556,0.6444,0.6606,0.2485,0.7939,0.4667,0.6606
resnet18,le5,default_signed,rank_signed_no_bias_correction,strong,other,above_chance,8,0.6429,0.2857,0.7857,0.8095,0.4286,0.9048,0.6429,0.8095
resnet18,le5,default_signed,rank_signed_weight_maxabs,strong,other,all,10,0.6889,0.3333,0.8222,0.8424,0.4909,0.9394,0.6889,0.8424
resnet18,le5,default_signed,rank_signed_weight_maxabs,strong,other,above_chance,5,0.6,0.2,0.8,0.8,0.5,0.9,0.6,0.8
resnet18,le5,default_signed,minimal,strong,other,all,10,0.4667,0.1556,0.6444,0.6606,0.2606,0.7939,0.4667,0.6606
resnet18,le5,default_signed,minimal,strong,other,above_chance,8,0.6429,0.3571,0.7857,0.8095,0.4524,0.9048,0.6429,0.8095
resnet18,le5,default_signed,default_unsigned,strong,strong,all,10,0.7333,0.3778,0.8222,0.8061,0.4424,0.9273,0.7333,0.8061
resnet18,le5,default_signed,default_searched,strong,searched,all,10,1.0,0.6889,1.0,1.0,0.7455,1.0,1.0,1.0
resnet18,le5,default_signed,default_no_bias_correction_searched,strong,searched,all,10,0.6,0.2444,0.7333,0.7697,0.3697,0.8667,0.6,0.7697
resnet18,le5,default_signed,default_no_bias_correction_searched,strong,searched,above_chance,8,0.8571,0.5,0.9286,0.9286,0.619,0.9762,0.8571,0.9286
resnet18,le5,default_signed,default_weight_maxabs_searched,strong,searched,all,10,0.6889,0.2889,0.8667,0.8545,0.4424,0.9605,0.6889,0.8545
resnet18,le5,default_signed,default_weight_maxabs_searched,strong,searched,above_chance,5,0.6,0.4,0.8,0.8,0.6,0.9,0.6,0.8
resnet18,le5,default_signed,minimal_searched,strong,searched,all,10,0.4667,0.1556,0.6444,0.6606,0.2606,0.7939,0.4667,0.6606
resnet18,le5,default_signed,minimal_searched,strong,searched,above_chance,8,0.6429,0.3571,0.7857,0.8095,0.4524,0.9048,0.6429,0.8095
resnet18,le5,default_signed,v1_maxabs,strong,weak,all,5,0.7379,-0.527,0.9487,0.8721,-0.6669,0.9747,0.7379,0.8721
resnet18,le5,default_signed,v1_percentile_99_9,strong,weak,all,10,0.5229,0.1798,0.6742,0.7012,0.2918,0.8024,0.5229,0.7012
resnet18,le5,default_signed,v1_percentile_99_9,strong,weak,above_chance,8,0.691,0.3571,0.7857,0.8264,0.4762,0.9286,0.691,0.8264
resnet18,le5,default_no_bias_correction,default_weight_maxabs,strong,strong,all,10,0.5111,0.2889,0.6889,0.7455,0.4303,0.8667,0.5111,0.7455
resnet18,le5,default_no_bias_correction,default_weight_maxabs,strong,strong,above_chance,8,0.5714,0.3571,0.6429,0.7619,0.5,0.8095,0.5714,0.7619
resnet18,le5,default_no_bias_correction,cum3_act_mse,strong,other,all,10,0.9556,0.8667,1.0,0.9879,0.9515,1.0,0.9556,0.9879
resnet18,le5,default_no_bias_correction,cum3_act_mse,strong,other,above_chance,8,0.9286,0.7857,1.0,0.9762,0.9286,1.0,0.9286,0.9762
resnet18,le5,default_no_bias_correction,rank_signed_no_bias_correction,strong,other,all,10,0.9111,0.8667,0.9556,0.9636,0.9273,0.9879,0.9111,0.9636
resnet18,le5,default_no_bias_correction,rank_signed_no_bias_correction,strong,other,above_chance,8,0.8571,0.7857,0.9286,0.9286,0.8571,0.9762,0.8571,0.9286
resnet18,le5,default_no_bias_correction,rank_signed_weight_maxabs,strong,other,all,10,0.5111,0.2889,0.6889,0.7333,0.4424,0.8667,0.5111,0.7333
resnet18,le5,default_no_bias_correction,rank_signed_weight_maxabs,strong,other,above_chance,8,0.5714,0.3571,0.6429,0.7381,0.5,0.8095,0.5714,0.7381
resnet18,le5,default_no_bias_correction,minimal,strong,other,all,10,0.9111,0.8222,0.9556,0.9636,0.9273,0.9879,0.9111,0.9636
resnet18,le5,default_no_bias_correction,minimal,strong,other,above_chance,8,0.8571,0.7143,0.9286,0.9286,0.8571,0.9762,0.8571,0.9286
resnet18,le5,default_no_bias_correction,default_unsigned,strong,strong,all,10,0.7333,0.4667,0.8667,0.8788,0.5997,0.9515,0.7333,0.8788
resnet18,le5,default_no_bias_correction,default_unsigned,strong,strong,above_chance,8,0.9286,0.7143,1.0,0.9762,0.8333,1.0,0.9286,0.9762
resnet18,le5,default_no_bias_correction,default_searched,strong,searched,all,10,0.5556,0.1111,0.7333,0.7576,0.2364,0.8667,0.5556,0.7576
resnet18,le5,default_no_bias_correction,default_searched,strong,searched,above_chance,8,0.7857,0.3571,0.8571,0.9048,0.4762,0.9524,0.7857,0.9048
resnet18,le5,default_no_bias_correction,default_no_bias_correction_searched,strong,searched,all,10,0.9556,0.9556,1.0,0.9879,0.9879,1.0,0.9556,0.9879
resnet18,le5,default_no_bias_correction,default_no_bias_correction_searched,strong,searched,above_chance,8,0.9286,0.9286,1.0,0.9762,0.9762,1.0,0.9286,0.9762
resnet18,le5,default_no_bias_correction,default_weight_maxabs_searched,strong,searched,all,10,0.5111,0.2889,0.6889,0.7455,0.4303,0.8667,0.5111,0.7455
resnet18,le5,default_no_bias_correction,default_weight_maxabs_searched,strong,searched,above_chance,8,0.5714,0.3571,0.6429,0.7619,0.5,0.8095,0.5714,0.7619
resnet18,le5,default_no_bias_correction,minimal_searched,strong,searched,all,10,0.9111,0.8222,0.9556,0.9636,0.9273,0.9879,0.9111,0.9636
resnet18,le5,default_no_bias_correction,minimal_searched,strong,searched,above_chance,8,0.8571,0.7143,0.9286,0.9286,0.8571,0.9762,0.8571,0.9286
resnet18,le5,default_no_bias_correction,v1_maxabs,strong,weak,all,5,0.7379,0.3162,1.0,0.8208,0.5643,1.0,0.7379,0.8208
resnet18,le5,default_no_bias_correction,v1_maxabs,strong,weak,above_chance,3,1.0,0.3333,1.0,1.0,0.5,1.0,1.0,1.0
resnet18,le5,default_no_bias_correction,v1_percentile_99_9,strong,weak,all,10,0.9321,0.854,0.9888,0.9817,0.9483,0.997,0.9321,0.9817
resnet18,le5,default_no_bias_correction,v1_percentile_99_9,strong,weak,above_chance,8,0.9092,0.7857,1.0,0.9701,0.9048,1.0,0.9092,0.9701
resnet18,le5,default_weight_maxabs,cum3_act_mse,strong,other,all,10,0.4667,0.2444,0.6444,0.6727,0.3939,0.8182,0.4667,0.6727
resnet18,le5,default_weight_maxabs,cum3_act_mse,strong,other,above_chance,8,0.5,0.2857,0.5,0.6667,0.4286,0.6667,0.5,0.6667
resnet18,le5,default_weight_maxabs,rank_signed_no_bias_correction,strong,other,all,10,0.4222,0.2,0.6,0.6485,0.3333,0.7939,0.4222,0.6485
resnet18,le5,default_weight_maxabs,rank_signed_no_bias_correction,strong,other,above_chance,8,0.4286,0.1818,0.5,0.619,0.3571,0.6667,0.4286,0.619
resnet18,le5,default_weight_maxabs,rank_signed_weight_maxabs,strong,other,all,10,0.9111,0.8667,0.9111,0.9636,0.9515,0.9636,0.9111,0.9636
resnet18,le5,default_weight_maxabs,rank_signed_weight_maxabs,strong,other,above_chance,5,0.6,0.4,0.6,0.7,0.6,0.7,0.6,0.7
resnet18,le5,default_weight_maxabs,minimal,strong,other,all,10,0.4222,0.2,0.6,0.6485,0.3697,0.7939,0.4222,0.6485
resnet18,le5,default_weight_maxabs,minimal,strong,other,above_chance,8,0.4286,0.2143,0.4286,0.619,0.381,0.619,0.4286,0.619
resnet18,le5,default_weight_maxabs,default_unsigned,strong,strong,all,10,0.5111,0.1556,0.6889,0.6848,0.297,0.8424,0.5111,0.6848
resnet18,le5,default_weight_maxabs,default_unsigned,strong,strong,above_chance,5,0.6,0.4,0.8,0.8,0.6,0.9,0.6,0.8
resnet18,le5,default_weight_maxabs,default_searched,strong,searched,all,10,0.6889,0.4222,0.8222,0.8545,0.6242,0.9394,0.6889,0.8545
resnet18,le5,default_weight_maxabs,default_searched,strong,searched,above_chance,5,0.6,0.4,0.8,0.8,0.6,0.9,0.6,0.8
resnet18,le5,default_weight_maxabs,default_no_bias_correction_searched,strong,searched,all,10,0.5556,0.3333,0.7333,0.7697,0.4985,0.8909,0.5556,0.7697
resnet18,le5,default_weight_maxabs,default_no_bias_correction_searched,strong,searched,above_chance,8,0.6429,0.4286,0.7143,0.8095,0.5952,0.8333,0.6429,0.8095
resnet18,le5,default_weight_maxabs,default_weight_maxabs_searched,strong,searched,all,10,1.0,1.0,1.0,1.0,1.0,1.0,1.0,1.0
resnet18,le5,default_weight_maxabs,default_weight_maxabs_searched,strong,searched,above_chance,5,1.0,1.0,1.0,1.0,1.0,1.0,1.0,1.0
resnet18,le5,default_weight_maxabs,minimal_searched,strong,searched,all,10,0.4222,0.2,0.6,0.6485,0.3697,0.7939,0.4222,0.6485
resnet18,le5,default_weight_maxabs,minimal_searched,strong,searched,above_chance,8,0.4286,0.2143,0.4286,0.619,0.381,0.619,0.4286,0.619
resnet18,le5,default_weight_maxabs,v1_maxabs,strong,weak,all,5,0.3162,-0.527,0.4,0.4617,-0.6156,0.6,0.3162,0.4617
resnet18,le5,default_weight_maxabs,v1_maxabs,strong,weak,above_chance,3,-1.0,-1.0,-1.0,-1.0,-1.0,-1.0,-1.0,-1.0
resnet18,le5,default_weight_maxabs,v1_percentile_99_9,strong,weak,all,10,0.5229,0.2697,0.6742,0.689,0.4012,0.8207,0.5229,0.689
resnet18,le5,default_weight_maxabs,v1_percentile_99_9,strong,weak,above_chance,8,0.5455,0.2857,0.5714,0.6826,0.4286,0.6905,0.5455,0.6826
resnet18,le5,cum3_act_mse,rank_signed_no_bias_correction,other,other,all,10,0.9556,0.8222,1.0,0.9879,0.9394,1.0,0.9556,0.9879
resnet18,le5,cum3_act_mse,rank_signed_no_bias_correction,other,other,above_chance,8,0.9286,0.7857,1.0,0.9762,0.9048,1.0,0.9286,0.9762
resnet18,le5,cum3_act_mse,rank_signed_weight_maxabs,other,other,all,10,0.4667,0.2444,0.6444,0.6848,0.4061,0.8303,0.4667,0.6848
resnet18,le5,cum3_act_mse,rank_signed_weight_maxabs,other,other,above_chance,8,0.5,0.2857,0.5714,0.6905,0.4524,0.7143,0.5,0.6905
resnet18,le5,cum3_act_mse,minimal,other,other,all,10,0.9556,0.9111,1.0,0.9879,0.9636,1.0,0.9556,0.9879
resnet18,le5,cum3_act_mse,minimal,other,other,above_chance,8,0.9286,0.8571,1.0,0.9762,0.9286,1.0,0.9286,0.9762
resnet18,le5,cum3_act_mse,default_unsigned,other,strong,all,10,0.7778,0.4667,0.9111,0.8909,0.6,0.9636,0.7778,0.8909
resnet18,le5,cum3_act_mse,default_unsigned,other,strong,above_chance,8,1.0,0.7143,1.0,1.0,0.8333,1.0,1.0,1.0
resnet18,le5,cum3_act_mse,default_searched,other,searched,all,10,0.5111,0.1111,0.6889,0.697,0.2,0.8182,0.5111,0.697
resnet18,le5,cum3_act_mse,default_searched,other,searched,above_chance,8,0.7143,0.2857,0.7857,0.8333,0.4286,0.9286,0.7143,0.8333
resnet18,le5,cum3_act_mse,default_no_bias_correction_searched,other,searched,all,10,0.9111,0.8222,0.9556,0.9758,0.9394,0.9879,0.9111,0.9758
resnet18,le5,cum3_act_mse,default_no_bias_correction_searched,other,searched,above_chance,8,0.8571,0.7857,0.9286,0.9524,0.9048,0.9762,0.8571,0.9524
resnet18,le5,cum3_act_mse,default_weight_maxabs_searched,other,searched,all,10,0.4667,0.2444,0.6444,0.6727,0.3939,0.8182,0.4667,0.6727
resnet18,le5,cum3_act_mse,default_weight_maxabs_searched,other,searched,above_chance,8,0.5,0.2857,0.5,0.6667,0.4286,0.6667,0.5,0.6667
resnet18,le5,cum3_act_mse,minimal_searched,other,searched,all,10,0.9556,0.9111,1.0,0.9879,0.9636,1.0,0.9556,0.9879
resnet18,le5,cum3_act_mse,minimal_searched,other,searched,above_chance,8,0.9286,0.8571,1.0,0.9762,0.9286,1.0,0.9286,0.9762
resnet18,le5,cum3_act_mse,v1_maxabs,other,weak,all,5,0.7379,0.4,1.0,0.8208,0.6,1.0,0.7379,0.8208
resnet18,le5,cum3_act_mse,v1_maxabs,other,weak,above_chance,3,1.0,1.0,1.0,1.0,1.0,1.0,1.0,1.0
resnet18,le5,cum3_act_mse,v1_percentile_99_9,other,weak,all,10,0.9775,0.8989,0.9888,0.9939,0.9726,0.997,0.9775,0.9939
resnet18,le5,cum3_act_mse,v1_percentile_99_9,other,weak,above_chance,8,0.982,0.8571,1.0,0.994,0.9524,1.0,0.982,0.994
resnet18,le5,rank_signed_no_bias_correction,rank_signed_weight_maxabs,other,other,all,10,0.5111,0.2889,0.6889,0.697,0.3939,0.8424,0.5111,0.697
resnet18,le5,rank_signed_no_bias_correction,rank_signed_weight_maxabs,other,other,above_chance,8,0.5714,0.2857,0.6429,0.7143,0.4524,0.7857,0.5714,0.7143
resnet18,le5,rank_signed_no_bias_correction,minimal,other,other,all,10,1.0,0.8667,1.0,1.0,0.9515,1.0,1.0,1.0
resnet18,le5,rank_signed_no_bias_correction,minimal,other,other,above_chance,8,1.0,0.7857,1.0,1.0,0.9048,1.0,1.0,1.0
resnet18,le5,rank_signed_no_bias_correction,default_unsigned,other,strong,all,10,0.7333,0.4222,0.8222,0.8545,0.5758,0.9394,0.7333,0.8545
resnet18,le5,rank_signed_no_bias_correction,default_unsigned,other,strong,above_chance,8,0.9286,0.6429,1.0,0.9762,0.7857,1.0,0.9286,0.9762
resnet18,le5,rank_signed_no_bias_correction,default_searched,other,searched,all,10,0.4667,0.0667,0.6444,0.6606,0.2,0.7939,0.4667,0.6606
resnet18,le5,rank_signed_no_bias_correction,default_searched,other,searched,above_chance,8,0.6429,0.2857,0.7857,0.8095,0.4286,0.9048,0.6429,0.8095
resnet18,le5,rank_signed_no_bias_correction,default_no_bias_correction_searched,other,searched,all,10,0.8667,0.8222,0.9556,0.9515,0.9152,0.9879,0.8667,0.9515
resnet18,le5,rank_signed_no_bias_correction,default_no_bias_correction_searched,other,searched,above_chance,8,0.7857,0.7143,0.9286,0.9048,0.8333,0.9762,0.7857,0.9048
resnet18,le5,rank_signed_no_bias_correction,default_weight_maxabs_searched,other,searched,all,10,0.4222,0.2,0.6,0.6485,0.3333,0.7939,0.4222,0.6485
resnet18,le5,rank_signed_no_bias_correction,default_weight_maxabs_searched,other,searched,above_chance,8,0.4286,0.1818,0.5,0.619,0.3571,0.6667,0.4286,0.619
resnet18,le5,rank_signed_no_bias_correction,minimal_searched,other,searched,all,10,1.0,0.8667,1.0,1.0,0.9515,1.0,1.0,1.0
resnet18,le5,rank_signed_no_bias_correction,minimal_searched,other,searched,above_chance,8,1.0,0.7857,1.0,1.0,0.9048,1.0,1.0,1.0
resnet18,le5,rank_signed_no_bias_correction,v1_maxabs,other,weak,all,5,0.7379,0.3162,1.0,0.8208,0.5643,1.0,0.7379,0.8208
resnet18,le5,rank_signed_no_bias_correction,v1_maxabs,other,weak,above_chance,3,1.0,0.3333,1.0,1.0,0.5,1.0,1.0,1.0
resnet18,le5,rank_signed_no_bias_correction,v1_percentile_99_9,other,weak,all,10,0.9321,0.809,0.9888,0.9817,0.9362,0.997,0.9321,0.9817
resnet18,le5,rank_signed_no_bias_correction,v1_percentile_99_9,other,weak,above_chance,8,0.9092,0.7143,1.0,0.9701,0.881,1.0,0.9092,0.9701
resnet18,le5,rank_signed_weight_maxabs,minimal,other,other,all,10,0.5111,0.2889,0.6889,0.697,0.4182,0.8424,0.5111,0.697
resnet18,le5,rank_signed_weight_maxabs,minimal,other,other,above_chance,8,0.5714,0.3571,0.6429,0.7143,0.4762,0.7381,0.5714,0.7143
resnet18,le5,rank_signed_weight_maxabs,default_unsigned,other,strong,all,10,0.5111,0.1556,0.6889,0.6727,0.297,0.8424,0.5111,0.6727
resnet18,le5,rank_signed_weight_maxabs,default_unsigned,other,strong,above_chance,5,0.6,0.4,0.8,0.8,0.6,0.9,0.6,0.8
resnet18,le5,rank_signed_weight_maxabs,default_searched,other,searched,all,10,0.6889,0.4222,0.854,0.8424,0.6121,0.9515,0.6889,0.8424
resnet18,le5,rank_signed_weight_maxabs,default_searched,other,searched,above_chance,5,0.6,0.4,0.8,0.8,0.6,0.9,0.6,0.8
resnet18,le5,rank_signed_weight_maxabs,default_no_bias_correction_searched,other,searched,all,10,0.5556,0.3333,0.7333,0.7697,0.503,0.8909,0.5556,0.7697
resnet18,le5,rank_signed_weight_maxabs,default_no_bias_correction_searched,other,searched,above_chance,8,0.6429,0.4286,0.7143,0.8095,0.5952,0.8333,0.6429,0.8095
resnet18,le5,rank_signed_weight_maxabs,default_weight_maxabs_searched,other,searched,all,10,0.9111,0.8667,0.9111,0.9636,0.9515,0.9636,0.9111,0.9636
resnet18,le5,rank_signed_weight_maxabs,default_weight_maxabs_searched,other,searched,above_chance,5,0.6,0.4,0.6,0.7,0.6,0.7,0.6,0.7
resnet18,le5,rank_signed_weight_maxabs,minimal_searched,other,searched,all,10,0.5111,0.2889,0.6889,0.697,0.4182,0.8424,0.5111,0.697
resnet18,le5,rank_signed_weight_maxabs,minimal_searched,other,searched,above_chance,8,0.5714,0.3571,0.6429,0.7143,0.4762,0.7381,0.5714,0.7143
resnet18,le5,rank_signed_weight_maxabs,v1_maxabs,other,weak,all,5,0.527,-0.3162,0.6,0.6156,-0.3591,0.7,0.527,0.6156
resnet18,le5,rank_signed_weight_maxabs,v1_maxabs,other,weak,above_chance,3,-0.3333,-0.3333,-0.3333,-0.5,-0.5,-0.5,-0.3333,-0.5
resnet18,le5,rank_signed_weight_maxabs,v1_percentile_99_9,other,weak,all,10,0.5229,0.2697,0.6742,0.7012,0.4134,0.8328,0.5229,0.7012
resnet18,le5,rank_signed_weight_maxabs,v1_percentile_99_9,other,weak,above_chance,8,0.5455,0.2857,0.5714,0.7066,0.4524,0.7143,0.5455,0.7066
resnet18,le5,minimal,default_unsigned,other,strong,all,10,0.7333,0.4222,0.8667,0.8545,0.5879,0.9515,0.7333,0.8545
resnet18,le5,minimal,default_unsigned,other,strong,above_chance,8,0.9286,0.6429,1.0,0.9762,0.7857,1.0,0.9286,0.9762
resnet18,le5,minimal,default_searched,other,searched,all,10,0.4667,0.1111,0.6444,0.6606,0.2065,0.7939,0.4667,0.6606
resnet18,le5,minimal,default_searched,other,searched,above_chance,8,0.6429,0.2857,0.7857,0.8095,0.4286,0.9048,0.6429,0.8095
resnet18,le5,minimal,default_no_bias_correction_searched,other,searched,all,10,0.8667,0.7778,0.9111,0.9515,0.9152,0.9758,0.8667,0.9515
resnet18,le5,minimal,default_no_bias_correction_searched,other,searched,above_chance,8,0.7857,0.7143,0.8571,0.9048,0.8571,0.9524,0.7857,0.9048
resnet18,le5,minimal,default_weight_maxabs_searched,other,searched,all,10,0.4222,0.2,0.6,0.6485,0.3697,0.7939,0.4222,0.6485
resnet18,le5,minimal,default_weight_maxabs_searched,other,searched,above_chance,8,0.4286,0.2143,0.4286,0.619,0.381,0.619,0.4286,0.619
resnet18,le5,minimal,minimal_searched,other,searched,all,10,1.0,1.0,1.0,1.0,1.0,1.0,1.0,1.0
resnet18,le5,minimal,minimal_searched,other,searched,above_chance,8,1.0,1.0,1.0,1.0,1.0,1.0,1.0,1.0
resnet18,le5,minimal,v1_maxabs,other,weak,all,5,0.7379,0.4,1.0,0.8208,0.6,1.0,0.7379,0.8208
resnet18,le5,minimal,v1_maxabs,other,weak,above_chance,3,1.0,1.0,1.0,1.0,1.0,1.0,1.0,1.0
resnet18,le5,minimal,v1_percentile_99_9,other,weak,all,10,0.9321,0.854,0.9439,0.9817,0.9483,0.9848,0.9321,0.9817
resnet18,le5,minimal,v1_percentile_99_9,other,weak,above_chance,8,0.9092,0.7857,0.9286,0.9701,0.9048,0.9762,0.9092,0.9701
resnet18,le5,default_unsigned,default_searched,strong,searched,all,10,0.7333,0.3778,0.8222,0.8061,0.4182,0.9152,0.7333,0.8061
resnet18,le5,default_unsigned,default_no_bias_correction_searched,strong,searched,all,10,0.6889,0.4222,0.8222,0.8667,0.5515,0.9394,0.6889,0.8667
resnet18,le5,default_unsigned,default_no_bias_correction_searched,strong,searched,above_chance,8,0.8571,0.6429,0.9286,0.9524,0.8095,0.9762,0.8571,0.9524
resnet18,le5,default_unsigned,default_weight_maxabs_searched,strong,searched,all,10,0.5111,0.1556,0.6889,0.6848,0.297,0.8424,0.5111,0.6848
resnet18,le5,default_unsigned,default_weight_maxabs_searched,strong,searched,above_chance,5,0.6,0.4,0.8,0.8,0.6,0.9,0.6,0.8
resnet18,le5,default_unsigned,minimal_searched,strong,searched,all,10,0.7333,0.4222,0.8667,0.8545,0.5879,0.9515,0.7333,0.8545
resnet18,le5,default_unsigned,minimal_searched,strong,searched,above_chance,8,0.9286,0.6429,1.0,0.9762,0.7857,1.0,0.9286,0.9762
resnet18,le5,default_unsigned,v1_maxabs,strong,weak,all,5,0.9487,0.2,1.0,0.9747,0.3,1.0,0.9487,0.9747
resnet18,le5,default_unsigned,v1_percentile_99_9,strong,weak,all,10,0.7957,0.4495,0.854,0.8964,0.6079,0.9483,0.7957,0.8964
resnet18,le5,default_unsigned,v1_percentile_99_9,strong,weak,above_chance,8,0.982,0.7143,1.0,0.994,0.8333,1.0,0.982,0.994
resnet18,le5,default_searched,default_no_bias_correction_searched,searched,searched,all,10,0.6,0.1556,0.7778,0.7697,0.2727,0.8667,0.6,0.7697
resnet18,le5,default_searched,default_no_bias_correction_searched,searched,searched,above_chance,8,0.8571,0.4286,0.9286,0.9286,0.5714,0.9762,0.8571,0.9286
resnet18,le5,default_searched,default_weight_maxabs_searched,searched,searched,all,10,0.6889,0.4222,0.8222,0.8545,0.6242,0.9394,0.6889,0.8545
resnet18,le5,default_searched,default_weight_maxabs_searched,searched,searched,above_chance,5,0.6,0.4,0.8,0.8,0.6,0.9,0.6,0.8
resnet18,le5,default_searched,minimal_searched,searched,searched,all,10,0.4667,0.1111,0.6444,0.6606,0.2065,0.7939,0.4667,0.6606
resnet18,le5,default_searched,minimal_searched,searched,searched,above_chance,8,0.6429,0.2857,0.7857,0.8095,0.4286,0.9048,0.6429,0.8095
resnet18,le5,default_searched,v1_maxabs,searched,weak,all,5,0.7379,-0.527,0.8,0.8721,-0.6708,0.9,0.7379,0.8721
resnet18,le5,default_searched,v1_percentile_99_9,searched,weak,all,10,0.5229,0.0899,0.6742,0.7012,0.2126,0.8146,0.5229,0.7012
resnet18,le5,default_searched,v1_percentile_99_9,searched,weak,above_chance,8,0.691,0.2857,0.7857,0.8264,0.4286,0.9048,0.691,0.8264
resnet18,le5,default_no_bias_correction_searched,default_weight_maxabs_searched,searched,searched,all,10,0.5556,0.3333,0.7333,0.7697,0.4985,0.8909,0.5556,0.7697
resnet18,le5,default_no_bias_correction_searched,default_weight_maxabs_searched,searched,searched,above_chance,8,0.6429,0.4286,0.7143,0.8095,0.5952,0.8333,0.6429,0.8095
resnet18,le5,default_no_bias_correction_searched,minimal_searched,searched,searched,all,10,0.8667,0.7778,0.9111,0.9515,0.9152,0.9758,0.8667,0.9515
resnet18,le5,default_no_bias_correction_searched,minimal_searched,searched,searched,above_chance,8,0.7857,0.7143,0.8571,0.9048,0.8571,0.9524,0.7857,0.9048
resnet18,le5,default_no_bias_correction_searched,v1_maxabs,searched,weak,all,5,0.527,0.2,0.8,0.7182,0.5,0.9,0.527,0.7182
resnet18,le5,default_no_bias_correction_searched,v1_maxabs,searched,weak,above_chance,3,0.3333,0.3333,0.3333,0.5,0.5,0.5,0.3333,0.5
resnet18,le5,default_no_bias_correction_searched,v1_percentile_99_9,searched,weak,all,10,0.8866,0.809,0.9439,0.9695,0.9483,0.9848,0.8866,0.9695
resnet18,le5,default_no_bias_correction_searched,v1_percentile_99_9,searched,weak,above_chance,8,0.8365,0.7143,0.9286,0.9461,0.9048,0.9762,0.8365,0.9461
resnet18,le5,default_weight_maxabs_searched,minimal_searched,searched,searched,all,10,0.4222,0.2,0.6,0.6485,0.3697,0.7939,0.4222,0.6485
resnet18,le5,default_weight_maxabs_searched,minimal_searched,searched,searched,above_chance,8,0.4286,0.2143,0.4286,0.619,0.381,0.619,0.4286,0.619
resnet18,le5,default_weight_maxabs_searched,v1_maxabs,searched,weak,all,5,0.3162,-0.527,0.4,0.4617,-0.6156,0.6,0.3162,0.4617
resnet18,le5,default_weight_maxabs_searched,v1_maxabs,searched,weak,above_chance,3,-1.0,-1.0,-1.0,-1.0,-1.0,-1.0,-1.0,-1.0
resnet18,le5,default_weight_maxabs_searched,v1_percentile_99_9,searched,weak,all,10,0.5229,0.2697,0.6742,0.689,0.4012,0.8207,0.5229,0.689
resnet18,le5,default_weight_maxabs_searched,v1_percentile_99_9,searched,weak,above_chance,8,0.5455,0.2857,0.5714,0.6826,0.4286,0.6905,0.5455,0.6826
resnet18,le5,minimal_searched,v1_maxabs,searched,weak,all,5,0.7379,0.4,1.0,0.8208,0.6,1.0,0.7379,0.8208
resnet18,le5,minimal_searched,v1_maxabs,searched,weak,above_chance,3,1.0,1.0,1.0,1.0,1.0,1.0,1.0,1.0
resnet18,le5,minimal_searched,v1_percentile_99_9,searched,weak,all,10,0.9321,0.854,0.9439,0.9817,0.9483,0.9848,0.9321,0.9817
resnet18,le5,minimal_searched,v1_percentile_99_9,searched,weak,above_chance,8,0.9092,0.7857,0.9286,0.9701,0.9048,0.9762,0.9092,0.9701
resnet18,le5,v1_maxabs,v1_percentile_99_9,weak,weak,all,5,0.8889,0.527,1.0,0.9211,0.6669,1.0,0.8889,0.9211
resnet18,le5,v1_maxabs,v1_percentile_99_9,weak,weak,above_chance,3,1.0,1.0,1.0,1.0,1.0,1.0,1.0,1.0
resnet18,all,default,default_signed,strong,strong,all,25,0.9983,0.9583,0.9983,0.9998,0.9883,0.9998,0.9983,0.9998
resnet18,all,default,default_signed,strong,strong,above_chance,17,0.9963,0.9668,0.9963,0.9994,0.992,0.9994,0.9963,0.9994
resnet18,all,default,default_no_bias_correction,strong,strong,all,25,0.8333,0.7533,0.8867,0.9608,0.92,0.9746,0.8333,0.9608
resnet18,all,default,default_no_bias_correction,strong,strong,above_chance,23,0.8577,0.7787,0.9051,0.9654,0.9266,0.9795,0.8577,0.9654
resnet18,all,default,default_weight_maxabs,strong,strong,all,25,0.689,0.5796,0.6978,0.7564,0.6567,0.7929,0.689,0.7564
resnet18,all,default,default_weight_maxabs,strong,strong,above_chance,20,0.6032,0.5013,0.6174,0.6321,0.5874,0.6762,0.6032,0.6321
resnet18,all,default,cum3_act_mse,strong,other,all,25,0.66,0.5733,0.6912,0.7231,0.6785,0.7531,0.66,0.7231
resnet18,all,default,cum3_act_mse,strong,other,above_chance,23,0.6522,0.5652,0.6733,0.6739,0.6383,0.7105,0.6522,0.6739
resnet18,all,default,rank_signed_no_bias_correction,strong,other,all,25,0.818,0.7446,0.8781,0.9544,0.9156,0.9698,0.818,0.9544
resnet18,all,default,rank_signed_no_bias_correction,strong,other,above_chance,23,0.8396,0.7683,0.8951,0.9612,0.9212,0.976,0.8396,0.9612
resnet18,all,default,rank_signed_weight_maxabs,strong,other,all,25,0.7023,0.6064,0.7157,0.7611,0.6664,0.8011,0.7023,0.7611
resnet18,all,default,rank_signed_weight_maxabs,strong,other,above_chance,20,0.6243,0.5397,0.6455,0.6426,0.6095,0.6938,0.6243,0.6426
resnet18,all,default,minimal,strong,other,all,25,0.6578,0.571,0.6845,0.7213,0.6797,0.7528,0.6578,0.7213
resnet18,all,default,minimal,strong,other,above_chance,23,0.6495,0.5624,0.6733,0.6736,0.639,0.7102,0.6495,0.6736
resnet18,all,default,default_unsigned,strong,strong,all,25,0.9267,0.82,0.9333,0.9838,0.94,0.9869,0.9267,0.9838
resnet18,all,default,default_unsigned,strong,strong,above_chance,17,0.9265,0.7306,0.9412,0.9877,0.8699,0.9877,0.9265,0.9877
resnet18,all,default,default_searched,strong,searched,all,25,0.9733,0.94,0.9933,0.9923,0.9792,0.9992,0.9733,0.9923
resnet18,all,default,default_searched,strong,searched,above_chance,17,0.9412,0.9118,0.9853,0.9755,0.9485,0.9975,0.9412,0.9755
resnet18,all,default,default_no_bias_correction_searched,strong,searched,all,25,0.86,0.7667,0.8933,0.9677,0.9238,0.9767,0.86,0.9677
resnet18,all,default,default_no_bias_correction_searched,strong,searched,above_chance,23,0.8893,0.7866,0.9188,0.9743,0.9296,0.9832,0.8893,0.9743
resnet18,all,default,default_weight_maxabs_searched,strong,searched,all,25,0.6823,0.5776,0.6978,0.7541,0.6551,0.7921,0.6823,0.7541
resnet18,all,default,default_weight_maxabs_searched,strong,searched,above_chance,20,0.5926,0.4908,0.6174,0.6275,0.5844,0.6757,0.5926,0.6275
resnet18,all,default,minimal_searched,strong,searched,all,25,0.6578,0.571,0.689,0.7213,0.6801,0.7528,0.6578,0.7213
resnet18,all,default,minimal_searched,strong,searched,above_chance,23,0.6495,0.5624,0.6733,0.6736,0.64,0.7107,0.6495,0.6736
resnet18,all,default,adaround_bc,strong,strong,all,5,0.8,0.6,1.0,0.9,0.8,1.0,0.8,0.9
resnet18,all,default,adaround_bc,strong,strong,above_chance,5,0.8,0.6,1.0,0.9,0.8,1.0,0.8,0.9
resnet18,all,default,adaround_nobc,strong,strong,all,5,0.8,0.6,1.0,0.9,0.8,1.0,0.8,0.9
resnet18,all,default,adaround_nobc,strong,strong,above_chance,5,0.8,0.6,1.0,0.9,0.8,1.0,0.8,0.9
resnet18,all,default,v1_maxabs,strong,weak,all,20,0.5926,0.464,0.6311,0.7239,0.6157,0.755,0.5926,0.7239
resnet18,all,default,v1_maxabs,strong,weak,above_chance,17,0.4354,0.3026,0.5092,0.5506,0.4294,0.616,0.4354,0.5506
resnet18,all,default,v1_percentile_99_9,strong,weak,all,21,0.5228,0.4135,0.5577,0.5999,0.5109,0.6381,0.5228,0.5999
resnet18,all,default,v1_percentile_99_9,strong,weak,above_chance,19,0.4882,0.4106,0.5161,0.511,0.4713,0.5608,0.4882,0.511
resnet18,all,default_signed,default_no_bias_correction,strong,strong,all,25,0.8314,0.7579,0.8848,0.9606,0.9217,0.9733,0.8314,0.9606
resnet18,all,default_signed,default_no_bias_correction,strong,strong,above_chance,23,0.8554,0.7762,0.903,0.9652,0.9246,0.979,0.8554,0.9652
resnet18,all,default_signed,default_weight_maxabs,strong,strong,all,25,0.6901,0.5839,0.6957,0.7566,0.6564,0.792,0.6901,0.7566
resnet18,all,default_signed,default_weight_maxabs,strong,strong,above_chance,20,0.6048,0.4974,0.6138,0.6323,0.5854,0.6802,0.6048,0.6323
resnet18,all,default_signed,cum3_act_mse,strong,other,all,25,0.6644,0.5776,0.6912,0.7236,0.6809,0.7551,0.6644,0.7236
resnet18,all,default_signed,cum3_act_mse,strong,other,above_chance,23,0.6574,0.5624,0.6733,0.6746,0.637,0.7131,0.6574,0.6746
resnet18,all,default_signed,rank_signed_no_bias_correction,strong,other,all,25,0.8194,0.7458,0.8729,0.9546,0.9146,0.9692,0.8194,0.9546
resnet18,all,default_signed,rank_signed_no_bias_correction,strong,other,above_chance,23,0.8413,0.7619,0.8968,0.9614,0.9189,0.9763,0.8413,0.9614
resnet18,all,default_signed,rank_signed_weight_maxabs,strong,other,all,25,0.7035,0.6048,0.7169,0.7612,0.6665,0.8005,0.7035,0.7612
resnet18,all,default_signed,rank_signed_weight_maxabs,strong,other,above_chance,20,0.626,0.5305,0.6472,0.6428,0.6082,0.6955,0.626,0.6428
resnet18,all,default_signed,minimal,strong,other,all,25,0.6589,0.5719,0.6856,0.7214,0.6799,0.7545,0.6589,0.7214
resnet18,all,default_signed,minimal,strong,other,above_chance,23,0.6508,0.5556,0.672,0.6738,0.6372,0.7133,0.6508,0.6738
resnet18,all,default_signed,default_unsigned,strong,strong,all,25,0.9249,0.8047,0.9249,0.9833,0.9371,0.9852,0.9249,0.9833
resnet18,all,default_signed,default_unsigned,strong,strong,above_chance,17,0.9225,0.7159,0.9373,0.9859,0.8657,0.9871,0.9225,0.9859
resnet18,all,default_signed,default_searched,strong,searched,all,25,0.9716,0.9182,0.985,0.9921,0.9744,0.9983,0.9716,0.9921
resnet18,all,default_signed,default_searched,strong,searched,above_chance,17,0.9373,0.893,0.9816,0.9749,0.9454,0.9969,0.9373,0.9749
resnet18,all,default_signed,default_no_bias_correction_searched,strong,searched,all,25,0.8581,0.7713,0.8915,0.9675,0.9252,0.9756,0.8581,0.9675
resnet18,all,default_signed,default_no_bias_correction_searched,strong,searched,above_chance,23,0.8871,0.7842,0.9188,0.9741,0.9276,0.982,0.8871,0.9741
resnet18,all,default_signed,default_weight_maxabs_searched,strong,searched,all,25,0.6834,0.5819,0.6957,0.7543,0.6549,0.7919,0.6834,0.7543
resnet18,all,default_signed,default_weight_maxabs_searched,strong,searched,above_chance,20,0.5942,0.4974,0.6138,0.6278,0.5809,0.6802,0.5942,0.6278
resnet18,all,default_signed,minimal_searched,strong,searched,all,25,0.6589,0.5719,0.6856,0.7214,0.6806,0.7545,0.6589,0.7214
resnet18,all,default_signed,minimal_searched,strong,searched,above_chance,23,0.6508,0.5635,0.6746,0.6738,0.6382,0.7133,0.6508,0.6738
resnet18,all,default_signed,adaround_bc,strong,strong,all,5,0.8,0.6,1.0,0.9,0.8,1.0,0.8,0.9
resnet18,all,default_signed,adaround_bc,strong,strong,above_chance,5,0.8,0.6,1.0,0.9,0.8,1.0,0.8,0.9
resnet18,all,default_signed,adaround_nobc,strong,strong,all,5,0.8,0.8,1.0,0.9,0.9,1.0,0.8,0.9
resnet18,all,default_signed,adaround_nobc,strong,strong,above_chance,5,0.8,0.8,1.0,0.9,0.9,1.0,0.8,0.9
resnet18,all,default_signed,v1_maxabs,strong,weak,all,20,0.5942,0.4653,0.633,0.7241,0.6157,0.7589,0.5942,0.7241
resnet18,all,default_signed,v1_maxabs,strong,weak,above_chance,17,0.437,0.306,0.5149,0.5509,0.4309,0.6236,0.437,0.5509
resnet18,all,default_signed,v1_percentile_99_9,strong,weak,all,21,0.524,0.4221,0.5564,0.6001,0.5111,0.6378,0.524,0.6001
resnet18,all,default_signed,v1_percentile_99_9,strong,weak,above_chance,19,0.4897,0.4071,0.5176,0.5112,0.4675,0.561,0.4897,0.5112
resnet18,all,default_no_bias_correction,default_weight_maxabs,strong,strong,all,25,0.6154,0.5042,0.6667,0.7584,0.6274,0.8105,0.6154,0.7584
resnet18,all,default_no_bias_correction,default_weight_maxabs,strong,strong,above_chance,23,0.5992,0.4911,0.631,0.7341,0.6139,0.7676,0.5992,0.7341
resnet18,all,default_no_bias_correction,cum3_act_mse,strong,other,all,25,0.7333,0.6733,0.78,0.7877,0.7315,0.8254,0.7333,0.7877
resnet18,all,default_no_bias_correction,cum3_act_mse,strong,other,above_chance,23,0.6838,0.6126,0.7391,0.7273,0.6561,0.7767,0.6838,0.7273
resnet18,all,default_no_bias_correction,rank_signed_no_bias_correction,strong,other,all,25,0.985,0.9583,0.9917,0.9975,0.9894,0.999,0.985,0.9975
resnet18,all,default_no_bias_correction,rank_signed_no_bias_correction,strong,other,above_chance,23,0.9822,0.9505,0.9901,0.9968,0.9864,0.9988,0.9822,0.9968
resnet18,all,default_no_bias_correction,rank_signed_weight_maxabs,strong,other,all,25,0.6288,0.5235,0.6846,0.7607,0.636,0.8173,0.6288,0.7607
resnet18,all,default_no_bias_correction,rank_signed_weight_maxabs,strong,other,above_chance,23,0.6151,0.514,0.6548,0.737,0.6248,0.7766,0.6151,0.737
resnet18,all,default_no_bias_correction,minimal,strong,other,all,25,0.7312,0.6711,0.7713,0.7867,0.7305,0.8248,0.7312,0.7867
resnet18,all,default_no_bias_correction,minimal,strong,other,above_chance,23,0.6812,0.6099,0.7302,0.726,0.6543,0.7754,0.6812,0.726
resnet18,all,default_no_bias_correction,default_unsigned,strong,strong,all,25,0.8533,0.7846,0.9067,0.9638,0.9285,0.9815,0.8533,0.9638
resnet18,all,default_no_bias_correction,default_unsigned,strong,strong,above_chance,23,0.8656,0.7866,0.9289,0.9625,0.9219,0.9852,0.8656,0.9625
resnet18,all,default_no_bias_correction,default_searched,strong,searched,all,25,0.86,0.7533,0.8867,0.9685,0.9208,0.9748,0.86,0.9685
resnet18,all,default_no_bias_correction,default_searched,strong,searched,above_chance,23,0.8893,0.7866,0.9051,0.9753,0.9308,0.9802,0.8893,0.9753
resnet18,all,default_no_bias_correction,default_no_bias_correction_searched,strong,searched,all,25,0.9733,0.9533,1.0,0.9962,0.9869,1.0,0.9733,0.9962
resnet18,all,default_no_bias_correction,default_no_bias_correction_searched,strong,searched,above_chance,23,0.9684,0.9447,1.0,0.9951,0.9832,1.0,0.9684,0.9951
resnet18,all,default_no_bias_correction,default_weight_maxabs_searched,strong,searched,all,25,0.6221,0.5042,0.6711,0.7591,0.6297,0.8113,0.6221,0.7591
resnet18,all,default_no_bias_correction,default_weight_maxabs_searched,strong,searched,above_chance,23,0.6071,0.4911,0.6337,0.735,0.6162,0.7705,0.6071,0.735
resnet18,all,default_no_bias_correction,minimal_searched,strong,searched,all,25,0.7312,0.6644,0.7713,0.7867,0.7286,0.8229,0.7312,0.7867
resnet18,all,default_no_bias_correction,minimal_searched,strong,searched,above_chance,23,0.6812,0.6099,0.7287,0.726,0.6518,0.7734,0.6812,0.726
resnet18,all,default_no_bias_correction,adaround_bc,strong,strong,all,5,0.6,0.6,1.0,0.8,0.7,1.0,0.6,0.8
resnet18,all,default_no_bias_correction,adaround_bc,strong,strong,above_chance,5,0.6,0.6,1.0,0.8,0.7,1.0,0.6,0.8
resnet18,all,default_no_bias_correction,adaround_nobc,strong,strong,all,5,1.0,0.6,1.0,1.0,0.7,1.0,1.0,1.0
resnet18,all,default_no_bias_correction,adaround_nobc,strong,strong,above_chance,5,1.0,0.6,1.0,1.0,0.7,1.0,1.0,1.0
resnet18,all,default_no_bias_correction,v1_maxabs,strong,weak,all,20,0.709,0.5319,0.7056,0.8044,0.6571,0.8232,0.709,0.8044
resnet18,all,default_no_bias_correction,v1_maxabs,strong,weak,above_chance,18,0.6557,0.4437,0.6513,0.7352,0.5516,0.762,0.6557,0.7352
resnet18,all,default_no_bias_correction,v1_percentile_99_9,strong,weak,all,21,0.6475,0.557,0.6603,0.7234,0.5889,0.7329,0.6475,0.7234
resnet18,all,default_no_bias_correction,v1_percentile_99_9,strong,weak,above_chance,19,0.5706,0.4809,0.5882,0.6269,0.5055,0.6468,0.5706,0.6269
resnet18,all,default_weight_maxabs,cum3_act_mse,strong,other,all,25,0.7826,0.7004,0.8114,0.9342,0.8952,0.9467,0.7826,0.9342
resnet18,all,default_weight_maxabs,cum3_act_mse,strong,other,above_chance,23,0.7976,0.7078,0.8214,0.9412,0.8999,0.9493,0.7976,0.9412
resnet18,all,default_weight_maxabs,rank_signed_no_bias_correction,strong,other,all,25,0.603,0.4848,0.6555,0.7508,0.6172,0.8042,0.603,0.7508
resnet18,all,default_weight_maxabs,rank_signed_no_bias_correction,strong,other,above_chance,23,0.5845,0.4721,0.6175,0.7263,0.603,0.7608,0.5845,0.7263
resnet18,all,default_weight_maxabs,rank_signed_weight_maxabs,strong,other,all,25,0.9732,0.9425,0.9782,0.9962,0.9852,0.9967,0.9732,0.9962
resnet18,all,default_weight_maxabs,rank_signed_weight_maxabs,strong,other,above_chance,18,0.9474,0.8873,0.9574,0.9897,0.9602,0.9912,0.9474,0.9897
resnet18,all,default_weight_maxabs,minimal,strong,other,all,25,0.7772,0.698,0.8054,0.9328,0.8947,0.9461,0.7772,0.9328
resnet18,all,default_weight_maxabs,minimal,strong,other,above_chance,23,0.7913,0.7038,0.8144,0.9394,0.8997,0.9483,0.7913,0.9394
resnet18,all,default_weight_maxabs,default_unsigned,strong,strong,all,25,0.6288,0.495,0.669,0.728,0.6132,0.7952,0.6288,0.728
resnet18,all,default_weight_maxabs,default_unsigned,strong,strong,above_chance,20,0.5503,0.4169,0.5858,0.6095,0.537,0.6927,0.5503,0.6095
resnet18,all,default_weight_maxabs,default_searched,strong,searched,all,25,0.6622,0.5729,0.6801,0.7487,0.6528,0.7867,0.6622,0.7487
resnet18,all,default_weight_maxabs,default_searched,strong,searched,above_chance,20,0.5609,0.4697,0.5858,0.617,0.5719,0.6627,0.5609,0.617
resnet18,all,default_weight_maxabs,default_no_bias_correction_searched,strong,searched,all,25,0.6421,0.5109,0.6778,0.7645,0.6301,0.8145,0.6421,0.7645
resnet18,all,default_weight_maxabs,default_no_bias_correction_searched,strong,searched,above_chance,23,0.631,0.499,0.6416,0.742,0.6162,0.7745,0.631,0.742
resnet18,all,default_weight_maxabs,default_weight_maxabs_searched,strong,searched,all,25,0.9933,0.9599,1.0,0.9992,0.9885,1.0,0.9933,0.9992
resnet18,all,default_weight_maxabs,default_weight_maxabs_searched,strong,searched,above_chance,18,0.9868,0.9216,1.0,0.9979,0.969,1.0,0.9868,0.9979
resnet18,all,default_weight_maxabs,minimal_searched,strong,searched,all,25,0.7772,0.7023,0.8094,0.9328,0.8959,0.9465,0.7772,0.9328
resnet18,all,default_weight_maxabs,minimal_searched,strong,searched,above_chance,23,0.7913,0.7052,0.8167,0.9394,0.9016,0.9491,0.7913,0.9394
resnet18,all,default_weight_maxabs,adaround_bc,strong,strong,all,5,0.2,0.0,0.4,0.0,-0.1,0.4,0.2,0.0
resnet18,all,default_weight_maxabs,adaround_bc,strong,strong,above_chance,5,0.2,0.0,0.4,0.0,-0.1,0.4,0.2,0.0
resnet18,all,default_weight_maxabs,adaround_nobc,strong,strong,all,5,0.2,0.0,0.4,0.3,-0.1,0.4,0.2,0.3
resnet18,all,default_weight_maxabs,adaround_nobc,strong,strong,above_chance,5,0.2,0.0,0.4,0.3,-0.1,0.4,0.2,0.3
resnet18,all,default_weight_maxabs,v1_maxabs,strong,weak,all,20,0.7287,0.592,0.7745,0.9119,0.8039,0.924,0.7287,0.9119
resnet18,all,default_weight_maxabs,v1_maxabs,strong,weak,above_chance,16,0.6471,0.4874,0.7113,0.8675,0.6878,0.8933,0.6471,0.8675
resnet18,all,default_weight_maxabs,v1_percentile_99_9,strong,weak,all,21,0.6843,0.6329,0.7434,0.8572,0.8213,0.8983,0.6843,0.8572
resnet18,all,default_weight_maxabs,v1_percentile_99_9,strong,weak,above_chance,17,0.6691,0.5978,0.7111,0.8201,0.7836,0.8719,0.6691,0.8201
resnet18,all,cum3_act_mse,rank_signed_no_bias_correction,other,other,all,25,0.7379,0.6644,0.778,0.7882,0.7286,0.8259,0.7379,0.7882
resnet18,all,cum3_act_mse,rank_signed_no_bias_correction,other,other,above_chance,23,0.6891,0.6099,0.7366,0.7279,0.6518,0.7764,0.6891,0.7279
resnet18,all,cum3_act_mse,rank_signed_weight_maxabs,other,other,all,25,0.796,0.7248,0.8294,0.9388,0.905,0.9534,0.796,0.9388
resnet18,all,cum3_act_mse,rank_signed_weight_maxabs,other,other,above_chance,23,0.8135,0.7371,0.8452,0.9471,0.9132,0.958,0.8135,0.9471
resnet18,all,cum3_act_mse,minimal,other,other,all,25,0.9917,0.9783,0.9983,0.999,0.996,0.9998,0.9917,0.999
resnet18,all,cum3_act_mse,minimal,other,other,above_chance,23,0.9901,0.9743,0.998,0.9988,0.9948,0.9998,0.9901,0.9988
resnet18,all,cum3_act_mse,default_unsigned,other,strong,all,25,0.6933,0.6,0.72,0.7292,0.6885,0.7838,0.6933,0.7292
resnet18,all,cum3_act_mse,default_unsigned,other,strong,above_chance,23,0.6759,0.5731,0.705,0.669,0.6265,0.7391,0.6759,0.669
resnet18,all,cum3_act_mse,default_searched,other,searched,all,25,0.6333,0.5576,0.68,0.7154,0.672,0.7477,0.6333,0.7154
resnet18,all,cum3_act_mse,default_searched,other,searched,above_chance,23,0.6206,0.5494,0.6601,0.664,0.6334,0.7026,0.6206,0.664
resnet18,all,cum3_act_mse,default_no_bias_correction_searched,other,searched,all,25,0.7333,0.6667,0.7733,0.7892,0.7285,0.8262,0.7333,0.7892
resnet18,all,cum3_act_mse,default_no_bias_correction_searched,other,searched,above_chance,23,0.6838,0.6047,0.7312,0.7292,0.6512,0.7767,0.6838,0.7292
resnet18,all,cum3_act_mse,default_weight_maxabs_searched,other,searched,all,25,0.7759,0.7002,0.8074,0.9327,0.8938,0.9453,0.7759,0.9327
resnet18,all,cum3_act_mse,default_weight_maxabs_searched,other,searched,above_chance,23,0.7897,0.705,0.8158,0.9392,0.8979,0.9484,0.7897,0.9392
resnet18,all,cum3_act_mse,minimal_searched,other,searched,all,25,0.9917,0.9583,0.9917,0.999,0.989,0.999,0.9917,0.999
resnet18,all,cum3_act_mse,minimal_searched,other,searched,above_chance,23,0.9901,0.9505,0.9901,0.9988,0.9859,0.9988,0.9901,0.9988
resnet18,all,cum3_act_mse,adaround_bc,other,strong,all,5,0.0,0.0,0.4,-0.1,-0.1,0.4,0.0,-0.1
resnet18,all,cum3_act_mse,adaround_bc,other,strong,above_chance,5,0.0,0.0,0.4,-0.1,-0.1,0.4,0.0,-0.1
resnet18,all,cum3_act_mse,adaround_nobc,other,strong,all,5,0.4,0.2,0.4,0.4,0.0,0.4,0.4,0.4
resnet18,all,cum3_act_mse,adaround_nobc,other,strong,above_chance,5,0.4,0.2,0.4,0.4,0.0,0.4,0.4,0.4
resnet18,all,cum3_act_mse,v1_maxabs,other,weak,all,20,0.8572,0.7335,0.8889,0.9609,0.893,0.971,0.8572,0.9609
resnet18,all,cum3_act_mse,v1_maxabs,other,weak,above_chance,18,0.8393,0.6951,0.8772,0.952,0.8632,0.9658,0.8393,0.952
resnet18,all,cum3_act_mse,v1_percentile_99_9,other,weak,all,21,0.9065,0.8421,0.9231,0.9743,0.9487,0.9847,0.9065,0.9743
resnet18,all,cum3_act_mse,v1_percentile_99_9,other,weak,above_chance,19,0.8883,0.826,0.915,0.9658,0.935,0.9803,0.8883,0.9658
resnet18,all,rank_signed_no_bias_correction,rank_signed_weight_maxabs,other,other,all,25,0.6298,0.5177,0.6857,0.757,0.6296,0.8147,0.6298,0.757
resnet18,all,rank_signed_no_bias_correction,rank_signed_weight_maxabs,other,other,above_chance,23,0.6163,0.507,0.6507,0.7342,0.618,0.7744,0.6163,0.7342
resnet18,all,rank_signed_no_bias_correction,minimal,other,other,all,25,0.7458,0.6789,0.786,0.7891,0.7299,0.8274,0.7458,0.7891
resnet18,all,rank_signed_no_bias_correction,minimal,other,other,above_chance,23,0.6984,0.619,0.746,0.7291,0.653,0.7785,0.6984,0.7291
resnet18,all,rank_signed_no_bias_correction,default_unsigned,other,strong,all,25,0.8514,0.778,0.9048,0.9617,0.9252,0.9798,0.8514,0.9617
resnet18,all,rank_signed_no_bias_correction,default_unsigned,other,strong,above_chance,23,0.8634,0.7842,0.9188,0.9617,0.9197,0.9839,0.8634,0.9617
resnet18,all,rank_signed_no_bias_correction,default_searched,other,searched,all,25,0.8447,0.7471,0.8781,0.9621,0.9175,0.97,0.8447,0.9621
resnet18,all,rank_signed_no_bias_correction,default_searched,other,searched,above_chance,23,0.8713,0.7762,0.8951,0.9711,0.9256,0.977,0.8713,0.9711
resnet18,all,rank_signed_no_bias_correction,default_no_bias_correction_searched,other,searched,all,25,0.9583,0.9249,0.985,0.9937,0.9798,0.9983,0.9583,0.9937
resnet18,all,rank_signed_no_bias_correction,default_no_bias_correction_searched,other,searched,above_chance,23,0.9505,0.9109,0.9822,0.9918,0.9741,0.9978,0.9505,0.9918
resnet18,all,rank_signed_no_bias_correction,default_weight_maxabs_searched,other,searched,all,25,0.6097,0.4883,0.6577,0.7516,0.6188,0.8053,0.6097,0.7516
resnet18,all,rank_signed_no_bias_correction,default_weight_maxabs_searched,other,searched,above_chance,23,0.5924,0.4722,0.6175,0.7273,0.605,0.7627,0.5924,0.7273
resnet18,all,rank_signed_no_bias_correction,minimal_searched,other,searched,all,25,0.7458,0.6722,0.7793,0.7891,0.7276,0.8261,0.7458,0.7891
resnet18,all,rank_signed_no_bias_correction,minimal_searched,other,searched,above_chance,23,0.6984,0.6111,0.746,0.7291,0.65,0.7766,0.6984,0.7291
resnet18,all,rank_signed_no_bias_correction,adaround_bc,other,strong,all,5,0.6,0.6,1.0,0.8,0.7,1.0,0.6,0.8
resnet18,all,rank_signed_no_bias_correction,adaround_bc,other,strong,above_chance,5,0.6,0.6,1.0,0.8,0.7,1.0,0.6,0.8
resnet18,all,rank_signed_no_bias_correction,adaround_nobc,other,strong,all,5,1.0,0.6,1.0,1.0,0.7,1.0,1.0,1.0
resnet18,all,rank_signed_no_bias_correction,adaround_nobc,other,strong,above_chance,5,1.0,0.6,1.0,1.0,0.7,1.0,1.0,1.0
resnet18,all,rank_signed_no_bias_correction,v1_maxabs,other,weak,all,20,0.7109,0.5305,0.7109,0.8047,0.6526,0.825,0.7109,0.8047
resnet18,all,rank_signed_no_bias_correction,v1_maxabs,other,weak,above_chance,18,0.6579,0.4371,0.6535,0.7355,0.5468,0.7645,0.6579,0.7355
resnet18,all,rank_signed_no_bias_correction,v1_percentile_99_9,other,weak,all,21,0.649,0.5494,0.6587,0.7237,0.5849,0.7333,0.649,0.7237
resnet18,all,rank_signed_no_bias_correction,v1_percentile_99_9,other,weak,above_chance,19,0.5723,0.4706,0.5882,0.6271,0.498,0.6471,0.5723,0.6271
resnet18,all,rank_signed_weight_maxabs,minimal,other,other,all,25,0.804,0.7331,0.8375,0.9398,0.9068,0.9552,0.804,0.9398
resnet18,all,rank_signed_weight_maxabs,minimal,other,other,above_chance,23,0.8231,0.7465,0.8549,0.9483,0.9159,0.9594,0.8231,0.9483
resnet18,all,rank_signed_weight_maxabs,default_unsigned,other,strong,all,25,0.6421,0.5151,0.689,0.7326,0.6233,0.8012,0.6421,0.7326
resnet18,all,rank_signed_weight_maxabs,default_unsigned,other,strong,above_chance,20,0.5714,0.455,0.6138,0.62,0.5576,0.7083,0.5714,0.62
resnet18,all,rank_signed_weight_maxabs,default_searched,other,searched,all,25,0.6756,0.5953,0.698,0.7534,0.6633,0.7949,0.6756,0.7534
resnet18,all,rank_signed_weight_maxabs,default_searched,other,searched,above_chance,20,0.582,0.5185,0.6138,0.6275,0.5944,0.6802,0.582,0.6275
resnet18,all,rank_signed_weight_maxabs,default_no_bias_correction_searched,other,searched,all,25,0.6555,0.5302,0.6957,0.7676,0.6383,0.8225,0.6555,0.7676
resnet18,all,rank_signed_weight_maxabs,default_no_bias_correction_searched,other,searched,above_chance,23,0.6468,0.5219,0.6654,0.7459,0.6268,0.7841,0.6468,0.7459
resnet18,all,rank_signed_weight_maxabs,default_weight_maxabs_searched,other,searched,all,25,0.9664,0.9179,0.9781,0.9954,0.9783,0.9967,0.9664,0.9954
resnet18,all,rank_signed_weight_maxabs,default_weight_maxabs_searched,other,searched,above_chance,18,0.9342,0.8393,0.9574,0.9876,0.9417,0.9912,0.9342,0.9876
resnet18,all,rank_signed_weight_maxabs,minimal_searched,other,searched,all,25,0.804,0.7395,0.8403,0.9398,0.9084,0.9553,0.804,0.9398
resnet18,all,rank_signed_weight_maxabs,minimal_searched,other,searched,above_chance,23,0.8231,0.7515,0.8549,0.9483,0.9169,0.9602,0.8231,0.9483
resnet18,all,rank_signed_weight_maxabs,adaround_bc,other,strong,all,5,0.0,0.0,0.4,-0.1,-0.1,0.4,0.0,-0.1
resnet18,all,rank_signed_weight_maxabs,adaround_bc,other,strong,above_chance,5,0.0,0.0,0.4,-0.1,-0.1,0.4,0.0,-0.1
resnet18,all,rank_signed_weight_maxabs,adaround_nobc,other,strong,all,5,0.4,0.2,0.4,0.4,0.0,0.4,0.4,0.4
resnet18,all,rank_signed_weight_maxabs,adaround_nobc,other,strong,above_chance,5,0.4,0.2,0.4,0.4,0.0,0.4,0.4,0.4
resnet18,all,rank_signed_weight_maxabs,v1_maxabs,other,weak,all,20,0.75,0.6257,0.8032,0.9247,0.8383,0.9386,0.75,0.9247
resnet18,all,rank_signed_weight_maxabs,v1_maxabs,other,weak,above_chance,16,0.6807,0.5401,0.7543,0.8851,0.7496,0.9123,0.6807,0.8851
resnet18,all,rank_signed_weight_maxabs,v1_percentile_99_9,other,weak,all,21,0.6843,0.6425,0.7548,0.8605,0.8253,0.9026,0.6843,0.8605
resnet18,all,rank_signed_weight_maxabs,v1_percentile_99_9,other,weak,above_chance,17,0.6691,0.6,0.7239,0.8263,0.789,0.8822,0.6691,0.8263
resnet18,all,minimal,default_unsigned,other,strong,all,25,0.6912,0.5977,0.7179,0.7278,0.6878,0.7821,0.6912,0.7278
resnet18,all,minimal,default_unsigned,other,strong,above_chance,23,0.6733,0.5703,0.697,0.6691,0.6266,0.7403,0.6733,0.6691
resnet18,all,minimal,default_searched,other,searched,all,25,0.6311,0.5576,0.6711,0.7136,0.6728,0.7467,0.6311,0.7136
resnet18,all,minimal,default_searched,other,searched,above_chance,23,0.6178,0.5545,0.6574,0.6637,0.634,0.7032,0.6178,0.6637
resnet18,all,minimal,default_no_bias_correction_searched,other,searched,all,25,0.7312,0.6578,0.7646,0.7882,0.7274,0.8252,0.7312,0.7882
resnet18,all,minimal,default_no_bias_correction_searched,other,searched,above_chance,23,0.6812,0.602,0.7287,0.7279,0.6505,0.7754,0.6812,0.7279
resnet18,all,minimal,default_weight_maxabs_searched,other,searched,all,25,0.7705,0.6957,0.8027,0.9313,0.8934,0.945,0.7705,0.9313
resnet18,all,minimal,default_weight_maxabs_searched,other,searched,above_chance,23,0.7833,0.6972,0.8135,0.9375,0.8978,0.9471,0.7833,0.9375
resnet18,all,minimal,minimal_searched,other,searched,all,25,1.0,0.9666,1.0,1.0,0.9923,1.0,1.0,1.0
resnet18,all,minimal,minimal_searched,other,searched,above_chance,23,1.0,0.9603,1.0,1.0,0.9901,1.0,1.0,1.0
resnet18,all,minimal,adaround_bc,other,strong,all,5,0.0,0.0,0.4,-0.1,-0.1,0.4,0.0,-0.1
resnet18,all,minimal,adaround_bc,other,strong,above_chance,5,0.0,0.0,0.4,-0.1,-0.1,0.4,0.0,-0.1
resnet18,all,minimal,adaround_nobc,other,strong,all,5,0.4,0.2,0.4,0.4,0.0,0.4,0.4,0.4
resnet18,all,minimal,adaround_nobc,other,strong,above_chance,5,0.4,0.2,0.4,0.4,0.0,0.4,0.4,0.4
resnet18,all,minimal,v1_maxabs,other,weak,all,20,0.8594,0.7321,0.8883,0.9612,0.8916,0.9699,0.8594,0.9612
resnet18,all,minimal,v1_maxabs,other,weak,above_chance,18,0.8421,0.6931,0.8779,0.9525,0.8616,0.9633,0.8421,0.9525
resnet18,all,minimal,v1_percentile_99_9,other,weak,all,21,0.899,0.8345,0.9157,0.9733,0.9477,0.9834,0.899,0.9733
resnet18,all,minimal,v1_percentile_99_9,other,weak,above_chance,19,0.8791,0.8118,0.9059,0.9644,0.9333,0.9789,0.8791,0.9644
resnet18,all,default_unsigned,default_searched,strong,searched,all,25,0.9,0.7933,0.9067,0.9723,0.9275,0.98,0.9,0.9723
resnet18,all,default_unsigned,default_searched,strong,searched,above_chance,17,0.8676,0.6912,0.8971,0.951,0.8358,0.973,0.8676,0.951
resnet18,all,default_unsigned,default_no_bias_correction_searched,strong,searched,all,25,0.8667,0.7846,0.9097,0.9723,0.9292,0.9831,0.8667,0.9723
resnet18,all,default_unsigned,default_no_bias_correction_searched,strong,searched,above_chance,23,0.8814,0.7921,0.9289,0.9733,0.9239,0.9862,0.8814,0.9733
resnet18,all,default_unsigned,default_weight_maxabs_searched,strong,searched,all,25,0.6221,0.4908,0.6667,0.7249,0.6109,0.7929,0.6221,0.7249
resnet18,all,default_unsigned,default_weight_maxabs_searched,strong,searched,above_chance,20,0.5397,0.4169,0.5858,0.6035,0.531,0.6905,0.5397,0.6035
resnet18,all,default_unsigned,minimal_searched,strong,searched,all,25,0.6912,0.5977,0.7179,0.7278,0.689,0.7825,0.6912,0.7278
resnet18,all,default_unsigned,minimal_searched,strong,searched,above_chance,23,0.6733,0.5703,0.697,0.6691,0.6281,0.7403,0.6733,0.6691
resnet18,all,default_unsigned,adaround_bc,strong,strong,all,5,0.8,0.6,1.0,0.9,0.7,1.0,0.8,0.9
resnet18,all,default_unsigned,adaround_bc,strong,strong,above_chance,5,0.8,0.6,1.0,0.9,0.7,1.0,0.8,0.9
resnet18,all,default_unsigned,adaround_nobc,strong,strong,all,5,0.8,0.6,1.0,0.9,0.7,1.0,0.8,0.9
resnet18,all,default_unsigned,adaround_nobc,strong,strong,above_chance,5,0.8,0.6,1.0,0.9,0.7,1.0,0.8,0.9
resnet18,all,default_unsigned,v1_maxabs,strong,weak,all,20,0.5926,0.4616,0.6455,0.7096,0.6095,0.7788,0.5926,0.7096
resnet18,all,default_unsigned,v1_maxabs,strong,weak,above_chance,17,0.4354,0.2815,0.524,0.5273,0.4054,0.6487,0.4354,0.5273
resnet18,all,default_unsigned,v1_percentile_99_9,strong,weak,all,21,0.5708,0.4748,0.6058,0.6123,0.5296,0.6712,0.5708,0.6123
resnet18,all,default_unsigned,v1_percentile_99_9,strong,weak,above_chance,19,0.5235,0.4484,0.5631,0.5048,0.4662,0.5924,0.5235,0.5048
resnet18,all,default_searched,default_no_bias_correction_searched,searched,searched,all,25,0.86,0.76,0.8933,0.9677,0.9223,0.9769,0.86,0.9677
resnet18,all,default_searched,default_no_bias_correction_searched,searched,searched,above_chance,23,0.8893,0.7866,0.913,0.9743,0.9308,0.9822,0.8893,0.9743
resnet18,all,default_searched,default_weight_maxabs_searched,searched,searched,all,25,0.6689,0.5796,0.6912,0.7503,0.6551,0.7886,0.6689,0.7503
resnet18,all,default_searched,default_weight_maxabs_searched,searched,searched,above_chance,20,0.5714,0.4802,0.5963,0.62,0.5769,0.6687,0.5714,0.62
resnet18,all,default_searched,minimal_searched,searched,searched,all,25,0.6311,0.5509,0.6711,0.7136,0.6705,0.7459,0.6311,0.7136
resnet18,all,default_searched,minimal_searched,searched,searched,above_chance,23,0.6178,0.5465,0.6495,0.6637,0.6301,0.7013,0.6178,0.6637
resnet18,all,default_searched,adaround_bc,searched,strong,all,5,0.8,0.6,1.0,0.9,0.8,1.0,0.8,0.9
resnet18,all,default_searched,adaround_bc,searched,strong,above_chance,5,0.8,0.6,1.0,0.9,0.8,1.0,0.8,0.9
resnet18,all,default_searched,adaround_nobc,searched,strong,all,5,0.8,0.6,1.0,0.9,0.8,1.0,0.8,0.9
resnet18,all,default_searched,adaround_nobc,searched,strong,above_chance,5,0.8,0.6,1.0,0.9,0.8,1.0,0.8,0.9
resnet18,all,default_searched,v1_maxabs,searched,weak,all,20,0.6138,0.4616,0.6241,0.7314,0.612,0.7508,0.6138,0.7314
resnet18,all,default_searched,v1_maxabs,searched,weak,above_chance,17,0.4649,0.3111,0.5037,0.5628,0.4297,0.6119,0.4649,0.5628
resnet18,all,default_searched,v1_percentile_99_9,searched,weak,all,21,0.5228,0.3942,0.5542,0.5999,0.4989,0.6335,0.5228,0.5999
resnet18,all,default_searched,v1_percentile_99_9,searched,weak,above_chance,19,0.4882,0.3882,0.5118,0.511,0.459,0.5549,0.4882,0.511
resnet18,all,default_no_bias_correction_searched,default_weight_maxabs_searched,searched,searched,all,25,0.6355,0.5118,0.6778,0.763,0.631,0.8145,0.6355,0.763
resnet18,all,default_no_bias_correction_searched,default_weight_maxabs_searched,searched,searched,above_chance,23,0.623,0.501,0.6441,0.74,0.6172,0.7755,0.623,0.74
resnet18,all,default_no_bias_correction_searched,minimal_searched,searched,searched,all,25,0.7312,0.6578,0.7646,0.7882,0.7263,0.8244,0.7312,0.7882
resnet18,all,default_no_bias_correction_searched,minimal_searched,searched,searched,above_chance,23,0.6812,0.602,0.7222,0.7279,0.6489,0.7749,0.6812,0.7279
resnet18,all,default_no_bias_correction_searched,adaround_bc,searched,strong,all,5,0.6,0.6,1.0,0.8,0.7,1.0,0.6,0.8
resnet18,all,default_no_bias_correction_searched,adaround_bc,searched,strong,above_chance,5,0.6,0.6,1.0,0.8,0.7,1.0,0.6,0.8
resnet18,all,default_no_bias_correction_searched,adaround_nobc,searched,strong,all,5,1.0,0.6,1.0,1.0,0.7,1.0,1.0,1.0
resnet18,all,default_no_bias_correction_searched,adaround_nobc,searched,strong,above_chance,5,1.0,0.6,1.0,1.0,0.7,1.0,1.0,1.0
resnet18,all,default_no_bias_correction_searched,v1_maxabs,searched,weak,all,20,0.6667,0.5185,0.695,0.7953,0.6519,0.8217,0.6667,0.7953
resnet18,all,default_no_bias_correction_searched,v1_maxabs,searched,weak,above_chance,18,0.6033,0.4253,0.6382,0.7228,0.5449,0.761,0.6033,0.7228
resnet18,all,default_no_bias_correction_searched,v1_percentile_99_9,searched,weak,all,21,0.6283,0.5455,0.6507,0.713,0.5794,0.7325,0.6283,0.713
resnet18,all,default_no_bias_correction_searched,v1_percentile_99_9,searched,weak,above_chance,19,0.5471,0.4647,0.5824,0.6128,0.4943,0.6468,0.5471,0.6128
resnet18,all,default_weight_maxabs_searched,minimal_searched,searched,searched,all,25,0.7705,0.6956,0.8027,0.9313,0.8934,0.9451,0.7705,0.9313
resnet18,all,default_weight_maxabs_searched,minimal_searched,searched,searched,above_chance,23,0.7833,0.6972,0.8135,0.9375,0.8977,0.9471,0.7833,0.9375
resnet18,all,default_weight_maxabs_searched,adaround_bc,searched,strong,all,5,0.2,0.0,0.4,0.0,-0.1,0.4,0.2,0.0
resnet18,all,default_weight_maxabs_searched,adaround_bc,searched,strong,above_chance,5,0.2,0.0,0.4,0.0,-0.1,0.4,0.2,0.0
resnet18,all,default_weight_maxabs_searched,adaround_nobc,searched,strong,all,5,0.2,0.0,0.4,0.3,-0.1,0.4,0.2,0.3
resnet18,all,default_weight_maxabs_searched,adaround_nobc,searched,strong,above_chance,5,0.2,0.0,0.4,0.3,-0.1,0.4,0.2,0.3
resnet18,all,default_weight_maxabs_searched,v1_maxabs,searched,weak,all,20,0.7394,0.5904,0.7734,0.9134,0.8008,0.9244,0.7394,0.9134
resnet18,all,default_weight_maxabs_searched,v1_maxabs,searched,weak,above_chance,16,0.6639,0.4811,0.7113,0.8704,0.6814,0.8933,0.6639,0.8704
resnet18,all,default_weight_maxabs_searched,v1_percentile_99_9,searched,weak,all,21,0.6843,0.6311,0.7374,0.8572,0.8185,0.8951,0.6843,0.8572
resnet18,all,default_weight_maxabs_searched,v1_percentile_99_9,searched,weak,above_chance,17,0.6691,0.583,0.7011,0.8201,0.7787,0.867,0.6691,0.8201
resnet18,all,minimal_searched,adaround_bc,searched,strong,all,5,0.0,0.0,0.4,-0.1,-0.1,0.4,0.0,-0.1
resnet18,all,minimal_searched,adaround_bc,searched,strong,above_chance,5,0.0,0.0,0.4,-0.1,-0.1,0.4,0.0,-0.1
resnet18,all,minimal_searched,adaround_nobc,searched,strong,all,5,0.4,0.2,0.4,0.4,0.0,0.4,0.4,0.4
resnet18,all,minimal_searched,adaround_nobc,searched,strong,above_chance,5,0.4,0.2,0.4,0.4,0.0,0.4,0.4,0.4
resnet18,all,minimal_searched,v1_maxabs,searched,weak,all,20,0.8594,0.7293,0.8883,0.9612,0.8908,0.9695,0.8594,0.9612
resnet18,all,minimal_searched,v1_maxabs,searched,weak,above_chance,18,0.8421,0.6888,0.8779,0.9525,0.8604,0.9628,0.8421,0.9525
resnet18,all,minimal_searched,v1_percentile_99_9,searched,weak,all,21,0.899,0.8345,0.9183,0.9733,0.948,0.9841,0.899,0.9733
resnet18,all,minimal_searched,v1_percentile_99_9,searched,weak,above_chance,19,0.8791,0.8201,0.9059,0.9644,0.9337,0.9802,0.8791,0.9644
resnet18,all,adaround_bc,adaround_nobc,strong,strong,all,5,0.6,0.6,1.0,0.8,0.8,1.0,0.6,0.8
resnet18,all,adaround_bc,adaround_nobc,strong,strong,above_chance,5,0.6,0.6,1.0,0.8,0.8,1.0,0.6,0.8
resnet18,all,adaround_bc,v1_maxabs,strong,weak,all,5,0.2,0.1054,0.6,0.3,0.1,0.7,0.2,0.3
resnet18,all,adaround_bc,v1_maxabs,strong,weak,above_chance,5,0.2,0.1054,0.6,0.3,0.1,0.7,0.2,0.3
resnet18,all,adaround_bc,v1_percentile_99_9,strong,weak,all,5,0.2,0.0,0.4,0.0,-0.1,0.4,0.2,0.0
resnet18,all,adaround_bc,v1_percentile_99_9,strong,weak,above_chance,5,0.2,0.0,0.4,0.0,-0.1,0.4,0.2,0.0
resnet18,all,adaround_nobc,v1_maxabs,strong,weak,all,5,0.6,0.4,0.6,0.7,0.4,0.7,0.6,0.7
resnet18,all,adaround_nobc,v1_maxabs,strong,weak,above_chance,5,0.6,0.4,0.6,0.7,0.4,0.7,0.6,0.7
resnet18,all,adaround_nobc,v1_percentile_99_9,strong,weak,all,5,0.2,0.0,0.2,0.3,-0.1,0.3,0.2,0.3
resnet18,all,adaround_nobc,v1_percentile_99_9,strong,weak,above_chance,5,0.2,0.0,0.2,0.3,-0.1,0.3,0.2,0.3
resnet18,all,v1_maxabs,v1_percentile_99_9,weak,weak,all,16,0.7542,0.6525,0.8051,0.9093,0.8373,0.9329,0.7542,0.9093
resnet18,all,v1_maxabs,v1_percentile_99_9,weak,weak,above_chance,12,0.6308,0.5385,0.7231,0.8175,0.6842,0.8807,0.6308,0.8175
mobilenet_v2,8,default,default_signed,strong,strong,all,7,0.9759,0.8783,1.0,0.991,0.937,1.0,0.9759,0.991
mobilenet_v2,8,default,default_signed,strong,strong,above_chance,7,0.9759,0.8783,1.0,0.991,0.937,1.0,0.9759,0.991
mobilenet_v2,8,default,default_no_bias_correction,strong,strong,all,7,0.7143,0.619,1.0,0.8571,0.7857,1.0,0.7143,0.8571
mobilenet_v2,8,default,default_no_bias_correction,strong,strong,above_chance,7,0.7143,0.619,1.0,0.8571,0.7857,1.0,0.7143,0.8571
mobilenet_v2,8,default,default_weight_maxabs,strong,strong,all,7,0.3333,0.2381,0.619,0.2143,0.1786,0.6429,0.3333,0.2143
mobilenet_v2,8,default,default_weight_maxabs,strong,strong,above_chance,7,0.3333,0.2381,0.619,0.2143,0.1786,0.6429,0.3333,0.2143
mobilenet_v2,8,default,cum3_act_mse,strong,other,all,7,0.4286,0.2381,0.619,0.25,0.1786,0.6429,0.4286,0.25
mobilenet_v2,8,default,cum3_act_mse,strong,other,above_chance,7,0.4286,0.2381,0.619,0.25,0.1786,0.6429,0.4286,0.25
mobilenet_v2,8,default,rank_signed_no_bias_correction,strong,other,all,7,0.6831,0.6831,0.9759,0.8469,0.8289,0.991,0.6831,0.8469
mobilenet_v2,8,default,rank_signed_no_bias_correction,strong,other,above_chance,7,0.6831,0.6831,0.9759,0.8469,0.8289,0.991,0.6831,0.8469
mobilenet_v2,8,default,rank_signed_weight_maxabs,strong,other,all,7,0.3904,0.2928,0.5855,0.2342,0.1982,0.6307,0.3904,0.2342
mobilenet_v2,8,default,rank_signed_weight_maxabs,strong,other,above_chance,7,0.3904,0.2928,0.5855,0.2342,0.1982,0.6307,0.3904,0.2342
mobilenet_v2,8,default,minimal,strong,other,all,7,0.3904,0.2928,0.5855,0.2342,0.1982,0.6307,0.3904,0.2342
mobilenet_v2,8,default,minimal,strong,other,above_chance,7,0.3904,0.2928,0.5855,0.2342,0.1982,0.6307,0.3904,0.2342
mobilenet_v2,8,default,default_unsigned,strong,strong,all,7,1.0,0.7143,1.0,1.0,0.8571,1.0,1.0,1.0
mobilenet_v2,8,default,default_unsigned,strong,strong,above_chance,7,1.0,0.7143,1.0,1.0,0.8571,1.0,1.0,1.0
mobilenet_v2,8,default,default_searched,strong,searched,all,7,1.0,0.9048,1.0,1.0,0.9643,1.0,1.0,1.0
mobilenet_v2,8,default,default_searched,strong,searched,above_chance,7,1.0,0.9048,1.0,1.0,0.9643,1.0,1.0,1.0
mobilenet_v2,8,default,default_no_bias_correction_searched,strong,searched,all,6,0.6,0.4667,1.0,0.7714,0.7143,1.0,0.6,0.7714
mobilenet_v2,8,default,default_no_bias_correction_searched,strong,searched,above_chance,6,0.6,0.4667,1.0,0.7714,0.7143,1.0,0.6,0.7714
mobilenet_v2,8,default,default_weight_maxabs_searched,strong,searched,all,6,0.2,0.0667,0.6,0.0857,0.0286,0.6571,0.2,0.0857
mobilenet_v2,8,default,default_weight_maxabs_searched,strong,searched,above_chance,6,0.2,0.0667,0.6,0.0857,0.0286,0.6571,0.2,0.0857
mobilenet_v2,8,default,minimal_searched,strong,searched,all,7,0.3904,0.2928,0.5855,0.2342,0.1982,0.6307,0.3904,0.2342
mobilenet_v2,8,default,minimal_searched,strong,searched,above_chance,7,0.3904,0.2928,0.5855,0.2342,0.1982,0.6307,0.3904,0.2342
mobilenet_v2,8,default,v1_maxabs,strong,weak,all,7,0.0976,-0.25,0.4,0.0901,-0.3091,0.5225,0.0976,0.0901
mobilenet_v2,8,default,v1_maxabs,strong,weak,above_chance,7,0.0976,-0.25,0.4,0.0901,-0.3091,0.5225,0.0976,0.0901
mobilenet_v2,8,default,v1_percentile_99_9,strong,weak,all,5,0.1054,-0.1054,0.527,-0.0513,-0.1539,0.6669,0.1054,-0.0513
mobilenet_v2,8,default,v1_percentile_99_9,strong,weak,above_chance,5,0.1054,-0.1054,0.527,-0.0513,-0.1539,0.6669,0.1054,-0.0513
mobilenet_v2,8,default_signed,default_no_bias_correction,strong,strong,all,7,0.7807,0.6831,0.9759,0.9009,0.8289,0.991,0.7807,0.9009
mobilenet_v2,8,default_signed,default_no_bias_correction,strong,strong,above_chance,7,0.7807,0.6831,0.9759,0.9009,0.8289,0.991,0.7807,0.9009
mobilenet_v2,8,default_signed,default_weight_maxabs,strong,strong,all,7,0.3904,0.1952,0.5855,0.2342,0.1261,0.6307,0.3904,0.2342
mobilenet_v2,8,default_signed,default_weight_maxabs,strong,strong,above_chance,7,0.3904,0.1952,0.5855,0.2342,0.1261,0.6307,0.3904,0.2342
mobilenet_v2,8,default_signed,cum3_act_mse,strong,other,all,7,0.3904,0.1952,0.5855,0.2342,0.1261,0.6307,0.3904,0.2342
mobilenet_v2,8,default_signed,cum3_act_mse,strong,other,above_chance,7,0.3904,0.1952,0.5855,0.2342,0.1261,0.6307,0.3904,0.2342
mobilenet_v2,8,default_signed,rank_signed_no_bias_correction,strong,other,all,7,0.7,0.6,1.0,0.8545,0.7818,1.0,0.7,0.8545
mobilenet_v2,8,default_signed,rank_signed_no_bias_correction,strong,other,above_chance,7,0.7,0.6,1.0,0.8545,0.7818,1.0,0.7,0.8545
mobilenet_v2,8,default_signed,rank_signed_weight_maxabs,strong,other,all,7,0.4,0.2,0.6,0.2364,0.1273,0.6364,0.4,0.2364
mobilenet_v2,8,default_signed,rank_signed_weight_maxabs,strong,other,above_chance,7,0.4,0.2,0.6,0.2364,0.1273,0.6364,0.4,0.2364
mobilenet_v2,8,default_signed,minimal,strong,other,all,7,0.4,0.2,0.6,0.2364,0.1273,0.6364,0.4,0.2364
mobilenet_v2,8,default_signed,minimal,strong,other,above_chance,7,0.4,0.2,0.6,0.2364,0.1273,0.6364,0.4,0.2364
mobilenet_v2,8,default_signed,default_unsigned,strong,strong,all,7,0.9759,0.6831,1.0,0.991,0.8469,1.0,0.9759,0.991
mobilenet_v2,8,default_signed,default_unsigned,strong,strong,above_chance,7,0.9759,0.6831,1.0,0.991,0.8469,1.0,0.9759,0.991
mobilenet_v2,8,default_signed,default_searched,strong,searched,all,7,0.9759,0.85,1.0,0.991,0.9273,1.0,0.9759,0.991
mobilenet_v2,8,default_signed,default_searched,strong,searched,above_chance,7,0.9759,0.85,1.0,0.991,0.9273,1.0,0.9759,0.991
mobilenet_v2,8,default_signed,default_no_bias_correction_searched,strong,searched,all,6,0.6901,0.5521,0.9661,0.8407,0.7537,0.9856,0.6901,0.8407
mobilenet_v2,8,default_signed,default_no_bias_correction_searched,strong,searched,above_chance,6,0.6901,0.5521,0.9661,0.8407,0.7537,0.9856,0.6901,0.8407
mobilenet_v2,8,default_signed,default_weight_maxabs_searched,strong,searched,all,6,0.276,0.138,0.5521,0.116,0.058,0.6377,0.276,0.116
mobilenet_v2,8,default_signed,default_weight_maxabs_searched,strong,searched,above_chance,6,0.276,0.138,0.5521,0.116,0.058,0.6377,0.276,0.116
mobilenet_v2,8,default_signed,minimal_searched,strong,searched,all,7,0.4,0.2,0.6,0.2364,0.1273,0.6364,0.4,0.2364
mobilenet_v2,8,default_signed,minimal_searched,strong,searched,above_chance,7,0.4,0.2,0.6,0.2364,0.1273,0.6364,0.4,0.2364
mobilenet_v2,8,default_signed,v1_maxabs,strong,weak,all,7,0.1,-0.3,0.4,0.0909,-0.3455,0.5273,0.1,0.0909
mobilenet_v2,8,default_signed,v1_maxabs,strong,weak,above_chance,7,0.1,-0.3,0.4,0.0909,-0.3455,0.5273,0.1,0.0909
mobilenet_v2,8,default_signed,v1_percentile_99_9,strong,weak,all,5,0.1111,-0.1111,0.5556,-0.0526,-0.1579,0.6842,0.1111,-0.0526
mobilenet_v2,8,default_signed,v1_percentile_99_9,strong,weak,above_chance,5,0.1111,-0.1111,0.5556,-0.0526,-0.1579,0.6842,0.1111,-0.0526
mobilenet_v2,8,default_no_bias_correction,default_weight_maxabs,strong,strong,all,7,0.4286,0.2381,0.5238,0.4286,0.1429,0.6071,0.4286,0.4286
mobilenet_v2,8,default_no_bias_correction,default_weight_maxabs,strong,strong,above_chance,7,0.4286,0.2381,0.5238,0.4286,0.1429,0.6071,0.4286,0.4286
mobilenet_v2,8,default_no_bias_correction,cum3_act_mse,strong,other,all,7,0.3333,0.2381,0.5855,0.3571,0.1429,0.6307,0.3333,0.3571
mobilenet_v2,8,default_no_bias_correction,cum3_act_mse,strong,other,above_chance,7,0.3333,0.2381,0.5855,0.3571,0.1429,0.6307,0.3333,0.3571
mobilenet_v2,8,default_no_bias_correction,rank_signed_no_bias_correction,strong,other,all,7,0.8783,0.8783,0.9759,0.937,0.937,0.991,0.8783,0.937
mobilenet_v2,8,default_no_bias_correction,rank_signed_no_bias_correction,strong,other,above_chance,7,0.8783,0.8783,0.9759,0.937,0.937,0.991,0.8783,0.937
mobilenet_v2,8,default_no_bias_correction,rank_signed_weight_maxabs,strong,other,all,7,0.3904,0.1952,0.5855,0.3964,0.1261,0.6307,0.3904,0.3964
mobilenet_v2,8,default_no_bias_correction,rank_signed_weight_maxabs,strong,other,above_chance,7,0.3904,0.1952,0.5855,0.3964,0.1261,0.6307,0.3904,0.3964
mobilenet_v2,8,default_no_bias_correction,minimal,strong,other,all,7,0.3904,0.1952,0.5855,0.3964,0.1261,0.6307,0.3904,0.3964
mobilenet_v2,8,default_no_bias_correction,minimal,strong,other,above_chance,7,0.3904,0.1952,0.5855,0.3964,0.1261,0.6307,0.3904,0.3964
mobilenet_v2,8,default_no_bias_correction,default_unsigned,strong,strong,all,7,0.7143,0.619,0.9759,0.8571,0.7856,0.991,0.7143,0.8571
mobilenet_v2,8,default_no_bias_correction,default_unsigned,strong,strong,above_chance,7,0.7143,0.619,0.9759,0.8571,0.7856,0.991,0.7143,0.8571
mobilenet_v2,8,default_no_bias_correction,default_searched,strong,searched,all,7,0.7143,0.619,1.0,0.8571,0.7857,1.0,0.7143,0.8571
mobilenet_v2,8,default_no_bias_correction,default_searched,strong,searched,above_chance,7,0.7143,0.619,1.0,0.8571,0.7857,1.0,0.7143,0.8571
mobilenet_v2,8,default_no_bias_correction,default_no_bias_correction_searched,strong,searched,all,6,1.0,1.0,1.0,1.0,1.0,1.0,1.0,1.0
mobilenet_v2,8,default_no_bias_correction,default_no_bias_correction_searched,strong,searched,above_chance,6,1.0,1.0,1.0,1.0,1.0,1.0,1.0,1.0
mobilenet_v2,8,default_no_bias_correction,default_weight_maxabs_searched,strong,searched,all,6,0.3333,0.0667,0.6,0.3714,0.0286,0.6571,0.3333,0.3714
mobilenet_v2,8,default_no_bias_correction,default_weight_maxabs_searched,strong,searched,above_chance,6,0.3333,0.0667,0.6,0.3714,0.0286,0.6571,0.3333,0.3714
mobilenet_v2,8,default_no_bias_correction,minimal_searched,strong,searched,all,7,0.3904,0.1952,0.5855,0.3964,0.1261,0.6307,0.3904,0.3964
mobilenet_v2,8,default_no_bias_correction,minimal_searched,strong,searched,above_chance,7,0.3904,0.1952,0.5855,0.3964,0.1261,0.6307,0.3904,0.3964
mobilenet_v2,8,default_no_bias_correction,v1_maxabs,strong,weak,all,7,0.2928,-0.1029,0.488,0.3243,-0.1853,0.5946,0.2928,0.3243
mobilenet_v2,8,default_no_bias_correction,v1_maxabs,strong,weak,above_chance,7,0.2928,-0.1029,0.488,0.3243,-0.1853,0.5946,0.2928,0.3243
mobilenet_v2,8,default_no_bias_correction,v1_percentile_99_9,strong,weak,all,5,0.1054,-0.1054,0.527,0.2052,-0.1539,0.6669,0.1054,0.2052
mobilenet_v2,8,default_no_bias_correction,v1_percentile_99_9,strong,weak,above_chance,5,0.1054,-0.1054,0.527,0.2052,-0.1539,0.6669,0.1054,0.2052
mobilenet_v2,8,default_weight_maxabs,cum3_act_mse,strong,other,all,7,0.9048,0.8095,1.0,0.9643,0.8929,1.0,0.9048,0.9643
mobilenet_v2,8,default_weight_maxabs,cum3_act_mse,strong,other,above_chance,6,0.8667,0.7333,1.0,0.9429,0.8286,1.0,0.8667,0.9429
mobilenet_v2,8,default_weight_maxabs,rank_signed_no_bias_correction,strong,other,all,7,0.488,0.1952,0.5855,0.5946,0.1261,0.6307,0.488,0.5946
mobilenet_v2,8,default_weight_maxabs,rank_signed_no_bias_correction,strong,other,above_chance,7,0.488,0.1952,0.5855,0.5946,0.1261,0.6307,0.488,0.5946
mobilenet_v2,8,default_weight_maxabs,rank_signed_weight_maxabs,strong,other,all,7,0.9759,0.9759,1.0,0.991,0.991,1.0,0.9759,0.991
mobilenet_v2,8,default_weight_maxabs,rank_signed_weight_maxabs,strong,other,above_chance,6,0.9661,0.9661,1.0,0.9856,0.9856,1.0,0.9661,0.9856
mobilenet_v2,8,default_weight_maxabs,minimal,strong,other,all,7,0.9759,0.7807,1.0,0.991,0.8829,1.0,0.9759,0.991
mobilenet_v2,8,default_weight_maxabs,minimal,strong,other,above_chance,6,0.9661,0.6901,1.0,0.9856,0.8117,1.0,0.9661,0.9856
mobilenet_v2,8,default_weight_maxabs,default_unsigned,strong,strong,all,7,0.3333,0.2381,0.619,0.2143,0.1429,0.6429,0.3333,0.2143
mobilenet_v2,8,default_weight_maxabs,default_unsigned,strong,strong,above_chance,7,0.3333,0.2381,0.619,0.2143,0.1429,0.6429,0.3333,0.2143
mobilenet_v2,8,default_weight_maxabs,default_searched,strong,searched,all,7,0.3333,0.2381,0.619,0.2143,0.1429,0.6429,0.3333,0.2143
mobilenet_v2,8,default_weight_maxabs,default_searched,strong,searched,above_chance,7,0.3333,0.2381,0.619,0.2143,0.1429,0.6429,0.3333,0.2143
mobilenet_v2,8,default_weight_maxabs,default_no_bias_correction_searched,strong,searched,all,6,0.3333,0.0667,0.6,0.3714,0.0286,0.6571,0.3333,0.3714
mobilenet_v2,8,default_weight_maxabs,default_no_bias_correction_searched,strong,searched,above_chance,6,0.3333,0.0667,0.6,0.3714,0.0286,0.6571,0.3333,0.3714
mobilenet_v2,8,default_weight_maxabs,default_weight_maxabs_searched,strong,searched,all,6,1.0,1.0,1.0,1.0,1.0,1.0,1.0,1.0
mobilenet_v2,8,default_weight_maxabs,default_weight_maxabs_searched,strong,searched,above_chance,5,1.0,1.0,1.0,1.0,1.0,1.0,1.0,1.0
mobilenet_v2,8,default_weight_maxabs,minimal_searched,strong,searched,all,7,0.9759,0.7807,1.0,0.991,0.8829,1.0,0.9759,0.991
mobilenet_v2,8,default_weight_maxabs,minimal_searched,strong,searched,above_chance,6,0.9661,0.6901,1.0,0.9856,0.8117,1.0,0.9661,0.9856
mobilenet_v2,8,default_weight_maxabs,v1_maxabs,strong,weak,all,7,0.6831,0.2928,0.8,0.8469,0.4144,0.8909,0.6831,0.8469
mobilenet_v2,8,default_weight_maxabs,v1_maxabs,strong,weak,above_chance,6,0.5521,0.0,0.7143,0.7537,0.058,0.8235,0.5521,0.7537
mobilenet_v2,8,default_weight_maxabs,v1_percentile_99_9,strong,weak,all,5,0.9487,0.7379,1.0,0.9747,0.8721,1.0,0.9487,0.9747
mobilenet_v2,8,default_weight_maxabs,v1_percentile_99_9,strong,weak,above_chance,4,0.9129,0.5477,1.0,0.9487,0.7379,1.0,0.9129,0.9487
mobilenet_v2,8,cum3_act_mse,rank_signed_no_bias_correction,other,other,all,7,0.488,0.2928,0.5855,0.5946,0.1982,0.6307,0.488,0.5946
mobilenet_v2,8,cum3_act_mse,rank_signed_no_bias_correction,other,other,above_chance,7,0.488,0.2928,0.5855,0.5946,0.1982,0.6307,0.488,0.5946
mobilenet_v2,8,cum3_act_mse,rank_signed_weight_maxabs,other,other,all,7,0.9759,0.7807,0.9759,0.991,0.8829,0.991,0.9759,0.991
mobilenet_v2,8,cum3_act_mse,rank_signed_weight_maxabs,other,other,above_chance,6,0.9661,0.6901,0.9661,0.9856,0.8117,0.9856,0.9661,0.9856
mobilenet_v2,8,cum3_act_mse,minimal,other,other,all,7,0.9759,0.9759,0.9759,0.991,0.991,0.991,0.9759,0.991
mobilenet_v2,8,cum3_act_mse,minimal,other,other,above_chance,6,0.9661,0.9661,0.9661,0.9856,0.9856,0.9856,0.9661,0.9856
mobilenet_v2,8,cum3_act_mse,default_unsigned,other,strong,all,7,0.4286,0.2381,0.619,0.25,0.1429,0.6429,0.4286,0.25
mobilenet_v2,8,cum3_act_mse,default_unsigned,other,strong,above_chance,7,0.4286,0.2381,0.619,0.25,0.1429,0.6429,0.4286,0.25
mobilenet_v2,8,cum3_act_mse,default_searched,other,searched,all,7,0.4286,0.2381,0.619,0.25,0.1429,0.6429,0.4286,0.25
mobilenet_v2,8,cum3_act_mse,default_searched,other,searched,above_chance,7,0.4286,0.2381,0.619,0.25,0.1429,0.6429,0.4286,0.25
mobilenet_v2,8,cum3_act_mse,default_no_bias_correction_searched,other,searched,all,6,0.2,0.0667,0.5521,0.2571,0.0286,0.6377,0.2,0.2571
mobilenet_v2,8,cum3_act_mse,default_no_bias_correction_searched,other,searched,above_chance,6,0.2,0.0667,0.5521,0.2571,0.0286,0.6377,0.2,0.2571
mobilenet_v2,8,cum3_act_mse,default_weight_maxabs_searched,other,searched,all,6,0.8667,0.7333,1.0,0.9429,0.8857,1.0,0.8667,0.9429
mobilenet_v2,8,cum3_act_mse,default_weight_maxabs_searched,other,searched,above_chance,5,0.8,0.6,1.0,0.9,0.8,1.0,0.8,0.9
mobilenet_v2,8,cum3_act_mse,minimal_searched,other,searched,all,7,0.9759,0.9759,0.9759,0.991,0.991,0.991,0.9759,0.991
mobilenet_v2,8,cum3_act_mse,minimal_searched,other,searched,above_chance,6,0.9661,0.9661,0.9661,0.9856,0.9856,0.9856,0.9661,0.9856
mobilenet_v2,8,cum3_act_mse,v1_maxabs,other,weak,all,7,0.6831,0.2928,0.8783,0.8469,0.4144,0.955,0.6831,0.8469
mobilenet_v2,8,cum3_act_mse,v1_maxabs,other,weak,above_chance,6,0.5521,0.0,0.8281,0.7537,0.058,0.9276,0.5521,0.7537
mobilenet_v2,8,cum3_act_mse,v1_percentile_99_9,other,weak,all,5,0.9487,0.7379,0.9487,0.9747,0.8721,0.9747,0.9487,0.9747
mobilenet_v2,8,cum3_act_mse,v1_percentile_99_9,other,weak,above_chance,4,0.9129,0.5477,0.9129,0.9487,0.7379,0.9487,0.9129,0.9487
mobilenet_v2,8,rank_signed_no_bias_correction,rank_signed_weight_maxabs,other,other,all,7,0.5,0.2,0.6,0.6,0.1273,0.6364,0.5,0.6
mobilenet_v2,8,rank_signed_no_bias_correction,rank_signed_weight_maxabs,other,other,above_chance,7,0.5,0.2,0.6,0.6,0.1273,0.6364,0.5,0.6
mobilenet_v2,8,rank_signed_no_bias_correction,minimal,other,other,all,7,0.5,0.3,0.6,0.6,0.2,0.6364,0.5,0.6
mobilenet_v2,8,rank_signed_no_bias_correction,minimal,other,other,above_chance,7,0.5,0.3,0.6,0.6,0.2,0.6364,0.5,0.6
mobilenet_v2,8,rank_signed_no_bias_correction,default_unsigned,other,strong,all,7,0.6831,0.6831,0.9759,0.8469,0.7748,0.991,0.6831,0.8469
mobilenet_v2,8,rank_signed_no_bias_correction,default_unsigned,other,strong,above_chance,7,0.6831,0.6831,0.9759,0.8469,0.7748,0.991,0.6831,0.8469
mobilenet_v2,8,rank_signed_no_bias_correction,default_searched,other,searched,all,7,0.6831,0.5855,0.9759,0.8469,0.7748,0.991,0.6831,0.8469
mobilenet_v2,8,rank_signed_no_bias_correction,default_searched,other,searched,above_chance,7,0.6831,0.5855,0.9759,0.8469,0.7748,0.991,0.6831,0.8469
mobilenet_v2,8,rank_signed_no_bias_correction,default_no_bias_correction_searched,other,searched,all,6,0.8281,0.8281,0.9661,0.8986,0.8986,0.9856,0.8281,0.8986
mobilenet_v2,8,rank_signed_no_bias_correction,default_no_bias_correction_searched,other,searched,above_chance,6,0.8281,0.8281,0.9661,0.8986,0.8986,0.9856,0.8281,0.8986
mobilenet_v2,8,rank_signed_no_bias_correction,default_weight_maxabs_searched,other,searched,all,6,0.414,0.138,0.5521,0.5798,0.058,0.6377,0.414,0.5798
mobilenet_v2,8,rank_signed_no_bias_correction,default_weight_maxabs_searched,other,searched,above_chance,6,0.414,0.138,0.5521,0.5798,0.058,0.6377,0.414,0.5798
mobilenet_v2,8,rank_signed_no_bias_correction,minimal_searched,other,searched,all,7,0.5,0.3,0.6,0.6,0.2,0.6364,0.5,0.6
mobilenet_v2,8,rank_signed_no_bias_correction,minimal_searched,other,searched,above_chance,7,0.5,0.3,0.6,0.6,0.2,0.6364,0.5,0.6
mobilenet_v2,8,rank_signed_no_bias_correction,v1_maxabs,other,weak,all,7,0.4,-0.1054,0.5,0.5273,-0.187,0.6,0.4,0.5273
mobilenet_v2,8,rank_signed_no_bias_correction,v1_maxabs,other,weak,above_chance,7,0.4,-0.1054,0.5,0.5273,-0.187,0.6,0.4,0.5273
mobilenet_v2,8,rank_signed_no_bias_correction,v1_percentile_99_9,other,weak,all,5,0.3333,-0.1111,0.5556,0.5789,-0.1579,0.6842,0.3333,0.5789
mobilenet_v2,8,rank_signed_no_bias_correction,v1_percentile_99_9,other,weak,above_chance,5,0.3333,-0.1111,0.5556,0.5789,-0.1579,0.6842,0.3333,0.5789
mobilenet_v2,8,rank_signed_weight_maxabs,minimal,other,other,all,7,1.0,0.8,1.0,1.0,0.8909,1.0,1.0,1.0
mobilenet_v2,8,rank_signed_weight_maxabs,minimal,other,other,above_chance,6,1.0,0.7143,1.0,1.0,0.8235,1.0,1.0,1.0
mobilenet_v2,8,rank_signed_weight_maxabs,default_unsigned,other,strong,all,7,0.3904,0.1952,0.5855,0.2342,0.1261,0.6307,0.3904,0.2342
mobilenet_v2,8,rank_signed_weight_maxabs,default_unsigned,other,strong,above_chance,7,0.3904,0.1952,0.5855,0.2342,0.1261,0.6307,0.3904,0.2342
mobilenet_v2,8,rank_signed_weight_maxabs,default_searched,other,searched,all,7,0.3904,0.1952,0.5855,0.2342,0.1272,0.6307,0.3904,0.2342
mobilenet_v2,8,rank_signed_weight_maxabs,default_searched,other,searched,above_chance,7,0.3904,0.1952,0.5855,0.2342,0.1272,0.6307,0.3904,0.2342
mobilenet_v2,8,rank_signed_weight_maxabs,default_no_bias_correction_searched,other,searched,all,6,0.276,0.138,0.5521,0.3189,0.058,0.6377,0.276,0.3189
mobilenet_v2,8,rank_signed_weight_maxabs,default_no_bias_correction_searched,other,searched,above_chance,6,0.276,0.138,0.5521,0.3189,0.058,0.6377,0.276,0.3189
mobilenet_v2,8,rank_signed_weight_maxabs,default_weight_maxabs_searched,other,searched,all,6,0.9661,0.9661,1.0,0.9856,0.9856,1.0,0.9661,0.9856
mobilenet_v2,8,rank_signed_weight_maxabs,default_weight_maxabs_searched,other,searched,above_chance,5,0.9487,0.9487,1.0,0.9747,0.9747,1.0,0.9487,0.9747
mobilenet_v2,8,rank_signed_weight_maxabs,minimal_searched,other,searched,all,7,1.0,0.8,1.0,1.0,0.8909,1.0,1.0,1.0
mobilenet_v2,8,rank_signed_weight_maxabs,minimal_searched,other,searched,above_chance,6,1.0,0.7143,1.0,1.0,0.8235,1.0,1.0,1.0
mobilenet_v2,8,rank_signed_weight_maxabs,v1_maxabs,other,weak,all,7,0.7,0.3,0.8,0.8545,0.4182,0.8909,0.7,0.8545
mobilenet_v2,8,rank_signed_weight_maxabs,v1_maxabs,other,weak,above_chance,6,0.5714,0.0,0.7143,0.7647,0.0588,0.8235,0.5714,0.7647
mobilenet_v2,8,rank_signed_weight_maxabs,v1_percentile_99_9,other,weak,all,5,1.0,0.7778,1.0,1.0,0.8947,1.0,1.0,1.0
mobilenet_v2,8,rank_signed_weight_maxabs,v1_percentile_99_9,other,weak,above_chance,4,1.0,0.6,1.0,1.0,0.7778,1.0,1.0,1.0
mobilenet_v2,8,minimal,default_unsigned,other,strong,all,7,0.3904,0.1999,0.5855,0.2342,0.1441,0.6307,0.3904,0.2342
mobilenet_v2,8,minimal,default_unsigned,other,strong,above_chance,7,0.3904,0.1999,0.5855,0.2342,0.1441,0.6307,0.3904,0.2342
mobilenet_v2,8,minimal,default_searched,other,searched,all,7,0.3904,0.1952,0.5855,0.2342,0.1261,0.6307,0.3904,0.2342
mobilenet_v2,8,minimal,default_searched,other,searched,above_chance,7,0.3904,0.1952,0.5855,0.2342,0.1261,0.6307,0.3904,0.2342
mobilenet_v2,8,minimal,default_no_bias_correction_searched,other,searched,all,6,0.276,0.138,0.5521,0.3189,0.058,0.6377,0.276,0.3189
mobilenet_v2,8,minimal,default_no_bias_correction_searched,other,searched,above_chance,6,0.276,0.138,0.5521,0.3189,0.058,0.6377,0.276,0.3189
mobilenet_v2,8,minimal,default_weight_maxabs_searched,other,searched,all,6,0.9661,0.8281,1.0,0.9856,0.9276,1.0,0.9661,0.9856
mobilenet_v2,8,minimal,default_weight_maxabs_searched,other,searched,above_chance,5,0.9487,0.7379,1.0,0.9747,0.8721,1.0,0.9487,0.9747
mobilenet_v2,8,minimal,minimal_searched,other,searched,all,7,1.0,1.0,1.0,1.0,1.0,1.0,1.0,1.0
mobilenet_v2,8,minimal,minimal_searched,other,searched,above_chance,6,1.0,1.0,1.0,1.0,1.0,1.0,1.0,1.0
mobilenet_v2,8,minimal,v1_maxabs,other,weak,all,7,0.7,0.3,0.9,0.8545,0.4182,0.9636,0.7,0.8545
mobilenet_v2,8,minimal,v1_maxabs,other,weak,above_chance,6,0.5714,0.0,0.8571,0.7647,0.0588,0.9412,0.5714,0.7647
mobilenet_v2,8,minimal,v1_percentile_99_9,other,weak,all,5,1.0,0.7778,1.0,1.0,0.8947,1.0,1.0,1.0
mobilenet_v2,8,minimal,v1_percentile_99_9,other,weak,above_chance,4,1.0,0.6,1.0,1.0,0.7778,1.0,1.0,1.0
mobilenet_v2,8,default_unsigned,default_searched,strong,searched,all,7,1.0,0.7143,1.0,1.0,0.8571,1.0,1.0,1.0
mobilenet_v2,8,default_unsigned,default_searched,strong,searched,above_chance,7,1.0,0.7143,1.0,1.0,0.8571,1.0,1.0,1.0
mobilenet_v2,8,default_unsigned,default_no_bias_correction_searched,strong,searched,all,6,0.6,0.4667,0.9661,0.7714,0.6571,0.9856,0.6,0.7714
mobilenet_v2,8,default_unsigned,default_no_bias_correction_searched,strong,searched,above_chance,6,0.6,0.4667,0.9661,0.7714,0.6571,0.9856,0.6,0.7714
mobilenet_v2,8,default_unsigned,default_weight_maxabs_searched,strong,searched,all,6,0.2,0.0667,0.6,0.0857,-0.0286,0.6571,0.2,0.0857
mobilenet_v2,8,default_unsigned,default_weight_maxabs_searched,strong,searched,above_chance,6,0.2,0.0667,0.6,0.0857,-0.0286,0.6571,0.2,0.0857
mobilenet_v2,8,default_unsigned,minimal_searched,strong,searched,all,7,0.3904,0.1999,0.5855,0.2342,0.1441,0.6307,0.3904,0.2342
mobilenet_v2,8,default_unsigned,minimal_searched,strong,searched,above_chance,7,0.3904,0.1999,0.5855,0.2342,0.1441,0.6307,0.3904,0.2342
mobilenet_v2,8,default_unsigned,v1_maxabs,strong,weak,all,7,0.0976,-0.2928,0.3904,0.0901,-0.3424,0.5092,0.0976,0.0901
mobilenet_v2,8,default_unsigned,v1_maxabs,strong,weak,above_chance,7,0.0976,-0.2928,0.3904,0.0901,-0.3424,0.5092,0.0976,0.0901
mobilenet_v2,8,default_unsigned,v1_percentile_99_9,strong,weak,all,5,0.1054,-0.1054,0.527,-0.0513,-0.2052,0.6669,0.1054,-0.0513
mobilenet_v2,8,default_unsigned,v1_percentile_99_9,strong,weak,above_chance,5,0.1054,-0.1054,0.527,-0.0513,-0.2052,0.6669,0.1054,-0.0513
mobilenet_v2,8,default_searched,default_no_bias_correction_searched,searched,searched,all,6,0.6,0.4667,1.0,0.7714,0.7143,1.0,0.6,0.7714
mobilenet_v2,8,default_searched,default_no_bias_correction_searched,searched,searched,above_chance,6,0.6,0.4667,1.0,0.7714,0.7143,1.0,0.6,0.7714
mobilenet_v2,8,default_searched,default_weight_maxabs_searched,searched,searched,all,6,0.2,0.0667,0.6,0.0857,0.0286,0.6571,0.2,0.0857
mobilenet_v2,8,default_searched,default_weight_maxabs_searched,searched,searched,above_chance,6,0.2,0.0667,0.6,0.0857,0.0286,0.6571,0.2,0.0857
mobilenet_v2,8,default_searched,minimal_searched,searched,searched,all,7,0.3904,0.1952,0.5855,0.2342,0.1261,0.6307,0.3904,0.2342
mobilenet_v2,8,default_searched,minimal_searched,searched,searched,above_chance,7,0.3904,0.1952,0.5855,0.2342,0.1261,0.6307,0.3904,0.2342
mobilenet_v2,8,default_searched,v1_maxabs,searched,weak,all,7,0.0976,-0.25,0.4,0.0901,-0.3091,0.5273,0.0976,0.0901
mobilenet_v2,8,default_searched,v1_maxabs,searched,weak,above_chance,7,0.0976,-0.25,0.4,0.0901,-0.3091,0.5273,0.0976,0.0901
mobilenet_v2,8,default_searched,v1_percentile_99_9,searched,weak,all,5,0.1054,-0.1054,0.527,-0.0513,-0.1539,0.6669,0.1054,-0.0513
mobilenet_v2,8,default_searched,v1_percentile_99_9,searched,weak,above_chance,5,0.1054,-0.1054,0.527,-0.0513,-0.1539,0.6669,0.1054,-0.0513
mobilenet_v2,8,default_no_bias_correction_searched,default_weight_maxabs_searched,searched,searched,all,6,0.3333,0.0667,0.6,0.3714,0.0286,0.6571,0.3333,0.3714
mobilenet_v2,8,default_no_bias_correction_searched,default_weight_maxabs_searched,searched,searched,above_chance,6,0.3333,0.0667,0.6,0.3714,0.0286,0.6571,0.3333,0.3714
mobilenet_v2,8,default_no_bias_correction_searched,minimal_searched,searched,searched,all,6,0.276,0.138,0.5521,0.3189,0.058,0.6377,0.276,0.3189
mobilenet_v2,8,default_no_bias_correction_searched,minimal_searched,searched,searched,above_chance,6,0.276,0.138,0.5521,0.3189,0.058,0.6377,0.276,0.3189
mobilenet_v2,8,default_no_bias_correction_searched,v1_maxabs,searched,weak,all,6,0.414,0.0,0.5521,0.3769,-0.058,0.6377,0.414,0.3769
mobilenet_v2,8,default_no_bias_correction_searched,v1_maxabs,searched,weak,above_chance,6,0.414,0.0,0.5521,0.3769,-0.058,0.6377,0.414,0.3769
mobilenet_v2,8,default_no_bias_correction_searched,v1_percentile_99_9,searched,weak,all,5,0.1054,-0.1054,0.527,0.2052,-0.1539,0.6669,0.1054,0.2052
mobilenet_v2,8,default_no_bias_correction_searched,v1_percentile_99_9,searched,weak,above_chance,5,0.1054,-0.1054,0.527,0.2052,-0.1539,0.6669,0.1054,0.2052
mobilenet_v2,8,default_weight_maxabs_searched,minimal_searched,searched,searched,all,6,0.9661,0.8281,1.0,0.9856,0.9276,1.0,0.9661,0.9856
mobilenet_v2,8,default_weight_maxabs_searched,minimal_searched,searched,searched,above_chance,5,0.9487,0.7379,1.0,0.9747,0.8721,1.0,0.9487,0.9747
mobilenet_v2,8,default_weight_maxabs_searched,v1_maxabs,searched,weak,all,6,0.8281,0.5521,0.9661,0.9276,0.6377,0.9856,0.8281,0.9276
mobilenet_v2,8,default_weight_maxabs_searched,v1_maxabs,searched,weak,above_chance,5,0.7379,0.3162,0.9487,0.8721,0.3591,0.9747,0.7379,0.8721
mobilenet_v2,8,default_weight_maxabs_searched,v1_percentile_99_9,searched,weak,all,5,0.9487,0.7379,1.0,0.9747,0.8721,1.0,0.9487,0.9747
mobilenet_v2,8,default_weight_maxabs_searched,v1_percentile_99_9,searched,weak,above_chance,4,0.9129,0.5477,1.0,0.9487,0.7379,1.0,0.9129,0.9487
mobilenet_v2,8,minimal_searched,v1_maxabs,searched,weak,all,7,0.7,0.3,0.9,0.8545,0.4182,0.9636,0.7,0.8545
mobilenet_v2,8,minimal_searched,v1_maxabs,searched,weak,above_chance,6,0.5714,0.0,0.8571,0.7647,0.0588,0.9412,0.5714,0.7647
mobilenet_v2,8,minimal_searched,v1_percentile_99_9,searched,weak,all,5,1.0,0.7778,1.0,1.0,0.8947,1.0,1.0,1.0
mobilenet_v2,8,minimal_searched,v1_percentile_99_9,searched,weak,above_chance,4,1.0,0.6,1.0,1.0,0.7778,1.0,1.0,1.0
mobilenet_v2,8,v1_maxabs,v1_percentile_99_9,weak,weak,all,5,0.7778,0.3333,0.7778,0.8947,0.3684,0.8947,0.7778,0.8947
mobilenet_v2,8,v1_maxabs,v1_percentile_99_9,weak,weak,above_chance,4,0.6,-0.2,0.6,0.7778,-0.3333,0.7778,0.6,0.7778
mobilenet_v2,6,default,default_signed,strong,strong,all,7,1.0,0.9048,1.0,1.0,0.9643,1.0,1.0,1.0
mobilenet_v2,6,default,default_signed,strong,strong,above_chance,7,1.0,0.9048,1.0,1.0,0.9643,1.0,1.0,1.0
mobilenet_v2,6,default,default_no_bias_correction,strong,strong,all,7,0.7143,0.5238,0.8095,0.8571,0.75,0.8929,0.7143,0.8571
mobilenet_v2,6,default,default_no_bias_correction,strong,strong,above_chance,7,0.7143,0.5238,0.8095,0.8571,0.75,0.8929,0.7143,0.8571
mobilenet_v2,6,default,default_weight_maxabs,strong,strong,all,7,0.8095,0.7143,0.9048,0.9286,0.8929,0.9643,0.8095,0.9286
mobilenet_v2,6,default,default_weight_maxabs,strong,strong,above_chance,7,0.8095,0.7143,0.9048,0.9286,0.8929,0.9643,0.8095,0.9286
mobilenet_v2,6,default,cum3_act_mse,strong,other,all,7,0.8095,0.5238,0.9048,0.9286,0.7143,0.9643,0.8095,0.9286
mobilenet_v2,6,default,cum3_act_mse,strong,other,above_chance,7,0.8095,0.5238,0.9048,0.9286,0.7143,0.9643,0.8095,0.9286
mobilenet_v2,6,default,rank_signed_no_bias_correction,strong,other,all,7,0.619,0.5238,0.8095,0.8214,0.75,0.8929,0.619,0.8214
mobilenet_v2,6,default,rank_signed_no_bias_correction,strong,other,above_chance,7,0.619,0.5238,0.8095,0.8214,0.75,0.8929,0.619,0.8214
mobilenet_v2,6,default,rank_signed_weight_maxabs,strong,other,all,7,0.8095,0.619,0.9048,0.9286,0.8214,0.9643,0.8095,0.9286
mobilenet_v2,6,default,rank_signed_weight_maxabs,strong,other,above_chance,7,0.8095,0.619,0.9048,0.9286,0.8214,0.9643,0.8095,0.9286
mobilenet_v2,6,default,minimal,strong,other,all,7,0.7143,0.5238,0.9048,0.8929,0.7143,0.9643,0.7143,0.8929
mobilenet_v2,6,default,minimal,strong,other,above_chance,7,0.7143,0.5238,0.9048,0.8929,0.7143,0.9643,0.7143,0.8929
mobilenet_v2,6,default,default_unsigned,strong,strong,all,7,0.9048,0.7143,1.0,0.9643,0.8571,1.0,0.9048,0.9643
mobilenet_v2,6,default,default_unsigned,strong,strong,above_chance,7,0.9048,0.7143,1.0,0.9643,0.8571,1.0,0.9048,0.9643
mobilenet_v2,6,default,default_searched,strong,searched,all,7,1.0,0.9048,1.0,1.0,0.9643,1.0,1.0,1.0
mobilenet_v2,6,default,default_searched,strong,searched,above_chance,7,1.0,0.9048,1.0,1.0,0.9643,1.0,1.0,1.0
mobilenet_v2,6,default,default_no_bias_correction_searched,strong,searched,all,5,0.4,0.2,0.6,0.6,0.5,0.7,0.4,0.6
mobilenet_v2,6,default,default_no_bias_correction_searched,strong,searched,above_chance,5,0.4,0.2,0.6,0.6,0.5,0.7,0.4,0.6
mobilenet_v2,6,default,default_weight_maxabs_searched,strong,searched,all,5,1.0,0.8,1.0,1.0,0.9,1.0,1.0,1.0
mobilenet_v2,6,default,default_weight_maxabs_searched,strong,searched,above_chance,5,1.0,0.8,1.0,1.0,0.9,1.0,1.0,1.0
mobilenet_v2,6,default,minimal_searched,strong,searched,all,7,0.7143,0.5238,0.9048,0.8929,0.7143,0.9643,0.7143,0.8929
mobilenet_v2,6,default,minimal_searched,strong,searched,above_chance,7,0.7143,0.5238,0.9048,0.8929,0.7143,0.9643,0.7143,0.8929
mobilenet_v2,6,default,v1_maxabs,strong,weak,all,6,-0.2,-0.3333,-0.0667,-0.2,-0.4286,-0.0286,-0.2,-0.2
mobilenet_v2,6,default,v1_maxabs,strong,weak,above_chance,6,-0.2,-0.3333,-0.0667,-0.2,-0.4286,-0.0286,-0.2,-0.2
mobilenet_v2,6,default,v1_percentile_99_9,strong,weak,all,7,0.3333,0.3333,0.5238,0.6071,0.5714,0.6786,0.3333,0.6071
mobilenet_v2,6,default,v1_percentile_99_9,strong,weak,above_chance,7,0.3333,0.3333,0.5238,0.6071,0.5714,0.6786,0.3333,0.6071
mobilenet_v2,6,default_signed,default_no_bias_correction,strong,strong,all,7,0.7143,0.5238,0.8095,0.8571,0.75,0.8929,0.7143,0.8571
mobilenet_v2,6,default_signed,default_no_bias_correction,strong,strong,above_chance,7,0.7143,0.5238,0.8095,0.8571,0.75,0.8929,0.7143,0.8571
mobilenet_v2,6,default_signed,default_weight_maxabs,strong,strong,all,7,0.8095,0.619,0.9048,0.9286,0.8214,0.9643,0.8095,0.9286
mobilenet_v2,6,default_signed,default_weight_maxabs,strong,strong,above_chance,7,0.8095,0.619,0.9048,0.9286,0.8214,0.9643,0.8095,0.9286
mobilenet_v2,6,default_signed,cum3_act_mse,strong,other,all,7,0.8095,0.5238,0.9048,0.9286,0.7143,0.9643,0.8095,0.9286
mobilenet_v2,6,default_signed,cum3_act_mse,strong,other,above_chance,7,0.8095,0.5238,0.9048,0.9286,0.7143,0.9643,0.8095,0.9286
mobilenet_v2,6,default_signed,rank_signed_no_bias_correction,strong,other,all,7,0.619,0.5238,0.8095,0.8214,0.75,0.8929,0.619,0.8214
mobilenet_v2,6,default_signed,rank_signed_no_bias_correction,strong,other,above_chance,7,0.619,0.5238,0.8095,0.8214,0.75,0.8929,0.619,0.8214
mobilenet_v2,6,default_signed,rank_signed_weight_maxabs,strong,other,all,7,0.8095,0.619,0.9048,0.9286,0.8214,0.9643,0.8095,0.9286
mobilenet_v2,6,default_signed,rank_signed_weight_maxabs,strong,other,above_chance,7,0.8095,0.619,0.9048,0.9286,0.8214,0.9643,0.8095,0.9286
mobilenet_v2,6,default_signed,minimal,strong,other,all,7,0.7143,0.5238,0.9048,0.8929,0.7143,0.9643,0.7143,0.8929
mobilenet_v2,6,default_signed,minimal,strong,other,above_chance,7,0.7143,0.5238,0.9048,0.8929,0.7143,0.9643,0.7143,0.8929
mobilenet_v2,6,default_signed,default_unsigned,strong,strong,all,7,0.9048,0.7143,1.0,0.9643,0.8571,1.0,0.9048,0.9643
mobilenet_v2,6,default_signed,default_unsigned,strong,strong,above_chance,7,0.9048,0.7143,1.0,0.9643,0.8571,1.0,0.9048,0.9643
mobilenet_v2,6,default_signed,default_searched,strong,searched,all,7,1.0,0.8095,1.0,1.0,0.8929,1.0,1.0,1.0
mobilenet_v2,6,default_signed,default_searched,strong,searched,above_chance,7,1.0,0.8095,1.0,1.0,0.8929,1.0,1.0,1.0
mobilenet_v2,6,default_signed,default_no_bias_correction_searched,strong,searched,all,5,0.4,0.2,0.6,0.6,0.5,0.7,0.4,0.6
mobilenet_v2,6,default_signed,default_no_bias_correction_searched,strong,searched,above_chance,5,0.4,0.2,0.6,0.6,0.5,0.7,0.4,0.6
mobilenet_v2,6,default_signed,default_weight_maxabs_searched,strong,searched,all,5,1.0,0.6,1.0,1.0,0.8,1.0,1.0,1.0
mobilenet_v2,6,default_signed,default_weight_maxabs_searched,strong,searched,above_chance,5,1.0,0.6,1.0,1.0,0.8,1.0,1.0,1.0
mobilenet_v2,6,default_signed,minimal_searched,strong,searched,all,7,0.7143,0.5238,0.9048,0.8929,0.7143,0.9643,0.7143,0.8929
mobilenet_v2,6,default_signed,minimal_searched,strong,searched,above_chance,7,0.7143,0.5238,0.9048,0.8929,0.7143,0.9643,0.7143,0.8929
mobilenet_v2,6,default_signed,v1_maxabs,strong,weak,all,6,-0.2,-0.3333,0.0667,-0.2,-0.4286,0.116,-0.2,-0.2
mobilenet_v2,6,default_signed,v1_maxabs,strong,weak,above_chance,6,-0.2,-0.3333,0.0667,-0.2,-0.4286,0.116,-0.2,-0.2
mobilenet_v2,6,default_signed,v1_percentile_99_9,strong,weak,all,7,0.3333,0.3333,0.5238,0.6071,0.5714,0.7143,0.3333,0.6071
mobilenet_v2,6,default_signed,v1_percentile_99_9,strong,weak,above_chance,7,0.3333,0.3333,0.5238,0.6071,0.5714,0.7143,0.3333,0.6071
mobilenet_v2,6,default_no_bias_correction,default_weight_maxabs,strong,strong,all,7,0.5238,0.4286,0.619,0.7143,0.6429,0.75,0.5238,0.7143
mobilenet_v2,6,default_no_bias_correction,default_weight_maxabs,strong,strong,above_chance,7,0.5238,0.4286,0.619,0.7143,0.6429,0.75,0.5238,0.7143
mobilenet_v2,6,default_no_bias_correction,cum3_act_mse,strong,other,all,7,0.7143,0.5238,0.7143,0.7857,0.6786,0.7857,0.7143,0.7857
mobilenet_v2,6,default_no_bias_correction,cum3_act_mse,strong,other,above_chance,7,0.7143,0.5238,0.7143,0.7857,0.6786,0.7857,0.7143,0.7857
mobilenet_v2,6,default_no_bias_correction,rank_signed_no_bias_correction,strong,other,all,7,0.9048,0.9048,1.0,0.9643,0.9643,1.0,0.9048,0.9643
mobilenet_v2,6,default_no_bias_correction,rank_signed_no_bias_correction,strong,other,above_chance,7,0.9048,0.9048,1.0,0.9643,0.9643,1.0,0.9048,0.9643
mobilenet_v2,6,default_no_bias_correction,rank_signed_weight_maxabs,strong,other,all,7,0.5238,0.3333,0.619,0.7143,0.6071,0.75,0.5238,0.7143
mobilenet_v2,6,default_no_bias_correction,rank_signed_weight_maxabs,strong,other,above_chance,7,0.5238,0.3333,0.619,0.7143,0.6071,0.75,0.5238,0.7143
mobilenet_v2,6,default_no_bias_correction,minimal,strong,other,all,7,0.619,0.5238,0.7143,0.75,0.6786,0.7857,0.619,0.75
mobilenet_v2,6,default_no_bias_correction,minimal,strong,other,above_chance,7,0.619,0.5238,0.7143,0.75,0.6786,0.7857,0.619,0.75
mobilenet_v2,6,default_no_bias_correction,default_unsigned,strong,strong,all,7,0.619,0.4286,0.8095,0.8214,0.7143,0.8929,0.619,0.8214
mobilenet_v2,6,default_no_bias_correction,default_unsigned,strong,strong,above_chance,7,0.619,0.4286,0.8095,0.8214,0.7143,0.8929,0.619,0.8214
mobilenet_v2,6,default_no_bias_correction,default_searched,strong,searched,all,7,0.7143,0.619,0.8095,0.8571,0.8214,0.8929,0.7143,0.8571
mobilenet_v2,6,default_no_bias_correction,default_searched,strong,searched,above_chance,7,0.7143,0.619,0.8095,0.8571,0.8214,0.8929,0.7143,0.8571
mobilenet_v2,6,default_no_bias_correction,default_no_bias_correction_searched,strong,searched,all,5,1.0,1.0,1.0,1.0,1.0,1.0,1.0,1.0
mobilenet_v2,6,default_no_bias_correction,default_no_bias_correction_searched,strong,searched,above_chance,5,1.0,1.0,1.0,1.0,1.0,1.0,1.0,1.0
mobilenet_v2,6,default_no_bias_correction,default_weight_maxabs_searched,strong,searched,all,5,0.4,0.2,0.6,0.6,0.5,0.7,0.4,0.6
mobilenet_v2,6,default_no_bias_correction,default_weight_maxabs_searched,strong,searched,above_chance,5,0.4,0.2,0.6,0.6,0.5,0.7,0.4,0.6
mobilenet_v2,6,default_no_bias_correction,minimal_searched,strong,searched,all,7,0.619,0.5238,0.7143,0.75,0.6786,0.7857,0.619,0.75
mobilenet_v2,6,default_no_bias_correction,minimal_searched,strong,searched,above_chance,7,0.619,0.5238,0.7143,0.75,0.6786,0.7857,0.619,0.75
mobilenet_v2,6,default_no_bias_correction,v1_maxabs,strong,weak,all,6,-0.3333,-0.4667,-0.2,-0.3714,-0.5429,-0.3143,-0.3333,-0.3714
mobilenet_v2,6,default_no_bias_correction,v1_maxabs,strong,weak,above_chance,6,-0.3333,-0.4667,-0.2,-0.3714,-0.5429,-0.3143,-0.3333,-0.3714
mobilenet_v2,6,default_no_bias_correction,v1_percentile_99_9,strong,weak,all,7,0.2381,0.1429,0.3333,0.5357,0.5,0.5714,0.2381,0.5357
mobilenet_v2,6,default_no_bias_correction,v1_percentile_99_9,strong,weak,above_chance,7,0.2381,0.1429,0.3333,0.5357,0.5,0.5714,0.2381,0.5357
mobilenet_v2,6,default_weight_maxabs,cum3_act_mse,strong,other,all,7,0.8095,0.619,0.9048,0.9286,0.7857,0.9643,0.8095,0.9286
mobilenet_v2,6,default_weight_maxabs,cum3_act_mse,strong,other,above_chance,6,0.7333,0.4667,0.8667,0.8857,0.6571,0.9429,0.7333,0.8857
mobilenet_v2,6,default_weight_maxabs,rank_signed_no_bias_correction,strong,other,all,7,0.4286,0.4286,0.619,0.6429,0.6429,0.75,0.4286,0.6429
mobilenet_v2,6,default_weight_maxabs,rank_signed_no_bias_correction,strong,other,above_chance,7,0.4286,0.4286,0.619,0.6429,0.6429,0.75,0.4286,0.6429
mobilenet_v2,6,default_weight_maxabs,rank_signed_weight_maxabs,strong,other,all,7,1.0,0.9048,1.0,1.0,0.9643,1.0,1.0,1.0
mobilenet_v2,6,default_weight_maxabs,rank_signed_weight_maxabs,strong,other,above_chance,6,1.0,0.8667,1.0,1.0,0.9429,1.0,1.0,1.0
mobilenet_v2,6,default_weight_maxabs,minimal,strong,other,all,7,0.7143,0.619,0.9048,0.8571,0.7857,0.9643,0.7143,0.8571
mobilenet_v2,6,default_weight_maxabs,minimal,strong,other,above_chance,6,0.6,0.4667,0.8667,0.7714,0.6571,0.9429,0.6,0.7714
mobilenet_v2,6,default_weight_maxabs,default_unsigned,strong,strong,all,7,0.7143,0.619,0.9048,0.8571,0.8214,0.9643,0.7143,0.8571
mobilenet_v2,6,default_weight_maxabs,default_unsigned,strong,strong,above_chance,7,0.7143,0.619,0.9048,0.8571,0.8214,0.9643,0.7143,0.8571
mobilenet_v2,6,default_weight_maxabs,default_searched,strong,searched,all,7,0.8095,0.7143,0.9048,0.9286,0.8571,0.9643,0.8095,0.9286
mobilenet_v2,6,default_weight_maxabs,default_searched,strong,searched,above_chance,7,0.8095,0.7143,0.9048,0.9286,0.8571,0.9643,0.8095,0.9286
mobilenet_v2,6,default_weight_maxabs,default_no_bias_correction_searched,strong,searched,all,5,0.4,0.2,0.6,0.6,0.5,0.7,0.4,0.6
mobilenet_v2,6,default_weight_maxabs,default_no_bias_correction_searched,strong,searched,above_chance,5,0.4,0.2,0.6,0.6,0.5,0.7,0.4,0.6
mobilenet_v2,6,default_weight_maxabs,default_weight_maxabs_searched,strong,searched,all,5,1.0,1.0,1.0,1.0,1.0,1.0,1.0,1.0
mobilenet_v2,6,default_weight_maxabs,default_weight_maxabs_searched,strong,searched,above_chance,4,1.0,1.0,1.0,1.0,1.0,1.0,1.0,1.0
mobilenet_v2,6,default_weight_maxabs,minimal_searched,strong,searched,all,7,0.7143,0.619,0.9048,0.8571,0.7857,0.9643,0.7143,0.8571
mobilenet_v2,6,default_weight_maxabs,minimal_searched,strong,searched,above_chance,6,0.6,0.4667,0.8667,0.7714,0.6571,0.9429,0.6,0.7714
mobilenet_v2,6,default_weight_maxabs,v1_maxabs,strong,weak,all,6,0.0667,-0.2,0.0667,0.2,-0.2571,0.2,0.0667,0.2
mobilenet_v2,6,default_weight_maxabs,v1_maxabs,strong,weak,above_chance,5,-0.4,-0.6,-0.4,-0.4,-0.7,-0.4,-0.4,-0.4
mobilenet_v2,6,default_weight_maxabs,v1_percentile_99_9,strong,weak,all,7,0.5238,0.4286,0.619,0.75,0.7143,0.8214,0.5238,0.75
mobilenet_v2,6,default_weight_maxabs,v1_percentile_99_9,strong,weak,above_chance,6,0.3333,0.2,0.4667,0.6,0.5429,0.7143,0.3333,0.6
mobilenet_v2,6,cum3_act_mse,rank_signed_no_bias_correction,other,other,all,7,0.619,0.5238,0.7143,0.75,0.6786,0.7857,0.619,0.75
mobilenet_v2,6,cum3_act_mse,rank_signed_no_bias_correction,other,other,above_chance,7,0.619,0.5238,0.7143,0.75,0.6786,0.7857,0.619,0.75
mobilenet_v2,6,cum3_act_mse,rank_signed_weight_maxabs,other,other,all,7,0.8095,0.619,0.9048,0.9286,0.7857,0.9643,0.8095,0.9286
mobilenet_v2,6,cum3_act_mse,rank_signed_weight_maxabs,other,other,above_chance,6,0.7333,0.4667,0.8667,0.8857,0.6571,0.9429,0.7333,0.8857
mobilenet_v2,6,cum3_act_mse,minimal,other,other,all,7,0.9048,0.9048,1.0,0.9643,0.9643,1.0,0.9048,0.9643
mobilenet_v2,6,cum3_act_mse,minimal,other,other,above_chance,6,0.8667,0.8667,1.0,0.9429,0.9429,1.0,0.8667,0.9429
mobilenet_v2,6,cum3_act_mse,default_unsigned,other,strong,all,7,0.7143,0.5238,0.8095,0.8929,0.7143,0.9286,0.7143,0.8929
mobilenet_v2,6,cum3_act_mse,default_unsigned,other,strong,above_chance,7,0.7143,0.5238,0.8095,0.8929,0.7143,0.9286,0.7143,0.8929
mobilenet_v2,6,cum3_act_mse,default_searched,other,searched,all,7,0.8095,0.619,0.9048,0.9286,0.7857,0.9643,0.8095,0.9286
mobilenet_v2,6,cum3_act_mse,default_searched,other,searched,above_chance,7,0.8095,0.619,0.9048,0.9286,0.7857,0.9643,0.8095,0.9286
mobilenet_v2,6,cum3_act_mse,default_no_bias_correction_searched,other,searched,all,5,0.6,0.2,0.6,0.7,0.5,0.7,0.6,0.7
mobilenet_v2,6,cum3_act_mse,default_no_bias_correction_searched,other,searched,above_chance,5,0.6,0.2,0.6,0.7,0.5,0.7,0.6,0.7
mobilenet_v2,6,cum3_act_mse,default_weight_maxabs_searched,other,searched,all,5,0.8,0.6,0.8,0.9,0.8,0.9,0.8,0.9
mobilenet_v2,6,cum3_act_mse,default_weight_maxabs_searched,other,searched,above_chance,4,0.6667,0.3333,0.6667,0.8,0.6,0.8,0.6667,0.8
mobilenet_v2,6,cum3_act_mse,minimal_searched,other,searched,all,7,0.9048,0.8095,1.0,0.9643,0.9286,1.0,0.9048,0.9643
mobilenet_v2,6,cum3_act_mse,minimal_searched,other,searched,above_chance,6,0.8667,0.7333,1.0,0.9429,0.8857,1.0,0.8667,0.9429
mobilenet_v2,6,cum3_act_mse,v1_maxabs,other,weak,all,6,-0.0667,-0.2,0.2,0.0286,-0.2571,0.1429,-0.0667,0.0286
mobilenet_v2,6,cum3_act_mse,v1_maxabs,other,weak,above_chance,5,-0.6,-0.6,-0.2,-0.7,-0.7,-0.5,-0.6,-0.7
mobilenet_v2,6,cum3_act_mse,v1_percentile_99_9,other,weak,all,7,0.5238,0.5238,0.7143,0.75,0.75,0.8571,0.5238,0.75
mobilenet_v2,6,cum3_act_mse,v1_percentile_99_9,other,weak,above_chance,6,0.3333,0.3333,0.6,0.6,0.6,0.7714,0.3333,0.6
mobilenet_v2,6,rank_signed_no_bias_correction,rank_signed_weight_maxabs,other,other,all,7,0.4286,0.3333,0.619,0.6429,0.6071,0.75,0.4286,0.6429
mobilenet_v2,6,rank_signed_no_bias_correction,rank_signed_weight_maxabs,other,other,above_chance,7,0.4286,0.3333,0.619,0.6429,0.6071,0.75,0.4286,0.6429
mobilenet_v2,6,rank_signed_no_bias_correction,minimal,other,other,all,7,0.7143,0.5238,0.7143,0.7857,0.6786,0.7857,0.7143,0.7857
mobilenet_v2,6,rank_signed_no_bias_correction,minimal,other,other,above_chance,7,0.7143,0.5238,0.7143,0.7857,0.6786,0.7857,0.7143,0.7857
mobilenet_v2,6,rank_signed_no_bias_correction,default_unsigned,other,strong,all,7,0.7143,0.4286,0.8095,0.8571,0.7143,0.8929,0.7143,0.8571
mobilenet_v2,6,rank_signed_no_bias_correction,default_unsigned,other,strong,above_chance,7,0.7143,0.4286,0.8095,0.8571,0.7143,0.8929,0.7143,0.8571
mobilenet_v2,6,rank_signed_no_bias_correction,default_searched,other,searched,all,7,0.619,0.619,0.8095,0.8214,0.8214,0.8929,0.619,0.8214
mobilenet_v2,6,rank_signed_no_bias_correction,default_searched,other,searched,above_chance,7,0.619,0.619,0.8095,0.8214,0.8214,0.8929,0.619,0.8214
mobilenet_v2,6,rank_signed_no_bias_correction,default_no_bias_correction_searched,other,searched,all,5,0.8,0.8,1.0,0.9,0.9,1.0,0.8,0.9
mobilenet_v2,6,rank_signed_no_bias_correction,default_no_bias_correction_searched,other,searched,above_chance,5,0.8,0.8,1.0,0.9,0.9,1.0,0.8,0.9
mobilenet_v2,6,rank_signed_no_bias_correction,default_weight_maxabs_searched,other,searched,all,5,0.2,0.2,0.6,0.5,0.5,0.7,0.2,0.5
mobilenet_v2,6,rank_signed_no_bias_correction,default_weight_maxabs_searched,other,searched,above_chance,5,0.2,0.2,0.6,0.5,0.5,0.7,0.2,0.5
mobilenet_v2,6,rank_signed_no_bias_correction,minimal_searched,other,searched,all,7,0.7143,0.5238,0.7143,0.7857,0.7143,0.7857,0.7143,0.7857
mobilenet_v2,6,rank_signed_no_bias_correction,minimal_searched,other,searched,above_chance,7,0.7143,0.5238,0.7143,0.7857,0.7143,0.7857,0.7143,0.7857
mobilenet_v2,6,rank_signed_no_bias_correction,v1_maxabs,other,weak,all,6,-0.2,-0.4667,-0.2,-0.3143,-0.5429,-0.3143,-0.2,-0.3143
mobilenet_v2,6,rank_signed_no_bias_correction,v1_maxabs,other,weak,above_chance,6,-0.2,-0.4667,-0.2,-0.3143,-0.5429,-0.3143,-0.2,-0.3143
mobilenet_v2,6,rank_signed_no_bias_correction,v1_percentile_99_9,other,weak,all,7,0.3333,0.1429,0.3333,0.5714,0.5,0.5714,0.3333,0.5714
mobilenet_v2,6,rank_signed_no_bias_correction,v1_percentile_99_9,other,weak,above_chance,7,0.3333,0.1429,0.3333,0.5714,0.5,0.5714,0.3333,0.5714
mobilenet_v2,6,rank_signed_weight_maxabs,minimal,other,other,all,7,0.7143,0.5238,0.9048,0.8571,0.75,0.9643,0.7143,0.8571
mobilenet_v2,6,rank_signed_weight_maxabs,minimal,other,other,above_chance,6,0.6,0.3333,0.8667,0.7714,0.6,0.9429,0.6,0.7714
mobilenet_v2,6,rank_signed_weight_maxabs,default_unsigned,other,strong,all,7,0.7143,0.619,0.9048,0.8571,0.8214,0.9643,0.7143,0.8571
mobilenet_v2,6,rank_signed_weight_maxabs,default_unsigned,other,strong,above_chance,7,0.7143,0.619,0.9048,0.8571,0.8214,0.9643,0.7143,0.8571
mobilenet_v2,6,rank_signed_weight_maxabs,default_searched,other,searched,all,7,0.8095,0.619,0.9048,0.9286,0.8214,0.9643,0.8095,0.9286
mobilenet_v2,6,rank_signed_weight_maxabs,default_searched,other,searched,above_chance,7,0.8095,0.619,0.9048,0.9286,0.8214,0.9643,0.8095,0.9286
mobilenet_v2,6,rank_signed_weight_maxabs,default_no_bias_correction_searched,other,searched,all,5,0.4,0.2,0.6,0.6,0.5,0.7,0.4,0.6
mobilenet_v2,6,rank_signed_weight_maxabs,default_no_bias_correction_searched,other,searched,above_chance,5,0.4,0.2,0.6,0.6,0.5,0.7,0.4,0.6
mobilenet_v2,6,rank_signed_weight_maxabs,default_weight_maxabs_searched,other,searched,all,5,1.0,0.8,1.0,1.0,0.9,1.0,1.0,1.0
mobilenet_v2,6,rank_signed_weight_maxabs,default_weight_maxabs_searched,other,searched,above_chance,4,1.0,0.6667,1.0,1.0,0.8,1.0,1.0,1.0
mobilenet_v2,6,rank_signed_weight_maxabs,minimal_searched,other,searched,all,7,0.7143,0.5238,0.9048,0.8571,0.75,0.9643,0.7143,0.8571
mobilenet_v2,6,rank_signed_weight_maxabs,minimal_searched,other,searched,above_chance,6,0.6,0.3333,0.8667,0.7714,0.6,0.9429,0.6,0.7714
mobilenet_v2,6,rank_signed_weight_maxabs,v1_maxabs,other,weak,all,6,0.0667,-0.2,0.2,0.2,-0.2571,0.4286,0.0667,0.2
mobilenet_v2,6,rank_signed_weight_maxabs,v1_maxabs,other,weak,above_chance,5,-0.4,-0.6,-0.2,-0.4,-0.7,0.0,-0.4,-0.4
mobilenet_v2,6,rank_signed_weight_maxabs,v1_percentile_99_9,other,weak,all,7,0.5238,0.4286,0.619,0.75,0.7143,0.8214,0.5238,0.75
mobilenet_v2,6,rank_signed_weight_maxabs,v1_percentile_99_9,other,weak,above_chance,6,0.3333,0.2,0.4667,0.6,0.5429,0.7143,0.3333,0.6
mobilenet_v2,6,minimal,default_unsigned,other,strong,all,7,0.8095,0.5238,0.8095,0.9286,0.7143,0.9286,0.8095,0.9286
mobilenet_v2,6,minimal,default_unsigned,other,strong,above_chance,7,0.8095,0.5238,0.8095,0.9286,0.7143,0.9286,0.8095,0.9286
mobilenet_v2,6,minimal,default_searched,other,searched,all,7,0.7143,0.619,0.9048,0.8929,0.7857,0.9643,0.7143,0.8929
mobilenet_v2,6,minimal,default_searched,other,searched,above_chance,7,0.7143,0.619,0.9048,0.8929,0.7857,0.9643,0.7143,0.8929
mobilenet_v2,6,minimal,default_no_bias_correction_searched,other,searched,all,5,0.4,0.2,0.6,0.6,0.5,0.7,0.4,0.6
mobilenet_v2,6,minimal,default_no_bias_correction_searched,other,searched,above_chance,5,0.4,0.2,0.6,0.6,0.5,0.7,0.4,0.6
mobilenet_v2,6,minimal,default_weight_maxabs_searched,other,searched,all,5,0.6,0.6,0.8,0.8,0.8,0.9,0.6,0.8
mobilenet_v2,6,minimal,default_weight_maxabs_searched,other,searched,above_chance,4,0.3333,0.3333,0.6667,0.6,0.6,0.8,0.3333,0.6
mobilenet_v2,6,minimal,minimal_searched,other,searched,all,7,1.0,0.9048,1.0,1.0,0.9643,1.0,1.0,1.0
mobilenet_v2,6,minimal,minimal_searched,other,searched,above_chance,6,1.0,0.8667,1.0,1.0,0.9429,1.0,1.0,1.0
mobilenet_v2,6,minimal,v1_maxabs,other,weak,all,6,0.0667,-0.2,0.2,0.0857,-0.2571,0.1429,0.0667,0.0857
mobilenet_v2,6,minimal,v1_maxabs,other,weak,above_chance,5,-0.4,-0.6,-0.2,-0.6,-0.7,-0.5,-0.4,-0.6
mobilenet_v2,6,minimal,v1_percentile_99_9,other,weak,all,7,0.619,0.5238,0.7143,0.7857,0.75,0.8571,0.619,0.7857
mobilenet_v2,6,minimal,v1_percentile_99_9,other,weak,above_chance,6,0.4667,0.3333,0.6,0.6571,0.6,0.7714,0.4667,0.6571
mobilenet_v2,6,default_unsigned,default_searched,strong,searched,all,7,0.9048,0.7143,1.0,0.9643,0.8571,1.0,0.9048,0.9643
mobilenet_v2,6,default_unsigned,default_searched,strong,searched,above_chance,7,0.9048,0.7143,1.0,0.9643,0.8571,1.0,0.9048,0.9643
mobilenet_v2,6,default_unsigned,default_no_bias_correction_searched,strong,searched,all,5,0.2,0.2,0.6,0.5,0.5,0.7,0.2,0.5
mobilenet_v2,6,default_unsigned,default_no_bias_correction_searched,strong,searched,above_chance,5,0.2,0.2,0.6,0.5,0.5,0.7,0.2,0.5
mobilenet_v2,6,default_unsigned,default_weight_maxabs_searched,strong,searched,all,5,0.8,0.6,1.0,0.9,0.8,1.0,0.8,0.9
mobilenet_v2,6,default_unsigned,default_weight_maxabs_searched,strong,searched,above_chance,5,0.8,0.6,1.0,0.9,0.8,1.0,0.8,0.9
mobilenet_v2,6,default_unsigned,minimal_searched,strong,searched,all,7,0.8095,0.5238,0.8095,0.9286,0.7143,0.9286,0.8095,0.9286
mobilenet_v2,6,default_unsigned,minimal_searched,strong,searched,above_chance,7,0.8095,0.5238,0.8095,0.9286,0.7143,0.9286,0.8095,0.9286
mobilenet_v2,6,default_unsigned,v1_maxabs,strong,weak,all,6,-0.0667,-0.3333,0.138,-0.1429,-0.4286,0.2029,-0.0667,-0.1429
mobilenet_v2,6,default_unsigned,v1_maxabs,strong,weak,above_chance,6,-0.0667,-0.3333,0.138,-0.1429,-0.4286,0.2029,-0.0667,-0.1429
mobilenet_v2,6,default_unsigned,v1_percentile_99_9,strong,weak,all,7,0.4286,0.3333,0.619,0.6429,0.6071,0.75,0.4286,0.6429
mobilenet_v2,6,default_unsigned,v1_percentile_99_9,strong,weak,above_chance,7,0.4286,0.3333,0.619,0.6429,0.6071,0.75,0.4286,0.6429
mobilenet_v2,6,default_searched,default_no_bias_correction_searched,searched,searched,all,5,0.4,0.2,0.6,0.6,0.5,0.7,0.4,0.6
mobilenet_v2,6,default_searched,default_no_bias_correction_searched,searched,searched,above_chance,5,0.4,0.2,0.6,0.6,0.5,0.7,0.4,0.6
mobilenet_v2,6,default_searched,default_weight_maxabs_searched,searched,searched,all,5,1.0,0.8,1.0,1.0,0.9,1.0,1.0,1.0
mobilenet_v2,6,default_searched,default_weight_maxabs_searched,searched,searched,above_chance,5,1.0,0.8,1.0,1.0,0.9,1.0,1.0,1.0
mobilenet_v2,6,default_searched,minimal_searched,searched,searched,all,7,0.7143,0.619,0.9048,0.8929,0.7857,0.9643,0.7143,0.8929
mobilenet_v2,6,default_searched,minimal_searched,searched,searched,above_chance,7,0.7143,0.619,0.9048,0.8929,0.7857,0.9643,0.7143,0.8929
mobilenet_v2,6,default_searched,v1_maxabs,searched,weak,all,6,-0.2,-0.3333,-0.2,-0.2,-0.4286,-0.2,-0.2,-0.2
mobilenet_v2,6,default_searched,v1_maxabs,searched,weak,above_chance,6,-0.2,-0.3333,-0.2,-0.2,-0.4286,-0.2,-0.2,-0.2
mobilenet_v2,6,default_searched,v1_percentile_99_9,searched,weak,all,7,0.3333,0.2381,0.4286,0.6071,0.5357,0.6429,0.3333,0.6071
mobilenet_v2,6,default_searched,v1_percentile_99_9,searched,weak,above_chance,7,0.3333,0.2381,0.4286,0.6071,0.5357,0.6429,0.3333,0.6071
mobilenet_v2,6,default_no_bias_correction_searched,default_weight_maxabs_searched,searched,searched,all,5,0.4,0.2,0.6,0.6,0.5,0.7,0.4,0.6
mobilenet_v2,6,default_no_bias_correction_searched,default_weight_maxabs_searched,searched,searched,above_chance,5,0.4,0.2,0.6,0.6,0.5,0.7,0.4,0.6
mobilenet_v2,6,default_no_bias_correction_searched,minimal_searched,searched,searched,all,5,0.4,0.2,0.6,0.6,0.5,0.7,0.4,0.6
mobilenet_v2,6,default_no_bias_correction_searched,minimal_searched,searched,searched,above_chance,5,0.4,0.2,0.6,0.6,0.5,0.7,0.4,0.6
mobilenet_v2,6,default_no_bias_correction_searched,v1_maxabs,searched,weak,all,4,-0.3333,-0.6667,0.0,-0.4,-0.8,-0.2,-0.3333,-0.4
mobilenet_v2,6,default_no_bias_correction_searched,v1_maxabs,searched,weak,above_chance,4,-0.3333,-0.6667,0.0,-0.4,-0.8,-0.2,-0.3333,-0.4
mobilenet_v2,6,default_no_bias_correction_searched,v1_percentile_99_9,searched,weak,all,5,0.4,0.2,0.6,0.6,0.5,0.7,0.4,0.6
mobilenet_v2,6,default_no_bias_correction_searched,v1_percentile_99_9,searched,weak,above_chance,5,0.4,0.2,0.6,0.6,0.5,0.7,0.4,0.6
mobilenet_v2,6,default_weight_maxabs_searched,minimal_searched,searched,searched,all,5,0.6,0.6,0.8,0.8,0.8,0.9,0.6,0.8
mobilenet_v2,6,default_weight_maxabs_searched,minimal_searched,searched,searched,above_chance,4,0.3333,0.3333,0.6667,0.6,0.6,0.8,0.3333,0.6
mobilenet_v2,6,default_weight_maxabs_searched,v1_maxabs,searched,weak,all,4,0.0,-0.3333,0.0,0.2,-0.4,0.2,0.0,0.2
mobilenet_v2,6,default_weight_maxabs_searched,v1_maxabs,searched,weak,above_chance,3,-1.0,-1.0,-1.0,-1.0,-1.0,-1.0,-1.0,-1.0
mobilenet_v2,6,default_weight_maxabs_searched,v1_percentile_99_9,searched,weak,all,5,0.6,0.6,0.8,0.8,0.8,0.9,0.6,0.8
mobilenet_v2,6,default_weight_maxabs_searched,v1_percentile_99_9,searched,weak,above_chance,4,0.3333,0.3333,0.6667,0.6,0.6,0.8,0.3333,0.6
mobilenet_v2,6,minimal_searched,v1_maxabs,searched,weak,all,6,0.0667,-0.2,0.2,0.0857,-0.2571,0.1429,0.0667,0.0857
mobilenet_v2,6,minimal_searched,v1_maxabs,searched,weak,above_chance,5,-0.4,-0.6,-0.2,-0.6,-0.7,-0.5,-0.4,-0.6
mobilenet_v2,6,minimal_searched,v1_percentile_99_9,searched,weak,all,7,0.619,0.5238,0.7143,0.7857,0.75,0.8571,0.619,0.7857
mobilenet_v2,6,minimal_searched,v1_percentile_99_9,searched,weak,above_chance,6,0.4667,0.3333,0.6,0.6571,0.6,0.7714,0.4667,0.6571
mobilenet_v2,6,v1_maxabs,v1_percentile_99_9,weak,weak,all,6,0.4667,0.3333,0.4667,0.5429,0.3714,0.5429,0.4667,0.5429
mobilenet_v2,6,v1_maxabs,v1_percentile_99_9,weak,weak,above_chance,5,0.2,0.0,0.2,0.2,0.1,0.2,0.2,0.2
mobilenet_v2,le5,default,default_signed,strong,strong,all,10,1.0,1.0,1.0,1.0,1.0,1.0,1.0,1.0
mobilenet_v2,le5,default,default_no_bias_correction,strong,strong,all,10,0.6532,0.0449,0.7333,0.7442,0.1337,0.8667,0.4788,0.5883
mobilenet_v2,le5,default,default_no_bias_correction,strong,strong,above_chance,5,0.9487,0.4,1.0,0.9747,0.6,1.0,0.9487,0.9747
mobilenet_v2,le5,default,default_weight_maxabs,strong,strong,all,10,0.5443,0.2,0.9111,0.6486,0.297,0.9758,0.4284,0.5366
mobilenet_v2,le5,default,default_weight_maxabs,strong,strong,above_chance,3,1.0,1.0,1.0,1.0,1.0,1.0,1.0,1.0
mobilenet_v2,le5,default,cum3_act_mse,strong,other,all,10,0.5443,0.0222,0.6889,0.6828,0.1398,0.8424,0.378,0.5366
mobilenet_v2,le5,default,cum3_act_mse,strong,other,above_chance,3,0.3333,0.3333,0.3333,0.5,0.5,0.5,0.3333,0.5
mobilenet_v2,le5,default,rank_signed_no_bias_correction,strong,other,all,10,0.5988,0.0,0.7191,0.7306,0.1155,0.8571,0.4284,0.5754
mobilenet_v2,le5,default,rank_signed_no_bias_correction,strong,other,above_chance,4,0.6667,0.3333,0.6667,0.8,0.6,0.8,0.6667,0.8
mobilenet_v2,le5,default,rank_signed_weight_maxabs,strong,other,all,10,0.5443,0.2,0.9111,0.6486,0.297,0.9758,0.4284,0.5366
mobilenet_v2,le5,default,minimal,strong,other,all,10,0.5443,0.0222,0.6889,0.6828,0.1394,0.8424,0.378,0.5366
mobilenet_v2,le5,default,minimal,strong,other,above_chance,3,0.3333,0.3333,0.3333,0.5,0.5,0.5,0.3333,0.5
mobilenet_v2,le5,default,default_unsigned,strong,strong,all,10,0.7601,0.6889,1.0,0.8524,0.8012,1.0,0.7042,0.805
mobilenet_v2,le5,default,default_searched,strong,searched,all,10,1.0,0.9111,1.0,1.0,0.9636,1.0,1.0,1.0
mobilenet_v2,le5,default,default_no_bias_correction_searched,strong,searched,all,9,0.7638,0.0556,0.8333,0.8416,0.1667,0.9205,0.523,0.639
mobilenet_v2,le5,default,default_no_bias_correction_searched,strong,searched,above_chance,5,0.9487,0.4,1.0,0.9747,0.6,1.0,0.9487,0.9747
mobilenet_v2,le5,default,default_weight_maxabs_searched,strong,searched,all,9,0.691,0.1667,0.9444,0.7723,0.2833,0.9833,0.523,0.6208
mobilenet_v2,le5,default,default_weight_maxabs_searched,strong,searched,above_chance,3,1.0,1.0,1.0,1.0,1.0,1.0,1.0,1.0
mobilenet_v2,le5,default,minimal_searched,strong,searched,all,10,0.5443,0.0222,0.6889,0.6828,0.1394,0.8424,0.378,0.5366
mobilenet_v2,le5,default,minimal_searched,strong,searched,above_chance,3,0.3333,0.3333,0.3333,0.5,0.5,0.5,0.3333,0.5
mobilenet_v2,le5,default,v1_maxabs,strong,weak,all,9,0.1166,-0.5453,0.6124,0.123,-0.6592,0.7303,0.2097,0.2268
mobilenet_v2,le5,default,v1_percentile_99_9,strong,weak,all,10,0.5627,0.0239,0.7107,0.682,0.1438,0.8495,0.5484,0.6625
mobilenet_v2,le5,default_signed,default_no_bias_correction,strong,strong,all,10,0.6532,0.0449,0.7333,0.7442,0.1337,0.8667,0.4788,0.5883
mobilenet_v2,le5,default_signed,default_no_bias_correction,strong,strong,above_chance,5,0.9487,0.4,1.0,0.9747,0.6,1.0,0.9487,0.9747
mobilenet_v2,le5,default_signed,default_weight_maxabs,strong,strong,all,10,0.5443,0.2,0.9111,0.6486,0.297,0.9758,0.4284,0.5366
mobilenet_v2,le5,default_signed,default_weight_maxabs,strong,strong,above_chance,3,1.0,1.0,1.0,1.0,1.0,1.0,1.0,1.0
mobilenet_v2,le5,default_signed,cum3_act_mse,strong,other,all,10,0.5443,0.0222,0.6889,0.6828,0.1398,0.8424,0.378,0.5366
mobilenet_v2,le5,default_signed,cum3_act_mse,strong,other,above_chance,3,0.3333,0.3333,0.3333,0.5,0.5,0.5,0.3333,0.5
mobilenet_v2,le5,default_signed,rank_signed_no_bias_correction,strong,other,all,10,0.5988,0.0,0.7191,0.7306,0.1155,0.8571,0.4284,0.5754
mobilenet_v2,le5,default_signed,rank_signed_no_bias_correction,strong,other,above_chance,4,0.6667,0.3333,0.6667,0.8,0.6,0.8,0.6667,0.8
mobilenet_v2,le5,default_signed,rank_signed_weight_maxabs,strong,other,all,10,0.5443,0.2,0.9111,0.6486,0.297,0.9758,0.4284,0.5366
mobilenet_v2,le5,default_signed,minimal,strong,other,all,10,0.5443,0.0222,0.6889,0.6828,0.1394,0.8424,0.378,0.5366
mobilenet_v2,le5,default_signed,minimal,strong,other,above_chance,3,0.3333,0.3333,0.3333,0.5,0.5,0.5,0.3333,0.5
mobilenet_v2,le5,default_signed,default_unsigned,strong,strong,all,10,0.7601,0.6889,1.0,0.8524,0.8012,1.0,0.7042,0.805
mobilenet_v2,le5,default_signed,default_searched,strong,searched,all,10,1.0,0.9111,1.0,1.0,0.9636,1.0,1.0,1.0
mobilenet_v2,le5,default_signed,default_no_bias_correction_searched,strong,searched,all,9,0.7638,0.0556,0.8333,0.8416,0.1667,0.9205,0.523,0.639
mobilenet_v2,le5,default_signed,default_no_bias_correction_searched,strong,searched,above_chance,5,0.9487,0.4,1.0,0.9747,0.6,1.0,0.9487,0.9747
mobilenet_v2,le5,default_signed,default_weight_maxabs_searched,strong,searched,all,9,0.691,0.1667,0.9444,0.7723,0.2833,0.9833,0.523,0.6208
mobilenet_v2,le5,default_signed,default_weight_maxabs_searched,strong,searched,above_chance,3,1.0,1.0,1.0,1.0,1.0,1.0,1.0,1.0
mobilenet_v2,le5,default_signed,minimal_searched,strong,searched,all,10,0.5443,0.0222,0.6889,0.6828,0.1394,0.8424,0.378,0.5366
mobilenet_v2,le5,default_signed,minimal_searched,strong,searched,above_chance,3,0.3333,0.3333,0.3333,0.5,0.5,0.5,0.3333,0.5
mobilenet_v2,le5,default_signed,v1_maxabs,strong,weak,all,9,0.1166,-0.5453,0.6124,0.123,-0.6592,0.7303,0.2097,0.2268
mobilenet_v2,le5,default_signed,v1_percentile_99_9,strong,weak,all,10,0.5627,0.0239,0.7107,0.682,0.1438,0.8495,0.5484,0.6625
mobilenet_v2,le5,default_no_bias_correction,default_weight_maxabs,strong,strong,all,10,0.7333,0.2889,0.7778,0.8424,0.4061,0.903,0.7333,0.8424
mobilenet_v2,le5,default_no_bias_correction,default_weight_maxabs,strong,strong,above_chance,5,0.6,0.4,1.0,0.7,0.6,1.0,0.6,0.7
mobilenet_v2,le5,default_no_bias_correction,cum3_act_mse,strong,other,all,10,0.8222,0.4222,0.8667,0.9152,0.5879,0.9515,0.8222,0.9152
mobilenet_v2,le5,default_no_bias_correction,cum3_act_mse,strong,other,above_chance,5,0.6,0.4,1.0,0.8,0.6,1.0,0.6,0.8
mobilenet_v2,le5,default_no_bias_correction,rank_signed_no_bias_correction,strong,other,all,10,0.9556,0.8667,1.0,0.9879,0.9515,1.0,0.9556,0.9879
mobilenet_v2,le5,default_no_bias_correction,rank_signed_no_bias_correction,strong,other,above_chance,5,0.8,0.4,1.0,0.9,0.6,1.0,0.8,0.9
mobilenet_v2,le5,default_no_bias_correction,rank_signed_weight_maxabs,strong,other,all,10,0.7333,0.2889,0.7778,0.8424,0.4061,0.903,0.7333,0.8424
mobilenet_v2,le5,default_no_bias_correction,rank_signed_weight_maxabs,strong,other,above_chance,5,0.6,0.4,1.0,0.7,0.6,1.0,0.6,0.7
mobilenet_v2,le5,default_no_bias_correction,minimal,strong,other,all,10,0.8222,0.3778,0.8667,0.9152,0.5515,0.9515,0.8222,0.9152
mobilenet_v2,le5,default_no_bias_correction,minimal,strong,other,above_chance,5,0.6,0.4,1.0,0.8,0.6,1.0,0.6,0.8
mobilenet_v2,le5,default_no_bias_correction,default_unsigned,strong,strong,all,10,0.5968,0.0222,0.7191,0.7691,0.1336,0.8632,0.506,0.7056
mobilenet_v2,le5,default_no_bias_correction,default_unsigned,strong,strong,above_chance,5,0.8,0.2,1.0,0.9,0.5,1.0,0.8,0.9
mobilenet_v2,le5,default_no_bias_correction,default_searched,strong,searched,all,10,0.6532,0.0449,0.7333,0.7442,0.1277,0.8667,0.4788,0.5883
mobilenet_v2,le5,default_no_bias_correction,default_searched,strong,searched,above_chance,5,0.9487,0.4,1.0,0.9747,0.6,1.0,0.9487,0.9747
mobilenet_v2,le5,default_no_bias_correction,default_no_bias_correction_searched,strong,searched,all,9,1.0,1.0,1.0,1.0,1.0,1.0,1.0,1.0
mobilenet_v2,le5,default_no_bias_correction,default_no_bias_correction_searched,strong,searched,above_chance,5,1.0,1.0,1.0,1.0,1.0,1.0,1.0,1.0
mobilenet_v2,le5,default_no_bias_correction,default_weight_maxabs_searched,strong,searched,all,9,0.7222,0.3333,0.8333,0.85,0.45,0.9333,0.7222,0.85
mobilenet_v2,le5,default_no_bias_correction,default_weight_maxabs_searched,strong,searched,above_chance,5,0.6,0.4,1.0,0.7,0.6,1.0,0.6,0.7
mobilenet_v2,le5,default_no_bias_correction,minimal_searched,strong,searched,all,10,0.8222,0.3778,0.8667,0.9152,0.5515,0.9515,0.8222,0.9152
mobilenet_v2,le5,default_no_bias_correction,minimal_searched,strong,searched,above_chance,5,0.6,0.4,1.0,0.8,0.6,1.0,0.6,0.8
mobilenet_v2,le5,default_no_bias_correction,v1_maxabs,strong,weak,all,9,0.0891,-0.5214,0.523,0.1035,-0.6211,0.6336,0.0891,0.1035
mobilenet_v2,le5,default_no_bias_correction,v1_maxabs,strong,weak,above_chance,4,0.7071,-0.7071,0.9129,0.7746,-0.7746,0.9487,0.7071,0.7746
mobilenet_v2,le5,default_no_bias_correction,v1_percentile_99_9,strong,weak,all,10,0.6287,0.3276,0.8014,0.7904,0.4554,0.9148,0.6287,0.7904
mobilenet_v2,le5,default_no_bias_correction,v1_percentile_99_9,strong,weak,above_chance,5,0.6,0.2,0.8367,0.8,0.5,0.9,0.6,0.8
mobilenet_v2,le5,default_weight_maxabs,cum3_act_mse,strong,other,all,10,0.8222,0.3333,0.8222,0.9515,0.5391,0.9515,0.8222,0.9515
mobilenet_v2,le5,default_weight_maxabs,cum3_act_mse,strong,other,above_chance,4,0.3333,0.3333,0.3333,0.6,0.6,0.6,0.3333,0.6
mobilenet_v2,le5,default_weight_maxabs,rank_signed_no_bias_correction,strong,other,all,10,0.6889,0.2444,0.6889,0.8303,0.3576,0.8788,0.6889,0.8303
mobilenet_v2,le5,default_weight_maxabs,rank_signed_no_bias_correction,strong,other,above_chance,5,0.4,0.2,0.6,0.6,0.5,0.8,0.4,0.6
mobilenet_v2,le5,default_weight_maxabs,rank_signed_weight_maxabs,strong,other,all,10,1.0,1.0,1.0,1.0,1.0,1.0,1.0,1.0
mobilenet_v2,le5,default_weight_maxabs,rank_signed_weight_maxabs,strong,other,above_chance,3,1.0,1.0,1.0,1.0,1.0,1.0,1.0,1.0
mobilenet_v2,le5,default_weight_maxabs,minimal,strong,other,all,10,0.8222,0.3333,0.8222,0.9515,0.4909,0.9394,0.8222,0.9515
mobilenet_v2,le5,default_weight_maxabs,minimal,strong,other,above_chance,4,0.3333,0.3333,0.3333,0.6,0.6,0.6,0.3333,0.6
mobilenet_v2,le5,default_weight_maxabs,default_unsigned,strong,strong,all,10,0.4535,0.1556,0.8667,0.6253,0.2727,0.9515,0.414,0.5706
mobilenet_v2,le5,default_weight_maxabs,default_unsigned,strong,strong,above_chance,3,0.3333,0.3333,1.0,0.5,0.5,1.0,0.3333,0.5
mobilenet_v2,le5,default_weight_maxabs,default_searched,strong,searched,all,10,0.5443,0.2,0.9111,0.6486,0.297,0.9758,0.4284,0.5366
mobilenet_v2,le5,default_weight_maxabs,default_searched,strong,searched,above_chance,3,1.0,1.0,1.0,1.0,1.0,1.0,1.0,1.0
mobilenet_v2,le5,default_weight_maxabs,default_no_bias_correction_searched,strong,searched,all,9,0.7222,0.3333,0.8333,0.85,0.45,0.9333,0.7222,0.85
mobilenet_v2,le5,default_weight_maxabs,default_no_bias_correction_searched,strong,searched,above_chance,5,0.6,0.4,1.0,0.7,0.6,1.0,0.6,0.7
mobilenet_v2,le5,default_weight_maxabs,default_weight_maxabs_searched,strong,searched,all,9,1.0,1.0,1.0,1.0,1.0,1.0,1.0,1.0
mobilenet_v2,le5,default_weight_maxabs,default_weight_maxabs_searched,strong,searched,above_chance,3,1.0,1.0,1.0,1.0,1.0,1.0,1.0,1.0
mobilenet_v2,le5,default_weight_maxabs,minimal_searched,strong,searched,all,10,0.8222,0.3333,0.8222,0.9515,0.503,0.9394,0.8222,0.9515
mobilenet_v2,le5,default_weight_maxabs,minimal_searched,strong,searched,above_chance,4,0.3333,0.3333,0.3333,0.6,0.6,0.6,0.3333,0.6
mobilenet_v2,le5,default_weight_maxabs,v1_maxabs,strong,weak,all,9,-0.1782,-0.588,0.4472,-0.207,-0.6895,0.5217,-0.1782,-0.207
mobilenet_v2,le5,default_weight_maxabs,v1_percentile_99_9,strong,weak,all,10,0.4353,0.0967,0.6299,0.5834,0.2295,0.785,0.4353,0.5834
mobilenet_v2,le5,default_weight_maxabs,v1_percentile_99_9,strong,weak,above_chance,3,0.3333,0.3333,0.3333,0.5,0.5,0.5,0.3333,0.5
mobilenet_v2,le5,cum3_act_mse,rank_signed_no_bias_correction,other,other,all,10,0.8667,0.4667,0.8667,0.9273,0.5758,0.9515,0.8667,0.9273
mobilenet_v2,le5,cum3_act_mse,rank_signed_no_bias_correction,other,other,above_chance,4,1.0,0.6667,1.0,1.0,0.8,1.0,1.0,1.0
mobilenet_v2,le5,cum3_act_mse,rank_signed_weight_maxabs,other,other,all,10,0.8222,0.3333,0.8222,0.9515,0.5391,0.9515,0.8222,0.9515
mobilenet_v2,le5,cum3_act_mse,rank_signed_weight_maxabs,other,other,above_chance,3,0.3333,0.3333,0.3333,0.5,0.5,0.5,0.3333,0.5
mobilenet_v2,le5,cum3_act_mse,minimal,other,other,all,10,1.0,0.8667,1.0,1.0,0.9273,1.0,1.0,1.0
mobilenet_v2,le5,cum3_act_mse,minimal,other,other,above_chance,3,1.0,1.0,1.0,1.0,1.0,1.0,1.0,1.0
mobilenet_v2,le5,cum3_act_mse,default_unsigned,other,strong,all,10,0.5968,0.0449,0.7191,0.7128,0.1394,0.8424,0.506,0.6442
mobilenet_v2,le5,cum3_act_mse,default_unsigned,other,strong,above_chance,3,1.0,0.3333,1.0,1.0,0.5,1.0,1.0,1.0
mobilenet_v2,le5,cum3_act_mse,default_searched,other,searched,all,10,0.5443,0.0222,0.6889,0.6828,0.1394,0.8424,0.378,0.5366
mobilenet_v2,le5,cum3_act_mse,default_searched,other,searched,above_chance,3,0.3333,0.3333,0.3333,0.5,0.5,0.5,0.3333,0.5
mobilenet_v2,le5,cum3_act_mse,default_no_bias_correction_searched,other,searched,all,9,0.8333,0.4444,0.8889,0.9333,0.6167,0.9667,0.8333,0.9333
mobilenet_v2,le5,cum3_act_mse,default_no_bias_correction_searched,other,searched,above_chance,5,0.6,0.4,1.0,0.8,0.6,1.0,0.6,0.8
mobilenet_v2,le5,cum3_act_mse,default_weight_maxabs_searched,other,searched,all,9,0.7778,0.3889,0.8333,0.9333,0.5667,0.95,0.7778,0.9333
mobilenet_v2,le5,cum3_act_mse,default_weight_maxabs_searched,other,searched,above_chance,4,0.3333,0.3333,0.3333,0.6,0.6,0.6,0.3333,0.6
mobilenet_v2,le5,cum3_act_mse,minimal_searched,other,searched,all,10,1.0,0.8222,1.0,1.0,0.8788,1.0,1.0,1.0
mobilenet_v2,le5,cum3_act_mse,minimal_searched,other,searched,above_chance,3,1.0,1.0,1.0,1.0,1.0,1.0,1.0,1.0
mobilenet_v2,le5,cum3_act_mse,v1_maxabs,other,weak,all,9,0.0,-0.5217,0.504,0.0,-0.6295,0.604,0.0,0.0
mobilenet_v2,le5,cum3_act_mse,v1_percentile_99_9,other,weak,all,10,0.532,0.2357,0.7303,0.6336,0.321,0.8388,0.532,0.6336
mobilenet_v2,le5,cum3_act_mse,v1_percentile_99_9,other,weak,above_chance,3,1.0,1.0,1.0,1.0,1.0,1.0,1.0,1.0
mobilenet_v2,le5,rank_signed_no_bias_correction,rank_signed_weight_maxabs,other,other,all,10,0.6889,0.2444,0.6889,0.8303,0.3576,0.8788,0.6889,0.8303
mobilenet_v2,le5,rank_signed_no_bias_correction,rank_signed_weight_maxabs,other,other,above_chance,4,0.6667,0.3333,0.6667,0.8,0.6,0.8,0.6667,0.8
mobilenet_v2,le5,rank_signed_no_bias_correction,minimal,other,other,all,10,0.8667,0.4222,0.8667,0.9273,0.5515,0.9515,0.8667,0.9273
mobilenet_v2,le5,rank_signed_no_bias_correction,minimal,other,other,above_chance,4,1.0,0.6667,1.0,1.0,0.8,1.0,1.0,1.0
mobilenet_v2,le5,rank_signed_no_bias_correction,default_unsigned,other,strong,all,10,0.6445,0.0222,0.7361,0.7816,0.1313,0.8754,0.5521,0.7178
mobilenet_v2,le5,rank_signed_no_bias_correction,default_unsigned,other,strong,above_chance,4,1.0,0.3333,1.0,1.0,0.6,1.0,1.0,1.0
mobilenet_v2,le5,rank_signed_no_bias_correction,default_searched,other,searched,all,10,0.5988,0.0,0.7191,0.7306,0.1152,0.8545,0.4284,0.5754
mobilenet_v2,le5,rank_signed_no_bias_correction,default_searched,other,searched,above_chance,4,0.6667,0.3333,0.6667,0.8,0.6,0.8,0.6667,0.8
mobilenet_v2,le5,rank_signed_no_bias_correction,default_no_bias_correction_searched,other,searched,all,9,0.9444,0.8333,1.0,0.9833,0.9333,1.0,0.9444,0.9833
mobilenet_v2,le5,rank_signed_no_bias_correction,default_no_bias_correction_searched,other,searched,above_chance,5,0.8,0.4,1.0,0.9,0.6,1.0,0.8,0.9
mobilenet_v2,le5,rank_signed_no_bias_correction,default_weight_maxabs_searched,other,searched,all,9,0.6667,0.2778,0.7222,0.8333,0.4,0.8833,0.6667,0.8333
mobilenet_v2,le5,rank_signed_no_bias_correction,default_weight_maxabs_searched,other,searched,above_chance,5,0.4,0.2,0.6,0.6,0.5,0.8,0.4,0.6
mobilenet_v2,le5,rank_signed_no_bias_correction,minimal_searched,other,searched,all,10,0.8667,0.4222,0.8667,0.9273,0.5515,0.9515,0.8667,0.9273
mobilenet_v2,le5,rank_signed_no_bias_correction,minimal_searched,other,searched,above_chance,4,1.0,0.6667,1.0,1.0,0.8,1.0,1.0,1.0
mobilenet_v2,le5,rank_signed_no_bias_correction,v1_maxabs,other,weak,all,9,0.0891,-0.5,0.55,0.1035,-0.5976,0.6708,0.0891,0.1035
mobilenet_v2,le5,rank_signed_no_bias_correction,v1_maxabs,other,weak,above_chance,3,nan,-1.0,1.0,nan,-1.0,1.0,nan,nan
mobilenet_v2,le5,rank_signed_no_bias_correction,v1_percentile_99_9,other,weak,all,10,0.6771,0.3869,0.8485,0.803,0.4849,0.9342,0.6771,0.803
mobilenet_v2,le5,rank_signed_no_bias_correction,v1_percentile_99_9,other,weak,above_chance,4,0.6667,0.6667,1.0,0.8,0.8,1.0,0.6667,0.8
mobilenet_v2,le5,rank_signed_weight_maxabs,minimal,other,other,all,10,0.8222,0.3333,0.8222,0.9515,0.4909,0.9394,0.8222,0.9515
mobilenet_v2,le5,rank_signed_weight_maxabs,minimal,other,other,above_chance,3,0.3333,0.3333,0.3333,0.5,0.5,0.5,0.3333,0.5
mobilenet_v2,le5,rank_signed_weight_maxabs,default_unsigned,other,strong,all,10,0.4535,0.1556,0.8667,0.6253,0.2727,0.9515,0.414,0.5706
mobilenet_v2,le5,rank_signed_weight_maxabs,default_searched,other,searched,all,10,0.5443,0.2,0.9111,0.6486,0.297,0.9758,0.4284,0.5366
mobilenet_v2,le5,rank_signed_weight_maxabs,default_no_bias_correction_searched,other,searched,all,9,0.7222,0.3333,0.8333,0.85,0.45,0.9333,0.7222,0.85
mobilenet_v2,le5,rank_signed_weight_maxabs,default_no_bias_correction_searched,other,searched,above_chance,5,0.6,0.4,1.0,0.7,0.6,1.0,0.6,0.7
mobilenet_v2,le5,rank_signed_weight_maxabs,default_weight_maxabs_searched,other,searched,all,9,1.0,1.0,1.0,1.0,1.0,1.0,1.0,1.0
mobilenet_v2,le5,rank_signed_weight_maxabs,default_weight_maxabs_searched,other,searched,above_chance,3,1.0,1.0,1.0,1.0,1.0,1.0,1.0,1.0
mobilenet_v2,le5,rank_signed_weight_maxabs,minimal_searched,other,searched,all,10,0.8222,0.3333,0.8222,0.9515,0.503,0.9394,0.8222,0.9515
mobilenet_v2,le5,rank_signed_weight_maxabs,minimal_searched,other,searched,above_chance,3,0.3333,0.3333,0.3333,0.5,0.5,0.5,0.3333,0.5
mobilenet_v2,le5,rank_signed_weight_maxabs,v1_maxabs,other,weak,all,9,-0.1782,-0.588,0.4472,-0.207,-0.6895,0.5217,-0.1782,-0.207
mobilenet_v2,le5,rank_signed_weight_maxabs,v1_percentile_99_9,other,weak,all,10,0.4353,0.0967,0.6299,0.5834,0.2295,0.785,0.4353,0.5834
mobilenet_v2,le5,minimal,default_unsigned,other,strong,all,10,0.5968,0.0222,0.7191,0.7128,0.1394,0.8424,0.506,0.6442
mobilenet_v2,le5,minimal,default_unsigned,other,strong,above_chance,3,1.0,0.3333,1.0,1.0,0.5,1.0,1.0,1.0
mobilenet_v2,le5,minimal,default_searched,other,searched,all,10,0.5443,0.0222,0.6889,0.6828,0.1394,0.8424,0.378,0.5366
mobilenet_v2,le5,minimal,default_searched,other,searched,above_chance,3,0.3333,0.3333,0.3333,0.5,0.5,0.5,0.3333,0.5
mobilenet_v2,le5,minimal,default_no_bias_correction_searched,other,searched,all,9,0.8333,0.3889,0.8889,0.9333,0.5833,0.9667,0.8333,0.9333
mobilenet_v2,le5,minimal,default_no_bias_correction_searched,other,searched,above_chance,5,0.6,0.4,1.0,0.8,0.6,1.0,0.6,0.8
mobilenet_v2,le5,minimal,default_weight_maxabs_searched,other,searched,all,9,0.7778,0.3889,0.8333,0.9333,0.5333,0.95,0.7778,0.9333
mobilenet_v2,le5,minimal,default_weight_maxabs_searched,other,searched,above_chance,4,0.3333,0.3333,0.3333,0.6,0.6,0.6,0.3333,0.6
mobilenet_v2,le5,minimal,minimal_searched,other,searched,all,10,1.0,0.8667,1.0,1.0,0.9273,1.0,1.0,1.0
mobilenet_v2,le5,minimal,minimal_searched,other,searched,above_chance,3,1.0,1.0,1.0,1.0,1.0,1.0,1.0,1.0
mobilenet_v2,le5,minimal,v1_maxabs,other,weak,all,9,0.0,-0.5217,0.523,0.0,-0.6183,0.6331,0.0,0.0
mobilenet_v2,le5,minimal,v1_percentile_99_9,other,weak,all,10,0.532,0.2268,0.7307,0.6336,0.3168,0.8397,0.532,0.6336
mobilenet_v2,le5,minimal,v1_percentile_99_9,other,weak,above_chance,3,1.0,1.0,1.0,1.0,1.0,1.0,1.0,1.0
mobilenet_v2,le5,default_unsigned,default_searched,strong,searched,all,10,0.7601,0.6742,1.0,0.8524,0.772,1.0,0.7042,0.805
mobilenet_v2,le5,default_unsigned,default_no_bias_correction_searched,strong,searched,all,9,0.6694,0.0,0.7778,0.8095,0.15,0.9,0.5512,0.7289
mobilenet_v2,le5,default_unsigned,default_no_bias_correction_searched,strong,searched,above_chance,5,0.8,0.2,1.0,0.9,0.5,1.0,0.8,0.9
mobilenet_v2,le5,default_unsigned,default_weight_maxabs_searched,strong,searched,all,9,0.5477,0.1111,0.8889,0.6963,0.2667,0.9667,0.4932,0.6272
mobilenet_v2,le5,default_unsigned,default_weight_maxabs_searched,strong,searched,above_chance,3,0.3333,0.3333,1.0,0.5,0.5,1.0,0.3333,0.5
mobilenet_v2,le5,default_unsigned,minimal_searched,strong,searched,all,10,0.5968,0.0222,0.7191,0.7128,0.1394,0.8424,0.506,0.6442
mobilenet_v2,le5,default_unsigned,minimal_searched,strong,searched,above_chance,3,1.0,0.3333,1.0,1.0,0.5,1.0,1.0,1.0
mobilenet_v2,le5,default_unsigned,v1_maxabs,strong,weak,all,9,0.2928,-0.5292,0.619,0.3243,-0.6438,0.7366,0.3722,0.4211
mobilenet_v2,le5,default_unsigned,v1_percentile_99_9,strong,weak,all,10,0.4935,0.0497,0.7307,0.5761,0.1469,0.8396,0.5006,0.5843
mobilenet_v2,le5,default_searched,default_no_bias_correction_searched,searched,searched,all,9,0.7638,0.0556,0.8333,0.8416,0.1667,0.9205,0.523,0.639
mobilenet_v2,le5,default_searched,default_no_bias_correction_searched,searched,searched,above_chance,5,0.9487,0.4,1.0,0.9747,0.6,1.0,0.9487,0.9747
mobilenet_v2,le5,default_searched,default_weight_maxabs_searched,searched,searched,all,9,0.691,0.1667,0.9444,0.7723,0.2833,0.9833,0.523,0.6208
mobilenet_v2,le5,default_searched,default_weight_maxabs_searched,searched,searched,above_chance,3,1.0,1.0,1.0,1.0,1.0,1.0,1.0,1.0
mobilenet_v2,le5,default_searched,minimal_searched,searched,searched,all,10,0.5443,0.0222,0.6889,0.6828,0.1394,0.8424,0.378,0.5366
mobilenet_v2,le5,default_searched,minimal_searched,searched,searched,above_chance,3,0.3333,0.3333,0.3333,0.5,0.5,0.5,0.3333,0.5
mobilenet_v2,le5,default_searched,v1_maxabs,searched,weak,all,9,0.1166,-0.5453,0.6183,0.123,-0.6673,0.7334,0.2097,0.2268
mobilenet_v2,le5,default_searched,v1_percentile_99_9,searched,weak,all,10,0.5627,0.0233,0.7107,0.682,0.1433,0.8493,0.5484,0.6625
mobilenet_v2,le5,default_no_bias_correction_searched,default_weight_maxabs_searched,searched,searched,all,9,0.7222,0.3333,0.8333,0.85,0.45,0.9333,0.7222,0.85
mobilenet_v2,le5,default_no_bias_correction_searched,default_weight_maxabs_searched,searched,searched,above_chance,5,0.6,0.4,1.0,0.7,0.6,1.0,0.6,0.7
mobilenet_v2,le5,default_no_bias_correction_searched,minimal_searched,searched,searched,all,9,0.8333,0.3889,0.8889,0.9333,0.5833,0.9667,0.8333,0.9333
mobilenet_v2,le5,default_no_bias_correction_searched,minimal_searched,searched,searched,above_chance,5,0.6,0.4,1.0,0.8,0.6,1.0,0.6,0.8
mobilenet_v2,le5,default_no_bias_correction_searched,v1_maxabs,searched,weak,all,8,0.1091,-0.5071,0.5959,0.126,-0.6318,0.7196,0.1091,0.126
mobilenet_v2,le5,default_no_bias_correction_searched,v1_maxabs,searched,weak,above_chance,4,0.7071,-0.7071,0.9129,0.7746,-0.7746,0.9487,0.7071,0.7746
mobilenet_v2,le5,default_no_bias_correction_searched,v1_percentile_99_9,searched,weak,all,9,0.6482,0.3772,0.825,0.8172,0.5222,0.9323,0.6482,0.8172
mobilenet_v2,le5,default_no_bias_correction_searched,v1_percentile_99_9,searched,weak,above_chance,5,0.6,0.2,0.8367,0.8,0.5,0.9,0.6,0.8
mobilenet_v2,le5,default_weight_maxabs_searched,minimal_searched,searched,searched,all,9,0.7778,0.3889,0.8333,0.9333,0.5333,0.95,0.7778,0.9333
mobilenet_v2,le5,default_weight_maxabs_searched,minimal_searched,searched,searched,above_chance,4,0.3333,0.3333,0.3333,0.6,0.6,0.6,0.3333,0.6
mobilenet_v2,le5,default_weight_maxabs_searched,v1_maxabs,searched,weak,all,8,-0.2182,-0.6186,0.4769,-0.252,-0.7326,0.5728,-0.2182,-0.252
mobilenet_v2,le5,default_weight_maxabs_searched,v1_percentile_99_9,searched,weak,all,9,0.4714,0.1217,0.6673,0.6299,0.2785,0.8108,0.4714,0.6299
mobilenet_v2,le5,default_weight_maxabs_searched,v1_percentile_99_9,searched,weak,above_chance,3,0.3333,0.3333,0.3333,0.5,0.5,0.5,0.3333,0.5
mobilenet_v2,le5,minimal_searched,v1_maxabs,searched,weak,all,9,0.0,-0.5213,0.523,0.0,-0.6094,0.6336,0.0,0.0
mobilenet_v2,le5,minimal_searched,v1_percentile_99_9,searched,weak,all,10,0.532,0.2268,0.7307,0.6336,0.3168,0.8397,0.532,0.6336
mobilenet_v2,le5,minimal_searched,v1_percentile_99_9,searched,weak,above_chance,3,1.0,1.0,1.0,1.0,1.0,1.0,1.0,1.0
mobilenet_v2,le5,v1_maxabs,v1_percentile_99_9,weak,weak,all,9,0.0993,-0.533,0.6228,0.1086,-0.5993,0.7039,0.0993,0.1086
mobilenet_v2,all,default,default_signed,strong,strong,all,25,0.949,0.9316,0.9649,0.9873,0.9794,0.9913,0.9499,0.9874
mobilenet_v2,all,default,default_signed,strong,strong,above_chance,17,0.893,0.8487,0.9225,0.9601,0.9344,0.9724,0.893,0.9601
mobilenet_v2,all,default,default_no_bias_correction,strong,strong,all,25,0.8379,0.74,0.8581,0.958,0.9154,0.9646,0.8137,0.9483
mobilenet_v2,all,default,default_no_bias_correction,strong,strong,above_chance,20,0.8179,0.7684,0.8526,0.947,0.9244,0.9564,0.8179,0.947
mobilenet_v2,all,default,default_weight_maxabs,strong,strong,all,25,0.6851,0.6064,0.7867,0.7549,0.6769,0.8748,0.6713,0.7506
mobilenet_v2,all,default,default_weight_maxabs,strong,strong,above_chance,18,0.6164,0.5686,0.6974,0.6453,0.614,0.7358,0.6209,0.6594
mobilenet_v2,all,default,cum3_act_mse,strong,other,all,25,0.644,0.5376,0.7,0.6937,0.6523,0.8177,0.6215,0.6851
mobilenet_v2,all,default,cum3_act_mse,strong,other,above_chance,18,0.6033,0.4771,0.6296,0.635,0.5707,0.7007,0.6033,0.635
mobilenet_v2,all,default,rank_signed_no_bias_correction,strong,other,all,25,0.8222,0.7312,0.8514,0.9493,0.9106,0.9605,0.7981,0.9396
mobilenet_v2,all,default,rank_signed_no_bias_correction,strong,other,above_chance,19,0.7742,0.739,0.8328,0.9188,0.9048,0.9399,0.7742,0.9188
mobilenet_v2,all,default,rank_signed_weight_maxabs,strong,other,all,25,0.6897,0.6043,0.7873,0.7589,0.6797,0.8761,0.6758,0.755
mobilenet_v2,all,default,rank_signed_weight_maxabs,strong,other,above_chance,17,0.6074,0.5387,0.6864,0.6319,0.5853,0.7321,0.6126,0.6487
mobilenet_v2,all,default,minimal,strong,other,all,25,0.6211,0.5309,0.6957,0.6857,0.6508,0.8205,0.5987,0.6771
mobilenet_v2,all,default,minimal,strong,other,above_chance,18,0.5592,0.4721,0.625,0.6136,0.5658,0.698,0.5592,0.6136
mobilenet_v2,all,default,default_unsigned,strong,strong,all,25,0.874,0.8373,0.9197,0.9645,0.9523,0.9815,0.8655,0.9614
mobilenet_v2,all,default,default_unsigned,strong,strong,above_chance,17,0.7794,0.6765,0.8382,0.9118,0.8603,0.9441,0.7794,0.9118
mobilenet_v2,all,default,default_searched,strong,searched,all,25,0.993,0.9733,1.0,0.9992,0.9954,1.0,0.9931,0.9992
mobilenet_v2,all,default,default_searched,strong,searched,above_chance,17,0.9853,0.9556,1.0,0.9975,0.9896,1.0,0.9853,0.9975
mobilenet_v2,all,default,default_no_bias_correction_searched,strong,searched,all,21,0.8154,0.6952,0.8449,0.9505,0.8974,0.9584,0.7807,0.936
mobilenet_v2,all,default,default_no_bias_correction_searched,strong,searched,above_chance,17,0.7749,0.7206,0.8235,0.9283,0.9044,0.9461,0.7749,0.9283
mobilenet_v2,all,default,default_weight_maxabs_searched,strong,searched,all,21,0.7133,0.5714,0.8095,0.7543,0.63,0.8805,0.6929,0.7477
mobilenet_v2,all,default,default_weight_maxabs_searched,strong,searched,above_chance,15,0.6507,0.581,0.7143,0.622,0.5821,0.7393,0.6571,0.6429
mobilenet_v2,all,default,minimal_searched,strong,searched,all,25,0.6211,0.5318,0.6978,0.6857,0.6506,0.8202,0.5987,0.6771
mobilenet_v2,all,default,minimal_searched,strong,searched,above_chance,18,0.5592,0.4721,0.625,0.6136,0.5664,0.698,0.5592,0.6136
mobilenet_v2,all,default,adaround_bc,strong,strong,all,5,0.8,0.8,1.0,0.9,0.9,1.0,0.8,0.9
mobilenet_v2,all,default,adaround_bc,strong,strong,above_chance,4,0.6667,0.6667,1.0,0.8,0.8,1.0,0.6667,0.8
mobilenet_v2,all,default,adaround_nobc,strong,strong,all,5,0.8,0.4,0.8,0.9,0.5,0.9,0.8,0.9
mobilenet_v2,all,default,adaround_nobc,strong,strong,above_chance,5,0.8,0.4,0.8,0.9,0.5,0.9,0.8,0.9
mobilenet_v2,all,default,v1_maxabs,strong,weak,all,23,0.5323,0.393,0.5832,0.6281,0.5052,0.7044,0.5353,0.6307
mobilenet_v2,all,default,v1_maxabs,strong,weak,above_chance,15,0.2297,0.125,0.3173,0.3056,0.1896,0.4244,0.2297,0.3056
mobilenet_v2,all,default,v1_percentile_99_9,strong,weak,all,23,0.6042,0.504,0.6479,0.6893,0.6384,0.7569,0.6021,0.6879
mobilenet_v2,all,default,v1_percentile_99_9,strong,weak,above_chance,15,0.3636,0.3173,0.4402,0.4558,0.4343,0.5707,0.3636,0.4558
mobilenet_v2,all,default_signed,default_no_bias_correction,strong,strong,all,25,0.8907,0.7798,0.8993,0.9745,0.9313,0.9806,0.866,0.9647
mobilenet_v2,all,default_signed,default_no_bias_correction,strong,strong,above_chance,20,0.8995,0.8285,0.9235,0.9789,0.9549,0.9861,0.8995,0.9789
mobilenet_v2,all,default_signed,default_weight_maxabs,strong,strong,all,25,0.6417,0.5576,0.7446,0.7341,0.6499,0.8549,0.6283,0.7295
mobilenet_v2,all,default_signed,default_weight_maxabs,strong,strong,above_chance,18,0.5329,0.4671,0.6164,0.5981,0.5514,0.6939,0.5377,0.6113
mobilenet_v2,all,default_signed,cum3_act_mse,strong,other,all,25,0.6486,0.5509,0.7112,0.693,0.652,0.8236,0.6259,0.6844
mobilenet_v2,all,default_signed,cum3_act_mse,strong,other,above_chance,18,0.6118,0.5082,0.6557,0.6477,0.5865,0.7207,0.6118,0.6477
mobilenet_v2,all,default_signed,rank_signed_no_bias_correction,strong,other,all,25,0.8716,0.7726,0.8978,0.9704,0.93,0.9798,0.8471,0.9606
mobilenet_v2,all,default_signed,rank_signed_no_bias_correction,strong,other,above_chance,19,0.8588,0.8118,0.9176,0.9666,0.9473,0.9824,0.8588,0.9666
mobilenet_v2,all,default_signed,rank_signed_weight_maxabs,strong,other,all,25,0.6565,0.5719,0.7592,0.7416,0.6596,0.8615,0.643,0.7374
mobilenet_v2,all,default_signed,rank_signed_weight_maxabs,strong,other,above_chance,17,0.5353,0.4667,0.6296,0.5893,0.5387,0.7006,0.5407,0.6049
mobilenet_v2,all,default_signed,minimal,strong,other,all,25,0.6565,0.5518,0.7169,0.6939,0.6529,0.8276,0.6338,0.6853
mobilenet_v2,all,default_signed,minimal,strong,other,above_chance,18,0.6271,0.5132,0.6579,0.6501,0.5881,0.7215,0.6271,0.6501
mobilenet_v2,all,default_signed,default_unsigned,strong,strong,all,25,0.9067,0.8629,0.9449,0.9775,0.9633,0.991,0.8977,0.9743
mobilenet_v2,all,default_signed,default_unsigned,strong,strong,above_chance,17,0.8487,0.7454,0.893,0.9528,0.8976,0.9749,0.8487,0.9528
mobilenet_v2,all,default_signed,default_searched,strong,searched,all,25,0.942,0.9179,0.9583,0.9865,0.9763,0.9906,0.943,0.9866
mobilenet_v2,all,default_signed,default_searched,strong,searched,above_chance,17,0.8782,0.8192,0.9111,0.9577,0.927,0.9706,0.8782,0.9577
mobilenet_v2,all,default_signed,default_no_bias_correction_searched,strong,searched,all,21,0.8918,0.759,0.9091,0.9731,0.9191,0.9808,0.8561,0.9585
mobilenet_v2,all,default_signed,default_no_bias_correction_searched,strong,searched,above_chance,17,0.8889,0.8192,0.9225,0.9706,0.9472,0.9847,0.8889,0.9706
mobilenet_v2,all,default_signed,default_weight_maxabs_searched,strong,searched,all,21,0.6506,0.5107,0.7494,0.7243,0.5943,0.8558,0.631,0.7172
mobilenet_v2,all,default_signed,default_weight_maxabs_searched,strong,searched,above_chance,15,0.5288,0.4402,0.6124,0.551,0.4969,0.6744,0.5359,0.5702
mobilenet_v2,all,default_signed,minimal_searched,strong,searched,all,25,0.6565,0.5518,0.7169,0.6939,0.6529,0.8276,0.6338,0.6853
mobilenet_v2,all,default_signed,minimal_searched,strong,searched,above_chance,18,0.6271,0.5132,0.6579,0.6501,0.5881,0.7231,0.6271,0.6501
mobilenet_v2,all,default_signed,adaround_bc,strong,strong,all,5,0.8,0.6,1.0,0.9,0.8,1.0,0.8,0.9
mobilenet_v2,all,default_signed,adaround_bc,strong,strong,above_chance,4,0.6667,0.3333,1.0,0.8,0.6,1.0,0.6667,0.8
mobilenet_v2,all,default_signed,adaround_nobc,strong,strong,all,5,0.8,0.527,1.0,0.9,0.6669,1.0,0.8,0.9
mobilenet_v2,all,default_signed,adaround_nobc,strong,strong,above_chance,5,0.8,0.527,1.0,0.9,0.6669,1.0,0.8,0.9
mobilenet_v2,all,default_signed,v1_maxabs,strong,weak,all,23,0.5851,0.4383,0.6315,0.6687,0.5614,0.7419,0.5875,0.6712
mobilenet_v2,all,default_signed,v1_maxabs,strong,weak,above_chance,15,0.3462,0.2115,0.4391,0.4168,0.288,0.5622,0.3462,0.4168
mobilenet_v2,all,default_signed,v1_percentile_99_9,strong,weak,all,23,0.6389,0.5331,0.6812,0.701,0.6425,0.7695,0.6364,0.6996
mobilenet_v2,all,default_signed,v1_percentile_99_9,strong,weak,above_chance,15,0.4423,0.3846,0.5192,0.5027,0.4705,0.6195,0.4423,0.5027
mobilenet_v2,all,default_no_bias_correction,default_weight_maxabs,strong,strong,all,25,0.6377,0.5333,0.68,0.7382,0.6308,0.8269,0.64,0.7415
mobilenet_v2,all,default_no_bias_correction,default_weight_maxabs,strong,strong,above_chance,20,0.533,0.4632,0.5895,0.6431,0.5639,0.7173,0.5368,0.6496
mobilenet_v2,all,default_no_bias_correction,cum3_act_mse,strong,other,all,25,0.6778,0.611,0.7446,0.6928,0.6623,0.8359,0.6778,0.6928
mobilenet_v2,all,default_no_bias_correction,cum3_act_mse,strong,other,above_chance,20,0.6174,0.5579,0.6807,0.6551,0.6135,0.7334,0.6174,0.6551
mobilenet_v2,all,default_no_bias_correction,rank_signed_no_bias_correction,strong,other,all,25,0.9783,0.9716,0.9983,0.9971,0.9956,0.9998,0.9783,0.9971
mobilenet_v2,all,default_no_bias_correction,rank_signed_no_bias_correction,strong,other,above_chance,20,0.9657,0.9551,0.9974,0.9944,0.9914,0.9996,0.9657,0.9944
mobilenet_v2,all,default_no_bias_correction,rank_signed_weight_maxabs,strong,other,all,25,0.6488,0.5509,0.6912,0.7445,0.6397,0.8344,0.6511,0.7478
mobilenet_v2,all,default_no_bias_correction,rank_signed_weight_maxabs,strong,other,above_chance,20,0.5503,0.4908,0.6174,0.6554,0.5799,0.7319,0.5541,0.6619
mobilenet_v2,all,default_no_bias_correction,minimal,strong,other,all,25,0.689,0.611,0.7446,0.6968,0.6621,0.839,0.689,0.6968
mobilenet_v2,all,default_no_bias_correction,minimal,strong,other,above_chance,20,0.6349,0.5646,0.6913,0.6629,0.616,0.7394,0.6349,0.6629
mobilenet_v2,all,default_no_bias_correction,default_unsigned,strong,strong,all,25,0.8283,0.7333,0.8581,0.9626,0.9177,0.9703,0.8141,0.9584
mobilenet_v2,all,default_no_bias_correction,default_unsigned,strong,strong,above_chance,20,0.8105,0.7474,0.8632,0.9534,0.9233,0.9684,0.8105,0.9534
mobilenet_v2,all,default_no_bias_correction,default_searched,strong,searched,all,25,0.831,0.7379,0.8533,0.9565,0.9148,0.9638,0.8069,0.9467
mobilenet_v2,all,default_no_bias_correction,default_searched,strong,searched,above_chance,20,0.8074,0.7652,0.8526,0.944,0.9233,0.9549,0.8074,0.944
mobilenet_v2,all,default_no_bias_correction,default_no_bias_correction_searched,strong,searched,all,21,1.0,1.0,1.0,1.0,1.0,1.0,1.0,1.0
mobilenet_v2,all,default_no_bias_correction,default_no_bias_correction_searched,strong,searched,above_chance,17,1.0,1.0,1.0,1.0,1.0,1.0,1.0,1.0
mobilenet_v2,all,default_no_bias_correction,default_weight_maxabs_searched,strong,searched,all,21,0.6158,0.4952,0.6826,0.7204,0.5729,0.8286,0.619,0.7247
mobilenet_v2,all,default_no_bias_correction,default_weight_maxabs_searched,strong,searched,above_chance,17,0.5092,0.4265,0.5882,0.6143,0.5098,0.7132,0.5147,0.6225
mobilenet_v2,all,default_no_bias_correction,minimal_searched,strong,searched,all,25,0.689,0.611,0.7492,0.6968,0.6621,0.8396,0.689,0.6968
mobilenet_v2,all,default_no_bias_correction,minimal_searched,strong,searched,above_chance,20,0.6349,0.5676,0.6913,0.6629,0.616,0.7394,0.6349,0.6629
mobilenet_v2,all,default_no_bias_correction,adaround_bc,strong,strong,all,5,0.8,0.6,1.0,0.9,0.8,1.0,0.8,0.9
mobilenet_v2,all,default_no_bias_correction,adaround_bc,strong,strong,above_chance,5,0.8,0.6,1.0,0.9,0.8,1.0,0.8,0.9
mobilenet_v2,all,default_no_bias_correction,adaround_nobc,strong,strong,all,5,0.8,0.6,1.0,0.9,0.7,1.0,0.8,0.9
mobilenet_v2,all,default_no_bias_correction,adaround_nobc,strong,strong,above_chance,5,0.8,0.6,1.0,0.9,0.7,1.0,0.8,0.9
mobilenet_v2,all,default_no_bias_correction,v1_maxabs,strong,weak,all,23,0.5746,0.4489,0.6246,0.6803,0.5717,0.7392,0.5746,0.6803
mobilenet_v2,all,default_no_bias_correction,v1_maxabs,strong,weak,above_chance,18,0.5183,0.4095,0.5572,0.5994,0.5052,0.6615,0.5183,0.5994
mobilenet_v2,all,default_no_bias_correction,v1_percentile_99_9,strong,weak,all,23,0.6385,0.5811,0.6899,0.7252,0.6622,0.777,0.6385,0.7252
mobilenet_v2,all,default_no_bias_correction,v1_percentile_99_9,strong,weak,above_chance,18,0.5329,0.4934,0.5941,0.6147,0.5617,0.6829,0.5329,0.6147
mobilenet_v2,all,default_weight_maxabs,cum3_act_mse,strong,other,all,25,0.8261,0.7,0.84,0.9561,0.8944,0.9592,0.8247,0.956
mobilenet_v2,all,default_weight_maxabs,cum3_act_mse,strong,other,above_chance,17,0.7353,0.6029,0.7794,0.9069,0.8211,0.9216,0.7353,0.9069
mobilenet_v2,all,default_weight_maxabs,rank_signed_no_bias_correction,strong,other,all,25,0.6288,0.5242,0.6689,0.7476,0.6251,0.8236,0.6311,0.7505
mobilenet_v2,all,default_weight_maxabs,rank_signed_no_bias_correction,strong,other,above_chance,20,0.5185,0.4486,0.5752,0.6569,0.5543,0.7123,0.5224,0.6627
mobilenet_v2,all,default_weight_maxabs,rank_signed_weight_maxabs,strong,other,all,25,0.9849,0.9649,0.9917,0.9983,0.9933,0.999,0.985,0.9983
mobilenet_v2,all,default_weight_maxabs,rank_signed_weight_maxabs,strong,other,above_chance,16,0.9624,0.9121,0.9791,0.9934,0.9742,0.9963,0.9624,0.9934
mobilenet_v2,all,default_weight_maxabs,minimal,strong,other,all,25,0.8107,0.6957,0.8361,0.9475,0.8882,0.9567,0.8094,0.9473
mobilenet_v2,all,default_weight_maxabs,minimal,strong,other,above_chance,17,0.7011,0.5978,0.7749,0.8792,0.8155,0.9166,0.7011,0.8792
mobilenet_v2,all,default_weight_maxabs,default_unsigned,strong,strong,all,25,0.6442,0.5533,0.74,0.7381,0.6504,0.8499,0.6399,0.7375
mobilenet_v2,all,default_weight_maxabs,default_unsigned,strong,strong,above_chance,18,0.5508,0.4641,0.6078,0.6113,0.5555,0.6842,0.5556,0.6244
mobilenet_v2,all,default_weight_maxabs,default_searched,strong,searched,all,25,0.692,0.6067,0.7867,0.7564,0.6763,0.8746,0.6781,0.7521
mobilenet_v2,all,default_weight_maxabs,default_searched,strong,searched,above_chance,18,0.6295,0.5686,0.6951,0.6495,0.6161,0.7358,0.634,0.6636
mobilenet_v2,all,default_weight_maxabs,default_no_bias_correction_searched,strong,searched,all,21,0.6158,0.4952,0.6826,0.7204,0.5729,0.8286,0.619,0.7247
mobilenet_v2,all,default_weight_maxabs,default_no_bias_correction_searched,strong,searched,above_chance,17,0.5092,0.4265,0.5882,0.6143,0.5098,0.7132,0.5147,0.6225
mobilenet_v2,all,default_weight_maxabs,default_weight_maxabs_searched,strong,searched,all,21,1.0,1.0,1.0,1.0,1.0,1.0,1.0,1.0
mobilenet_v2,all,default_weight_maxabs,default_weight_maxabs_searched,strong,searched,above_chance,13,1.0,1.0,1.0,1.0,1.0,1.0,1.0,1.0
mobilenet_v2,all,default_weight_maxabs,minimal_searched,strong,searched,all,25,0.8107,0.6957,0.8361,0.9475,0.8882,0.9567,0.8094,0.9473
mobilenet_v2,all,default_weight_maxabs,minimal_searched,strong,searched,above_chance,17,0.7011,0.5978,0.763,0.8792,0.8155,0.916,0.7011,0.8792
mobilenet_v2,all,default_weight_maxabs,adaround_bc,strong,strong,all,5,0.4,0.0,0.4,0.4,-0.1,0.4,0.4,0.4
mobilenet_v2,all,default_weight_maxabs,adaround_bc,strong,strong,above_chance,5,0.4,0.0,0.4,0.4,-0.1,0.4,0.4,0.4
mobilenet_v2,all,default_weight_maxabs,adaround_nobc,strong,strong,all,5,0.0,-0.2,0.2,-0.1,-0.3,0.3,0.0,-0.1
mobilenet_v2,all,default_weight_maxabs,adaround_nobc,strong,strong,above_chance,5,0.0,-0.2,0.2,-0.1,-0.3,0.3,0.0,-0.1
mobilenet_v2,all,default_weight_maxabs,v1_maxabs,strong,weak,all,23,0.5465,0.4356,0.6302,0.7537,0.6231,0.8188,0.5413,0.749
mobilenet_v2,all,default_weight_maxabs,v1_maxabs,strong,weak,above_chance,14,0.3315,0.1889,0.4199,0.5061,0.3238,0.5998,0.3315,0.5061
mobilenet_v2,all,default_weight_maxabs,v1_percentile_99_9,strong,weak,all,23,0.7005,0.6303,0.7727,0.8824,0.834,0.9217,0.6951,0.879
mobilenet_v2,all,default_weight_maxabs,v1_percentile_99_9,strong,weak,above_chance,14,0.5967,0.5304,0.6851,0.8141,0.7456,0.8493,0.5967,0.8141
mobilenet_v2,all,cum3_act_mse,rank_signed_no_bias_correction,other,other,all,25,0.689,0.6177,0.7513,0.7107,0.6621,0.8396,0.689,0.7107
mobilenet_v2,all,cum3_act_mse,rank_signed_no_bias_correction,other,other,above_chance,19,0.6294,0.5588,0.6921,0.6769,0.6029,0.7398,0.6294,0.6769
mobilenet_v2,all,cum3_act_mse,rank_signed_weight_maxabs,other,other,all,25,0.8442,0.7179,0.8581,0.9621,0.9007,0.9652,0.8428,0.9619
mobilenet_v2,all,cum3_act_mse,rank_signed_weight_maxabs,other,other,above_chance,16,0.7615,0.6109,0.8117,0.9139,0.8168,0.9316,0.7615,0.9139
mobilenet_v2,all,cum3_act_mse,minimal,other,other,all,25,0.9782,0.9583,0.9983,0.9952,0.9883,0.9998,0.9782,0.9952
mobilenet_v2,all,cum3_act_mse,minimal,other,other,above_chance,16,0.9456,0.9289,0.9958,0.9816,0.9698,0.9993,0.9456,0.9816
mobilenet_v2,all,cum3_act_mse,default_unsigned,other,strong,all,25,0.6644,0.5576,0.72,0.6984,0.6533,0.8185,0.651,0.6941
mobilenet_v2,all,cum3_act_mse,default_unsigned,other,strong,above_chance,18,0.6426,0.5163,0.6732,0.6588,0.5893,0.7131,0.6426,0.6588
mobilenet_v2,all,cum3_act_mse,default_searched,other,searched,all,25,0.6372,0.5369,0.6978,0.6929,0.6523,0.8177,0.6147,0.6843
mobilenet_v2,all,cum3_act_mse,default_searched,other,searched,above_chance,18,0.5902,0.4771,0.6295,0.6329,0.5707,0.7001,0.5902,0.6329
mobilenet_v2,all,cum3_act_mse,default_no_bias_correction_searched,other,searched,all,21,0.6062,0.5429,0.7048,0.6307,0.5948,0.8143,0.6062,0.6307
mobilenet_v2,all,cum3_act_mse,default_no_bias_correction_searched,other,searched,above_chance,17,0.524,0.4797,0.6273,0.5825,0.5368,0.6961,0.524,0.5825
mobilenet_v2,all,cum3_act_mse,default_weight_maxabs_searched,other,searched,all,21,0.8182,0.6921,0.8571,0.9519,0.8844,0.9662,0.8162,0.9516
mobilenet_v2,all,cum3_act_mse,default_weight_maxabs_searched,other,searched,above_chance,14,0.7582,0.6044,0.8022,0.9209,0.8286,0.9297,0.7582,0.9209
mobilenet_v2,all,cum3_act_mse,minimal_searched,other,searched,all,25,0.9782,0.9449,0.9983,0.9952,0.9852,0.9998,0.9782,0.9952
mobilenet_v2,all,cum3_act_mse,minimal_searched,other,searched,above_chance,16,0.9456,0.9121,0.9958,0.9816,0.9669,0.9993,0.9456,0.9816
mobilenet_v2,all,cum3_act_mse,adaround_bc,other,strong,all,5,0.4,0.0,0.4,0.4,-0.1,0.4,0.4,0.4
mobilenet_v2,all,cum3_act_mse,adaround_bc,other,strong,above_chance,4,0.3333,-0.3333,0.3333,0.4,-0.4,0.4,0.3333,0.4
mobilenet_v2,all,cum3_act_mse,adaround_nobc,other,strong,all,5,0.0,0.0,0.4,-0.1,-0.1,0.4,0.0,-0.1
mobilenet_v2,all,cum3_act_mse,adaround_nobc,other,strong,above_chance,5,0.0,0.0,0.4,-0.1,-0.1,0.4,0.0,-0.1
mobilenet_v2,all,cum3_act_mse,v1_maxabs,other,weak,all,23,0.6383,0.5343,0.7285,0.824,0.7113,0.8797,0.6383,0.824
mobilenet_v2,all,cum3_act_mse,v1_maxabs,other,weak,above_chance,14,0.5223,0.3889,0.6556,0.6674,0.5083,0.7908,0.5223,0.6674
mobilenet_v2,all,cum3_act_mse,v1_percentile_99_9,other,weak,all,23,0.7653,0.7003,0.8383,0.9092,0.8704,0.9469,0.7653,0.9092
mobilenet_v2,all,cum3_act_mse,v1_percentile_99_9,other,weak,above_chance,14,0.7293,0.663,0.8398,0.8801,0.8405,0.9241,0.7293,0.8801
mobilenet_v2,all,rank_signed_no_bias_correction,rank_signed_weight_maxabs,other,other,all,25,0.6432,0.5385,0.6856,0.7554,0.6352,0.833,0.6455,0.7584
mobilenet_v2,all,rank_signed_no_bias_correction,rank_signed_weight_maxabs,other,other,above_chance,19,0.5369,0.4706,0.6077,0.6684,0.556,0.7331,0.5412,0.6752
mobilenet_v2,all,rank_signed_no_bias_correction,minimal,other,other,all,25,0.7102,0.6187,0.7525,0.717,0.6628,0.8422,0.7102,0.717
mobilenet_v2,all,rank_signed_no_bias_correction,minimal,other,other,above_chance,19,0.6667,0.5647,0.6941,0.6913,0.6049,0.7419,0.6667,0.6913
mobilenet_v2,all,rank_signed_no_bias_correction,default_unsigned,other,strong,all,25,0.8398,0.7379,0.8648,0.9647,0.9175,0.9713,0.8255,0.9605
mobilenet_v2,all,rank_signed_no_bias_correction,default_unsigned,other,strong,above_chance,19,0.8094,0.739,0.8563,0.9504,0.9144,0.9671,0.8094,0.9504
mobilenet_v2,all,rank_signed_no_bias_correction,default_searched,other,searched,all,25,0.8153,0.7312,0.8495,0.9485,0.9103,0.9602,0.7913,0.9388
mobilenet_v2,all,rank_signed_no_bias_correction,default_searched,other,searched,above_chance,19,0.7625,0.739,0.8294,0.9171,0.9048,0.939,0.7625,0.9171
mobilenet_v2,all,rank_signed_no_bias_correction,default_no_bias_correction_searched,other,searched,all,21,0.969,0.9594,0.9976,0.9951,0.9925,0.9997,0.969,0.9951
mobilenet_v2,all,rank_signed_no_bias_correction,default_no_bias_correction_searched,other,searched,above_chance,17,0.952,0.9373,0.9963,0.9908,0.9871,0.9994,0.952,0.9908
mobilenet_v2,all,rank_signed_no_bias_correction,default_weight_maxabs_searched,other,searched,all,21,0.6029,0.4821,0.6635,0.7323,0.5658,0.823,0.6062,0.736
mobilenet_v2,all,rank_signed_no_bias_correction,default_weight_maxabs_searched,other,searched,above_chance,17,0.4889,0.4059,0.563,0.6319,0.4979,0.7026,0.4945,0.6389
mobilenet_v2,all,rank_signed_no_bias_correction,minimal_searched,other,searched,all,25,0.7102,0.6187,0.7525,0.717,0.6623,0.8428,0.7102,0.717
mobilenet_v2,all,rank_signed_no_bias_correction,minimal_searched,other,searched,above_chance,19,0.6667,0.5647,0.7021,0.6913,0.6052,0.7419,0.6667,0.6913
mobilenet_v2,all,rank_signed_no_bias_correction,adaround_bc,other,strong,all,5,0.8,0.6,1.0,0.9,0.8,1.0,0.8,0.9
mobilenet_v2,all,rank_signed_no_bias_correction,adaround_bc,other,strong,above_chance,4,0.6667,0.3333,1.0,0.8,0.6,1.0,0.6667,0.8
mobilenet_v2,all,rank_signed_no_bias_correction,adaround_nobc,other,strong,all,5,0.8,0.6,1.0,0.9,0.7,1.0,0.8,0.9
mobilenet_v2,all,rank_signed_no_bias_correction,adaround_nobc,other,strong,above_chance,5,0.8,0.6,1.0,0.9,0.7,1.0,0.8,0.9
mobilenet_v2,all,rank_signed_no_bias_correction,v1_maxabs,other,weak,all,23,0.5924,0.4581,0.6341,0.702,0.5808,0.7483,0.5924,0.702
mobilenet_v2,all,rank_signed_no_bias_correction,v1_maxabs,other,weak,above_chance,17,0.4944,0.3651,0.5244,0.5843,0.4489,0.6321,0.4944,0.5843
mobilenet_v2,all,rank_signed_no_bias_correction,v1_percentile_99_9,other,weak,all,23,0.6641,0.5962,0.7053,0.7477,0.6668,0.7852,0.6641,0.7477
mobilenet_v2,all,rank_signed_no_bias_correction,v1_percentile_99_9,other,weak,above_chance,17,0.5353,0.4907,0.5799,0.6249,0.5402,0.6589,0.5353,0.6249
mobilenet_v2,all,rank_signed_weight_maxabs,minimal,other,other,all,25,0.8255,0.7124,0.8528,0.953,0.8969,0.9632,0.8241,0.9529
mobilenet_v2,all,rank_signed_weight_maxabs,minimal,other,other,above_chance,16,0.7143,0.6076,0.7983,0.8792,0.8115,0.9264,0.7143,0.8792
mobilenet_v2,all,rank_signed_weight_maxabs,default_unsigned,other,strong,all,25,0.6622,0.571,0.7579,0.7452,0.659,0.8555,0.6577,0.7449
mobilenet_v2,all,rank_signed_weight_maxabs,default_unsigned,other,strong,above_chance,17,0.563,0.4649,0.6273,0.6012,0.5432,0.6842,0.5683,0.6168
mobilenet_v2,all,rank_signed_weight_maxabs,default_searched,other,searched,all,25,0.6966,0.6043,0.7893,0.7597,0.679,0.8753,0.6826,0.7557
mobilenet_v2,all,rank_signed_weight_maxabs,default_searched,other,searched,above_chance,17,0.6222,0.5387,0.6864,0.6344,0.5849,0.7296,0.6273,0.6511
mobilenet_v2,all,rank_signed_weight_maxabs,default_no_bias_correction_searched,other,searched,all,21,0.622,0.5107,0.6921,0.7232,0.5814,0.8347,0.6253,0.7275
mobilenet_v2,all,rank_signed_weight_maxabs,default_no_bias_correction_searched,other,searched,above_chance,17,0.5185,0.4649,0.6126,0.6196,0.5261,0.7248,0.524,0.6278
mobilenet_v2,all,rank_signed_weight_maxabs,default_weight_maxabs_searched,other,searched,all,21,0.988,0.9594,0.9904,0.9984,0.9912,0.9987,0.9881,0.9984
mobilenet_v2,all,rank_signed_weight_maxabs,default_weight_maxabs_searched,other,searched,above_chance,13,0.9678,0.8903,0.974,0.9931,0.9629,0.9945,0.9678,0.9931
mobilenet_v2,all,rank_signed_weight_maxabs,minimal_searched,other,searched,all,25,0.8255,0.7124,0.8528,0.953,0.8963,0.9631,0.8241,0.9529
mobilenet_v2,all,rank_signed_weight_maxabs,minimal_searched,other,searched,above_chance,16,0.7143,0.6076,0.7983,0.8792,0.8115,0.9264,0.7143,0.8792
mobilenet_v2,all,rank_signed_weight_maxabs,adaround_bc,other,strong,all,5,0.4,0.2,0.4,0.4,0.0,0.4,0.4,0.4
mobilenet_v2,all,rank_signed_weight_maxabs,adaround_bc,other,strong,above_chance,4,0.3333,0.0,0.3333,0.4,-0.2,0.4,0.3333,0.4
mobilenet_v2,all,rank_signed_weight_maxabs,adaround_nobc,other,strong,all,5,0.0,-0.2,0.4,-0.1,-0.3,0.4,0.0,-0.1
mobilenet_v2,all,rank_signed_weight_maxabs,adaround_nobc,other,strong,above_chance,5,0.0,-0.2,0.4,-0.1,-0.3,0.4,0.0,-0.1
mobilenet_v2,all,rank_signed_weight_maxabs,v1_maxabs,other,weak,all,23,0.5643,0.4593,0.6562,0.775,0.654,0.8405,0.559,0.7703
mobilenet_v2,all,rank_signed_weight_maxabs,v1_maxabs,other,weak,above_chance,13,0.2727,0.1184,0.4026,0.4325,0.2452,0.5758,0.2727,0.4325
mobilenet_v2,all,rank_signed_weight_maxabs,v1_percentile_99_9,other,weak,all,23,0.7101,0.6479,0.7892,0.8921,0.8499,0.932,0.7046,0.8886
mobilenet_v2,all,rank_signed_weight_maxabs,v1_percentile_99_9,other,weak,above_chance,13,0.5584,0.5065,0.6883,0.7961,0.7521,0.8623,0.5584,0.7961
mobilenet_v2,all,minimal,default_unsigned,other,strong,all,25,0.6689,0.5576,0.7203,0.6997,0.6541,0.8229,0.6555,0.6954
mobilenet_v2,all,minimal,default_unsigned,other,strong,above_chance,18,0.6513,0.5215,0.6689,0.6622,0.5899,0.7145,0.6513,0.6622
mobilenet_v2,all,minimal,default_searched,other,searched,all,25,0.6142,0.5309,0.6957,0.6849,0.6511,0.8205,0.5919,0.6763
mobilenet_v2,all,minimal,default_searched,other,searched,above_chance,18,0.5461,0.4721,0.6164,0.6116,0.5679,0.6963,0.5461,0.6116
mobilenet_v2,all,minimal,default_no_bias_correction_searched,other,searched,all,21,0.622,0.5455,0.713,0.6374,0.5965,0.82,0.622,0.6374
mobilenet_v2,all,minimal,default_no_bias_correction_searched,other,searched,above_chance,17,0.5482,0.4889,0.6421,0.5951,0.5408,0.7051,0.5482,0.5951
mobilenet_v2,all,minimal,default_weight_maxabs_searched,other,searched,all,21,0.7962,0.6827,0.8544,0.9412,0.8791,0.9643,0.7943,0.9409
mobilenet_v2,all,minimal,default_weight_maxabs_searched,other,searched,above_chance,14,0.7072,0.6111,0.7956,0.8845,0.8229,0.9285,0.7072,0.8845
mobilenet_v2,all,minimal,minimal_searched,other,searched,all,25,1.0,0.9666,1.0,1.0,0.9915,1.0,1.0,1.0
mobilenet_v2,all,minimal,minimal_searched,other,searched,above_chance,16,1.0,0.9661,1.0,1.0,0.9912,1.0,1.0,1.0
mobilenet_v2,all,minimal,adaround_bc,other,strong,all,5,0.2,0.0,0.4,0.3,-0.1,0.6,0.2,0.3
mobilenet_v2,all,minimal,adaround_bc,other,strong,above_chance,4,0.0,-0.3333,0.3333,0.2,-0.4,0.4,0.0,0.2
mobilenet_v2,all,minimal,adaround_nobc,other,strong,all,5,0.2,0.0,0.4,0.0,-0.1,0.4617,0.2,0.0
mobilenet_v2,all,minimal,adaround_nobc,other,strong,above_chance,5,0.2,0.0,0.4,0.0,-0.1,0.4617,0.2,0.0
mobilenet_v2,all,minimal,v1_maxabs,other,weak,all,23,0.6646,0.5419,0.7381,0.8402,0.7219,0.8852,0.6646,0.8402
mobilenet_v2,all,minimal,v1_maxabs,other,weak,above_chance,14,0.5922,0.4045,0.6667,0.7387,0.527,0.8018,0.5922,0.7387
mobilenet_v2,all,minimal,v1_percentile_99_9,other,weak,all,23,0.7912,0.7052,0.8445,0.9154,0.8711,0.9482,0.7912,0.9154
mobilenet_v2,all,minimal,v1_percentile_99_9,other,weak,above_chance,14,0.8,0.6667,0.8444,0.9075,0.8458,0.9295,0.8,0.9075
mobilenet_v2,all,default_unsigned,default_searched,strong,searched,all,25,0.8809,0.8381,0.92,0.9661,0.9521,0.9815,0.8723,0.9629
mobilenet_v2,all,default_unsigned,default_searched,strong,searched,above_chance,17,0.7941,0.6912,0.8382,0.9167,0.8627,0.9461,0.7941,0.9167
mobilenet_v2,all,default_unsigned,default_no_bias_correction_searched,strong,searched,all,21,0.8117,0.7017,0.8571,0.9518,0.9009,0.9656,0.7914,0.9454
mobilenet_v2,all,default_unsigned,default_no_bias_correction_searched,strong,searched,above_chance,17,0.7794,0.7206,0.8529,0.9338,0.9142,0.9614,0.7794,0.9338
mobilenet_v2,all,default_unsigned,default_weight_maxabs_searched,strong,searched,all,21,0.6247,0.4857,0.7238,0.7188,0.5878,0.839,0.6187,0.7178
mobilenet_v2,all,default_unsigned,default_weight_maxabs_searched,strong,searched,above_chance,15,0.4976,0.3905,0.5619,0.5416,0.475,0.6452,0.5048,0.5607
mobilenet_v2,all,default_unsigned,minimal_searched,strong,searched,all,25,0.6689,0.5561,0.7203,0.6997,0.6541,0.8232,0.6555,0.6954
mobilenet_v2,all,default_unsigned,minimal_searched,strong,searched,above_chance,18,0.6513,0.5197,0.6689,0.6622,0.5888,0.7145,0.6513,0.6622
mobilenet_v2,all,default_unsigned,adaround_bc,strong,strong,all,5,0.6,0.6,1.0,0.8,0.8,1.0,0.6,0.8
mobilenet_v2,all,default_unsigned,adaround_bc,strong,strong,above_chance,4,0.3333,0.3333,1.0,0.6,0.6,1.0,0.3333,0.6
mobilenet_v2,all,default_unsigned,adaround_nobc,strong,strong,all,5,1.0,0.6,1.0,1.0,0.7,1.0,1.0,1.0
mobilenet_v2,all,default_unsigned,adaround_nobc,strong,strong,above_chance,5,1.0,0.6,1.0,1.0,0.7,1.0,1.0,1.0
mobilenet_v2,all,default_unsigned,v1_maxabs,strong,weak,all,23,0.5647,0.4028,0.6036,0.6443,0.5239,0.7064,0.5696,0.6483
mobilenet_v2,all,default_unsigned,v1_maxabs,strong,weak,above_chance,15,0.2871,0.134,0.375,0.3092,0.1521,0.4472,0.2871,0.3092
mobilenet_v2,all,default_unsigned,v1_percentile_99_9,strong,weak,all,23,0.6013,0.5175,0.6721,0.6845,0.636,0.7545,0.6017,0.6852
mobilenet_v2,all,default_unsigned,v1_percentile_99_9,strong,weak,above_chance,15,0.4019,0.3445,0.5168,0.4772,0.445,0.5952,0.4019,0.4772
mobilenet_v2,all,default_searched,default_no_bias_correction_searched,searched,searched,all,21,0.8154,0.6952,0.8449,0.9505,0.8974,0.9584,0.7807,0.936
mobilenet_v2,all,default_searched,default_no_bias_correction_searched,searched,searched,above_chance,17,0.7749,0.7206,0.8235,0.9283,0.9044,0.9461,0.7749,0.9283
mobilenet_v2,all,default_searched,default_weight_maxabs_searched,searched,searched,all,21,0.7133,0.5714,0.8095,0.7543,0.63,0.8805,0.6929,0.7477
mobilenet_v2,all,default_searched,default_weight_maxabs_searched,searched,searched,above_chance,15,0.6507,0.581,0.7143,0.622,0.5821,0.7393,0.6571,0.6429
mobilenet_v2,all,default_searched,minimal_searched,searched,searched,all,25,0.6142,0.5309,0.6957,0.6849,0.6513,0.821,0.5919,0.6763
mobilenet_v2,all,default_searched,minimal_searched,searched,searched,above_chance,18,0.5461,0.4721,0.625,0.6116,0.5679,0.698,0.5461,0.6116
mobilenet_v2,all,default_searched,adaround_bc,searched,strong,all,5,0.8,0.8,1.0,0.9,0.9,1.0,0.8,0.9
mobilenet_v2,all,default_searched,adaround_bc,searched,strong,above_chance,4,0.6667,0.6667,1.0,0.8,0.8,1.0,0.6667,0.8
mobilenet_v2,all,default_searched,adaround_nobc,searched,strong,all,5,0.8,0.4,0.8,0.9,0.5,0.9,0.8,0.9
mobilenet_v2,all,default_searched,adaround_nobc,searched,strong,above_chance,5,0.8,0.4,0.8,0.9,0.5,0.9,0.8,0.9
mobilenet_v2,all,default_searched,v1_maxabs,searched,weak,all,23,0.5323,0.393,0.5844,0.6281,0.5055,0.7045,0.5353,0.6307
mobilenet_v2,all,default_searched,v1_maxabs,searched,weak,above_chance,15,0.2297,0.125,0.3173,0.3056,0.1934,0.4238,0.2297,0.3056
mobilenet_v2,all,default_searched,v1_percentile_99_9,searched,weak,all,23,0.5959,0.4991,0.6412,0.6863,0.6364,0.755,0.5938,0.6849
mobilenet_v2,all,default_searched,v1_percentile_99_9,searched,weak,above_chance,15,0.3445,0.3062,0.4211,0.445,0.4333,0.5599,0.3445,0.445
mobilenet_v2,all,default_no_bias_correction_searched,default_weight_maxabs_searched,searched,searched,all,21,0.6158,0.4952,0.6826,0.7204,0.5729,0.8286,0.619,0.7247
mobilenet_v2,all,default_no_bias_correction_searched,default_weight_maxabs_searched,searched,searched,above_chance,17,0.5092,0.4265,0.5882,0.6143,0.5098,0.7132,0.5147,0.6225
mobilenet_v2,all,default_no_bias_correction_searched,minimal_searched,searched,searched,all,21,0.622,0.5455,0.713,0.6374,0.5965,0.82,0.622,0.6374
mobilenet_v2,all,default_no_bias_correction_searched,minimal_searched,searched,searched,above_chance,17,0.5482,0.4889,0.6421,0.5951,0.5408,0.7051,0.5482,0.5951
mobilenet_v2,all,default_no_bias_correction_searched,adaround_bc,searched,strong,all,5,0.8,0.6,1.0,0.9,0.8,1.0,0.8,0.9
mobilenet_v2,all,default_no_bias_correction_searched,adaround_bc,searched,strong,above_chance,5,0.8,0.6,1.0,0.9,0.8,1.0,0.8,0.9
mobilenet_v2,all,default_no_bias_correction_searched,adaround_nobc,searched,strong,all,5,0.8,0.6,1.0,0.9,0.7,1.0,0.8,0.9
mobilenet_v2,all,default_no_bias_correction_searched,adaround_nobc,searched,strong,above_chance,5,0.8,0.6,1.0,0.9,0.7,1.0,0.8,0.9
mobilenet_v2,all,default_no_bias_correction_searched,v1_maxabs,searched,weak,all,19,0.5955,0.4448,0.6655,0.6697,0.5461,0.7518,0.5955,0.6697
mobilenet_v2,all,default_no_bias_correction_searched,v1_maxabs,searched,weak,above_chance,15,0.5855,0.437,0.6309,0.6302,0.5192,0.7173,0.5855,0.6302
mobilenet_v2,all,default_no_bias_correction_searched,v1_percentile_99_9,searched,weak,all,20,0.6561,0.5953,0.7178,0.7147,0.6439,0.7778,0.6561,0.7147
mobilenet_v2,all,default_no_bias_correction_searched,v1_percentile_99_9,searched,weak,above_chance,16,0.5714,0.521,0.6498,0.6141,0.5479,0.6982,0.5714,0.6141
mobilenet_v2,all,default_weight_maxabs_searched,minimal_searched,searched,searched,all,21,0.7962,0.6827,0.8544,0.9412,0.8791,0.9643,0.7943,0.9409
mobilenet_v2,all,default_weight_maxabs_searched,minimal_searched,searched,searched,above_chance,14,0.7072,0.6111,0.7956,0.8845,0.8229,0.9285,0.7072,0.8845
mobilenet_v2,all,default_weight_maxabs_searched,adaround_bc,searched,strong,all,5,0.4,0.0,0.4,0.4,-0.1,0.4,0.4,0.4
mobilenet_v2,all,default_weight_maxabs_searched,adaround_bc,searched,strong,above_chance,5,0.4,0.0,0.4,0.4,-0.1,0.4,0.4,0.4
mobilenet_v2,all,default_weight_maxabs_searched,adaround_nobc,searched,strong,all,5,0.0,-0.2,0.2,-0.1,-0.3,0.3,0.0,-0.1
mobilenet_v2,all,default_weight_maxabs_searched,adaround_nobc,searched,strong,above_chance,5,0.0,-0.2,0.2,-0.1,-0.3,0.3,0.0,-0.1
mobilenet_v2,all,default_weight_maxabs_searched,v1_maxabs,searched,weak,all,19,0.5537,0.4224,0.6652,0.7487,0.5915,0.8395,0.5458,0.7412
mobilenet_v2,all,default_weight_maxabs_searched,v1_maxabs,searched,weak,above_chance,11,0.4404,0.2408,0.5138,0.5968,0.369,0.6788,0.4404,0.5968
mobilenet_v2,all,default_weight_maxabs_searched,v1_percentile_99_9,searched,weak,all,20,0.7171,0.6416,0.7991,0.8898,0.8372,0.9318,0.7098,0.8853
mobilenet_v2,all,default_weight_maxabs_searched,v1_percentile_99_9,searched,weak,above_chance,12,0.6565,0.5954,0.7481,0.8511,0.7741,0.8792,0.6565,0.8511
mobilenet_v2,all,minimal_searched,adaround_bc,searched,strong,all,5,0.2,0.0,0.4,0.3,-0.1,0.6,0.2,0.3
mobilenet_v2,all,minimal_searched,adaround_bc,searched,strong,above_chance,4,0.0,-0.3333,0.3333,0.2,-0.4,0.4,0.0,0.2
mobilenet_v2,all,minimal_searched,adaround_nobc,searched,strong,all,5,0.2,0.0,0.4,0.0,-0.1,0.4617,0.2,0.0
mobilenet_v2,all,minimal_searched,adaround_nobc,searched,strong,above_chance,5,0.2,0.0,0.4,0.0,-0.1,0.4617,0.2,0.0
mobilenet_v2,all,minimal_searched,v1_maxabs,searched,weak,all,23,0.6646,0.5442,0.7396,0.8402,0.7239,0.8863,0.6646,0.8402
mobilenet_v2,all,minimal_searched,v1_maxabs,searched,weak,above_chance,14,0.5922,0.4134,0.6667,0.7387,0.5286,0.8018,0.5922,0.7387
mobilenet_v2,all,minimal_searched,v1_percentile_99_9,searched,weak,all,23,0.7912,0.7053,0.8435,0.9154,0.871,0.9478,0.7912,0.9154
mobilenet_v2,all,minimal_searched,v1_percentile_99_9,searched,weak,above_chance,14,0.8,0.6667,0.8444,0.9075,0.8458,0.9251,0.8,0.9075
mobilenet_v2,all,adaround_bc,adaround_nobc,strong,strong,all,5,0.6,0.4,1.0,0.8,0.5,1.0,0.6,0.8
mobilenet_v2,all,adaround_bc,adaround_nobc,strong,strong,above_chance,5,0.6,0.4,1.0,0.8,0.5,1.0,0.6,0.8
mobilenet_v2,all,adaround_bc,v1_maxabs,strong,weak,all,5,0.3162,0.1054,0.3586,0.4617,0.1026,0.4617,0.3162,0.4617
mobilenet_v2,all,adaround_bc,v1_maxabs,strong,weak,above_chance,4,0.0,-0.3333,0.1826,0.2,-0.4,0.3162,0.0,0.2
mobilenet_v2,all,adaround_bc,v1_percentile_99_9,strong,weak,all,5,0.2,0.0,0.4,0.3,-0.1,0.4617,0.2,0.3
mobilenet_v2,all,adaround_bc,v1_percentile_99_9,strong,weak,above_chance,4,0.0,-0.3333,0.3333,0.2,-0.4,0.4,0.0,0.2
mobilenet_v2,all,adaround_nobc,v1_maxabs,strong,weak,all,5,0.3162,0.1054,0.5976,0.2052,0.1026,0.6708,0.3162,0.2052
mobilenet_v2,all,adaround_nobc,v1_maxabs,strong,weak,above_chance,5,0.3162,0.1054,0.5976,0.2052,0.1026,0.6708,0.3162,0.2052
mobilenet_v2,all,adaround_nobc,v1_percentile_99_9,strong,weak,all,5,0.2,0.0,0.527,0.0,-0.1,0.5643,0.2,0.0
mobilenet_v2,all,adaround_nobc,v1_percentile_99_9,strong,weak,above_chance,5,0.2,0.0,0.527,0.0,-0.1,0.5643,0.2,0.0
mobilenet_v2,all,v1_maxabs,v1_percentile_99_9,weak,weak,all,21,0.7609,0.5951,0.818,0.9012,0.7626,0.933,0.7609,0.9012
mobilenet_v2,all,v1_maxabs,v1_percentile_99_9,weak,weak,above_chance,11,0.6296,0.4815,0.7037,0.8356,0.6804,0.8558,0.6296,0.8356
mobilenet_v3_large,8,default,default_signed,strong,strong,all,7,0.8783,0.7807,0.9759,0.937,0.8469,0.991,0.8783,0.937
mobilenet_v3_large,8,default,default_signed,strong,strong,above_chance,7,0.8783,0.7807,0.9759,0.937,0.8469,0.991,0.8783,0.937
mobilenet_v3_large,8,default,default_no_bias_correction,strong,strong,all,7,0.7143,0.4286,0.9759,0.8571,0.5714,0.991,0.7143,0.8571
mobilenet_v3_large,8,default,default_no_bias_correction,strong,strong,above_chance,7,0.7143,0.4286,0.9759,0.8571,0.5714,0.991,0.7143,0.8571
mobilenet_v3_large,8,default,default_weight_maxabs,strong,strong,all,7,0.3333,0.0476,0.5238,0.2143,0.0,0.4643,0.3333,0.2143
mobilenet_v3_large,8,default,default_weight_maxabs,strong,strong,above_chance,7,0.3333,0.0476,0.5238,0.2143,0.0,0.4643,0.3333,0.2143
mobilenet_v3_large,8,default,cum3_act_mse,strong,other,all,7,0.0476,-0.1429,0.4286,0.0,-0.25,0.3929,0.0476,0.0
mobilenet_v3_large,8,default,cum3_act_mse,strong,other,above_chance,7,0.0476,-0.1429,0.4286,0.0,-0.25,0.3929,0.0476,0.0
mobilenet_v3_large,8,default,rank_signed_no_bias_correction,strong,other,all,7,0.7807,0.488,0.9759,0.9009,0.5946,0.991,0.7807,0.9009
mobilenet_v3_large,8,default,rank_signed_no_bias_correction,strong,other,above_chance,7,0.7807,0.488,0.9759,0.9009,0.5946,0.991,0.7807,0.9009
mobilenet_v3_large,8,default,rank_signed_weight_maxabs,strong,other,all,7,0.2928,0.05,0.488,0.1802,-0.036,0.4324,0.2928,0.1802
mobilenet_v3_large,8,default,rank_signed_weight_maxabs,strong,other,above_chance,7,0.2928,0.05,0.488,0.1802,-0.036,0.4324,0.2928,0.1802
mobilenet_v3_large,8,default,minimal,strong,other,all,7,0.0976,-0.1952,0.3904,0.036,-0.2342,0.3964,0.0976,0.036
mobilenet_v3_large,8,default,minimal,strong,other,above_chance,7,0.0976,-0.1952,0.3904,0.036,-0.2342,0.3964,0.0976,0.036
mobilenet_v3_large,8,default,default_unsigned,strong,strong,all,7,0.7143,0.4286,1.0,0.8571,0.5357,1.0,0.7143,0.8571
mobilenet_v3_large,8,default,default_unsigned,strong,strong,above_chance,7,0.7143,0.4286,1.0,0.8571,0.5357,1.0,0.7143,0.8571
mobilenet_v3_large,8,default,default_searched,strong,searched,all,7,1.0,0.7143,1.0,1.0,0.7857,1.0,1.0,1.0
mobilenet_v3_large,8,default,default_searched,strong,searched,above_chance,7,1.0,0.7143,1.0,1.0,0.7857,1.0,1.0,1.0
mobilenet_v3_large,8,default,default_no_bias_correction_searched,strong,searched,all,6,0.7333,0.3333,1.0,0.8286,0.4857,1.0,0.7333,0.8286
mobilenet_v3_large,8,default,default_no_bias_correction_searched,strong,searched,above_chance,6,0.7333,0.3333,1.0,0.8286,0.4857,1.0,0.7333,0.8286
mobilenet_v3_large,8,default,default_weight_maxabs_searched,strong,searched,all,6,0.2,-0.0667,0.4667,0.0857,-0.0857,0.4286,0.2,0.0857
mobilenet_v3_large,8,default,default_weight_maxabs_searched,strong,searched,above_chance,6,0.2,-0.0667,0.4667,0.0857,-0.0857,0.4286,0.2,0.0857
mobilenet_v3_large,8,default,minimal_searched,strong,searched,all,7,0.0976,-0.1952,0.3904,0.036,-0.2342,0.3964,0.0976,0.036
mobilenet_v3_large,8,default,minimal_searched,strong,searched,above_chance,7,0.0976,-0.1952,0.3904,0.036,-0.2342,0.3964,0.0976,0.036
mobilenet_v3_large,8,default,v1_maxabs,strong,weak,all,6,-0.276,-0.4667,0.0,-0.3479,-0.6,-0.058,-0.276,-0.3479
mobilenet_v3_large,8,default,v1_maxabs,strong,weak,above_chance,6,-0.276,-0.4667,0.0,-0.3479,-0.6,-0.058,-0.276,-0.3479
mobilenet_v3_large,8,default,v1_percentile_99_9,strong,weak,all,5,0.1054,-0.1054,0.3162,-0.0513,-0.2052,0.3078,0.1054,-0.0513
mobilenet_v3_large,8,default,v1_percentile_99_9,strong,weak,above_chance,5,0.1054,-0.1054,0.3162,-0.0513,-0.2052,0.3078,0.1054,-0.0513
mobilenet_v3_large,8,default_signed,default_no_bias_correction,strong,strong,all,7,0.6831,0.488,0.9759,0.8469,0.5946,0.991,0.6831,0.8469
mobilenet_v3_large,8,default_signed,default_no_bias_correction,strong,strong,above_chance,7,0.6831,0.488,0.9759,0.8469,0.5946,0.991,0.6831,0.8469
mobilenet_v3_large,8,default_signed,default_weight_maxabs,strong,strong,all,7,0.3904,0.0976,0.5855,0.2342,0.036,0.6307,0.3904,0.2342
mobilenet_v3_large,8,default_signed,default_weight_maxabs,strong,strong,above_chance,7,0.3904,0.0976,0.5855,0.2342,0.036,0.6307,0.3904,0.2342
mobilenet_v3_large,8,default_signed,cum3_act_mse,strong,other,all,7,0.1952,-0.0976,0.3904,0.1261,-0.1622,0.5225,0.1952,0.1261
mobilenet_v3_large,8,default_signed,cum3_act_mse,strong,other,above_chance,7,0.1952,-0.0976,0.3904,0.1261,-0.1622,0.5225,0.1952,0.1261
mobilenet_v3_large,8,default_signed,rank_signed_no_bias_correction,strong,other,all,7,0.7,0.5,1.0,0.8545,0.6,1.0,0.7,0.8545
mobilenet_v3_large,8,default_signed,rank_signed_no_bias_correction,strong,other,above_chance,7,0.7,0.5,1.0,0.8545,0.6,1.0,0.7,0.8545
mobilenet_v3_large,8,default_signed,rank_signed_weight_maxabs,strong,other,all,7,0.4,0.1,0.6,0.2364,0.0182,0.6364,0.4,0.2364
mobilenet_v3_large,8,default_signed,rank_signed_weight_maxabs,strong,other,above_chance,7,0.4,0.1,0.6,0.2364,0.0182,0.6364,0.4,0.2364
mobilenet_v3_large,8,default_signed,minimal,strong,other,all,7,0.2,-0.2,0.4,0.1273,-0.2364,0.5273,0.2,0.1273
mobilenet_v3_large,8,default_signed,minimal,strong,other,above_chance,7,0.2,-0.2,0.4,0.1273,-0.2364,0.5273,0.2,0.1273
mobilenet_v3_large,8,default_signed,default_unsigned,strong,strong,all,7,0.5855,0.3904,0.9759,0.7207,0.4505,0.991,0.5855,0.7207
mobilenet_v3_large,8,default_signed,default_unsigned,strong,strong,above_chance,7,0.5855,0.3904,0.9759,0.7207,0.4505,0.991,0.5855,0.7207
mobilenet_v3_large,8,default_signed,default_searched,strong,searched,all,7,0.8783,0.6325,0.9759,0.937,0.7207,0.991,0.8783,0.937
mobilenet_v3_large,8,default_signed,default_searched,strong,searched,above_chance,7,0.8783,0.6325,0.9759,0.937,0.7207,0.991,0.8783,0.937
mobilenet_v3_large,8,default_signed,default_no_bias_correction_searched,strong,searched,all,6,0.6901,0.414,0.9661,0.8117,0.5218,0.9856,0.6901,0.8117
mobilenet_v3_large,8,default_signed,default_no_bias_correction_searched,strong,searched,above_chance,6,0.6901,0.414,0.9661,0.8117,0.5218,0.9856,0.6901,0.8117
mobilenet_v3_large,8,default_signed,default_weight_maxabs_searched,strong,searched,all,6,0.276,0.0,0.5521,0.116,-0.058,0.6377,0.276,0.116
mobilenet_v3_large,8,default_signed,default_weight_maxabs_searched,strong,searched,above_chance,6,0.276,0.0,0.5521,0.116,-0.058,0.6377,0.276,0.116
mobilenet_v3_large,8,default_signed,minimal_searched,strong,searched,all,7,0.2,-0.2,0.4,0.1273,-0.2364,0.5273,0.2,0.1273
mobilenet_v3_large,8,default_signed,minimal_searched,strong,searched,above_chance,7,0.2,-0.2,0.4,0.1273,-0.2364,0.5273,0.2,0.1273
mobilenet_v3_large,8,default_signed,v1_maxabs,strong,weak,all,6,-0.414,-0.4667,-0.0667,-0.5508,-0.6,-0.1429,-0.414,-0.5508
mobilenet_v3_large,8,default_signed,v1_maxabs,strong,weak,above_chance,6,-0.414,-0.4667,-0.0667,-0.5508,-0.6,-0.1429,-0.414,-0.5508
mobilenet_v3_large,8,default_signed,v1_percentile_99_9,strong,weak,all,5,0.1111,0.1111,0.5556,-0.0526,-0.0526,0.6842,0.1111,-0.0526
mobilenet_v3_large,8,default_signed,v1_percentile_99_9,strong,weak,above_chance,5,0.1111,0.1111,0.5556,-0.0526,-0.0526,0.6842,0.1111,-0.0526
mobilenet_v3_large,8,default_no_bias_correction,default_weight_maxabs,strong,strong,all,7,0.0476,-0.1429,0.3333,0.0714,-0.1786,0.2143,0.0476,0.0714
mobilenet_v3_large,8,default_no_bias_correction,default_weight_maxabs,strong,strong,above_chance,7,0.0476,-0.1429,0.3333,0.0714,-0.1786,0.2143,0.0476,0.0714
mobilenet_v3_large,8,default_no_bias_correction,cum3_act_mse,strong,other,all,7,0.1429,-0.0976,0.2381,0.0357,-0.1071,0.1429,0.1429,0.0357
mobilenet_v3_large,8,default_no_bias_correction,cum3_act_mse,strong,other,above_chance,7,0.1429,-0.0976,0.2381,0.0357,-0.1071,0.1429,0.1429,0.0357
mobilenet_v3_large,8,default_no_bias_correction,rank_signed_no_bias_correction,strong,other,all,7,0.9759,0.8783,0.9759,0.991,0.937,0.991,0.9759,0.991
mobilenet_v3_large,8,default_no_bias_correction,rank_signed_no_bias_correction,strong,other,above_chance,7,0.9759,0.8783,0.9759,0.991,0.937,0.991,0.9759,0.991
mobilenet_v3_large,8,default_no_bias_correction,rank_signed_weight_maxabs,strong,other,all,7,0.0976,-0.0976,0.2928,0.0901,-0.1622,0.1982,0.0976,0.0901
mobilenet_v3_large,8,default_no_bias_correction,rank_signed_weight_maxabs,strong,other,above_chance,7,0.0976,-0.0976,0.2928,0.0901,-0.1622,0.1982,0.0976,0.0901
mobilenet_v3_large,8,default_no_bias_correction,minimal,strong,other,all,7,0.0976,-0.0976,0.2928,0.018,-0.0901,0.1802,0.0976,0.018
mobilenet_v3_large,8,default_no_bias_correction,minimal,strong,other,above_chance,7,0.0976,-0.0976,0.2928,0.018,-0.0901,0.1802,0.0976,0.018
mobilenet_v3_large,8,default_no_bias_correction,default_unsigned,strong,strong,all,7,0.8095,0.4286,1.0,0.8929,0.5357,1.0,0.8095,0.8929
mobilenet_v3_large,8,default_no_bias_correction,default_unsigned,strong,strong,above_chance,7,0.8095,0.4286,1.0,0.8929,0.5357,1.0,0.8095,0.8929
mobilenet_v3_large,8,default_no_bias_correction,default_searched,strong,searched,all,7,0.7143,0.3333,0.9048,0.8571,0.4643,0.9643,0.7143,0.8571
mobilenet_v3_large,8,default_no_bias_correction,default_searched,strong,searched,above_chance,7,0.7143,0.3333,0.9048,0.8571,0.4643,0.9643,0.7143,0.8571
mobilenet_v3_large,8,default_no_bias_correction,default_no_bias_correction_searched,strong,searched,all,6,1.0,1.0,1.0,1.0,1.0,1.0,1.0,1.0
mobilenet_v3_large,8,default_no_bias_correction,default_no_bias_correction_searched,strong,searched,above_chance,6,1.0,1.0,1.0,1.0,1.0,1.0,1.0,1.0
mobilenet_v3_large,8,default_no_bias_correction,default_weight_maxabs_searched,strong,searched,all,6,-0.0667,-0.3333,0.276,-0.0857,-0.3714,0.116,-0.0667,-0.0857
mobilenet_v3_large,8,default_no_bias_correction,default_weight_maxabs_searched,strong,searched,above_chance,6,-0.0667,-0.3333,0.276,-0.0857,-0.3714,0.116,-0.0667,-0.0857
mobilenet_v3_large,8,default_no_bias_correction,minimal_searched,strong,searched,all,7,0.0976,-0.0976,0.2928,0.018,-0.0901,0.1802,0.0976,0.018
mobilenet_v3_large,8,default_no_bias_correction,minimal_searched,strong,searched,above_chance,7,0.0976,-0.0976,0.2928,0.018,-0.0901,0.1802,0.0976,0.018
mobilenet_v3_large,8,default_no_bias_correction,v1_maxabs,strong,weak,all,6,-0.138,-0.2,0.0667,-0.2609,-0.3143,-0.0286,-0.138,-0.2609
mobilenet_v3_large,8,default_no_bias_correction,v1_maxabs,strong,weak,above_chance,6,-0.138,-0.2,0.0667,-0.2609,-0.3143,-0.0286,-0.138,-0.2609
mobilenet_v3_large,8,default_no_bias_correction,v1_percentile_99_9,strong,weak,all,5,0.1054,0.1054,0.1054,-0.0513,-0.0513,-0.0513,0.1054,-0.0513
mobilenet_v3_large,8,default_no_bias_correction,v1_percentile_99_9,strong,weak,above_chance,5,0.1054,0.1054,0.1054,-0.0513,-0.0513,-0.0513,0.1054,-0.0513
mobilenet_v3_large,8,default_weight_maxabs,cum3_act_mse,strong,other,all,7,0.7143,0.4286,0.9048,0.8571,0.5714,0.9643,0.7143,0.8571
mobilenet_v3_large,8,default_weight_maxabs,cum3_act_mse,strong,other,above_chance,6,0.6,0.2,0.8667,0.7714,0.3143,0.9429,0.6,0.7714
mobilenet_v3_large,8,default_weight_maxabs,rank_signed_no_bias_correction,strong,other,all,7,0.0976,-0.0976,0.2928,0.0901,-0.1622,0.1982,0.0976,0.0901
mobilenet_v3_large,8,default_weight_maxabs,rank_signed_no_bias_correction,strong,other,above_chance,7,0.0976,-0.0976,0.2928,0.0901,-0.1622,0.1982,0.0976,0.0901
mobilenet_v3_large,8,default_weight_maxabs,rank_signed_weight_maxabs,strong,other,all,7,0.9759,0.8783,0.9759,0.991,0.937,0.991,0.9759,0.991
mobilenet_v3_large,8,default_weight_maxabs,rank_signed_weight_maxabs,strong,other,above_chance,6,0.9661,0.8281,0.9661,0.9856,0.8986,0.9856,0.9661,0.9856
mobilenet_v3_large,8,default_weight_maxabs,minimal,strong,other,all,7,0.7807,0.3904,0.8783,0.8829,0.5225,0.955,0.7807,0.8829
mobilenet_v3_large,8,default_weight_maxabs,minimal,strong,other,above_chance,6,0.6901,0.138,0.8281,0.8117,0.2319,0.9276,0.6901,0.8117
mobilenet_v3_large,8,default_weight_maxabs,default_unsigned,strong,strong,all,7,0.0476,-0.2381,0.3333,0.0,-0.3214,0.25,0.0476,0.0
mobilenet_v3_large,8,default_weight_maxabs,default_unsigned,strong,strong,above_chance,7,0.0476,-0.2381,0.3333,0.0,-0.3214,0.25,0.0476,0.0
mobilenet_v3_large,8,default_weight_maxabs,default_searched,strong,searched,all,7,0.3333,-0.0476,0.5238,0.2143,-0.0714,0.4643,0.3333,0.2143
mobilenet_v3_large,8,default_weight_maxabs,default_searched,strong,searched,above_chance,7,0.3333,-0.0476,0.5238,0.2143,-0.0714,0.4643,0.3333,0.2143
mobilenet_v3_large,8,default_weight_maxabs,default_no_bias_correction_searched,strong,searched,all,6,-0.0667,-0.3333,0.276,-0.0857,-0.3714,0.116,-0.0667,-0.0857
mobilenet_v3_large,8,default_weight_maxabs,default_no_bias_correction_searched,strong,searched,above_chance,6,-0.0667,-0.3333,0.276,-0.0857,-0.3714,0.116,-0.0667,-0.0857
mobilenet_v3_large,8,default_weight_maxabs,default_weight_maxabs_searched,strong,searched,all,6,1.0,1.0,1.0,1.0,1.0,1.0,1.0,1.0
mobilenet_v3_large,8,default_weight_maxabs,default_weight_maxabs_searched,strong,searched,above_chance,5,1.0,1.0,1.0,1.0,1.0,1.0,1.0,1.0
mobilenet_v3_large,8,default_weight_maxabs,minimal_searched,strong,searched,all,7,0.7807,0.3904,0.8783,0.8829,0.5225,0.955,0.7807,0.8829
mobilenet_v3_large,8,default_weight_maxabs,minimal_searched,strong,searched,above_chance,6,0.6901,0.138,0.8281,0.8117,0.2319,0.9276,0.6901,0.8117
mobilenet_v3_large,8,default_weight_maxabs,v1_maxabs,strong,weak,all,6,0.276,0.2,0.4667,0.3189,0.2571,0.6,0.276,0.3189
mobilenet_v3_large,8,default_weight_maxabs,v1_maxabs,strong,weak,above_chance,5,-0.1054,-0.2,0.2,-0.2052,-0.3,0.3,-0.1054,-0.2052
mobilenet_v3_large,8,default_weight_maxabs,v1_percentile_99_9,strong,weak,all,5,0.9487,0.9487,0.9487,0.9747,0.9747,0.9747,0.9487,0.9747
mobilenet_v3_large,8,default_weight_maxabs,v1_percentile_99_9,strong,weak,above_chance,4,0.9129,0.9129,0.9129,0.9487,0.9487,0.9487,0.9129,0.9487
mobilenet_v3_large,8,cum3_act_mse,rank_signed_no_bias_correction,other,other,all,7,0.0976,-0.0976,0.1952,0.018,-0.0901,0.1261,0.0976,0.018
mobilenet_v3_large,8,cum3_act_mse,rank_signed_no_bias_correction,other,other,above_chance,7,0.0976,-0.0976,0.1952,0.018,-0.0901,0.1261,0.0976,0.018
mobilenet_v3_large,8,cum3_act_mse,rank_signed_weight_maxabs,other,other,all,7,0.7807,0.488,0.8783,0.8829,0.6126,0.955,0.7807,0.8829
mobilenet_v3_large,8,cum3_act_mse,rank_signed_weight_maxabs,other,other,above_chance,6,0.6901,0.276,0.8281,0.8117,0.3769,0.9276,0.6901,0.8117
mobilenet_v3_large,8,cum3_act_mse,minimal,other,other,all,7,0.9759,0.7807,0.9759,0.991,0.8469,0.991,0.9759,0.991
mobilenet_v3_large,8,cum3_act_mse,minimal,other,other,above_chance,6,0.9661,0.6901,0.9661,0.9856,0.7537,0.9856,0.9661,0.9856
mobilenet_v3_large,8,cum3_act_mse,default_unsigned,other,strong,all,7,-0.0476,-0.4286,0.3333,-0.0714,-0.4286,0.2143,-0.0476,-0.0714
mobilenet_v3_large,8,cum3_act_mse,default_unsigned,other,strong,above_chance,7,-0.0476,-0.4286,0.3333,-0.0714,-0.4286,0.2143,-0.0476,-0.0714
mobilenet_v3_large,8,cum3_act_mse,default_searched,other,searched,all,7,0.0476,-0.3333,0.3333,0.0,-0.3571,0.3571,0.0476,0.0
mobilenet_v3_large,8,cum3_act_mse,default_searched,other,searched,above_chance,7,0.0476,-0.3333,0.3333,0.0,-0.3571,0.3571,0.0476,0.0
mobilenet_v3_large,8,cum3_act_mse,default_no_bias_correction_searched,other,searched,all,6,-0.0667,-0.3333,0.0667,-0.2,-0.3714,-0.0286,-0.0667,-0.2
mobilenet_v3_large,8,cum3_act_mse,default_no_bias_correction_searched,other,searched,above_chance,6,-0.0667,-0.3333,0.0667,-0.2,-0.3714,-0.0286,-0.0667,-0.2
mobilenet_v3_large,8,cum3_act_mse,default_weight_maxabs_searched,other,searched,all,6,0.7333,0.3333,0.8683,0.8857,0.4857,0.9436,0.7333,0.8857
mobilenet_v3_large,8,cum3_act_mse,default_weight_maxabs_searched,other,searched,above_chance,5,0.6,0.0,0.8024,0.8,0.1,0.9012,0.6,0.8
mobilenet_v3_large,8,cum3_act_mse,minimal_searched,other,searched,all,7,0.9759,0.7807,0.9759,0.991,0.8469,0.991,0.9759,0.991
mobilenet_v3_large,8,cum3_act_mse,minimal_searched,other,searched,above_chance,6,0.9661,0.6901,0.9661,0.9856,0.7537,0.9856,0.9661,0.9856
mobilenet_v3_large,8,cum3_act_mse,v1_maxabs,other,weak,all,6,0.414,0.3333,0.4667,0.4058,0.3714,0.4286,0.414,0.4058
mobilenet_v3_large,8,cum3_act_mse,v1_maxabs,other,weak,above_chance,5,0.1054,0.0,0.2,-0.0513,-0.1,0.0,0.1054,-0.0513
mobilenet_v3_large,8,cum3_act_mse,v1_percentile_99_9,other,weak,all,5,0.9487,0.9487,0.9487,0.9747,0.9747,0.9747,0.9487,0.9747
mobilenet_v3_large,8,cum3_act_mse,v1_percentile_99_9,other,weak,above_chance,4,0.9129,0.9129,0.9129,0.9487,0.9487,0.9487,0.9129,0.9487
mobilenet_v3_large,8,rank_signed_no_bias_correction,rank_signed_weight_maxabs,other,other,all,7,0.1,-0.1,0.3,0.0909,-0.1636,0.2,0.1,0.0909
mobilenet_v3_large,8,rank_signed_no_bias_correction,rank_signed_weight_maxabs,other,other,above_chance,7,0.1,-0.1,0.3,0.0909,-0.1636,0.2,0.1,0.0909
mobilenet_v3_large,8,rank_signed_no_bias_correction,minimal,other,other,all,7,0.1,-0.1,0.3,0.0182,-0.0909,0.2,0.1,0.0182
mobilenet_v3_large,8,rank_signed_no_bias_correction,minimal,other,other,above_chance,7,0.1,-0.1,0.3,0.0182,-0.0909,0.2,0.1,0.0182
mobilenet_v3_large,8,rank_signed_no_bias_correction,default_unsigned,other,strong,all,7,0.8783,0.488,0.9759,0.937,0.5766,0.991,0.8783,0.937
mobilenet_v3_large,8,rank_signed_no_bias_correction,default_unsigned,other,strong,above_chance,7,0.8783,0.488,0.9759,0.937,0.5766,0.991,0.8783,0.937
mobilenet_v3_large,8,rank_signed_no_bias_correction,default_searched,other,searched,all,7,0.7807,0.3904,0.8783,0.9009,0.4505,0.955,0.7807,0.9009
mobilenet_v3_large,8,rank_signed_no_bias_correction,default_searched,other,searched,above_chance,7,0.7807,0.3904,0.8783,0.9009,0.4505,0.955,0.7807,0.9009
mobilenet_v3_large,8,rank_signed_no_bias_correction,default_no_bias_correction_searched,other,searched,all,6,0.9661,0.8281,0.9661,0.9856,0.8986,0.9856,0.9661,0.9856
mobilenet_v3_large,8,rank_signed_no_bias_correction,default_no_bias_correction_searched,other,searched,above_chance,6,0.9661,0.8281,0.9661,0.9856,0.8986,0.9856,0.9661,0.9856
mobilenet_v3_large,8,rank_signed_no_bias_correction,default_weight_maxabs_searched,other,searched,all,6,0.0,-0.276,0.276,-0.058,-0.3479,0.116,0.0,-0.058
mobilenet_v3_large,8,rank_signed_no_bias_correction,default_weight_maxabs_searched,other,searched,above_chance,6,0.0,-0.276,0.276,-0.058,-0.3479,0.116,0.0,-0.058
mobilenet_v3_large,8,rank_signed_no_bias_correction,minimal_searched,other,searched,all,7,0.1,-0.1,0.3,0.0182,-0.0909,0.2,0.1,0.0182
mobilenet_v3_large,8,rank_signed_no_bias_correction,minimal_searched,other,searched,above_chance,7,0.1,-0.1,0.3,0.0182,-0.0909,0.2,0.1,0.0182
mobilenet_v3_large,8,rank_signed_no_bias_correction,v1_maxabs,other,weak,all,6,-0.138,-0.2,0.0667,-0.2609,-0.3143,-0.0286,-0.138,-0.2609
mobilenet_v3_large,8,rank_signed_no_bias_correction,v1_maxabs,other,weak,above_chance,6,-0.138,-0.2,0.0667,-0.2609,-0.3143,-0.0286,-0.138,-0.2609
mobilenet_v3_large,8,rank_signed_no_bias_correction,v1_percentile_99_9,other,weak,all,5,0.1111,0.1111,0.1111,-0.0526,-0.0526,-0.0526,0.1111,-0.0526
mobilenet_v3_large,8,rank_signed_no_bias_correction,v1_percentile_99_9,other,weak,above_chance,5,0.1111,0.1111,0.1111,-0.0526,-0.0526,-0.0526,0.1111,-0.0526
mobilenet_v3_large,8,rank_signed_weight_maxabs,minimal,other,other,all,7,0.8,0.4,0.9,0.8909,0.5273,0.9636,0.8,0.8909
mobilenet_v3_large,8,rank_signed_weight_maxabs,minimal,other,other,above_chance,6,0.7143,0.1429,0.8571,0.8235,0.2353,0.9412,0.7143,0.8235
mobilenet_v3_large,8,rank_signed_weight_maxabs,default_unsigned,other,strong,all,7,0.0,-0.2928,0.3904,-0.036,-0.3424,0.2342,0.0,-0.036
mobilenet_v3_large,8,rank_signed_weight_maxabs,default_unsigned,other,strong,above_chance,7,0.0,-0.2928,0.3904,-0.036,-0.3424,0.2342,0.0,-0.036
mobilenet_v3_large,8,rank_signed_weight_maxabs,default_searched,other,searched,all,7,0.2928,-0.0976,0.488,0.1802,-0.0901,0.4324,0.2928,0.1802
mobilenet_v3_large,8,rank_signed_weight_maxabs,default_searched,other,searched,above_chance,7,0.2928,-0.0976,0.488,0.1802,-0.0901,0.4324,0.2928,0.1802
mobilenet_v3_large,8,rank_signed_weight_maxabs,default_no_bias_correction_searched,other,searched,all,6,0.0,-0.276,0.276,-0.058,-0.3479,0.116,0.0,-0.058
mobilenet_v3_large,8,rank_signed_weight_maxabs,default_no_bias_correction_searched,other,searched,above_chance,6,0.0,-0.276,0.276,-0.058,-0.3479,0.116,0.0,-0.058
mobilenet_v3_large,8,rank_signed_weight_maxabs,default_weight_maxabs_searched,other,searched,all,6,0.9661,0.8281,0.9661,0.9856,0.8986,0.9856,0.9661,0.9856
mobilenet_v3_large,8,rank_signed_weight_maxabs,default_weight_maxabs_searched,other,searched,above_chance,5,0.9487,0.7379,0.9487,0.9747,0.8208,0.9747,0.9487,0.9747
mobilenet_v3_large,8,rank_signed_weight_maxabs,minimal_searched,other,searched,all,7,0.8,0.4,0.9,0.8909,0.5273,0.9636,0.8,0.8909
mobilenet_v3_large,8,rank_signed_weight_maxabs,minimal_searched,other,searched,above_chance,6,0.7143,0.1429,0.8571,0.8235,0.2353,0.9412,0.7143,0.8235
mobilenet_v3_large,8,rank_signed_weight_maxabs,v1_maxabs,other,weak,all,6,0.276,0.2,0.4667,0.3189,0.2571,0.6,0.276,0.3189
mobilenet_v3_large,8,rank_signed_weight_maxabs,v1_maxabs,other,weak,above_chance,5,-0.1054,-0.2,0.2,-0.2052,-0.3,0.3,-0.1054,-0.2052
mobilenet_v3_large,8,rank_signed_weight_maxabs,v1_percentile_99_9,other,weak,all,5,1.0,1.0,1.0,1.0,1.0,1.0,1.0,1.0
mobilenet_v3_large,8,rank_signed_weight_maxabs,v1_percentile_99_9,other,weak,above_chance,4,1.0,1.0,1.0,1.0,1.0,1.0,1.0,1.0
mobilenet_v3_large,8,minimal,default_unsigned,other,strong,all,7,0.0,-0.3904,0.2928,-0.036,-0.4144,0.1982,0.0,-0.036
mobilenet_v3_large,8,minimal,default_unsigned,other,strong,above_chance,7,0.0,-0.3904,0.2928,-0.036,-0.4144,0.1982,0.0,-0.036
mobilenet_v3_large,8,minimal,default_searched,other,searched,all,7,0.0976,-0.2928,0.3904,0.036,-0.3604,0.3424,0.0976,0.036
mobilenet_v3_large,8,minimal,default_searched,other,searched,above_chance,7,0.0976,-0.2928,0.3904,0.036,-0.3604,0.3424,0.0976,0.036
mobilenet_v3_large,8,minimal,default_no_bias_correction_searched,other,searched,all,6,-0.138,-0.414,0.138,-0.2319,-0.4058,0.029,-0.138,-0.2319
mobilenet_v3_large,8,minimal,default_no_bias_correction_searched,other,searched,above_chance,6,-0.138,-0.414,0.138,-0.2319,-0.4058,0.029,-0.138,-0.2319
mobilenet_v3_large,8,minimal,default_weight_maxabs_searched,other,searched,all,6,0.8281,0.276,0.9661,0.9276,0.4638,0.9856,0.8281,0.9276
mobilenet_v3_large,8,minimal,default_weight_maxabs_searched,other,searched,above_chance,5,0.7379,-0.1054,0.9487,0.8721,0.0513,0.9747,0.7379,0.8721
mobilenet_v3_large,8,minimal,minimal_searched,other,searched,all,7,1.0,1.0,1.0,1.0,1.0,1.0,1.0,1.0
mobilenet_v3_large,8,minimal,minimal_searched,other,searched,above_chance,6,1.0,1.0,1.0,1.0,1.0,1.0,1.0,1.0
mobilenet_v3_large,8,minimal,v1_maxabs,other,weak,all,6,0.414,0.3333,0.6,0.4058,0.3714,0.7714,0.414,0.4058
mobilenet_v3_large,8,minimal,v1_maxabs,other,weak,above_chance,5,0.1054,0.0,0.4,-0.0513,-0.1,0.6,0.1054,-0.0513
mobilenet_v3_large,8,minimal,v1_percentile_99_9,other,weak,all,5,1.0,1.0,1.0,1.0,1.0,1.0,1.0,1.0
mobilenet_v3_large,8,minimal,v1_percentile_99_9,other,weak,above_chance,4,1.0,1.0,1.0,1.0,1.0,1.0,1.0,1.0
mobilenet_v3_large,8,default_unsigned,default_searched,strong,searched,all,7,0.7143,0.4286,1.0,0.8571,0.5357,1.0,0.7143,0.8571
mobilenet_v3_large,8,default_unsigned,default_searched,strong,searched,above_chance,7,0.7143,0.4286,1.0,0.8571,0.5357,1.0,0.7143,0.8571
mobilenet_v3_large,8,default_unsigned,default_no_bias_correction_searched,strong,searched,all,6,0.7333,0.414,1.0,0.8286,0.5423,1.0,0.7333,0.8286
mobilenet_v3_large,8,default_unsigned,default_no_bias_correction_searched,strong,searched,above_chance,6,0.7333,0.414,1.0,0.8286,0.5423,1.0,0.7333,0.8286
mobilenet_v3_large,8,default_unsigned,default_weight_maxabs_searched,strong,searched,all,6,-0.0667,-0.3333,0.3333,-0.1429,-0.3714,0.1429,-0.0667,-0.1429
mobilenet_v3_large,8,default_unsigned,default_weight_maxabs_searched,strong,searched,above_chance,6,-0.0667,-0.3333,0.3333,-0.1429,-0.3714,0.1429,-0.0667,-0.1429
mobilenet_v3_large,8,default_unsigned,minimal_searched,strong,searched,all,7,0.0,-0.3904,0.2928,-0.036,-0.4144,0.1982,0.0,-0.036
mobilenet_v3_large,8,default_unsigned,minimal_searched,strong,searched,above_chance,7,0.0,-0.3904,0.2928,-0.036,-0.4144,0.1982,0.0,-0.036
mobilenet_v3_large,8,default_unsigned,v1_maxabs,strong,weak,all,6,0.0,-0.4667,0.2,-0.058,-0.5429,0.0857,0.0,-0.058
mobilenet_v3_large,8,default_unsigned,v1_maxabs,strong,weak,above_chance,6,0.0,-0.4667,0.2,-0.058,-0.5429,0.0857,0.0,-0.058
mobilenet_v3_large,8,default_unsigned,v1_percentile_99_9,strong,weak,all,5,0.1054,-0.3162,0.1054,-0.0513,-0.3591,-0.0513,0.1054,-0.0513
mobilenet_v3_large,8,default_unsigned,v1_percentile_99_9,strong,weak,above_chance,5,0.1054,-0.3162,0.1054,-0.0513,-0.3591,-0.0513,0.1054,-0.0513
mobilenet_v3_large,8,default_searched,default_no_bias_correction_searched,searched,searched,all,6,0.7333,0.3333,1.0,0.8286,0.4857,1.0,0.7333,0.8286
mobilenet_v3_large,8,default_searched,default_no_bias_correction_searched,searched,searched,above_chance,6,0.7333,0.3333,1.0,0.8286,0.4857,1.0,0.7333,0.8286
mobilenet_v3_large,8,default_searched,default_weight_maxabs_searched,searched,searched,all,6,0.2,-0.0667,0.4667,0.0857,-0.0857,0.4286,0.2,0.0857
mobilenet_v3_large,8,default_searched,default_weight_maxabs_searched,searched,searched,above_chance,6,0.2,-0.0667,0.4667,0.0857,-0.0857,0.4286,0.2,0.0857
mobilenet_v3_large,8,default_searched,minimal_searched,searched,searched,all,7,0.0976,-0.2928,0.3904,0.036,-0.3604,0.3424,0.0976,0.036
mobilenet_v3_large,8,default_searched,minimal_searched,searched,searched,above_chance,7,0.0976,-0.2928,0.3904,0.036,-0.3604,0.3424,0.0976,0.036
mobilenet_v3_large,8,default_searched,v1_maxabs,searched,weak,all,6,-0.276,-0.6,-0.0667,-0.3479,-0.6571,-0.0857,-0.276,-0.3479
mobilenet_v3_large,8,default_searched,v1_maxabs,searched,weak,above_chance,6,-0.276,-0.6,-0.0667,-0.3479,-0.6571,-0.0857,-0.276,-0.3479
mobilenet_v3_large,8,default_searched,v1_percentile_99_9,searched,weak,all,5,0.1054,-0.3162,0.3162,-0.0513,-0.3591,0.3078,0.1054,-0.0513
mobilenet_v3_large,8,default_searched,v1_percentile_99_9,searched,weak,above_chance,5,0.1054,-0.3162,0.3162,-0.0513,-0.3591,0.3078,0.1054,-0.0513
mobilenet_v3_large,8,default_no_bias_correction_searched,default_weight_maxabs_searched,searched,searched,all,6,-0.0667,-0.3333,0.276,-0.0857,-0.3714,0.116,-0.0667,-0.0857
mobilenet_v3_large,8,default_no_bias_correction_searched,default_weight_maxabs_searched,searched,searched,above_chance,6,-0.0667,-0.3333,0.276,-0.0857,-0.3714,0.116,-0.0667,-0.0857
mobilenet_v3_large,8,default_no_bias_correction_searched,minimal_searched,searched,searched,all,6,-0.138,-0.414,0.138,-0.2319,-0.4058,0.029,-0.138,-0.2319
mobilenet_v3_large,8,default_no_bias_correction_searched,minimal_searched,searched,searched,above_chance,6,-0.138,-0.414,0.138,-0.2319,-0.4058,0.029,-0.138,-0.2319
mobilenet_v3_large,8,default_no_bias_correction_searched,v1_maxabs,searched,weak,all,5,-0.3162,-0.4,0.0,-0.4104,-0.5,-0.1,-0.3162,-0.4104
mobilenet_v3_large,8,default_no_bias_correction_searched,v1_maxabs,searched,weak,above_chance,5,-0.3162,-0.4,0.0,-0.4104,-0.5,-0.1,-0.3162,-0.4104
mobilenet_v3_large,8,default_no_bias_correction_searched,v1_percentile_99_9,searched,weak,all,4,-0.1826,-0.1826,-0.1826,-0.3162,-0.3162,-0.3162,-0.1826,-0.3162
mobilenet_v3_large,8,default_no_bias_correction_searched,v1_percentile_99_9,searched,weak,above_chance,4,-0.1826,-0.1826,-0.1826,-0.3162,-0.3162,-0.3162,-0.1826,-0.3162
mobilenet_v3_large,8,default_weight_maxabs_searched,minimal_searched,searched,searched,all,6,0.8281,0.276,0.9661,0.9276,0.4638,0.9856,0.8281,0.9276
mobilenet_v3_large,8,default_weight_maxabs_searched,minimal_searched,searched,searched,above_chance,5,0.7379,-0.1054,0.9487,0.8721,0.0513,0.9747,0.7379,0.8721
mobilenet_v3_large,8,default_weight_maxabs_searched,v1_maxabs,searched,weak,all,5,0.3162,0.2,0.6,0.3591,0.3,0.7,0.3162,0.3591
mobilenet_v3_large,8,default_weight_maxabs_searched,v1_maxabs,searched,weak,above_chance,4,-0.1826,-0.3333,0.3333,-0.3162,-0.4,0.4,-0.1826,-0.3162
mobilenet_v3_large,8,default_weight_maxabs_searched,v1_percentile_99_9,searched,weak,all,4,0.9129,0.9129,0.9129,0.9487,0.9487,0.9487,0.9129,0.9487
mobilenet_v3_large,8,default_weight_maxabs_searched,v1_percentile_99_9,searched,weak,above_chance,3,0.8165,0.8165,0.8165,0.866,0.866,0.866,0.8165,0.866
mobilenet_v3_large,8,minimal_searched,v1_maxabs,searched,weak,all,6,0.414,0.3333,0.6,0.4058,0.3714,0.7714,0.414,0.4058
mobilenet_v3_large,8,minimal_searched,v1_maxabs,searched,weak,above_chance,5,0.1054,0.0,0.4,-0.0513,-0.1,0.6,0.1054,-0.0513
mobilenet_v3_large,8,minimal_searched,v1_percentile_99_9,searched,weak,all,5,1.0,1.0,1.0,1.0,1.0,1.0,1.0,1.0
mobilenet_v3_large,8,minimal_searched,v1_percentile_99_9,searched,weak,above_chance,4,1.0,1.0,1.0,1.0,1.0,1.0,1.0,1.0
mobilenet_v3_large,8,v1_maxabs,v1_percentile_99_9,weak,weak,all,4,0.3333,0.3333,0.3333,0.4,0.4,0.4,0.3333,0.4
mobilenet_v3_large,8,v1_maxabs,v1_percentile_99_9,weak,weak,above_chance,3,-0.3333,-0.3333,-0.3333,-0.5,-0.5,-0.5,-0.3333,-0.5
mobilenet_v3_large,6,default,default_signed,strong,strong,all,7,1.0,1.0,1.0,1.0,1.0,1.0,1.0,1.0
mobilenet_v3_large,6,default,default_signed,strong,strong,above_chance,7,1.0,1.0,1.0,1.0,1.0,1.0,1.0,1.0
mobilenet_v3_large,6,default,default_no_bias_correction,strong,strong,all,7,0.0476,-0.0476,0.2381,0.0714,0.0357,0.3214,0.0476,0.0714
mobilenet_v3_large,6,default,default_no_bias_correction,strong,strong,above_chance,7,0.0476,-0.0476,0.2381,0.0714,0.0357,0.3214,0.0476,0.0714
mobilenet_v3_large,6,default,default_weight_maxabs,strong,strong,all,7,0.8095,0.7143,0.9048,0.9286,0.8214,0.9643,0.8095,0.9286
mobilenet_v3_large,6,default,default_weight_maxabs,strong,strong,above_chance,7,0.8095,0.7143,0.9048,0.9286,0.8214,0.9643,0.8095,0.9286
mobilenet_v3_large,6,default,cum3_act_mse,strong,other,all,7,0.4286,0.2381,0.5238,0.6429,0.3214,0.7143,0.4286,0.6429
mobilenet_v3_large,6,default,cum3_act_mse,strong,other,above_chance,7,0.4286,0.2381,0.5238,0.6429,0.3214,0.7143,0.4286,0.6429
mobilenet_v3_large,6,default,rank_signed_no_bias_correction,strong,other,all,7,0.0476,-0.0476,0.2381,0.0714,0.0357,0.3214,0.0476,0.0714
mobilenet_v3_large,6,default,rank_signed_no_bias_correction,strong,other,above_chance,7,0.0476,-0.0476,0.2381,0.0714,0.0357,0.3214,0.0476,0.0714
mobilenet_v3_large,6,default,rank_signed_weight_maxabs,strong,other,all,7,0.8095,0.7143,0.9048,0.9286,0.8214,0.9643,0.8095,0.9286
mobilenet_v3_large,6,default,rank_signed_weight_maxabs,strong,other,above_chance,7,0.8095,0.7143,0.9048,0.9286,0.8214,0.9643,0.8095,0.9286
mobilenet_v3_large,6,default,minimal,strong,other,all,7,0.4286,0.2381,0.5238,0.6429,0.3214,0.7143,0.4286,0.6429
mobilenet_v3_large,6,default,minimal,strong,other,above_chance,7,0.4286,0.2381,0.5238,0.6429,0.3214,0.7143,0.4286,0.6429
mobilenet_v3_large,6,default,default_unsigned,strong,strong,all,7,0.4286,0.2381,0.5238,0.5714,0.3929,0.6786,0.4286,0.5714
mobilenet_v3_large,6,default,default_unsigned,strong,strong,above_chance,7,0.4286,0.2381,0.5238,0.5714,0.3929,0.6786,0.4286,0.5714
mobilenet_v3_large,6,default,default_searched,strong,searched,all,7,0.9048,0.7143,1.0,0.9643,0.8571,1.0,0.9048,0.9643
mobilenet_v3_large,6,default,default_searched,strong,searched,above_chance,7,0.9048,0.7143,1.0,0.9643,0.8571,1.0,0.9048,0.9643
mobilenet_v3_large,6,default,default_no_bias_correction_searched,strong,searched,all,5,0.2,0.0,0.2,0.2,0.1,0.2,0.2,0.2
mobilenet_v3_large,6,default,default_no_bias_correction_searched,strong,searched,above_chance,5,0.2,0.0,0.2,0.2,0.1,0.2,0.2,0.2
mobilenet_v3_large,6,default,default_weight_maxabs_searched,strong,searched,all,5,0.8,0.6,0.8,0.9,0.7,0.9,0.8,0.9
mobilenet_v3_large,6,default,default_weight_maxabs_searched,strong,searched,above_chance,5,0.8,0.6,0.8,0.9,0.7,0.9,0.8,0.9
mobilenet_v3_large,6,default,minimal_searched,strong,searched,all,7,0.4286,0.3333,0.619,0.6429,0.4643,0.7857,0.4286,0.6429
mobilenet_v3_large,6,default,minimal_searched,strong,searched,above_chance,7,0.4286,0.3333,0.619,0.6429,0.4643,0.7857,0.4286,0.6429
mobilenet_v3_large,6,default,v1_maxabs,strong,weak,all,7,0.1952,0.0476,0.4286,0.2162,0.0714,0.5357,0.1952,0.2162
mobilenet_v3_large,6,default,v1_maxabs,strong,weak,above_chance,7,0.1952,0.0476,0.4286,0.2162,0.0714,0.5357,0.1952,0.2162
mobilenet_v3_large,6,default,v1_percentile_99_9,strong,weak,all,7,0.5238,0.4286,0.7143,0.7857,0.6429,0.8571,0.5238,0.7857
mobilenet_v3_large,6,default,v1_percentile_99_9,strong,weak,above_chance,7,0.5238,0.4286,0.7143,0.7857,0.6429,0.8571,0.5238,0.7857
mobilenet_v3_large,6,default_signed,default_no_bias_correction,strong,strong,all,7,0.0476,-0.0476,0.2381,0.0714,0.0357,0.3214,0.0476,0.0714
mobilenet_v3_large,6,default_signed,default_no_bias_correction,strong,strong,above_chance,7,0.0476,-0.0476,0.2381,0.0714,0.0357,0.3214,0.0476,0.0714
mobilenet_v3_large,6,default_signed,default_weight_maxabs,strong,strong,all,7,0.8095,0.7143,0.9048,0.9286,0.8214,0.9643,0.8095,0.9286
mobilenet_v3_large,6,default_signed,default_weight_maxabs,strong,strong,above_chance,7,0.8095,0.7143,0.9048,0.9286,0.8214,0.9643,0.8095,0.9286
mobilenet_v3_large,6,default_signed,cum3_act_mse,strong,other,all,7,0.4286,0.2381,0.5238,0.6429,0.3214,0.7143,0.4286,0.6429
mobilenet_v3_large,6,default_signed,cum3_act_mse,strong,other,above_chance,7,0.4286,0.2381,0.5238,0.6429,0.3214,0.7143,0.4286,0.6429
mobilenet_v3_large,6,default_signed,rank_signed_no_bias_correction,strong,other,all,7,0.0476,-0.0476,0.2381,0.0714,0.0357,0.3214,0.0476,0.0714
mobilenet_v3_large,6,default_signed,rank_signed_no_bias_correction,strong,other,above_chance,7,0.0476,-0.0476,0.2381,0.0714,0.0357,0.3214,0.0476,0.0714
mobilenet_v3_large,6,default_signed,rank_signed_weight_maxabs,strong,other,all,7,0.8095,0.7143,0.9048,0.9286,0.8214,0.9643,0.8095,0.9286
mobilenet_v3_large,6,default_signed,rank_signed_weight_maxabs,strong,other,above_chance,7,0.8095,0.7143,0.9048,0.9286,0.8214,0.9643,0.8095,0.9286
mobilenet_v3_large,6,default_signed,minimal,strong,other,all,7,0.4286,0.2381,0.5238,0.6429,0.3214,0.7143,0.4286,0.6429
mobilenet_v3_large,6,default_signed,minimal,strong,other,above_chance,7,0.4286,0.2381,0.5238,0.6429,0.3214,0.7143,0.4286,0.6429
mobilenet_v3_large,6,default_signed,default_unsigned,strong,strong,all,7,0.4286,0.2381,0.5238,0.5714,0.3929,0.6786,0.4286,0.5714
mobilenet_v3_large,6,default_signed,default_unsigned,strong,strong,above_chance,7,0.4286,0.2381,0.5238,0.5714,0.3929,0.6786,0.4286,0.5714
mobilenet_v3_large,6,default_signed,default_searched,strong,searched,all,7,0.9048,0.7143,1.0,0.9643,0.8571,1.0,0.9048,0.9643
mobilenet_v3_large,6,default_signed,default_searched,strong,searched,above_chance,7,0.9048,0.7143,1.0,0.9643,0.8571,1.0,0.9048,0.9643
mobilenet_v3_large,6,default_signed,default_no_bias_correction_searched,strong,searched,all,5,0.2,0.0,0.2,0.2,0.1,0.2,0.2,0.2
mobilenet_v3_large,6,default_signed,default_no_bias_correction_searched,strong,searched,above_chance,5,0.2,0.0,0.2,0.2,0.1,0.2,0.2,0.2
mobilenet_v3_large,6,default_signed,default_weight_maxabs_searched,strong,searched,all,5,0.8,0.6,0.8,0.9,0.7,0.9,0.8,0.9
mobilenet_v3_large,6,default_signed,default_weight_maxabs_searched,strong,searched,above_chance,5,0.8,0.6,0.8,0.9,0.7,0.9,0.8,0.9
mobilenet_v3_large,6,default_signed,minimal_searched,strong,searched,all,7,0.4286,0.3333,0.619,0.6429,0.4643,0.7857,0.4286,0.6429
mobilenet_v3_large,6,default_signed,minimal_searched,strong,searched,above_chance,7,0.4286,0.3333,0.619,0.6429,0.4643,0.7857,0.4286,0.6429
mobilenet_v3_large,6,default_signed,v1_maxabs,strong,weak,all,7,0.1952,0.0476,0.4286,0.2162,0.0714,0.5357,0.1952,0.2162
mobilenet_v3_large,6,default_signed,v1_maxabs,strong,weak,above_chance,7,0.1952,0.0476,0.4286,0.2162,0.0714,0.5357,0.1952,0.2162
mobilenet_v3_large,6,default_signed,v1_percentile_99_9,strong,weak,all,7,0.5238,0.4286,0.7143,0.7857,0.6429,0.8571,0.5238,0.7857
mobilenet_v3_large,6,default_signed,v1_percentile_99_9,strong,weak,above_chance,7,0.5238,0.4286,0.7143,0.7857,0.6429,0.8571,0.5238,0.7857
mobilenet_v3_large,6,default_no_bias_correction,default_weight_maxabs,strong,strong,all,7,0.0476,-0.0476,0.0476,0.0357,-0.1071,0.0357,0.0476,0.0357
mobilenet_v3_large,6,default_no_bias_correction,default_weight_maxabs,strong,strong,above_chance,7,0.0476,-0.0476,0.0476,0.0357,-0.1071,0.0357,0.0476,0.0357
mobilenet_v3_large,6,default_no_bias_correction,cum3_act_mse,strong,other,all,7,0.4286,0.4286,0.5238,0.3929,0.3929,0.4643,0.4286,0.3929
mobilenet_v3_large,6,default_no_bias_correction,cum3_act_mse,strong,other,above_chance,7,0.4286,0.4286,0.5238,0.3929,0.3929,0.4643,0.4286,0.3929
mobilenet_v3_large,6,default_no_bias_correction,rank_signed_no_bias_correction,strong,other,all,7,1.0,1.0,1.0,1.0,1.0,1.0,1.0,1.0
mobilenet_v3_large,6,default_no_bias_correction,rank_signed_no_bias_correction,strong,other,above_chance,7,1.0,1.0,1.0,1.0,1.0,1.0,1.0,1.0
mobilenet_v3_large,6,default_no_bias_correction,rank_signed_weight_maxabs,strong,other,all,7,0.0476,-0.0476,0.0476,0.0357,-0.1071,0.0357,0.0476,0.0357
mobilenet_v3_large,6,default_no_bias_correction,rank_signed_weight_maxabs,strong,other,above_chance,7,0.0476,-0.0476,0.0476,0.0357,-0.1071,0.0357,0.0476,0.0357
mobilenet_v3_large,6,default_no_bias_correction,minimal,strong,other,all,7,0.4286,0.4286,0.5238,0.3929,0.3929,0.4643,0.4286,0.3929
mobilenet_v3_large,6,default_no_bias_correction,minimal,strong,other,above_chance,7,0.4286,0.4286,0.5238,0.3929,0.3929,0.4643,0.4286,0.3929
mobilenet_v3_large,6,default_no_bias_correction,default_unsigned,strong,strong,all,7,0.0476,0.0476,0.1429,0.2857,0.2857,0.3214,0.0476,0.2857
mobilenet_v3_large,6,default_no_bias_correction,default_unsigned,strong,strong,above_chance,7,0.0476,0.0476,0.1429,0.2857,0.2857,0.3214,0.0476,0.2857
mobilenet_v3_large,6,default_no_bias_correction,default_searched,strong,searched,all,7,0.1429,0.0476,0.3333,0.2143,0.0714,0.3571,0.1429,0.2143
mobilenet_v3_large,6,default_no_bias_correction,default_searched,strong,searched,above_chance,7,0.1429,0.0476,0.3333,0.2143,0.0714,0.3571,0.1429,0.2143
mobilenet_v3_large,6,default_no_bias_correction,default_no_bias_correction_searched,strong,searched,all,5,1.0,1.0,1.0,1.0,1.0,1.0,1.0,1.0
mobilenet_v3_large,6,default_no_bias_correction,default_no_bias_correction_searched,strong,searched,above_chance,5,1.0,1.0,1.0,1.0,1.0,1.0,1.0,1.0
mobilenet_v3_large,6,default_no_bias_correction,default_weight_maxabs_searched,strong,searched,all,5,0.0,0.0,0.0,-0.1,-0.1,-0.1,0.0,-0.1
mobilenet_v3_large,6,default_no_bias_correction,default_weight_maxabs_searched,strong,searched,above_chance,5,0.0,0.0,0.0,-0.1,-0.1,-0.1,0.0,-0.1
mobilenet_v3_large,6,default_no_bias_correction,minimal_searched,strong,searched,all,7,0.4286,0.4286,0.4286,0.3929,0.3929,0.3929,0.4286,0.3929
mobilenet_v3_large,6,default_no_bias_correction,minimal_searched,strong,searched,above_chance,7,0.4286,0.4286,0.4286,0.3929,0.3929,0.3929,0.4286,0.3929
mobilenet_v3_large,6,default_no_bias_correction,v1_maxabs,strong,weak,all,7,0.3904,0.1429,0.4286,0.4865,0.2139,0.5357,0.3904,0.4865
mobilenet_v3_large,6,default_no_bias_correction,v1_maxabs,strong,weak,above_chance,7,0.3904,0.1429,0.4286,0.4865,0.2139,0.5357,0.3904,0.4865
mobilenet_v3_large,6,default_no_bias_correction,v1_percentile_99_9,strong,weak,all,7,0.3333,0.2381,0.3333,0.2857,0.1429,0.2857,0.3333,0.2857
mobilenet_v3_large,6,default_no_bias_correction,v1_percentile_99_9,strong,weak,above_chance,7,0.3333,0.2381,0.3333,0.2857,0.1429,0.2857,0.3333,0.2857
mobilenet_v3_large,6,default_weight_maxabs,cum3_act_mse,strong,other,all,7,0.619,0.4286,0.619,0.75,0.5714,0.75,0.619,0.75
mobilenet_v3_large,6,default_weight_maxabs,cum3_act_mse,strong,other,above_chance,6,0.4667,0.2,0.4667,0.6,0.3143,0.6,0.4667,0.6
mobilenet_v3_large,6,default_weight_maxabs,rank_signed_no_bias_correction,strong,other,all,7,0.0476,-0.0476,0.0476,0.0357,-0.1071,0.0357,0.0476,0.0357
mobilenet_v3_large,6,default_weight_maxabs,rank_signed_no_bias_correction,strong,other,above_chance,7,0.0476,-0.0476,0.0476,0.0357,-0.1071,0.0357,0.0476,0.0357
mobilenet_v3_large,6,default_weight_maxabs,rank_signed_weight_maxabs,strong,other,all,7,1.0,1.0,1.0,1.0,1.0,1.0,1.0,1.0
mobilenet_v3_large,6,default_weight_maxabs,rank_signed_weight_maxabs,strong,other,above_chance,6,1.0,1.0,1.0,1.0,1.0,1.0,1.0,1.0
mobilenet_v3_large,6,default_weight_maxabs,minimal,strong,other,all,7,0.619,0.4286,0.619,0.75,0.5714,0.75,0.619,0.75
mobilenet_v3_large,6,default_weight_maxabs,minimal,strong,other,above_chance,6,0.4667,0.2,0.4667,0.6,0.3143,0.6,0.4667,0.6
mobilenet_v3_large,6,default_weight_maxabs,default_unsigned,strong,strong,all,7,0.2381,0.2381,0.4286,0.3214,0.3214,0.5714,0.2381,0.3214
mobilenet_v3_large,6,default_weight_maxabs,default_unsigned,strong,strong,above_chance,7,0.2381,0.2381,0.4286,0.3214,0.3214,0.5714,0.2381,0.3214
mobilenet_v3_large,6,default_weight_maxabs,default_searched,strong,searched,all,7,0.9048,0.619,0.9048,0.9643,0.75,0.9643,0.9048,0.9643
mobilenet_v3_large,6,default_weight_maxabs,default_searched,strong,searched,above_chance,7,0.9048,0.619,0.9048,0.9643,0.75,0.9643,0.9048,0.9643
mobilenet_v3_large,6,default_weight_maxabs,default_no_bias_correction_searched,strong,searched,all,5,0.0,0.0,0.0,-0.1,-0.1,-0.1,0.0,-0.1
mobilenet_v3_large,6,default_weight_maxabs,default_no_bias_correction_searched,strong,searched,above_chance,5,0.0,0.0,0.0,-0.1,-0.1,-0.1,0.0,-0.1
mobilenet_v3_large,6,default_weight_maxabs,default_weight_maxabs_searched,strong,searched,all,5,1.0,1.0,1.0,1.0,1.0,1.0,1.0,1.0
mobilenet_v3_large,6,default_weight_maxabs,default_weight_maxabs_searched,strong,searched,above_chance,4,1.0,1.0,1.0,1.0,1.0,1.0,1.0,1.0
mobilenet_v3_large,6,default_weight_maxabs,minimal_searched,strong,searched,all,7,0.619,0.5238,0.619,0.75,0.6786,0.75,0.619,0.75
mobilenet_v3_large,6,default_weight_maxabs,minimal_searched,strong,searched,above_chance,6,0.4667,0.3333,0.4667,0.6,0.4857,0.6,0.4667,0.6
mobilenet_v3_large,6,default_weight_maxabs,v1_maxabs,strong,weak,all,7,0.1952,0.0476,0.3904,0.1982,0.0714,0.5225,0.1952,0.1982
mobilenet_v3_large,6,default_weight_maxabs,v1_maxabs,strong,weak,above_chance,6,0.138,-0.0667,0.2,0.116,-0.0857,0.2571,0.138,0.116
mobilenet_v3_large,6,default_weight_maxabs,v1_percentile_99_9,strong,weak,all,7,0.7143,0.619,0.8095,0.8571,0.8214,0.8929,0.7143,0.8571
mobilenet_v3_large,6,default_weight_maxabs,v1_percentile_99_9,strong,weak,above_chance,6,0.6,0.4667,0.7333,0.7714,0.7143,0.8286,0.6,0.7714
mobilenet_v3_large,6,cum3_act_mse,rank_signed_no_bias_correction,other,other,all,7,0.4286,0.4286,0.5238,0.3929,0.3929,0.4643,0.4286,0.3929
mobilenet_v3_large,6,cum3_act_mse,rank_signed_no_bias_correction,other,other,above_chance,7,0.4286,0.4286,0.5238,0.3929,0.3929,0.4643,0.4286,0.3929
mobilenet_v3_large,6,cum3_act_mse,rank_signed_weight_maxabs,other,other,all,7,0.619,0.4286,0.619,0.75,0.5714,0.75,0.619,0.75
mobilenet_v3_large,6,cum3_act_mse,rank_signed_weight_maxabs,other,other,above_chance,6,0.4667,0.2,0.4667,0.6,0.3143,0.6,0.4667,0.6
mobilenet_v3_large,6,cum3_act_mse,minimal,other,other,all,7,1.0,1.0,1.0,1.0,1.0,1.0,1.0,1.0
mobilenet_v3_large,6,cum3_act_mse,minimal,other,other,above_chance,6,1.0,1.0,1.0,1.0,1.0,1.0,1.0,1.0
mobilenet_v3_large,6,cum3_act_mse,default_unsigned,other,strong,all,7,0.2381,0.1429,0.3333,0.3929,0.3214,0.4286,0.2381,0.3929
mobilenet_v3_large,6,cum3_act_mse,default_unsigned,other,strong,above_chance,7,0.2381,0.1429,0.3333,0.3929,0.3214,0.4286,0.2381,0.3929
mobilenet_v3_large,6,cum3_act_mse,default_searched,other,searched,all,7,0.5238,0.2381,0.619,0.7143,0.3214,0.7857,0.5238,0.7143
mobilenet_v3_large,6,cum3_act_mse,default_searched,other,searched,above_chance,7,0.5238,0.2381,0.619,0.7143,0.3214,0.7857,0.5238,0.7143
mobilenet_v3_large,6,cum3_act_mse,default_no_bias_correction_searched,other,searched,all,5,0.4,0.4,0.4,0.4,0.4,0.4,0.4,0.4
mobilenet_v3_large,6,cum3_act_mse,default_no_bias_correction_searched,other,searched,above_chance,5,0.4,0.4,0.4,0.4,0.4,0.4,0.4,0.4
mobilenet_v3_large,6,cum3_act_mse,default_weight_maxabs_searched,other,searched,all,5,0.6,0.6,0.6,0.7,0.7,0.7,0.6,0.7
mobilenet_v3_large,6,cum3_act_mse,default_weight_maxabs_searched,other,searched,above_chance,4,0.3333,0.3333,0.3333,0.4,0.4,0.4,0.3333,0.4
mobilenet_v3_large,6,cum3_act_mse,minimal_searched,other,searched,all,7,1.0,0.9048,1.0,1.0,0.9643,1.0,1.0,1.0
mobilenet_v3_large,6,cum3_act_mse,minimal_searched,other,searched,above_chance,6,1.0,0.8667,1.0,1.0,0.9429,1.0,1.0,1.0
mobilenet_v3_large,6,cum3_act_mse,v1_maxabs,other,weak,all,7,0.5855,0.4286,0.7807,0.6667,0.5714,0.8829,0.5855,0.6667
mobilenet_v3_large,6,cum3_act_mse,v1_maxabs,other,weak,above_chance,6,0.6901,0.4667,0.7333,0.7537,0.6,0.8286,0.6901,0.7537
mobilenet_v3_large,6,cum3_act_mse,v1_percentile_99_9,other,weak,all,7,0.9048,0.7143,0.9048,0.9643,0.8365,0.9643,0.9048,0.9643
mobilenet_v3_large,6,cum3_act_mse,v1_percentile_99_9,other,weak,above_chance,6,0.8667,0.6,0.8667,0.9429,0.7356,0.9429,0.8667,0.9429
mobilenet_v3_large,6,rank_signed_no_bias_correction,rank_signed_weight_maxabs,other,other,all,7,0.0476,-0.0476,0.0476,0.0357,-0.1071,0.0357,0.0476,0.0357
mobilenet_v3_large,6,rank_signed_no_bias_correction,rank_signed_weight_maxabs,other,other,above_chance,7,0.0476,-0.0476,0.0476,0.0357,-0.1071,0.0357,0.0476,0.0357
mobilenet_v3_large,6,rank_signed_no_bias_correction,minimal,other,other,all,7,0.4286,0.4286,0.5238,0.3929,0.3929,0.4643,0.4286,0.3929
mobilenet_v3_large,6,rank_signed_no_bias_correction,minimal,other,other,above_chance,7,0.4286,0.4286,0.5238,0.3929,0.3929,0.4643,0.4286,0.3929
mobilenet_v3_large,6,rank_signed_no_bias_correction,default_unsigned,other,strong,all,7,0.0476,0.0476,0.1429,0.2857,0.2857,0.3214,0.0476,0.2857
mobilenet_v3_large,6,rank_signed_no_bias_correction,default_unsigned,other,strong,above_chance,7,0.0476,0.0476,0.1429,0.2857,0.2857,0.3214,0.0476,0.2857
mobilenet_v3_large,6,rank_signed_no_bias_correction,default_searched,other,searched,all,7,0.1429,0.0476,0.3333,0.2143,0.0714,0.3571,0.1429,0.2143
mobilenet_v3_large,6,rank_signed_no_bias_correction,default_searched,other,searched,above_chance,7,0.1429,0.0476,0.3333,0.2143,0.0714,0.3571,0.1429,0.2143
mobilenet_v3_large,6,rank_signed_no_bias_correction,default_no_bias_correction_searched,other,searched,all,5,1.0,1.0,1.0,1.0,1.0,1.0,1.0,1.0
mobilenet_v3_large,6,rank_signed_no_bias_correction,default_no_bias_correction_searched,other,searched,above_chance,5,1.0,1.0,1.0,1.0,1.0,1.0,1.0,1.0
mobilenet_v3_large,6,rank_signed_no_bias_correction,default_weight_maxabs_searched,other,searched,all,5,0.0,0.0,0.0,-0.1,-0.1,-0.1,0.0,-0.1
mobilenet_v3_large,6,rank_signed_no_bias_correction,default_weight_maxabs_searched,other,searched,above_chance,5,0.0,0.0,0.0,-0.1,-0.1,-0.1,0.0,-0.1
mobilenet_v3_large,6,rank_signed_no_bias_correction,minimal_searched,other,searched,all,7,0.4286,0.4286,0.4286,0.3929,0.3929,0.3929,0.4286,0.3929
mobilenet_v3_large,6,rank_signed_no_bias_correction,minimal_searched,other,searched,above_chance,7,0.4286,0.4286,0.4286,0.3929,0.3929,0.3929,0.4286,0.3929
mobilenet_v3_large,6,rank_signed_no_bias_correction,v1_maxabs,other,weak,all,7,0.3904,0.1429,0.4286,0.4865,0.2139,0.5357,0.3904,0.4865
mobilenet_v3_large,6,rank_signed_no_bias_correction,v1_maxabs,other,weak,above_chance,7,0.3904,0.1429,0.4286,0.4865,0.2139,0.5357,0.3904,0.4865
mobilenet_v3_large,6,rank_signed_no_bias_correction,v1_percentile_99_9,other,weak,all,7,0.3333,0.2381,0.3333,0.2857,0.1429,0.2857,0.3333,0.2857
mobilenet_v3_large,6,rank_signed_no_bias_correction,v1_percentile_99_9,other,weak,above_chance,7,0.3333,0.2381,0.3333,0.2857,0.1429,0.2857,0.3333,0.2857
mobilenet_v3_large,6,rank_signed_weight_maxabs,minimal,other,other,all,7,0.619,0.4286,0.619,0.75,0.5714,0.75,0.619,0.75
mobilenet_v3_large,6,rank_signed_weight_maxabs,minimal,other,other,above_chance,6,0.4667,0.2,0.4667,0.6,0.3143,0.6,0.4667,0.6
mobilenet_v3_large,6,rank_signed_weight_maxabs,default_unsigned,other,strong,all,7,0.2381,0.2381,0.4286,0.3214,0.3214,0.5714,0.2381,0.3214
mobilenet_v3_large,6,rank_signed_weight_maxabs,default_unsigned,other,strong,above_chance,7,0.2381,0.2381,0.4286,0.3214,0.3214,0.5714,0.2381,0.3214
mobilenet_v3_large,6,rank_signed_weight_maxabs,default_searched,other,searched,all,7,0.9048,0.619,0.9048,0.9643,0.75,0.9643,0.9048,0.9643
mobilenet_v3_large,6,rank_signed_weight_maxabs,default_searched,other,searched,above_chance,7,0.9048,0.619,0.9048,0.9643,0.75,0.9643,0.9048,0.9643
mobilenet_v3_large,6,rank_signed_weight_maxabs,default_no_bias_correction_searched,other,searched,all,5,0.0,0.0,0.0,-0.1,-0.1,-0.1,0.0,-0.1
mobilenet_v3_large,6,rank_signed_weight_maxabs,default_no_bias_correction_searched,other,searched,above_chance,5,0.0,0.0,0.0,-0.1,-0.1,-0.1,0.0,-0.1
mobilenet_v3_large,6,rank_signed_weight_maxabs,default_weight_maxabs_searched,other,searched,all,5,1.0,1.0,1.0,1.0,1.0,1.0,1.0,1.0
mobilenet_v3_large,6,rank_signed_weight_maxabs,default_weight_maxabs_searched,other,searched,above_chance,4,1.0,1.0,1.0,1.0,1.0,1.0,1.0,1.0
mobilenet_v3_large,6,rank_signed_weight_maxabs,minimal_searched,other,searched,all,7,0.619,0.5238,0.619,0.75,0.6786,0.75,0.619,0.75
mobilenet_v3_large,6,rank_signed_weight_maxabs,minimal_searched,other,searched,above_chance,6,0.4667,0.3333,0.4667,0.6,0.4857,0.6,0.4667,0.6
mobilenet_v3_large,6,rank_signed_weight_maxabs,v1_maxabs,other,weak,all,7,0.1952,0.0476,0.3904,0.1982,0.0714,0.5225,0.1952,0.1982
mobilenet_v3_large,6,rank_signed_weight_maxabs,v1_maxabs,other,weak,above_chance,6,0.138,-0.0667,0.2,0.116,-0.0857,0.2571,0.138,0.116
mobilenet_v3_large,6,rank_signed_weight_maxabs,v1_percentile_99_9,other,weak,all,7,0.7143,0.619,0.8095,0.8571,0.8214,0.8929,0.7143,0.8571
mobilenet_v3_large,6,rank_signed_weight_maxabs,v1_percentile_99_9,other,weak,above_chance,6,0.6,0.4667,0.7333,0.7714,0.7143,0.8286,0.6,0.7714
mobilenet_v3_large,6,minimal,default_unsigned,other,strong,all,7,0.2381,0.1429,0.3333,0.3929,0.3214,0.4286,0.2381,0.3929
mobilenet_v3_large,6,minimal,default_unsigned,other,strong,above_chance,7,0.2381,0.1429,0.3333,0.3929,0.3214,0.4286,0.2381,0.3929
mobilenet_v3_large,6,minimal,default_searched,other,searched,all,7,0.5238,0.2381,0.619,0.7143,0.3214,0.7857,0.5238,0.7143
mobilenet_v3_large,6,minimal,default_searched,other,searched,above_chance,7,0.5238,0.2381,0.619,0.7143,0.3214,0.7857,0.5238,0.7143
mobilenet_v3_large,6,minimal,default_no_bias_correction_searched,other,searched,all,5,0.4,0.4,0.4,0.4,0.4,0.4,0.4,0.4
mobilenet_v3_large,6,minimal,default_no_bias_correction_searched,other,searched,above_chance,5,0.4,0.4,0.4,0.4,0.4,0.4,0.4,0.4
mobilenet_v3_large,6,minimal,default_weight_maxabs_searched,other,searched,all,5,0.6,0.6,0.6,0.7,0.7,0.7,0.6,0.7
mobilenet_v3_large,6,minimal,default_weight_maxabs_searched,other,searched,above_chance,4,0.3333,0.3333,0.3333,0.4,0.4,0.4,0.3333,0.4
mobilenet_v3_large,6,minimal,minimal_searched,other,searched,all,7,1.0,0.9048,1.0,1.0,0.9643,1.0,1.0,1.0
mobilenet_v3_large,6,minimal,minimal_searched,other,searched,above_chance,6,1.0,0.8667,1.0,1.0,0.9429,1.0,1.0,1.0
mobilenet_v3_large,6,minimal,v1_maxabs,other,weak,all,7,0.5855,0.4286,0.7807,0.6667,0.5714,0.8829,0.5855,0.6667
mobilenet_v3_large,6,minimal,v1_maxabs,other,weak,above_chance,6,0.6901,0.4667,0.7333,0.7537,0.6,0.8286,0.6901,0.7537
mobilenet_v3_large,6,minimal,v1_percentile_99_9,other,weak,all,7,0.9048,0.7143,0.9048,0.9643,0.8365,0.9643,0.9048,0.9643
mobilenet_v3_large,6,minimal,v1_percentile_99_9,other,weak,above_chance,6,0.8667,0.6,0.8667,0.9429,0.7356,0.9429,0.8667,0.9429
mobilenet_v3_large,6,default_unsigned,default_searched,strong,searched,all,7,0.3333,0.1429,0.5238,0.4286,0.2857,0.6071,0.3333,0.4286
mobilenet_v3_large,6,default_unsigned,default_searched,strong,searched,above_chance,7,0.3333,0.1429,0.5238,0.4286,0.2857,0.6071,0.3333,0.4286
mobilenet_v3_large,6,default_unsigned,default_no_bias_correction_searched,strong,searched,all,5,0.4,0.4,0.4,0.6,0.6,0.6,0.4,0.6
mobilenet_v3_large,6,default_unsigned,default_no_bias_correction_searched,strong,searched,above_chance,5,0.4,0.4,0.4,0.6,0.6,0.6,0.4,0.6
mobilenet_v3_large,6,default_unsigned,default_weight_maxabs_searched,strong,searched,all,5,0.2,0.2,0.2,0.3,0.3,0.3,0.2,0.3
mobilenet_v3_large,6,default_unsigned,default_weight_maxabs_searched,strong,searched,above_chance,5,0.2,0.2,0.2,0.3,0.3,0.3,0.2,0.3
mobilenet_v3_large,6,default_unsigned,minimal_searched,strong,searched,all,7,0.2381,0.2381,0.3333,0.3929,0.3929,0.4643,0.2381,0.3929
mobilenet_v3_large,6,default_unsigned,minimal_searched,strong,searched,above_chance,7,0.2381,0.2381,0.3333,0.3929,0.3929,0.4643,0.2381,0.3929
mobilenet_v3_large,6,default_unsigned,v1_maxabs,strong,weak,all,7,0.1952,0.0,0.3333,0.2342,-0.0714,0.3929,0.1952,0.2342
mobilenet_v3_large,6,default_unsigned,v1_maxabs,strong,weak,above_chance,7,0.1952,0.0,0.3333,0.2342,-0.0714,0.3929,0.1952,0.2342
mobilenet_v3_large,6,default_unsigned,v1_percentile_99_9,strong,weak,all,7,0.3333,0.3333,0.5238,0.5,0.4643,0.6667,0.3333,0.5
mobilenet_v3_large,6,default_unsigned,v1_percentile_99_9,strong,weak,above_chance,7,0.3333,0.3333,0.5238,0.5,0.4643,0.6667,0.3333,0.5
mobilenet_v3_large,6,default_searched,default_no_bias_correction_searched,searched,searched,all,5,0.2,0.0,0.2,0.2,0.1,0.2,0.2,0.2
mobilenet_v3_large,6,default_searched,default_no_bias_correction_searched,searched,searched,above_chance,5,0.2,0.0,0.2,0.2,0.1,0.2,0.2,0.2
mobilenet_v3_large,6,default_searched,default_weight_maxabs_searched,searched,searched,all,5,0.8,0.6,0.8,0.9,0.7,0.9,0.8,0.9
mobilenet_v3_large,6,default_searched,default_weight_maxabs_searched,searched,searched,above_chance,5,0.8,0.6,0.8,0.9,0.7,0.9,0.8,0.9
mobilenet_v3_large,6,default_searched,minimal_searched,searched,searched,all,7,0.5238,0.3333,0.619,0.7143,0.4286,0.7857,0.5238,0.7143
mobilenet_v3_large,6,default_searched,minimal_searched,searched,searched,above_chance,7,0.5238,0.3333,0.619,0.7143,0.4286,0.7857,0.5238,0.7143
mobilenet_v3_large,6,default_searched,v1_maxabs,searched,weak,all,7,0.2928,0.0476,0.4286,0.2523,0.0,0.5714,0.2928,0.2523
mobilenet_v3_large,6,default_searched,v1_maxabs,searched,weak,above_chance,7,0.2928,0.0476,0.4286,0.2523,0.0,0.5714,0.2928,0.2523
mobilenet_v3_large,6,default_searched,v1_percentile_99_9,searched,weak,all,7,0.619,0.4286,0.7143,0.8214,0.5714,0.8571,0.619,0.8214
mobilenet_v3_large,6,default_searched,v1_percentile_99_9,searched,weak,above_chance,7,0.619,0.4286,0.7143,0.8214,0.5714,0.8571,0.619,0.8214
mobilenet_v3_large,6,default_no_bias_correction_searched,default_weight_maxabs_searched,searched,searched,all,5,0.0,0.0,0.0,-0.1,-0.1,-0.1,0.0,-0.1
mobilenet_v3_large,6,default_no_bias_correction_searched,default_weight_maxabs_searched,searched,searched,above_chance,5,0.0,0.0,0.0,-0.1,-0.1,-0.1,0.0,-0.1
mobilenet_v3_large,6,default_no_bias_correction_searched,minimal_searched,searched,searched,all,5,0.4,0.4,0.4,0.4,0.4,0.4,0.4,0.4
mobilenet_v3_large,6,default_no_bias_correction_searched,minimal_searched,searched,searched,above_chance,5,0.4,0.4,0.4,0.4,0.4,0.4,0.4,0.4
mobilenet_v3_large,6,default_no_bias_correction_searched,v1_maxabs,searched,weak,all,5,0.527,0.1054,0.6,0.6156,0.1539,0.7,0.527,0.6156
mobilenet_v3_large,6,default_no_bias_correction_searched,v1_maxabs,searched,weak,above_chance,5,0.527,0.1054,0.6,0.6156,0.1539,0.7,0.527,0.6156
mobilenet_v3_large,6,default_no_bias_correction_searched,v1_percentile_99_9,searched,weak,all,5,0.2,0.2,0.2,0.2,0.2,0.2,0.2,0.2
mobilenet_v3_large,6,default_no_bias_correction_searched,v1_percentile_99_9,searched,weak,above_chance,5,0.2,0.2,0.2,0.2,0.2,0.2,0.2,0.2
mobilenet_v3_large,6,default_weight_maxabs_searched,minimal_searched,searched,searched,all,5,0.6,0.6,0.6,0.7,0.7,0.7,0.6,0.7
mobilenet_v3_large,6,default_weight_maxabs_searched,minimal_searched,searched,searched,above_chance,4,0.3333,0.3333,0.3333,0.4,0.4,0.4,0.3333,0.4
mobilenet_v3_large,6,default_weight_maxabs_searched,v1_maxabs,searched,weak,all,5,-0.1054,-0.2,0.3162,-0.0513,-0.2,0.5643,-0.1054,-0.0513
mobilenet_v3_large,6,default_weight_maxabs_searched,v1_maxabs,searched,weak,above_chance,4,-0.1826,-0.3333,0.0,-0.1054,-0.4,0.2,-0.1826,-0.1054
mobilenet_v3_large,6,default_weight_maxabs_searched,v1_percentile_99_9,searched,weak,all,5,0.8,0.8,0.8,0.9,0.9,0.9,0.8,0.9
mobilenet_v3_large,6,default_weight_maxabs_searched,v1_percentile_99_9,searched,weak,above_chance,4,0.6667,0.6667,0.6667,0.8,0.8,0.8,0.6667,0.8
mobilenet_v3_large,6,minimal_searched,v1_maxabs,searched,weak,all,7,0.5855,0.5238,0.7807,0.6667,0.6071,0.8829,0.5855,0.6667
mobilenet_v3_large,6,minimal_searched,v1_maxabs,searched,weak,above_chance,6,0.6901,0.5521,0.7333,0.7537,0.6571,0.8286,0.6901,0.7537
mobilenet_v3_large,6,minimal_searched,v1_percentile_99_9,searched,weak,all,7,0.9048,0.8095,0.9048,0.9643,0.8929,0.9643,0.9048,0.9643
mobilenet_v3_large,6,minimal_searched,v1_percentile_99_9,searched,weak,above_chance,6,0.8667,0.7333,0.8667,0.9429,0.8286,0.9429,0.8667,0.9429
mobilenet_v3_large,6,v1_maxabs,v1_percentile_99_9,weak,weak,all,7,0.488,0.3333,0.6831,0.5045,0.2143,0.7748,0.488,0.5045
mobilenet_v3_large,6,v1_maxabs,v1_percentile_99_9,weak,weak,above_chance,6,0.5521,0.276,0.6,0.5508,0.1429,0.6571,0.5521,0.5508
mobilenet_v3_large,le5,default,default_signed,strong,strong,all,10,0.9111,0.7778,1.0,0.9636,0.8182,1.0,0.9111,0.9636
mobilenet_v3_large,le5,default,default_signed,strong,strong,above_chance,3,1.0,1.0,1.0,1.0,1.0,1.0,1.0,1.0
mobilenet_v3_large,le5,default,default_no_bias_correction,strong,strong,all,10,0.1556,-0.0667,0.5556,0.2364,0.0182,0.6727,0.1556,0.2364
mobilenet_v3_large,le5,default,default_no_bias_correction,strong,strong,above_chance,3,1.0,0.3333,1.0,1.0,0.5,1.0,1.0,1.0
mobilenet_v3_large,le5,default,default_weight_maxabs,strong,strong,all,10,0.6889,0.4222,0.8222,0.7818,0.5758,0.9273,0.6889,0.7818
mobilenet_v3_large,le5,default,default_weight_maxabs,strong,strong,above_chance,3,1.0,1.0,1.0,1.0,1.0,1.0,1.0,1.0
mobilenet_v3_large,le5,default,cum3_act_mse,strong,other,all,10,0.6889,0.2,0.8222,0.8424,0.3091,0.9273,0.6889,0.8424
mobilenet_v3_large,le5,default,cum3_act_mse,strong,other,above_chance,3,1.0,0.3333,1.0,1.0,0.5,1.0,1.0,1.0
mobilenet_v3_large,le5,default,rank_signed_no_bias_correction,strong,other,all,10,0.1556,-0.0667,0.5843,0.2364,0.0304,0.697,0.1556,0.2364
mobilenet_v3_large,le5,default,rank_signed_no_bias_correction,strong,other,above_chance,3,1.0,0.3333,1.0,1.0,0.5,1.0,1.0,1.0
mobilenet_v3_large,le5,default,rank_signed_weight_maxabs,strong,other,all,10,0.7333,0.4222,0.8222,0.8061,0.5515,0.9152,0.7333,0.8061
mobilenet_v3_large,le5,default,rank_signed_weight_maxabs,strong,other,above_chance,3,1.0,1.0,1.0,1.0,1.0,1.0,1.0,1.0
mobilenet_v3_large,le5,default,minimal,strong,other,all,10,0.7778,0.2444,0.8222,0.903,0.3333,0.9394,0.7778,0.903
mobilenet_v3_large,le5,default,minimal,strong,other,above_chance,3,1.0,0.3333,1.0,1.0,0.5,1.0,1.0,1.0
mobilenet_v3_large,le5,default,default_unsigned,strong,strong,all,10,0.7778,0.6444,1.0,0.8182,0.7455,1.0,0.7778,0.8182
mobilenet_v3_large,le5,default,default_unsigned,strong,strong,above_chance,3,1.0,1.0,1.0,1.0,1.0,1.0,1.0,1.0
mobilenet_v3_large,le5,default,default_searched,strong,searched,all,10,1.0,0.9556,1.0,1.0,0.9879,1.0,1.0,1.0
mobilenet_v3_large,le5,default,default_searched,strong,searched,above_chance,3,1.0,1.0,1.0,1.0,1.0,1.0,1.0,1.0
mobilenet_v3_large,le5,default,default_no_bias_correction_searched,strong,searched,all,9,0.2778,-0.0556,0.7222,0.3667,0.0667,0.8333,0.2778,0.3667
mobilenet_v3_large,le5,default,default_no_bias_correction_searched,strong,searched,above_chance,3,1.0,0.3333,1.0,1.0,0.5,1.0,1.0,1.0
mobilenet_v3_large,le5,default,default_weight_maxabs_searched,strong,searched,all,9,0.6111,0.3333,0.8333,0.7,0.4833,0.9,0.6111,0.7
mobilenet_v3_large,le5,default,default_weight_maxabs_searched,strong,searched,above_chance,3,1.0,1.0,1.0,1.0,1.0,1.0,1.0,1.0
mobilenet_v3_large,le5,default,minimal_searched,strong,searched,all,10,0.8222,0.2,0.8222,0.9152,0.3161,0.9394,0.8222,0.9152
mobilenet_v3_large,le5,default,minimal_searched,strong,searched,above_chance,3,1.0,0.3333,1.0,1.0,0.5,1.0,1.0,1.0
mobilenet_v3_large,le5,default,v1_maxabs,strong,weak,all,10,-0.241,-0.5795,0.2108,-0.25,-0.6992,0.261,-0.241,-0.25
mobilenet_v3_large,le5,default,v1_maxabs,strong,weak,above_chance,3,0.8165,0.8165,0.8165,0.866,0.866,0.866,0.8165,0.866
mobilenet_v3_large,le5,default,v1_percentile_99_9,strong,weak,all,9,0.2785,-0.2166,0.5,0.3206,-0.2052,0.578,0.2785,0.3206
mobilenet_v3_large,le5,default,v1_percentile_99_9,strong,weak,above_chance,3,1.0,0.8165,1.0,1.0,0.866,1.0,1.0,1.0
mobilenet_v3_large,le5,default_signed,default_no_bias_correction,strong,strong,all,10,0.0667,-0.1111,0.5556,0.1879,0.0061,0.6626,0.0667,0.1879
mobilenet_v3_large,le5,default_signed,default_no_bias_correction,strong,strong,above_chance,3,1.0,0.3333,1.0,1.0,0.5,1.0,1.0,1.0
mobilenet_v3_large,le5,default_signed,default_weight_maxabs,strong,strong,all,10,0.7778,0.4667,0.8667,0.8182,0.6,0.9273,0.7778,0.8182
mobilenet_v3_large,le5,default_signed,default_weight_maxabs,strong,strong,above_chance,3,1.0,1.0,1.0,1.0,1.0,1.0,1.0,1.0
mobilenet_v3_large,le5,default_signed,cum3_act_mse,strong,other,all,10,0.6,0.2,0.8222,0.7576,0.297,0.9273,0.6,0.7576
mobilenet_v3_large,le5,default_signed,cum3_act_mse,strong,other,above_chance,3,1.0,0.3333,1.0,1.0,0.5,1.0,1.0,1.0
mobilenet_v3_large,le5,default_signed,rank_signed_no_bias_correction,strong,other,all,10,0.0667,-0.0667,0.6,0.1879,0.0304,0.697,0.0667,0.1879
mobilenet_v3_large,le5,default_signed,rank_signed_no_bias_correction,strong,other,above_chance,3,1.0,0.3333,1.0,1.0,0.5,1.0,1.0,1.0
mobilenet_v3_large,le5,default_signed,rank_signed_weight_maxabs,strong,other,all,10,0.6444,0.3778,0.8222,0.7455,0.5394,0.8909,0.6444,0.7455
mobilenet_v3_large,le5,default_signed,rank_signed_weight_maxabs,strong,other,above_chance,3,1.0,1.0,1.0,1.0,1.0,1.0,1.0,1.0
mobilenet_v3_large,le5,default_signed,minimal,strong,other,all,10,0.6889,0.2247,0.854,0.8667,0.3333,0.9394,0.6889,0.8667
mobilenet_v3_large,le5,default_signed,minimal,strong,other,above_chance,3,1.0,0.3333,1.0,1.0,0.5,1.0,1.0,1.0
mobilenet_v3_large,le5,default_signed,default_unsigned,strong,strong,all,10,0.6889,0.5111,0.9556,0.7818,0.6606,0.9879,0.6889,0.7818
mobilenet_v3_large,le5,default_signed,default_unsigned,strong,strong,above_chance,3,1.0,1.0,1.0,1.0,1.0,1.0,1.0,1.0
mobilenet_v3_large,le5,default_signed,default_searched,strong,searched,all,10,0.9111,0.7778,1.0,0.9636,0.8182,1.0,0.9111,0.9636
mobilenet_v3_large,le5,default_signed,default_searched,strong,searched,above_chance,3,1.0,1.0,1.0,1.0,1.0,1.0,1.0,1.0
mobilenet_v3_large,le5,default_signed,default_no_bias_correction_searched,strong,searched,all,9,0.1667,-0.0556,0.7043,0.3,0.05,0.8285,0.1667,0.3
mobilenet_v3_large,le5,default_signed,default_no_bias_correction_searched,strong,searched,above_chance,3,1.0,0.3333,1.0,1.0,0.5,1.0,1.0,1.0
mobilenet_v3_large,le5,default_signed,default_weight_maxabs_searched,strong,searched,all,9,0.7222,0.3333,0.8333,0.75,0.5167,0.9167,0.7222,0.75
mobilenet_v3_large,le5,default_signed,default_weight_maxabs_searched,strong,searched,above_chance,3,1.0,1.0,1.0,1.0,1.0,1.0,1.0,1.0
mobilenet_v3_large,le5,default_signed,minimal_searched,strong,searched,all,10,0.7333,0.2,0.8667,0.8788,0.3091,0.9515,0.7333,0.8788
mobilenet_v3_large,le5,default_signed,minimal_searched,strong,searched,above_chance,3,1.0,0.3333,1.0,1.0,0.5,1.0,1.0,1.0
mobilenet_v3_large,le5,default_signed,v1_maxabs,strong,weak,all,10,-0.1874,-0.5795,0.2177,-0.204,-0.6992,0.2688,-0.1874,-0.204
mobilenet_v3_large,le5,default_signed,v1_maxabs,strong,weak,above_chance,3,0.8165,0.8165,0.8165,0.866,0.866,0.866,0.8165,0.866
mobilenet_v3_large,le5,default_signed,v1_percentile_99_9,strong,weak,all,9,0.2785,-0.2095,0.504,0.3206,-0.1951,0.5858,0.2785,0.3206
mobilenet_v3_large,le5,default_signed,v1_percentile_99_9,strong,weak,above_chance,3,1.0,0.8165,1.0,1.0,0.866,1.0,1.0,1.0
mobilenet_v3_large,le5,default_no_bias_correction,default_weight_maxabs,strong,strong,all,10,0.2,-0.0449,0.6293,0.3212,0.0424,0.766,0.2,0.3212
mobilenet_v3_large,le5,default_no_bias_correction,default_weight_maxabs,strong,strong,above_chance,3,1.0,0.3333,1.0,1.0,0.5,1.0,1.0,1.0
mobilenet_v3_large,le5,default_no_bias_correction,cum3_act_mse,strong,other,all,10,0.4667,0.0449,0.7333,0.5879,0.1394,0.8788,0.4667,0.5879
mobilenet_v3_large,le5,default_no_bias_correction,rank_signed_no_bias_correction,strong,other,all,10,1.0,0.6818,1.0,1.0,0.6585,1.0,1.0,1.0
mobilenet_v3_large,le5,default_no_bias_correction,rank_signed_weight_maxabs,strong,other,all,10,0.2444,0.0222,0.6293,0.3455,0.0973,0.7697,0.2444,0.3455
mobilenet_v3_large,le5,default_no_bias_correction,rank_signed_weight_maxabs,strong,other,above_chance,3,1.0,0.3333,1.0,1.0,0.5,1.0,1.0,1.0
mobilenet_v3_large,le5,default_no_bias_correction,minimal,strong,other,all,10,0.3778,0.0222,0.7333,0.4788,0.1152,0.8567,0.3778,0.4788
mobilenet_v3_large,le5,default_no_bias_correction,default_unsigned,strong,strong,all,10,0.3778,-0.0222,0.6,0.4667,0.0667,0.7212,0.3778,0.4667
mobilenet_v3_large,le5,default_no_bias_correction,default_unsigned,strong,strong,above_chance,3,1.0,0.3333,1.0,1.0,0.5,1.0,1.0,1.0
mobilenet_v3_large,le5,default_no_bias_correction,default_searched,strong,searched,all,10,0.1556,-0.0667,0.5556,0.2364,0.0182,0.6727,0.1556,0.2364
mobilenet_v3_large,le5,default_no_bias_correction,default_searched,strong,searched,above_chance,3,1.0,0.3333,1.0,1.0,0.5,1.0,1.0,1.0
mobilenet_v3_large,le5,default_no_bias_correction,default_no_bias_correction_searched,strong,searched,all,9,1.0,1.0,1.0,1.0,1.0,1.0,1.0,1.0
mobilenet_v3_large,le5,default_no_bias_correction,default_weight_maxabs_searched,strong,searched,all,9,0.3333,0.0,0.7222,0.4833,0.1167,0.85,0.3333,0.4833
mobilenet_v3_large,le5,default_no_bias_correction,default_weight_maxabs_searched,strong,searched,above_chance,3,1.0,0.3333,1.0,1.0,0.5,1.0,1.0,1.0
mobilenet_v3_large,le5,default_no_bias_correction,minimal_searched,strong,searched,all,10,0.3333,0.0449,0.7641,0.4667,0.1337,0.8788,0.3333,0.4667
mobilenet_v3_large,le5,default_no_bias_correction,v1_maxabs,strong,weak,all,10,-0.241,-0.5453,0.3276,-0.2632,-0.6751,0.4023,-0.241,-0.2632
mobilenet_v3_large,le5,default_no_bias_correction,v1_percentile_99_9,strong,weak,all,9,0.6499,0.0309,0.7912,0.7105,0.0598,0.8892,0.6499,0.7105
mobilenet_v3_large,le5,default_weight_maxabs,cum3_act_mse,strong,other,all,10,0.3778,0.1111,0.7333,0.5273,0.2242,0.8788,0.3778,0.5273
mobilenet_v3_large,le5,default_weight_maxabs,cum3_act_mse,strong,other,above_chance,3,1.0,0.3333,1.0,1.0,0.5,1.0,1.0,1.0
mobilenet_v3_large,le5,default_weight_maxabs,rank_signed_no_bias_correction,strong,other,all,10,0.2,0.0,0.6889,0.3212,0.0909,0.8182,0.2,0.3212
mobilenet_v3_large,le5,default_weight_maxabs,rank_signed_no_bias_correction,strong,other,above_chance,3,1.0,0.3333,1.0,1.0,0.5,1.0,1.0,1.0
mobilenet_v3_large,le5,default_weight_maxabs,rank_signed_weight_maxabs,strong,other,all,10,0.8667,0.7778,1.0,0.9273,0.8182,1.0,0.8667,0.9273
mobilenet_v3_large,le5,default_weight_maxabs,rank_signed_weight_maxabs,strong,other,above_chance,3,1.0,1.0,1.0,1.0,1.0,1.0,1.0,1.0
mobilenet_v3_large,le5,default_weight_maxabs,minimal,strong,other,all,10,0.4667,0.1556,0.7778,0.6485,0.2605,0.903,0.4667,0.6485
mobilenet_v3_large,le5,default_weight_maxabs,minimal,strong,other,above_chance,3,1.0,0.3333,1.0,1.0,0.5,1.0,1.0,1.0
mobilenet_v3_large,le5,default_weight_maxabs,default_unsigned,strong,strong,all,10,0.5556,0.3778,0.7778,0.6727,0.5394,0.8667,0.5556,0.6727
mobilenet_v3_large,le5,default_weight_maxabs,default_unsigned,strong,strong,above_chance,3,1.0,1.0,1.0,1.0,1.0,1.0,1.0,1.0
mobilenet_v3_large,le5,default_weight_maxabs,default_searched,strong,searched,all,10,0.6889,0.4222,0.823,0.7818,0.5758,0.9273,0.6889,0.7818
mobilenet_v3_large,le5,default_weight_maxabs,default_searched,strong,searched,above_chance,3,1.0,1.0,1.0,1.0,1.0,1.0,1.0,1.0
mobilenet_v3_large,le5,default_weight_maxabs,default_no_bias_correction_searched,strong,searched,all,9,0.3333,0.0,0.7222,0.4833,0.1167,0.85,0.3333,0.4833
mobilenet_v3_large,le5,default_weight_maxabs,default_no_bias_correction_searched,strong,searched,above_chance,3,1.0,0.3333,1.0,1.0,0.5,1.0,1.0,1.0
mobilenet_v3_large,le5,default_weight_maxabs,default_weight_maxabs_searched,strong,searched,all,9,1.0,1.0,1.0,1.0,1.0,1.0,1.0,1.0
mobilenet_v3_large,le5,default_weight_maxabs,default_weight_maxabs_searched,strong,searched,above_chance,3,1.0,1.0,1.0,1.0,1.0,1.0,1.0,1.0
mobilenet_v3_large,le5,default_weight_maxabs,minimal_searched,strong,searched,all,10,0.5111,0.1556,0.7778,0.6727,0.2364,0.903,0.5111,0.6727
mobilenet_v3_large,le5,default_weight_maxabs,minimal_searched,strong,searched,above_chance,3,1.0,0.3333,1.0,1.0,0.5,1.0,1.0,1.0
mobilenet_v3_large,le5,default_weight_maxabs,v1_maxabs,strong,weak,all,10,-0.0268,-0.4788,0.2854,-0.0329,-0.5948,0.3385,-0.0268,-0.0329
mobilenet_v3_large,le5,default_weight_maxabs,v1_maxabs,strong,weak,above_chance,3,0.8165,0.8165,0.8165,0.866,0.866,0.866,0.8165,0.866
mobilenet_v3_large,le5,default_weight_maxabs,v1_percentile_99_9,strong,weak,all,9,0.1547,-0.2095,0.5,0.2166,-0.1951,0.5771,0.1547,0.2166
mobilenet_v3_large,le5,default_weight_maxabs,v1_percentile_99_9,strong,weak,above_chance,3,1.0,0.8165,1.0,1.0,0.866,1.0,1.0,1.0
mobilenet_v3_large,le5,cum3_act_mse,rank_signed_no_bias_correction,other,other,all,10,0.4667,0.0222,0.7333,0.5879,0.1271,0.8567,0.4667,0.5879
mobilenet_v3_large,le5,cum3_act_mse,rank_signed_weight_maxabs,other,other,all,10,0.4222,0.1556,0.7333,0.5879,0.2795,0.8788,0.4222,0.5879
mobilenet_v3_large,le5,cum3_act_mse,rank_signed_weight_maxabs,other,other,above_chance,3,1.0,0.3333,1.0,1.0,0.5,1.0,1.0,1.0
mobilenet_v3_large,le5,cum3_act_mse,minimal,other,other,all,10,0.9111,0.7333,1.0,0.9636,0.8061,1.0,0.9111,0.9636
mobilenet_v3_large,le5,cum3_act_mse,default_unsigned,other,strong,all,10,0.6444,0.1556,0.7644,0.7818,0.2606,0.8909,0.6444,0.7818
mobilenet_v3_large,le5,cum3_act_mse,default_unsigned,other,strong,above_chance,3,1.0,0.3333,1.0,1.0,0.5,1.0,1.0,1.0
mobilenet_v3_large,le5,cum3_act_mse,default_searched,other,searched,all,10,0.6889,0.2,0.8222,0.8424,0.3091,0.9273,0.6889,0.8424
mobilenet_v3_large,le5,cum3_act_mse,default_searched,other,searched,above_chance,3,1.0,0.3333,1.0,1.0,0.5,1.0,1.0,1.0
mobilenet_v3_large,le5,cum3_act_mse,default_no_bias_correction_searched,other,searched,all,9,0.5,0.0556,0.7778,0.6333,0.1673,0.9121,0.5,0.6333
mobilenet_v3_large,le5,cum3_act_mse,default_weight_maxabs_searched,other,searched,all,9,0.3889,0.1111,0.7778,0.55,0.25,0.9,0.3889,0.55
mobilenet_v3_large,le5,cum3_act_mse,default_weight_maxabs_searched,other,searched,above_chance,3,1.0,0.3333,1.0,1.0,0.5,1.0,1.0,1.0
mobilenet_v3_large,le5,cum3_act_mse,minimal_searched,other,searched,all,10,0.8667,0.6444,1.0,0.9515,0.7333,1.0,0.8667,0.9515
mobilenet_v3_large,le5,cum3_act_mse,v1_maxabs,other,weak,all,10,-0.4016,-0.5968,0.252,-0.454,-0.731,0.3058,-0.4016,-0.454
mobilenet_v3_large,le5,cum3_act_mse,v1_percentile_99_9,other,weak,all,9,0.4642,-0.1497,0.7098,0.5979,-0.138,0.8208,0.4642,0.5979
mobilenet_v3_large,le5,rank_signed_no_bias_correction,rank_signed_weight_maxabs,other,other,all,10,0.2444,0.0,0.6444,0.3455,0.0908,0.7782,0.2444,0.3455
mobilenet_v3_large,le5,rank_signed_no_bias_correction,rank_signed_weight_maxabs,other,other,above_chance,3,1.0,0.3333,1.0,1.0,0.5,1.0,1.0,1.0
mobilenet_v3_large,le5,rank_signed_no_bias_correction,minimal,other,other,all,10,0.3778,0.0449,0.7333,0.4788,0.1273,0.8545,0.3778,0.4788
mobilenet_v3_large,le5,rank_signed_no_bias_correction,default_unsigned,other,strong,all,10,0.3778,-0.0222,0.6,0.4667,0.0788,0.7333,0.3778,0.4667
mobilenet_v3_large,le5,rank_signed_no_bias_correction,default_unsigned,other,strong,above_chance,3,1.0,0.3333,1.0,1.0,0.5,1.0,1.0,1.0
mobilenet_v3_large,le5,rank_signed_no_bias_correction,default_searched,other,searched,all,10,0.1556,-0.0667,0.5843,0.2364,0.0304,0.693,0.1556,0.2364
mobilenet_v3_large,le5,rank_signed_no_bias_correction,default_searched,other,searched,above_chance,3,1.0,0.3333,1.0,1.0,0.5,1.0,1.0,1.0
mobilenet_v3_large,le5,rank_signed_no_bias_correction,default_no_bias_correction_searched,other,searched,all,9,1.0,0.648,1.0,1.0,0.6471,1.0,1.0,1.0
mobilenet_v3_large,le5,rank_signed_no_bias_correction,default_weight_maxabs_searched,other,searched,all,9,0.3333,0.0556,0.7778,0.4833,0.1674,0.8833,0.3333,0.4833
mobilenet_v3_large,le5,rank_signed_no_bias_correction,default_weight_maxabs_searched,other,searched,above_chance,3,1.0,0.3333,1.0,1.0,0.5,1.0,1.0,1.0
mobilenet_v3_large,le5,rank_signed_no_bias_correction,minimal_searched,other,searched,all,10,0.3333,0.0667,0.7641,0.4667,0.1515,0.8788,0.3333,0.4667
mobilenet_v3_large,le5,rank_signed_no_bias_correction,v1_maxabs,other,weak,all,10,-0.241,-0.5795,0.3639,-0.2632,-0.7071,0.4416,-0.241,-0.2632
mobilenet_v3_large,le5,rank_signed_no_bias_correction,v1_percentile_99_9,other,weak,all,9,0.6499,0.0309,0.7845,0.7105,0.0532,0.8831,0.6499,0.7105
mobilenet_v3_large,le5,rank_signed_weight_maxabs,minimal,other,other,all,10,0.5111,0.1798,0.7641,0.6364,0.2727,0.8788,0.5111,0.6364
mobilenet_v3_large,le5,rank_signed_weight_maxabs,minimal,other,other,above_chance,3,1.0,0.3333,1.0,1.0,0.5,1.0,1.0,1.0
mobilenet_v3_large,le5,rank_signed_weight_maxabs,default_unsigned,other,strong,all,10,0.6,0.3778,0.7778,0.697,0.5273,0.8909,0.6,0.697
mobilenet_v3_large,le5,rank_signed_weight_maxabs,default_unsigned,other,strong,above_chance,3,1.0,1.0,1.0,1.0,1.0,1.0,1.0,1.0
mobilenet_v3_large,le5,rank_signed_weight_maxabs,default_searched,other,searched,all,10,0.7333,0.4222,0.8222,0.8061,0.5515,0.9152,0.7333,0.8061
mobilenet_v3_large,le5,rank_signed_weight_maxabs,default_searched,other,searched,above_chance,3,1.0,1.0,1.0,1.0,1.0,1.0,1.0,1.0
mobilenet_v3_large,le5,rank_signed_weight_maxabs,default_no_bias_correction_searched,other,searched,all,9,0.3889,0.0845,0.7222,0.5167,0.1833,0.85,0.3889,0.5167
mobilenet_v3_large,le5,rank_signed_weight_maxabs,default_no_bias_correction_searched,other,searched,above_chance,3,1.0,0.3333,1.0,1.0,0.5,1.0,1.0,1.0
mobilenet_v3_large,le5,rank_signed_weight_maxabs,default_weight_maxabs_searched,other,searched,all,9,0.8333,0.7222,1.0,0.9,0.75,1.0,0.8333,0.9
mobilenet_v3_large,le5,rank_signed_weight_maxabs,default_weight_maxabs_searched,other,searched,above_chance,3,1.0,1.0,1.0,1.0,1.0,1.0,1.0,1.0
mobilenet_v3_large,le5,rank_signed_weight_maxabs,minimal_searched,other,searched,all,10,0.5556,0.1556,0.7641,0.6606,0.2485,0.8788,0.5556,0.6606
mobilenet_v3_large,le5,rank_signed_weight_maxabs,minimal_searched,other,searched,above_chance,3,1.0,0.3333,1.0,1.0,0.5,1.0,1.0,1.0
mobilenet_v3_large,le5,rank_signed_weight_maxabs,v1_maxabs,other,weak,all,10,-0.0268,-0.4743,0.2772,-0.0461,-0.573,0.329,-0.0268,-0.0461
mobilenet_v3_large,le5,rank_signed_weight_maxabs,v1_maxabs,other,weak,above_chance,3,0.8165,0.8165,0.8165,0.866,0.866,0.866,0.8165,0.866
mobilenet_v3_large,le5,rank_signed_weight_maxabs,v1_percentile_99_9,other,weak,all,9,0.0928,-0.2245,0.4644,0.1646,-0.2137,0.5622,0.0928,0.1646
mobilenet_v3_large,le5,rank_signed_weight_maxabs,v1_percentile_99_9,other,weak,above_chance,3,1.0,0.8165,1.0,1.0,0.866,1.0,1.0,1.0
mobilenet_v3_large,le5,minimal,default_unsigned,other,strong,all,10,0.6444,0.1798,0.7778,0.7576,0.2727,0.8909,0.6444,0.7576
mobilenet_v3_large,le5,minimal,default_unsigned,other,strong,above_chance,3,1.0,0.3333,1.0,1.0,0.5,1.0,1.0,1.0
mobilenet_v3_large,le5,minimal,default_searched,other,searched,all,10,0.7778,0.2299,0.8222,0.903,0.3333,0.9394,0.7778,0.903
mobilenet_v3_large,le5,minimal,default_searched,other,searched,above_chance,3,1.0,0.3333,1.0,1.0,0.5,1.0,1.0,1.0
mobilenet_v3_large,le5,minimal,default_no_bias_correction_searched,other,searched,all,9,0.4444,0.0556,0.7778,0.5667,0.15,0.887,0.4444,0.5667
mobilenet_v3_large,le5,minimal,default_weight_maxabs_searched,other,searched,all,9,0.4444,0.1667,0.8333,0.6167,0.2833,0.9333,0.4444,0.6167
mobilenet_v3_large,le5,minimal,default_weight_maxabs_searched,other,searched,above_chance,3,1.0,0.3333,1.0,1.0,0.5,1.0,1.0,1.0
mobilenet_v3_large,le5,minimal,minimal_searched,other,searched,all,10,0.9556,0.7778,1.0,0.9879,0.8182,1.0,0.9556,0.9879
mobilenet_v3_large,le5,minimal,v1_maxabs,other,weak,all,10,-0.2945,-0.5813,0.2635,-0.3619,-0.7266,0.3206,-0.2945,-0.3619
mobilenet_v3_large,le5,minimal,v1_percentile_99_9,other,weak,all,9,0.4642,-0.1307,0.7071,0.6065,-0.1305,0.817,0.4642,0.6065
mobilenet_v3_large,le5,default_unsigned,default_searched,strong,searched,all,10,0.7778,0.6444,1.0,0.8182,0.7455,1.0,0.7778,0.8182
mobilenet_v3_large,le5,default_unsigned,default_searched,strong,searched,above_chance,3,1.0,1.0,1.0,1.0,1.0,1.0,1.0,1.0
mobilenet_v3_large,le5,default_unsigned,default_no_bias_correction_searched,strong,searched,all,9,0.5556,0.0282,0.7606,0.6833,0.1333,0.8833,0.5556,0.6833
mobilenet_v3_large,le5,default_unsigned,default_no_bias_correction_searched,strong,searched,above_chance,3,1.0,0.3333,1.0,1.0,0.5,1.0,1.0,1.0
mobilenet_v3_large,le5,default_unsigned,default_weight_maxabs_searched,strong,searched,all,9,0.4444,0.2778,0.7222,0.55,0.45,0.8333,0.4444,0.55
mobilenet_v3_large,le5,default_unsigned,default_weight_maxabs_searched,strong,searched,above_chance,3,1.0,1.0,1.0,1.0,1.0,1.0,1.0,1.0
mobilenet_v3_large,le5,default_unsigned,minimal_searched,strong,searched,all,10,0.6889,0.1556,0.7778,0.8303,0.2606,0.8936,0.6889,0.8303
mobilenet_v3_large,le5,default_unsigned,minimal_searched,strong,searched,above_chance,3,1.0,0.3333,1.0,1.0,0.5,1.0,1.0,1.0
mobilenet_v3_large,le5,default_unsigned,v1_maxabs,strong,weak,all,10,-0.4016,-0.5968,0.1816,-0.4211,-0.7266,0.2253,-0.4016,-0.4211
mobilenet_v3_large,le5,default_unsigned,v1_maxabs,strong,weak,above_chance,3,0.8165,0.8165,0.8165,0.866,0.866,0.866,0.8165,0.866
mobilenet_v3_large,le5,default_unsigned,v1_percentile_99_9,strong,weak,all,9,0.0928,-0.252,0.4642,0.1646,-0.2299,0.5413,0.0928,0.1646
mobilenet_v3_large,le5,default_unsigned,v1_percentile_99_9,strong,weak,above_chance,3,1.0,0.8165,1.0,1.0,0.866,1.0,1.0,1.0
mobilenet_v3_large,le5,default_searched,default_no_bias_correction_searched,searched,searched,all,9,0.2778,-0.0556,0.7222,0.3667,0.0667,0.8333,0.2778,0.3667
mobilenet_v3_large,le5,default_searched,default_no_bias_correction_searched,searched,searched,above_chance,3,1.0,0.3333,1.0,1.0,0.5,1.0,1.0,1.0
mobilenet_v3_large,le5,default_searched,default_weight_maxabs_searched,searched,searched,all,9,0.6111,0.3333,0.8333,0.7,0.4833,0.9,0.6111,0.7
mobilenet_v3_large,le5,default_searched,default_weight_maxabs_searched,searched,searched,above_chance,3,1.0,1.0,1.0,1.0,1.0,1.0,1.0,1.0
mobilenet_v3_large,le5,default_searched,minimal_searched,searched,searched,all,10,0.8222,0.2,0.8222,0.9152,0.3161,0.9394,0.8222,0.9152
mobilenet_v3_large,le5,default_searched,minimal_searched,searched,searched,above_chance,3,1.0,0.3333,1.0,1.0,0.5,1.0,1.0,1.0
mobilenet_v3_large,le5,default_searched,v1_maxabs,searched,weak,all,10,-0.241,-0.5795,0.2108,-0.25,-0.6992,0.261,-0.241,-0.25
mobilenet_v3_large,le5,default_searched,v1_maxabs,searched,weak,above_chance,3,0.8165,0.8165,0.8165,0.866,0.866,0.866,0.8165,0.866
mobilenet_v3_large,le5,default_searched,v1_percentile_99_9,searched,weak,all,9,0.2785,-0.2166,0.5,0.3206,-0.2052,0.5745,0.2785,0.3206
mobilenet_v3_large,le5,default_searched,v1_percentile_99_9,searched,weak,above_chance,3,1.0,0.8165,1.0,1.0,0.866,1.0,1.0,1.0
mobilenet_v3_large,le5,default_no_bias_correction_searched,default_weight_maxabs_searched,searched,searched,all,9,0.3333,0.0,0.7222,0.4833,0.1167,0.85,0.3333,0.4833
mobilenet_v3_large,le5,default_no_bias_correction_searched,default_weight_maxabs_searched,searched,searched,above_chance,3,1.0,0.3333,1.0,1.0,0.5,1.0,1.0,1.0
mobilenet_v3_large,le5,default_no_bias_correction_searched,minimal_searched,searched,searched,all,9,0.4444,0.0556,0.7778,0.5667,0.15,0.887,0.4444,0.5667
mobilenet_v3_large,le5,default_no_bias_correction_searched,v1_maxabs,searched,weak,all,9,-0.1307,-0.5443,0.3823,-0.1336,-0.6606,0.4584,-0.1307,-0.1336
mobilenet_v3_large,le5,default_no_bias_correction_searched,v1_percentile_99_9,searched,weak,all,8,0.5641,-0.0412,0.7937,0.6008,-0.0246,0.885,0.5641,0.6008
mobilenet_v3_large,le5,default_weight_maxabs_searched,minimal_searched,searched,searched,all,9,0.4444,0.1667,0.8333,0.6167,0.2833,0.9333,0.4444,0.6167
mobilenet_v3_large,le5,default_weight_maxabs_searched,minimal_searched,searched,searched,above_chance,3,1.0,0.3333,1.0,1.0,0.5,1.0,1.0,1.0
mobilenet_v3_large,le5,default_weight_maxabs_searched,v1_maxabs,searched,weak,all,9,-0.0654,-0.5261,0.2981,-0.0713,-0.6558,0.3578,-0.0654,-0.0713
mobilenet_v3_large,le5,default_weight_maxabs_searched,v1_maxabs,searched,weak,above_chance,3,0.8165,0.8165,0.8165,0.866,0.866,0.866,0.8165,0.866
mobilenet_v3_large,le5,default_weight_maxabs_searched,v1_percentile_99_9,searched,weak,all,8,0.3223,-0.1543,0.6172,0.4005,-0.135,0.6997,0.3223,0.4005
mobilenet_v3_large,le5,default_weight_maxabs_searched,v1_percentile_99_9,searched,weak,above_chance,3,1.0,0.8165,1.0,1.0,0.866,1.0,1.0,1.0
mobilenet_v3_large,le5,minimal_searched,v1_maxabs,searched,weak,all,10,-0.2945,-0.5813,0.2666,-0.3619,-0.7168,0.3242,-0.2945,-0.3619
mobilenet_v3_large,le5,minimal_searched,v1_percentile_99_9,searched,weak,all,9,0.4023,-0.1547,0.7071,0.5112,-0.1454,0.8157,0.4023,0.5112
mobilenet_v3_large,le5,v1_maxabs,v1_percentile_99_9,weak,weak,all,9,0.0,-0.4234,0.5361,0.0097,-0.4866,0.6124,0.0,0.0097
mobilenet_v3_large,all,default,default_signed,strong,strong,all,25,0.9783,0.9583,0.9983,0.9963,0.9871,0.9998,0.9783,0.9963
mobilenet_v3_large,all,default,default_signed,strong,strong,above_chance,18,0.9836,0.9705,0.9967,0.9964,0.9912,0.9995,0.9836,0.9964
mobilenet_v3_large,all,default,default_no_bias_correction,strong,strong,all,25,0.7533,0.7133,0.82,0.9146,0.8992,0.9446,0.7533,0.9146
mobilenet_v3_large,all,default,default_no_bias_correction,strong,strong,above_chance,18,0.7647,0.7124,0.817,0.9009,0.8782,0.9236,0.7647,0.9009
mobilenet_v3_large,all,default,default_weight_maxabs,strong,strong,all,25,0.74,0.6667,0.7733,0.7792,0.6931,0.8246,0.74,0.7792
mobilenet_v3_large,all,default,default_weight_maxabs,strong,strong,above_chance,18,0.7124,0.634,0.7386,0.6863,0.6388,0.7214,0.7124,0.6863
mobilenet_v3_large,all,default,cum3_act_mse,strong,other,all,25,0.6467,0.5662,0.6935,0.7085,0.6597,0.7401,0.6467,0.7085
mobilenet_v3_large,all,default,cum3_act_mse,strong,other,above_chance,18,0.5425,0.4852,0.6078,0.6017,0.5707,0.6618,0.5425,0.6017
mobilenet_v3_large,all,default,rank_signed_no_bias_correction,strong,other,all,25,0.7513,0.7157,0.8247,0.9148,0.899,0.9463,0.7513,0.9148
mobilenet_v3_large,all,default,rank_signed_no_bias_correction,strong,other,above_chance,18,0.7607,0.7082,0.8224,0.9014,0.8735,0.9231,0.7607,0.9014
mobilenet_v3_large,all,default,rank_signed_weight_maxabs,strong,other,all,25,0.7379,0.6578,0.7713,0.764,0.6863,0.8221,0.7379,0.764
mobilenet_v3_large,all,default,rank_signed_weight_maxabs,strong,other,above_chance,18,0.7082,0.6426,0.7344,0.6846,0.6381,0.7217,0.7082,0.6846
mobilenet_v3_large,all,default,minimal,strong,other,all,25,0.6689,0.5729,0.7023,0.7164,0.6629,0.746,0.6689,0.7164
mobilenet_v3_large,all,default,minimal,strong,other,above_chance,18,0.5508,0.4852,0.6164,0.604,0.571,0.6618,0.5508,0.604
mobilenet_v3_large,all,default,default_unsigned,strong,strong,all,25,0.8867,0.84,0.9267,0.9692,0.9554,0.9831,0.8867,0.9692
mobilenet_v3_large,all,default,default_unsigned,strong,strong,above_chance,18,0.8431,0.7647,0.8824,0.9484,0.9092,0.9628,0.8431,0.9484
mobilenet_v3_large,all,default,default_searched,strong,searched,all,25,0.9933,0.96,1.0,0.9992,0.9915,1.0,0.9933,0.9992
mobilenet_v3_large,all,default,default_searched,strong,searched,above_chance,18,0.9869,0.9346,1.0,0.9979,0.9794,1.0,0.9869,0.9979
mobilenet_v3_large,all,default,default_no_bias_correction_searched,strong,searched,all,21,0.781,0.7143,0.8571,0.9221,0.8951,0.9597,0.781,0.9221
mobilenet_v3_large,all,default,default_no_bias_correction_searched,strong,searched,above_chance,15,0.8095,0.7333,0.8667,0.9214,0.8857,0.9429,0.8095,0.9214
mobilenet_v3_large,all,default,default_weight_maxabs_searched,strong,searched,all,21,0.6857,0.5967,0.7333,0.7351,0.6195,0.7974,0.6857,0.7351
mobilenet_v3_large,all,default,default_weight_maxabs_searched,strong,searched,above_chance,15,0.6571,0.5619,0.6762,0.6214,0.5607,0.6714,0.6571,0.6214
mobilenet_v3_large,all,default,minimal_searched,strong,searched,all,25,0.6823,0.5819,0.7112,0.7187,0.6658,0.7488,0.6823,0.7187
mobilenet_v3_large,all,default,minimal_searched,strong,searched,above_chance,18,0.5639,0.5066,0.6295,0.6082,0.5803,0.6684,0.5639,0.6082
mobilenet_v3_large,all,default,adaround_bc,strong,strong,all,5,0.8,0.8,1.0,0.9,0.9,1.0,0.8,0.9
mobilenet_v3_large,all,default,adaround_bc,strong,strong,above_chance,4,0.6667,0.6667,1.0,0.8,0.8,1.0,0.6667,0.8
mobilenet_v3_large,all,default,adaround_nobc,strong,strong,all,5,1.0,0.8,1.0,1.0,0.9,1.0,1.0,1.0
mobilenet_v3_large,all,default,adaround_nobc,strong,strong,above_chance,4,1.0,0.6667,1.0,1.0,0.8,1.0,1.0,1.0
mobilenet_v3_large,all,default,v1_maxabs,strong,weak,all,24,0.3975,0.3359,0.5302,0.515,0.4606,0.6453,0.3975,0.515
mobilenet_v3_large,all,default,v1_maxabs,strong,weak,above_chance,17,0.4061,0.3664,0.4964,0.4837,0.4392,0.5676,0.4061,0.4837
mobilenet_v3_large,all,default,v1_percentile_99_9,strong,weak,all,22,0.6328,0.5487,0.6923,0.6881,0.6329,0.7478,0.6328,0.6881
mobilenet_v3_large,all,default,v1_percentile_99_9,strong,weak,above_chance,16,0.5992,0.5546,0.6555,0.6234,0.5994,0.6878,0.5992,0.6234
mobilenet_v3_large,all,default_signed,default_no_bias_correction,strong,strong,all,25,0.7379,0.7112,0.8227,0.9117,0.8982,0.9444,0.7379,0.9117
mobilenet_v3_large,all,default_signed,default_no_bias_correction,strong,strong,above_chance,18,0.7607,0.7213,0.8262,0.9014,0.8776,0.9236,0.7607,0.9014
mobilenet_v3_large,all,default_signed,default_weight_maxabs,strong,strong,all,25,0.7579,0.6733,0.778,0.7821,0.6936,0.8282,0.7579,0.7821
mobilenet_v3_large,all,default_signed,default_weight_maxabs,strong,strong,above_chance,18,0.7213,0.6426,0.7344,0.6877,0.6402,0.7496,0.7213,0.6877
mobilenet_v3_large,all,default_signed,cum3_act_mse,strong,other,all,25,0.6444,0.5686,0.698,0.7051,0.6595,0.7445,0.6444,0.7051
mobilenet_v3_large,all,default_signed,cum3_act_mse,strong,other,above_chance,18,0.5639,0.4934,0.6164,0.6113,0.5741,0.6856,0.5639,0.6113
mobilenet_v3_large,all,default_signed,rank_signed_no_bias_correction,strong,other,all,25,0.7324,0.7124,0.8308,0.91,0.8992,0.9469,0.7324,0.91
mobilenet_v3_large,all,default_signed,rank_signed_no_bias_correction,strong,other,above_chance,18,0.75,0.7105,0.8289,0.8967,0.8719,0.9256,0.75,0.8967
mobilenet_v3_large,all,default_signed,rank_signed_weight_maxabs,strong,other,all,25,0.7324,0.6589,0.7659,0.7599,0.6865,0.8207,0.7324,0.7599
mobilenet_v3_large,all,default_signed,rank_signed_weight_maxabs,strong,other,above_chance,18,0.7237,0.6447,0.7368,0.688,0.6405,0.75,0.7237,0.688
mobilenet_v3_large,all,default_signed,minimal,strong,other,all,25,0.6633,0.5762,0.7102,0.7162,0.6629,0.7513,0.6633,0.7162
mobilenet_v3_large,all,default_signed,minimal,strong,other,above_chance,18,0.5658,0.4868,0.6184,0.6116,0.5723,0.6853,0.5658,0.6116
mobilenet_v3_large,all,default_signed,default_unsigned,strong,strong,all,25,0.8648,0.8247,0.9182,0.9629,0.9498,0.9806,0.8648,0.9629
mobilenet_v3_large,all,default_signed,default_unsigned,strong,strong,above_chance,18,0.8262,0.7607,0.8787,0.9375,0.9035,0.9602,0.8262,0.9375
mobilenet_v3_large,all,default_signed,default_searched,strong,searched,all,25,0.9716,0.9316,0.9917,0.9956,0.9829,0.999,0.9716,0.9956
mobilenet_v3_large,all,default_signed,default_searched,strong,searched,above_chance,18,0.9705,0.918,0.9967,0.9943,0.9726,0.9995,0.9705,0.9943
mobilenet_v3_large,all,default_signed,default_no_bias_correction_searched,strong,searched,all,21,0.759,0.7112,0.8544,0.9172,0.8938,0.9584,0.759,0.9172
mobilenet_v3_large,all,default_signed,default_no_bias_correction_searched,strong,searched,above_chance,15,0.8038,0.7273,0.8613,0.9223,0.8847,0.9419,0.8038,0.9223
mobilenet_v3_large,all,default_signed,default_weight_maxabs_searched,strong,searched,all,21,0.7112,0.5967,0.7399,0.7399,0.6203,0.8035,0.7112,0.7399
mobilenet_v3_large,all,default_signed,default_weight_maxabs_searched,strong,searched,above_chance,15,0.6699,0.5742,0.689,0.6238,0.5594,0.7096,0.6699,0.6238
mobilenet_v3_large,all,default_signed,minimal_searched,strong,searched,all,25,0.6767,0.5829,0.7169,0.7185,0.6662,0.7531,0.6767,0.7185
mobilenet_v3_large,all,default_signed,minimal_searched,strong,searched,above_chance,18,0.5789,0.5083,0.6316,0.6157,0.5806,0.6921,0.5789,0.6157
mobilenet_v3_large,all,default_signed,adaround_bc,strong,strong,all,5,0.8,0.8,1.0,0.9,0.9,1.0,0.8,0.9
mobilenet_v3_large,all,default_signed,adaround_bc,strong,strong,above_chance,4,0.6667,0.6667,1.0,0.8,0.8,1.0,0.6667,0.8
mobilenet_v3_large,all,default_signed,adaround_nobc,strong,strong,all,5,1.0,0.8,1.0,1.0,0.9,1.0,1.0,1.0
mobilenet_v3_large,all,default_signed,adaround_nobc,strong,strong,above_chance,4,1.0,0.6667,1.0,1.0,0.8,1.0,1.0,1.0
mobilenet_v3_large,all,default_signed,v1_maxabs,strong,weak,all,24,0.3975,0.3342,0.5281,0.5119,0.4585,0.6438,0.3975,0.5119
mobilenet_v3_large,all,default_signed,v1_maxabs,strong,weak,above_chance,17,0.3911,0.361,0.4907,0.4628,0.4377,0.5584,0.3911,0.4628
mobilenet_v3_large,all,default_signed,v1_percentile_99_9,strong,weak,all,22,0.6342,0.5506,0.6949,0.6883,0.6332,0.7518,0.6342,0.6883
mobilenet_v3_large,all,default_signed,v1_percentile_99_9,strong,weak,above_chance,16,0.6017,0.557,0.6639,0.6239,0.6013,0.7133,0.6017,0.6239
mobilenet_v3_large,all,default_no_bias_correction,default_weight_maxabs,strong,strong,all,25,0.56,0.5,0.6333,0.6746,0.5947,0.7369,0.56,0.6746
mobilenet_v3_large,all,default_no_bias_correction,default_weight_maxabs,strong,strong,above_chance,18,0.5033,0.451,0.5425,0.5583,0.515,0.5707,0.5033,0.5583
mobilenet_v3_large,all,default_no_bias_correction,cum3_act_mse,strong,other,all,25,0.6267,0.5638,0.6933,0.6631,0.622,0.7194,0.6267,0.6631
mobilenet_v3_large,all,default_no_bias_correction,cum3_act_mse,strong,other,above_chance,16,0.5167,0.477,0.5941,0.5353,0.5206,0.5754,0.5167,0.5353
mobilenet_v3_large,all,default_no_bias_correction,rank_signed_no_bias_correction,strong,other,all,25,0.9917,0.9447,0.9983,0.9987,0.9771,0.9998,0.9917,0.9987
mobilenet_v3_large,all,default_no_bias_correction,rank_signed_no_bias_correction,strong,other,above_chance,16,0.9791,0.9624,0.9958,0.9948,0.9875,0.9993,0.9791,0.9948
mobilenet_v3_large,all,default_no_bias_correction,rank_signed_weight_maxabs,strong,other,all,25,0.5643,0.5084,0.6311,0.6624,0.5974,0.7298,0.5643,0.6624
mobilenet_v3_large,all,default_no_bias_correction,rank_signed_weight_maxabs,strong,other,above_chance,18,0.5115,0.4459,0.5377,0.5607,0.5152,0.57,0.5115,0.5607
mobilenet_v3_large,all,default_no_bias_correction,minimal,strong,other,all,25,0.6154,0.5619,0.6935,0.6595,0.6237,0.7211,0.6154,0.6595
mobilenet_v3_large,all,default_no_bias_correction,minimal,strong,other,above_chance,16,0.5105,0.477,0.5941,0.5327,0.5199,0.5754,0.5105,0.5327
mobilenet_v3_large,all,default_no_bias_correction,default_unsigned,strong,strong,all,25,0.7867,0.72,0.8294,0.9346,0.9067,0.9521,0.7867,0.9346
mobilenet_v3_large,all,default_no_bias_correction,default_unsigned,strong,strong,above_chance,18,0.7647,0.7082,0.817,0.9154,0.8885,0.934,0.7647,0.9154
mobilenet_v3_large,all,default_no_bias_correction,default_searched,strong,searched,all,25,0.76,0.7133,0.82,0.9185,0.8992,0.946,0.76,0.9185
mobilenet_v3_large,all,default_no_bias_correction,default_searched,strong,searched,above_chance,18,0.7778,0.7124,0.817,0.9112,0.8762,0.9257,0.7778,0.9112
mobilenet_v3_large,all,default_no_bias_correction,default_no_bias_correction_searched,strong,searched,all,21,1.0,1.0,1.0,1.0,1.0,1.0,1.0,1.0
mobilenet_v3_large,all,default_no_bias_correction,default_no_bias_correction_searched,strong,searched,above_chance,13,1.0,1.0,1.0,1.0,1.0,1.0,1.0,1.0
mobilenet_v3_large,all,default_no_bias_correction,default_weight_maxabs_searched,strong,searched,all,21,0.5429,0.4571,0.6286,0.6558,0.5419,0.7351,0.5429,0.6558
mobilenet_v3_large,all,default_no_bias_correction,default_weight_maxabs_searched,strong,searched,above_chance,15,0.4667,0.4095,0.5238,0.5071,0.4571,0.5286,0.4667,0.5071
mobilenet_v3_large,all,default_no_bias_correction,minimal_searched,strong,searched,all,25,0.602,0.5552,0.689,0.6572,0.6222,0.7204,0.602,0.6572
mobilenet_v3_large,all,default_no_bias_correction,minimal_searched,strong,searched,above_chance,16,0.4937,0.4538,0.5714,0.5269,0.5136,0.5641,0.4937,0.5269
mobilenet_v3_large,all,default_no_bias_correction,adaround_bc,strong,strong,all,5,0.8,0.8,1.0,0.9,0.9,1.0,0.8,0.9
mobilenet_v3_large,all,default_no_bias_correction,adaround_bc,strong,strong,above_chance,4,0.6667,0.6667,1.0,0.8,0.8,1.0,0.6667,0.8
mobilenet_v3_large,all,default_no_bias_correction,adaround_nobc,strong,strong,all,5,1.0,1.0,1.0,1.0,1.0,1.0,1.0,1.0
mobilenet_v3_large,all,default_no_bias_correction,adaround_nobc,strong,strong,above_chance,4,1.0,1.0,1.0,1.0,1.0,1.0,1.0,1.0
mobilenet_v3_large,all,default_no_bias_correction,v1_maxabs,strong,weak,all,24,0.4357,0.3624,0.5661,0.5401,0.4796,0.6671,0.4357,0.5401
mobilenet_v3_large,all,default_no_bias_correction,v1_maxabs,strong,weak,above_chance,15,0.3479,0.2789,0.4252,0.3653,0.3202,0.4631,0.3479,0.3653
mobilenet_v3_large,all,default_no_bias_correction,v1_percentile_99_9,strong,weak,all,22,0.6595,0.5476,0.6806,0.6864,0.6096,0.7276,0.6595,0.6864
mobilenet_v3_large,all,default_no_bias_correction,v1_percentile_99_9,strong,weak,above_chance,14,0.442,0.3757,0.4641,0.4378,0.4048,0.4604,0.442,0.4378
mobilenet_v3_large,all,default_weight_maxabs,cum3_act_mse,strong,other,all,25,0.7733,0.7133,0.8543,0.9238,0.888,0.9633,0.7733,0.9238
mobilenet_v3_large,all,default_weight_maxabs,cum3_act_mse,strong,other,above_chance,16,0.8,0.7167,0.8333,0.9294,0.8824,0.9441,0.8,0.9294
mobilenet_v3_large,all,default_weight_maxabs,rank_signed_no_bias_correction,strong,other,all,25,0.5576,0.5042,0.6421,0.6736,0.5982,0.7413,0.5576,0.6736
mobilenet_v3_large,all,default_weight_maxabs,rank_signed_no_bias_correction,strong,other,above_chance,18,0.4984,0.4459,0.5377,0.5555,0.5101,0.57,0.4984,0.5555
mobilenet_v3_large,all,default_weight_maxabs,rank_signed_weight_maxabs,strong,other,all,25,0.9716,0.9514,0.9983,0.9921,0.9783,0.9998,0.9716,0.9921
mobilenet_v3_large,all,default_weight_maxabs,rank_signed_weight_maxabs,strong,other,above_chance,16,0.9958,0.9624,0.9958,0.9993,0.9875,0.9993,0.9958,0.9993
mobilenet_v3_large,all,default_weight_maxabs,minimal,strong,other,all,25,0.7893,0.7203,0.8658,0.9334,0.8905,0.9667,0.7893,0.9334
mobilenet_v3_large,all,default_weight_maxabs,minimal,strong,other,above_chance,16,0.8117,0.7113,0.8452,0.9316,0.8742,0.9448,0.8117,0.9316
mobilenet_v3_large,all,default_weight_maxabs,default_unsigned,strong,strong,all,25,0.64,0.58,0.6978,0.7262,0.6485,0.7854,0.64,0.7262
mobilenet_v3_large,all,default_weight_maxabs,default_unsigned,strong,strong,above_chance,18,0.5556,0.4771,0.6078,0.5996,0.5521,0.6288,0.5556,0.5996
mobilenet_v3_large,all,default_weight_maxabs,default_searched,strong,searched,all,25,0.7467,0.66,0.7667,0.78,0.6854,0.8208,0.7467,0.78
mobilenet_v3_large,all,default_weight_maxabs,default_searched,strong,searched,above_chance,18,0.7255,0.6209,0.7255,0.6883,0.6264,0.7193,0.7255,0.6883
mobilenet_v3_large,all,default_weight_maxabs,default_no_bias_correction_searched,strong,searched,all,21,0.5429,0.4571,0.6286,0.6558,0.5419,0.7351,0.5429,0.6558
mobilenet_v3_large,all,default_weight_maxabs,default_no_bias_correction_searched,strong,searched,above_chance,15,0.4667,0.4095,0.5238,0.5071,0.4571,0.5286,0.4667,0.5071
mobilenet_v3_large,all,default_weight_maxabs,default_weight_maxabs_searched,strong,searched,all,21,1.0,1.0,1.0,1.0,1.0,1.0,1.0,1.0
mobilenet_v3_large,all,default_weight_maxabs,default_weight_maxabs_searched,strong,searched,above_chance,13,1.0,1.0,1.0,1.0,1.0,1.0,1.0,1.0
mobilenet_v3_large,all,default_weight_maxabs,minimal_searched,strong,searched,all,25,0.8027,0.7291,0.8763,0.9365,0.8927,0.9696,0.8027,0.9365
mobilenet_v3_large,all,default_weight_maxabs,minimal_searched,strong,searched,above_chance,16,0.8285,0.728,0.8619,0.9375,0.8859,0.9522,0.8285,0.9375
mobilenet_v3_large,all,default_weight_maxabs,adaround_bc,strong,strong,all,5,0.6,0.2,0.6,0.7,0.0,0.7,0.6,0.7
mobilenet_v3_large,all,default_weight_maxabs,adaround_bc,strong,strong,above_chance,4,0.3333,0.0,0.3333,0.4,-0.2,0.4,0.3333,0.4
mobilenet_v3_large,all,default_weight_maxabs,adaround_nobc,strong,strong,all,5,0.4,0.2,0.4,0.4,0.0,0.4,0.4,0.4
mobilenet_v3_large,all,default_weight_maxabs,adaround_nobc,strong,strong,above_chance,4,0.0,0.0,0.0,-0.2,-0.2,-0.2,0.0,-0.2
mobilenet_v3_large,all,default_weight_maxabs,v1_maxabs,strong,weak,all,24,0.5045,0.4292,0.6294,0.6809,0.6146,0.8038,0.5045,0.6809
mobilenet_v3_large,all,default_weight_maxabs,v1_maxabs,strong,weak,above_chance,15,0.5411,0.4806,0.6124,0.6804,0.6308,0.7567,0.5411,0.6804
mobilenet_v3_large,all,default_weight_maxabs,v1_percentile_99_9,strong,weak,all,22,0.7308,0.6829,0.8301,0.8782,0.8446,0.9332,0.7308,0.8782
mobilenet_v3_large,all,default_weight_maxabs,v1_percentile_99_9,strong,weak,above_chance,14,0.8619,0.8177,0.9061,0.9593,0.9405,0.9725,0.8619,0.9593
mobilenet_v3_large,all,cum3_act_mse,rank_signed_no_bias_correction,other,other,all,25,0.6177,0.5552,0.689,0.6605,0.6199,0.7176,0.6177,0.6605
mobilenet_v3_large,all,cum3_act_mse,rank_signed_no_bias_correction,other,other,above_chance,16,0.4937,0.4603,0.5882,0.5254,0.5166,0.5725,0.4937,0.5254
mobilenet_v3_large,all,cum3_act_mse,rank_signed_weight_maxabs,other,other,all,25,0.7913,0.7294,0.8629,0.9352,0.8957,0.9658,0.7913,0.9352
mobilenet_v3_large,all,cum3_act_mse,rank_signed_weight_maxabs,other,other,above_chance,16,0.8117,0.728,0.8452,0.9316,0.8889,0.9463,0.8117,0.9316
mobilenet_v3_large,all,cum3_act_mse,minimal,other,other,all,25,0.9833,0.9514,0.9983,0.9965,0.9811,0.9998,0.9833,0.9965
mobilenet_v3_large,all,cum3_act_mse,minimal,other,other,above_chance,13,0.9936,0.942,0.9936,0.9986,0.9766,0.9986,0.9936,0.9986
mobilenet_v3_large,all,cum3_act_mse,default_unsigned,other,strong,all,25,0.6133,0.5309,0.6601,0.6831,0.6328,0.7192,0.6133,0.6831
mobilenet_v3_large,all,cum3_act_mse,default_unsigned,other,strong,above_chance,18,0.4902,0.4248,0.5686,0.5666,0.5362,0.6071,0.4902,0.5666
mobilenet_v3_large,all,cum3_act_mse,default_searched,other,searched,all,25,0.6533,0.5576,0.6912,0.71,0.652,0.7385,0.6533,0.71
mobilenet_v3_large,all,cum3_act_mse,default_searched,other,searched,above_chance,18,0.5556,0.4641,0.6033,0.6058,0.5583,0.6594,0.5556,0.6058
mobilenet_v3_large,all,cum3_act_mse,default_no_bias_correction_searched,other,searched,all,21,0.5714,0.488,0.6476,0.6143,0.5586,0.6742,0.5714,0.6143
mobilenet_v3_large,all,cum3_act_mse,default_no_bias_correction_searched,other,searched,above_chance,13,0.4103,0.3484,0.5128,0.4396,0.4121,0.5007,0.4103,0.4396
mobilenet_v3_large,all,cum3_act_mse,default_weight_maxabs_searched,other,searched,all,21,0.7429,0.6857,0.8585,0.9039,0.8648,0.9627,0.7429,0.9039
mobilenet_v3_large,all,cum3_act_mse,default_weight_maxabs_searched,other,searched,above_chance,13,0.7949,0.6923,0.8718,0.9286,0.8681,0.9505,0.7949,0.9286
mobilenet_v3_large,all,cum3_act_mse,minimal_searched,other,searched,all,25,0.9699,0.9277,0.9915,0.995,0.9758,0.9988,0.9699,0.995
mobilenet_v3_large,all,cum3_act_mse,minimal_searched,other,searched,above_chance,13,0.9678,0.8903,0.9936,0.9931,0.9601,0.9986,0.9678,0.9931
mobilenet_v3_large,all,cum3_act_mse,adaround_bc,other,strong,all,5,0.4,0.2,0.527,0.4,0.0,0.5643,0.4,0.4
mobilenet_v3_large,all,cum3_act_mse,adaround_bc,other,strong,above_chance,4,0.3333,0.0,0.3333,0.4,-0.2,0.4,0.3333,0.4
mobilenet_v3_large,all,cum3_act_mse,adaround_nobc,other,strong,all,5,0.2,0.2,0.3162,0.0,0.0,0.2052,0.2,0.0
mobilenet_v3_large,all,cum3_act_mse,adaround_nobc,other,strong,above_chance,4,0.0,0.0,0.0,-0.2,-0.2,-0.2,0.0,-0.2
mobilenet_v3_large,all,cum3_act_mse,v1_maxabs,other,weak,all,24,0.5351,0.4721,0.6696,0.7038,0.6591,0.8243,0.5351,0.7038
mobilenet_v3_large,all,cum3_act_mse,v1_maxabs,other,weak,above_chance,12,0.5231,0.4122,0.5758,0.579,0.5175,0.613,0.5231,0.579
mobilenet_v3_large,all,cum3_act_mse,v1_percentile_99_9,other,weak,all,22,0.8378,0.7223,0.8773,0.9384,0.8682,0.9645,0.8378,0.9384
mobilenet_v3_large,all,cum3_act_mse,v1_percentile_99_9,other,weak,above_chance,12,0.8397,0.7481,0.8703,0.9422,0.8932,0.9562,0.8397,0.9422
mobilenet_v3_large,all,rank_signed_no_bias_correction,rank_signed_weight_maxabs,other,other,all,25,0.5585,0.5025,0.6321,0.6606,0.5952,0.7293,0.5585,0.6606
mobilenet_v3_large,all,rank_signed_no_bias_correction,rank_signed_weight_maxabs,other,other,above_chance,18,0.5,0.4474,0.5395,0.5558,0.5083,0.5682,0.5,0.5558
mobilenet_v3_large,all,rank_signed_no_bias_correction,minimal,other,other,all,25,0.6097,0.5623,0.6968,0.6577,0.6231,0.7228,0.6097,0.6577
mobilenet_v3_large,all,rank_signed_no_bias_correction,minimal,other,other,above_chance,16,0.4958,0.4622,0.5966,0.5258,0.5169,0.5758,0.4958,0.5258
mobilenet_v3_large,all,rank_signed_no_bias_correction,default_unsigned,other,strong,all,25,0.798,0.7245,0.8322,0.9375,0.9079,0.9536,0.798,0.9375
mobilenet_v3_large,all,rank_signed_no_bias_correction,default_unsigned,other,strong,above_chance,18,0.7869,0.7082,0.8262,0.9231,0.889,0.9344,0.7869,0.9231
mobilenet_v3_large,all,rank_signed_no_bias_correction,default_searched,other,searched,all,25,0.7579,0.7112,0.8294,0.9186,0.8998,0.9477,0.7579,0.9186
mobilenet_v3_large,all,rank_signed_no_bias_correction,default_searched,other,searched,above_chance,18,0.7738,0.7082,0.8262,0.9117,0.8735,0.9272,0.7738,0.9117
mobilenet_v3_large,all,rank_signed_no_bias_correction,default_no_bias_correction_searched,other,searched,all,21,0.9881,0.9282,0.9976,0.9977,0.9704,0.9997,0.9881,0.9977
mobilenet_v3_large,all,rank_signed_no_bias_correction,default_no_bias_correction_searched,other,searched,above_chance,13,0.9678,0.942,0.9936,0.9904,0.9766,0.9986,0.9678,0.9904
mobilenet_v3_large,all,rank_signed_no_bias_correction,default_weight_maxabs_searched,other,searched,all,21,0.5394,0.4689,0.6364,0.6541,0.5463,0.7375,0.5394,0.6541
mobilenet_v3_large,all,rank_signed_no_bias_correction,default_weight_maxabs_searched,other,searched,above_chance,15,0.4593,0.4019,0.5359,0.5022,0.4486,0.529,0.4593,0.5022
mobilenet_v3_large,all,rank_signed_no_bias_correction,minimal_searched,other,searched,all,25,0.5963,0.5537,0.6901,0.6554,0.6219,0.7223,0.5963,0.6554
mobilenet_v3_large,all,rank_signed_no_bias_correction,minimal_searched,other,searched,above_chance,16,0.479,0.4454,0.5738,0.5199,0.511,0.566,0.479,0.5199
mobilenet_v3_large,all,rank_signed_no_bias_correction,adaround_bc,other,strong,all,5,0.8,0.8,1.0,0.9,0.9,1.0,0.8,0.9
mobilenet_v3_large,all,rank_signed_no_bias_correction,adaround_bc,other,strong,above_chance,4,0.6667,0.6667,1.0,0.8,0.8,1.0,0.6667,0.8
mobilenet_v3_large,all,rank_signed_no_bias_correction,adaround_nobc,other,strong,all,5,1.0,1.0,1.0,1.0,1.0,1.0,1.0,1.0
mobilenet_v3_large,all,rank_signed_no_bias_correction,adaround_nobc,other,strong,above_chance,4,1.0,1.0,1.0,1.0,1.0,1.0,1.0,1.0
mobilenet_v3_large,all,rank_signed_no_bias_correction,v1_maxabs,other,weak,all,24,0.4434,0.3626,0.572,0.5463,0.4799,0.6726,0.4434,0.5463
mobilenet_v3_large,all,rank_signed_no_bias_correction,v1_maxabs,other,weak,above_chance,15,0.3672,0.2871,0.437,0.3903,0.3298,0.4741,0.3672,0.3903
mobilenet_v3_large,all,rank_signed_no_bias_correction,v1_percentile_99_9,other,weak,all,22,0.652,0.5455,0.6796,0.6837,0.6081,0.7268,0.652,0.6837
mobilenet_v3_large,all,rank_signed_no_bias_correction,v1_percentile_99_9,other,weak,above_chance,14,0.4222,0.3778,0.4667,0.4273,0.4009,0.4609,0.4222,0.4273
mobilenet_v3_large,all,rank_signed_weight_maxabs,minimal,other,other,all,25,0.804,0.7261,0.8643,0.9367,0.8941,0.9653,0.804,0.9367
mobilenet_v3_large,all,rank_signed_weight_maxabs,minimal,other,other,above_chance,16,0.8151,0.7143,0.8487,0.9323,0.8763,0.947,0.8151,0.9323
mobilenet_v3_large,all,rank_signed_weight_maxabs,default_unsigned,other,strong,all,25,0.6377,0.5643,0.6978,0.7113,0.6428,0.7828,0.6377,0.7113
mobilenet_v3_large,all,rank_signed_weight_maxabs,default_unsigned,other,strong,above_chance,18,0.5508,0.4721,0.6164,0.5968,0.5493,0.6298,0.5508,0.5968
mobilenet_v3_large,all,rank_signed_weight_maxabs,default_searched,other,searched,all,25,0.7446,0.6444,0.7713,0.7648,0.6782,0.8182,0.7446,0.7648
mobilenet_v3_large,all,rank_signed_weight_maxabs,default_searched,other,searched,above_chance,18,0.7213,0.6164,0.7344,0.6866,0.6257,0.7197,0.7213,0.6866
mobilenet_v3_large,all,rank_signed_weight_maxabs,default_no_bias_correction_searched,other,searched,all,21,0.5489,0.4689,0.6253,0.6392,0.545,0.7249,0.5489,0.6392
mobilenet_v3_large,all,rank_signed_weight_maxabs,default_no_bias_correction_searched,other,searched,above_chance,15,0.4785,0.4019,0.5359,0.5112,0.454,0.5308,0.4785,0.5112
mobilenet_v3_large,all,rank_signed_weight_maxabs,default_weight_maxabs_searched,other,searched,all,21,0.9594,0.9308,0.9976,0.9867,0.9633,0.9997,0.9594,0.9867
mobilenet_v3_large,all,rank_signed_weight_maxabs,default_weight_maxabs_searched,other,searched,above_chance,13,0.9936,0.942,0.9936,0.9986,0.9766,0.9986,0.9936,0.9986
mobilenet_v3_large,all,rank_signed_weight_maxabs,minimal_searched,other,searched,all,25,0.8174,0.7349,0.8751,0.9398,0.8951,0.9683,0.8174,0.9398
mobilenet_v3_large,all,rank_signed_weight_maxabs,minimal_searched,other,searched,above_chance,16,0.8319,0.7311,0.8655,0.9381,0.8881,0.9529,0.8319,0.9381
mobilenet_v3_large,all,rank_signed_weight_maxabs,adaround_bc,other,strong,all,5,0.4,0.2,0.6,0.4,0.0,0.7,0.4,0.4
mobilenet_v3_large,all,rank_signed_weight_maxabs,adaround_bc,other,strong,above_chance,4,0.3333,0.0,0.3333,0.4,-0.2,0.4,0.3333,0.4
mobilenet_v3_large,all,rank_signed_weight_maxabs,adaround_nobc,other,strong,all,5,0.2,0.2,0.4,0.0,0.0,0.4,0.2,0.0
mobilenet_v3_large,all,rank_signed_weight_maxabs,adaround_nobc,other,strong,above_chance,4,0.0,0.0,0.0,-0.2,-0.2,-0.2,0.0,-0.2
mobilenet_v3_large,all,rank_signed_weight_maxabs,v1_maxabs,other,weak,all,24,0.5122,0.4316,0.6294,0.6836,0.6164,0.8016,0.5122,0.6836
mobilenet_v3_large,all,rank_signed_weight_maxabs,v1_maxabs,other,weak,above_chance,15,0.5411,0.4758,0.6118,0.6804,0.6308,0.7426,0.5411,0.6804
mobilenet_v3_large,all,rank_signed_weight_maxabs,v1_percentile_99_9,other,weak,all,22,0.7324,0.6846,0.8294,0.8779,0.8448,0.9324,0.7324,0.8779
mobilenet_v3_large,all,rank_signed_weight_maxabs,v1_percentile_99_9,other,weak,above_chance,14,0.8667,0.8222,0.9111,0.9604,0.946,0.9736,0.8667,0.9604
mobilenet_v3_large,all,minimal,default_unsigned,other,strong,all,25,0.6221,0.5369,0.6689,0.6864,0.6372,0.7243,0.6221,0.6864
mobilenet_v3_large,all,minimal,default_unsigned,other,strong,above_chance,18,0.4984,0.4328,0.5771,0.57,0.5382,0.6074,0.4984,0.57
mobilenet_v3_large,all,minimal,default_searched,other,searched,all,25,0.6756,0.5643,0.698,0.718,0.656,0.7441,0.6756,0.718
mobilenet_v3_large,all,minimal,default_searched,other,searched,above_chance,18,0.5639,0.4671,0.6073,0.6082,0.5589,0.6581,0.5639,0.6082
mobilenet_v3_large,all,minimal,default_no_bias_correction_searched,other,searched,all,21,0.5646,0.488,0.6475,0.6134,0.5606,0.6764,0.5646,0.6134
mobilenet_v3_large,all,minimal,default_no_bias_correction_searched,other,searched,above_chance,13,0.4,0.3377,0.5065,0.4347,0.4099,0.4986,0.4,0.4347
mobilenet_v3_large,all,minimal,default_weight_maxabs_searched,other,searched,all,21,0.756,0.6921,0.875,0.911,0.8683,0.9678,0.756,0.911
mobilenet_v3_large,all,minimal,default_weight_maxabs_searched,other,searched,above_chance,13,0.8129,0.6839,0.8645,0.9326,0.8583,0.9546,0.8129,0.9326
mobilenet_v3_large,all,minimal,minimal_searched,other,searched,all,25,0.9866,0.953,0.9933,0.9985,0.9861,0.9992,0.9866,0.9985
mobilenet_v3_large,all,minimal,minimal_searched,other,searched,above_chance,13,0.974,0.9481,1.0,0.9945,0.9835,1.0,0.974,0.9945
mobilenet_v3_large,all,minimal,adaround_bc,other,strong,all,5,0.4,0.2,0.527,0.4,0.0,0.5643,0.4,0.4
mobilenet_v3_large,all,minimal,adaround_bc,other,strong,above_chance,4,0.3333,0.0,0.3333,0.4,-0.2,0.4,0.3333,0.4
mobilenet_v3_large,all,minimal,adaround_nobc,other,strong,all,5,0.2,0.2,0.3162,0.0,0.0,0.2052,0.2,0.0
mobilenet_v3_large,all,minimal,adaround_nobc,other,strong,above_chance,4,0.0,0.0,0.0,-0.2,-0.2,-0.2,0.0,-0.2
mobilenet_v3_large,all,minimal,v1_maxabs,other,weak,all,24,0.5552,0.4768,0.6762,0.715,0.6614,0.8289,0.5552,0.715
mobilenet_v3_large,all,minimal,v1_maxabs,other,weak,above_chance,12,0.5231,0.4122,0.5954,0.579,0.5175,0.7133,0.5231,0.579
mobilenet_v3_large,all,minimal,v1_percentile_99_9,other,weak,all,22,0.8459,0.725,0.8791,0.9415,0.8696,0.9642,0.8459,0.9415
mobilenet_v3_large,all,minimal,v1_percentile_99_9,other,weak,above_chance,12,0.8462,0.7442,0.8769,0.9439,0.8877,0.9579,0.8462,0.9439
mobilenet_v3_large,all,default_unsigned,default_searched,strong,searched,all,25,0.88,0.8333,0.92,0.9654,0.9515,0.98,0.88,0.9654
mobilenet_v3_large,all,default_unsigned,default_searched,strong,searched,above_chance,18,0.8301,0.7516,0.8693,0.9381,0.8989,0.9546,0.8301,0.9381
mobilenet_v3_large,all,default_unsigned,default_no_bias_correction_searched,strong,searched,all,21,0.8381,0.7494,0.8857,0.9545,0.9117,0.974,0.8381,0.9545
mobilenet_v3_large,all,default_unsigned,default_no_bias_correction_searched,strong,searched,above_chance,15,0.8286,0.7714,0.9048,0.9429,0.9143,0.9714,0.8286,0.9429
mobilenet_v3_large,all,default_unsigned,default_weight_maxabs_searched,strong,searched,all,21,0.5905,0.5143,0.6667,0.6714,0.571,0.7571,0.5905,0.6714
mobilenet_v3_large,all,default_unsigned,default_weight_maxabs_searched,strong,searched,above_chance,15,0.5238,0.4476,0.581,0.5357,0.4786,0.5643,0.5238,0.5357
mobilenet_v3_large,all,default_unsigned,minimal_searched,strong,searched,all,25,0.6355,0.5418,0.6712,0.6918,0.6373,0.7245,0.6355,0.6918
mobilenet_v3_large,all,default_unsigned,minimal_searched,strong,searched,above_chance,18,0.5115,0.4459,0.5855,0.572,0.541,0.6105,0.5115,0.572
mobilenet_v3_large,all,default_unsigned,adaround_bc,strong,strong,all,5,0.8,0.8,1.0,0.9,0.9,1.0,0.8,0.9
mobilenet_v3_large,all,default_unsigned,adaround_bc,strong,strong,above_chance,4,0.6667,0.6667,1.0,0.8,0.8,1.0,0.6667,0.8
mobilenet_v3_large,all,default_unsigned,adaround_nobc,strong,strong,all,5,1.0,1.0,1.0,1.0,1.0,1.0,1.0,1.0
mobilenet_v3_large,all,default_unsigned,adaround_nobc,strong,strong,above_chance,4,1.0,1.0,1.0,1.0,1.0,1.0,1.0,1.0
mobilenet_v3_large,all,default_unsigned,v1_maxabs,strong,weak,all,24,0.4128,0.3399,0.5379,0.5181,0.4574,0.6475,0.4128,0.5181
mobilenet_v3_large,all,default_unsigned,v1_maxabs,strong,weak,above_chance,17,0.4813,0.3758,0.5209,0.5366,0.4439,0.5857,0.4813,0.5366
mobilenet_v3_large,all,default_unsigned,v1_percentile_99_9,strong,weak,all,22,0.5793,0.5104,0.66,0.6574,0.603,0.7254,0.5793,0.6574
mobilenet_v3_large,all,default_unsigned,v1_percentile_99_9,strong,weak,above_chance,16,0.5486,0.4916,0.6103,0.5807,0.5567,0.6242,0.5486,0.5807
mobilenet_v3_large,all,default_searched,default_no_bias_correction_searched,searched,searched,all,21,0.781,0.7143,0.8571,0.9221,0.8951,0.9597,0.781,0.9221
mobilenet_v3_large,all,default_searched,default_no_bias_correction_searched,searched,searched,above_chance,15,0.8095,0.7333,0.8667,0.9214,0.8857,0.9429,0.8095,0.9214
mobilenet_v3_large,all,default_searched,default_weight_maxabs_searched,searched,searched,all,21,0.6857,0.5967,0.7333,0.7351,0.6195,0.7974,0.6857,0.7351
mobilenet_v3_large,all,default_searched,default_weight_maxabs_searched,searched,searched,above_chance,15,0.6571,0.5619,0.6762,0.6214,0.5607,0.6714,0.6571,0.6214
mobilenet_v3_large,all,default_searched,minimal_searched,searched,searched,all,25,0.689,0.5729,0.709,0.7203,0.659,0.7461,0.689,0.7203
mobilenet_v3_large,all,default_searched,minimal_searched,searched,searched,above_chance,18,0.5771,0.4852,0.625,0.6123,0.5658,0.666,0.5771,0.6123
mobilenet_v3_large,all,default_searched,adaround_bc,searched,strong,all,5,0.8,0.8,1.0,0.9,0.9,1.0,0.8,0.9
mobilenet_v3_large,all,default_searched,adaround_bc,searched,strong,above_chance,4,0.6667,0.6667,1.0,0.8,0.8,1.0,0.6667,0.8
mobilenet_v3_large,all,default_searched,adaround_nobc,searched,strong,all,5,1.0,0.8,1.0,1.0,0.9,1.0,1.0,1.0
mobilenet_v3_large,all,default_searched,adaround_nobc,searched,strong,above_chance,4,1.0,0.6667,1.0,1.0,0.8,1.0,1.0,1.0
mobilenet_v3_large,all,default_searched,v1_maxabs,searched,weak,all,24,0.4052,0.3324,0.5284,0.5159,0.4576,0.6442,0.4052,0.5159
mobilenet_v3_large,all,default_searched,v1_maxabs,searched,weak,above_chance,17,0.4212,0.3548,0.4926,0.4862,0.4314,0.5688,0.4212,0.4862
mobilenet_v3_large,all,default_searched,v1_percentile_99_9,searched,weak,all,22,0.6417,0.5462,0.6934,0.6903,0.6276,0.7468,0.6417,0.6903
mobilenet_v3_large,all,default_searched,v1_percentile_99_9,searched,weak,above_chance,16,0.6161,0.5486,0.6611,0.6293,0.5906,0.6819,0.6161,0.6293
mobilenet_v3_large,all,default_no_bias_correction_searched,default_weight_maxabs_searched,searched,searched,all,21,0.5429,0.4571,0.6286,0.6558,0.5419,0.7351,0.5429,0.6558
mobilenet_v3_large,all,default_no_bias_correction_searched,default_weight_maxabs_searched,searched,searched,above_chance,15,0.4667,0.4095,0.5238,0.5071,0.4571,0.5286,0.4667,0.5071
mobilenet_v3_large,all,default_no_bias_correction_searched,minimal_searched,searched,searched,all,21,0.5646,0.488,0.6475,0.6134,0.5606,0.6764,0.5646,0.6134
mobilenet_v3_large,all,default_no_bias_correction_searched,minimal_searched,searched,searched,above_chance,13,0.4,0.3377,0.5065,0.4347,0.4099,0.4986,0.4,0.4347
mobilenet_v3_large,all,default_no_bias_correction_searched,adaround_bc,searched,strong,all,5,0.8,0.8,1.0,0.9,0.9,1.0,0.8,0.9
mobilenet_v3_large,all,default_no_bias_correction_searched,adaround_bc,searched,strong,above_chance,4,0.6667,0.6667,1.0,0.8,0.8,1.0,0.6667,0.8
mobilenet_v3_large,all,default_no_bias_correction_searched,adaround_nobc,searched,strong,all,5,1.0,1.0,1.0,1.0,1.0,1.0,1.0,1.0
mobilenet_v3_large,all,default_no_bias_correction_searched,adaround_nobc,searched,strong,above_chance,4,1.0,1.0,1.0,1.0,1.0,1.0,1.0,1.0
mobilenet_v3_large,all,default_no_bias_correction_searched,v1_maxabs,searched,weak,all,20,0.4098,0.3005,0.5581,0.498,0.4094,0.6492,0.4098,0.498
mobilenet_v3_large,all,default_no_bias_correction_searched,v1_maxabs,searched,weak,above_chance,12,0.3257,0.2189,0.4497,0.3339,0.2787,0.4727,0.3257,0.3339
mobilenet_v3_large,all,default_no_bias_correction_searched,v1_percentile_99_9,searched,weak,all,18,0.597,0.4633,0.6512,0.6108,0.5161,0.6817,0.597,0.6108
mobilenet_v3_large,all,default_no_bias_correction_searched,v1_percentile_99_9,searched,weak,above_chance,11,0.367,0.2936,0.4074,0.3462,0.3235,0.379,0.367,0.3462
mobilenet_v3_large,all,default_weight_maxabs_searched,minimal_searched,searched,searched,all,21,0.756,0.6921,0.875,0.911,0.8683,0.9678,0.756,0.911
mobilenet_v3_large,all,default_weight_maxabs_searched,minimal_searched,searched,searched,above_chance,13,0.8129,0.6839,0.8645,0.9326,0.8583,0.9546,0.8129,0.9326
mobilenet_v3_large,all,default_weight_maxabs_searched,adaround_bc,searched,strong,all,5,0.6,0.2,0.6,0.7,0.0,0.7,0.6,0.7
mobilenet_v3_large,all,default_weight_maxabs_searched,adaround_bc,searched,strong,above_chance,4,0.3333,0.0,0.3333,0.4,-0.2,0.4,0.3333,0.4
mobilenet_v3_large,all,default_weight_maxabs_searched,adaround_nobc,searched,strong,all,5,0.4,0.2,0.4,0.4,0.0,0.4,0.4,0.4
mobilenet_v3_large,all,default_weight_maxabs_searched,adaround_nobc,searched,strong,above_chance,4,0.0,0.0,0.0,-0.2,-0.2,-0.2,0.0,-0.2
mobilenet_v3_large,all,default_weight_maxabs_searched,v1_maxabs,searched,weak,all,20,0.421,0.3357,0.6007,0.6064,0.5162,0.7787,0.421,0.6064
mobilenet_v3_large,all,default_weight_maxabs_searched,v1_maxabs,searched,weak,above_chance,12,0.5118,0.4449,0.626,0.6925,0.6268,0.7888,0.5118,0.6925
mobilenet_v3_large,all,default_weight_maxabs_searched,v1_percentile_99_9,searched,weak,all,18,0.7191,0.638,0.8392,0.8585,0.8008,0.9326,0.7191,0.8585
mobilenet_v3_large,all,default_weight_maxabs_searched,v1_percentile_99_9,searched,weak,above_chance,11,0.8808,0.8441,0.9259,0.9613,0.9476,0.9726,0.8808,0.9613
mobilenet_v3_large,all,minimal_searched,adaround_bc,searched,strong,all,5,0.4,0.2,0.527,0.4,0.0,0.5643,0.4,0.4
mobilenet_v3_large,all,minimal_searched,adaround_bc,searched,strong,above_chance,4,0.3333,0.0,0.3333,0.4,-0.2,0.4,0.3333,0.4
mobilenet_v3_large,all,minimal_searched,adaround_nobc,searched,strong,all,5,0.2,0.2,0.3162,0.0,0.0,0.2052,0.2,0.0
mobilenet_v3_large,all,minimal_searched,adaround_nobc,searched,strong,above_chance,4,0.0,0.0,0.0,-0.2,-0.2,-0.2,0.0,-0.2
mobilenet_v3_large,all,minimal_searched,v1_maxabs,searched,weak,all,24,0.5629,0.489,0.687,0.7176,0.6653,0.8331,0.5629,0.7176
mobilenet_v3_large,all,minimal_searched,v1_maxabs,searched,weak,above_chance,12,0.5539,0.4545,0.6364,0.6,0.5455,0.7343,0.5539,0.6
mobilenet_v3_large,all,minimal_searched,v1_percentile_99_9,searched,weak,all,22,0.8459,0.7363,0.8896,0.9375,0.8721,0.967,0.8459,0.9375
mobilenet_v3_large,all,minimal_searched,v1_percentile_99_9,searched,weak,above_chance,12,0.8769,0.7846,0.9077,0.9649,0.9088,0.9719,0.8769,0.9649
mobilenet_v3_large,all,adaround_bc,adaround_nobc,strong,strong,all,5,0.8,0.8,1.0,0.9,0.9,1.0,0.8,0.9
mobilenet_v3_large,all,adaround_bc,adaround_nobc,strong,strong,above_chance,4,0.6667,0.6667,1.0,0.8,0.8,1.0,0.6667,0.8
mobilenet_v3_large,all,adaround_bc,v1_maxabs,strong,weak,all,5,0.1195,-0.3162,0.6325,0.2236,-0.3078,0.7071,0.1195,0.2236
mobilenet_v3_large,all,adaround_bc,v1_maxabs,strong,weak,above_chance,4,0.1826,-0.3333,0.7071,0.3162,-0.4,0.7746,0.1826,0.3162
mobilenet_v3_large,all,adaround_bc,v1_percentile_99_9,strong,weak,all,5,0.4,0.2,0.527,0.4,0.0,0.5643,0.4,0.4
mobilenet_v3_large,all,adaround_bc,v1_percentile_99_9,strong,weak,above_chance,4,0.3333,0.0,0.3333,0.4,-0.2,0.4,0.3333,0.4
mobilenet_v3_large,all,adaround_nobc,v1_maxabs,strong,weak,all,5,-0.1195,-0.3162,0.3586,-0.2236,-0.3591,0.3536,-0.1195,-0.2236
mobilenet_v3_large,all,adaround_nobc,v1_maxabs,strong,weak,above_chance,4,-0.1826,-0.3333,0.2357,-0.3162,-0.4,0.2582,-0.1826,-0.3162
mobilenet_v3_large,all,adaround_nobc,v1_percentile_99_9,strong,weak,all,5,0.2,0.2,0.3162,0.0,0.0,0.2052,0.2,0.0
mobilenet_v3_large,all,adaround_nobc,v1_percentile_99_9,strong,weak,above_chance,4,0.0,0.0,0.0,-0.2,-0.2,-0.2,0.0,-0.2
mobilenet_v3_large,all,v1_maxabs,v1_percentile_99_9,weak,weak,all,21,0.5732,0.4557,0.6914,0.7056,0.601,0.8287,0.5732,0.7056
mobilenet_v3_large,all,v1_maxabs,v1_percentile_99_9,weak,weak,above_chance,11,0.4404,0.3303,0.5138,0.5148,0.4,0.589,0.4404,0.5148
