source,model,group,unit,format,recipe,family,bits,top1_expected,top1_lowest,top1_topk,fp32_top1,agree_expected_lo,agree_expected_hi,agree_undetermined_images,agree_lowest,agree_lowest_undetermined_images,agree_topk,flip_correct_to_wrong,flip_wrong_to_correct,flip_expected_loss,flip_expected_gain,top5_overlap,fp32_top1_in_top5,tied_top1_images,diff_lowest_vs_fp32_pp,diff_lowest_vs_fp32_ci95,mcnemar_p_vs_fp32,record
matrix,mobilenet_v2,minimal,bfp6@cum1_fused,bfp6,cum1_fused,bfp,6,63.908333,64.2,63.7,72.1,73.716667,73.716667,0,74.4,0,74.2,114,35,118.833333,36.916667,66.32,91.9,76,-7.9,"[-10.3, -5.6]",0.0,artifacts/experiment_b2/matrix/readout/55864fe2a39887141b636ad9b6b593d5f8051902e2a2b3b2f44551d1ee4c8948.npz
matrix,mobilenet_v2,default,bfp6@cum5_act_maxabs,bfp6,cum5_act_maxabs,bfp,6,65.6,65.8,65.8,72.1,76.983333,76.983333,0,77.1,0,77.1,92,29,92.666667,27.666667,69.12,95.6,81,-6.3,"[-8.4, -4.2]",0.0,artifacts/experiment_b2/matrix/readout/5d7960b2cf56a62c8ebea94f274adf257d3cd0fc05a48c081dcf066321fca203.npz
matrix,mobilenet_v2,default,bfp6,bfp6,default,bfp,6,61.516667,61.2,61.4,72.1,70.35,70.35,0,70.3,0,70.3,138,29,136.333333,30.5,62.22,91.2,66,-10.9,"[-13.3, -8.5]",0.0,artifacts/experiment_b2/matrix/readout/cf4ce6e31461ac2d8b2d0b9da09e325fccf5943e0d84ef461c9a3dc8d4d32403.npz
matrix,mobilenet_v2,minimal,bfp6,bfp6,minimal,bfp,6,62.983333,62.5,61.9,72.1,73.083333,73.083333,0,73.0,0,72.7,128,32,125.666667,34.5,66.62,91.5,81,-9.6,"[-12.0, -7.2]",0.0,artifacts/experiment_b2/matrix/readout/afb24c1c7f4adbf6b40833ccad90dd7eac9131036b9f7e66fc6274d759311133.npz
matrix,mobilenet_v2,default,binary_pm1,binary_pm1,default,binary,1,0.1,0.1,0.1,72.1,0.000422,0.202321,957,0.1,0,0.1,720,0,720.350211,0.350211,0.52,0.2,1000,-72.0,"[-74.7, -69.2]",0.0,artifacts/experiment_b2/matrix/readout/2fed1651c926c5f25a700ec7a14423f65c55f27614e23b362f6feaedd378cf56.npz
matrix,mobilenet_v2,minimal,binary_pm1,binary_pm1,minimal,binary,1,0.1001,0.1,0.1,72.1,0.000515,0.103099,995,0.1,0,0.1,720,0,720.272197,0.2732,0.38,0.5,1000,-72.0,"[-74.7, -69.2]",0.0,artifacts/experiment_b2/matrix/readout/af6cbcf6bb1e57d8cf1f170101cc86db8c327f66050702abd0e07bdbe9f31077.npz
matrix,mobilenet_v2,baseline,fp32,fp32,baseline,fp32,32,72.1,72.1,72.1,72.1,100.0,100.0,0,100.0,0,100.0,0,0,0.0,0.0,100.0,100.0,0,0.0,"[0.0, 0.0]",1.0,artifacts/experiment_b2/matrix/readout/e03255e42277690203536feb9f32e793e162d2a97e4abfb21775c3cc5b8dc670.npz
matrix,mobilenet_v2,default,fp4_e2m1,fp4_e2m1,default,float,4,0.1,0.1,0.1,72.1,0.027273,2.163091,470,0.0,0,0.1,721,1,720.454545,0.454545,0.68,0.6,1000,-72.0,"[-74.8, -69.2]",0.0,artifacts/experiment_b2/matrix/readout/cb2cc3debb7e1dd2e72c035e176b79cab836d953b5f537c69a8ad8b0b4a456bb.npz
matrix,mobilenet_v2,minimal,fp4_e2m1,fp4_e2m1,minimal,float,4,0.24866,0.2,0.3,72.1,0.329444,0.661347,32,0.3,0,0.3,719,0,718.572222,0.058824,0.92,1.1,707,-71.9,"[-74.6, -69.1]",0.0,artifacts/experiment_b2/matrix/readout/0a1c07cd580fe3752c7c5c5ac4ac44078237ec4a7af1518440e1b0ec0769a030.npz
matrix,mobilenet_v2,default,fp5_e2m2,fp5_e2m2,default,float,5,8.310776,10.1,8.0,72.1,8.904492,9.090776,20,10.5,0,8.9,624,4,641.175569,3.283333,9.46,17.9,854,-62.0,"[-65.0, -59.0]",0.0,artifacts/experiment_b2/matrix/readout/4f43781589fef0d385e64c2a0f8e7e19a80664751f3efad7db0d62a2cff8a04b.npz
matrix,mobilenet_v2,minimal,fp5_e2m2,fp5_e2m2,minimal,float,5,41.048333,42.2,40.1,72.1,46.618333,46.635,1,46.6,0,46.0,330,31,333.966667,23.45,46.56,76.5,372,-29.9,"[-33.1, -26.7]",0.0,artifacts/experiment_b2/matrix/readout/51b80fbfe5bc88b3456749ecdcabea9a6fcc52dfa7075a825ade8b551c77efcb.npz
matrix,mobilenet_v2,default,fp6_e2m3,fp6_e2m3,default,float,6,66.235,65.4,66.9,72.1,78.120952,78.135238,1,77.5,0,78.6,96,29,90.383333,31.733333,70.1,95.8,152,-6.7,"[-8.8, -4.5]",0.0,artifacts/experiment_b2/matrix/readout/4d284610ef87952c8a7b0cbe855175f74a747e388314cf5b8921bb58e2d1e4b7.npz
matrix,mobilenet_v2,minimal,fp6_e2m3,fp6_e2m3,minimal,float,6,66.630952,66.5,66.6,72.1,80.091667,80.091667,0,80.0,0,80.4,84,28,84.916667,30.22619,73.52,96.9,129,-5.6,"[-7.7, -3.5]",0.0,artifacts/experiment_b2/matrix/readout/1e42d417424add1f70573125e13bc61d3f21804a1cf8ae811e0c13e24d59c098.npz
matrix,mobilenet_v2,default,fp6_e3m2,fp6_e3m2,default,float,6,20.8625,21.1,21.4,72.1,22.75,22.779167,2,22.9,0,23.0,519,9,521.375,9.0,19.88,36.3,442,-51.0,"[-54.2, -47.9]",0.0,artifacts/experiment_b2/matrix/readout/df29802f2ff55b2a294d10bf3e6580dd6c91aafe644eac4f4ba4e0ee7bd1e19f.npz
matrix,mobilenet_v2,minimal,fp6_e3m2,fp6_e3m2,minimal,float,6,42.611667,43.2,42.0,72.1,46.27,46.284286,1,45.8,0,46.6,321,32,322.416667,27.533333,43.52,71.5,333,-28.9,"[-32.1, -25.7]",0.0,artifacts/experiment_b2/matrix/readout/a48d4e238c04859414818f87ee7f8f99c2d5b42fc04c98891d59d3465bd9a7ac.npz
matrix,mobilenet_v2,default,fp7_e3m3,fp7_e3m3,default,float,7,67.625,67.3,67.9,72.1,79.636667,79.636667,0,79.3,0,79.2,81,33,78.416667,33.666667,72.5,96.2,115,-4.8,"[-6.9, -2.7]",8e-06,artifacts/experiment_b2/matrix/readout/359105e3b7c50afd974419f4975fcc369544e0f1d2757762c57136a9bf698eb9.npz
matrix,mobilenet_v2,minimal,fp7_e3m3,fp7_e3m3,minimal,float,7,66.583333,66.9,66.4,72.1,80.508333,80.508333,0,80.3,0,81.0,77,25,78.833333,23.666667,74.86,96.9,115,-5.2,"[-7.2, -3.2]",0.0,artifacts/experiment_b2/matrix/readout/eb68c8b434400606f006cbe6ab7e1e139cc3b1db4a3d2619fa20493acfd04055.npz
matrix,mobilenet_v2,default,fp8_e4m3fn,fp8_e4m3fn,default,float,8,67.708333,67.9,68.1,72.1,79.875,79.875,0,79.8,0,79.4,77,35,78.166667,34.25,71.92,96.1,135,-4.2,"[-6.3, -2.1]",9e-05,artifacts/experiment_b2/matrix/readout/41aa80268e3573a828fe030baa616a8d8fd51d24777895dc1d520bfc20fdebf8.npz
matrix,mobilenet_v2,minimal,fp8_e4m3fn,fp8_e4m3fn,minimal,float,8,66.683333,66.9,66.9,72.1,80.108333,80.108333,0,80.9,0,81.1,79,27,83.166667,29.0,75.46,97.4,136,-5.2,"[-7.2, -3.2]",0.0,artifacts/experiment_b2/matrix/readout/4dec35e2038937997b519e625e8587141504bb2c39d57bc41aae8178a58cb03f.npz
matrix,mobilenet_v2,default,fp8_e5m2,fp8_e5m2,default,float,8,23.235119,24.2,22.8,72.1,25.710833,25.785589,6,26.5,0,25.4,489,10,497.291667,8.642857,22.46,39.7,410,-47.9,"[-51.0, -44.7]",0.0,artifacts/experiment_b2/matrix/readout/dec403f2de33a1db927a2ecdba332e93074fbb2d850e85172e28059715da11ab.npz
matrix,mobilenet_v2,minimal,fp8_e5m2,fp8_e5m2,minimal,float,8,41.942063,42.5,41.5,72.1,45.300516,45.317183,1,46.0,0,44.9,322,26,328.107143,26.527778,44.14,73.7,328,-29.6,"[-32.8, -26.4]",0.0,artifacts/experiment_b2/matrix/readout/bc919f907f2b1024f4bb7576b193d074fd04559d946b45125717c1b49aa1f3c0.npz
matrix,mobilenet_v2,default,int4,int4,default,integer,4,0.1,0.1,0.1,72.1,0.034545,2.36823,469,0.1,0,0.1,721,1,720.45,0.45,0.74,0.7,1000,-72.0,"[-74.8, -69.2]",0.0,artifacts/experiment_b2/matrix/readout/ac771f06692ded2412dd8dfe0a8b0db12812d2f18dd5cebea6ef6e58a0a056bd.npz
matrix,mobilenet_v2,minimal,int4,int4,minimal,integer,4,0.468056,0.4,0.5,72.1,0.569841,1.472024,101,0.5,0,0.6,717,0,716.5,0.180556,1.18,1.7,562,-71.7,"[-74.4, -68.9]",0.0,artifacts/experiment_b2/matrix/readout/3e1bfb1efff56124954225b86b368216c8e2dd881c79889d1646dbe15ef5f95e.npz
matrix,mobilenet_v2,default,int5,int5,default,integer,5,32.550013,33.5,33.0,72.1,35.197767,35.663794,292,36.5,0,36.2,403,17,412.01093,16.511063,30.12,54.3,631,-38.6,"[-41.8, -35.5]",0.0,artifacts/experiment_b2/matrix/readout/d94a9210cf9dbf87ed479ce1c92bc081e3f1d9d9bef1ffa5728f552cdd1d9dac.npz
matrix,mobilenet_v2,minimal,int5,int5,minimal,integer,5,31.465833,33.1,30.7,72.1,34.040833,34.040833,0,36.0,0,33.4,407,17,424.466667,18.125,33.78,59.4,296,-39.0,"[-42.2, -35.9]",0.0,artifacts/experiment_b2/matrix/readout/f3d84722456275c7986658ee68149eb7c30e7a8ed1f74144e9dff5223a9c87a9.npz
matrix,mobilenet_v2,default,int6,int6,default,integer,6,70.098333,70.3,70.5,72.1,84.71,84.71,0,84.7,0,84.8,54,36,52.25,32.233333,78.32,98.2,104,-1.8,"[-3.7, 0.1]",0.07255,artifacts/experiment_b2/matrix/readout/6a9e008b23894e2974d79398bacc269a33786a6fb60de61d87bc54f0dc10a1a8.npz
matrix,mobilenet_v2,minimal,int6,int6,minimal,integer,6,66.308333,66.2,66.4,72.1,79.808333,79.808333,0,79.9,0,79.5,84,25,84.0,26.083333,71.98,96.1,74,-5.9,"[-7.9, -3.9]",0.0,artifacts/experiment_b2/matrix/readout/a1f261d1bf9e9845bc121542634861998abd4b689cf73ba18df970cec94b200a.npz
matrix,mobilenet_v2,default,int8,int8,default,integer,8,72.3,72.0,72.0,72.1,97.183333,97.183333,0,97.4,0,97.4,8,7,7.5,9.5,95.4,100.0,14,-0.1,"[-0.8, 0.7]",1.0,artifacts/experiment_b2/matrix/readout/20906e6fa79efca8b2e218d416d537b14299d8ceb1a50ddb8e4fbf1a8f3cdf6f.npz
matrix,mobilenet_v2,minimal,int8,int8,minimal,integer,8,72.283333,72.1,72.2,72.1,94.983333,94.983333,0,95.0,0,95.0,14,14,13.5,15.333333,92.34,99.9,21,0.0,"[-1.0, 1.0]",1.0,artifacts/experiment_b2/matrix/readout/a76563b4af53a9a830c763393138a7c77a489d4ce3cc66212c7a6f86f7e20663.npz
matrix,mobilenet_v2,default,log4,log4,default,logarithmic,4,0.1,0.1,0.1,72.1,0.023077,1.831385,470,0.0,0,0.1,721,1,720.461538,0.461538,0.68,0.6,1000,-72.0,"[-74.8, -69.2]",0.0,artifacts/experiment_b2/matrix/readout/efa6bbaaea4b8d5e2d91109d7853fa33d704202917c894977d5c08ab161d0d3d.npz
matrix,mobilenet_v2,minimal,log4,log4,minimal,logarithmic,4,0.113452,0.2,0.0,72.1,0.12,1.088633,77,0.2,0,0.0,720,1,719.990476,0.125,0.54,0.5,743,-71.9,"[-74.7, -69.1]",0.0,artifacts/experiment_b2/matrix/readout/d8c4f8bab66a0c01bf1ea51b371871c33e7717a7a936b0313bd56f6266a0ef2f.npz
matrix,mobilenet_v2,default,log6,log6,default,logarithmic,6,20.336905,21.1,20.4,72.1,22.464286,22.545238,5,23.0,0,22.5,520,10,525.880952,8.25,18.26,34.6,436,-51.0,"[-54.2, -47.9]",0.0,artifacts/experiment_b2/matrix/readout/50b0e16cedc63638b20cd12c38e9178d01e9319a0f5f41d955291df46cd3c42b.npz
matrix,mobilenet_v2,minimal,log6,log6,minimal,logarithmic,6,47.491349,46.7,47.6,72.1,52.528333,52.615635,6,52.0,0,52.0,281,27,274.729365,28.642857,49.74,80.0,382,-25.4,"[-28.5, -22.4]",0.0,artifacts/experiment_b2/matrix/readout/2ae4d9a65bcfc7e8ab10ea9e3f4329f60bfa65c67e1cf87701a11a10cfe290c7.npz
matrix,mobilenet_v2,default,log8,log8,default,logarithmic,8,68.173333,67.9,67.8,72.1,81.433333,81.433333,0,81.0,0,80.9,70,28,68.5,29.233333,73.92,96.8,111,-4.2,"[-6.1, -2.3]",2.6e-05,artifacts/experiment_b2/matrix/readout/f17c9af62c250523f51229d7dbe6b31961d24c8426de8ab5a5089a765ca2b7bc.npz
matrix,mobilenet_v2,minimal,log8,log8,minimal,logarithmic,8,67.408333,67.0,67.1,72.1,80.058333,80.058333,0,79.6,0,79.8,82,31,78.5,31.583333,75.52,97.3,116,-5.1,"[-7.2, -3.0]",2e-06,artifacts/experiment_b2/matrix/readout/1800adfa9ebec39111247a960348896f126d6d0cd758ff96d66d411010a1d8db.npz
matrix,mobilenet_v2,minimal,mxfp4_e2m1@cum1_fused,mxfp4_e2m1,cum1_fused,mx_float,4,0.244549,0.1,0.6,72.1,0.286513,0.900836,56,0.2,0,0.5,720,0,718.954511,0.4,1.36,1.2,622,-72.0,"[-74.7, -69.2]",0.0,artifacts/experiment_b2/matrix/readout/5c8f18b5cd7a458149cad556ff9ede0ed4a6659fac31ca3add0446a5111e3385.npz
matrix,mobilenet_v2,default,mxfp4_e2m1@cum5_act_maxabs,mxfp4_e2m1,cum5_act_maxabs,mx_float,4,0.096429,0.1,0.1,72.1,0.026786,3.760714,266,0.1,0,0.0,721,1,720.714286,0.678571,0.66,0.2,999,-72.0,"[-74.8, -69.2]",0.0,artifacts/experiment_b2/matrix/readout/3f0109dd0d776d75a38bbb0e80fb36b86b415d9aeb2ffd28ddccd82fb679d239.npz
matrix,mobilenet_v2,default,mxfp4_e2m1,mxfp4_e2m1,default,mx_float,4,0.098214,0.1,0.1,72.1,0.028571,3.792857,266,0.1,0,0.0,721,1,720.714286,0.696429,0.66,0.2,1000,-72.0,"[-74.8, -69.2]",0.0,artifacts/experiment_b2/matrix/readout/9647ceeb8f3a7817c9b955741759c1d1fd8513484de868d36ff727ba0649f42a.npz
matrix,mobilenet_v2,minimal,mxfp4_e2m1,mxfp4_e2m1,minimal,mx_float,4,0.241901,0.3,0.3,72.1,0.245,1.081419,76,0.3,0,0.3,719,1,718.973851,0.392857,1.36,1.2,669,-71.8,"[-74.6, -69.0]",0.0,artifacts/experiment_b2/matrix/readout/a7a7b14b1256dac67382fc6201bf362d48f9955d8727b182ad3fb1d477262804.npz
matrix,mobilenet_v2,minimal,mxfp6_e3m2@cum1_fused,mxfp6_e3m2,cum1_fused,mx_float,6,41.900119,41.9,43.0,72.1,45.709286,45.809683,7,45.9,0,46.2,323,21,325.632143,23.633333,43.3,69.1,341,-30.2,"[-33.3, -27.1]",0.0,artifacts/experiment_b2/matrix/readout/4e8b43f9c3b5243368b5162bf2c0e327942f25e39d6960e0d43c02967ee95342.npz
matrix,mobilenet_v2,default,mxfp6_e3m2@cum5_act_maxabs,mxfp6_e3m2,cum5_act_maxabs,mx_float,6,8.429167,8.3,8.8,72.1,9.116667,9.145833,2,8.9,0,9.5,640,2,639.416667,2.708333,8.14,15.6,683,-63.8,"[-66.8, -60.9]",0.0,artifacts/experiment_b2/matrix/readout/167b8d4e3342592385e9e09b0fc216c81f86779c548a1906c7401dcae3a1966d.npz
matrix,mobilenet_v2,default,mxfp6_e3m2,mxfp6_e3m2,default,mx_float,6,7.233333,7.6,6.7,72.1,7.895833,7.895833,0,8.3,0,7.4,647,2,651.666667,3.0,7.62,14.3,696,-64.5,"[-67.4, -61.6]",0.0,artifacts/experiment_b2/matrix/readout/bb4ec972ac49d140ddcd9a65dbd4fc81f227384a4876de4f7e4a9fb664bd57da.npz
matrix,mobilenet_v2,minimal,mxfp6_e3m2,mxfp6_e3m2,minimal,mx_float,6,41.926905,42.1,43.0,72.1,45.737619,45.801905,4,45.7,0,45.5,323,23,325.407143,23.67619,42.84,70.4,349,-30.0,"[-33.2, -26.8]",0.0,artifacts/experiment_b2/matrix/readout/e725580cce64fc6699fc7ecad6832862ea46f49e3f67a02bb7cb5e049b51b3f0.npz
matrix,mobilenet_v2,minimal,mxfp8_e4m3@cum1_fused,mxfp8_e4m3,cum1_fused,mx_float,8,65.225,64.9,65.7,72.1,75.533333,75.533333,0,76.7,0,76.3,98,26,101.666667,32.916667,67.64,93.7,157,-7.2,"[-9.3, -5.1]",0.0,artifacts/experiment_b2/matrix/readout/f0d7f6087f942880888d305df32f82a41028acf5572844a22556c0fb81b40f1b.npz
matrix,mobilenet_v2,default,mxfp8_e4m3@cum5_act_maxabs,mxfp8_e4m3,cum5_act_maxabs,mx_float,8,66.558333,66.9,66.9,72.1,78.091667,78.091667,0,78.4,0,78.6,83,31,86.0,30.583333,68.7,95.0,128,-5.2,"[-7.3, -3.1]",1e-06,artifacts/experiment_b2/matrix/readout/79f3c5f544b4480afe5e6a908352a2db33ac3956912dff0f0ae8ce588e2693ef.npz
matrix,mobilenet_v2,default,mxfp8_e4m3,mxfp8_e4m3,default,mx_float,8,66.75,66.6,67.3,72.1,78.378333,78.378333,0,78.3,0,77.8,84,29,83.0,29.5,68.84,95.5,115,-5.5,"[-7.6, -3.4]",0.0,artifacts/experiment_b2/matrix/readout/d5a52a6d65531808b45dabc69544692fcd3983a70c411f2728c390067f80b8bb.npz
matrix,mobilenet_v2,minimal,mxfp8_e4m3,mxfp8_e4m3,minimal,mx_float,8,65.225,64.9,65.6,72.1,75.533333,75.533333,0,76.7,0,76.2,98,26,101.666667,32.916667,67.64,93.7,157,-7.2,"[-9.3, -5.1]",0.0,artifacts/experiment_b2/matrix/readout/44d804f1f6fdeb344d66dbd2927734f3420382137cc80a61083f3afa53ba70c4.npz
matrix,mobilenet_v2,default,nf4,nf4,default,codebook,4,0.101358,0.2,0.1,72.1,0.013813,0.957388,538,0.3,0,0.1,719,0,720.319453,0.333031,0.62,0.8,1000,-71.9,"[-74.6, -69.1]",0.0,artifacts/experiment_b2/matrix/readout/7e4d3d8c1667e3165985af2fa3be72240c6594c204637d0a13837874d1c8a5a7.npz
matrix,mobilenet_v2,minimal,nf4,nf4,minimal,codebook,4,1.499286,1.8,1.2,72.1,1.353452,1.574491,17,1.7,0,1.1,706,3,708.882143,2.875,2.76,5.3,528,-70.3,"[-73.1, -67.4]",0.0,artifacts/experiment_b2/matrix/readout/bce5ce4d5d6b310b57d5964912f025708a50ceed53e4235cc7576004456103be.npz
matrix,mobilenet_v2,default,posit4_es0,posit4_es0,default,posit,4,0.1,0.1,0.1,72.1,0.010169,0.91966,537,0.2,0,0.1,720,0,720.355932,0.355932,0.54,0.6,1000,-72.0,"[-74.7, -69.2]",0.0,artifacts/experiment_b2/matrix/readout/63d4a5758e8745251a2e8e95bd6505408a92501d85f0d64166a4c3fa391077e8.npz
matrix,mobilenet_v2,minimal,posit4_es0,posit4_es0,minimal,posit,4,0.130833,0.0,0.3,72.1,0.098333,0.629405,38,0.0,0,0.2,721,0,720.508333,0.816667,0.74,0.9,773,-72.1,"[-74.8, -69.3]",0.0,artifacts/experiment_b2/matrix/readout/614455ecc5eff8d8d16d59e5b2f943a110fe6d5792ca34cb67027aa8ee2a2c7f.npz
matrix,mobilenet_v2,default,posit6_es1,posit6_es1,default,posit,6,18.789019,19.1,18.4,72.1,21.273054,22.777636,127,21.7,0,21.4,537,7,540.028099,6.91829,18.92,34.6,597,-53.0,"[-56.2, -49.9]",0.0,artifacts/experiment_b2/matrix/readout/8fde26339e9044633d1f7b6c87c5451edc4afe0bb7568184400dacc1e6bdf969.npz
matrix,mobilenet_v2,minimal,posit6_es1,posit6_es1,minimal,posit,6,0.1,0.1,0.1,72.1,0.15,0.205946,6,0.2,0,0.1,720,0,720.5,0.5,0.52,0.5,772,-72.0,"[-74.7, -69.2]",0.0,artifacts/experiment_b2/matrix/readout/69aee58ea9925c3daf3a0f0a15a3d808d42661f9e45a94ac95d33b607cb7a5c7.npz
matrix,mobilenet_v2,default,posit8_es1,posit8_es1,default,posit,8,72.391667,71.9,72.1,72.1,91.725,91.725,0,91.5,0,91.2,22,20,18.5,21.416667,88.34,99.8,56,-0.2,"[-1.5, 1.1]",0.877614,artifacts/experiment_b2/matrix/readout/d184fc93ab5b7a70881e1f57897e6a767356f7418ebe57003686ab96cd6658ee.npz
matrix,mobilenet_v2,minimal,posit8_es1,posit8_es1,minimal,posit,8,0.1,0.1,0.1,72.1,0.15,0.15,0,0.1,0,0.2,720,0,720.0,0.0,0.62,0.6,123,-72.0,"[-74.7, -69.2]",0.0,artifacts/experiment_b2/matrix/readout/dc767505098623523e2d2a2f588cce681dab2abf06a07fa523eaebf70e5bae9c.npz
matrix,mobilenet_v2,default,q1_6,q1_6,default,fixed_point,8,72.2,72.3,72.3,72.1,96.5,96.5,0,96.4,0,96.6,7,9,7.5,8.5,93.9,99.9,14,0.2,"[-0.6, 1.0]",0.803619,artifacts/experiment_b2/matrix/readout/229e435d3522516a9f31341285c757f66cf83cdf93f61af05d73802a62da1633.npz
matrix,mobilenet_v2,minimal,q1_6,q1_6,minimal,fixed_point,8,72.283333,72.1,72.2,72.1,94.983333,94.983333,0,95.0,0,95.0,14,14,13.5,15.333333,92.34,99.9,21,0.0,"[-1.0, 1.0]",1.0,artifacts/experiment_b2/matrix/readout/67cd0da4186e44b6713cd96b567636f1ad4558fd9795725190e3d6f7436769f0.npz
matrix,mobilenet_v2,default,ternary,ternary,default,ternary,2,0.1,0.1,0.1,72.1,0.0005,0.1,995,0.1,0,0.1,720,0,720.279,0.279,0.38,0.5,1000,-72.0,"[-74.7, -69.2]",0.0,artifacts/experiment_b2/matrix/readout/f91c6c5dd2075945df4eca24683f86db753bbc4bd76ca634ea76a8d4890f3676.npz
matrix,mobilenet_v2,minimal,ternary,ternary,minimal,ternary,2,0.100083,0.1,0.1,72.1,0.000672,0.13511,995,0.1,0,0.1,720,0,720.263765,0.264592,0.38,0.5,1000,-72.0,"[-74.7, -69.2]",0.0,artifacts/experiment_b2/matrix/readout/f9e75f8f6ede6650cbb0893360eea69f4ba82dfcd9bf5652b0fb7cbd2680e32d.npz
matrix,mobilenet_v3_large,minimal,bfp6@cum1_fused,bfp6,cum1_fused,bfp,6,42.416667,42.7,42.5,75.0,47.116667,47.116667,0,47.8,0,46.9,338,15,341.166667,15.333333,39.76,70.4,82,-32.3,"[-35.4, -29.29750000000004]",0.0,artifacts/experiment_b2/matrix/readout/f741b3713e95a55a047841d95e1ba8fbf608f9558e821faa9cb7ab3e4b8061c5.npz
matrix,mobilenet_v3_large,default,bfp6@cum5_act_maxabs,bfp6,cum5_act_maxabs,bfp,6,56.6,56.2,56.3,75.0,61.883333,61.883333,0,61.9,0,61.5,211,23,207.0,23.0,53.02,85.7,75,-18.8,"[-21.5, -16.1]",0.0,artifacts/experiment_b2/matrix/readout/6626c620a139343422c8d5b56d9edf4d49430b10d34034680aa4e05b18759970.npz
matrix,mobilenet_v3_large,default,bfp6,bfp6,default,bfp,6,57.125,56.8,57.5,75.0,63.908333,63.908333,0,63.8,0,64.6,201,19,198.583333,19.833333,54.62,85.5,101,-18.2,"[-20.9, -15.6]",0.0,artifacts/experiment_b2/matrix/readout/cbb0e065b9d3ef02b3caa656c22114b2a94d46c963569af57b2fb899abef26fe.npz
matrix,mobilenet_v3_large,minimal,bfp6,bfp6,minimal,bfp,6,47.491667,47.5,47.2,75.0,50.658333,50.658333,0,51.2,0,50.7,299,24,299.5,24.416667,45.28,76.1,103,-27.5,"[-30.6, -24.5]",0.0,artifacts/experiment_b2/matrix/readout/b42243d850d2d873d23311870c540381603cb910ce96176096cf36727f76c967.npz
matrix,mobilenet_v3_large,default,binary_pm1,binary_pm1,default,binary,1,0.098977,0.1,0.1,75.0,0.001408,0.197428,989,0.0,0,0.2,750,1,749.294743,0.284509,0.6,0.7,1000,-74.9,"[-77.5, -72.2]",0.0,artifacts/experiment_b2/matrix/readout/fce8735ff4a36346c98722c35d9ad31553d93617d3c6b0b596a403ac4488f9bd.npz
matrix,mobilenet_v3_large,minimal,binary_pm1,binary_pm1,minimal,binary,1,0.086867,0.2,0.0,75.0,0.12,0.812938,48,0.4,0,0.0,749,1,749.633333,0.502,0.52,0.5,952,-74.8,"[-77.5, -72.1]",0.0,artifacts/experiment_b2/matrix/readout/8a2e12671ee97f1954ad7c792affeb75baa2635da7f2d5f3fd4186a564b168cf.npz
matrix,mobilenet_v3_large,baseline,fp32,fp32,baseline,fp32,32,75.0,75.0,75.0,75.0,100.0,100.0,0,100.0,0,100.0,0,0,0.0,0.0,100.0,100.0,0,0.0,"[0.0, 0.0]",1.0,artifacts/experiment_b2/matrix/readout/ec6dfe78ca9e10bf8f4edff01d0ea2cb44f390421cec15a9b9339d264be043f6.npz
matrix,mobilenet_v3_large,default,fp4_e2m1,fp4_e2m1,default,float,4,0.123039,0.2,0.3,75.0,0.056322,2.653445,516,0.3,0,0.2,748,0,749.107563,0.337951,0.72,0.9,980,-74.8,"[-77.5, -72.1]",0.0,artifacts/experiment_b2/matrix/readout/80558e45180d517fc903efb41e0937662348c7ea714812cde938e5440d8cf371.npz
matrix,mobilenet_v3_large,minimal,fp4_e2m1,fp4_e2m1,minimal,float,4,0.141341,0.0,0.1,75.0,0.025,3.057829,319,0.0,0,0.1,750,0,749.113614,0.52702,0.52,0.2,997,-75.0,"[-77.6, -72.3]",0.0,artifacts/experiment_b2/matrix/readout/16b9c255b14bc239ba2099c8b9c6e05db33d51c9d4bff3bae99e8cb7eeac1998.npz
matrix,mobilenet_v3_large,default,fp5_e2m2,fp5_e2m2,default,float,5,10.625346,10.5,10.0,75.0,11.290919,12.081475,96,11.0,0,11.1,654,9,652.68061,8.934066,13.64,26.3,584,-64.5,"[-67.5, -61.4]",0.0,artifacts/experiment_b2/matrix/readout/9e53d75a1aac579a898305b4f6db9f8ae176e002bdde207a7345414db86566a5.npz
matrix,mobilenet_v3_large,minimal,fp5_e2m2,fp5_e2m2,minimal,float,5,0.947619,1.2,1.0,75.0,0.697619,0.764286,4,0.9,0,0.7,741,3,743.02381,2.5,1.82,2.8,360,-73.8,"[-76.5, -71.0]",0.0,artifacts/experiment_b2/matrix/readout/ed853930ba7c4fd822170fe5523ca599ac794b3d15d8bca21ec797262acdb75e.npz
matrix,mobilenet_v3_large,default,fp6_e2m3,fp6_e2m3,default,float,6,58.425,58.5,57.9,75.0,64.733333,64.733333,0,65.5,0,64.2,191,26,194.25,28.5,55.14,86.6,150,-16.5,"[-19.2, -13.9]",0.0,artifacts/experiment_b2/matrix/readout/637b7db07312acb9d954be4a6bbea69894d30694a3e06f2c59659fa88adf907f.npz
matrix,mobilenet_v3_large,minimal,fp6_e2m3,fp6_e2m3,minimal,float,6,36.766667,37.9,35.9,75.0,41.225,41.225,0,42.4,0,40.3,388,17,397.75,15.416667,36.08,65.5,220,-37.1,"[-40.2, -34.0]",0.0,artifacts/experiment_b2/matrix/readout/a438eae2af2c0aa98c82a7c3f3a397d508d9a3d27f5e1e4eb492cfcb362d9439.npz
matrix,mobilenet_v3_large,default,fp6_e3m2,fp6_e3m2,default,float,6,44.573571,44.9,45.0,75.0,47.534286,47.565238,2,48.4,0,48.0,322,21,325.82381,21.559524,39.94,70.5,258,-30.1,"[-33.2, -27.0]",0.0,artifacts/experiment_b2/matrix/readout/2bf358d58600b147daae0d0d57e14ae478fa3070c90f1ae1733c55e0853f832e.npz
matrix,mobilenet_v3_large,minimal,fp6_e3m2,fp6_e3m2,minimal,float,6,42.283254,42.4,41.4,75.0,46.346905,46.432421,6,45.9,0,46.0,348,22,344.688095,17.520635,41.02,70.1,318,-32.6,"[-35.7, -29.5]",0.0,artifacts/experiment_b2/matrix/readout/0c1fc7b5e4475ec3d3c9ab5ab8216a64587f05c6b99e99c656427f6ab766edca.npz
matrix,mobilenet_v3_large,default,fp7_e3m3,fp7_e3m3,default,float,7,71.125,71.3,71.0,75.0,85.658333,85.658333,0,86.7,0,85.3,61,24,63.0,24.25,76.74,98.6,104,-3.7,"[-5.5, -1.9]",7.4e-05,artifacts/experiment_b2/matrix/readout/fed425d41037650f72e5d3cbd7c1e8ca9012b914c5225242cca441e15e943300.npz
matrix,mobilenet_v3_large,minimal,fp7_e3m3,fp7_e3m3,minimal,float,7,69.05,68.3,68.4,75.0,80.833333,80.833333,0,80.7,0,80.4,87,20,81.75,22.25,69.98,96.3,116,-6.7,"[-8.7, -4.7]",0.0,artifacts/experiment_b2/matrix/readout/a60d5706574aaf248388dc2ad0d461ec3d533b2a6b4a777141992d4ccb418686.npz
matrix,mobilenet_v3_large,default,fp8_e4m3fn,fp8_e4m3fn,default,float,8,71.658333,71.5,71.6,75.0,85.083333,85.083333,0,85.9,0,85.5,58,23,60.333333,26.916667,77.1,98.7,111,-3.5,"[-5.3, -1.8]",0.000127,artifacts/experiment_b2/matrix/readout/c37ab2eba88a8bb68bfaf07a8480aab7cd969cbd6afd7e301ed8437ab334308b.npz
matrix,mobilenet_v3_large,minimal,fp8_e4m3fn,fp8_e4m3fn,minimal,float,8,68.458333,68.2,68.2,75.0,80.891667,80.891667,0,81.2,0,80.8,91,23,91.166667,25.75,71.18,96.9,118,-6.8,"[-8.9, -4.7]",0.0,artifacts/experiment_b2/matrix/readout/985b66dcca02a2bf0674a53d036a735796ceff545145928e23824c988db1efea.npz
matrix,mobilenet_v3_large,default,fp8_e5m2,fp8_e5m2,default,float,8,46.574286,46.2,46.6,75.0,51.818333,51.8475,2,51.4,0,51.2,304,16,300.1,15.842857,44.56,76.6,279,-28.8,"[-31.8, -25.8]",0.0,artifacts/experiment_b2/matrix/readout/09e1690591cc20a1ac289be03117a6ea00293d5e23f6a61282487315ceb26562.npz
matrix,mobilenet_v3_large,minimal,fp8_e5m2,fp8_e5m2,minimal,float,8,45.152897,45.6,44.9,75.0,48.652183,48.659875,1,49.7,0,48.1,318,24,325.354365,26.883333,44.48,74.1,305,-29.4,"[-32.5, -26.3]",0.0,artifacts/experiment_b2/matrix/readout/69df577859cf14eeca0c029fb5cdde9b5b57a83064d424e597e03849c064d3e3.npz
matrix,mobilenet_v3_large,default,int4,int4,default,integer,4,0.103205,0.1,0.1,75.0,0.016667,1.338964,148,0.0,0,0.0,750,1,749.794872,0.826923,0.74,0.1,1000,-74.9,"[-77.5, -72.2]",0.0,artifacts/experiment_b2/matrix/readout/70f4b9597858170e7678e40e036ef741fca64fb40d249806e54e6c8e91da1308.npz
matrix,mobilenet_v3_large,minimal,int4,int4,minimal,integer,4,0.1,0.1,0.1,75.0,0.15,0.224405,5,0.1,0,0.1,749,0,749.0,0.0,0.46,0.7,381,-74.9,"[-77.5, -72.3]",0.0,artifacts/experiment_b2/matrix/readout/1cc38bff0fab1ce2c22f973b358db1b3f7e5f95ce5aa86bfca7eb091a691c7d2.npz
matrix,mobilenet_v3_large,default,int5,int5,default,integer,5,8.059167,9.0,7.7,75.0,8.284007,9.400723,138,8.8,0,8.7,671,11,675.124397,5.716071,10.42,20.1,652,-66.0,"[-69.1, -63.0]",0.0,artifacts/experiment_b2/matrix/readout/0ddb96c2a11d20976a88340517ae343c7bf930d37cb6d4b42cee168ec922f796.npz
matrix,mobilenet_v3_large,minimal,int5,int5,minimal,integer,5,0.758333,0.9,0.6,75.0,0.808333,0.855682,4,0.9,0,0.7,742,1,743.416667,1.0,1.8,2.7,325,-74.1,"[-76.8, -71.4]",0.0,artifacts/experiment_b2/matrix/readout/75dd0fe4a36081b2d745f99fae114f0921b367ddfbef4eef96c359e537af87a8.npz
matrix,mobilenet_v3_large,default,int6,int6,default,integer,6,20.995202,20.9,21.1,75.0,22.130001,22.51724,54,21.9,0,22.1,551,10,548.769347,8.721368,19.64,41.5,466,-54.1,"[-57.3, -51.0]",0.0,artifacts/experiment_b2/matrix/readout/5ddda738bae65380df41895180c632d50860fbc14366f655369201b880ae6a54.npz
matrix,mobilenet_v3_large,minimal,int6,int6,minimal,integer,6,2.55,2.5,2.5,75.0,2.75,2.75,0,2.7,0,2.7,728,3,727.5,3.0,4.54,8.0,162,-72.5,"[-75.3, -69.7]",0.0,artifacts/experiment_b2/matrix/readout/979a45237583e0cee2ae7743fa09af75f4906ed48eeb865116c09dbaf424f71b.npz
matrix,mobilenet_v3_large,default,int8,int8,default,integer,8,71.6,71.5,71.5,75.0,82.75,82.75,0,82.6,0,82.6,66,31,65.0,31.0,74.2,98.1,13,-3.5,"[-5.4, -1.5]",0.00049,artifacts/experiment_b2/matrix/readout/0c58078f4cb6fe02b03355a864432a5619c2ce7bdf529657debfcd1030ba9963.npz
matrix,mobilenet_v3_large,minimal,int8,int8,minimal,integer,8,70.15,69.9,69.9,75.0,81.383333,81.383333,0,81.3,0,81.3,76,25,74.0,25.5,71.48,96.6,23,-5.1,"[-7.002499999999998, -3.1]",0.0,artifacts/experiment_b2/matrix/readout/5d34bdae4f765fe9aa47e2093cb99e85d4565050e9153a372fcb225214941234.npz
matrix,mobilenet_v3_large,default,log4,log4,default,logarithmic,4,0.07563,0.0,0.0,75.0,0.007534,1.102074,657,0.1,0,0.0,750,0,749.536205,0.292508,0.54,0.4,831,-75.0,"[-77.6, -72.3]",0.0,artifacts/experiment_b2/matrix/readout/13a7b3eb5df0d5d7fe239ae4ba8ac0b47f55b5003d1f6e71cafc9e9d3efa0ea9.npz
matrix,mobilenet_v3_large,minimal,log4,log4,minimal,logarithmic,4,0.053333,0.1,0.0,75.0,0.153333,0.732608,53,0.2,0,0.1,749,0,749.466667,0.0,0.64,0.8,604,-74.9,"[-77.5, -72.3]",0.0,artifacts/experiment_b2/matrix/readout/ede6098f3d90d6b575f8492af87400befd9e57cbed54242be34e36e0f6ddb0bf.npz
matrix,mobilenet_v3_large,default,log6,log6,default,logarithmic,6,53.158333,54.2,52.5,75.0,58.003333,58.003333,0,58.7,0,57.5,236,28,247.283333,28.866667,51.44,84.3,274,-20.8,"[-23.7, -17.9]",0.0,artifacts/experiment_b2/matrix/readout/5d5c664314d70e2b72affd077dbadfcba5a33b9ac38ea8d5791ffa3e7b87eeb5.npz
matrix,mobilenet_v3_large,minimal,log6,log6,minimal,logarithmic,6,15.904087,16.8,14.9,75.0,16.584206,16.763813,13,17.8,0,15.6,591,9,600.818651,9.859524,16.84,33.6,500,-58.2,"[-61.3, -55.1]",0.0,artifacts/experiment_b2/matrix/readout/311d65ed51e4afa44f23772175988facd19aa6576fe4777200f50f00cbb587d4.npz
matrix,mobilenet_v3_large,default,log8,log8,default,logarithmic,8,69.833333,69.5,70.0,75.0,79.958333,79.958333,0,79.9,0,80.3,84,29,81.583333,29.916667,72.24,97.4,114,-5.5,"[-7.6, -3.4]",0.0,artifacts/experiment_b2/matrix/readout/3e291d121cc774d9ac13c83af0099d8af691766a3eccfe27a4c3b5b11773e882.npz
matrix,mobilenet_v3_large,minimal,log8,log8,minimal,logarithmic,8,69.361667,68.9,69.3,75.0,80.741667,80.741667,0,81.2,0,80.7,84,23,82.666667,26.283333,72.38,96.5,111,-6.1,"[-8.1, -4.1]",0.0,artifacts/experiment_b2/matrix/readout/5e583a9bb6aa00fa75545d81b74e15e55b389e58711ec73ed90ad0e3394c178f.npz
matrix,mobilenet_v3_large,minimal,mxfp4_e2m1@cum1_fused,mxfp4_e2m1,cum1_fused,mx_float,4,0.122619,0.1,0.0,75.0,0.089286,1.02149,80,0.1,0,0.0,750,1,749.39881,0.625,0.66,0.6,703,-74.9,"[-77.5, -72.2]",0.0,artifacts/experiment_b2/matrix/readout/32f78bb108c3f6d56b9b6bd68525bc38fab39bec3f131bc2dad2de468603ef33.npz
matrix,mobilenet_v3_large,default,mxfp4_e2m1@cum5_act_maxabs,mxfp4_e2m1,cum5_act_maxabs,mx_float,4,0.45319,0.4,0.4,75.0,0.351667,1.154436,70,0.4,0,0.3,747,1,746.68022,1.212121,1.7,1.9,640,-74.6,"[-77.3, -71.9]",0.0,artifacts/experiment_b2/matrix/readout/d8a17e93a400454ca1e1a96362a63872e548f9a58f199e3559f700a5c46a190c.npz
matrix,mobilenet_v3_large,default,mxfp4_e2m1,mxfp4_e2m1,default,mx_float,4,0.409418,0.2,0.6,75.0,0.457778,1.299315,78,0.4,0,0.6,748,0,746.464646,0.558824,1.6,1.6,676,-74.8,"[-77.5, -72.1]",0.0,artifacts/experiment_b2/matrix/readout/fe2d9171df63994620876dee8cddaf39d43ab5f18ebd434191a54eef47068cbd.npz
matrix,mobilenet_v3_large,minimal,mxfp4_e2m1,mxfp4_e2m1,minimal,mx_float,4,0.15,0.1,0.1,75.0,0.125,0.713969,50,0.1,0,0.1,750,1,749.625,1.125,0.68,0.6,629,-74.9,"[-77.5, -72.2]",0.0,artifacts/experiment_b2/matrix/readout/acb5ddcf0c79ce74c536dd3a759e35003be096612c61804b9b6e4ddfd4319430.npz
matrix,mobilenet_v3_large,minimal,mxfp6_e3m2@cum1_fused,mxfp6_e3m2,cum1_fused,mx_float,6,28.990952,30.8,28.9,75.0,32.321111,32.390952,5,34.4,0,31.9,455,13,472.201587,12.111111,29.52,55.6,339,-44.2,"[-47.3, -41.0]",0.0,artifacts/experiment_b2/matrix/readout/6adcb37acfb92c70bee02cda03287354bb8c3e6e98c3ee44d41a67c58ec45ba9.npz
matrix,mobilenet_v3_large,default,mxfp6_e3m2@cum5_act_maxabs,mxfp6_e3m2,cum5_act_maxabs,mx_float,6,44.906667,45.5,44.6,75.0,48.323333,48.323333,0,49.0,0,47.6,316,21,320.183333,19.25,42.16,71.6,267,-29.5,"[-32.6, -26.4]",0.0,artifacts/experiment_b2/matrix/readout/2ee7812c0c20dee061fadf9c8f80d1ca22d6fef5a69653680d615ae50fa50301.npz
matrix,mobilenet_v3_large,default,mxfp6_e3m2,mxfp6_e3m2,default,mx_float,6,43.036944,43.2,42.9,75.0,46.614167,46.625278,1,47.2,0,46.4,339,21,340.872222,21.241667,40.66,70.3,290,-31.8,"[-35.0, -28.7]",0.0,artifacts/experiment_b2/matrix/readout/ba5a75b17ebb2acf3d95020f2b06fff560d839181e08fa2e7239c10ed273ca32.npz
matrix,mobilenet_v3_large,minimal,mxfp6_e3m2,mxfp6_e3m2,minimal,mx_float,6,28.145397,29.3,27.6,75.0,30.030952,30.128849,7,30.8,0,29.9,473,16,481.629365,13.083333,29.4,55.7,335,-45.7,"[-48.9, -42.5]",0.0,artifacts/experiment_b2/matrix/readout/c39470e222aa73bf66e9088df9d180bb4d093ae95e52d3426322b0f895975890.npz
matrix,mobilenet_v3_large,minimal,mxfp8_e4m3@cum1_fused,mxfp8_e4m3,cum1_fused,mx_float,8,66.166667,65.4,65.6,75.0,75.341667,75.341667,0,74.9,0,75.2,128,32,124.083333,35.75,66.14,93.9,119,-9.6,"[-12.0, -7.2]",0.0,artifacts/experiment_b2/matrix/readout/8dabdbf5c93e2c55032b9b3513b983c0d2e569017559a435380074740e12083c.npz
matrix,mobilenet_v3_large,default,mxfp8_e4m3@cum5_act_maxabs,mxfp8_e4m3,cum5_act_maxabs,mx_float,8,70.061667,70.0,69.3,75.0,83.553333,83.553333,0,84.1,0,83.4,72,22,71.916667,22.533333,74.28,97.9,104,-5.0,"[-6.9, -3.2]",0.0,artifacts/experiment_b2/matrix/readout/9e2fd883d48ce6457df44712e8946c6e166c07023729e73a326c73f6de547c4c.npz
matrix,mobilenet_v3_large,default,mxfp8_e4m3,mxfp8_e4m3,default,mx_float,8,70.916667,71.0,70.1,75.0,83.983333,83.983333,0,84.2,0,83.4,65,25,64.583333,23.75,74.16,97.7,97,-4.0,"[-5.9, -2.2]",3e-05,artifacts/experiment_b2/matrix/readout/510685ec5d9e024fe7a4dcfba0787312cfc4c80882a5b8156c23ec6344ab6a2d.npz
matrix,mobilenet_v3_large,minimal,mxfp8_e4m3,mxfp8_e4m3,minimal,mx_float,8,66.016667,65.2,65.5,75.0,75.491667,75.491667,0,75.1,0,75.3,128,30,124.083333,34.25,66.14,93.9,120,-9.8,"[-12.2, -7.4]",0.0,artifacts/experiment_b2/matrix/readout/92bf4f8b465d5e4cea719a9f26183ca536c1d8a96f524be6ad55e2ad3821597c.npz
matrix,mobilenet_v3_large,default,nf4,nf4,default,codebook,4,2.169339,2.0,2.2,75.0,2.158968,2.982662,74,2.2,0,2.3,732,2,731.782799,3.47619,4.44,7.2,616,-73.0,"[-75.7, -70.2]",0.0,artifacts/experiment_b2/matrix/readout/9de247e3e6e5723ed267d1d15961b6b1296b8e2770c74a29af6aca4491535537.npz
matrix,mobilenet_v3_large,minimal,nf4,nf4,minimal,codebook,4,0.203333,0.1,0.2,75.0,0.12,0.255397,9,0.1,0,0.1,749,0,748.8,0.833333,0.7,0.5,513,-74.9,"[-77.5, -72.3]",0.0,artifacts/experiment_b2/matrix/readout/75152b7a3fb179ff970bcdcdd9f594baf4d2fa3b2453d6c594dfd8b9131c599e.npz
matrix,mobilenet_v3_large,default,posit4_es0,posit4_es0,default,posit,4,0.114488,0.1,0.2,75.0,0.025356,1.781373,589,0.1,0,0.2,749,0,749.366997,0.511873,0.84,0.9,998,-74.9,"[-77.5, -72.3]",0.0,artifacts/experiment_b2/matrix/readout/73081227d2bf3f84bb5825f2104470896c1bf8a6bfb83e1f28e53934af1a448d.npz
matrix,mobilenet_v3_large,minimal,posit4_es0,posit4_es0,minimal,posit,4,0.208333,0.3,0.3,75.0,0.125,0.29551,14,0.2,0,0.1,748,1,749.25,1.333333,0.64,0.4,625,-74.7,"[-77.4, -72.0]",0.0,artifacts/experiment_b2/matrix/readout/a46b398cf3236f15e6baaed638917eb00acd326dc163b1ec35d533a62b325fdf.npz
matrix,mobilenet_v3_large,default,posit6_es1,posit6_es1,default,posit,6,42.91,43.7,42.6,75.0,46.369286,46.406748,5,47.1,0,46.1,332,19,338.633333,17.733333,41.36,71.1,308,-31.3,"[-34.4, -28.2]",0.0,artifacts/experiment_b2/matrix/readout/9d77fb85407d0731ab96789e363fcf57d09155f16f04357c929eaab1da48f0e2.npz
matrix,mobilenet_v3_large,minimal,posit6_es1,posit6_es1,minimal,posit,6,0.1,0.1,0.1,75.0,0.133333,0.15,1,0.1,0,0.1,749,0,749.0,0.0,0.62,0.6,288,-74.9,"[-77.5, -72.3]",0.0,artifacts/experiment_b2/matrix/readout/1501a3c5e355690bcd1d68bb20d85de2d52fae4c68949506a996e97e0f4dcbf9.npz
matrix,mobilenet_v3_large,default,posit8_es1,posit8_es1,default,posit,8,73.358333,72.8,73.4,75.0,89.308333,89.308333,0,89.8,0,89.6,42,20,39.666667,23.25,82.92,99.7,47,-2.2,"[-3.7, -0.7]",0.007149,artifacts/experiment_b2/matrix/readout/8c7426f2f188f71b927992553705e42b13b42d70b61666684b501994b45cbb9a.npz
matrix,mobilenet_v3_large,minimal,posit8_es1,posit8_es1,minimal,posit,8,0.0,0.0,0.0,75.0,0.1,0.1,0,0.1,0,0.1,750,0,750.0,0.0,0.68,0.5,90,-75.0,"[-77.6, -72.3]",0.0,artifacts/experiment_b2/matrix/readout/7a8bf53fbf56bcddfdd2a496977475038ae30193d06475404d919155d2d38db2.npz
matrix,mobilenet_v3_large,default,q1_6,q1_6,default,fixed_point,8,71.966667,72.1,72.1,75.0,83.916667,83.916667,0,84.1,0,83.9,60,31,60.666667,30.333333,74.0,98.0,17,-2.9,"[-4.8, -1.0]",0.003113,artifacts/experiment_b2/matrix/readout/9743d625b2de21b8d000d3280362c19a432a9c89147671e8a56e7a196a77be41.npz
matrix,mobilenet_v3_large,minimal,q1_6,q1_6,minimal,fixed_point,8,70.15,69.9,69.9,75.0,81.383333,81.383333,0,81.3,0,81.3,76,25,74.0,25.5,71.48,96.6,23,-5.1,"[-7.002499999999998, -3.1]",0.0,artifacts/experiment_b2/matrix/readout/0137c9908dee54340472c6e38cbc0824fde6d05dae0fea90d7d56930ee68f107.npz
matrix,mobilenet_v3_large,default,ternary,ternary,default,ternary,2,0.1,0.1,0.1,75.0,0.0004,0.1,996,0.1,0,0.1,749,0,749.25,0.25,0.38,0.4,1000,-74.9,"[-77.5, -72.3]",0.0,artifacts/experiment_b2/matrix/readout/bfb035e348b885b2dedc7d1fee8d2e478b510b14f3354897ee674591c69cf525.npz
matrix,mobilenet_v3_large,minimal,ternary,ternary,minimal,ternary,2,0.0557,0.1,0.0,75.0,0.0004,0.0557,553,0.1,0,0.0,749,0,749.579,0.136,0.44,0.4,795,-74.9,"[-77.5, -72.3]",0.0,artifacts/experiment_b2/matrix/readout/cc158addf7e7ad4776f4212308e8580d4edffb0e38a36153ed66abf180b6225c.npz
matrix,resnet18,minimal,bfp6@cum1_fused,bfp6,cum1_fused,bfp,6,68.816667,68.6,69.2,70.1,89.478333,89.478333,0,88.7,0,89.6,39,24,36.916667,24.083333,87.24,99.4,98,-1.5,"[-3.0, 0.0]",0.076926,artifacts/experiment_b2/matrix/readout/75d37a98a14e62f495d489f763085e5346d954c486c12a250b17fe6a3dd1f9eb.npz
matrix,resnet18,default,bfp6@cum5_act_maxabs,bfp6,cum5_act_maxabs,bfp,6,68.2,68.4,68.8,70.1,90.433333,90.433333,0,90.8,0,90.5,33,16,36.333333,17.333333,87.42,99.3,107,-1.7,"[-3.1, -0.4]",0.021294,artifacts/experiment_b2/matrix/readout/500207c5b88a8c575c8f14b923a8c9134a6a38a77b4a8aa74dcdd63f14ad3584.npz
matrix,resnet18,default,bfp6,bfp6,default,bfp,6,66.803333,67.0,67.2,70.1,87.486667,87.486667,0,87.9,0,87.9,48,17,51.416667,18.45,84.82,99.1,114,-3.1,"[-4.7, -1.6]",0.000152,artifacts/experiment_b2/matrix/readout/1057c759fd76505bbd3684d33f708ac44dacb623b7462aadf4f2f0a9bef74e84.npz
matrix,resnet18,minimal,bfp6,bfp6,minimal,bfp,6,69.045,69.4,69.1,70.1,89.206667,89.206667,0,89.8,0,89.4,31,24,35.55,25.0,86.92,99.6,108,-0.7,"[-2.2, 0.8]",0.418754,artifacts/experiment_b2/matrix/readout/be4ea1c7ef5fb0d273a55239677cf953aa9d420f04f33f98ca35a3c7724c2782.npz
matrix,resnet18,default,binary_pm1,binary_pm1,default,binary,1,0.10085,0.1,0.1,70.1,0.001168,0.191005,965,0.2,0,0.1,700,0,700.361326,0.369826,0.7,0.6,1000,-70.0,"[-72.8, -67.2]",0.0,artifacts/experiment_b2/matrix/readout/6eb960cdba4cb9dcac9de269376c320353047c457321097e8af2603fd12f5d42.npz
matrix,resnet18,minimal,binary_pm1,binary_pm1,minimal,binary,1,0.097929,0.1,0.1,70.1,0.0004,0.126306,982,0.1,0,0.0,700,0,700.312073,0.291363,0.42,0.4,997,-70.0,"[-72.8, -67.2]",0.0,artifacts/experiment_b2/matrix/readout/9fada2cdb58e86cf5c6cb5fee76fbd635661d4165677647d72f64b5d8c970450.npz
matrix,resnet18,baseline,fp32,fp32,baseline,fp32,32,70.1,70.1,70.1,70.1,100.0,100.0,0,100.0,0,100.0,0,0,0.0,0.0,100.0,100.0,0,0.0,"[0.0, 0.0]",1.0,artifacts/experiment_b2/matrix/readout/32ddcdb0957604a3fda48d45466af45809dd547d8b5febf33da495c7fc472891.npz
matrix,resnet18,default,fp4_e2m1,fp4_e2m1,default,float,4,0.085643,0.1,0.2,70.1,0.146653,2.091388,266,0.1,0,0.5,701,1,700.493467,0.349901,0.98,0.9,895,-70.0,"[-72.8, -67.2]",0.0,artifacts/experiment_b2/matrix/readout/d51fd5fa3a9aa305636a94246a0f17b3be781395bc5ac82feb803fe9338c564a.npz
matrix,resnet18,minimal,fp4_e2m1,fp4_e2m1,minimal,float,4,19.226602,18.1,20.1,70.1,19.276167,20.468962,117,19.2,0,20.5,536,16,529.246076,20.512092,25.64,48.2,752,-52.0,"[-55.3, -48.8]",0.0,artifacts/experiment_b2/matrix/readout/0cdedb127baaf1ad275537d66e98c4cd98b8501d7c0736c585c8808ee36f0750.npz
matrix,resnet18,default,fp5_e2m2,fp5_e2m2,default,float,5,39.094012,39.6,38.1,70.1,43.644257,44.031853,34,44.8,0,42.8,330,25,334.696912,24.637034,40.98,69.6,455,-30.5,"[-33.7, -27.3]",0.0,artifacts/experiment_b2/matrix/readout/bc09adf6ec80b568b8a2c7df2e8ca3622a04439104ac2f8babe332e27cc86633.npz
matrix,resnet18,minimal,fp5_e2m2,fp5_e2m2,minimal,float,5,56.879091,56.9,56.9,70.1,64.941548,65.055841,9,65.5,0,65.1,173,41,177.53171,45.322619,66.98,92.7,408,-13.2,"[-15.9, -10.5]",0.0,artifacts/experiment_b2/matrix/readout/8b2a2fcc71e676e2e181e8fe8ec16896dfee7a6670e5350f1fa02d0057af6c0b.npz
matrix,resnet18,default,fp6_e2m3,fp6_e2m3,default,float,6,66.656667,66.8,67.3,70.1,82.685,82.685,0,83.7,0,82.1,58,25,64.3,29.866667,80.12,97.7,183,-3.3,"[-5.1, -1.5]",0.000378,artifacts/experiment_b2/matrix/readout/4252a3eff18a8f54db4b862736ae794ee9a912880b23490883ddc7b6664fe33d.npz
matrix,resnet18,minimal,fp6_e2m3,fp6_e2m3,minimal,float,6,68.000952,67.0,68.5,70.1,84.104286,84.104286,0,84.0,0,84.6,59,28,56.083333,35.092857,84.7,98.9,193,-3.1,"[-4.9, -1.3]",0.001169,artifacts/experiment_b2/matrix/readout/cf89a75702cdb345fc83252c52fc63137b2a25d8c77a0818ee2a2000df84a7ea.npz
matrix,resnet18,default,fp6_e3m2,fp6_e3m2,default,float,6,53.623532,54.2,53.2,70.1,61.017262,61.122222,8,62.2,0,61.1,193,34,199.861508,35.096825,58.26,87.2,378,-15.9,"[-18.6, -13.1]",0.0,artifacts/experiment_b2/matrix/readout/b0e30473c2a445b9f5d7a8d21a0e77c0ab018fc4e3eea995a029ea33bd5bfd72.npz
matrix,resnet18,minimal,fp6_e3m2,fp6_e3m2,minimal,float,6,62.910754,62.1,62.2,70.1,73.707579,73.83377,9,74.6,0,74.1,109,29,108.940476,37.048016,73.9,95.3,319,-8.0,"[-10.2, -5.8]",0.0,artifacts/experiment_b2/matrix/readout/ada48de91961746560e00aa8c442c08d0cf3c21354542fee631658593bb970bd.npz
matrix,resnet18,default,fp7_e3m3,fp7_e3m3,default,float,7,67.4825,67.3,68.0,70.1,86.681667,86.710833,2,87.6,0,86.9,50,22,51.166667,24.991667,85.42,99.0,174,-2.8,"[-4.5, -1.2]",0.001294,artifacts/experiment_b2/matrix/readout/53e9ea5af9299b7a0e172d48a4569dec9776d7bfbfa11c196ea5570c07f9ee06.npz
matrix,resnet18,minimal,fp7_e3m3,fp7_e3m3,minimal,float,7,68.415,68.1,68.9,70.1,86.335,86.335,0,86.6,0,87.3,43,23,45.333333,28.483333,86.04,99.1,192,-2.0,"[-3.6, -0.4]",0.018657,artifacts/experiment_b2/matrix/readout/67571dec74d9ea1242e55048b5b31d8cdd9d8fe369a62dedbd13281c6bcd8ac4.npz
matrix,resnet18,default,fp8_e4m3fn,fp8_e4m3fn,default,float,8,67.665833,67.9,68.5,70.1,85.985833,85.985833,0,86.9,0,86.2,49,27,53.833333,29.491667,85.32,98.9,186,-2.2,"[-3.9, -0.5]",0.01544,artifacts/experiment_b2/matrix/readout/ae7a425c65b9176357fa5440d60957cdaddd5c90f1657693ba52dc83c9670892.npz
matrix,resnet18,minimal,fp8_e4m3fn,fp8_e4m3fn,minimal,float,8,68.62,68.9,68.5,70.1,87.181667,87.215,2,87.9,0,87.3,40,28,44.966667,30.166667,85.84,99.1,181,-1.2,"[-2.8, 0.4]",0.18181,artifacts/experiment_b2/matrix/readout/9dc7f3da121c8bd6113ec0692f35f4c94718012a6fe96ed0d1273bce4ac2c1f2.npz
matrix,resnet18,default,fp8_e5m2,fp8_e5m2,default,float,8,61.177976,60.4,61.0,70.1,71.545357,71.620873,6,72.1,0,71.8,129,32,124.664286,35.444048,68.64,93.9,326,-9.7,"[-12.1, -7.3]",0.0,artifacts/experiment_b2/matrix/readout/4068da0b9ca5b3d835c6d807f219705c073f160eaed49cdcc8b8e77941b3350b.npz
matrix,resnet18,minimal,fp8_e5m2,fp8_e5m2,minimal,float,8,62.968019,61.6,64.0,70.1,75.667143,75.746551,7,75.8,0,76.0,113,28,106.677742,35.357937,73.9,96.0,303,-8.5,"[-10.8, -6.3]",0.0,artifacts/experiment_b2/matrix/readout/567267c6767c15483ed0a1f2f1ebe09d8175f0f480e279db9c54a898c9baae43.npz
matrix,resnet18,default,int4,int4,default,integer,4,0.128678,0.2,0.1,70.1,0.061111,2.138018,187,0.1,0,0.1,701,2,700.703297,0.990079,0.68,0.3,980,-69.9,"[-72.7, -67.0]",0.0,artifacts/experiment_b2/matrix/readout/728176a7c1efe27c6be03e8b1b1b10057e85b41328175602be06ab054ee425e8.npz
matrix,resnet18,minimal,int4,int4,minimal,integer,4,17.139623,18.0,15.4,70.1,17.728047,18.356484,54,18.6,0,17.3,541,20,546.811912,17.208138,26.88,48.5,650,-52.1,"[-55.4, -48.8]",0.0,artifacts/experiment_b2/matrix/readout/a363dd5c37e56a0334ee01dd00754061b19d7a0d9afc9a8e8a20e7368f51f8c9.npz
matrix,resnet18,default,int5,int5,default,integer,5,13.691179,15.3,14.1,70.1,14.957285,16.092318,116,16.4,0,16.6,562,14,574.649972,10.561764,19.32,34.9,707,-54.8,"[-58.0, -51.6]",0.0,artifacts/experiment_b2/matrix/readout/8ae392039b89a825826816088dcbcd2dea11a4ab33a97427a74049be883e5f98.npz
matrix,resnet18,minimal,int5,int5,minimal,integer,5,52.180837,51.7,52.4,70.1,61.994683,62.055837,5,62.1,0,63.1,215,31,213.552742,34.361111,64.54,91.4,383,-18.4,"[-21.3, -15.6]",0.0,artifacts/experiment_b2/matrix/readout/f911a5d2b78095fd4f6c56660bded775fa94534be543744625435d964b09daf0.npz
matrix,resnet18,default,int6,int6,default,integer,6,65.891667,65.2,66.9,70.1,82.929286,82.940397,1,83.3,0,84.2,71,22,68.25,26.166667,78.74,98.0,168,-4.9,"[-6.8, -3.1]",0.0,artifacts/experiment_b2/matrix/readout/9f3a82e502f3fc389683051de662fdce2193eac1b2a4bfd5d78bd15801c71f59.npz
matrix,resnet18,minimal,int6,int6,minimal,integer,6,65.831667,65.6,66.1,70.1,82.173333,82.173333,0,81.6,0,81.3,79,34,78.633333,35.95,82.42,98.6,177,-4.5,"[-6.6, -2.4]",2.8e-05,artifacts/experiment_b2/matrix/readout/0cff86bf2b7982bf75c3ade89225bfd40a08cab4eaa3be7929f9fad35aa0518e.npz
matrix,resnet18,default,int8,int8,default,integer,8,69.216667,68.6,69.0,70.1,96.291667,96.291667,0,96.2,0,96.4,18,3,14.5,5.666667,95.54,100.0,42,-1.5,"[-2.4, -0.7]",0.00149,artifacts/experiment_b2/matrix/readout/2483170b2bc68d583fc67f598ab001e8028b43fe4e032ce1ef491902590a5c0a.npz
matrix,resnet18,minimal,int8,int8,minimal,integer,8,69.72,69.4,69.4,70.1,95.22,95.22,0,95.5,0,95.3,17,10,17.333333,13.533333,94.38,100.0,47,-0.7,"[-1.7, 0.3]",0.247789,artifacts/experiment_b2/matrix/readout/4a79b59d3f07ec13fc2a71495079725a40469ba903ec259c0ad5c3e0f0cec226.npz
matrix,resnet18,default,log4,log4,default,logarithmic,4,0.0725,0.2,0.1,70.1,0.1475,0.627533,43,0.2,0,0.2,701,2,700.775,0.5,0.82,0.7,447,-69.9,"[-72.7, -67.0]",0.0,artifacts/experiment_b2/matrix/readout/f75d0434e0b0bb724fae48f0dd58f8589443068e68505e656d96fe2610e11855.npz
matrix,resnet18,minimal,log4,log4,minimal,logarithmic,4,15.087395,13.6,15.7,70.1,14.904747,17.320043,300,15.0,0,16.1,573,8,562.126126,12.000074,19.46,35.7,807,-56.5,"[-59.6, -53.4]",0.0,artifacts/experiment_b2/matrix/readout/b4c8a84759c6fedba6e84566ae33b6e0298b314fcb74daa6b3655241c4e2df10.npz
matrix,resnet18,default,log6,log6,default,logarithmic,6,54.542778,54.4,54.9,70.1,62.377421,62.492897,8,62.7,0,61.5,191,34,192.288889,36.716667,59.42,88.3,357,-15.7,"[-18.4, -12.9]",0.0,artifacts/experiment_b2/matrix/readout/0d52189a1c6a78f372e9192cea5824896995fb8b0dd3144e47211b2178cf6e1e.npz
matrix,resnet18,minimal,log6,log6,minimal,logarithmic,6,61.49996,61.2,62.7,70.1,72.146389,72.22496,5,72.8,0,73.6,125,36,128.152778,42.152381,72.12,95.3,346,-8.9,"[-11.3, -6.5]",0.0,artifacts/experiment_b2/matrix/readout/f34c05491513aecb3561c51e42c07a6db8c4038f8826f0882a7e5d84cc0e278e.npz
matrix,resnet18,default,log8,log8,default,logarithmic,8,68.085,67.9,68.0,70.1,86.766667,86.766667,0,87.6,0,86.8,44,22,46.416667,26.266667,85.58,98.8,181,-2.2,"[-3.8, -0.6]",0.00921,artifacts/experiment_b2/matrix/readout/72fc7ebf8a43c4ffea70f6e8da7565f31efdaf5204d97efd48306ceb74b13aae.npz
matrix,resnet18,minimal,log8,log8,minimal,logarithmic,8,68.356667,68.2,69.0,70.1,87.643333,87.643333,0,87.6,0,88.3,42,23,41.75,24.316667,86.9,99.6,181,-1.9,"[-3.5, -0.3]",0.024812,artifacts/experiment_b2/matrix/readout/a3b2fe6a44014e307bb44dd92bba615e7a8bae7f02f56d494af074d843d5e2b7.npz
matrix,resnet18,minimal,mxfp4_e2m1@cum1_fused,mxfp4_e2m1,cum1_fused,mx_float,4,41.614434,41.2,41.8,70.1,44.137141,45.079318,84,43.9,0,43.7,320,31,317.992188,33.136524,47.02,75.1,603,-28.9,"[-32.1, -25.7]",0.0,artifacts/experiment_b2/matrix/readout/2ff3c9aaf90e9ffef4bedff27caddc5d2d1da11b4aff97a651001a85d87f454c.npz
matrix,resnet18,default,mxfp4_e2m1@cum5_act_maxabs,mxfp4_e2m1,cum5_act_maxabs,mx_float,4,0.183333,0.1,0.2,70.1,0.233333,0.2625,2,0.2,0,0.2,701,1,700.666667,1.5,1.0,0.5,180,-70.0,"[-72.8, -67.2]",0.0,artifacts/experiment_b2/matrix/readout/ec88963017cfc025bd6231296a94c7f50854031942adfca855a6faf1f63945ba.npz
matrix,resnet18,default,mxfp4_e2m1,mxfp4_e2m1,default,mx_float,4,0.15,0.1,0.2,70.1,0.2,0.216667,1,0.2,0,0.2,701,1,701.0,1.5,0.74,0.3,133,-70.0,"[-72.8, -67.2]",0.0,artifacts/experiment_b2/matrix/readout/7c7a5428bb3f527127b723628cf20b92367168b7f0c580ee72dbd850c621c341.npz
matrix,resnet18,minimal,mxfp4_e2m1,mxfp4_e2m1,minimal,mx_float,4,40.012558,40.2,39.0,70.1,43.025513,43.890553,91,44.2,0,41.3,323,24,330.054838,29.180414,44.96,73.7,622,-29.9,"[-33.1, -26.7]",0.0,artifacts/experiment_b2/matrix/readout/5eb284c63eafed4164290ecfa4753779bedd7b1edd3cde74a17b072e1ceb1a72.npz
matrix,resnet18,minimal,mxfp6_e3m2@cum1_fused,mxfp6_e3m2,cum1_fused,mx_float,6,64.464087,64.2,65.3,70.1,75.60119,75.721755,9,75.0,0,76.2,101,42,98.25,41.890873,75.24,96.5,308,-5.9,"[-8.2, -3.6]",1e-06,artifacts/experiment_b2/matrix/readout/e66e464ba2c009ffa11526432623874d9cd00e585e5b9c965cb85fe39afd5e50.npz
matrix,resnet18,default,mxfp6_e3m2@cum5_act_maxabs,mxfp6_e3m2,cum5_act_maxabs,mx_float,6,50.744042,50.9,49.1,70.1,58.794563,58.851029,5,59.6,0,57.0,218,26,222.078175,28.51859,55.94,85.4,380,-19.2,"[-22.0, -16.4]",0.0,artifacts/experiment_b2/matrix/readout/3c0c416b9537ed65cbe0e4a514146790b52cb3c5a4d37385b31cd8d15ecc371e.npz
matrix,resnet18,default,mxfp6_e3m2,mxfp6_e3m2,default,mx_float,6,51.613636,52.1,50.4,70.1,58.953373,59.054946,8,60.1,0,58.2,209,29,214.401734,29.538095,55.24,84.2,374,-18.0,"[-20.8, -15.2]",0.0,artifacts/experiment_b2/matrix/readout/073adb1b3e2afbc1f20b982f7e09db58253f0f745577c83b5f6a05993c660f38.npz
matrix,resnet18,minimal,mxfp6_e3m2,mxfp6_e3m2,minimal,mx_float,6,64.377857,63.9,65.5,70.1,76.52369,76.586692,5,76.2,0,78.3,96,34,94.8,37.578571,75.06,96.6,311,-6.2,"[-8.4, -4.0]",0.0,artifacts/experiment_b2/matrix/readout/04c86821e80c954be35d039d5b407fbb9728e13b483b9ac3d717ecb913db3758.npz
matrix,resnet18,minimal,mxfp8_e4m3@cum1_fused,mxfp8_e4m3,cum1_fused,mx_float,8,68.711667,68.6,69.2,70.1,88.695952,88.695952,0,89.1,0,89.9,39,24,40.416667,26.533333,86.24,99.2,161,-1.5,"[-3.0, 0.0]",0.076926,artifacts/experiment_b2/matrix/readout/e980b215c46a7944e14aae5375ac532f6a5565adb3cf3a95957152bab9574bae.npz
matrix,resnet18,default,mxfp8_e4m3@cum5_act_maxabs,mxfp8_e4m3,cum5_act_maxabs,mx_float,8,67.730238,67.3,69.0,70.1,86.250238,86.250238,0,86.8,0,86.8,49,21,50.883333,27.185714,85.24,99.0,166,-2.8,"[-4.4, -1.2]",0.001093,artifacts/experiment_b2/matrix/readout/25732f7125b6af522910a1d12a30fed8893211ece5fa3d38c3bcf6f1f319c92c.npz
matrix,resnet18,default,mxfp8_e4m3,mxfp8_e4m3,default,mx_float,8,67.708571,67.1,69.1,70.1,86.003571,86.003571,0,86.5,0,85.8,51,21,51.25,27.335714,85.18,99.0,166,-3.0,"[-4.7, -1.4]",0.000535,artifacts/experiment_b2/matrix/readout/95cc34a8d4d62b3e9ad13ffd398673595b2d97074270ebc0754821ac6c286213.npz
matrix,resnet18,minimal,mxfp8_e4m3,mxfp8_e4m3,minimal,mx_float,8,68.711667,68.6,69.2,70.1,88.695952,88.695952,0,89.1,0,89.9,39,24,40.416667,26.533333,86.24,99.2,161,-1.5,"[-3.0, 0.0]",0.076926,artifacts/experiment_b2/matrix/readout/db97c3a793ab5eb8d1520bdcf68fefc125e38c307f9566cd5aefc84d1acf4181.npz
matrix,resnet18,default,nf4,nf4,default,codebook,4,0.252191,0.1,0.4,70.1,0.207427,0.927804,118,0.2,0,0.3,701,1,700.063236,1.585145,1.4,1.8,606,-70.0,"[-72.8, -67.2]",0.0,artifacts/experiment_b2/matrix/readout/4a202691ea0e77497c6e73b560f5c5a956c9ae2ad3e337dd25a55a99f71fce14.npz
matrix,resnet18,minimal,nf4,nf4,minimal,codebook,4,34.419994,33.8,34.1,70.1,38.154102,38.824504,62,38.9,0,37.1,384,21,385.307983,28.507923,46.16,75.7,669,-36.3,"[-39.5, -33.1]",0.0,artifacts/experiment_b2/matrix/readout/86280b8c510c9534ce94a229c365279cc7b583135c09723fb20d6ef19ef98b13.npz
matrix,resnet18,default,posit4_es0,posit4_es0,default,posit,4,0.05372,0.2,0.0,70.1,0.075556,0.916713,119,0.1,0,0.1,701,2,700.919048,0.456244,1.12,0.8,633,-69.9,"[-72.7, -67.0]",0.0,artifacts/experiment_b2/matrix/readout/a8e11386cce60a72687e48a6c297e611dfaff7b1c075d0b460113e6f37ce6425.npz
matrix,resnet18,minimal,posit4_es0,posit4_es0,minimal,posit,4,24.017819,24.4,24.3,70.1,24.488015,25.665543,112,25.7,0,25.9,480,23,483.203845,22.382037,32.62,58.2,738,-45.7,"[-49.0, -42.4]",0.0,artifacts/experiment_b2/matrix/readout/14d9d830cb29b14b3346efe6c937dc4f903d6df030dd107e8810caa17ef309e8.npz
matrix,resnet18,default,posit6_es1,posit6_es1,default,posit,6,59.59504,59.7,58.1,70.1,67.975476,68.060794,7,68.2,0,67.6,145,41,145.420238,40.370635,66.24,91.9,340,-10.4,"[-13.0, -7.8]",0.0,artifacts/experiment_b2/matrix/readout/332a0a188433415fc60e86810832d28f604adda4df3dc2916df8e3f3d22ed802.npz
matrix,resnet18,minimal,posit6_es1,posit6_es1,minimal,posit,6,3.75,3.4,3.9,70.1,4.096667,4.200238,7,3.5,0,4.3,672,5,668.533333,5.033333,6.12,11.1,463,-66.7,"[-69.7, -63.7]",0.0,artifacts/experiment_b2/matrix/readout/fe4e4ea9a84d2e3c34bde40d9e1482753a62d7a06390bd47b4bfcd8ca3b30572.npz
matrix,resnet18,default,posit8_es1,posit8_es1,default,posit,8,69.633333,69.1,69.8,70.1,93.0,93.0,0,93.8,0,94.1,20,10,22.833333,18.166667,92.56,99.9,102,-1.0,"[-2.1, 0.1]",0.098737,artifacts/experiment_b2/matrix/readout/b7c945daf929df2d0775bee136116d346bbe676ccad82116688f3905ef96cda8.npz
matrix,resnet18,minimal,posit8_es1,posit8_es1,minimal,posit,8,4.366667,4.4,4.2,70.1,4.6,4.6,0,4.6,0,4.6,662,5,663.166667,5.833333,6.96,12.5,154,-65.7,"[-68.7, -62.7]",0.0,artifacts/experiment_b2/matrix/readout/11607e5c76832f8cc773ef248041df1aa1fb9ff25eeb27c42c7a70ba71866623.npz
matrix,resnet18,default,q1_6,q1_6,default,fixed_point,8,69.166667,68.6,68.7,70.1,95.7,95.7,0,95.7,0,95.6,20,5,17.166667,7.833333,94.02,100.0,42,-1.5,"[-2.5, -0.6]",0.004077,artifacts/experiment_b2/matrix/readout/f49dedfe849a87d664480ca787d5ee0bad309adc99dc1ed9152b4125fba23f04.npz
matrix,resnet18,minimal,q1_6,q1_6,minimal,fixed_point,8,69.72,69.4,69.4,70.1,95.22,95.22,0,95.5,0,95.3,17,10,17.333333,13.533333,94.38,100.0,47,-0.7,"[-1.7, 0.3]",0.247789,artifacts/experiment_b2/matrix/readout/909e9f6acc62533301b74685ba167d7e266420614993106266f69a632a8267d5.npz
matrix,resnet18,default,ternary,ternary,default,ternary,2,0.1,0.1,0.1,70.1,0.025,2.46,487,0.0,0,0.1,701,1,700.5,0.5,0.8,0.5,1000,-70.0,"[-72.8, -67.2]",0.0,artifacts/experiment_b2/matrix/readout/31ac81b468227bc56f3614fddfab666138371d14e63029d24a58f564564884a8.npz
matrix,resnet18,minimal,ternary,ternary,minimal,ternary,2,0.099983,0.1,0.1,70.1,0.000404,0.100994,996,0.1,0,0.0,700,0,700.295095,0.294928,0.4,0.4,1000,-70.0,"[-72.8, -67.2]",0.0,artifacts/experiment_b2/matrix/readout/e0056ece3e6008d784639280ac20ac8a7205bf3ebe18ee2ed4196542c0641dc8.npz
recon,resnet18,adaround,L-A32--w-fp6_e2m3--a-fp32--mse_per_channel--fit-mse_per_channel-fp32in-s0,fp6_e2m3,,,,70.6,70.6,70.6,70.1,97.6,97.6,0,97.6,0,97.6,5,10,5.0,10.0,97.66,100.0,0,0.5,"[-0.2, 1.3]",0.301758,artifacts/experiment_b2_recon/evals/resnet18/L-A32--w-fp6_e2m3--a-fp32--mse_per_channel--fit-mse_per_channel-fp32in-s0.npz
recon,resnet18,adaround,L-A32--w-int4--a-fp32--mse_per_channel--fit-mse_per_channel-fp32in-s0,int4,,,,70.5,70.5,70.5,70.1,92.3,92.3,0,92.3,0,92.3,20,24,20.0,24.0,88.5,99.7,0,0.4,"[-0.9, 1.7]",0.651588,artifacts/experiment_b2_recon/evals/resnet18/L-A32--w-int4--a-fp32--mse_per_channel--fit-mse_per_channel-fp32in-s0.npz
recon,resnet18,adaround,L-A32--w-int4--a-fp32--mse_per_layer--fit-mse_per_layer-fp32in-s0,int4,,,,69.5,69.5,69.5,70.1,87.8,87.8,0,87.8,0,87.8,33,27,33.0,27.0,85.26,99.1,0,-0.6,"[-2.2, 0.9]",0.518958,artifacts/experiment_b2_recon/evals/resnet18/L-A32--w-int4--a-fp32--mse_per_layer--fit-mse_per_layer-fp32in-s0.npz
recon,resnet18,adaround,L-A32--w-int4--a-fp32--mse_per_layer--fit-mse_per_layer-fp32in-s1,int4,,,,68.8,68.8,68.8,70.1,87.3,87.3,0,87.3,0,87.3,37,24,37.0,24.0,85.52,99.4,0,-1.3,"[-2.8, 0.2]",0.123731,artifacts/experiment_b2_recon/evals/resnet18/L-A32--w-int4--a-fp32--mse_per_layer--fit-mse_per_layer-fp32in-s1.npz
recon,resnet18,adaround,L-A32--w-int4--a-fp32--mse_per_layer--fit-mse_per_layer-fp32in-s2,int4,,,,69.3,69.3,69.3,70.1,87.5,87.5,0,87.5,0,87.5,35,27,35.0,27.0,84.98,99.4,0,-0.8,"[-2.4, 0.7]",0.374152,artifacts/experiment_b2_recon/evals/resnet18/L-A32--w-int4--a-fp32--mse_per_layer--fit-mse_per_layer-fp32in-s2.npz
recon,resnet18,adaround,L-A32--w-int6--a-fp32--mse_per_channel--fit-mse_per_channel-fp32in-s0,int6,,,,69.5,69.5,69.5,70.1,97.8,97.8,0,97.8,0,97.8,8,2,8.0,2.0,96.54,100.0,0,-0.6,"[-1.3, 0.0]",0.109375,artifacts/experiment_b2_recon/evals/resnet18/L-A32--w-int6--a-fp32--mse_per_channel--fit-mse_per_channel-fp32in-s0.npz
recon,resnet18,adaround,L-A32--w-int8--a-fp32--mse_per_channel--fit-mse_per_channel-fp32in-s0,int8,,,,69.9,69.9,69.9,70.1,99.1,99.1,0,99.1,0,99.1,4,2,4.0,2.0,99.0,100.0,0,-0.2,"[-0.7, 0.3]",0.6875,artifacts/experiment_b2_recon/evals/resnet18/L-A32--w-int8--a-fp32--mse_per_channel--fit-mse_per_channel-fp32in-s0.npz
recon,resnet18,adaround,L-A32--w-posit8_es1--a-fp32--mse_per_channel--fit-mse_per_channel-fp32in-s0,posit8_es1,,,,70.0,70.0,70.0,70.1,99.6,99.6,0,99.6,0,99.6,1,0,1.0,0.0,98.88,100.0,0,-0.1,"[-0.3, 0.0]",1.0,artifacts/experiment_b2_recon/evals/resnet18/L-A32--w-posit8_es1--a-fp32--mse_per_channel--fit-mse_per_channel-fp32in-s0.npz
recon,resnet18,adaround,L-bc--w-fp6_e2m3--a-fp6_e2m3--default--fit-mse_per_channel-fp32in-s0,fp6_e2m3,default,,,67.836667,67.5,68.6,70.1,85.095119,85.095119,0,,2,84.9,48,22,51.3,28.666667,82.8,98.9,179,-2.6,"[-4.2, -1.0]",0.002548,artifacts/experiment_b2_recon/evals/resnet18/L-bc--w-fp6_e2m3--a-fp6_e2m3--default--fit-mse_per_channel-fp32in-s0.npz
recon,resnet18,adaround,L-bc--w-int4--a-int4--default--fit-mse_per_channel-fp32in-s0,int4,default,,,2.997415,5.2,3.9,70.1,3.27671,8.533059,568,,668,4.8,657,8,674.871128,3.845279,8.28,14.0,900,-64.9,"[-67.9, -61.897500000000036]",0.0,artifacts/experiment_b2_recon/evals/resnet18/L-bc--w-int4--a-int4--default--fit-mse_per_channel-fp32in-s0.npz
recon,resnet18,adaround,L-bc--w-int4--a-int8--default--fit-mse_per_channel-fp32in-s0,int4,default,,,67.758333,67.7,67.8,70.1,87.358333,87.358333,0,88.1,0,88.1,43,19,46.75,23.333333,82.94,98.4,61,-2.4,"[-4.0, -0.9]",0.003156,artifacts/experiment_b2_recon/evals/resnet18/L-bc--w-int4--a-int8--default--fit-mse_per_channel-fp32in-s0.npz
recon,resnet18,adaround,L-bc--w-int6--a-int6--default--fit-mse_per_channel-fp32in-s0,int6,default,,,68.125,67.2,68.2,70.1,88.573333,88.573333,0,,1,88.4,46,17,42.333333,22.583333,85.42,99.4,145,-2.9,"[-4.4, -1.4]",0.000337,artifacts/experiment_b2_recon/evals/resnet18/L-bc--w-int6--a-int6--default--fit-mse_per_channel-fp32in-s0.npz
recon,resnet18,adaround,L-bc--w-int8--a-int8--default--fit-mse_per_channel-fp32in-s0,int8,default,,,69.533333,69.2,69.4,70.1,96.966667,96.966667,0,97.0,0,96.8,13,4,11.5,5.833333,96.02,100.0,38,-0.9,"[-1.7, -0.1]",0.049042,artifacts/experiment_b2_recon/evals/resnet18/L-bc--w-int8--a-int8--default--fit-mse_per_channel-fp32in-s0.npz
recon,resnet18,adaround,L-bc--w-posit8_es1--a-posit8_es1--default--fit-mse_per_channel-fp32in-s0,posit8_es1,default,,,69.553333,69.5,69.5,70.1,93.145,93.145,0,94.2,0,95.2,19,13,24.3,18.833333,93.46,99.8,107,-0.6,"[-1.7, 0.5]",0.377086,artifacts/experiment_b2_recon/evals/resnet18/L-bc--w-posit8_es1--a-posit8_es1--default--fit-mse_per_channel-fp32in-s0.npz
recon,resnet18,adaround,L-nobc--w-fp6_e2m3--a-fp6_e2m3--default_no_bias_correction--fit-mse_per_channel-fp32in-s0,fp6_e2m3,default_no_bias_correction,,,67.656667,66.7,66.9,70.1,85.8,85.8,0,,1,85.2,61,27,55.216667,30.783333,86.26,99.3,198,-3.4,"[-5.2, -1.6]",0.000374,artifacts/experiment_b2_recon/evals/resnet18/L-nobc--w-fp6_e2m3--a-fp6_e2m3--default_no_bias_correction--fit-mse_per_channel-fp32in-s0.npz
recon,resnet18,adaround,L-nobc--w-int4--a-int4--default_no_bias_correction--fit-mse_per_channel-fp32in-s0,int4,default_no_bias_correction,,,24.825755,23.7,23.8,70.1,26.991356,28.75643,195,,414,27.4,489,25,484.301301,31.558855,53.44,73.4,823,-46.4,"[-49.7, -43.1]",0.0,artifacts/experiment_b2_recon/evals/resnet18/L-nobc--w-int4--a-int4--default_no_bias_correction--fit-mse_per_channel-fp32in-s0.npz
recon,resnet18,adaround,L-nobc--w-int4--a-int8--default_no_bias_correction--fit-mse_per_channel-fp32in-s0,int4,default_no_bias_correction,,,70.433333,69.9,69.8,70.1,91.8,91.8,0,92.0,0,91.8,22,20,21.0,24.333333,88.28,99.6,40,-0.2,"[-1.5, 1.1]",0.877614,artifacts/experiment_b2_recon/evals/resnet18/L-nobc--w-int4--a-int8--default_no_bias_correction--fit-mse_per_channel-fp32in-s0.npz
recon,resnet18,adaround,L-nobc--w-int4--a-int8--default_no_bias_correction--mse_per_layer--fit-mse_per_layer-fp32in-s0,int4,default_no_bias_correction,,,69.4,68.9,69.0,70.1,87.1,87.1,0,86.6,0,87.2,38,26,34.166667,27.166667,85.08,98.9,43,-1.2,"[-2.8, 0.4]",0.168643,artifacts/experiment_b2_recon/evals/resnet18/L-nobc--w-int4--a-int8--default_no_bias_correction--mse_per_layer--fit-mse_per_layer-fp32in-s0.npz
recon,resnet18,adaround,L-nobc--w-int4--a-int8--default_no_bias_correction--mse_per_layer--fit-mse_per_layer-fp32in-s1,int4,default_no_bias_correction,,,68.6,68.3,68.4,70.1,86.85,86.85,0,86.6,0,86.9,40,22,39.5,24.5,85.32,99.5,47,-1.8,"[-3.3, -0.3]",0.030016,artifacts/experiment_b2_recon/evals/resnet18/L-nobc--w-int4--a-int8--default_no_bias_correction--mse_per_layer--fit-mse_per_layer-fp32in-s1.npz
recon,resnet18,adaround,L-nobc--w-int4--a-int8--default_no_bias_correction--mse_per_layer--fit-mse_per_layer-fp32in-s2,int4,default_no_bias_correction,,,69.4,68.6,69.0,70.1,86.933333,86.933333,0,86.4,0,86.4,42,27,36.0,29.0,84.86,99.2,34,-1.5,"[-3.1, 0.1]",0.091186,artifacts/experiment_b2_recon/evals/resnet18/L-nobc--w-int4--a-int8--default_no_bias_correction--mse_per_layer--fit-mse_per_layer-fp32in-s2.npz
recon,resnet18,adaround,L-nobc--w-int6--a-int6--default_no_bias_correction--fit-mse_per_channel-fp32in-s0,int6,default_no_bias_correction,,,65.981667,65.8,66.3,70.1,86.09,86.09,0,,1,86.2,69,26,67.966667,26.783333,88.26,99.5,183,-4.3,"[-6.2, -2.4]",1.2e-05,artifacts/experiment_b2_recon/evals/resnet18/L-nobc--w-int6--a-int6--default_no_bias_correction--fit-mse_per_channel-fp32in-s0.npz
recon,resnet18,adaround,L-nobc--w-int8--a-int8--default_no_bias_correction--fit-mse_per_channel-fp32in-s0,int8,default_no_bias_correction,,,69.666667,69.6,69.9,70.1,96.283333,96.283333,0,96.0,0,96.2,15,10,14.166667,9.833333,96.26,100.0,49,-0.5,"[-1.5, 0.5]",0.424356,artifacts/experiment_b2_recon/evals/resnet18/L-nobc--w-int8--a-int8--default_no_bias_correction--fit-mse_per_channel-fp32in-s0.npz
recon,resnet18,adaround,L-nobc--w-posit8_es1--a-posit8_es1--default_no_bias_correction--fit-mse_per_channel-fp32in-s0,posit8_es1,default_no_bias_correction,,,68.975,68.8,68.9,70.1,93.136667,93.136667,0,93.8,0,94.0,23,10,26.083333,14.833333,93.44,99.9,110,-1.3,"[-2.4, -0.2]",0.035082,artifacts/experiment_b2_recon/evals/resnet18/L-nobc--w-posit8_es1--a-posit8_es1--default_no_bias_correction--fit-mse_per_channel-fp32in-s0.npz
recon,resnet18,adaround,LQ-bc--w-int4--a-int4--default--fit-mse_per_channel-b2in-int4-s0,int4,default,,,0.832452,1.6,1.0,70.1,0.655662,6.187109,573,,602,0.6,687,2,694.354595,1.679118,3.38,4.1,873,-68.5,"[-71.4, -65.6]",0.0,artifacts/experiment_b2_recon/evals/resnet18/LQ-bc--w-int4--a-int4--default--fit-mse_per_channel-b2in-int4-s0.npz
recon,resnet18,adaround,LQ-bc--w-int6--a-int6--default--fit-mse_per_channel-b2in-int6-s0,int6,default,,,68.125,67.4,68.5,70.1,89.234286,89.234286,0,,1,89.2,45,18,39.833333,20.083333,87.14,99.4,135,-2.7,"[-4.3, -1.2]",0.000898,artifacts/experiment_b2_recon/evals/resnet18/LQ-bc--w-int6--a-int6--default--fit-mse_per_channel-b2in-int6-s0.npz
recon,resnet18,adaround,LQ-nobc--w-int4--a-int4--default_no_bias_correction--fit-mse_per_channel-b2in-int4-s0,int4,default_no_bias_correction,,,27.757018,27.2,27.2,70.1,32.018615,33.572985,166,,365,32.0,453,24,453.446085,30.016269,60.62,79.4,812,-42.9,"[-46.1, -39.6]",0.0,artifacts/experiment_b2_recon/evals/resnet18/LQ-nobc--w-int4--a-int4--default_no_bias_correction--fit-mse_per_channel-b2in-int4-s0.npz
recon,resnet18,adaround,LQ-nobc--w-int6--a-int6--default_no_bias_correction--fit-mse_per_channel-b2in-int6-s0,int6,default_no_bias_correction,,,65.953333,66.5,66.0,70.1,87.148333,87.148333,0,,1,87.5,59,23,64.416667,22.95,88.96,99.9,178,-3.6,"[-5.4, -1.9]",8.7e-05,artifacts/experiment_b2_recon/evals/resnet18/LQ-nobc--w-int6--a-int6--default_no_bias_correction--fit-mse_per_channel-b2in-int6-s0.npz
recon,resnet18,adaround,N-A32--w-fp6_e2m3--a-fp32--mse_per_channel,fp6_e2m3,,,,69.8,69.8,69.8,70.1,94.6,94.6,0,94.6,0,94.6,14,11,14.0,11.0,90.64,99.9,0,-0.3,"[-1.3, 0.7]",0.690038,artifacts/experiment_b2_recon/evals/resnet18/N-A32--w-fp6_e2m3--a-fp32--mse_per_channel.npz
recon,resnet18,adaround,N-A32--w-int4--a-fp32--mse_per_channel,int4,,,,53.9,53.9,53.9,70.1,63.2,63.2,0,63.2,0,63.2,185,23,185.0,23.0,56.44,86.4,0,-16.2,"[-18.8, -13.6]",0.0,artifacts/experiment_b2_recon/evals/resnet18/N-A32--w-int4--a-fp32--mse_per_channel.npz
recon,resnet18,adaround,N-A32--w-int4--a-fp32--mse_per_layer,int4,,,,19.0,19.0,19.0,70.1,20.5,20.5,0,20.5,0,20.5,520,9,520.0,9.0,22.26,41.3,0,-51.1,"[-54.3, -48.0]",0.0,artifacts/experiment_b2_recon/evals/resnet18/N-A32--w-int4--a-fp32--mse_per_layer.npz
recon,resnet18,adaround,N-A32--w-int6--a-fp32--mse_per_channel,int6,,,,69.4,69.4,69.4,70.1,92.6,92.6,0,92.6,0,92.6,20,13,20.0,13.0,90.1,99.8,0,-0.7,"[-1.8, 0.4]",0.296206,artifacts/experiment_b2_recon/evals/resnet18/N-A32--w-int6--a-fp32--mse_per_channel.npz
recon,resnet18,adaround,N-A32--w-int8--a-fp32--mse_per_channel,int8,,,,69.0,69.0,69.0,70.1,97.0,97.0,0,97.0,0,97.0,17,6,17.0,6.0,96.92,100.0,0,-1.1,"[-2.1, -0.2]",0.03469,artifacts/experiment_b2_recon/evals/resnet18/N-A32--w-int8--a-fp32--mse_per_channel.npz
recon,resnet18,adaround,N-A32--w-posit8_es1--a-fp32--mse_per_channel,posit8_es1,,,,69.8,69.8,69.8,70.1,96.9,96.9,0,96.9,0,96.9,10,7,10.0,7.0,96.4,100.0,0,-0.3,"[-1.1, 0.5]",0.629059,artifacts/experiment_b2_recon/evals/resnet18/N-A32--w-posit8_es1--a-fp32--mse_per_channel.npz
recon,resnet18,adaround,N-A32-bc--w-int4--a-fp32--mse_per_layer--bias-empirical,int4,,,,0.1,0.1,0.1,70.1,0.2,0.2,0,0.2,0,0.2,701,1,701.0,1.0,0.92,0.6,0,-70.0,"[-72.8, -67.2]",0.0,artifacts/experiment_b2_recon/evals/resnet18/N-A32-bc--w-int4--a-fp32--mse_per_layer--bias-empirical.npz
recon,resnet18,adaround,N-default--w-fp6_e2m3--a-fp6_e2m3--default,fp6_e2m3,default,,,66.656667,66.8,67.3,70.1,82.685,82.701667,1,,1,82.1,58,25,64.3,29.866667,80.12,97.7,183,-3.3,"[-5.1, -1.5]",0.000378,artifacts/experiment_b2_recon/evals/resnet18/N-default--w-fp6_e2m3--a-fp6_e2m3--default.npz
recon,resnet18,adaround,N-default--w-int4--a-int4--default,int4,default,,,0.128678,0.2,0.1,70.1,0.061111,7.114445,575,,576,0.1,701,2,700.703297,0.990079,0.68,0.3,980,-69.9,"[-72.7, -67.0]",0.0,artifacts/experiment_b2_recon/evals/resnet18/N-default--w-int4--a-int4--default.npz
recon,resnet18,adaround,N-default--w-int4--a-int8--default,int4,default,,,0.1,0.1,0.1,70.1,0.2,0.2,0,0.2,0,0.2,701,1,701.0,1.0,1.0,0.8,1,-70.0,"[-72.8, -67.2]",0.0,artifacts/experiment_b2_recon/evals/resnet18/N-default--w-int4--a-int8--default.npz
recon,resnet18,adaround,N-default--w-int6--a-int6--default,int6,default,,,65.891667,65.2,66.9,70.1,82.929286,82.951508,2,,4,84.2,71,22,68.25,26.166667,78.74,98.0,168,-4.9,"[-6.8, -3.1]",0.0,artifacts/experiment_b2_recon/evals/resnet18/N-default--w-int6--a-int6--default.npz
recon,resnet18,adaround,N-default--w-int8--a-int8--default,int8,default,,,69.216667,68.6,69.0,70.1,96.291667,96.291667,0,96.2,0,96.4,18,3,14.5,5.666667,95.54,100.0,42,-1.5,"[-2.4, -0.7]",0.00149,artifacts/experiment_b2_recon/evals/resnet18/N-default--w-int8--a-int8--default.npz
recon,resnet18,adaround,N-default--w-posit8_es1--a-posit8_es1--default,posit8_es1,default,,,69.633333,69.1,69.8,70.1,93.0,93.0,0,,1,94.1,20,10,22.833333,18.166667,92.56,99.9,102,-1.0,"[-2.1, 0.1]",0.098737,artifacts/experiment_b2_recon/evals/resnet18/N-default--w-posit8_es1--a-posit8_es1--default.npz
recon,resnet18,adaround,N-minimal--w-fp6_e2m3--a-fp6_e2m3--minimal,fp6_e2m3,minimal,,,68.000952,67.0,68.5,70.1,84.104286,84.104286,0,,1,84.6,59,28,56.083333,35.092857,84.7,98.9,193,-3.1,"[-4.9, -1.3]",0.001169,artifacts/experiment_b2_recon/evals/resnet18/N-minimal--w-fp6_e2m3--a-fp6_e2m3--minimal.npz
recon,resnet18,adaround,N-minimal--w-int4--a-int4--minimal,int4,minimal,,,17.139623,18.0,15.4,70.1,17.728047,18.682357,76,,144,17.3,541,20,546.811912,17.208138,26.88,48.5,650,-52.1,"[-55.4, -48.8]",0.0,artifacts/experiment_b2_recon/evals/resnet18/N-minimal--w-int4--a-int4--minimal.npz
recon,resnet18,adaround,N-minimal--w-int4--a-int8--minimal,int4,minimal,,,46.483333,46.7,46.8,70.1,48.95,48.95,0,49.3,0,49.3,272,38,274.666667,38.5,46.0,74.7,53,-23.4,"[-26.5, -20.3]",0.0,artifacts/experiment_b2_recon/evals/resnet18/N-minimal--w-int4--a-int8--minimal.npz
recon,resnet18,adaround,N-minimal--w-int6--a-int6--minimal,int6,minimal,,,65.831667,65.6,66.1,70.1,82.173333,82.173333,0,,1,81.3,79,34,78.633333,35.95,82.42,98.6,177,-4.5,"[-6.6, -2.4]",2.8e-05,artifacts/experiment_b2_recon/evals/resnet18/N-minimal--w-int6--a-int6--minimal.npz
recon,resnet18,adaround,N-minimal--w-int8--a-int8--minimal,int8,minimal,,,69.72,69.4,69.4,70.1,95.22,95.22,0,95.5,0,95.3,17,10,17.333333,13.533333,94.38,100.0,47,-0.7,"[-1.7, 0.3]",0.247789,artifacts/experiment_b2_recon/evals/resnet18/N-minimal--w-int8--a-int8--minimal.npz
recon,resnet18,adaround,N-minimal--w-posit8_es1--a-posit8_es1--minimal,posit8_es1,minimal,,,4.366667,4.4,4.2,70.1,4.6,4.6,0,4.6,0,4.6,662,5,663.166667,5.833333,6.96,12.5,154,-65.7,"[-68.7, -62.7]",0.0,artifacts/experiment_b2_recon/evals/resnet18/N-minimal--w-posit8_es1--a-posit8_es1--minimal.npz
recon,resnet18,adaround,N-nobc--w-fp6_e2m3--a-fp6_e2m3--default_no_bias_correction,fp6_e2m3,default_no_bias_correction,,,67.978333,66.9,68.2,70.1,85.733333,85.75,1,,3,85.8,59,27,53.75,32.533333,84.28,99.0,187,-3.2,"[-5.0, -1.4]",0.000732,artifacts/experiment_b2_recon/evals/resnet18/N-nobc--w-fp6_e2m3--a-fp6_e2m3--default_no_bias_correction.npz
recon,resnet18,adaround,N-nobc--w-int4--a-int4--default_no_bias_correction,int4,default_no_bias_correction,,,27.783477,28.5,28.3,70.1,31.182375,32.104896,83,,161,32.2,438,22,444.775688,21.610458,38.64,66.9,644,-41.6,"[-44.9, -38.3]",0.0,artifacts/experiment_b2_recon/evals/resnet18/N-nobc--w-int4--a-int4--default_no_bias_correction.npz
recon,resnet18,adaround,N-nobc--w-int4--a-int8--default_no_bias_correction--mse_per_layer,int4,default_no_bias_correction,,,18.983333,19.1,19.3,70.1,20.358333,20.358333,0,20.6,0,20.8,521,11,521.416667,10.25,22.64,42.0,138,-51.0,"[-54.2, -47.9]",0.0,artifacts/experiment_b2_recon/evals/resnet18/N-nobc--w-int4--a-int8--default_no_bias_correction--mse_per_layer.npz
recon,resnet18,adaround,N-nobc--w-int4--a-int8--default_no_bias_correction,int4,default_no_bias_correction,,,53.466667,53.6,53.8,70.1,62.758333,62.758333,0,62.9,0,62.9,188,23,188.0,21.666667,56.44,86.2,61,-16.5,"[-19.1, -13.9]",0.0,artifacts/experiment_b2_recon/evals/resnet18/N-nobc--w-int4--a-int8--default_no_bias_correction.npz
recon,resnet18,adaround,N-nobc--w-int6--a-int6--default_no_bias_correction,int6,default_no_bias_correction,,,66.503333,66.8,66.7,70.1,84.461667,84.461667,0,,1,84.8,62,29,66.55,30.583333,85.18,99.4,182,-3.3,"[-5.2, -1.5]",0.000705,artifacts/experiment_b2_recon/evals/resnet18/N-nobc--w-int6--a-int6--default_no_bias_correction.npz
recon,resnet18,adaround,N-nobc--w-int8--a-int8--default_no_bias_correction,int8,default_no_bias_correction,,,69.316667,69.0,69.3,70.1,95.866667,95.866667,0,95.8,0,96.1,20,9,19.0,11.166667,95.44,100.0,47,-1.1,"[-2.2, -0.1]",0.061428,artifacts/experiment_b2_recon/evals/resnet18/N-nobc--w-int8--a-int8--default_no_bias_correction.npz
recon,resnet18,adaround,N-nobc--w-posit8_es1--a-posit8_es1--default_no_bias_correction,posit8_es1,default_no_bias_correction,,,69.241667,69.4,69.5,70.1,92.75,92.75,0,,1,93.7,21,14,25.833333,17.25,92.78,99.9,99,-0.7,"[-1.9, 0.5]",0.310505,artifacts/experiment_b2_recon/evals/resnet18/N-nobc--w-posit8_es1--a-posit8_es1--default_no_bias_correction.npz
recon,resnet18,adaround,fp32,,,,,70.1,70.1,70.1,70.1,100.0,100.0,0,100.0,0,100.0,0,0,0.0,0.0,100.0,100.0,0,0.0,"[0.0, 0.0]",1.0,artifacts/experiment_b2_recon/evals/resnet18/fp32.npz
recon,mobilenet_v2,adaround,L-A32--w-fp6_e2m3--a-fp32--mse_per_channel--fit-mse_per_channel-fp32in-s0,fp6_e2m3,,,,71.7,71.7,71.7,72.1,97.3,97.3,0,97.3,0,97.3,12,8,12.0,8.0,96.06,100.0,0,-0.4,"[-1.3, 0.5]",0.503445,artifacts/experiment_b2_recon/evals/mobilenet_v2/L-A32--w-fp6_e2m3--a-fp32--mse_per_channel--fit-mse_per_channel-fp32in-s0.npz
recon,mobilenet_v2,adaround,L-A32--w-int4--a-fp32--mse_per_channel--fit-mse_per_channel-fp32in-s0,int4,,,,71.7,71.7,71.7,72.1,90.6,90.6,0,90.6,0,90.6,28,24,28.0,24.0,84.08,99.9,0,-0.4,"[-1.8, 1.0]",0.677809,artifacts/experiment_b2_recon/evals/mobilenet_v2/L-A32--w-int4--a-fp32--mse_per_channel--fit-mse_per_channel-fp32in-s0.npz
recon,mobilenet_v2,adaround,L-A32--w-int6--a-fp32--mse_per_channel--fit-mse_per_channel-fp32in-s0,int6,,,,72.3,72.3,72.3,72.1,97.1,97.1,0,97.1,0,97.1,6,8,6.0,8.0,95.38,100.0,0,0.2,"[-0.5, 0.9]",0.790527,artifacts/experiment_b2_recon/evals/mobilenet_v2/L-A32--w-int6--a-fp32--mse_per_channel--fit-mse_per_channel-fp32in-s0.npz
recon,mobilenet_v2,adaround,L-A32--w-int8--a-fp32--mse_per_channel--fit-mse_per_channel-fp32in-s0,int8,,,,72.3,72.3,72.3,72.1,99.5,99.5,0,99.5,0,99.5,0,2,0.0,2.0,99.0,100.0,0,0.2,"[0.0, 0.5]",0.5,artifacts/experiment_b2_recon/evals/mobilenet_v2/L-A32--w-int8--a-fp32--mse_per_channel--fit-mse_per_channel-fp32in-s0.npz
recon,mobilenet_v2,adaround,L-A32--w-posit8_es1--a-fp32--mse_per_channel--fit-mse_per_channel-fp32in-s0,posit8_es1,,,,72.2,72.2,72.2,72.1,99.0,99.0,0,99.0,0,99.0,2,3,2.0,3.0,98.34,100.0,0,0.1,"[-0.3, 0.6]",1.0,artifacts/experiment_b2_recon/evals/mobilenet_v2/L-A32--w-posit8_es1--a-fp32--mse_per_channel--fit-mse_per_channel-fp32in-s0.npz
recon,mobilenet_v2,adaround,L-bc--w-fp6_e2m3--a-fp6_e2m3--default--fit-mse_per_channel-fp32in-s0,fp6_e2m3,default,,,68.825,68.4,68.9,72.1,80.466667,80.466667,0,80.2,0,80.5,73,36,70.416667,37.666667,74.44,96.9,112,-3.7,"[-5.8, -1.6]",0.000505,artifacts/experiment_b2_recon/evals/mobilenet_v2/L-bc--w-fp6_e2m3--a-fp6_e2m3--default--fit-mse_per_channel-fp32in-s0.npz
recon,mobilenet_v2,adaround,L-bc--w-int4--a-int4--default--fit-mse_per_channel-fp32in-s0,int4,default,,,0.23112,0.4,0.5,72.1,0.106392,4.909894,982,,999,0.4,718,1,719.207679,0.518875,1.4,1.8,1000,-71.7,"[-74.5, -68.9]",0.0,artifacts/experiment_b2_recon/evals/mobilenet_v2/L-bc--w-int4--a-int4--default--fit-mse_per_channel-fp32in-s0.npz
recon,mobilenet_v2,adaround,L-bc--w-int4--a-int8--default--fit-mse_per_channel-fp32in-s0,int4,default,,,54.233333,54.2,53.9,72.1,63.723333,63.823496,7,,9,63.3,201,22,200.833333,22.166667,55.82,84.9,163,-17.9,"[-20.6, -15.2]",0.0,artifacts/experiment_b2_recon/evals/mobilenet_v2/L-bc--w-int4--a-int8--default--fit-mse_per_channel-fp32in-s0.npz
recon,mobilenet_v2,adaround,L-bc--w-int6--a-int6--default--fit-mse_per_channel-fp32in-s0,int6,default,,,70.433333,70.1,71.1,72.1,88.758333,88.758333,0,88.5,0,88.1,41,21,38.0,21.333333,82.02,99.6,90,-2.0,"[-3.5, -0.5]",0.015134,artifacts/experiment_b2_recon/evals/mobilenet_v2/L-bc--w-int6--a-int6--default--fit-mse_per_channel-fp32in-s0.npz
recon,mobilenet_v2,adaround,L-bc--w-int8--a-int8--default--fit-mse_per_channel-fp32in-s0,int8,default,,,72.25,72.0,72.2,72.1,97.483333,97.483333,0,97.7,0,97.9,5,4,5.0,6.5,94.88,100.0,26,-0.1,"[-0.7, 0.5]",1.0,artifacts/experiment_b2_recon/evals/mobilenet_v2/L-bc--w-int8--a-int8--default--fit-mse_per_channel-fp32in-s0.npz
recon,mobilenet_v2,adaround,L-bc--w-posit8_es1--a-posit8_es1--default--fit-mse_per_channel-fp32in-s0,posit8_es1,default,,,71.975,72.4,72.5,72.1,91.933333,91.933333,0,91.9,0,91.8,18,21,20.833333,19.583333,88.08,99.6,57,0.3,"[-0.9, 1.5]",0.749259,artifacts/experiment_b2_recon/evals/mobilenet_v2/L-bc--w-posit8_es1--a-posit8_es1--default--fit-mse_per_channel-fp32in-s0.npz
recon,mobilenet_v2,adaround,L-nobc--w-fp6_e2m3--a-fp6_e2m3--default_no_bias_correction--fit-mse_per_channel-fp32in-s0,fp6_e2m3,default_no_bias_correction,,,70.95,70.4,70.9,72.1,87.041667,87.041667,0,86.9,0,87.6,47,30,43.166667,31.666667,82.58,99.3,114,-1.7,"[-3.4, 0.0]",0.067549,artifacts/experiment_b2_recon/evals/mobilenet_v2/L-nobc--w-fp6_e2m3--a-fp6_e2m3--default_no_bias_correction--fit-mse_per_channel-fp32in-s0.npz
recon,mobilenet_v2,adaround,L-nobc--w-int4--a-int4--default_no_bias_correction--fit-mse_per_channel-fp32in-s0,int4,default_no_bias_correction,,,27.181485,25.6,27.6,72.1,28.820498,30.015161,97,,281,31.2,488,23,477.91985,28.734697,54.3,80.6,851,-46.5,"[-49.8, -43.2]",0.0,artifacts/experiment_b2_recon/evals/mobilenet_v2/L-nobc--w-int4--a-int4--default_no_bias_correction--fit-mse_per_channel-fp32in-s0.npz
recon,mobilenet_v2,adaround,L-nobc--w-int4--a-int8--default_no_bias_correction--fit-mse_per_channel-fp32in-s0,int4,default_no_bias_correction,,,71.483333,71.3,71.5,72.1,90.283333,90.283333,0,90.3,0,90.8,30,22,28.5,22.333333,83.66,99.8,24,-0.8,"[-2.2, 0.6]",0.33175,artifacts/experiment_b2_recon/evals/mobilenet_v2/L-nobc--w-int4--a-int8--default_no_bias_correction--fit-mse_per_channel-fp32in-s0.npz
recon,mobilenet_v2,adaround,L-nobc--w-int6--a-int6--default_no_bias_correction--fit-mse_per_channel-fp32in-s0,int6,default_no_bias_correction,,,69.703333,69.7,69.3,72.1,89.803333,89.803333,0,90.6,0,90.0,40,16,43.333333,19.366667,87.08,99.7,95,-2.4,"[-3.9, -1.0]",0.001842,artifacts/experiment_b2_recon/evals/mobilenet_v2/L-nobc--w-int6--a-int6--default_no_bias_correction--fit-mse_per_channel-fp32in-s0.npz
recon,mobilenet_v2,adaround,L-nobc--w-int8--a-int8--default_no_bias_correction--fit-mse_per_channel-fp32in-s0,int8,default_no_bias_correction,,,72.1,72.1,72.2,72.1,97.483333,97.483333,0,97.7,0,97.8,4,4,5.0,5.0,95.9,100.0,18,0.0,"[-0.5, 0.6]",1.0,artifacts/experiment_b2_recon/evals/mobilenet_v2/L-nobc--w-int8--a-int8--default_no_bias_correction--fit-mse_per_channel-fp32in-s0.npz
recon,mobilenet_v2,adaround,L-nobc--w-posit8_es1--a-posit8_es1--default_no_bias_correction--fit-mse_per_channel-fp32in-s0,posit8_es1,default_no_bias_correction,,,72.25,72.1,72.2,72.1,93.236667,93.236667,0,93.1,0,92.8,16,16,16.333333,17.833333,90.76,99.8,52,0.0,"[-1.1, 1.1]",1.0,artifacts/experiment_b2_recon/evals/mobilenet_v2/L-nobc--w-posit8_es1--a-posit8_es1--default_no_bias_correction--fit-mse_per_channel-fp32in-s0.npz
recon,mobilenet_v2,adaround,LQ-bc--w-int4--a-int4--default--fit-mse_per_channel-b2in-int4-s0,int4,default,,,7.599602,8.3,9.1,72.1,7.744289,11.412844,812,,886,9.8,640,2,647.660869,2.656886,10.26,17.8,934,-63.8,"[-66.8, -60.9]",0.0,artifacts/experiment_b2_recon/evals/mobilenet_v2/LQ-bc--w-int4--a-int4--default--fit-mse_per_channel-b2in-int4-s0.npz
recon,mobilenet_v2,adaround,LQ-bc--w-int6--a-int6--default--fit-mse_per_channel-b2in-int6-s0,int6,default,,,71.766667,71.1,71.6,72.1,90.425,90.425,0,90.0,0,90.8,34,24,30.0,26.666667,85.12,99.7,87,-1.0,"[-2.5, 0.5]",0.237047,artifacts/experiment_b2_recon/evals/mobilenet_v2/LQ-bc--w-int6--a-int6--default--fit-mse_per_channel-b2in-int6-s0.npz
recon,mobilenet_v2,adaround,LQ-nobc--w-int4--a-int4--default_no_bias_correction--fit-mse_per_channel-b2in-int4-s0,int4,default_no_bias_correction,,,50.26543,49.8,50.4,72.1,54.944426,55.199821,26,,58,54.8,257,34,258.907741,40.562037,56.6,86.7,462,-22.3,"[-25.3, -19.2]",0.0,artifacts/experiment_b2_recon/evals/mobilenet_v2/LQ-nobc--w-int4--a-int4--default_no_bias_correction--fit-mse_per_channel-b2in-int4-s0.npz
recon,mobilenet_v2,adaround,LQ-nobc--w-int6--a-int6--default_no_bias_correction--fit-mse_per_channel-b2in-int6-s0,int6,default_no_bias_correction,,,70.716667,70.8,70.4,72.1,90.358333,90.358333,0,90.6,0,89.9,35,22,37.5,23.666667,87.44,99.6,94,-1.3,"[-2.8, 0.2]",0.111161,artifacts/experiment_b2_recon/evals/mobilenet_v2/LQ-nobc--w-int6--a-int6--default_no_bias_correction--fit-mse_per_channel-b2in-int6-s0.npz
recon,mobilenet_v2,adaround,N-A32--w-fp6_e2m3--a-fp32--mse_per_channel,fp6_e2m3,,,,68.9,68.9,68.9,72.1,83.6,83.6,0,83.6,0,83.6,55,23,55.0,23.0,77.26,98.1,0,-3.2,"[-5.0, -1.5]",0.000378,artifacts/experiment_b2_recon/evals/mobilenet_v2/N-A32--w-fp6_e2m3--a-fp32--mse_per_channel.npz
recon,mobilenet_v2,adaround,N-A32--w-int4--a-fp32--mse_per_channel,int4,,,,2.3,2.3,2.3,72.1,1.9,1.9,0,1.9,0,1.9,702,4,702.0,4.0,3.88,6.5,0,-69.8,"[-72.7, -66.9]",0.0,artifacts/experiment_b2_recon/evals/mobilenet_v2/N-A32--w-int4--a-fp32--mse_per_channel.npz
recon,mobilenet_v2,adaround,N-A32--w-int6--a-fp32--mse_per_channel,int6,,,,68.3,68.3,68.3,72.1,82.7,82.7,0,82.7,0,82.7,64,26,64.0,26.0,75.9,97.0,0,-3.8,"[-5.6, -2.0]",7.7e-05,artifacts/experiment_b2_recon/evals/mobilenet_v2/N-A32--w-int6--a-fp32--mse_per_channel.npz
recon,mobilenet_v2,adaround,N-A32--w-int8--a-fp32--mse_per_channel,int8,,,,71.8,71.8,71.8,72.1,95.9,95.9,0,95.9,0,95.9,12,9,12.0,9.0,94.22,100.0,0,-0.3,"[-1.2, 0.6]",0.663624,artifacts/experiment_b2_recon/evals/mobilenet_v2/N-A32--w-int8--a-fp32--mse_per_channel.npz
recon,mobilenet_v2,adaround,N-A32--w-posit8_es1--a-fp32--mse_per_channel,posit8_es1,,,,71.7,71.7,71.7,72.1,93.3,93.3,0,93.3,0,93.3,20,16,20.0,16.0,89.82,99.7,0,-0.4,"[-1.6, 0.8]",0.617719,artifacts/experiment_b2_recon/evals/mobilenet_v2/N-A32--w-posit8_es1--a-fp32--mse_per_channel.npz
recon,mobilenet_v2,adaround,N-default--w-fp6_e2m3--a-fp6_e2m3--default,fp6_e2m3,default,,,66.235,65.4,66.9,72.1,78.120952,78.135238,1,,3,78.6,96,29,90.383333,31.733333,70.1,95.8,152,-6.7,"[-8.8, -4.5]",0.0,artifacts/experiment_b2_recon/evals/mobilenet_v2/N-default--w-fp6_e2m3--a-fp6_e2m3--default.npz
recon,mobilenet_v2,adaround,N-default--w-int4--a-int4--default,int4,default,,,0.1,0.1,0.1,72.1,0.034545,4.97667,993,,1000,0.1,721,1,720.45,0.45,0.74,0.7,1000,-72.0,"[-74.8, -69.2]",0.0,artifacts/experiment_b2_recon/evals/mobilenet_v2/N-default--w-int4--a-int4--default.npz
recon,mobilenet_v2,adaround,N-default--w-int4--a-int8--default,int4,default,,,7.473333,8.1,7.0,72.1,8.423333,8.51123,6,,7,8.0,645,5,649.1,2.833333,8.7,15.4,761,-64.0,"[-67.0, -61.0]",0.0,artifacts/experiment_b2_recon/evals/mobilenet_v2/N-default--w-int4--a-int8--default.npz
recon,mobilenet_v2,adaround,N-default--w-int6--a-int6--default,int6,default,,,70.098333,70.3,70.5,72.1,84.71,84.71,0,84.7,0,84.8,54,36,52.25,32.233333,78.32,98.2,104,-1.8,"[-3.7, 0.1]",0.07255,artifacts/experiment_b2_recon/evals/mobilenet_v2/N-default--w-int6--a-int6--default.npz
recon,mobilenet_v2,adaround,N-default--w-int8--a-int8--default,int8,default,,,72.3,72.0,72.0,72.1,97.183333,97.183333,0,97.4,0,97.4,8,7,7.5,9.5,95.4,100.0,14,-0.1,"[-0.8, 0.7]",1.0,artifacts/experiment_b2_recon/evals/mobilenet_v2/N-default--w-int8--a-int8--default.npz
recon,mobilenet_v2,adaround,N-default--w-posit8_es1--a-posit8_es1--default,posit8_es1,default,,,72.391667,71.9,72.1,72.1,91.725,91.725,0,91.5,0,91.2,22,20,18.5,21.416667,88.34,99.8,56,-0.2,"[-1.5, 1.1]",0.877614,artifacts/experiment_b2_recon/evals/mobilenet_v2/N-default--w-posit8_es1--a-posit8_es1--default.npz
recon,mobilenet_v2,adaround,N-minimal--w-fp6_e2m3--a-fp6_e2m3--minimal,fp6_e2m3,minimal,,,66.630952,66.5,66.6,72.1,80.091667,80.122619,2,,2,80.4,84,28,84.916667,30.22619,73.52,96.9,129,-5.6,"[-7.7, -3.5]",0.0,artifacts/experiment_b2_recon/evals/mobilenet_v2/N-minimal--w-fp6_e2m3--a-fp6_e2m3--minimal.npz
recon,mobilenet_v2,adaround,N-minimal--w-int4--a-int4--minimal,int4,minimal,,,0.468056,0.4,0.5,72.1,0.569841,2.607174,187,,189,0.6,717,0,716.5,0.180556,1.18,1.7,562,-71.7,"[-74.4, -68.9]",0.0,artifacts/experiment_b2_recon/evals/mobilenet_v2/N-minimal--w-int4--a-int4--minimal.npz
recon,mobilenet_v2,adaround,N-minimal--w-int4--a-int8--minimal,int4,minimal,,,1.1,1.0,1.1,72.1,1.25,1.25,0,1.2,0,1.3,711,0,710.0,0.0,3.38,5.1,109,-71.1,"[-73.9, -68.3]",0.0,artifacts/experiment_b2_recon/evals/mobilenet_v2/N-minimal--w-int4--a-int8--minimal.npz
recon,mobilenet_v2,adaround,N-minimal--w-int6--a-int6--minimal,int6,minimal,,,66.308333,66.2,66.4,72.1,79.808333,79.808333,0,79.9,0,79.5,84,25,84.0,26.083333,71.98,96.1,74,-5.9,"[-7.9, -3.9]",0.0,artifacts/experiment_b2_recon/evals/mobilenet_v2/N-minimal--w-int6--a-int6--minimal.npz
recon,mobilenet_v2,adaround,N-minimal--w-int8--a-int8--minimal,int8,minimal,,,72.283333,72.1,72.2,72.1,94.983333,94.983333,0,95.0,0,95.0,14,14,13.5,15.333333,92.34,99.9,21,0.0,"[-1.0, 1.0]",1.0,artifacts/experiment_b2_recon/evals/mobilenet_v2/N-minimal--w-int8--a-int8--minimal.npz
recon,mobilenet_v2,adaround,N-minimal--w-posit8_es1--a-posit8_es1--minimal,posit8_es1,minimal,,,0.1,0.1,0.1,72.1,0.15,0.15,0,0.1,0,0.2,720,0,720.0,0.0,0.62,0.6,123,-72.0,"[-74.7, -69.2]",0.0,artifacts/experiment_b2_recon/evals/mobilenet_v2/N-minimal--w-posit8_es1--a-posit8_es1--minimal.npz
recon,mobilenet_v2,adaround,N-nobc--w-fp6_e2m3--a-fp6_e2m3--default_no_bias_correction,fp6_e2m3,default_no_bias_correction,,,67.016667,67.1,67.4,72.1,80.641667,80.658333,1,,1,81.2,75,25,76.333333,25.5,73.44,96.2,120,-5.0,"[-6.9, -3.0975000000000366]",1e-06,artifacts/experiment_b2_recon/evals/mobilenet_v2/N-nobc--w-fp6_e2m3--a-fp6_e2m3--default_no_bias_correction.npz
recon,mobilenet_v2,adaround,N-nobc--w-int4--a-int4--default_no_bias_correction,int4,default_no_bias_correction,,,1.111667,1.2,1.1,72.1,0.966667,1.51767,39,,41,0.9,710,1,711.25,1.366667,1.88,2.3,502,-70.9,"[-73.7, -68.1]",0.0,artifacts/experiment_b2_recon/evals/mobilenet_v2/N-nobc--w-int4--a-int4--default_no_bias_correction.npz
recon,mobilenet_v2,adaround,N-nobc--w-int4--a-int8--default_no_bias_correction,int4,default_no_bias_correction,,,2.25,2.3,2.3,72.1,1.85,1.85,0,1.9,0,1.9,702,4,702.5,4.0,3.92,6.3,88,-69.8,"[-72.7, -66.9]",0.0,artifacts/experiment_b2_recon/evals/mobilenet_v2/N-nobc--w-int4--a-int8--default_no_bias_correction.npz
recon,mobilenet_v2,adaround,N-nobc--w-int6--a-int6--default_no_bias_correction,int6,default_no_bias_correction,,,67.141667,66.6,67.2,72.1,80.166667,80.166667,0,79.5,0,80.2,85,30,80.166667,30.583333,73.5,97.0,86,-5.5,"[-7.502499999999998, -3.4]",0.0,artifacts/experiment_b2_recon/evals/mobilenet_v2/N-nobc--w-int6--a-int6--default_no_bias_correction.npz
recon,mobilenet_v2,adaround,N-nobc--w-int8--a-int8--default_no_bias_correction,int8,default_no_bias_correction,,,71.9,72.0,72.1,72.1,95.45,95.45,0,95.5,0,95.5,13,12,13.5,11.5,92.7,100.0,14,-0.1,"[-1.1, 0.9]",1.0,artifacts/experiment_b2_recon/evals/mobilenet_v2/N-nobc--w-int8--a-int8--default_no_bias_correction.npz
recon,mobilenet_v2,adaround,N-nobc--w-posit8_es1--a-posit8_es1--default_no_bias_correction,posit8_es1,default_no_bias_correction,,,72.108333,72.0,72.2,72.1,90.441667,90.441667,0,90.8,0,91.0,22,21,22.666667,22.75,87.08,99.3,63,-0.1,"[-1.4, 1.2]",1.0,artifacts/experiment_b2_recon/evals/mobilenet_v2/N-nobc--w-posit8_es1--a-posit8_es1--default_no_bias_correction.npz
recon,mobilenet_v2,adaround,fp32,,,,,72.1,72.1,72.1,72.1,100.0,100.0,0,100.0,0,100.0,0,0,0.0,0.0,100.0,100.0,0,0.0,"[0.0, 0.0]",1.0,artifacts/experiment_b2_recon/evals/mobilenet_v2/fp32.npz
recon,mobilenet_v3_large,adaround,L-A32--w-fp6_e2m3--a-fp32--mse_per_channel--fit-mse_per_channel-fp32in-s0,fp6_e2m3,,,,74.8,74.8,74.8,75.0,98.0,98.0,0,98.0,0,98.0,6,4,6.0,4.0,95.34,100.0,0,-0.2,"[-0.8, 0.4]",0.753906,artifacts/experiment_b2_recon/evals/mobilenet_v3_large/L-A32--w-fp6_e2m3--a-fp32--mse_per_channel--fit-mse_per_channel-fp32in-s0.npz
recon,mobilenet_v3_large,adaround,L-A32--w-int4--a-fp32--mse_per_channel--fit-mse_per_channel-fp32in-s0,int4,,,,73.1,73.1,73.1,75.0,89.7,89.7,0,89.7,0,89.7,37,18,37.0,18.0,81.5,99.2,0,-1.9,"[-3.4, -0.5]",0.014454,artifacts/experiment_b2_recon/evals/mobilenet_v3_large/L-A32--w-int4--a-fp32--mse_per_channel--fit-mse_per_channel-fp32in-s0.npz
recon,mobilenet_v3_large,adaround,L-A32--w-int6--a-fp32--mse_per_channel--fit-mse_per_channel-fp32in-s0,int6,,,,75.0,75.0,75.0,75.0,97.2,97.2,0,97.2,0,97.2,8,8,8.0,8.0,94.04,100.0,0,0.0,"[-0.8, 0.8]",1.0,artifacts/experiment_b2_recon/evals/mobilenet_v3_large/L-A32--w-int6--a-fp32--mse_per_channel--fit-mse_per_channel-fp32in-s0.npz
recon,mobilenet_v3_large,adaround,L-A32--w-int8--a-fp32--mse_per_channel--fit-mse_per_channel-fp32in-s0,int8,,,,75.3,75.3,75.3,75.0,99.3,99.3,0,99.3,0,99.3,0,3,0.0,3.0,98.58,100.0,0,0.3,"[0.0, 0.7]",0.25,artifacts/experiment_b2_recon/evals/mobilenet_v3_large/L-A32--w-int8--a-fp32--mse_per_channel--fit-mse_per_channel-fp32in-s0.npz
recon,mobilenet_v3_large,adaround,L-A32--w-posit8_es1--a-fp32--mse_per_channel--fit-mse_per_channel-fp32in-s0,posit8_es1,,,,74.8,74.8,74.8,75.0,99.5,99.5,0,99.5,0,99.5,3,1,3.0,1.0,97.84,100.0,0,-0.2,"[-0.6, 0.2]",0.625,artifacts/experiment_b2_recon/evals/mobilenet_v3_large/L-A32--w-posit8_es1--a-fp32--mse_per_channel--fit-mse_per_channel-fp32in-s0.npz
recon,mobilenet_v3_large,adaround,L-bc--w-fp6_e2m3--a-fp6_e2m3--default--fit-mse_per_channel-fp32in-s0,fp6_e2m3,default,,,57.775,57.8,57.7,75.0,64.216667,64.216667,0,64.2,0,63.9,198,26,199.0,26.75,56.48,87.3,145,-17.2,"[-19.9, -14.5]",0.0,artifacts/experiment_b2_recon/evals/mobilenet_v3_large/L-bc--w-fp6_e2m3--a-fp6_e2m3--default--fit-mse_per_channel-fp32in-s0.npz
recon,mobilenet_v3_large,adaround,L-bc--w-int4--a-int4--default--fit-mse_per_channel-fp32in-s0,int4,default,,,0.128749,0.3,0.1,75.0,0.039365,11.069358,885,,889,0.0,748,1,749.592063,0.879555,0.72,0.4,999,-74.7,"[-77.4, -72.0]",0.0,artifacts/experiment_b2_recon/evals/mobilenet_v3_large/L-bc--w-int4--a-int4--default--fit-mse_per_channel-fp32in-s0.npz
recon,mobilenet_v3_large,adaround,L-bc--w-int4--a-int8--default--fit-mse_per_channel-fp32in-s0,int4,default,,,69.133333,69.0,69.0,75.0,80.633333,80.633333,0,80.4,0,80.7,89,29,87.0,28.333333,69.12,96.4,22,-6.0,"[-8.1, -3.8975000000000364]",0.0,artifacts/experiment_b2_recon/evals/mobilenet_v3_large/L-bc--w-int4--a-int8--default--fit-mse_per_channel-fp32in-s0.npz
recon,mobilenet_v3_large,adaround,L-bc--w-int6--a-int6--default--fit-mse_per_channel-fp32in-s0,int6,default,,,23.396545,24.2,23.4,75.0,25.126159,26.341715,108,,127,25.2,516,8,525.29598,9.261429,20.04,40.1,461,-50.8,"[-54.0, -47.7]",0.0,artifacts/experiment_b2_recon/evals/mobilenet_v3_large/L-bc--w-int6--a-int6--default--fit-mse_per_channel-fp32in-s0.npz
recon,mobilenet_v3_large,adaround,L-bc--w-int8--a-int8--default--fit-mse_per_channel-fp32in-s0,int8,default,,,72.95,73.1,73.1,75.0,84.25,84.25,0,84.4,0,84.4,52,33,54.0,33.5,74.64,97.7,19,-1.9,"[-3.7, -0.1]",0.050251,artifacts/experiment_b2_recon/evals/mobilenet_v3_large/L-bc--w-int8--a-int8--default--fit-mse_per_channel-fp32in-s0.npz
recon,mobilenet_v3_large,adaround,L-bc--w-posit8_es1--a-posit8_es1--default--fit-mse_per_channel-fp32in-s0,posit8_es1,default,,,72.7,72.0,72.7,75.0,89.066667,89.066667,0,88.9,0,89.0,49,19,42.5,19.5,82.54,99.4,55,-3.0,"[-4.6, -1.4]",0.000358,artifacts/experiment_b2_recon/evals/mobilenet_v3_large/L-bc--w-posit8_es1--a-posit8_es1--default--fit-mse_per_channel-fp32in-s0.npz
recon,mobilenet_v3_large,adaround,L-nobc--w-fp6_e2m3--a-fp6_e2m3--default_no_bias_correction--fit-mse_per_channel-fp32in-s0,fp6_e2m3,default_no_bias_correction,,,45.415,46.3,44.9,75.0,49.248333,49.265,1,,1,49.2,310,23,321.133333,25.283333,43.48,75.1,214,-28.7,"[-31.8, -25.7]",0.0,artifacts/experiment_b2_recon/evals/mobilenet_v3_large/L-nobc--w-fp6_e2m3--a-fp6_e2m3--default_no_bias_correction--fit-mse_per_channel-fp32in-s0.npz
recon,mobilenet_v3_large,adaround,L-nobc--w-int4--a-int4--default_no_bias_correction--fit-mse_per_channel-fp32in-s0,int4,default_no_bias_correction,,,0.05,0.0,0.1,75.0,0.05,0.252183,13,,13,0.1,750,0,749.5,0.0,0.54,0.2,515,-75.0,"[-77.6, -72.3]",0.0,artifacts/experiment_b2_recon/evals/mobilenet_v3_large/L-nobc--w-int4--a-int4--default_no_bias_correction--fit-mse_per_channel-fp32in-s0.npz
recon,mobilenet_v3_large,adaround,L-nobc--w-int4--a-int8--default_no_bias_correction--fit-mse_per_channel-fp32in-s0,int4,default_no_bias_correction,,,69.35,69.4,69.6,75.0,80.4,80.4,0,80.6,0,80.4,84,28,85.0,28.5,68.5,95.2,17,-5.6,"[-7.7, -3.5]",0.0,artifacts/experiment_b2_recon/evals/mobilenet_v3_large/L-nobc--w-int4--a-int8--default_no_bias_correction--fit-mse_per_channel-fp32in-s0.npz
recon,mobilenet_v3_large,adaround,L-nobc--w-int6--a-int6--default_no_bias_correction--fit-mse_per_channel-fp32in-s0,int6,default_no_bias_correction,,,5.283333,5.2,5.2,75.0,5.766667,5.766667,0,5.6,0,5.7,703,5,702.166667,5.0,7.02,13.7,144,-69.8,"[-72.7, -66.9]",0.0,artifacts/experiment_b2_recon/evals/mobilenet_v3_large/L-nobc--w-int6--a-int6--default_no_bias_correction--fit-mse_per_channel-fp32in-s0.npz
recon,mobilenet_v3_large,adaround,L-nobc--w-int8--a-int8--default_no_bias_correction--fit-mse_per_channel-fp32in-s0,int8,default_no_bias_correction,,,71.183333,71.3,71.2,75.0,82.833333,82.833333,0,82.9,0,82.8,65,28,65.5,27.333333,71.7,96.1,13,-3.7,"[-5.6, -1.8]",0.000158,artifacts/experiment_b2_recon/evals/mobilenet_v3_large/L-nobc--w-int8--a-int8--default_no_bias_correction--fit-mse_per_channel-fp32in-s0.npz
recon,mobilenet_v3_large,adaround,L-nobc--w-posit8_es1--a-posit8_es1--default_no_bias_correction--fit-mse_per_channel-fp32in-s0,posit8_es1,default_no_bias_correction,,,73.916667,73.5,73.5,75.0,92.6,92.6,0,92.5,0,92.5,31,16,28.5,17.666667,87.62,99.8,45,-1.5,"[-2.9, -0.2]",0.039986,artifacts/experiment_b2_recon/evals/mobilenet_v3_large/L-nobc--w-posit8_es1--a-posit8_es1--default_no_bias_correction--fit-mse_per_channel-fp32in-s0.npz
recon,mobilenet_v3_large,adaround,LQ-bc--w-int4--a-int4--default--fit-mse_per_channel-b2in-int4-s0,int4,default,,,0.130212,0.2,0.2,75.0,0.0592,5.858188,484,,488,0.2,749,1,749.447884,0.75,0.86,0.6,1000,-74.8,"[-77.5, -72.1]",0.0,artifacts/experiment_b2_recon/evals/mobilenet_v3_large/LQ-bc--w-int4--a-int4--default--fit-mse_per_channel-b2in-int4-s0.npz
recon,mobilenet_v3_large,adaround,LQ-bc--w-int6--a-int6--default--fit-mse_per_channel-b2in-int6-s0,int6,default,,,26.190366,27.0,25.5,75.0,28.740289,29.611728,93,,115,28.0,491,11,498.940362,10.844023,23.5,48.3,434,-48.0,"[-51.1, -44.8]",0.0,artifacts/experiment_b2_recon/evals/mobilenet_v3_large/LQ-bc--w-int6--a-int6--default--fit-mse_per_channel-b2in-int6-s0.npz
recon,mobilenet_v3_large,adaround,LQ-nobc--w-int4--a-int4--default_no_bias_correction--fit-mse_per_channel-b2in-int4-s0,int4,default_no_bias_correction,,,0.199553,0.1,0.3,75.0,0.065317,0.781231,113,,115,0.2,750,1,749.180145,1.175674,0.66,0.5,819,-74.9,"[-77.5, -72.2]",0.0,artifacts/experiment_b2_recon/evals/mobilenet_v3_large/LQ-nobc--w-int4--a-int4--default_no_bias_correction--fit-mse_per_channel-b2in-int4-s0.npz
recon,mobilenet_v3_large,adaround,LQ-nobc--w-int6--a-int6--default_no_bias_correction--fit-mse_per_channel-b2in-int6-s0,int6,default_no_bias_correction,,,29.461926,29.5,29.8,75.0,31.721468,32.583458,79,,95,32.3,467,12,469.025183,13.644444,27.54,53.5,406,-45.5,"[-48.6, -42.3]",0.0,artifacts/experiment_b2_recon/evals/mobilenet_v3_large/LQ-nobc--w-int6--a-int6--default_no_bias_correction--fit-mse_per_channel-b2in-int6-s0.npz
recon,mobilenet_v3_large,adaround,N-A32--w-fp6_e2m3--a-fp32--mse_per_channel,fp6_e2m3,,,,72.4,72.4,72.4,75.0,86.7,86.7,0,86.7,0,86.7,46,20,46.0,20.0,79.38,98.8,0,-2.6,"[-4.2, -1.0]",0.001858,artifacts/experiment_b2_recon/evals/mobilenet_v3_large/N-A32--w-fp6_e2m3--a-fp32--mse_per_channel.npz
recon,mobilenet_v3_large,adaround,N-A32--w-int4--a-fp32--mse_per_channel,int4,,,,6.9,6.9,6.9,75.0,7.2,7.2,0,7.2,0,7.2,690,9,690.0,9.0,8.6,16.4,0,-68.1,"[-71.1, -65.1]",0.0,artifacts/experiment_b2_recon/evals/mobilenet_v3_large/N-A32--w-int4--a-fp32--mse_per_channel.npz
recon,mobilenet_v3_large,adaround,N-A32--w-int6--a-fp32--mse_per_channel,int6,,,,71.8,71.8,71.8,75.0,85.9,85.9,0,85.9,0,85.9,55,23,55.0,23.0,78.0,98.5,0,-3.2,"[-5.0, -1.5]",0.000378,artifacts/experiment_b2_recon/evals/mobilenet_v3_large/N-A32--w-int6--a-fp32--mse_per_channel.npz
recon,mobilenet_v3_large,adaround,N-A32--w-int8--a-fp32--mse_per_channel,int8,,,,75.3,75.3,75.3,75.0,97.2,97.2,0,97.2,0,97.2,6,9,6.0,9.0,93.52,100.0,0,0.3,"[-0.4, 1.1]",0.607239,artifacts/experiment_b2_recon/evals/mobilenet_v3_large/N-A32--w-int8--a-fp32--mse_per_channel.npz
recon,mobilenet_v3_large,adaround,N-A32--w-posit8_es1--a-fp32--mse_per_channel,posit8_es1,,,,75.6,75.6,75.6,75.0,95.8,95.8,0,95.8,0,95.8,8,14,8.0,14.0,93.42,100.0,0,0.6,"[-0.3, 1.5]",0.286279,artifacts/experiment_b2_recon/evals/mobilenet_v3_large/N-A32--w-posit8_es1--a-fp32--mse_per_channel.npz
recon,mobilenet_v3_large,adaround,N-default--w-fp6_e2m3--a-fp6_e2m3--default,fp6_e2m3,default,,,58.425,58.5,57.9,75.0,64.733333,64.733333,0,65.5,0,64.2,191,26,194.25,28.5,55.14,86.6,150,-16.5,"[-19.2, -13.9]",0.0,artifacts/experiment_b2_recon/evals/mobilenet_v3_large/N-default--w-fp6_e2m3--a-fp6_e2m3--default.npz
recon,mobilenet_v3_large,adaround,N-default--w-int4--a-int4--default,int4,default,,,0.103205,0.1,0.1,75.0,0.016667,4.743503,466,,467,0.0,750,1,749.794872,0.826923,0.76,0.1,1000,-74.9,"[-77.5, -72.2]",0.0,artifacts/experiment_b2_recon/evals/mobilenet_v3_large/N-default--w-int4--a-int4--default.npz
recon,mobilenet_v3_large,adaround,N-default--w-int4--a-int8--default,int4,default,,,48.75,49.0,49.0,75.0,52.45,52.45,0,52.7,0,52.7,283,23,285.666667,23.166667,45.18,76.1,72,-26.0,"[-29.1, -23.0]",0.0,artifacts/experiment_b2_recon/evals/mobilenet_v3_large/N-default--w-int4--a-int8--default.npz
recon,mobilenet_v3_large,adaround,N-default--w-int6--a-int6--default,int6,default,,,20.995202,20.9,21.1,75.0,22.130001,23.188338,108,,126,22.1,551,10,548.769347,8.721368,19.64,41.5,466,-54.1,"[-57.3, -51.0]",0.0,artifacts/experiment_b2_recon/evals/mobilenet_v3_large/N-default--w-int6--a-int6--default.npz
recon,mobilenet_v3_large,adaround,N-default--w-int8--a-int8--default,int8,default,,,71.6,71.5,71.5,75.0,82.75,82.75,0,82.6,0,82.6,66,31,65.0,31.0,74.2,98.1,13,-3.5,"[-5.4, -1.5]",0.00049,artifacts/experiment_b2_recon/evals/mobilenet_v3_large/N-default--w-int8--a-int8--default.npz
recon,mobilenet_v3_large,adaround,N-default--w-posit8_es1--a-posit8_es1--default,posit8_es1,default,,,73.358333,72.8,73.4,75.0,89.308333,89.308333,0,89.8,0,89.6,42,20,39.666667,23.25,82.92,99.7,47,-2.2,"[-3.7, -0.7]",0.007149,artifacts/experiment_b2_recon/evals/mobilenet_v3_large/N-default--w-posit8_es1--a-posit8_es1--default.npz
recon,mobilenet_v3_large,adaround,N-minimal--w-fp6_e2m3--a-fp6_e2m3--minimal,fp6_e2m3,minimal,,,36.766667,37.9,35.9,75.0,41.225,41.258333,2,,2,40.3,388,17,397.75,15.416667,36.08,65.5,220,-37.1,"[-40.2, -34.0]",0.0,artifacts/experiment_b2_recon/evals/mobilenet_v3_large/N-minimal--w-fp6_e2m3--a-fp6_e2m3--minimal.npz
recon,mobilenet_v3_large,adaround,N-minimal--w-int4--a-int4--minimal,int4,minimal,,,0.1,0.1,0.1,75.0,0.15,0.294643,10,,10,0.1,749,0,749.0,0.0,0.46,0.7,381,-74.9,"[-77.5, -72.3]",0.0,artifacts/experiment_b2_recon/evals/mobilenet_v3_large/N-minimal--w-int4--a-int4--minimal.npz
recon,mobilenet_v3_large,adaround,N-minimal--w-int4--a-int8--minimal,int4,minimal,,,1.35,1.4,1.4,75.0,1.3,1.3,0,1.3,0,1.3,738,2,738.0,1.5,3.2,5.9,40,-73.6,"[-76.3, -70.8]",0.0,artifacts/experiment_b2_recon/evals/mobilenet_v3_large/N-minimal--w-int4--a-int8--minimal.npz
recon,mobilenet_v3_large,adaround,N-minimal--w-int6--a-int6--minimal,int6,minimal,,,2.55,2.5,2.5,75.0,2.75,2.75,0,2.7,0,2.7,728,3,727.5,3.0,4.54,8.0,162,-72.5,"[-75.3, -69.7]",0.0,artifacts/experiment_b2_recon/evals/mobilenet_v3_large/N-minimal--w-int6--a-int6--minimal.npz
recon,mobilenet_v3_large,adaround,N-minimal--w-int8--a-int8--minimal,int8,minimal,,,70.15,69.9,69.9,75.0,81.383333,81.383333,0,81.3,0,81.3,76,25,74.0,25.5,71.48,96.6,23,-5.1,"[-7.002499999999998, -3.1]",0.0,artifacts/experiment_b2_recon/evals/mobilenet_v3_large/N-minimal--w-int8--a-int8--minimal.npz
recon,mobilenet_v3_large,adaround,N-minimal--w-posit8_es1--a-posit8_es1--minimal,posit8_es1,minimal,,,0.0,0.0,0.0,75.0,0.1,0.1,0,0.1,0,0.1,750,0,750.0,0.0,0.68,0.5,90,-75.0,"[-77.6, -72.3]",0.0,artifacts/experiment_b2_recon/evals/mobilenet_v3_large/N-minimal--w-posit8_es1--a-posit8_es1--minimal.npz
recon,mobilenet_v3_large,adaround,N-nobc--w-fp6_e2m3--a-fp6_e2m3--default_no_bias_correction,fp6_e2m3,default_no_bias_correction,,,34.808333,35.1,34.4,75.0,37.75,37.8,3,,3,37.5,416,17,417.75,15.833333,33.7,62.2,248,-39.9,"[-43.1, -36.8]",0.0,artifacts/experiment_b2_recon/evals/mobilenet_v3_large/N-nobc--w-fp6_e2m3--a-fp6_e2m3--default_no_bias_correction.npz
recon,mobilenet_v3_large,adaround,N-nobc--w-int4--a-int4--default_no_bias_correction,int4,default_no_bias_correction,,,0.203333,0.1,0.2,75.0,0.203333,0.340238,10,,10,0.2,749,0,747.966667,0.0,0.64,0.6,667,-74.9,"[-77.5, -72.3]",0.0,artifacts/experiment_b2_recon/evals/mobilenet_v3_large/N-nobc--w-int4--a-int4--default_no_bias_correction.npz
recon,mobilenet_v3_large,adaround,N-nobc--w-int4--a-int8--default_no_bias_correction,int4,default_no_bias_correction,,,5.933333,5.9,5.9,75.0,6.233333,6.233333,0,6.2,0,6.2,699,8,698.666667,8.0,7.12,13.8,42,-69.1,"[-72.0, -66.1]",0.0,artifacts/experiment_b2_recon/evals/mobilenet_v3_large/N-nobc--w-int4--a-int8--default_no_bias_correction.npz
recon,mobilenet_v3_large,adaround,N-nobc--w-int6--a-int6--default_no_bias_correction,int6,default_no_bias_correction,,,3.45,3.5,3.4,75.0,3.7,3.7,0,3.8,0,3.7,718,3,718.5,3.0,5.8,11.8,127,-71.5,"[-74.3, -68.7]",0.0,artifacts/experiment_b2_recon/evals/mobilenet_v3_large/N-nobc--w-int6--a-int6--default_no_bias_correction.npz
recon,mobilenet_v3_large,adaround,N-nobc--w-int8--a-int8--default_no_bias_correction,int8,default_no_bias_correction,,,70.5,70.6,70.6,75.0,81.45,81.45,0,81.6,0,81.6,70,26,71.0,26.0,71.02,96.4,12,-4.4,"[-6.3, -2.5]",8e-06,artifacts/experiment_b2_recon/evals/mobilenet_v3_large/N-nobc--w-int8--a-int8--default_no_bias_correction.npz
recon,mobilenet_v3_large,adaround,N-nobc--w-posit8_es1--a-posit8_es1--default_no_bias_correction,posit8_es1,default_no_bias_correction,,,74.8,74.7,75.3,75.0,92.391667,92.391667,0,92.8,0,92.3,20,17,21.666667,19.666667,86.4,99.9,55,-0.3,"[-1.5, 0.9]",0.742829,artifacts/experiment_b2_recon/evals/mobilenet_v3_large/N-nobc--w-posit8_es1--a-posit8_es1--default_no_bias_correction.npz
recon,mobilenet_v3_large,adaround,fp32,,,,,75.0,75.0,75.0,75.0,100.0,100.0,0,100.0,0,100.0,0,0,0.0,0.0,100.0,100.0,0,0.0,"[0.0, 0.0]",1.0,artifacts/experiment_b2_recon/evals/mobilenet_v3_large/fp32.npz
sweep,resnet18,resnet18-int8-default-b2,control,int8,resnet18-int8-default-b2,,,69.05,68.7,68.7,70.1,96.05,96.05,0,96.0,0,96.0,18,4,15.5,5.0,95.48,100.0,35,-1.4,"[-2.3, -0.5]",0.004344,resnet18-int8-default-b2/control
sweep,resnet18,resnet18-int8-default-b2,f21,int8,resnet18-int8-default-b2,,,69.433333,69.2,69.2,70.1,95.966667,95.966667,0,95.5,0,95.5,16,7,14.0,7.333333,95.12,100.0,39,-0.9,"[-1.8024999999999978, 0.0]",0.09314,resnet18-int8-default-b2/f21
sweep,resnet18,resnet18-int8-default-b2,fp16.x-11,int8,resnet18-int8-default-b2,,,69.341667,68.9,68.9,70.1,95.766667,95.766667,0,96.1,0,96.1,17,5,16.75,9.166667,95.22,100.0,39,-1.2,"[-2.1, -0.3]",0.016901,resnet18-int8-default-b2/fp16.x-11
sweep,resnet18,resnet18-int8-default-b2,sat.w15,int8,resnet18-int8-default-b2,,,0.1,0.1,0.1,70.1,0.1,0.1,0,0.1,0,0.1,701,1,701.0,1.0,0.38,0.4,0,-70.0,"[-72.8, -67.2]",0.0,resnet18-int8-default-b2/sat.w15
sweep,resnet18,resnet18-int8-default-b2,sat.w16,int8,resnet18-int8-default-b2,,,0.183333,0.2,0.2,70.1,0.283333,0.283333,0,0.3,0,0.3,699,0,699.166667,0.0,0.48,0.5,323,-69.9,"[-72.7, -67.1]",0.0,resnet18-int8-default-b2/sat.w16
sweep,resnet18,resnet18-int8-default-b2,sat.w17,int8,resnet18-int8-default-b2,,,24.016667,23.9,23.9,70.1,24.666667,24.666667,0,24.7,0,24.7,481,19,479.333333,18.5,27.36,48.4,93,-46.2,"[-49.4, -42.9]",0.0,resnet18-int8-default-b2/sat.w17
sweep,resnet18,resnet18-int8-default-b2,sat.w18,int8,resnet18-int8-default-b2,,,67.6,67.7,67.7,70.1,87.258333,87.258333,0,87.2,0,87.2,48,24,47.5,22.5,84.08,98.4,41,-2.4,"[-4.0, -0.8]",0.00631,resnet18-int8-default-b2/sat.w18
sweep,resnet18,resnet18-int8-default-b2,sat.w19,int8,resnet18-int8-default-b2,,,69.033333,69.0,69.0,70.1,94.6,94.6,0,94.8,0,94.8,21,10,21.5,10.833333,94.1,100.0,46,-1.1,"[-2.2, 0.0]",0.070756,resnet18-int8-default-b2/sat.w19
sweep,resnet18,resnet18-int8-default-b2,sat.w20,int8,resnet18-int8-default-b2,,,69.15,68.7,68.7,70.1,96.25,96.25,0,96.1,0,96.1,18,4,14.5,5.0,95.5,100.0,36,-1.4,"[-2.3, -0.5]",0.004344,resnet18-int8-default-b2/sat.w20
sweep,resnet18,resnet18-int8-default-b2,sat.w21,int8,resnet18-int8-default-b2,,,69.05,68.7,68.7,70.1,96.05,96.05,0,96.0,0,96.0,18,4,15.5,5.0,95.48,100.0,35,-1.4,"[-2.3, -0.5]",0.004344,resnet18-int8-default-b2/sat.w21
sweep,resnet18,resnet18-int8-default-b2,wide,int8,resnet18-int8-default-b2,,,69.05,68.7,68.7,70.1,96.05,96.05,0,96.0,0,96.0,18,4,15.5,5.0,95.48,100.0,35,-1.4,"[-2.3, -0.5]",0.004344,resnet18-int8-default-b2/wide
sweep,resnet18,resnet18-int6-default-b2,control,int6,resnet18-int6-default-b2,,,65.908333,65.0,65.0,70.1,82.800952,82.800952,0,83.2,0,83.2,72,21,67.916667,26.0,78.76,98.0,163,-5.1,"[-7.0, -3.3]",0.0,resnet18-int6-default-b2/control
sweep,resnet18,resnet18-int6-default-b2,f21,int6,resnet18-int6-default-b2,,,65.979286,65.1,65.1,70.1,82.535952,82.535952,0,82.8,0,82.8,73,23,67.77381,26.566667,79.02,98.1,156,-5.0,"[-6.9, -3.1]",0.0,resnet18-int6-default-b2/f21
sweep,resnet18,resnet18-int6-default-b2,fp16.x-7,int6,resnet18-int6-default-b2,,,65.842619,65.2,65.2,70.1,82.685238,82.685238,0,82.9,0,82.9,68,19,68.216667,25.642857,78.94,97.4,159,-4.9,"[-6.7, -3.1]",0.0,resnet18-int6-default-b2/fp16.x-7
sweep,resnet18,resnet18-int6-default-b2,sat.w11,int6,resnet18-int6-default-b2,,,0.1204,0.1,0.1,70.1,0.113942,0.113942,0,0.1,0,0.1,700,0,699.860582,0.064583,0.52,0.4,466,-70.0,"[-72.8, -67.2]",0.0,resnet18-int6-default-b2/sat.w11
sweep,resnet18,resnet18-int6-default-b2,sat.w12,int6,resnet18-int6-default-b2,,,0.075263,0.1,0.1,70.1,0.080263,0.080263,0,0.0,0,0.0,701,1,700.447368,0.2,0.4,0.3,848,-70.0,"[-72.8, -67.2]",0.0,resnet18-int6-default-b2/sat.w12
sweep,resnet18,resnet18-int6-default-b2,sat.w13,int6,resnet18-int6-default-b2,,,1.791746,1.8,1.8,70.1,1.825079,1.825079,0,1.7,0,1.7,685,2,684.443651,1.361111,4.6,6.4,271,-68.3,"[-71.2, -65.4]",0.0,resnet18-int6-default-b2/sat.w13
sweep,resnet18,resnet18-int6-default-b2,sat.w14,int6,resnet18-int6-default-b2,,,59.126667,59.5,59.5,70.1,72.439286,72.439286,0,72.6,0,72.6,133,27,135.85,26.116667,70.82,95.0,198,-10.6,"[-13.0, -8.2]",0.0,resnet18-int6-default-b2/sat.w14
sweep,resnet18,resnet18-int6-default-b2,sat.w15,int6,resnet18-int6-default-b2,,,65.343333,64.6,64.6,70.1,82.975952,82.975952,0,82.6,0,82.6,74,19,70.966667,23.4,78.44,97.3,151,-5.5,"[-7.4, -3.6975000000000366]",0.0,resnet18-int6-default-b2/sat.w15
sweep,resnet18,resnet18-int6-default-b2,sat.w16,int6,resnet18-int6-default-b2,,,66.356667,65.5,65.5,70.1,83.2,83.2,0,83.7,0,83.7,67,21,63.416667,25.983333,79.1,98.2,171,-4.6,"[-6.4, -2.8]",1e-06,resnet18-int6-default-b2/sat.w16
sweep,resnet18,resnet18-int6-default-b2,sat.w17,int6,resnet18-int6-default-b2,,,65.908333,65.0,65.0,70.1,82.800952,82.800952,0,83.2,0,83.2,72,21,67.916667,26.0,78.76,98.0,163,-5.1,"[-7.0, -3.3]",0.0,resnet18-int6-default-b2/sat.w17
sweep,resnet18,resnet18-int6-default-b2,wide,int6,resnet18-int6-default-b2,,,65.908333,65.0,65.0,70.1,82.800952,82.800952,0,83.2,0,83.2,72,21,67.916667,26.0,78.76,98.0,163,-5.1,"[-7.0, -3.3]",0.0,resnet18-int6-default-b2/wide
sweep,resnet18,resnet18-fp6_e2m3-default-b2,control,fp6_e2m3,resnet18-fp6_e2m3-default-b2,,,66.528333,67.1,67.1,70.1,83.221667,83.221667,0,84.8,0,84.8,54,24,64.416667,28.7,80.26,98.0,176,-3.0,"[-4.7, -1.3]",0.000901,resnet18-fp6_e2m3-default-b2/control
sweep,resnet18,resnet18-fp6_e2m3-default-b2,f21,fp6_e2m3,resnet18-fp6_e2m3-default-b2,,,66.86,67.0,67.0,70.1,83.1475,83.1475,0,84.1,0,84.1,58,27,62.9,30.5,80.0,97.6,185,-3.1,"[-4.9, -1.3]",0.001016,resnet18-fp6_e2m3-default-b2/f21
sweep,resnet18,resnet18-fp6_e2m3-default-b2,fp16.x-1,fp6_e2m3,resnet18-fp6_e2m3-default-b2,,,66.833333,66.8,66.8,70.1,83.336667,83.336667,0,84.1,0,84.1,59,26,62.916667,30.25,79.64,97.7,172,-3.3,"[-5.1, -1.5]",0.000447,resnet18-fp6_e2m3-default-b2/fp16.x-1
sweep,resnet18,resnet18-fp6_e2m3-default-b2,sat.w12,fp6_e2m3,resnet18-fp6_e2m3-default-b2,,,0.1,0.1,0.1,70.1,0.1,0.1,0,0.1,0,0.1,701,1,701.0,1.0,0.42,0.4,7,-70.0,"[-72.8, -67.2]",0.0,resnet18-fp6_e2m3-default-b2/sat.w12
sweep,resnet18,resnet18-fp6_e2m3-default-b2,sat.w13,fp6_e2m3,resnet18-fp6_e2m3-default-b2,,,0.175,0.2,0.2,70.1,0.175,0.175,0,0.2,0,0.2,699,0,699.25,0.0,0.6,0.7,338,-69.9,"[-72.7, -67.1]",0.0,resnet18-fp6_e2m3-default-b2/sat.w13
sweep,resnet18,resnet18-fp6_e2m3-default-b2,sat.w14,fp6_e2m3,resnet18-fp6_e2m3-default-b2,,,9.491667,9.7,9.7,70.1,9.828333,9.828333,0,10.0,0,10.0,610,6,611.25,5.166667,13.84,24.5,271,-60.4,"[-63.5, -57.397500000000036]",0.0,resnet18-fp6_e2m3-default-b2/sat.w14
sweep,resnet18,resnet18-fp6_e2m3-default-b2,sat.w15,fp6_e2m3,resnet18-fp6_e2m3-default-b2,,,58.442619,57.9,57.9,70.1,68.956905,68.956905,0,69.0,0,69.0,152,30,151.690476,35.116667,65.26,90.7,201,-12.2,"[-14.8, -9.6]",0.0,resnet18-fp6_e2m3-default-b2/sat.w15
sweep,resnet18,resnet18-fp6_e2m3-default-b2,sat.w16,fp6_e2m3,resnet18-fp6_e2m3-default-b2,,,65.203333,64.0,64.0,70.1,81.27,81.27,0,81.4,0,81.4,83,22,78.05,29.083333,78.56,97.3,190,-6.1,"[-8.1, -4.1]",0.0,resnet18-fp6_e2m3-default-b2/sat.w16
sweep,resnet18,resnet18-fp6_e2m3-default-b2,sat.w17,fp6_e2m3,resnet18-fp6_e2m3-default-b2,,,66.511667,66.5,66.5,70.1,82.628333,82.628333,0,84.3,0,84.3,59,23,64.3,28.416667,80.12,97.7,195,-3.6,"[-5.4, -1.9]",8.7e-05,resnet18-fp6_e2m3-default-b2/sat.w17
sweep,resnet18,resnet18-fp6_e2m3-default-b2,sat.w18,fp6_e2m3,resnet18-fp6_e2m3-default-b2,,,66.528333,67.1,67.1,70.1,83.221667,83.221667,0,84.8,0,84.8,54,24,64.416667,28.7,80.26,98.0,176,-3.0,"[-4.7, -1.3]",0.000901,resnet18-fp6_e2m3-default-b2/sat.w18
sweep,resnet18,resnet18-fp6_e2m3-default-b2,sat.w19,fp6_e2m3,resnet18-fp6_e2m3-default-b2,,,66.528333,67.1,67.1,70.1,83.221667,83.221667,0,84.8,0,84.8,54,24,64.416667,28.7,80.26,98.0,176,-3.0,"[-4.7, -1.3]",0.000901,resnet18-fp6_e2m3-default-b2/sat.w19
sweep,resnet18,resnet18-fp6_e2m3-default-b2,wide,fp6_e2m3,resnet18-fp6_e2m3-default-b2,,,66.528333,67.1,67.1,70.1,83.221667,83.221667,0,84.8,0,84.8,54,24,64.416667,28.7,80.26,98.0,176,-3.0,"[-4.7, -1.3]",0.000901,resnet18-fp6_e2m3-default-b2/wide
sweep,resnet18,resnet18-fp7_e3m3-default-b2,control,fp7_e3m3,resnet18-fp7_e3m3-default-b2,,,67.289167,67.5,67.5,70.1,87.180833,87.180833,0,87.9,0,87.9,47,21,51.916667,23.808333,85.88,99.0,174,-2.6,"[-4.2, -1.0]",0.002186,resnet18-fp7_e3m3-default-b2/control
sweep,resnet18,resnet18-fp7_e3m3-default-b2,f21,fp7_e3m3,resnet18-fp7_e3m3-default-b2,,,67.287619,67.6,67.6,70.1,86.704286,86.704286,0,87.4,0,87.4,48,23,51.916667,23.792857,85.4,99.2,182,-2.5,"[-4.1, -0.9]",0.004065,resnet18-fp7_e3m3-default-b2/f21
sweep,resnet18,resnet18-fp7_e3m3-default-b2,fp16.x-5,fp7_e3m3,resnet18-fp7_e3m3-default-b2,,,67.280833,67.5,67.5,70.1,86.938333,86.938333,0,88.4,0,88.4,46,20,51.333333,23.141667,85.82,99.2,181,-2.6,"[-4.2, -1.0]",0.001858,resnet18-fp7_e3m3-default-b2/fp16.x-5
sweep,resnet18,resnet18-fp7_e3m3-default-b2,sat.w19,fp7_e3m3,resnet18-fp7_e3m3-default-b2,,,0.1,0.1,0.1,70.1,0.15,0.15,0,0.2,0,0.2,700,0,700.0,0.0,0.6,0.9,432,-70.0,"[-72.8, -67.2]",0.0,resnet18-fp7_e3m3-default-b2/sat.w19
sweep,resnet18,resnet18-fp7_e3m3-default-b2,sat.w20,fp7_e3m3,resnet18-fp7_e3m3-default-b2,,,0.1,0.1,0.1,70.1,0.111111,0.111111,0,0.1,0,0.1,701,1,701.0,1.0,0.9,1.2,364,-70.0,"[-72.8, -67.2]",0.0,resnet18-fp7_e3m3-default-b2/sat.w20
sweep,resnet18,resnet18-fp7_e3m3-default-b2,sat.w21,fp7_e3m3,resnet18-fp7_e3m3-default-b2,,,16.304286,16.7,16.7,70.1,17.220952,17.220952,0,17.3,0,17.3,547,13,548.790476,10.833333,20.54,38.6,305,-53.4,"[-56.6025, -50.3]",0.0,resnet18-fp7_e3m3-default-b2/sat.w21
sweep,resnet18,resnet18-fp7_e3m3-default-b2,sat.w22,fp7_e3m3,resnet18-fp7_e3m3-default-b2,,,61.77,61.0,61.0,70.1,72.815,72.815,0,73.0,0,73.0,123,32,118.716667,35.416667,69.48,91.9,202,-9.1,"[-11.5, -6.7]",0.0,resnet18-fp7_e3m3-default-b2/sat.w22
sweep,resnet18,resnet18-fp7_e3m3-default-b2,sat.w23,fp7_e3m3,resnet18-fp7_e3m3-default-b2,,,67.200952,66.8,66.8,70.1,85.529286,85.529286,0,86.0,0,86.0,53,20,54.166667,25.17619,83.88,98.8,179,-3.3,"[-5.0, -1.7]",0.000142,resnet18-fp7_e3m3-default-b2/sat.w23
sweep,resnet18,resnet18-fp7_e3m3-default-b2,sat.w24,fp7_e3m3,resnet18-fp7_e3m3-default-b2,,,67.394444,67.3,67.3,70.1,86.286111,86.286111,0,86.7,0,86.7,50,22,52.916667,25.861111,85.92,99.1,188,-2.8,"[-4.5, -1.2]",0.001294,resnet18-fp7_e3m3-default-b2/sat.w24
sweep,resnet18,resnet18-fp7_e3m3-default-b2,sat.w25,fp7_e3m3,resnet18-fp7_e3m3-default-b2,,,66.955833,67.0,67.0,70.1,87.014167,87.014167,0,87.9,0,87.9,50,19,54.25,22.808333,85.84,99.2,176,-3.1,"[-4.7, -1.5]",0.000244,resnet18-fp7_e3m3-default-b2/sat.w25
sweep,resnet18,resnet18-fp7_e3m3-default-b2,sat.w26,fp7_e3m3,resnet18-fp7_e3m3-default-b2,,,67.289167,67.5,67.5,70.1,87.180833,87.180833,0,87.9,0,87.9,47,21,51.916667,23.808333,85.88,99.0,174,-2.6,"[-4.2, -1.0]",0.002186,resnet18-fp7_e3m3-default-b2/sat.w26
sweep,resnet18,resnet18-fp7_e3m3-default-b2,wide,fp7_e3m3,resnet18-fp7_e3m3-default-b2,,,67.289167,67.5,67.5,70.1,87.180833,87.180833,0,87.9,0,87.9,47,21,51.916667,23.808333,85.88,99.0,174,-2.6,"[-4.2, -1.0]",0.002186,resnet18-fp7_e3m3-default-b2/wide
sweep,resnet18,resnet18-fp8_e4m3fn-default-b2,control,fp8_e4m3fn,resnet18-fp8_e4m3fn-default-b2,,,67.5275,67.7,67.7,70.1,86.434167,86.434167,0,87.0,0,87.0,48,24,52.216667,26.491667,85.16,99.0,172,-2.4,"[-4.0, -0.8]",0.00631,resnet18-fp8_e4m3fn-default-b2/control
sweep,resnet18,resnet18-fp8_e4m3fn-default-b2,f21,fp8_e4m3fn,resnet18-fp8_e4m3fn-default-b2,,,67.603333,67.6,67.6,70.1,86.828333,86.828333,0,88.2,0,88.2,47,22,50.333333,25.366667,85.78,99.2,170,-2.5,"[-4.1, -0.9]",0.003545,resnet18-fp8_e4m3fn-default-b2/f21
sweep,resnet18,resnet18-fp8_e4m3fn-default-b2,fp16.x-13,fp8_e4m3fn,resnet18-fp8_e4m3fn-default-b2,,,67.431667,67.6,67.6,70.1,86.906667,86.906667,0,87.4,0,87.4,48,23,51.216667,24.533333,85.26,99.0,181,-2.5,"[-4.1, -0.9]",0.004065,resnet18-fp8_e4m3fn-default-b2/fp16.x-13
sweep,resnet18,resnet18-fp8_e4m3fn-default-b2,sat.w35,fp8_e4m3fn,resnet18-fp8_e4m3fn-default-b2,,,0.1,0.1,0.1,70.1,0.1,0.1,0,0.1,0,0.1,700,0,700.0,0.0,0.54,0.4,0,-70.0,"[-72.8, -67.2]",0.0,resnet18-fp8_e4m3fn-default-b2/sat.w35
sweep,resnet18,resnet18-fp8_e4m3fn-default-b2,sat.w36,fp8_e4m3fn,resnet18-fp8_e4m3fn-default-b2,,,0.533333,0.5,0.5,70.1,0.483333,0.483333,0,0.4,0,0.4,698,2,697.666667,2.0,1.38,1.7,350,-69.6,"[-72.4, -66.7]",0.0,resnet18-fp8_e4m3fn-default-b2/sat.w36
sweep,resnet18,resnet18-fp8_e4m3fn-default-b2,sat.w37,fp8_e4m3fn,resnet18-fp8_e4m3fn-default-b2,,,25.475,25.3,25.3,70.1,27.726667,27.726667,0,27.9,0,27.9,460,12,460.15,13.9,29.12,50.3,282,-44.8,"[-47.9, -41.6]",0.0,resnet18-fp8_e4m3fn-default-b2/sat.w37
sweep,resnet18,resnet18-fp8_e4m3fn-default-b2,sat.w38,fp8_e4m3fn,resnet18-fp8_e4m3fn-default-b2,,,62.012619,61.3,61.3,70.1,72.832619,72.832619,0,72.6,0,72.6,122,34,117.383333,36.509524,69.36,91.4,191,-8.8,"[-11.2, -6.4]",0.0,resnet18-fp8_e4m3fn-default-b2/sat.w38
sweep,resnet18,resnet18-fp8_e4m3fn-default-b2,sat.w39,fp8_e4m3fn,resnet18-fp8_e4m3fn-default-b2,,,66.939167,66.7,66.7,70.1,84.518333,84.518333,0,85.2,0,85.2,57,23,60.133333,28.525,83.9,99.0,189,-3.4,"[-5.2, -1.7]",0.000183,resnet18-fp8_e4m3fn-default-b2/sat.w39
sweep,resnet18,resnet18-fp8_e4m3fn-default-b2,sat.w40,fp8_e4m3fn,resnet18-fp8_e4m3fn-default-b2,,,67.868333,68.2,68.2,70.1,86.951667,86.951667,0,88.0,0,88.0,43,24,49.583333,27.266667,85.08,98.9,173,-1.9,"[-3.5, -0.3]",0.02712,resnet18-fp8_e4m3fn-default-b2/sat.w40
sweep,resnet18,resnet18-fp8_e4m3fn-default-b2,sat.w41,fp8_e4m3fn,resnet18-fp8_e4m3fn-default-b2,,,67.5525,67.8,67.8,70.1,85.9925,85.9925,0,86.5,0,86.5,48,25,52.716667,27.241667,85.12,99.1,181,-2.3,"[-4.0, -0.6]",0.009542,resnet18-fp8_e4m3fn-default-b2/sat.w41
sweep,resnet18,resnet18-fp8_e4m3fn-default-b2,sat.w42,fp8_e4m3fn,resnet18-fp8_e4m3fn-default-b2,,,67.6025,67.8,67.8,70.1,85.975833,85.975833,0,86.3,0,86.3,49,26,52.883333,27.908333,85.08,99.1,178,-2.3,"[-4.0, -0.6]",0.010582,resnet18-fp8_e4m3fn-default-b2/sat.w42
sweep,resnet18,resnet18-fp8_e4m3fn-default-b2,wide,fp8_e4m3fn,resnet18-fp8_e4m3fn-default-b2,,,67.6025,67.8,67.8,70.1,85.975833,85.975833,0,86.3,0,86.3,49,26,52.883333,27.908333,85.08,99.1,178,-2.3,"[-4.0, -0.6]",0.010582,resnet18-fp8_e4m3fn-default-b2/wide
sweep,resnet18,resnet18-posit8_es1-default-b2,control,posit8_es1,resnet18-posit8_es1-default-b2,,,69.653333,69.4,69.4,70.1,93.35,93.35,0,94.1,0,94.1,20,13,22.166667,17.7,92.7,99.7,96,-0.7,"[-1.8, 0.4]",0.296206,resnet18-posit8_es1-default-b2/control
sweep,resnet18,resnet18-posit8_es1-default-b2,f21,posit8_es1,resnet18-posit8_es1-default-b2,,,69.317619,69.0,69.0,70.1,93.117619,93.117619,0,94.1,0,94.1,21,10,25.5,17.67619,92.5,99.8,99,-1.1,"[-2.2, 0.0]",0.070756,resnet18-posit8_es1-default-b2/f21
sweep,resnet18,resnet18-posit8_es1-default-b2,fp16.x-10,posit8_es1,resnet18-posit8_es1-default-b2,,,70.286667,69.7,69.7,70.1,93.053333,93.053333,0,93.9,0,93.9,19,15,20.333333,22.2,92.6,99.9,99,-0.4,"[-1.5, 0.7024999999999636]",0.607591,resnet18-posit8_es1-default-b2/fp16.x-10
sweep,resnet18,resnet18-posit8_es1-default-b2,sat.w28,posit8_es1,resnet18-posit8_es1-default-b2,,,0.1,0.1,0.1,70.1,0.1,0.1,0,0.1,0,0.1,701,1,701.0,1.0,0.6,0.4,1,-70.0,"[-72.8, -67.2]",0.0,resnet18-posit8_es1-default-b2/sat.w28
sweep,resnet18,resnet18-posit8_es1-default-b2,sat.w29,posit8_es1,resnet18-posit8_es1-default-b2,,,0.1,0.1,0.1,70.1,0.133333,0.133333,0,0.1,0,0.1,700,0,700.0,0.0,0.48,0.8,299,-70.0,"[-72.8, -67.2]",0.0,resnet18-posit8_es1-default-b2/sat.w29
sweep,resnet18,resnet18-posit8_es1-default-b2,sat.w30,posit8_es1,resnet18-posit8_es1-default-b2,,,1.35,1.3,1.3,70.1,1.2,1.2,0,1.2,0,1.2,689,1,689.0,1.5,2.74,4.7,200,-68.8,"[-71.6, -65.99750000000003]",0.0,resnet18-posit8_es1-default-b2/sat.w30
sweep,resnet18,resnet18-posit8_es1-default-b2,sat.w31,posit8_es1,resnet18-posit8_es1-default-b2,,,51.44,51.3,51.3,70.1,59.048333,59.048333,0,58.9,0,58.9,223,35,222.933333,36.333333,60.36,86.4,123,-18.8,"[-21.7, -15.8]",0.0,resnet18-posit8_es1-default-b2/sat.w31
sweep,resnet18,resnet18-posit8_es1-default-b2,sat.w32,posit8_es1,resnet18-posit8_es1-default-b2,,,68.825,68.4,68.4,70.1,88.608333,88.608333,0,89.2,0,89.2,34,17,36.666667,23.916667,87.64,99.0,109,-1.7,"[-3.1, -0.3]",0.024093,resnet18-posit8_es1-default-b2/sat.w32
sweep,resnet18,resnet18-posit8_es1-default-b2,sat.w33,posit8_es1,resnet18-posit8_es1-default-b2,,,69.345,68.8,68.8,70.1,92.528333,92.528333,0,92.7,0,92.7,26,13,26.666667,19.116667,92.56,99.9,105,-1.3,"[-2.5, -0.1]",0.053252,resnet18-posit8_es1-default-b2/sat.w33
sweep,resnet18,resnet18-posit8_es1-default-b2,sat.w34,posit8_es1,resnet18-posit8_es1-default-b2,,,69.536667,69.1,69.1,70.1,93.033333,93.033333,0,93.8,0,93.8,22,12,23.666667,18.033333,92.62,99.7,102,-1.0,"[-2.1, 0.1]",0.121449,resnet18-posit8_es1-default-b2/sat.w34
sweep,resnet18,resnet18-posit8_es1-default-b2,sat.w35,posit8_es1,resnet18-posit8_es1-default-b2,,,69.653333,69.4,69.4,70.1,93.35,93.35,0,94.1,0,94.1,20,13,22.166667,17.7,92.7,99.7,96,-0.7,"[-1.8, 0.4]",0.296206,resnet18-posit8_es1-default-b2/sat.w35
sweep,resnet18,resnet18-posit8_es1-default-b2,wide,posit8_es1,resnet18-posit8_es1-default-b2,,,69.653333,69.4,69.4,70.1,93.35,93.35,0,94.1,0,94.1,20,13,22.166667,17.7,92.7,99.7,96,-0.7,"[-1.8, 0.4]",0.296206,resnet18-posit8_es1-default-b2/wide
sweep,resnet18,resnet18-int8-default_signed-b2,control,int8,resnet18-int8-default_signed-b2,,,69.058333,68.6,68.6,70.1,95.5,95.5,0,95.5,0,95.5,21,6,18.916667,8.5,93.9,100.0,46,-1.5,"[-2.5, -0.5]",0.005925,resnet18-int8-default_signed-b2/control
sweep,resnet18,resnet18-int8-default_signed-b2,f21,int8,resnet18-int8-default_signed-b2,,,68.9,68.7,68.7,70.1,95.575,95.575,0,96.0,0,96.0,18,4,19.25,7.25,93.94,100.0,42,-1.4,"[-2.3, -0.5]",0.004344,resnet18-int8-default_signed-b2/f21
sweep,resnet18,resnet18-int8-default_signed-b2,fp16.x-10,int8,resnet18-int8-default_signed-b2,,,68.908333,68.8,68.8,70.1,95.666667,95.666667,0,95.9,0,95.9,18,5,18.916667,7.0,94.04,100.0,40,-1.3,"[-2.3, -0.4]",0.010622,resnet18-int8-default_signed-b2/fp16.x-10
sweep,resnet18,resnet18-int8-default_signed-b2,sat.w14,int8,resnet18-int8-default_signed-b2,,,0.1,0.1,0.1,70.1,0.1,0.1,0,0.1,0,0.1,701,1,701.0,1.0,0.38,0.3,0,-70.0,"[-72.8, -67.2]",0.0,resnet18-int8-default_signed-b2/sat.w14
sweep,resnet18,resnet18-int8-default_signed-b2,sat.w15,int8,resnet18-int8-default_signed-b2,,,0.083333,0.1,0.1,70.1,0.083333,0.083333,0,0.1,0,0.1,700,0,700.166667,0.0,0.42,0.4,432,-70.0,"[-72.8, -67.2]",0.0,resnet18-int8-default_signed-b2/sat.w15
sweep,resnet18,resnet18-int8-default_signed-b2,sat.w16,int8,resnet18-int8-default_signed-b2,,,2.366667,2.4,2.4,70.1,2.466667,2.466667,0,2.5,0,2.5,679,2,679.333333,2.0,4.66,7.8,118,-67.7,"[-70.6, -64.8]",0.0,resnet18-int8-default_signed-b2/sat.w16
sweep,resnet18,resnet18-int8-default_signed-b2,sat.w17,int8,resnet18-int8-default_signed-b2,,,48.666667,48.5,48.5,70.1,56.286667,56.286667,0,56.4,0,56.4,244,28,243.333333,29.0,54.08,80.6,66,-21.6,"[-24.5, -18.7]",0.0,resnet18-int8-default_signed-b2/sat.w17
sweep,resnet18,resnet18-int8-default_signed-b2,sat.w18,int8,resnet18-int8-default_signed-b2,,,68.166667,68.3,68.3,70.1,88.533333,88.533333,0,88.7,0,88.7,35,17,36.833333,17.5,85.16,98.5,46,-1.8,"[-3.2, -0.4]",0.017533,resnet18-int8-default_signed-b2/sat.w18
sweep,resnet18,resnet18-int8-default_signed-b2,sat.w19,int8,resnet18-int8-default_signed-b2,,,68.77,68.4,68.4,70.1,94.57,94.57,0,95.0,0,95.0,22,5,21.5,8.2,92.74,99.8,44,-1.7,"[-2.7, -0.7]",0.001514,resnet18-int8-default_signed-b2/sat.w19
sweep,resnet18,resnet18-int8-default_signed-b2,sat.w20,int8,resnet18-int8-default_signed-b2,,,68.941667,68.6,68.6,70.1,95.333333,95.333333,0,95.1,0,95.1,21,6,19.416667,7.833333,93.86,100.0,50,-1.5,"[-2.5, -0.5]",0.005925,resnet18-int8-default_signed-b2/sat.w20
sweep,resnet18,resnet18-int8-default_signed-b2,sat.w21,int8,resnet18-int8-default_signed-b2,,,69.058333,68.6,68.6,70.1,95.5,95.5,0,95.5,0,95.5,21,6,18.916667,8.5,93.9,100.0,46,-1.5,"[-2.5, -0.5]",0.005925,resnet18-int8-default_signed-b2/sat.w21
sweep,resnet18,resnet18-int8-default_signed-b2,wide,int8,resnet18-int8-default_signed-b2,,,69.058333,68.6,68.6,70.1,95.5,95.5,0,95.5,0,95.5,21,6,18.916667,8.5,93.9,100.0,46,-1.5,"[-2.5, -0.5]",0.005925,resnet18-int8-default_signed-b2/wide
sweep,resnet18,resnet18-fp8_e5m2-default-b2,control,fp8_e5m2,resnet18-fp8_e5m2-default-b2,,,60.89167,60.2,60.2,70.1,71.535004,71.535004,0,71.7,0,71.7,135,36,129.35671,37.273413,68.74,94.1,328,-9.9,"[-12.4, -7.4]",0.0,resnet18-fp8_e5m2-default-b2/control
sweep,resnet18,resnet18-fp8_e5m2-default-b2,f21,fp8_e5m2,resnet18-fp8_e5m2-default-b2,,,60.223333,59.4,59.4,70.1,70.751905,70.751905,0,70.5,0,70.5,140,33,131.85,33.083333,68.8,93.3,342,-10.7,"[-13.2, -8.2]",0.0,resnet18-fp8_e5m2-default-b2/f21
sweep,resnet18,resnet18-fp8_e5m2-default-b2,fp16.x-27,fp8_e5m2,resnet18-fp8_e5m2-default-b2,,,60.107097,58.8,58.8,70.1,70.969002,70.969002,0,71.2,0,71.2,138,25,131.148077,31.219048,68.56,93.6,330,-11.3,"[-13.7, -8.9]",0.0,resnet18-fp8_e5m2-default-b2/fp16.x-27
sweep,resnet18,resnet18-fp8_e5m2-default-b2,sat.w61,fp8_e5m2,resnet18-fp8_e5m2-default-b2,,,0.114286,0.1,0.1,70.1,0.114286,0.114286,0,0.1,0,0.1,701,1,700.857143,1.0,0.38,0.4,153,-70.0,"[-72.8, -67.2]",0.0,resnet18-fp8_e5m2-default-b2/sat.w61
sweep,resnet18,resnet18-fp8_e5m2-default-b2,sat.w62,fp8_e5m2,resnet18-fp8_e5m2-default-b2,,,0.1,0.1,0.1,70.1,0.1,0.1,0,0.1,0,0.1,700,0,700.5,0.5,0.58,0.5,1000,-70.0,"[-72.8, -67.2]",0.0,resnet18-fp8_e5m2-default-b2/sat.w62
sweep,resnet18,resnet18-fp8_e5m2-default-b2,sat.w63,fp8_e5m2,resnet18-fp8_e5m2-default-b2,,,0.135,0.2,0.2,70.1,0.093333,0.093333,0,0.1,0,0.1,700,1,700.65,1.0,0.74,0.7,640,-69.9,"[-72.7, -67.09750000000003]",0.0,resnet18-fp8_e5m2-default-b2/sat.w63
sweep,resnet18,resnet18-fp8_e5m2-default-b2,wide,fp8_e5m2,resnet18-fp8_e5m2-default-b2,,,60.908337,60.2,60.2,70.1,71.560004,71.560004,0,71.8,0,71.8,135,36,129.35671,37.440079,68.7,94.1,328,-9.9,"[-12.4, -7.4]",0.0,resnet18-fp8_e5m2-default-b2/wide
