kind,contrast,diff_expected_pp,discordance,slope_expected,slope_binary,width_binary_median_n128,width_expected_median_n128,between_block_sd_expected_n128,se_expected_mean_n128,se_binary_mean_n128,width_binary_median_n256,width_expected_median_n256,between_block_sd_expected_n256,se_expected_mean_n256,se_binary_mean_n256,width_binary_median_n512,width_expected_median_n512,between_block_sd_expected_n512,se_expected_mean_n512,se_binary_mean_n512,width_binary_median_n1000,width_expected_median_n1000,between_block_sd_expected_n1000,se_expected_mean_n1000,se_binary_mean_n1000,projected_halfwidth_expected_n4000,projected_halfwidth_expected_n9000
cell_vs_fp32,mobilenet_v2/default/bfp6,-10.583333,0.167,-0.501009,-0.496919,13.28125,13.28125,3.055749,3.399782,3.470307,9.765625,9.379069,2.165335,2.409031,2.46317,6.835938,6.658529,,1.708194,1.747099,4.8,4.734167,,1.216907,1.245468,1.183542,0.789028
cell_vs_int8,mobilenet_v2/default/bfp6,-10.783333,0.16,-0.512122,-0.495352,13.28125,12.890625,2.862771,3.274434,3.394924,9.375,9.019368,2.039415,2.316454,2.405155,6.640625,6.383057,,1.644115,1.706451,4.8,4.484167,,1.171102,1.217933,1.121042,0.747361
cell_vs_fp32,mobilenet_v2/minimal/bfp6,-9.116667,0.16,-0.497416,-0.495352,13.28125,12.890625,3.266615,3.314762,3.411099,9.375,9.179688,2.156821,2.345191,2.417572,6.640625,6.510824,,1.650422,1.704664,4.8,4.634167,,1.18894,1.227941,1.158542,0.772361
cell_vs_int8,mobilenet_v2/minimal/bfp6,-9.3,0.156,-0.505116,-0.495352,13.28125,12.630208,3.191288,3.244326,3.36222,9.375,8.984375,2.108712,2.298367,2.386535,6.640625,6.348063,,1.620543,1.68552,4.8,4.466667,,1.165658,1.211544,1.116667,0.744444
cell_vs_fp32,mobilenet_v2/minimal/fp5_e2m2,-31.051667,0.361,-0.493111,-0.504033,17.96875,15.990072,3.789019,4.108137,4.592795,12.890625,11.319824,2.464408,2.904761,3.259156,8.984375,7.989624,,2.057702,2.311728,6.4,5.815875,,1.468773,1.648026,1.453969,0.969312
cell_vs_int8,mobilenet_v2/minimal/fp5_e2m2,-31.235,0.357,-0.499133,-0.484755,17.197266,15.823568,3.665652,4.07036,4.55876,12.890625,11.212891,2.384387,2.880097,3.236195,8.984375,7.964478,,2.040177,2.294692,6.4,5.663583,,1.455144,1.635845,1.415896,0.943931
cell_vs_fp32,mobilenet_v2/default/fp6_e2m3,-5.865,0.125,-0.502488,-0.494291,11.71875,10.681152,2.650377,2.750193,3.044376,8.59375,7.552897,1.731782,1.948599,2.160636,5.859375,5.337077,,1.381597,1.528508,4.3,3.800458,,0.989439,1.097775,0.950115,0.63341
cell_vs_int8,mobilenet_v2/default/fp6_e2m3,-6.065,0.12,-0.513467,-0.497775,11.71875,10.333008,2.494652,2.633909,2.983855,8.203125,7.291667,1.632914,1.866048,2.116139,5.859375,5.09668,,1.323271,1.496406,4.2,3.598375,,0.947376,1.075379,0.899594,0.599729
cell_vs_fp32,mobilenet_v2/minimal/fp6_e2m3,-5.469048,0.112,-0.515698,-0.480898,11.328125,10.611979,2.58026,2.700874,2.891802,7.8125,7.438965,1.618149,1.919575,2.057543,5.664062,5.26559,,1.344978,1.447179,4.2,3.660923,,0.971104,1.043379,0.915231,0.610154
cell_vs_int8,mobilenet_v2/minimal/fp6_e2m3,-5.652381,0.102,-0.506384,-0.50292,10.9375,10.026042,2.460082,2.553163,2.750107,7.8125,7.125477,1.600938,1.817029,1.959861,5.46875,5.027088,,1.277771,1.384321,3.9,3.537232,,0.919429,0.994304,0.884308,0.589539
cell_vs_fp32,mobilenet_v2/default/fp6_e3m2,-51.2375,0.528,-0.498279,-0.509626,17.96875,17.177083,4.023457,4.419705,4.559506,12.5,12.244954,2.664516,3.127423,3.231106,8.793945,8.617228,,2.209445,2.284716,6.3,6.179458,,1.581337,1.636765,1.544865,1.02991
cell_vs_int8,mobilenet_v2/default/fp6_e3m2,-51.4375,0.525,-0.502957,-0.509709,17.96875,16.973796,4.027615,4.374462,4.540802,12.5,12.101196,2.665329,3.093633,3.215745,8.789062,8.54071,,2.184384,2.272378,6.3,6.034875,,1.56526,1.630702,1.508719,1.005812
cell_vs_fp32,mobilenet_v2/minimal/fp6_e3m2,-29.488333,0.353,-0.488999,-0.484506,17.1875,16.329753,3.891778,4.212564,4.566206,12.890625,11.668701,2.647428,2.975595,3.231738,8.984375,8.215576,,2.105498,2.289476,6.4,6.000375,,1.506988,1.641582,1.500094,1.000063
cell_vs_int8,mobilenet_v2/minimal/fp6_e3m2,-29.671667,0.349,-0.495072,-0.490183,17.1875,16.212565,3.799846,4.175464,4.533341,12.5,11.531576,2.54514,2.950841,3.209214,8.789062,8.163859,,2.087345,2.27323,6.3,5.86375,,1.493174,1.629353,1.465937,0.977292
cell_vs_fp32,mobilenet_v2/default/fp7_e3m3,-4.475,0.114,-0.494403,-0.497775,11.71875,10.548503,2.539528,2.711187,2.933574,8.203125,7.47111,1.756066,1.920734,2.086086,5.859375,5.306803,,1.362296,1.477013,4.2,3.816875,,0.972906,1.056863,0.954219,0.636146
cell_vs_int8,mobilenet_v2/default/fp7_e3m3,-4.675,0.107,-0.497651,-0.491926,10.9375,10.15625,2.367294,2.598371,2.840276,7.8125,7.161458,1.652999,1.843383,2.019926,5.46875,5.110677,,1.305819,1.428542,4.0,3.641875,,0.933438,1.023675,0.910469,0.606979
cell_vs_fp32,mobilenet_v2/minimal/fp7_e3m3,-5.516667,0.102,-0.493941,-0.491926,10.9375,9.895833,2.464541,2.532008,2.753535,7.8125,7.048747,1.588791,1.800165,1.960916,5.46875,4.940389,,1.269568,1.390529,4.0,3.600833,,0.913471,0.996474,0.900208,0.600139
cell_vs_int8,mobilenet_v2/minimal/fp7_e3m3,-5.7,0.096,-0.489831,-0.512223,10.9375,9.378255,2.399786,2.421501,2.667275,7.421875,6.771647,1.602617,1.726916,1.902531,5.273438,4.753825,,1.21964,1.350549,3.8,3.4425,,0.873257,0.965899,0.860625,0.57375
cell_vs_fp32,mobilenet_v2/default/fp8_e4m3fn,-4.391667,0.112,-0.502474,-0.462923,10.9375,10.416667,2.513679,2.661296,2.906272,7.8125,7.259928,1.62137,1.888371,2.067125,5.761719,5.257568,,1.335431,1.460924,4.2,3.675833,,0.95788,1.049933,0.918958,0.612639
cell_vs_int8,mobilenet_v2/default/fp8_e4m3fn,-4.591667,0.109,-0.499254,-0.47074,10.9375,10.026042,2.386365,2.566639,2.868255,7.8125,7.031657,1.520111,1.823039,2.038288,5.46875,5.046387,,1.291803,1.441276,4.2,3.575208,,0.924125,1.035949,0.893802,0.595868
cell_vs_fp32,mobilenet_v2/minimal/fp8_e4m3fn,-5.416667,0.106,-0.488865,-0.491926,10.9375,10.163574,2.549033,2.625485,2.812,7.8125,7.291667,1.622625,1.858979,1.99705,5.46875,5.209147,,1.315092,1.411664,4.0,3.716875,,0.946353,1.016346,0.929219,0.619479
cell_vs_int8,mobilenet_v2/minimal/fp8_e4m3fn,-5.6,0.092,-0.485647,-0.496902,10.15625,9.505208,2.409997,2.448202,2.609874,7.421875,6.803792,1.585164,1.738735,1.856756,5.078125,4.834595,,1.232274,1.31698,3.7,3.508542,,0.881981,0.944966,0.877135,0.584757
cell_vs_fp32,mobilenet_v2/default/fp8_e5m2,-48.864881,0.499,-0.491589,-0.50653,17.96875,17.060221,3.923757,4.413711,4.571654,12.509766,12.21131,2.488121,3.122654,3.242085,8.984375,8.637939,,2.206301,2.295622,6.3,6.221339,,1.579621,1.641825,1.555335,1.03689
cell_vs_int8,mobilenet_v2/default/fp8_e5m2,-49.064881,0.498,-0.49843,-0.506951,17.988281,16.928711,3.91737,4.378472,4.569945,12.504883,12.097005,2.506848,3.095849,3.238675,8.984375,8.557998,,2.186893,2.293136,6.3,6.07678,,1.567029,1.641694,1.519195,1.012797
cell_vs_fp32,mobilenet_v2/minimal/fp8_e5m2,-30.157937,0.348,-0.49499,-0.485018,17.1875,16.343099,3.857488,4.221002,4.493971,12.5,11.655886,2.484253,2.986871,3.186989,8.691406,8.24902,,2.106391,2.2495,6.4,5.912599,,1.51016,1.613642,1.47815,0.985433
cell_vs_int8,mobilenet_v2/minimal/fp8_e5m2,-30.34127,0.344,-0.491975,-0.493549,17.1875,16.26237,3.75186,4.17788,4.459702,12.5,11.556396,2.342638,2.959169,3.162989,8.59375,8.164923,,2.08729,2.232021,6.3,5.928063,,1.49462,1.6012,1.482016,0.988011
cell_vs_fp32,mobilenet_v2/default/int5,-39.549987,0.42,-0.5035,-0.510871,17.96875,16.485889,3.890073,4.241059,4.581643,12.890625,11.685205,2.371886,3.000143,3.246376,8.984375,8.253274,,2.120716,2.297783,6.3,5.852965,,1.517755,1.64622,1.463241,0.975494
cell_vs_int8,mobilenet_v2/default/int5,-39.749987,0.415,-0.499361,-0.509709,17.96875,16.288758,3.830108,4.19721,4.545649,12.5,11.566578,2.35266,2.96751,3.220498,8.789062,8.161115,,2.095555,2.276606,6.3,5.840303,,1.501716,1.633325,1.460076,0.973384
cell_vs_fp32,mobilenet_v2/minimal/int5,-40.634167,0.424,-0.488272,-0.529567,18.75,17.189128,4.194597,4.412844,4.597636,12.890625,12.175293,2.589888,3.122749,3.25802,8.984375,8.614848,,2.212899,2.308036,6.3,6.316583,,1.577619,1.648939,1.579146,1.052764
cell_vs_int8,mobilenet_v2/minimal/int5,-40.8175,0.428,-0.496899,-0.522728,18.75,17.057292,4.139964,4.398699,4.630306,12.890625,12.142497,2.543544,3.112647,3.280185,8.984375,8.594564,,2.203778,2.321728,6.4,6.14375,,1.572432,1.661024,1.535937,1.023958
cell_vs_fp32,mobilenet_v2/default/int6,-2.001667,0.09,-0.499647,-0.51005,10.9375,8.986003,2.164248,2.313157,2.616378,7.03125,6.42985,1.446619,1.641413,1.860324,5.078125,4.493327,,1.154435,1.310309,3.8,3.230208,,0.83545,0.946974,0.807552,0.538368
cell_vs_int8,mobilenet_v2/default/int6,-2.201667,0.081,-0.496569,-0.474713,9.375,8.789062,2.029213,2.232667,2.480968,7.03125,6.186523,1.354627,1.578625,1.761654,4.785156,4.37854,,1.110937,1.239546,3.6,3.168583,,0.806488,0.898393,0.792146,0.528097
cell_vs_fp32,mobilenet_v2/minimal/int6,-5.791667,0.109,-0.488178,-0.491926,10.9375,10.556641,2.422497,2.728842,2.843214,7.8125,7.617188,1.621571,1.934403,2.018053,5.46875,5.273641,,1.363389,1.425944,4.0,3.908542,,0.98234,1.027224,0.977135,0.651424
cell_vs_int8,mobilenet_v2/minimal/int6,-5.975,0.109,-0.48583,-0.491926,10.9375,10.55013,2.414685,2.73835,2.843169,7.8125,7.617188,1.6931,1.946174,2.021159,5.46875,5.34729,,1.374426,1.427252,4.0,3.908542,,0.986045,1.027224,0.977135,0.651424
cell_vs_fp32,mobilenet_v2/default/int8,0.2,0.015,-0.46652,-0.479836,3.90625,3.90625,0.961544,0.991781,0.974381,3.125,2.929688,0.65291,0.743295,0.73586,2.050781,2.10083,,0.530701,0.527207,1.5,1.50125,,0.38744,0.387285,0.375312,0.250208
cell_vs_fp32,mobilenet_v2/minimal/int8,0.183333,0.028,-0.491926,-0.491926,5.46875,5.46875,1.205914,1.360283,1.398813,3.90625,3.90625,0.827367,0.977827,1.014182,2.734375,2.734375,,0.69086,0.715798,2.0,2.0,,0.50876,0.52915,0.5,0.333333
cell_vs_fp32,mobilenet_v2/default/log6,-51.763095,0.53,-0.498977,-0.509626,17.96875,17.14974,4.025408,4.430486,4.574141,12.5,12.240397,2.592588,3.135341,3.241412,8.793945,8.645705,,2.215168,2.288141,6.3,6.151827,,1.585393,1.642863,1.537957,1.025305
cell_vs_int8,mobilenet_v2/default/log6,-51.963095,0.527,-0.510713,-0.509709,17.96875,16.947661,4.007083,4.37776,4.556911,12.5,12.105608,2.566685,3.097498,3.229387,8.789062,8.569557,,2.186998,2.278239,6.3,5.912643,,1.566365,1.636823,1.478161,0.98544
cell_vs_fp32,mobilenet_v2/minimal/log6,-24.608651,0.308,-0.500442,-0.507558,17.1875,15.337697,3.827206,3.935329,4.349415,12.5,10.886502,2.395628,2.781729,3.07781,8.59375,7.698027,,1.968037,2.187333,6.1,5.481526,,1.406603,1.560397,1.370381,0.913588
cell_vs_int8,mobilenet_v2/minimal/log6,-24.791984,0.304,-0.496447,-0.502962,17.1875,15.105794,3.709074,3.896134,4.310203,12.109375,10.766958,2.284091,2.7567,3.050767,8.59375,7.632444,,1.949719,2.1673,6.1,5.443617,,1.393095,1.547527,1.360904,0.90727
cell_vs_fp32,mobilenet_v2/default/log8,-3.926667,0.098,-0.508985,-0.519647,10.9375,9.765625,2.314669,2.491912,2.713256,7.8125,6.837565,1.544401,1.764838,1.93107,5.273438,4.843913,,1.243378,1.354014,3.8,3.4205,,0.898808,0.980999,0.855125,0.570083
cell_vs_int8,mobilenet_v2/default/log8,-4.126667,0.091,-0.493038,-0.489076,10.15625,9.248047,2.184424,2.367871,2.61468,7.03125,6.53125,1.520163,1.6744,1.856719,5.078125,4.612793,,1.178391,1.299893,3.7,3.363583,,0.854108,0.945087,0.840896,0.560597
cell_vs_fp32,mobilenet_v2/minimal/log8,-4.691667,0.113,-0.50397,-0.469058,10.9375,10.286458,2.543818,2.644262,2.905971,8.007812,7.390137,1.554586,1.873377,2.058562,5.664062,5.209147,,1.330259,1.461724,4.2,3.65,,0.954053,1.050709,0.9125,0.608333
cell_vs_int8,mobilenet_v2/minimal/log8,-4.875,0.107,-0.484285,-0.491926,10.9375,9.960938,2.548936,2.572177,2.826681,7.8125,7.19401,1.589874,1.824839,2.007763,5.46875,5.062866,,1.298334,1.427761,4.0,3.700208,,0.928903,1.021758,0.925052,0.616701
cell_vs_fp32,mobilenet_v2/minimal/mxfp6_e3m2,-30.173095,0.346,-0.496292,-0.48671,17.1875,16.145996,3.91535,4.167731,4.458485,12.5,11.475667,2.483686,2.948819,3.158701,8.59375,8.070109,,2.082116,2.234632,6.4,5.836798,,1.490536,1.6,1.459199,0.9728
cell_vs_int8,mobilenet_v2/minimal/mxfp6_e3m2,-30.356429,0.346,-0.497796,-0.48671,17.1875,16.145833,3.861562,4.168105,4.457843,12.5,11.529355,2.474271,2.950715,3.159316,8.59375,8.122785,,2.083182,2.233972,6.4,5.81256,,1.490981,1.6,1.45314,0.96876
cell_vs_fp32,mobilenet_v2/default/mxfp8_e4m3,-5.35,0.113,-0.496491,-0.472546,10.9375,10.546875,2.577577,2.721501,2.908991,8.203125,7.488607,1.678999,1.927962,2.066986,5.664062,5.30721,,1.366492,1.46023,4.2,3.800833,,0.978009,1.04869,0.950208,0.633472
cell_vs_int8,mobilenet_v2/default/mxfp8_e4m3,-5.55,0.112,-0.502105,-0.465483,10.9375,10.546875,2.495692,2.678643,2.89676,7.8125,7.359212,1.646784,1.89466,2.054719,5.664062,5.225016,,1.345014,1.452755,4.2,3.750417,,0.963133,1.044433,0.937604,0.625069
cell_vs_fp32,mobilenet_v2/minimal/mxfp8_e4m3,-6.875,0.124,-0.510381,-0.497775,11.71875,11.328125,2.801126,2.903928,3.020399,8.203125,8.008626,1.708903,2.053625,2.138774,5.859375,5.657145,,1.451931,1.521525,4.2,3.958542,,1.043167,1.090028,0.989635,0.659757
cell_vs_int8,mobilenet_v2/minimal/mxfp8_e4m3,-7.058333,0.122,-0.501569,-0.497775,11.71875,11.328939,2.812404,2.908087,2.991238,8.203125,8.040365,1.731633,2.058918,2.121005,5.859375,5.70516,,1.455818,1.509857,4.2,4.033542,,1.046069,1.080815,1.008385,0.672257
cell_vs_fp32,mobilenet_v2/default/posit6_es1,-53.310981,0.544,-0.496943,-0.513076,17.96875,16.81519,3.84651,4.348758,4.518283,12.5,12.025872,2.558756,3.076639,3.201264,8.59375,8.50687,,2.173814,2.263467,6.3,6.056876,,1.556149,1.622036,1.514219,1.009479
cell_vs_int8,mobilenet_v2/default/posit6_es1,-53.510981,0.541,-0.495007,-0.500497,17.1875,16.724453,3.922086,4.32181,4.500674,12.5,11.880881,2.606034,3.057531,3.188958,8.59375,8.46352,,2.159209,2.253517,6.2,6.036948,,1.546568,1.616041,1.509237,1.006158
cell_vs_fp32,mobilenet_v2/default/posit8_es1,0.291667,0.042,-0.48347,-0.488727,7.03125,5.957031,1.440862,1.511579,1.762562,5.078125,4.296875,0.926177,1.084837,1.271283,3.515625,3.092448,,0.771305,0.902103,2.6,2.2,,0.555041,0.648043,0.55,0.366667
cell_vs_int8,mobilenet_v2/default/posit8_es1,0.091667,0.037,-0.495009,-0.479172,6.269531,5.078125,1.250309,1.30732,1.650965,4.6875,3.645833,0.827619,0.936225,1.188885,3.125,2.628581,,0.666189,0.842696,2.4,1.825208,,0.482775,0.608268,0.456302,0.304201
cell_vs_fp32,mobilenet_v2/default/q1_6,0.1,0.016,-0.470494,-0.444842,3.90625,3.90625,0.952451,0.955386,1.000811,3.125,2.929688,0.607407,0.726934,0.774552,2.148438,2.050781,,0.522579,0.561254,1.6,1.5,,0.37434,0.39995,0.375,0.25
cell_vs_int8,mobilenet_v2/default/q1_6,-0.1,0.017,-0.436254,-0.524933,4.6875,3.515625,0.958017,0.957026,1.038353,3.125,2.734375,0.654455,0.711075,0.792904,2.148438,1.953125,,0.495706,0.556422,1.6,1.45,,0.367594,0.412201,0.3625,0.241667
cell_vs_fp32,mobilenet_v2/minimal/q1_6,0.183333,0.028,-0.491926,-0.491926,5.46875,5.46875,1.205914,1.360283,1.398813,3.90625,3.90625,0.827367,0.977827,1.014182,2.734375,2.734375,,0.69086,0.715798,2.0,2.0,,0.50876,0.52915,0.5,0.333333
cell_vs_int8,mobilenet_v2/minimal/q1_6,0.0,0.0,,,0.0,0.0,0.0,0.0,0.0,0.0,0.0,0.0,0.0,0.0,0.0,0.0,,0.0,0.0,0.0,0.0,,0.0,0.0,0.0,0.0
cell_vs_fp32,mobilenet_v3_large/default/bfp6,-17.875,0.22,-0.500726,-0.501571,14.84375,14.453125,3.284315,3.677925,3.807358,10.546875,10.157878,1.945116,2.595791,2.693555,7.421875,7.162272,,1.825802,1.896751,5.3,5.167708,,1.315741,1.367026,1.291927,0.861285
cell_vs_int8,mobilenet_v3_large/default/bfp6,-14.475,0.203,-0.485822,-0.50438,14.84375,14.262695,3.265179,3.686855,3.750294,10.15625,10.221354,1.966246,2.607691,2.657612,7.421875,7.212118,,1.841942,1.879028,5.2,5.275208,,1.320167,1.346815,1.318802,0.879201
cell_vs_fp32,mobilenet_v3_large/minimal/bfp6,-27.508333,0.323,-0.491562,-0.507558,17.1875,16.796875,3.907147,4.286058,4.376412,12.5,11.816406,2.46211,3.025055,3.095278,8.59375,8.399251,,2.141831,2.192701,6.1,6.116667,,1.534789,1.572816,1.529167,1.019444
cell_vs_int8,mobilenet_v3_large/minimal/bfp6,-22.658333,0.288,-0.487659,-0.479449,16.40625,16.015625,3.920921,4.147301,4.28617,11.71875,11.330973,2.531411,2.92594,3.030733,8.498535,8.1545,,2.075876,2.149478,6.1,5.859375,,1.487024,1.542154,1.464844,0.976562
cell_vs_fp32,mobilenet_v3_large/default/fp5_e2m2,-64.374654,0.663,-0.477548,-0.507558,17.1875,16.374251,3.636713,4.213472,4.370324,12.5,11.692688,2.368756,2.985778,3.099719,8.59375,8.285494,,2.109926,2.192795,6.1,6.163891,,1.509915,1.571544,1.540973,1.027315
cell_vs_int8,mobilenet_v3_large/default/fp5_e2m2,-60.974654,0.624,-0.488076,-0.507558,17.1875,16.49616,3.583393,4.24329,4.418364,12.5,11.762596,2.416938,3.002723,3.130941,8.59375,8.308692,,2.123239,2.215529,6.1,6.067752,,1.519425,1.587136,1.516938,1.011292
cell_vs_fp32,mobilenet_v3_large/default/fp6_e2m3,-16.575,0.217,-0.495932,-0.501571,14.84375,14.453125,3.29728,3.706726,3.831696,10.546875,10.222982,2.128008,2.617607,2.712267,7.421875,7.171224,,1.842724,1.912433,5.3,5.233958,,1.325765,1.377588,1.30849,0.872326
cell_vs_int8,mobilenet_v3_large/default/fp6_e2m3,-13.175,0.198,-0.49548,-0.50438,14.84375,14.063314,3.314458,3.622176,3.742225,10.15625,10.026855,2.139002,2.564122,2.651774,7.421875,7.121582,,1.80966,1.871536,5.2,5.075833,,1.296942,1.345734,1.268958,0.845972
cell_vs_fp32,mobilenet_v3_large/minimal/fp6_e2m3,-38.233333,0.405,-0.497,-0.513365,17.96875,17.1875,3.981299,4.419642,4.561478,12.5,12.208252,2.475269,3.123042,3.231876,8.984375,8.659668,,2.204123,2.288629,6.2,6.184792,,1.579033,1.635112,1.546198,1.030799
cell_vs_int8,mobilenet_v3_large/minimal/fp6_e2m3,-33.383333,0.356,-0.49078,-0.500497,17.1875,16.666667,4.023927,4.293157,4.439509,12.5,11.850586,2.669088,3.036884,3.149529,8.59375,8.374634,,2.147579,2.232798,6.2,6.091667,,1.534508,1.592482,1.522917,1.015278
cell_vs_fp32,mobilenet_v3_large/default/fp6_e3m2,-30.426429,0.343,-0.497765,-0.500497,17.1875,16.407064,3.648604,4.232428,4.423436,12.5,11.678955,2.386065,2.989374,3.134048,8.59375,8.281622,,2.116483,2.22018,6.2,5.894054,,1.514051,1.588707,1.473513,0.982342
cell_vs_int8,mobilenet_v3_large/default/fp6_e3m2,-27.026429,0.318,-0.50717,-0.507558,17.1875,16.276042,3.806194,4.17093,4.376825,12.5,11.443638,2.455596,2.950743,3.105385,8.59375,8.226539,,2.095944,2.204505,6.1,5.695589,,1.493082,1.572399,1.423897,0.949265
cell_vs_fp32,mobilenet_v3_large/minimal/fp6_e3m2,-32.716746,0.37,-0.48076,-0.497131,17.1875,16.267601,4.153426,4.185081,4.518839,12.5,11.570894,2.503768,2.960228,3.201563,8.789062,8.122057,,2.092318,2.267161,6.2,6.098742,,1.499719,1.623958,1.524686,1.016457
cell_vs_int8,mobilenet_v3_large/minimal/fp6_e3m2,-27.866746,0.321,-0.468728,-0.507558,17.1875,15.86735,4.02929,4.081155,4.357632,12.5,11.224226,2.627424,2.884279,3.086234,8.59375,7.986196,,2.036741,2.184216,6.1,6.087681,,1.462661,1.566445,1.52192,1.014613
cell_vs_fp32,mobilenet_v3_large/default/fp7_e3m3,-3.875,0.085,-0.493895,-0.500974,10.15625,8.984375,2.082681,2.289608,2.524605,7.03125,6.396891,1.334957,1.630609,1.803442,5.078125,4.460246,,1.147955,1.269974,3.6,3.275417,,0.827422,0.9145,0.818854,0.545903
cell_vs_int8,mobilenet_v3_large/default/fp7_e3m3,-0.475,0.102,-0.505549,-0.491926,10.9375,10.286458,2.56683,2.610683,2.803497,7.8125,7.291667,1.691924,1.856063,2.000461,5.46875,5.119425,,1.306918,1.410265,4.0,3.642292,,0.939654,1.009931,0.910573,0.607049
cell_vs_fp32,mobilenet_v3_large/minimal/fp7_e3m3,-5.95,0.107,-0.488252,-0.491926,10.9375,9.899089,2.285725,2.551487,2.797665,7.8125,7.114258,1.539935,1.806926,1.985587,5.46875,4.982096,,1.279186,1.406642,4.0,3.650208,,0.921066,1.012477,0.912552,0.608368
cell_vs_int8,mobilenet_v3_large/minimal/fp7_e3m3,-1.1,0.1,-0.488273,-0.491926,10.9375,10.15625,2.534522,2.57516,2.771496,7.8125,7.06543,1.664501,1.823738,1.973564,5.46875,4.997762,,1.293468,1.399269,4.0,3.733333,,0.924695,0.998719,0.933333,0.622222
cell_vs_fp32,mobilenet_v3_large/default/fp8_e4m3fn,-3.341667,0.081,-0.481751,-0.48392,9.375,8.919271,2.031186,2.267886,2.458011,7.03125,6.315104,1.306757,1.61692,1.755205,4.882812,4.50887,,1.146873,1.245691,3.5,3.316875,,0.820564,0.893169,0.829219,0.552812
cell_vs_int8,mobilenet_v3_large/default/fp8_e4m3fn,0.058333,0.112,-0.495084,-0.467468,10.9375,10.546875,2.698338,2.719224,2.931683,8.203125,7.521159,1.772283,1.936671,2.090476,5.859375,5.314535,,1.369286,1.481065,4.2,3.816875,,0.977977,1.058301,0.954219,0.636146
cell_vs_fp32,mobilenet_v3_large/minimal/fp8_e4m3fn,-6.541667,0.114,-0.485933,-0.472546,10.9375,10.55013,2.525616,2.715895,2.895561,8.203125,7.553304,1.622215,1.927131,2.055383,5.664062,5.298665,,1.364308,1.455467,4.2,3.908958,,0.979107,1.04583,0.97724,0.651493
cell_vs_int8,mobilenet_v3_large/minimal/fp8_e4m3fn,-1.691667,0.115,-0.488388,-0.487557,11.71875,10.940755,2.809137,2.819142,2.973542,8.203125,7.813314,1.749514,1.998876,2.113404,5.859375,5.501302,,1.409734,1.488657,4.3,4.025833,,1.011343,1.071032,1.006458,0.670972
cell_vs_fp32,mobilenet_v3_large/default/fp8_e5m2,-28.425714,0.32,-0.496918,-0.511289,17.1875,15.625,3.556227,4.001372,4.289908,11.918945,11.066836,2.291092,2.831623,3.040321,8.398438,7.808919,,2.000036,2.147638,6.0,5.633982,,1.431759,1.539662,1.408496,0.938997
cell_vs_int8,mobilenet_v3_large/default/fp8_e5m2,-25.025714,0.299,-0.501534,-0.508837,17.1875,15.291922,3.461395,3.936354,4.276169,11.71875,10.808105,2.386101,2.78105,3.026066,8.398438,7.668672,,1.971811,2.141944,6.0,5.44531,,1.406439,1.532942,1.361327,0.907552
cell_vs_fp32,mobilenet_v3_large/minimal/fp8_e5m2,-29.847103,0.342,-0.491294,-0.500497,17.1875,16.475911,3.828689,4.229301,4.446486,12.5,11.690308,2.334576,2.990942,3.15303,8.59375,8.223272,,2.110885,2.231856,6.2,6.024569,,1.514668,1.598637,1.506142,1.004095
cell_vs_int8,mobilenet_v3_large/minimal/fp8_e5m2,-24.997103,0.303,-0.480445,-0.500497,17.1875,16.08903,3.812945,4.133858,4.342642,12.5,11.3332,2.602282,2.923053,3.079343,8.59375,8.040857,,2.064313,2.177131,6.2,6.014598,,1.480465,1.561893,1.50365,1.002433
cell_vs_fp32,mobilenet_v3_large/default/int6,-54.004798,0.561,-0.502292,-0.509709,17.96875,16.814669,3.985533,4.34435,4.558453,12.5,12.016268,2.748331,3.071799,3.229535,8.789062,8.508085,,2.174187,2.290811,6.3,5.980648,,1.556319,1.638045,1.495162,0.996775
cell_vs_int8,mobilenet_v3_large/default/int6,-50.604798,0.53,-0.503976,-0.522728,18.75,17.004267,3.914529,4.381518,4.60907,12.890625,12.093849,2.798916,3.095274,3.262541,8.984375,8.535194,,2.193278,2.315429,6.4,6.031787,,1.568661,1.655186,1.507947,1.005298
cell_vs_fp32,mobilenet_v3_large/default/int8,-3.4,0.097,-0.504702,-0.508368,10.9375,10.546875,2.592121,2.668466,2.69628,7.8125,7.424316,1.667894,1.895222,1.918172,5.273438,5.175781,,1.333193,1.351471,3.9,3.75125,,0.96663,0.978647,0.937812,0.625208
cell_vs_fp32,mobilenet_v3_large/minimal/int8,-4.85,0.101,-0.485925,-0.50809,10.9375,10.546875,2.757813,2.707554,2.744547,7.8125,7.617188,1.741401,1.914149,1.945782,5.273438,5.178223,,1.338899,1.363805,3.9025,3.95,,0.974642,0.991963,0.9875,0.658333
cell_vs_fp32,mobilenet_v3_large/default/log6,-21.841667,0.264,-0.49324,-0.506648,16.40625,14.974935,3.650296,3.857536,4.136029,11.71875,10.642334,2.328273,2.729096,2.933827,8.203125,7.539632,,1.928757,2.077747,5.8,5.43775,,1.380801,1.485719,1.359437,0.906292
cell_vs_int8,mobilenet_v3_large/default/log6,-18.441667,0.255,-0.495406,-0.499225,16.40625,15.014323,3.605716,3.870311,4.174977,11.71875,10.70516,2.198361,2.738284,2.960652,8.203125,7.561971,,1.944695,2.103367,5.9,5.430208,,1.386936,1.500237,1.357552,0.905035
cell_vs_fp32,mobilenet_v3_large/minimal/log6,-59.095913,0.6,-0.50797,-0.497131,17.1875,16.776135,3.70764,4.316075,4.503136,12.5,11.979213,2.278858,3.054054,3.191175,8.789062,8.426422,,2.164574,2.261459,6.2,5.902819,,1.544551,1.616403,1.475705,0.983803
cell_vs_int8,mobilenet_v3_large/minimal/log6,-54.245913,0.553,-0.503957,-0.507008,17.988281,17.032785,3.815364,4.393277,4.590559,12.509766,12.065941,2.49983,3.104376,3.250101,8.984375,8.561843,,2.201569,2.304881,6.3,6.031138,,1.57066,1.646326,1.507784,1.00519
cell_vs_fp32,mobilenet_v3_large/default/log8,-5.166667,0.113,-0.505289,-0.460405,10.9375,10.546875,2.390904,2.651742,2.905728,7.8125,7.340902,1.552153,1.88177,2.065319,5.859375,5.200195,,1.333071,1.467151,4.2,3.726042,,0.954329,1.04869,0.93151,0.621007
cell_vs_int8,mobilenet_v3_large/default/log8,-1.766667,0.124,-0.504418,-0.502991,12.5,10.9375,2.595179,2.792051,3.090521,8.59375,7.74821,1.765939,1.983111,2.196876,6.25,5.575155,,1.407582,1.559498,4.4,3.850208,,1.003035,1.111755,0.962552,0.641701
cell_vs_fp32,mobilenet_v3_large/minimal/log8,-5.638333,0.107,-0.494758,-0.491926,10.9375,10.159505,2.407574,2.619257,2.817954,7.8125,7.292074,1.592578,1.847522,1.993811,5.46875,5.075155,,1.29967,1.409394,4.0,3.698458,,0.94066,1.016263,0.924615,0.61641
cell_vs_int8,mobilenet_v3_large/minimal/log8,-0.788333,0.112,-0.493891,-0.465483,10.9375,10.807292,2.623903,2.791255,2.929187,7.8125,7.716471,1.690944,1.97437,2.079061,5.664062,5.403931,,1.379449,1.457334,4.2,3.933958,,1.002645,1.057828,0.98349,0.65566
cell_vs_fp32,mobilenet_v3_large/default/mxfp6_e3m2,-31.963056,0.36,-0.503699,-0.493549,17.1875,16.376953,3.831953,4.233241,4.483596,12.5,11.602702,2.58713,2.994706,3.17861,8.59375,8.26298,,2.115768,2.250989,6.3,5.795118,,1.514369,1.608962,1.44878,0.965853
cell_vs_int8,mobilenet_v3_large/default/mxfp6_e3m2,-28.563056,0.335,-0.507116,-0.500497,17.1875,16.198242,3.839885,4.180433,4.447435,12.5,11.491292,2.594691,2.958089,3.155003,8.59375,8.204712,,2.093506,2.237689,6.2,5.681819,,1.496122,1.596593,1.420455,0.94697
cell_vs_fp32,mobilenet_v3_large/minimal/mxfp6_e3m2,-46.854603,0.489,-0.493466,-0.52705,18.75,17.190755,4.181651,4.423311,4.660909,13.28125,12.165853,2.828249,3.126674,3.30167,8.984375,8.630947,,2.218709,2.345094,6.4,6.23644,,1.583239,1.673771,1.55911,1.039407
cell_vs_int8,mobilenet_v3_large/minimal/mxfp6_e3m2,-42.004603,0.442,-0.495841,-0.522728,18.75,17.123372,4.138242,4.40807,4.636455,12.890625,12.159587,2.948554,3.113265,3.283227,8.984375,8.654545,,2.21003,2.332988,6.4,6.170958,,1.577211,1.664824,1.54274,1.028493
cell_vs_fp32,mobilenet_v3_large/default/mxfp8_e4m3,-4.083333,0.09,-0.499979,-0.489076,10.15625,9.244792,2.091979,2.354135,2.592468,7.03125,6.543376,1.375526,1.675568,1.85338,5.078125,4.62321,,1.191715,1.321004,3.7,3.308542,,0.851238,0.940213,0.827135,0.551424
cell_vs_int8,mobilenet_v3_large/default/mxfp8_e4m3,-0.683333,0.115,-0.498143,-0.497775,11.71875,10.744629,2.508969,2.752669,2.977887,8.203125,7.618001,1.716846,1.954732,2.119042,5.859375,5.428467,,1.388477,1.503789,4.2,3.850208,,0.98796,1.072264,0.962552,0.641701
cell_vs_fp32,mobilenet_v3_large/minimal/mxfp8_e4m3,-8.983333,0.158,-0.50668,-0.495352,13.28125,12.630208,2.974113,3.230159,3.378139,9.375,8.920085,1.966951,2.279926,2.390375,6.640625,6.340129,,1.612202,1.69482,4.8,4.441875,,1.160798,1.218179,1.110469,0.740312
cell_vs_int8,mobilenet_v3_large/minimal/mxfp8_e4m3,-4.133333,0.157,-0.502373,-0.511507,14.0625,12.762044,3.100329,3.247943,3.454473,9.375,8.98641,2.059759,2.297339,2.446343,6.640625,6.282959,,1.620925,1.727474,4.9,4.558958,,1.165581,1.24415,1.13974,0.759826
cell_vs_fp32,mobilenet_v3_large/default/posit6_es1,-32.09,0.351,-0.503799,-0.500497,17.1875,16.276042,3.587263,4.179929,4.435988,12.5,11.524007,2.280018,2.956603,3.142861,8.59375,8.114502,,2.090295,2.221537,6.2,5.780667,,1.493857,1.590695,1.445167,0.963444
cell_vs_int8,mobilenet_v3_large/default/posit6_es1,-28.69,0.334,-0.513919,-0.500497,17.1875,16.147298,3.59994,4.17169,4.469658,12.5,11.462972,2.360559,2.950136,3.165501,8.59375,8.144857,,2.094397,2.244674,6.2,5.585208,,1.490498,1.602236,1.396302,0.930868
cell_vs_fp32,mobilenet_v3_large/default/posit8_es1,-1.641667,0.062,-0.510061,-0.505394,8.59375,8.203125,1.902871,2.050125,2.146382,5.859375,5.729167,1.256182,1.463291,1.533609,4.296875,3.955078,,1.025004,1.07659,3.0,2.891875,,0.745831,0.784321,0.722969,0.481979
cell_vs_int8,mobilenet_v3_large/default/posit8_es1,1.758333,0.109,-0.506692,-0.475948,10.9375,10.842285,2.668011,2.776887,2.891924,7.8125,7.701416,1.812289,1.973132,2.055341,5.664062,5.38737,,1.391816,1.452359,4.1,3.83375,,0.998987,1.043221,0.958437,0.638958
cell_vs_fp32,mobilenet_v3_large/default/q1_6,-3.033333,0.091,-0.487698,-0.477496,10.15625,10.15625,2.556515,2.589927,2.61869,7.03125,7.227376,1.486555,1.840034,1.863002,5.078125,5.062256,,1.289132,1.308284,3.8,3.75,,0.936606,0.949521,0.9375,0.625
cell_vs_int8,mobilenet_v3_large/default/q1_6,0.366667,0.044,-0.498091,-0.488727,7.03125,7.03125,1.709255,1.772846,1.801873,5.078125,5.013835,1.210066,1.271904,1.296994,3.515625,3.515625,,0.909224,0.930266,2.6,2.53375,,0.650008,0.663054,0.633437,0.422292
cell_vs_fp32,mobilenet_v3_large/minimal/q1_6,-4.85,0.101,-0.485925,-0.50809,10.9375,10.546875,2.757813,2.707554,2.744547,7.8125,7.617188,1.741401,1.914149,1.945782,5.273438,5.178223,,1.338899,1.363805,3.9025,3.95,,0.974642,0.991963,0.9875,0.658333
cell_vs_int8,mobilenet_v3_large/minimal/q1_6,0.0,0.0,,,0.0,0.0,0.0,0.0,0.0,0.0,0.0,0.0,0.0,0.0,0.0,0.0,,0.0,0.0,0.0,0.0,,0.0,0.0,0.0,0.0
cell_vs_fp32,resnet18/default/bfp6,-3.296667,0.065,-0.483096,-0.500497,8.59375,7.8125,1.912368,1.995761,2.216644,6.25,5.533854,1.313834,1.414501,1.578528,4.296875,3.890422,,1.007938,1.119955,3.1,2.911792,,0.718152,0.800244,0.727948,0.485299
cell_vs_int8,resnet18/default/bfp6,-2.413333,0.056,-0.489323,-0.464117,7.8125,7.259115,1.785595,1.843663,2.052789,5.46875,5.078125,1.184058,1.305987,1.465104,4.003906,3.597127,,0.927374,1.038492,3.0,2.660458,,0.66616,0.746619,0.665115,0.44341
cell_vs_fp32,resnet18/minimal/bfp6,-1.055,0.055,-0.487924,-0.467815,7.8125,7.291667,1.78965,1.868631,2.039151,5.46875,5.225423,1.126443,1.332883,1.460203,3.90625,3.655843,,0.944166,1.022811,3.0,2.69175,,0.677092,0.741289,0.672937,0.448625
cell_vs_int8,resnet18/minimal/bfp6,-0.675,0.05,-0.512972,-0.497775,7.8125,6.901042,1.649609,1.748021,1.941714,5.46875,4.883626,1.004169,1.236852,1.3867,3.90625,3.382731,,0.877666,0.97988,2.8,2.413417,,0.632902,0.707107,0.603354,0.402236
cell_vs_fp32,resnet18/minimal/fp4_e2m1,-50.873398,0.552,-0.501502,-0.520317,18.75,16.324717,3.924645,4.20952,4.6704,13.28125,11.610184,2.599479,2.978422,3.309273,8.984375,8.209489,,2.106092,2.339107,6.5,5.819986,,1.506836,1.678094,1.454996,0.969998
cell_vs_int8,resnet18/minimal/fp4_e2m1,-50.493398,0.543,-0.499787,-0.520317,18.75,16.080493,3.761745,4.153099,4.65603,13.28125,11.410807,2.496028,2.938256,3.29854,8.984375,8.094317,,2.07537,2.332518,6.5,5.749413,,1.486273,1.672815,1.437353,0.958235
cell_vs_fp32,resnet18/default/fp5_e2m2,-31.005988,0.355,-0.503966,-0.483344,17.1875,16.069534,3.934997,4.127277,4.49348,12.5,11.41446,2.521161,2.922729,3.186498,8.789062,8.106998,,2.070231,2.257366,6.4,5.68796,,1.480343,1.618564,1.42199,0.947993
cell_vs_int8,resnet18/default/fp5_e2m2,-30.122654,0.34,-0.499374,-0.500497,17.1875,15.733509,3.848645,4.041409,4.438426,12.5,11.145077,2.440032,2.862201,3.14705,8.59375,7.895904,,2.027296,2.22871,6.2,5.63326,,1.450905,1.599687,1.408315,0.938877
cell_vs_fp32,resnet18/minimal/fp5_e2m2,-13.220909,0.214,-0.496588,-0.513567,15.625,12.807085,3.078032,3.293943,3.899322,10.9375,9.131958,2.01193,2.324936,2.757927,7.8125,6.41095,,1.647742,1.954503,5.4,4.629185,,1.179387,1.402056,1.157296,0.771531
cell_vs_int8,resnet18/minimal/fp5_e2m2,-12.840909,0.201,-0.499891,-0.496108,14.84375,12.270426,2.928665,3.154131,3.784616,10.15625,8.722709,1.818893,2.227717,2.678285,7.421875,6.142933,,1.579944,1.900144,5.3,4.396974,,1.130371,1.361525,1.099244,0.732829
cell_vs_fp32,resnet18/default/fp6_e2m3,-3.443333,0.083,-0.476955,-0.500974,10.15625,8.723958,2.058869,2.244413,2.512357,7.03125,6.217611,1.38337,1.591372,1.790879,5.078125,4.43217,,1.135784,1.281424,3.6,3.281833,,0.804955,0.905047,0.820458,0.546972
cell_vs_int8,resnet18/default/fp6_e2m3,-2.56,0.08,-0.475513,-0.480881,9.375,8.203125,1.961254,2.11773,2.474146,7.03125,5.81722,1.291359,1.503978,1.767288,4.98291,4.170207,,1.069704,1.259437,3.5,3.090333,,0.761153,0.892614,0.772583,0.515056
cell_vs_fp32,resnet18/minimal/fp6_e2m3,-2.099048,0.087,-0.497612,-0.500974,10.15625,8.268229,1.948872,2.145269,2.57136,7.03125,5.957148,1.292869,1.51773,1.826737,5.078125,4.196208,,1.078961,1.295637,3.6,2.977738,,0.771535,0.927572,0.744435,0.49629
cell_vs_int8,resnet18/minimal/fp6_e2m3,-1.719048,0.072,-0.499079,-0.511899,9.375,7.618815,1.69805,1.96235,2.337827,6.25,5.405273,1.072659,1.39279,1.662145,4.6875,3.842163,,0.994386,1.188162,3.2,2.726548,,0.708167,0.845127,0.681637,0.454425
cell_vs_fp32,resnet18/default/fp6_e3m2,-16.476468,0.227,-0.4939,-0.505599,15.625,13.653863,3.461763,3.504177,3.939682,10.9375,9.674144,2.230621,2.485922,2.8,7.8125,6.92339,,1.763683,1.993528,5.5,4.93344,,1.257923,1.420278,1.23336,0.82224
cell_vs_int8,resnet18/default/fp6_e3m2,-15.593135,0.214,-0.497362,-0.491035,14.84375,13.155328,3.285038,3.38601,3.854811,10.9375,9.40935,2.093105,2.403063,2.741266,7.8125,6.645274,,1.706731,1.955246,5.4,4.736645,,1.216569,1.390194,1.184161,0.789441
cell_vs_fp32,resnet18/minimal/fp6_e3m2,-7.189246,0.138,-0.489355,-0.509425,12.5,10.309524,2.564397,2.668351,3.183523,8.984375,7.39295,1.649421,1.890547,2.265002,6.25,5.206767,,1.338988,1.60541,4.4,3.784575,,0.957126,1.14717,0.946144,0.630763
cell_vs_int8,resnet18/minimal/fp6_e3m2,-6.809246,0.133,-0.494312,-0.493233,12.5,9.893838,2.406509,2.558242,3.133439,8.59375,7.071208,1.548656,1.812342,2.229989,6.25,4.99946,,1.285993,1.585435,4.5,3.586114,,0.919183,1.129916,0.896529,0.597686
cell_vs_fp32,resnet18/default/fp7_e3m3,-2.6175,0.072,-0.493401,-0.49865,9.375,7.42513,1.831536,1.909619,2.338007,6.254883,5.274658,1.298778,1.351241,1.66869,4.6875,3.805033,,0.967675,1.183321,3.3,2.6785,,0.686686,0.843896,0.669625,0.446417
cell_vs_int8,resnet18/default/fp7_e3m3,-1.734167,0.061,-0.493662,-0.514735,8.59375,6.770833,1.683696,1.7297,2.153757,6.25,4.777425,1.138396,1.226479,1.543336,4.296875,3.410238,,0.87497,1.094179,3.0,2.450083,,0.623627,0.779942,0.612521,0.408347
cell_vs_fp32,resnet18/minimal/fp7_e3m3,-1.685,0.066,-0.49118,-0.48671,8.59375,7.246257,1.845054,1.851051,2.237548,6.25,5.112305,1.226965,1.310903,1.596847,4.296875,3.677287,,0.928952,1.127387,3.2,2.630208,,0.665729,0.809938,0.657552,0.438368
cell_vs_int8,resnet18/minimal/fp7_e3m3,-1.305,0.059,-0.494762,-0.505394,8.59375,6.901042,1.630034,1.773314,2.117144,5.859375,4.938883,0.981676,1.261647,1.511848,4.296875,3.465535,,0.895608,1.074276,3.0,2.50525,,0.637683,0.767014,0.626312,0.417542
cell_vs_fp32,resnet18/default/fp8_e4m3fn,-2.434167,0.076,-0.504687,-0.502622,9.375,7.8125,1.829508,2.005095,2.405705,7.03125,5.534058,1.249477,1.419652,1.717973,4.6875,3.982971,,1.013399,1.220918,3.4,2.748208,,0.721793,0.868999,0.687052,0.458035
cell_vs_int8,resnet18/default/fp8_e4m3fn,-1.550833,0.067,-0.490859,-0.518274,9.375,7.291667,1.770699,1.874489,2.260855,6.25,5.217285,1.17513,1.329899,1.620464,4.492188,3.66272,,0.946076,1.150045,3.2,2.6705,,0.675151,0.818236,0.667625,0.445083
cell_vs_fp32,resnet18/minimal/fp8_e4m3fn,-1.48,0.068,-0.493807,-0.518274,9.375,7.421875,1.868012,1.904374,2.272377,6.25,5.257975,1.323106,1.344808,1.613698,4.492188,3.724284,,0.953393,1.143968,3.2,2.691833,,0.686345,0.823748,0.672958,0.448639
cell_vs_int8,resnet18/minimal/fp8_e4m3fn,-1.1,0.061,-0.50545,-0.491275,8.59375,6.881999,1.620947,1.757759,2.154601,5.864258,4.84082,1.027851,1.244437,1.530209,4.296875,3.463745,,0.881417,1.091294,3.1,2.421708,,0.632448,0.780865,0.605427,0.403618
cell_vs_fp32,resnet18/default/fp8_e5m2,-8.922024,0.161,-0.497853,-0.49101,13.28125,10.964355,2.706647,2.827733,3.414005,9.375,7.832368,1.740286,2.00365,2.426985,6.835938,5.558547,,1.429533,1.728581,4.8,3.93675,,1.015144,1.231223,0.984187,0.656125
cell_vs_int8,resnet18/default/fp8_e5m2,-8.03869,0.15,-0.500218,-0.513834,13.28125,10.561035,2.585795,2.716119,3.316277,9.375,7.536458,1.650724,1.926371,2.360388,6.640625,5.360988,,1.373331,1.678621,4.6,3.768369,,0.975607,1.19698,0.942092,0.628062
cell_vs_fp32,resnet18/minimal/fp8_e5m2,-7.131981,0.141,-0.494945,-0.495058,12.5,10.12445,2.363053,2.597818,3.21321,8.984375,7.211507,1.575428,1.839489,2.286658,6.445312,5.118182,,1.307982,1.617772,4.5,3.659665,,0.930854,1.156611,0.914916,0.609944
cell_vs_int8,resnet18/minimal/fp8_e5m2,-6.751981,0.136,-0.496681,-0.509425,12.5,9.959477,2.41979,2.559806,3.162789,8.984375,7.124893,1.498479,1.814441,2.252571,6.25,4.995204,,1.290826,1.599397,4.4,3.600657,,0.919218,1.139807,0.900164,0.60011
cell_vs_fp32,resnet18/minimal/int4,-52.960377,0.561,-0.487626,-0.513687,18.75,16.196647,3.832342,4.172166,4.738391,13.28125,11.48522,2.70086,2.948903,3.357576,8.984375,8.111357,,2.084818,2.373668,6.6,5.964512,,1.494435,1.701643,1.491128,0.994085
cell_vs_int8,resnet18/minimal/int4,-52.580377,0.554,-0.48923,-0.516929,18.75,15.885598,3.722869,4.09025,4.740699,13.28125,11.250255,2.611374,2.891122,3.359645,9.179688,7.978036,,2.041801,2.374085,6.5025,5.820241,,1.465086,1.702363,1.45506,0.97004
cell_vs_fp32,resnet18/default/int5,-56.408821,0.576,-0.487465,-0.52705,18.75,16.623782,4.028216,4.291463,4.621545,13.28125,11.799874,2.676779,3.035536,3.275924,8.984375,8.338468,,2.144544,2.321016,6.4,6.122765,,1.536589,1.66041,1.530691,1.020461
cell_vs_int8,resnet18/default/int5,-55.525487,0.561,-0.497318,-0.52705,18.75,16.414694,4.000844,4.232572,4.631673,13.28125,11.648888,2.681846,2.994259,3.283161,8.984375,8.268047,,2.117012,2.326143,6.4,5.901171,,1.516157,1.664064,1.475293,0.983528
cell_vs_fp32,resnet18/minimal/int5,-17.919163,0.246,-0.49535,-0.489654,15.625,13.385789,3.428626,3.450102,4.055388,11.328125,9.571677,2.200224,2.442878,2.875947,8.105469,6.738178,,1.73076,2.029312,5.7,4.847405,,1.236231,1.456516,1.211851,0.807901
cell_vs_int8,resnet18/minimal/int5,-17.539163,0.233,-0.491494,-0.505402,15.625,12.773763,3.152351,3.275673,3.951917,10.9375,9.072398,2.009989,2.321377,2.803921,7.8125,6.428689,,1.643481,1.979118,5.5025,4.656853,,1.173808,1.420109,1.164213,0.776142
cell_vs_fp32,resnet18/default/int6,-4.208333,0.093,-0.489176,-0.491249,10.15625,8.984375,2.163566,2.303554,2.638683,7.421875,6.380208,1.510224,1.633571,1.879897,5.273438,4.525146,,1.155306,1.334685,3.7,3.291875,,0.827136,0.951835,0.822969,0.548646
cell_vs_int8,resnet18/default/int6,-3.325,0.084,-0.491887,-0.513207,10.15625,8.336589,2.02342,2.139558,2.512646,7.03125,5.958252,1.379395,1.520423,1.796801,5.078125,4.199422,,1.071445,1.267507,3.5,3.041875,,0.770207,0.910187,0.760469,0.506979
cell_vs_fp32,resnet18/minimal/int6,-4.268333,0.113,-0.509182,-0.502853,11.71875,9.960938,2.484075,2.534506,2.929787,8.203125,6.986247,1.718973,1.78879,2.07591,5.664062,4.920573,,1.264395,1.457569,4.2,3.49425,,0.909612,1.053447,0.873562,0.582375
cell_vs_int8,resnet18/minimal/int6,-3.888333,0.102,-0.497144,-0.491926,10.9375,9.247233,2.250099,2.383073,2.784981,7.8125,6.582845,1.516386,1.681462,1.974513,5.46875,4.652262,,1.193248,1.393003,4.0,3.330583,,0.856622,1.002776,0.832646,0.555097
cell_vs_fp32,resnet18/default/int8,-0.883333,0.021,-0.487557,-0.558349,5.46875,3.90625,1.018417,0.969053,1.198081,3.515625,2.734375,0.676888,0.702931,0.886192,2.539062,1.953125,,0.502031,0.634822,1.7,1.433333,,0.359265,0.455796,0.358333,0.238889
cell_vs_fp32,resnet18/minimal/int8,-0.38,0.027,-0.495285,-0.491926,5.46875,5.078125,1.380581,1.287298,1.382864,3.90625,3.640299,0.889011,0.927334,1.011628,2.734375,2.571777,,0.659634,0.718194,2.0,1.836917,,0.474848,0.519144,0.459229,0.306153
cell_vs_fp32,resnet18/minimal/log4,-55.012605,0.581,-0.501294,-0.497131,17.1875,16.187428,4.055649,4.169856,4.504817,12.5,11.508298,2.702166,2.949262,3.188479,8.789062,8.111762,,2.09303,2.26159,6.2,5.780132,,1.493705,1.617946,1.445033,0.963355
cell_vs_int8,resnet18/minimal/log4,-54.632605,0.572,-0.496508,-0.497131,17.1875,15.949597,3.946858,4.10839,4.496246,12.5,11.330565,2.657785,2.905181,3.182562,8.789062,8.005935,,2.061816,2.258309,6.2,5.753541,,1.471458,1.614422,1.438385,0.958923
cell_vs_fp32,resnet18/default/log6,-15.557222,0.225,-0.49485,-0.505599,15.625,13.609863,3.42493,3.499066,3.932471,10.9375,9.651332,2.368283,2.477646,2.788832,7.8125,6.861384,,1.754004,1.982421,5.5,4.917996,,1.253262,1.415454,1.229499,0.819666
cell_vs_int8,resnet18/default/log6,-14.673889,0.214,-0.499968,-0.483067,14.84375,13.087077,3.201581,3.366455,3.864513,10.9375,9.329846,2.168519,2.384522,2.739942,7.8125,6.607029,,1.68757,1.94728,5.5,4.67967,,1.207019,1.39225,1.169917,0.779945
cell_vs_fp32,resnet18/minimal/log6,-8.60004,0.161,-0.492504,-0.491161,13.28125,11.176549,2.58629,2.872981,3.433647,9.384766,7.897461,1.664996,2.036094,2.444426,6.835938,5.620697,,1.444816,1.72524,4.8,4.059205,,1.029025,1.237251,1.014801,0.676534
cell_vs_int8,resnet18/minimal/log6,-8.22004,0.146,-0.48224,-0.485513,12.5,10.808594,2.476314,2.772467,3.270012,8.984375,7.640249,1.621311,1.964432,2.330634,6.445312,5.412406,,1.394137,1.648458,4.6,4.025902,,0.994039,1.180153,1.006475,0.670984
cell_vs_fp32,resnet18/default/log8,-2.015,0.066,-0.497612,-0.48671,8.59375,7.1639,1.805949,1.832745,2.24317,6.25,5.143229,1.245771,1.303748,1.602489,4.296875,3.609009,,0.926814,1.129208,3.2,2.583542,,0.656803,0.80942,0.645885,0.43059
cell_vs_int8,resnet18/default/log8,-1.131667,0.057,-0.489897,-0.477802,7.8125,6.64388,1.669469,1.719533,2.079274,5.859375,4.786051,1.14076,1.224908,1.486663,3.90625,3.380208,,0.865454,1.045077,3.0,2.433417,,0.617124,0.754659,0.608354,0.405569
cell_vs_fp32,resnet18/minimal/log8,-1.743333,0.065,-0.489775,-0.48671,8.59375,6.642253,1.651679,1.719777,2.222017,6.25,4.765951,1.121168,1.220043,1.582586,4.296875,3.406738,,0.869846,1.12399,3.2,2.423542,,0.618537,0.803984,0.605885,0.403924
cell_vs_int8,resnet18/minimal/log8,-1.363333,0.056,-0.501891,-0.460507,7.8125,5.989909,1.399813,1.54386,2.061696,5.46875,4.264323,0.803889,1.096274,1.471251,4.101562,3.04244,,0.778716,1.052617,3.0,2.126958,,0.555663,0.747369,0.53174,0.354493
cell_vs_fp32,resnet18/minimal/mxfp4_e2m1,-30.087442,0.347,-0.496521,-0.48671,17.1875,15.073097,3.816256,3.878084,4.474233,12.5,10.684728,2.648213,2.737249,3.16619,8.59375,7.565474,,1.938614,2.238442,6.4,5.433398,,1.387132,1.604989,1.358349,0.905566
cell_vs_int8,resnet18/minimal/mxfp4_e2m1,-29.707442,0.34,-0.50008,-0.500497,17.1875,14.95624,3.732795,3.831315,4.449969,12.5,10.540343,2.581333,2.703583,3.150732,8.59375,7.423344,,1.915016,2.230449,6.2,5.357533,,1.370786,1.596045,1.339383,0.892922
cell_vs_fp32,resnet18/default/mxfp6_e3m2,-18.486364,0.238,-0.515847,-0.497775,15.625,13.827195,3.445613,3.549665,3.984977,10.9375,9.849474,2.246852,2.514895,2.830096,7.8125,6.933536,,1.778019,2.004561,5.6,4.776648,,1.271858,1.433876,1.194162,0.796108
cell_vs_int8,resnet18/default/mxfp6_e3m2,-17.60303,0.225,-0.510052,-0.497775,15.625,13.417271,3.280786,3.440237,3.907403,10.9375,9.511643,2.137457,2.437379,2.776061,7.8125,6.734084,,1.724326,1.968439,5.6,4.688326,,1.233678,1.406325,1.172081,0.781388
cell_vs_fp32,resnet18/minimal/mxfp6_e3m2,-5.722143,0.13,-0.494388,-0.507747,12.5,9.642415,2.312139,2.485291,3.114671,8.59375,6.893322,1.522694,1.76176,2.218981,6.054688,4.805356,,1.242806,1.557978,4.4,3.51142,,0.890017,1.123192,0.877855,0.585237
cell_vs_int8,resnet18/minimal/mxfp6_e3m2,-5.342143,0.115,-0.496781,-0.507974,11.71875,9.076172,2.080084,2.338372,2.927485,8.203125,6.455032,1.432472,1.658091,2.089178,5.859375,4.551142,,1.168879,1.465883,4.1025,3.274411,,0.839532,1.058182,0.818603,0.545735
cell_vs_fp32,resnet18/default/mxfp8_e4m3,-2.391429,0.072,-0.500973,-0.503101,9.375,7.790295,1.888447,1.986563,2.334746,6.450195,5.524984,1.326382,1.410831,1.66609,4.6875,3.902908,,0.997787,1.179991,3.3,2.78175,,0.712482,0.843208,0.695438,0.463625
cell_vs_int8,resnet18/default/mxfp8_e4m3,-1.508095,0.063,-0.506205,-0.514735,8.59375,7.162853,1.747514,1.846776,2.188567,6.25,5.158552,1.180605,1.31483,1.56487,4.296875,3.631615,,0.932675,1.109615,3.0,2.529607,,0.663456,0.792307,0.632402,0.421601
cell_vs_fp32,resnet18/minimal/mxfp8_e4m3,-1.388333,0.063,-0.489163,-0.514735,8.59375,6.901042,1.676939,1.772883,2.190957,6.25,4.948242,1.157016,1.26095,1.564265,4.296875,3.535482,,0.89515,1.103111,3.0,2.521917,,0.636769,0.792307,0.630479,0.420319
cell_vs_int8,resnet18/minimal/mxfp8_e4m3,-1.008333,0.056,-0.489586,-0.468261,7.8125,6.445312,1.591207,1.64841,2.058331,5.46875,4.590251,0.986283,1.1694,1.468515,4.296875,3.299723,,0.841574,1.051756,2.9,2.348333,,0.59541,0.747904,0.587083,0.391389
cell_vs_fp32,resnet18/minimal/nf4,-35.680006,0.405,-0.487619,-0.522728,18.75,15.138843,3.672047,3.888817,4.59878,12.890625,10.750883,2.527569,2.749102,3.257973,8.984375,7.640021,,1.947383,2.310548,6.4,5.563032,,1.392573,1.65297,1.390758,0.927172
cell_vs_int8,resnet18/minimal/nf4,-35.300006,0.394,-0.492327,-0.490598,17.207031,14.677223,3.515886,3.777993,4.546216,12.5,10.436249,2.423037,2.671663,3.222491,8.793945,7.431883,,1.890569,2.285878,6.3,5.331335,,1.352906,1.634821,1.332834,0.888556
cell_vs_fp32,resnet18/minimal/posit4_es0,-46.082181,0.503,-0.495493,-0.507312,18.75,16.037341,4.106583,4.132587,4.778188,13.28125,11.468259,2.731927,2.928206,3.388752,9.375,8.082417,,2.071051,2.397913,6.6,5.803445,,1.479746,1.715083,1.450861,0.967241
cell_vs_int8,resnet18/minimal/posit4_es0,-45.702181,0.5,-0.482312,-0.507312,18.75,15.831357,3.918207,4.067352,4.807064,13.28125,11.227592,2.598469,2.881478,3.40859,9.375,7.938904,,2.03578,2.412041,6.6,5.899316,,1.456533,1.724819,1.474829,0.983219
cell_vs_fp32,resnet18/default/posit6_es1,-10.50496,0.186,-0.487694,-0.482613,14.0625,12.188151,2.979692,3.135578,3.673027,10.15625,8.732335,1.892301,2.221052,2.607522,7.324219,6.156217,,1.578676,1.852341,5.2,4.489858,,1.124678,1.323571,1.122465,0.74831
cell_vs_int8,resnet18/default/posit6_es1,-9.621627,0.177,-0.47973,-0.505759,14.0625,11.722412,2.824031,3.013079,3.605465,10.15625,8.337402,1.786947,2.135609,2.562567,7.03125,5.966156,,1.519283,1.822426,5.0,4.376019,,1.082115,1.300304,1.094005,0.729336
cell_vs_fp32,resnet18/default/posit8_es1,-0.466667,0.03,-0.514119,-0.512658,6.25,5.338542,1.374739,1.365983,1.471457,4.296875,3.776042,0.926185,0.973771,1.068649,2.929688,2.734375,,0.698236,0.757669,2.2,1.83375,,0.495002,0.546809,0.458438,0.305625
cell_vs_int8,resnet18/default/posit8_es1,0.416667,0.019,-0.507528,-0.502622,4.6875,4.557292,1.146474,1.153892,1.135016,3.515625,3.255208,0.729252,0.826552,0.854125,2.34375,2.311198,,0.592819,0.606113,1.7,1.6,,0.419328,0.435603,0.4,0.266667
cell_vs_fp32,resnet18/default/q1_6,-0.933333,0.025,-0.48438,-0.5142,5.46875,4.306641,1.193979,1.15499,1.336745,3.90625,3.320312,0.784433,0.830503,0.978827,2.734375,2.327474,,0.597977,0.695207,1.9,1.600417,,0.424104,0.497745,0.400104,0.266736
cell_vs_int8,resnet18/default/q1_6,-0.05,0.016,-0.456067,-0.511899,4.6875,3.125,0.849171,0.84106,1.028641,3.125,2.377116,0.579781,0.605682,0.76881,2.34375,1.757812,,0.440414,0.563312,1.6,1.217083,,0.311511,0.4,0.304271,0.202847
cell_vs_fp32,resnet18/minimal/q1_6,-0.38,0.027,-0.495285,-0.491926,5.46875,5.078125,1.380581,1.287298,1.382864,3.90625,3.640299,0.889011,0.927334,1.011628,2.734375,2.571777,,0.659634,0.718194,2.0,1.836917,,0.474848,0.519144,0.459229,0.306153
cell_vs_int8,resnet18/minimal/q1_6,0.0,0.0,,,0.0,0.0,0.0,0.0,0.0,0.0,0.0,0.0,0.0,0.0,0.0,0.0,,0.0,0.0,0.0,0.0,,0.0,0.0,0.0,0.0
format_pair,mobilenet_v2/default/bfp6~default/fp6_e2m3,4.718333,0.108,-0.508354,-0.491926,10.9375,9.897461,2.367341,2.524793,2.860002,7.8125,7.031413,1.534241,1.789032,2.02896,5.46875,4.998454,,1.271129,1.440524,4.0,3.467,,0.904444,1.030708,0.86675,0.577833
format_pair,mobilenet_v2/default/bfp6~default/fp6_e3m2,-40.654167,0.423,-0.49715,-0.500746,17.197266,16.642253,3.919406,4.282054,4.508048,12.5,11.830078,2.637447,3.027512,3.191132,8.59375,8.306315,,2.139182,2.255495,6.2,6.007562,,1.53277,1.619256,1.501891,1.00126
format_pair,mobilenet_v2/default/bfp6~default/fp7_e3m3,6.108333,0.125,-0.508964,-0.487557,11.71875,10.546875,2.388026,2.730494,3.060089,8.203125,7.552083,1.554892,1.933966,2.167772,5.859375,5.355428,,1.376233,1.547199,4.3,3.692083,,0.979283,1.101267,0.923021,0.615347
format_pair,mobilenet_v2/default/bfp6~default/fp8_e4m3fn,6.191667,0.123,-0.509049,-0.497517,11.71875,10.418294,2.292107,2.672671,3.025479,8.203125,7.439372,1.515288,1.893537,2.145416,5.859375,5.22522,,1.346178,1.525734,4.2025,3.658542,,0.959101,1.088628,0.914635,0.609757
format_pair,mobilenet_v2/default/bfp6~default/fp8_e5m2,-38.281548,0.39,-0.493555,-0.500497,17.1875,16.472517,3.84718,4.230546,4.425858,12.5,11.677217,2.511954,2.988998,3.132529,8.59375,8.230835,,2.115113,2.219021,6.2,5.98789,,1.51543,1.590912,1.496972,0.997982
format_pair,mobilenet_v2/default/bfp6~default/int5,-28.966653,0.317,-0.494017,-0.500668,17.1875,15.198661,3.476544,3.912238,4.307315,11.918945,10.786746,2.175577,2.764507,3.04871,8.59375,7.609398,,1.955222,2.156902,6.1,5.517326,,1.401656,1.550068,1.379331,0.919554
format_pair,mobilenet_v2/default/bfp6~default/int6,8.581667,0.147,-0.514362,-0.512145,13.28125,11.674642,2.598654,2.970132,3.279177,8.984375,8.269857,1.64487,2.104358,2.32248,6.445312,5.84314,,1.492756,1.643292,4.6,4.041958,,1.063874,1.17779,1.01049,0.67366
format_pair,mobilenet_v2/default/bfp6~default/int8,10.783333,0.16,-0.512122,-0.504495,13.28125,12.890625,2.862771,3.274434,3.394924,9.375,9.019368,2.039415,2.316454,2.405155,6.640625,6.383057,,1.644115,1.706451,4.7,4.484167,,1.171102,1.217933,1.121042,0.747361
format_pair,mobilenet_v2/default/bfp6~default/log6,-41.179762,0.427,-0.501613,-0.516657,17.96875,16.735026,3.98918,4.30681,4.54029,12.5,11.882894,2.589984,3.045633,3.217252,8.789062,8.382161,,2.153762,2.27322,6.2,5.969798,,1.54198,1.631561,1.492449,0.994966
format_pair,mobilenet_v2/default/bfp6~default/log8,6.656667,0.117,-0.50628,-0.497775,11.71875,10.553385,2.437071,2.700574,2.954194,8.203125,7.424316,1.603173,1.910008,2.092698,5.859375,5.270426,,1.351638,1.482273,4.2,3.716667,,0.966857,1.060712,0.929167,0.619444
format_pair,mobilenet_v2/default/bfp6~default/mxfp8_e4m3,5.233333,0.116,-0.525677,-0.497775,11.71875,10.416667,2.301415,2.650538,2.952365,8.203125,7.423503,1.411906,1.881028,2.097064,5.859375,5.159912,,1.337964,1.490194,4.2,3.533333,,0.95258,1.06341,0.883333,0.588889
format_pair,mobilenet_v2/default/bfp6~default/posit6_es1,-42.727648,0.437,-0.492791,-0.500497,17.1875,16.537726,3.915202,4.250405,4.488647,12.5,11.761163,2.663409,3.003839,3.177968,8.59375,8.286871,,2.122479,2.246585,6.2,6.02275,,1.521279,1.611704,1.505687,1.003792
format_pair,mobilenet_v2/default/bfp6~default/posit8_es1,10.875,0.151,-0.503224,-0.507673,13.28125,12.239583,2.865379,3.141388,3.287304,8.984375,8.724772,1.999643,2.222458,2.327992,6.640625,6.152751,,1.5735,1.647634,4.6,4.350208,,1.124975,1.181317,1.087552,0.725035
format_pair,mobilenet_v2/default/bfp6~default/q1_6,10.683333,0.157,-0.510385,-0.504495,13.28125,12.890625,2.949589,3.274158,3.35709,9.375,8.988444,2.108746,2.318621,2.38165,6.640625,6.36556,,1.642794,1.687025,4.7,4.50125,,1.169882,1.202826,1.125312,0.750208
recipe_pair,mobilenet_v2/default/bfp6~minimal/bfp6,1.466667,0.165,-0.501932,-0.500082,14.0625,13.414714,3.216011,3.457319,3.563264,9.765625,9.570312,2.102979,2.4483,2.527345,7.03125,6.674398,,1.730731,1.790331,5.0,4.800417,,1.242065,1.283865,1.200104,0.800069
format_pair,mobilenet_v2/default/fp6_e2m3~default/fp6_e3m2,-45.3725,0.459,-0.500128,-0.497629,17.207031,16.299723,3.848975,4.204056,4.514269,12.5,11.599528,2.56251,2.973782,3.197742,8.789062,8.206075,,2.097868,2.260409,6.2,5.828437,,1.504465,1.62096,1.457109,0.971406
format_pair,mobilenet_v2/default/fp6_e2m3~default/fp7_e3m3,1.39,0.069,-0.509662,-0.518274,9.375,7.161458,1.753374,1.842583,2.287809,6.25,5.17334,1.063106,1.31582,1.633056,4.492188,3.630005,,0.938261,1.160074,3.2,2.511833,,0.66741,0.828487,0.627958,0.418639
format_pair,mobilenet_v2/default/fp6_e2m3~default/fp8_e4m3fn,1.473333,0.075,-0.511148,-0.497502,9.375,7.254232,1.671482,1.838377,2.38191,6.640625,5.114746,1.059778,1.312958,1.705602,4.589844,3.656128,,0.929644,1.200624,3.4,2.520208,,0.665353,0.862409,0.630052,0.420035
format_pair,mobilenet_v2/default/fp6_e2m3~default/fp8_e5m2,-42.999881,0.428,-0.496404,-0.500497,17.1875,16.213704,3.726034,4.176183,4.474218,12.5,11.462199,2.394086,2.953153,3.16914,8.59375,8.17284,,2.085725,2.245198,6.2,5.83225,,1.495038,1.607035,1.458063,0.972042
format_pair,mobilenet_v2/default/fp6_e2m3~default/int5,-33.684987,0.347,-0.504939,-0.502962,17.1875,15.282276,3.477677,3.923253,4.359188,12.109375,10.870668,2.244015,2.775105,3.087576,8.59375,7.669498,,1.96329,2.18586,6.1,5.409529,,1.404164,1.566011,1.352382,0.901588
format_pair,mobilenet_v2/default/fp6_e2m3~default/int6,3.863333,0.087,-0.506535,-0.500974,10.15625,8.347656,1.969771,2.123095,2.539284,7.03125,5.905599,1.28823,1.51335,1.810909,5.078125,4.204346,,1.084507,1.288511,3.6,2.935042,,0.767987,0.919777,0.73376,0.489174
format_pair,mobilenet_v2/default/fp6_e2m3~default/int8,6.065,0.12,-0.513467,-0.497775,11.71875,10.333008,2.494652,2.633909,2.983855,8.203125,7.291667,1.632914,1.866048,2.116139,5.859375,5.09668,,1.323271,1.496406,4.2,3.598375,,0.947376,1.075379,0.899594,0.599729
format_pair,mobilenet_v2/default/fp6_e2m3~default/log6,-45.898095,0.459,-0.497635,-0.516657,17.96875,16.312547,3.871927,4.201747,4.513871,12.5,11.618734,2.453284,2.974069,3.198924,8.789062,8.18857,,2.098742,2.257887,6.2,5.87422,,1.503854,1.62096,1.468555,0.979037
format_pair,mobilenet_v2/default/fp6_e2m3~default/log8,1.938333,0.077,-0.51954,-0.494349,9.375,7.877604,1.909107,1.991093,2.418294,6.640625,5.56014,1.268462,1.417199,1.718987,4.6875,3.845337,,0.997575,1.211025,3.4,2.715125,,0.71885,0.873928,0.678781,0.452521
format_pair,mobilenet_v2/default/fp6_e2m3~default/mxfp8_e4m3,0.515,0.074,-0.493114,-0.494349,9.375,8.092773,1.909375,2.063431,2.369908,6.640625,5.730143,1.256889,1.46898,1.687939,4.6875,4.064535,,1.040365,1.196551,3.4,2.938417,,0.746086,0.859395,0.734604,0.489736
format_pair,mobilenet_v2/default/fp6_e2m3~default/posit6_es1,-47.445981,0.477,-0.493874,-0.527085,17.96875,16.190883,3.817079,4.1673,4.516053,12.5,11.501259,2.558064,2.947733,3.200089,8.59375,8.109047,,2.079501,2.258888,6.1,5.880502,,1.491224,1.620589,1.470125,0.980084
format_pair,mobilenet_v2/default/fp6_e2m3~default/posit8_es1,6.156667,0.109,-0.514511,-0.491926,10.9375,9.563965,2.39411,2.441128,2.8303,7.8125,6.77124,1.559233,1.73029,2.007376,5.46875,4.790771,,1.224794,1.415908,4.0,3.308542,,0.880476,1.023597,0.827135,0.551424
format_pair,mobilenet_v2/default/fp6_e2m3~default/q1_6,5.965,0.117,-0.510881,-0.497775,11.71875,10.289714,2.532231,2.63877,2.93975,8.203125,7.24707,1.663276,1.870825,2.086181,5.859375,5.165039,,1.324425,1.474539,4.2,3.580667,,0.947483,1.059429,0.895167,0.596778
recipe_pair,mobilenet_v2/default/fp6_e2m3~minimal/fp6_e2m3,0.395952,0.133,-0.514596,-0.499667,12.5,10.901042,2.672028,2.762309,3.195622,8.984375,7.663493,1.851166,1.960796,2.27148,6.25,5.428246,,1.383492,1.606806,4.5,3.769179,,0.9931,1.152732,0.942295,0.628196
format_pair,mobilenet_v2/default/fp6_e3m2~default/fp7_e3m3,46.7625,0.474,-0.5055,-0.490183,17.1875,16.475749,4.000411,4.239125,4.49292,12.5,11.74113,2.742934,2.997299,3.18207,8.789062,8.20461,,2.113784,2.248225,6.3,5.843625,,1.517543,1.614175,1.460906,0.973937
format_pair,mobilenet_v2/default/fp6_e3m2~default/fp8_e4m3fn,46.845833,0.482,-0.500274,-0.490183,17.1875,16.466471,3.953954,4.237853,4.516918,12.5,11.684326,2.709484,2.99636,3.199684,8.789062,8.239543,,2.115564,2.261248,6.3,5.892812,,1.51616,1.621653,1.473203,0.982135
format_pair,mobilenet_v2/default/fp6_e3m2~default/fp8_e5m2,2.372619,0.091,-0.506548,-0.482398,10.15625,8.798177,2.086578,2.250469,2.620941,7.421875,6.234782,1.479269,1.589736,1.857764,5.178223,4.411214,,1.127837,1.317824,3.8,3.099923,,0.812071,0.948889,0.774981,0.516654
format_pair,mobilenet_v2/default/fp6_e3m2~default/int5,11.687513,0.176,-0.506317,-0.483746,13.28125,10.963249,2.743152,2.821513,3.514765,9.765625,7.788825,1.917712,1.9993,2.495956,7.03125,5.519456,,1.416001,1.774874,4.9,3.862589,,1.014158,1.267375,0.965647,0.643765
format_pair,mobilenet_v2/default/fp6_e3m2~default/int6,49.235833,0.498,-0.507443,-0.493549,17.1875,16.511719,3.932229,4.246666,4.453914,12.5,11.727946,2.622018,3.003151,3.154496,8.59375,8.273987,,2.120729,2.230473,6.3,5.811292,,1.520034,1.5998,1.452823,0.968549
format_pair,mobilenet_v2/default/fp6_e3m2~default/int8,51.4375,0.525,-0.502957,-0.514961,17.96875,16.973796,4.027615,4.374462,4.540802,12.5,12.101196,2.665329,3.093633,3.215745,8.88916,8.54071,,2.184384,2.272378,6.2,6.034875,,1.56526,1.630702,1.508719,1.005812
format_pair,mobilenet_v2/default/fp6_e3m2~default/log6,-0.525595,0.08,-0.479857,-0.471687,9.375,8.21696,2.134468,2.108417,2.470171,7.03125,5.829776,1.359762,1.498493,1.757737,4.882812,4.11184,,1.060804,1.24802,3.6,3.081937,,0.76369,0.894427,0.770484,0.513656
format_pair,mobilenet_v2/default/fp6_e3m2~default/log8,47.310833,0.486,-0.50998,-0.509626,17.96875,16.666992,4.020801,4.290887,4.551667,12.5,11.850789,2.673383,3.033396,3.221115,8.793945,8.338135,,2.141638,2.27515,6.3,5.837125,,1.535659,1.63394,1.459281,0.972854
format_pair,mobilenet_v2/default/fp6_e3m2~default/mxfp8_e4m3,45.8875,0.465,-0.509261,-0.500497,17.1875,16.547526,3.810995,4.274331,4.47492,12.5,11.817301,2.571279,3.022215,3.168599,8.59375,8.345866,,2.133917,2.239124,6.2,5.797083,,1.528369,1.60616,1.449271,0.966181
format_pair,mobilenet_v2/default/fp6_e3m2~default/posit6_es1,-2.073481,0.09,-0.506241,-0.477496,10.15625,8.541897,2.10224,2.164353,2.62235,7.03125,5.962335,1.407793,1.535669,1.863909,5.078125,4.247906,,1.085139,1.31148,3.8,3.005064,,0.780768,0.946573,0.751266,0.500844
format_pair,mobilenet_v2/default/fp6_e3m2~default/posit8_es1,51.529167,0.524,-0.5026,-0.516657,17.96875,16.736572,4.034608,4.311462,4.539718,12.5,11.921794,2.720538,3.049698,3.216627,8.789062,8.422567,,2.153056,2.273156,6.2,5.953417,,1.54328,1.630754,1.488354,0.992236
format_pair,mobilenet_v2/default/fp6_e3m2~default/q1_6,51.3375,0.528,-0.5006,-0.508054,17.96875,17.058919,3.969332,4.389491,4.541919,12.5,12.157837,2.603092,3.105736,3.218837,8.886719,8.569763,,2.192642,2.274527,6.3,6.100854,,1.570138,1.630509,1.525214,1.016809
recipe_pair,mobilenet_v2/default/fp6_e3m2~minimal/fp6_e3m2,21.749167,0.319,-0.495948,-0.492846,17.96875,16.341715,4.053469,4.206332,4.571624,12.5,11.650391,2.922374,2.972746,3.23783,8.984375,8.250651,,2.107574,2.29361,6.5,5.897729,,1.505842,1.643651,1.474432,0.982955
format_pair,mobilenet_v2/default/fp7_e3m3~default/fp8_e4m3fn,0.083333,0.04,-0.487179,-0.494173,7.03125,5.078125,1.179205,1.302367,1.722811,4.6875,3.613281,0.818817,0.935744,1.236515,3.515625,2.571818,,0.667287,0.892006,2.5,1.866875,,0.474132,0.632171,0.466719,0.311146
format_pair,mobilenet_v2/default/fp7_e3m3~default/fp8_e5m2,-44.389881,0.441,-0.515005,-0.50738,17.1875,16.40625,3.832322,4.219638,4.446547,12.5,11.644764,2.554917,2.981739,3.147851,8.59375,8.235942,,2.106013,2.228836,6.1025,5.669637,,1.510937,1.59762,1.417409,0.944939
format_pair,mobilenet_v2/default/fp7_e3m3~default/int5,-35.074987,0.366,-0.495482,-0.500497,17.1875,15.543954,3.609219,3.993772,4.415357,12.5,11.033109,2.376453,2.82259,3.128068,8.59375,7.749137,,1.995553,2.21321,6.2,5.63218,,1.429413,1.586682,1.408045,0.938697
format_pair,mobilenet_v2/default/fp7_e3m3~default/int6,2.473333,0.084,-0.485651,-0.506849,10.15625,8.465983,1.998669,2.18056,2.525201,7.03125,6.041992,1.298832,1.547641,1.790779,4.882812,4.292887,,1.098203,1.268561,3.6,3.125125,,0.784693,0.911592,0.781281,0.520854
format_pair,mobilenet_v2/default/fp7_e3m3~default/int8,4.675,0.107,-0.497651,-0.491926,10.9375,10.15625,2.367294,2.598371,2.840276,7.8125,7.161458,1.652999,1.843383,2.019926,5.46875,5.110677,,1.305819,1.428542,4.0,3.641875,,0.933438,1.023675,0.910469,0.606979
format_pair,mobilenet_v2/default/fp7_e3m3~default/log6,-47.288095,0.48,-0.49524,-0.516657,17.96875,16.638835,3.98585,4.279308,4.545374,12.5,11.85548,2.623713,3.026425,3.221006,8.789062,8.354329,,2.135726,2.272402,6.2,6.025107,,1.53178,1.632654,1.506277,1.004185
format_pair,mobilenet_v2/default/fp7_e3m3~default/log8,0.548333,0.072,-0.4959,-0.504749,9.375,7.812826,1.88285,2.006131,2.348501,6.25,5.548177,1.330034,1.430031,1.669721,4.49707,3.955892,,1.010259,1.180116,3.3,2.8135,,0.72202,0.848316,0.703375,0.468917
format_pair,mobilenet_v2/default/fp7_e3m3~default/mxfp8_e4m3,-0.875,0.067,-0.505542,-0.518274,9.375,8.072917,1.911023,2.063156,2.251497,6.25,5.762939,1.312499,1.467679,1.603541,4.492188,4.045207,,1.042647,1.137405,3.2,2.858542,,0.745821,0.818236,0.714635,0.476424
format_pair,mobilenet_v2/default/fp7_e3m3~default/posit6_es1,-48.835981,0.494,-0.488469,-0.500497,17.1875,16.356797,3.888588,4.220711,4.505898,12.5,11.647583,2.68914,2.984484,3.192106,8.59375,8.226659,,2.105532,2.254574,6.2,6.011343,,1.510935,1.61764,1.502836,1.00189
format_pair,mobilenet_v2/default/fp7_e3m3~default/posit8_es1,4.766667,0.098,-0.507405,-0.468389,10.15625,9.571126,2.21434,2.429954,2.71182,7.421875,6.738281,1.5234,1.72462,1.929008,5.273438,4.696452,,1.215808,1.357105,3.9,3.383333,,0.873602,0.979204,0.845833,0.563889
format_pair,mobilenet_v2/default/fp7_e3m3~default/q1_6,4.575,0.112,-0.516604,-0.495801,11.328125,10.546875,2.481816,2.683995,2.910182,8.203125,7.421875,1.737066,1.9042,2.070186,5.76416,5.242513,,1.346435,1.46029,4.1,3.633333,,0.961224,1.046422,0.908333,0.605556
recipe_pair,mobilenet_v2/default/fp7_e3m3~minimal/fp7_e3m3,-1.041667,0.108,-0.486739,-0.475948,10.9375,10.419922,2.44271,2.684133,2.874019,7.8125,7.490234,1.61229,1.905941,2.046897,5.664062,5.266113,,1.348339,1.446063,4.1,3.850417,,0.964969,1.039154,0.962604,0.641736
format_pair,mobilenet_v2/default/fp8_e4m3fn~default/fp8_e5m2,-44.473214,0.451,-0.507172,-0.497131,17.1875,16.371094,3.811641,4.219167,4.48939,12.5,11.644694,2.489387,2.982079,3.180556,8.789062,8.272827,,2.107476,2.252827,6.2,5.751435,,1.510048,1.612548,1.437859,0.958572
format_pair,mobilenet_v2/default/fp8_e4m3fn~default/int5,-35.15832,0.374,-0.502654,-0.500497,17.1875,15.462971,3.543411,3.970504,4.450244,12.5,11.007528,2.316017,2.805759,3.151996,8.59375,7.760702,,1.985644,2.232121,6.2,5.503628,,1.421143,1.59895,1.375907,0.917271
format_pair,mobilenet_v2/default/fp8_e4m3fn~default/int6,2.39,0.084,-0.495236,-0.518771,10.15625,8.256185,2.018689,2.127834,2.52932,7.03125,5.983073,1.31141,1.519685,1.804694,4.882812,4.204834,,1.077852,1.279796,3.5025,2.991875,,0.766382,0.913367,0.747969,0.498646
format_pair,mobilenet_v2/default/fp8_e4m3fn~default/int8,4.591667,0.109,-0.499254,-0.491793,10.9375,10.026042,2.386365,2.566639,2.868255,7.8125,7.031657,1.520111,1.823039,2.038288,5.473633,5.046387,,1.291803,1.441276,4.0,3.575208,,0.924125,1.035949,0.893802,0.595868
format_pair,mobilenet_v2/default/fp8_e4m3fn~default/log6,-47.371429,0.486,-0.497356,-0.509709,17.96875,16.53776,3.963754,4.260839,4.550159,12.5,11.738909,2.571007,3.013768,3.224325,8.789062,8.29548,,2.128724,2.275216,6.3,5.953887,,1.524647,1.63394,1.488472,0.992314
format_pair,mobilenet_v2/default/fp8_e4m3fn~default/log8,0.465,0.074,-0.502529,-0.494349,9.375,7.685547,1.911413,1.974395,2.372097,6.640625,5.469564,1.351275,1.412423,1.695607,4.6875,3.873698,,0.996161,1.19777,3.4,2.732,,0.712425,0.860233,0.683,0.455333
format_pair,mobilenet_v2/default/fp8_e4m3fn~default/mxfp8_e4m3,-0.958333,0.063,-0.490724,-0.500497,8.59375,7.555339,1.822443,1.931416,2.181507,6.25,5.371908,1.245837,1.377255,1.560264,4.296875,3.809408,,0.980352,1.110564,3.1,2.758542,,0.699743,0.79266,0.689635,0.459757
format_pair,mobilenet_v2/default/fp8_e4m3fn~default/posit6_es1,-48.919314,0.5,-0.498748,-0.500497,17.1875,16.307794,3.823668,4.200178,4.507499,12.5,11.567429,2.584172,2.969303,3.19322,8.59375,8.219244,,2.096764,2.255136,6.2,5.841286,,1.502984,1.618197,1.460322,0.973548
format_pair,mobilenet_v2/default/fp8_e4m3fn~default/posit8_es1,4.683333,0.096,-0.495943,-0.512223,10.9375,9.114583,2.17309,2.322414,2.685967,7.421875,6.44694,1.377868,1.652792,1.914561,5.273438,4.557292,,1.168332,1.349311,3.8,3.291875,,0.836171,0.971597,0.822969,0.548646
format_pair,mobilenet_v2/default/fp8_e4m3fn~default/q1_6,4.491667,0.11,-0.497486,-0.475948,10.9375,10.286458,2.466832,2.627213,2.8835,7.8125,7.229004,1.596134,1.868447,2.054172,5.664062,5.184733,,1.319148,1.448437,4.1,3.68375,,0.943372,1.039538,0.920937,0.613958
recipe_pair,mobilenet_v2/default/fp8_e4m3fn~minimal/fp8_e4m3fn,-1.025,0.12,-0.487843,-0.484308,11.71875,10.416667,2.434425,2.668821,3.025924,8.59375,7.421875,1.66481,1.896159,2.152842,5.859375,5.241292,,1.345513,1.520405,4.4,3.833958,,0.959931,1.094989,0.95849,0.638993
format_pair,mobilenet_v2/default/fp8_e5m2~default/int5,9.314894,0.161,-0.485257,-0.49101,13.28125,10.806691,2.678803,2.784463,3.427776,9.375,7.726361,1.85912,1.964869,2.428013,6.835938,5.470773,,1.39327,1.730894,4.8,3.99746,,0.998899,1.234305,0.999365,0.666243
format_pair,mobilenet_v2/default/fp8_e5m2~default/int6,46.863214,0.467,-0.501645,-0.507558,17.1875,16.472982,3.83561,4.243164,4.439774,12.5,11.706868,2.489225,2.999504,3.145101,8.59375,8.267253,,2.119953,2.228031,6.1,5.873565,,1.519513,1.59524,1.468391,0.978928
format_pair,mobilenet_v2/default/fp8_e5m2~default/int8,49.064881,0.498,-0.49843,-0.506417,17.96875,16.928711,3.91737,4.378472,4.569945,12.5,12.097005,2.506848,3.095849,3.238675,8.984375,8.557998,,2.186893,2.293136,6.3,6.07678,,1.567029,1.641694,1.519195,1.012797
format_pair,mobilenet_v2/default/fp8_e5m2~default/log6,-2.898214,0.115,-0.517144,-0.482883,11.328125,9.846029,2.350119,2.529605,2.958037,8.203125,7.005731,1.656431,1.79561,2.102477,5.859375,4.933262,,1.272094,1.481247,4.2,3.390872,,0.913958,1.06789,0.847718,0.565145
format_pair,mobilenet_v2/default/fp8_e5m2~default/log8,44.938214,0.455,-0.50868,-0.490183,17.1875,16.499698,3.878158,4.254571,4.524826,12.5,11.75529,2.52667,3.007509,3.202701,8.789062,8.309062,,2.125228,2.266545,6.3,5.786542,,1.522879,1.624903,1.446635,0.964424
format_pair,mobilenet_v2/default/fp8_e5m2~default/mxfp8_e4m3,43.514881,0.434,-0.507599,-0.500497,17.1875,16.536458,3.725657,4.250057,4.440308,12.5,11.734468,2.395148,3.00358,3.143626,8.59375,8.293288,,2.122383,2.225356,6.2,5.814417,,1.520554,1.59444,1.453604,0.969069
format_pair,mobilenet_v2/default/fp8_e5m2~default/posit6_es1,-4.4461,0.111,-0.510388,-0.48301,10.9375,9.368559,2.223536,2.373926,2.885425,8.203125,6.647591,1.499235,1.686846,2.058663,5.664062,4.683997,,1.194076,1.450527,4.1,3.276421,,0.856768,1.041148,0.819105,0.54607
format_pair,mobilenet_v2/default/fp8_e5m2~default/posit8_es1,49.156548,0.493,-0.500465,-0.509709,17.96875,16.746908,3.912694,4.310866,4.534427,12.5,11.880952,2.529105,3.048502,3.213228,8.789062,8.415649,,2.15344,2.274635,6.3,5.981339,,1.543594,1.629328,1.495335,0.99689
format_pair,mobilenet_v2/default/fp8_e5m2~default/q1_6,48.964881,0.499,-0.507377,-0.499579,17.96875,16.993815,3.898263,4.383687,4.555163,12.5,12.109375,2.475808,3.10091,3.229715,8.984375,8.523865,,2.189998,2.287077,6.4,5.986298,,1.568562,1.635968,1.496574,0.997716
recipe_pair,mobilenet_v2/default/fp8_e5m2~minimal/fp8_e5m2,18.706944,0.305,-0.487122,-0.492846,17.96875,16.20638,3.864022,4.182597,4.584541,12.5,11.511353,2.772337,2.955948,3.247742,8.984375,8.165918,,2.088066,2.300223,6.5,5.965776,,1.498239,1.647759,1.491444,0.994296
format_pair,mobilenet_v2/default/int5~default/int6,37.54832,0.394,-0.501486,-0.490183,17.1875,15.686095,3.712012,4.042902,4.476627,12.5,11.167806,2.33687,2.859632,3.173175,8.789062,7.895857,,2.023188,2.244351,6.3,5.592646,,1.4471,1.60803,1.398162,0.932108
format_pair,mobilenet_v2/default/int5~default/int8,39.749987,0.415,-0.499361,-0.506417,17.96875,16.288758,3.830108,4.19721,4.545649,12.5,11.566578,2.35266,2.96751,3.220498,8.984375,8.161115,,2.095555,2.276606,6.3,5.840303,,1.501716,1.633325,1.460076,0.973384
format_pair,mobilenet_v2/default/int5~default/log6,-12.213109,0.176,-0.496781,-0.487707,13.671875,11.773121,2.844346,3.012951,3.514092,9.765625,8.339518,1.893114,2.133841,2.492614,7.03125,5.93797,,1.51667,1.769161,5.0,4.233193,,1.082908,1.267375,1.058298,0.705532
format_pair,mobilenet_v2/default/int5~default/log8,35.62332,0.374,-0.505437,-0.497131,17.1875,15.655741,3.720196,4.027441,4.451015,12.5,11.15316,2.333819,2.848819,3.155183,8.789062,7.881793,,2.014142,2.232269,6.2,5.532124,,1.441622,1.59895,1.383031,0.922021
format_pair,mobilenet_v2/default/int5~default/mxfp8_e4m3,34.199987,0.367,-0.501929,-0.493838,17.1875,15.52313,3.564642,3.987288,4.466833,12.5,11.010314,2.271494,2.819388,3.163575,8.984375,7.799679,,1.99573,2.239038,6.2,5.52544,,1.426597,1.604491,1.38136,0.920907
format_pair,mobilenet_v2/default/int5~default/posit6_es1,-13.760994,0.2,-0.505709,-0.50438,14.84375,11.550946,2.888792,2.961943,3.718327,10.15625,8.180976,1.906137,2.093653,2.637739,7.421875,5.783046,,1.486498,1.865676,5.2,4.07897,,1.063817,1.338895,1.019742,0.679828
format_pair,mobilenet_v2/default/int5~default/posit8_es1,39.841653,0.414,-0.502333,-0.48689,17.1875,16.053351,3.81389,4.132067,4.54019,12.5,11.385828,2.430048,2.922144,3.216718,8.984375,8.06552,,2.064415,2.272533,6.3,5.7089,,1.478862,1.632618,1.427225,0.951483
format_pair,mobilenet_v2/default/int5~default/q1_6,39.649987,0.418,-0.507108,-0.506417,17.96875,16.260681,3.827192,4.193101,4.551843,12.5,11.545211,2.351088,2.965275,3.224362,8.984375,8.174097,,2.094368,2.279823,6.3,5.720361,,1.500076,1.635408,1.43009,0.953393
recipe_pair,mobilenet_v2/default/int5~minimal/int5,-1.08418,0.278,-0.500017,-0.493912,17.96875,16.146551,3.889054,4.14032,4.640877,12.890625,11.432087,2.599523,2.934061,3.291601,9.179688,8.153048,,2.081176,2.337022,6.5025,5.759453,,1.481794,1.667285,1.439863,0.959909
format_pair,mobilenet_v2/default/int6~default/int8,2.201667,0.081,-0.496569,-0.463626,9.375,8.789062,2.029213,2.232667,2.480968,6.650391,6.186523,1.354627,1.578625,1.761654,4.882812,4.37854,,1.110937,1.239546,3.6,3.168583,,0.806488,0.898393,0.792146,0.528097
format_pair,mobilenet_v2/default/int6~default/log6,-49.761429,0.502,-0.497346,-0.507558,17.1875,16.536621,3.945137,4.260571,4.488893,12.5,11.770345,2.511708,3.014272,3.180914,8.59375,8.371001,,2.129533,2.245024,6.1,5.94031,,1.525217,1.612253,1.485077,0.990052
format_pair,mobilenet_v2/default/int6~default/log8,-1.925,0.07,-0.492603,-0.524933,9.375,7.774089,1.75732,1.977897,2.301959,6.25,5.437012,1.155866,1.400429,1.63407,4.296875,3.851562,,0.986332,1.151108,3.2,2.827708,,0.712897,0.833211,0.706927,0.471285
format_pair,mobilenet_v2/default/int6~default/mxfp8_e4m3,-3.348333,0.085,-0.50271,-0.503882,10.15625,8.776693,2.040585,2.24365,2.526927,7.03125,6.280599,1.270966,1.594482,1.796392,4.980469,4.454997,,1.143447,1.279497,3.6,3.116708,,0.810081,0.9145,0.779177,0.519451
format_pair,mobilenet_v2/default/int6~default/posit6_es1,-51.309314,0.518,-0.495195,-0.500497,17.1875,16.292941,3.856127,4.191094,4.455551,12.5,11.556784,2.620927,2.963616,3.157001,8.59375,8.146984,,2.093723,2.231908,6.2,5.899991,,1.500393,1.59955,1.474998,0.983332
format_pair,mobilenet_v2/default/int6~default/posit8_es1,2.293333,0.07,-0.487606,-0.518274,9.375,7.553223,1.808286,1.957899,2.305575,6.25,5.469482,1.23064,1.390865,1.644641,4.492188,3.859456,,0.983144,1.160014,3.2,2.781792,,0.70686,0.835129,0.695448,0.463632
format_pair,mobilenet_v2/default/int6~default/q1_6,2.101667,0.082,-0.494675,-0.471687,9.375,8.723958,1.969914,2.232329,2.494828,7.03125,6.192464,1.318793,1.58145,1.77217,4.882812,4.402954,,1.108645,1.240994,3.6,3.153542,,0.80572,0.903327,0.788385,0.52559
recipe_pair,mobilenet_v2/default/int6~minimal/int6,-3.79,0.119,-0.485437,-0.494291,11.71875,10.286458,2.46981,2.641632,2.998411,8.59375,7.293294,1.635764,1.870873,2.121657,5.859375,5.158488,,1.32404,1.501759,4.3,3.80525,,0.950646,1.083139,0.951313,0.634208
format_pair,mobilenet_v2/default/int8~default/log6,-51.963095,0.527,-0.510713,-0.509709,17.96875,16.947661,4.007083,4.37776,4.556911,12.5,12.105608,2.566685,3.097498,3.229387,8.789062,8.569557,,2.186998,2.278239,6.3,5.912643,,1.566365,1.636823,1.478161,0.98544
format_pair,mobilenet_v2/default/int8~default/log8,-4.126667,0.091,-0.493038,-0.489076,10.15625,9.248047,2.184424,2.367871,2.61468,7.03125,6.53125,1.520163,1.6744,1.856719,5.078125,4.612793,,1.178391,1.299893,3.7,3.363583,,0.854108,0.945087,0.840896,0.560597
format_pair,mobilenet_v2/default/int8~default/mxfp8_e4m3,-5.55,0.112,-0.502105,-0.465483,10.9375,10.546875,2.495692,2.678643,2.89676,7.8125,7.359212,1.646784,1.89466,2.054719,5.664062,5.225016,,1.345014,1.452755,4.2,3.750417,,0.963133,1.044433,0.937604,0.625069
format_pair,mobilenet_v2/default/int8~default/posit6_es1,-53.510981,0.541,-0.495007,-0.500497,17.1875,16.724453,3.922086,4.32181,4.500674,12.5,11.880881,2.606034,3.057531,3.188958,8.59375,8.46352,,2.159209,2.253517,6.2,6.036948,,1.546568,1.616041,1.509237,1.006158
format_pair,mobilenet_v2/default/int8~default/posit8_es1,0.091667,0.037,-0.495009,-0.479172,6.269531,5.078125,1.250309,1.30732,1.650965,4.6875,3.645833,0.827619,0.936225,1.188885,3.125,2.628581,,0.666189,0.842696,2.4,1.825208,,0.482775,0.608268,0.456302,0.304201
format_pair,mobilenet_v2/default/int8~default/q1_6,-0.1,0.017,-0.436254,-0.524933,4.6875,3.515625,0.958017,0.957026,1.038353,3.125,2.734375,0.654455,0.711075,0.792904,2.148438,1.953125,,0.495706,0.556422,1.6,1.45,,0.367594,0.412201,0.3625,0.241667
recipe_pair,mobilenet_v2/default/int8~minimal/int8,-0.016667,0.023,-0.491708,-0.533528,5.46875,4.6875,1.063608,1.144772,1.25429,3.515625,3.28776,0.70478,0.825857,0.910654,2.539062,2.295329,,0.581044,0.640489,1.8,1.717083,,0.434511,0.479573,0.429271,0.286181
format_pair,mobilenet_v2/default/log6~default/log8,47.836429,0.486,-0.508952,-0.509709,17.96875,16.666992,4.046633,4.289667,4.550548,12.5,11.877941,2.63353,3.034174,3.22308,8.789062,8.413295,,2.143945,2.273685,6.3,5.837327,,1.535483,1.63394,1.459332,0.972888
format_pair,mobilenet_v2/default/log6~default/mxfp8_e4m3,46.413095,0.471,-0.507943,-0.490183,17.1875,16.666667,3.889234,4.281532,4.524754,12.5,11.812535,2.471691,3.027699,3.205568,8.789062,8.344959,,2.138855,2.261688,6.3,5.856488,,1.53168,1.624731,1.464122,0.976081
format_pair,mobilenet_v2/default/log6~default/posit6_es1,-1.547886,0.104,-0.508222,-0.481204,10.9375,9.022454,2.076311,2.311604,2.829008,7.8125,6.407743,1.446461,1.635743,2.009138,5.46875,4.510353,,1.166719,1.421184,4.1,3.17225,,0.832146,1.017841,0.793062,0.528708
format_pair,mobilenet_v2/default/log6~default/posit8_es1,52.054762,0.528,-0.510028,-0.51111,17.978516,16.733073,4.053342,4.320622,4.574004,12.890625,11.94086,2.649421,3.057656,3.241546,8.984375,8.443952,,2.159242,2.287057,6.3,5.849196,,1.546528,1.642973,1.462299,0.974866
format_pair,mobilenet_v2/default/log6~default/q1_6,51.863095,0.53,-0.499915,-0.506474,17.96875,16.959682,3.95254,4.390668,4.556539,12.504883,12.137846,2.52771,3.106975,3.229071,8.984375,8.634539,,2.193889,2.277949,6.3,6.055435,,1.570476,1.636631,1.513859,1.009239
recipe_pair,mobilenet_v2/default/log6~minimal/log6,27.154444,0.338,-0.490068,-0.492846,17.96875,16.082357,3.961902,4.132991,4.594692,12.5,11.383417,2.607724,2.929534,3.255431,8.984375,8.052219,,2.068401,2.29866,6.5,5.886113,,1.480744,1.650648,1.471528,0.981019
format_pair,mobilenet_v2/default/log8~default/mxfp8_e4m3,-1.423333,0.071,-0.508166,-0.518274,9.375,8.333333,2.003223,2.130738,2.310716,6.25,5.924479,1.313122,1.512985,1.641433,4.492188,4.154622,,1.067498,1.154727,3.2,2.934083,,0.772142,0.841612,0.733521,0.489014
format_pair,mobilenet_v2/default/log8~default/posit6_es1,-49.384314,0.498,-0.494272,-0.507558,17.1875,16.394733,3.892412,4.229208,4.490086,12.5,11.718057,2.645285,2.989578,3.179245,8.59375,8.259693,,2.111594,2.245949,6.1,5.949198,,1.513741,1.612005,1.4873,0.991533
format_pair,mobilenet_v2/default/log8~default/posit8_es1,4.218333,0.084,-0.503777,-0.506849,10.15625,8.59375,2.087264,2.220463,2.506079,7.03125,6.186117,1.411847,1.575086,1.783085,4.882812,4.298503,,1.102969,1.241638,3.6,3.06575,,0.800308,0.907744,0.766437,0.510958
format_pair,mobilenet_v2/default/log8~default/q1_6,4.026667,0.09,-0.510264,-0.496902,10.15625,9.38151,2.157962,2.403034,2.59891,7.421875,6.640625,1.449332,1.701249,1.847708,5.078125,4.645426,,1.195485,1.290084,3.7,3.290167,,0.86487,0.938424,0.822542,0.548361
recipe_pair,mobilenet_v2/default/log8~minimal/log8,-0.765,0.125,-0.49498,-0.512974,12.5,10.520833,2.566852,2.676288,3.100199,8.59375,7.461589,1.652126,1.895456,2.203188,6.25,5.278727,,1.348377,1.561104,4.3,3.807042,,0.963221,1.117672,0.95176,0.634507
format_pair,mobilenet_v2/default/mxfp8_e4m3~default/posit6_es1,-47.960981,0.487,-0.498901,-0.500497,17.1875,16.440406,3.832914,4.242057,4.504128,12.5,11.710288,2.610628,2.99943,3.190707,8.59375,8.288458,,2.118875,2.253312,6.2,5.894327,,1.517697,1.61671,1.473582,0.982388
format_pair,mobilenet_v2/default/mxfp8_e4m3~default/posit8_es1,5.641667,0.101,-0.488071,-0.48988,10.9375,9.638672,2.333841,2.470112,2.743297,7.421875,6.835938,1.499471,1.750522,1.946357,5.275879,4.842733,,1.244627,1.373339,4.0,3.542083,,0.88843,0.990914,0.885521,0.590347
format_pair,mobilenet_v2/default/mxfp8_e4m3~default/q1_6,5.45,0.111,-0.496336,-0.469058,10.9375,10.483398,2.492051,2.670129,2.882225,8.007812,7.421875,1.640572,1.892811,2.048461,5.664062,5.176188,,1.340155,1.444026,4.2,3.800417,,0.958497,1.038032,0.950104,0.633403
recipe_pair,mobilenet_v2/default/mxfp8_e4m3~minimal/mxfp8_e4m3,-1.525,0.123,-0.509995,-0.510182,12.5,11.07015,2.570127,2.838781,3.075308,8.59375,7.845052,1.723276,2.008472,2.180397,5.957031,5.526326,,1.425896,1.548961,4.4,3.875417,,1.019275,1.10775,0.968854,0.645903
format_pair,mobilenet_v2/default/posit6_es1~default/posit8_es1,53.602648,0.54,-0.493499,-0.497131,17.1875,16.528917,3.910202,4.263563,4.500971,12.5,11.735048,2.655605,3.015632,3.189015,8.789062,8.327511,,2.129164,2.253371,6.2,5.995114,,1.526356,1.616218,1.498779,0.999186
format_pair,mobilenet_v2/default/posit6_es1~default/q1_6,53.410981,0.544,-0.496974,-0.497131,17.1875,16.764686,3.857851,4.326481,4.499383,12.5,11.919515,2.550602,3.060883,3.188152,8.789062,8.44567,,2.161297,2.252751,6.2,6.035206,,1.54787,1.615475,1.508802,1.005868
format_pair,mobilenet_v2/default/posit8_es1~default/q1_6,-0.191667,0.034,-0.502467,-0.496283,6.25,5.240885,1.317006,1.328258,1.575305,4.6875,3.792318,0.868278,0.954675,1.140027,3.125,2.669271,,0.678602,0.810704,2.3,1.866875,,0.487902,0.582958,0.466719,0.311146
recipe_pair,mobilenet_v2/default/q1_6~minimal/q1_6,0.083333,0.022,-0.478229,-0.539403,5.46875,4.6875,1.042278,1.131497,1.224405,3.515625,3.190104,0.709857,0.815912,0.893748,2.441406,2.246094,,0.571139,0.626621,1.8,1.766667,,0.426755,0.468999,0.441667,0.294444
format_pair,mobilenet_v2/minimal/bfp6~minimal/fp5_e2m2,-21.935,0.275,-0.50005,-0.488402,16.40625,14.535319,3.45297,3.734177,4.250543,11.71875,10.28068,2.428148,2.645254,3.021007,8.398438,7.287272,,1.883277,2.145175,6.0,5.195333,,1.338008,1.529023,1.298833,0.865889
format_pair,mobilenet_v2/minimal/bfp6~minimal/fp6_e2m3,3.647619,0.144,-0.512811,-0.471703,12.5,12.013346,2.858026,3.08918,3.315107,8.984375,8.594564,1.993718,2.185509,2.346391,6.640625,6.039167,,1.548293,1.664292,4.7,4.181577,,1.107644,1.193315,1.045394,0.69693
format_pair,mobilenet_v2/minimal/bfp6~minimal/fp6_e3m2,-20.371667,0.277,-0.483308,-0.499885,17.1875,15.027181,3.651442,3.849041,4.302488,11.71875,10.593831,2.625925,2.721929,3.049866,8.498535,7.518433,,1.925821,2.161823,6.1,5.580125,,1.379183,1.548389,1.395031,0.930021
format_pair,mobilenet_v2/minimal/bfp6~minimal/fp7_e3m3,3.6,0.146,-0.502461,-0.476175,12.5,11.979167,2.855393,3.068614,3.326994,8.984375,8.528646,1.968031,2.170818,2.358786,6.445312,5.973714,,1.534744,1.669474,4.7,4.275208,,1.104188,1.200267,1.068802,0.712535
format_pair,mobilenet_v2/minimal/bfp6~minimal/fp8_e4m3fn,3.7,0.128,-0.491313,-0.474641,11.71875,11.588542,2.797603,2.939045,3.104608,8.59375,8.171794,1.949792,2.084477,2.207792,6.25,5.794678,,1.477771,1.563965,4.4,4.225833,,1.058333,1.122782,1.056458,0.704306
format_pair,mobilenet_v2/minimal/bfp6~minimal/fp8_e5m2,-21.04127,0.276,-0.489237,-0.488402,16.40625,15.228841,3.675272,3.93971,4.274667,11.71875,10.884657,2.407657,2.789539,3.036562,8.398438,7.635624,,1.967739,2.144794,6.0,5.599815,,1.410517,1.536229,1.399954,0.933303
format_pair,mobilenet_v2/minimal/bfp6~minimal/int5,-31.5175,0.356,-0.498244,-0.485005,17.207031,16.733398,4.071717,4.298407,4.572517,12.890625,11.825358,2.775735,3.040495,3.239222,8.984375,8.387044,,2.154446,2.295378,6.4,6.004771,,1.538122,1.64184,1.501193,1.000795
format_pair,mobilenet_v2/minimal/bfp6~minimal/int6,3.325,0.137,-0.513611,-0.499426,12.5,12.109375,2.86101,3.103648,3.222248,8.984375,8.529867,1.895634,2.19604,2.282118,6.25,6.12854,,1.559728,1.623981,4.5025,4.175833,,1.117903,1.164607,1.043958,0.695972
format_pair,mobilenet_v2/minimal/bfp6~minimal/int8,9.3,0.156,-0.505116,-0.504495,13.28125,12.630208,3.191288,3.244326,3.36222,9.375,8.984375,2.108712,2.298367,2.386535,6.640625,6.348063,,1.620543,1.68552,4.7,4.466667,,1.165658,1.211544,1.116667,0.744444
format_pair,mobilenet_v2/minimal/bfp6~minimal/log6,-15.491984,0.25,-0.494849,-0.506648,16.40625,14.193034,3.524141,3.671571,4.173953,11.71875,10.104628,2.180054,2.598817,2.958032,8.203125,7.150096,,1.840774,2.104701,5.8,5.136792,,1.315486,1.50012,1.284198,0.856132
format_pair,mobilenet_v2/minimal/bfp6~minimal/log8,4.425,0.153,-0.49987,-0.495352,13.28125,12.5,3.069878,3.1796,3.411841,9.375,8.838704,2.045185,2.249394,2.421834,6.640625,6.242879,,1.593952,1.716079,4.8,4.475208,,1.14163,1.228719,1.118802,0.745868
format_pair,mobilenet_v2/minimal/bfp6~minimal/mxfp6_e3m2,-21.056429,0.266,-0.500076,-0.506648,16.40625,15.236816,3.736508,3.908381,4.168313,11.71875,10.763044,2.424031,2.767407,2.952558,8.203125,7.637556,,1.961734,2.094062,5.8,5.443768,,1.399595,1.497945,1.360942,0.907295
format_pair,mobilenet_v2/minimal/bfp6~minimal/mxfp8_e4m3,2.241667,0.142,-0.486981,-0.481042,12.5,11.588542,2.887496,2.972665,3.300203,8.984375,8.25236,1.892578,2.104729,2.337279,6.640625,5.851847,,1.496401,1.672011,4.6,4.267708,,1.068848,1.189218,1.066927,0.711285
format_pair,mobilenet_v2/minimal/bfp6~minimal/q1_6,9.3,0.156,-0.505116,-0.504495,13.28125,12.630208,3.191288,3.244326,3.36222,9.375,8.984375,2.108712,2.298367,2.386535,6.640625,6.348063,,1.620543,1.68552,4.7,4.466667,,1.165658,1.211544,1.116667,0.744444
format_pair,mobilenet_v2/minimal/fp5_e2m2~minimal/fp6_e2m3,25.582619,0.301,-0.507866,-0.506319,17.1875,14.624186,3.387201,3.763514,4.331107,12.109375,10.358561,2.222264,2.663963,3.075754,8.40332,7.351138,,1.892167,2.184563,6.1,5.131679,,1.34659,1.555477,1.28292,0.85528
format_pair,mobilenet_v2/minimal/fp5_e2m2~minimal/fp6_e3m2,1.563333,0.176,-0.489192,-0.480629,14.0625,11.772135,2.875117,3.037382,3.674735,10.15625,8.442383,1.921003,2.155017,2.61509,7.421875,5.951131,,1.534324,1.864566,5.2,4.321792,,1.090622,1.326273,1.080448,0.720299
format_pair,mobilenet_v2/minimal/fp5_e2m2~minimal/fp7_e3m3,25.535,0.301,-0.495591,-0.51014,17.1875,14.453451,3.233433,3.708417,4.317616,12.109375,10.245605,2.237409,2.621051,3.064841,8.59375,7.197754,,1.858688,2.175558,6.0,5.235375,,1.326098,1.549164,1.308844,0.872563
format_pair,mobilenet_v2/minimal/fp5_e2m2~minimal/fp8_e4m3fn,25.635,0.299,-0.498887,-0.507106,17.1875,14.408691,3.338662,3.696364,4.297521,11.71875,10.212158,2.286563,2.615655,3.051854,8.496094,7.266561,,1.862462,2.168608,6.0,5.156917,,1.321769,1.542696,1.289229,0.859486
format_pair,mobilenet_v2/minimal/fp5_e2m2~minimal/fp8_e5m2,0.89373,0.245,-0.516857,-0.51014,17.1875,14.389648,3.462263,3.714067,4.349642,12.109375,10.310105,2.333102,2.634941,3.096745,8.59375,7.25906,,1.857922,2.190041,6.0,4.958772,,1.332629,1.565219,1.239693,0.826462
format_pair,mobilenet_v2/minimal/fp5_e2m2~minimal/int5,-9.5825,0.263,-0.48785,-0.48689,17.1875,15.294271,3.683536,3.926671,4.437515,12.5,10.863078,2.586743,2.78102,3.150033,8.984375,7.72526,,1.984127,2.251618,6.3,5.615771,,1.407825,1.595992,1.403943,0.935962
format_pair,mobilenet_v2/minimal/fp5_e2m2~minimal/int6,25.26,0.3,-0.480283,-0.510823,17.1875,15.11377,3.568014,3.887731,4.338683,12.5,10.720052,2.497621,2.750428,3.080296,8.398438,7.609741,,1.954311,2.183634,6.1025,5.650667,,1.390963,1.55692,1.412667,0.941778
format_pair,mobilenet_v2/minimal/fp5_e2m2~minimal/int8,31.235,0.357,-0.499133,-0.489135,17.1875,15.823568,3.665652,4.07036,4.55876,12.695312,11.212891,2.384387,2.880097,3.236195,8.984375,7.964478,,2.040177,2.294692,6.3,5.663583,,1.455144,1.635845,1.415896,0.943931
format_pair,mobilenet_v2/minimal/fp5_e2m2~minimal/log6,6.443016,0.221,-0.51362,-0.485028,15.625,13.018508,3.217409,3.344979,4.116663,11.71875,9.207868,2.181215,2.372223,2.929501,8.203125,6.539824,,1.682938,2.089647,5.8025,4.506929,,1.198641,1.47978,1.126732,0.751155
format_pair,mobilenet_v2/minimal/fp5_e2m2~minimal/log8,26.36,0.308,-0.503734,-0.507558,17.1875,14.778646,3.566156,3.807796,4.377907,12.5,10.577555,2.341,2.694079,3.110681,8.59375,7.451742,,1.9099,2.205806,6.1,5.248083,,1.36131,1.570019,1.312021,0.874681
format_pair,mobilenet_v2/minimal/fp5_e2m2~minimal/mxfp6_e3m2,0.878571,0.235,-0.52674,-0.505394,17.1875,14.103841,3.359562,3.644172,4.259394,11.71875,10.083798,2.18733,2.587815,3.032061,8.59375,7.119937,,1.836199,2.158162,6.0,4.746369,,1.308926,1.532968,1.186592,0.791062
format_pair,mobilenet_v2/minimal/fp5_e2m2~minimal/mxfp8_e4m3,24.176667,0.285,-0.502466,-0.4957,16.40625,13.99821,3.358987,3.610973,4.256496,11.71875,9.997803,2.082935,2.559437,3.028519,8.398438,7.045044,,1.810678,2.143872,5.9,4.985167,,1.291763,1.527976,1.246292,0.830861
format_pair,mobilenet_v2/minimal/fp5_e2m2~minimal/q1_6,31.235,0.357,-0.499133,-0.489135,17.1875,15.823568,3.665652,4.07036,4.55876,12.695312,11.212891,2.384387,2.880097,3.236195,8.984375,7.964478,,2.040177,2.294692,6.3,5.663583,,1.455144,1.635845,1.415896,0.943931
format_pair,mobilenet_v2/minimal/fp6_e2m3~minimal/fp6_e3m2,-24.019286,0.305,-0.498103,-0.500497,17.1875,15.170898,3.622669,3.90134,4.402204,12.5,10.889486,2.476638,2.764032,3.122808,8.59375,7.641479,,1.956347,2.215099,6.2,5.464893,,1.397261,1.583386,1.366223,0.910815
format_pair,mobilenet_v2/minimal/fp6_e2m3~minimal/fp7_e3m3,-0.047619,0.066,-0.498343,-0.480052,8.59375,7.03125,1.706371,1.789447,2.235672,6.25,5.013021,1.160498,1.276345,1.600294,4.492188,3.543934,,0.902948,1.14588,3.2,2.525149,,0.64834,0.812305,0.631287,0.420858
format_pair,mobilenet_v2/minimal/fp6_e2m3~minimal/fp8_e4m3fn,0.052381,0.064,-0.49838,-0.48671,8.59375,6.901042,1.638076,1.754034,2.200436,6.25,4.916178,1.101512,1.249505,1.573024,4.296875,3.467204,,0.885387,1.117543,3.2,2.480238,,0.63359,0.7999,0.62006,0.413373
format_pair,mobilenet_v2/minimal/fp6_e2m3~minimal/fp8_e5m2,-24.688889,0.308,-0.486543,-0.500497,17.1875,15.767253,3.68407,4.061277,4.407119,12.5,11.313918,2.409724,2.877346,3.129212,8.59375,7.92072,,2.027604,2.21054,6.2,5.837677,,1.451969,1.582403,1.459419,0.972946
format_pair,mobilenet_v2/minimal/fp6_e2m3~minimal/int5,-35.165119,0.378,-0.498572,-0.487389,17.207031,16.408691,3.827408,4.225763,4.552331,12.5,11.655273,2.618395,2.989767,3.225086,8.984375,8.25685,,2.121298,2.286814,6.3,5.885804,,1.511075,1.632311,1.471451,0.980967
format_pair,mobilenet_v2/minimal/fp6_e2m3~minimal/int6,-0.322619,0.115,-0.509527,-0.504509,11.71875,10.546875,2.341045,2.683359,2.978621,8.59375,7.508487,1.577278,1.910941,2.118098,5.859375,5.262044,,1.3542,1.503311,4.2,3.702589,,0.963277,1.072339,0.925647,0.617098
format_pair,mobilenet_v2/minimal/fp6_e2m3~minimal/int8,5.652381,0.102,-0.506384,-0.495218,10.9375,10.026042,2.460082,2.553163,2.750107,7.421875,7.125477,1.600938,1.817029,1.959861,5.46875,5.027088,,1.277771,1.384321,3.9025,3.537232,,0.919429,0.994304,0.884308,0.589539
format_pair,mobilenet_v2/minimal/fp6_e2m3~minimal/log6,-19.139603,0.266,-0.495622,-0.49918,16.40625,14.25944,3.481529,3.686244,4.197027,11.71875,10.145864,2.141132,2.611577,2.976524,8.205566,7.247518,,1.851502,2.11667,5.9,5.134901,,1.31863,1.505975,1.283725,0.855817
format_pair,mobilenet_v2/minimal/fp6_e2m3~minimal/log8,0.777381,0.101,-0.494876,-0.502642,10.9375,9.179688,2.151968,2.33584,2.780452,7.8125,6.527739,1.323772,1.6627,1.982625,5.46875,4.590658,,1.180449,1.409543,3.9025,3.329256,,0.84317,1.004863,0.832314,0.554876
format_pair,mobilenet_v2/minimal/fp6_e2m3~minimal/mxfp6_e3m2,-24.704048,0.29,-0.507803,-0.499225,16.40625,14.766439,3.559559,3.800083,4.229473,11.71875,10.476074,2.415623,2.691114,2.997173,8.203125,7.430472,,1.905857,2.12415,5.9,5.183232,,1.359552,1.518104,1.295808,0.863872
format_pair,mobilenet_v2/minimal/fp6_e2m3~minimal/mxfp8_e4m3,-1.405952,0.106,-0.503502,-0.475683,10.9375,10.286458,2.37353,2.60824,2.846506,7.8125,7.206857,1.381707,1.8535,2.026386,5.664062,5.192668,,1.314487,1.439192,4.1025,3.62744,,0.936308,1.028319,0.90686,0.604573
format_pair,mobilenet_v2/minimal/fp6_e2m3~minimal/q1_6,5.652381,0.102,-0.506384,-0.495218,10.9375,10.026042,2.460082,2.553163,2.750107,7.421875,7.125477,1.600938,1.817029,1.959861,5.46875,5.027088,,1.277771,1.384321,3.9025,3.537232,,0.919429,0.994304,0.884308,0.589539
format_pair,mobilenet_v2/minimal/fp6_e3m2~minimal/fp7_e3m3,23.971667,0.301,-0.484199,-0.502962,17.1875,15.125651,3.542084,3.893945,4.35011,12.109375,10.831543,2.465827,2.753705,3.080586,8.59375,7.609578,,1.950931,2.185536,6.1,5.623792,,1.394202,1.564708,1.405948,0.937299
format_pair,mobilenet_v2/minimal/fp6_e3m2~minimal/fp8_e4m3fn,24.071667,0.297,-0.489735,-0.506406,17.1875,14.782715,3.58901,3.803571,4.311269,12.109375,10.522542,2.527894,2.690993,3.055345,8.398438,7.389852,,1.911713,2.168907,6.1,5.427708,,1.362113,1.551873,1.356927,0.904618
format_pair,mobilenet_v2/minimal/fp6_e3m2~minimal/fp8_e5m2,-0.669603,0.215,-0.491851,-0.495546,15.625,13.710837,3.234076,3.523013,4.073604,11.328125,9.808582,2.210209,2.494117,2.892048,8.203125,6.933652,,1.767044,2.050191,5.6,4.998095,,1.262659,1.466121,1.249524,0.833016
format_pair,mobilenet_v2/minimal/fp6_e3m2~minimal/int5,-11.145833,0.237,-0.512583,-0.497452,16.40625,14.45459,3.416426,3.706703,4.195566,11.71875,10.321818,2.361026,2.623922,2.976863,8.300781,7.276855,,1.868829,2.115742,5.9,5.028333,,1.326697,1.505985,1.257083,0.838056
format_pair,mobilenet_v2/minimal/fp6_e3m2~minimal/int6,23.696667,0.298,-0.510984,-0.502962,17.1875,15.575846,3.619638,4.005317,4.354724,12.109375,11.062419,2.382971,2.829636,3.083317,8.59375,7.792643,,2.011865,2.192409,6.1,5.44025,,1.433665,1.565567,1.360063,0.906708
format_pair,mobilenet_v2/minimal/fp6_e3m2~minimal/int8,29.671667,0.349,-0.495072,-0.480052,17.1875,16.212565,3.799846,4.175464,4.533341,12.5,11.531576,2.54514,2.950841,3.209214,8.984375,8.163859,,2.087345,2.27323,6.4,5.86375,,1.493174,1.629353,1.465937,0.977292
format_pair,mobilenet_v2/minimal/fp6_e3m2~minimal/log6,4.879683,0.203,-0.491524,-0.497775,15.625,12.957357,3.139431,3.315155,3.942677,10.9375,9.124202,2.084233,2.347352,2.795683,7.8125,6.529266,,1.67397,1.99606,5.6,4.707942,,1.189055,1.420475,1.176986,0.784657
format_pair,mobilenet_v2/minimal/fp6_e3m2~minimal/log8,24.796667,0.294,-0.490801,-0.501659,17.1875,15.234375,3.606231,3.904827,4.284782,11.71875,10.768392,2.446621,2.762329,3.038957,8.398438,7.56132,,1.954136,2.151268,6.1,5.580583,,1.39757,1.540636,1.395146,0.930097
format_pair,mobilenet_v2/minimal/fp6_e3m2~minimal/mxfp6_e3m2,-0.684762,0.229,-0.506194,-0.4957,16.40625,13.960124,3.306695,3.562146,4.207698,11.71875,9.914539,2.332915,2.533307,2.992164,8.398438,7.038109,,1.805681,2.13286,5.9,4.916899,,1.27715,1.512875,1.229225,0.819483
format_pair,mobilenet_v2/minimal/fp6_e3m2~minimal/mxfp8_e4m3,22.613333,0.271,-0.485843,-0.499225,16.40625,14.519043,3.539184,3.72495,4.158841,11.71875,10.343099,2.373955,2.636821,2.949569,8.203125,7.279053,,1.86237,2.083798,5.9,5.374958,,1.333076,1.496366,1.34374,0.895826
format_pair,mobilenet_v2/minimal/fp6_e3m2~minimal/q1_6,29.671667,0.349,-0.495072,-0.480052,17.1875,16.212565,3.799846,4.175464,4.533341,12.5,11.531576,2.54514,2.950841,3.209214,8.984375,8.163859,,2.087345,2.27323,6.4,5.86375,,1.493174,1.629353,1.465937,0.977292
format_pair,mobilenet_v2/minimal/fp7_e3m3~minimal/fp8_e4m3fn,0.1,0.042,-0.481582,-0.505759,7.03125,5.078125,1.26627,1.291854,1.760222,5.078125,3.58195,0.852754,0.921885,1.264561,3.515625,2.547201,,0.660076,0.90256,2.5,1.891875,,0.47104,0.648074,0.472969,0.315312
format_pair,mobilenet_v2/minimal/fp7_e3m3~minimal/fp8_e5m2,-24.64127,0.314,-0.487635,-0.493549,17.1875,15.691243,3.650941,4.048146,4.438967,12.5,11.174878,2.428271,2.865344,3.150021,8.59375,7.938618,,2.019899,2.226011,6.3,5.766304,,1.449291,1.595193,1.441576,0.961051
format_pair,mobilenet_v2/minimal/fp7_e3m3~minimal/int5,-35.1175,0.384,-0.487856,-0.499579,17.96875,16.471354,3.853888,4.231026,4.576735,12.5,11.680094,2.572275,2.991971,3.24025,8.984375,8.264364,,2.118405,2.297818,6.4,6.058563,,1.513384,1.642425,1.514641,1.00976
format_pair,mobilenet_v2/minimal/fp7_e3m3~minimal/int6,-0.275,0.105,-0.483223,-0.48667,10.9375,9.964193,2.214325,2.567438,2.840966,7.8125,7.097168,1.490898,1.830079,2.027177,5.664062,5.070394,,1.30059,1.440356,4.0,3.691875,,0.922789,1.024456,0.922969,0.615312
format_pair,mobilenet_v2/minimal/fp7_e3m3~minimal/int8,5.7,0.096,-0.489831,-0.479669,10.15625,9.378255,2.399786,2.421501,2.667275,7.421875,6.771647,1.602617,1.726916,1.902531,5.273438,4.753825,,1.21964,1.350549,3.8,3.4425,,0.873257,0.965899,0.860625,0.57375
format_pair,mobilenet_v2/minimal/fp7_e3m3~minimal/log6,-19.091984,0.268,-0.483468,-0.499225,16.40625,14.0625,3.376193,3.631298,4.199108,11.71875,10.095971,2.160812,2.568344,2.973928,8.203125,7.089233,,1.815965,2.111993,5.9,5.238065,,1.299472,1.507302,1.309516,0.873011
format_pair,mobilenet_v2/minimal/fp7_e3m3~minimal/log8,0.825,0.087,-0.511364,-0.500974,10.15625,8.072917,1.990998,2.046098,2.577094,7.03125,5.729167,1.25301,1.455511,1.843092,5.078125,4.069417,,1.033585,1.308679,3.6,2.809167,,0.740077,0.932733,0.702292,0.468194
format_pair,mobilenet_v2/minimal/fp7_e3m3~minimal/mxfp6_e3m2,-24.656429,0.294,-0.502853,-0.490154,16.40625,14.714355,3.475765,3.776545,4.248194,11.71875,10.451172,2.330991,2.671586,3.008672,8.300781,7.359805,,1.887137,2.133891,6.0,5.237036,,1.351824,1.524782,1.309259,0.872839
format_pair,mobilenet_v2/minimal/fp7_e3m3~minimal/mxfp8_e4m3,-1.358333,0.106,-0.505243,-0.481204,10.9375,10.026855,2.29105,2.565195,2.839422,7.8125,7.146403,1.400474,1.818319,2.019797,5.46875,5.062663,,1.293887,1.437505,4.1,3.541667,,0.923411,1.027619,0.885417,0.590278
format_pair,mobilenet_v2/minimal/fp7_e3m3~minimal/q1_6,5.7,0.096,-0.489831,-0.479669,10.15625,9.378255,2.399786,2.421501,2.667275,7.421875,6.771647,1.602617,1.726916,1.902531,5.273438,4.753825,,1.21964,1.350549,3.8,3.4425,,0.873257,0.965899,0.860625,0.57375
format_pair,mobilenet_v2/minimal/fp8_e4m3fn~minimal/fp8_e5m2,-24.74127,0.31,-0.485105,-0.500497,17.1875,15.697754,3.703148,4.025923,4.402596,12.5,11.120044,2.451966,2.849499,3.124956,8.59375,7.938124,,2.015639,2.211224,6.2,5.79304,,1.441392,1.582605,1.44826,0.965507
format_pair,mobilenet_v2/minimal/fp8_e4m3fn~minimal/int5,-35.2175,0.378,-0.491612,-0.48671,17.1875,16.097656,3.824496,4.139113,4.522571,12.5,11.416504,2.557463,2.927371,3.201394,8.59375,8.131551,,2.076586,2.267678,6.4,5.856708,,1.481039,1.624057,1.464177,0.976118
format_pair,mobilenet_v2/minimal/fp8_e4m3fn~minimal/int6,-0.375,0.107,-0.489438,-0.48667,10.9375,10.15625,2.384462,2.610631,2.855315,7.8125,7.22819,1.583683,1.859973,2.034971,5.664062,5.168254,,1.325349,1.441519,4.0,3.708542,,0.94066,1.034171,0.927135,0.61809
format_pair,mobilenet_v2/minimal/fp8_e4m3fn~minimal/int8,5.6,0.092,-0.485647,-0.496902,10.15625,9.505208,2.409997,2.448202,2.609874,7.421875,6.803792,1.585164,1.738735,1.856756,5.078125,4.834595,,1.232274,1.31698,3.7,3.508542,,0.881981,0.944966,0.877135,0.584757
format_pair,mobilenet_v2/minimal/fp8_e4m3fn~minimal/log6,-19.191984,0.27,-0.489029,-0.499225,16.40625,14.194917,3.548117,3.661662,4.210743,11.71875,10.193317,2.294271,2.594005,2.985526,8.203125,7.18986,,1.844642,2.122568,5.9,5.212008,,1.311614,1.513922,1.303002,0.868668
format_pair,mobilenet_v2/minimal/fp8_e4m3fn~minimal/log8,0.725,0.085,-0.493454,-0.500974,10.15625,8.203125,2.046255,2.110578,2.540611,7.03125,5.843913,1.318333,1.498223,1.814769,5.078125,4.216309,,1.068554,1.286798,3.6,2.958542,,0.763482,0.921949,0.739635,0.49309
format_pair,mobilenet_v2/minimal/fp8_e4m3fn~minimal/mxfp6_e3m2,-24.756429,0.29,-0.498697,-0.506648,16.40625,14.649833,3.62401,3.770033,4.205192,11.71875,10.400798,2.429086,2.670251,2.979871,8.203125,7.38269,,1.891888,2.111329,5.8,5.249845,,1.350028,1.511608,1.312461,0.874974
format_pair,mobilenet_v2/minimal/fp8_e4m3fn~minimal/mxfp8_e4m3,-1.458333,0.108,-0.505644,-0.465483,10.9375,10.15625,2.480245,2.615729,2.857198,7.8125,7.226969,1.532576,1.856146,2.03291,5.664062,5.225423,,1.326546,1.444655,4.2,3.558958,,0.943221,1.037304,0.88974,0.59316
format_pair,mobilenet_v2/minimal/fp8_e4m3fn~minimal/q1_6,5.6,0.092,-0.485647,-0.496902,10.15625,9.505208,2.409997,2.448202,2.609874,7.421875,6.803792,1.585164,1.738735,1.856756,5.078125,4.834595,,1.232274,1.31698,3.7,3.508542,,0.881981,0.944966,0.877135,0.584757
format_pair,mobilenet_v2/minimal/fp8_e5m2~minimal/int5,-10.47623,0.26,-0.501327,-0.493838,17.1875,15.132351,3.594788,3.886738,4.411875,12.5,10.829846,2.237368,2.756449,3.132287,8.984375,7.508811,,1.95222,2.22284,6.2,5.433351,,1.392257,1.584815,1.358338,0.905559
format_pair,mobilenet_v2/minimal/fp8_e5m2~minimal/int6,24.36627,0.309,-0.4897,-0.497131,17.1875,16.0051,3.767249,4.134454,4.425527,12.5,11.394043,2.382483,2.925984,3.14097,8.789062,8.103184,,2.069935,2.224324,6.2,5.85155,,1.48018,1.590066,1.462887,0.975258
format_pair,mobilenet_v2/minimal/fp8_e5m2~minimal/int8,30.34127,0.344,-0.491975,-0.491856,17.1875,16.26237,3.75186,4.17788,4.459702,12.5,11.556396,2.342638,2.959169,3.162989,8.691406,8.164923,,2.08729,2.232021,6.3,5.928063,,1.49462,1.6012,1.482016,0.988011
format_pair,mobilenet_v2/minimal/fp8_e5m2~minimal/log6,5.549286,0.224,-0.492756,-0.499225,16.40625,13.496187,3.264197,3.467158,4.144069,11.71875,9.618234,2.031641,2.463217,2.949313,8.203125,6.775522,,1.739141,2.091656,5.9,4.915708,,1.243366,1.490758,1.228927,0.819285
format_pair,mobilenet_v2/minimal/fp8_e5m2~minimal/log8,25.46627,0.309,-0.496472,-0.500497,17.1875,15.758301,3.77807,4.050055,4.393014,12.5,11.165957,2.432544,2.867351,3.117247,8.59375,7.89601,,2.024384,2.205774,6.2,5.683601,,1.449875,1.577894,1.4209,0.947267
format_pair,mobilenet_v2/minimal/fp8_e5m2~minimal/mxfp6_e3m2,-0.015159,0.224,-0.502894,-0.506648,16.40625,14.314081,3.373059,3.690567,4.163872,11.71875,10.208903,2.27836,2.61703,2.962026,8.203125,7.136635,,1.843144,2.094459,5.8,5.106754,,1.322198,1.49661,1.276688,0.851126
format_pair,mobilenet_v2/minimal/fp8_e5m2~minimal/mxfp8_e4m3,23.282937,0.278,-0.4915,-0.506648,16.40625,14.727376,3.64988,3.793502,4.201176,11.71875,10.501035,2.283337,2.689995,2.982339,8.203125,7.4099,,1.896146,2.103697,5.8,5.376526,,1.358814,1.509384,1.344131,0.896088
format_pair,mobilenet_v2/minimal/fp8_e5m2~minimal/q1_6,30.34127,0.344,-0.491975,-0.491856,17.1875,16.26237,3.75186,4.17788,4.459702,12.5,11.556396,2.342638,2.959169,3.162989,8.691406,8.164923,,2.08729,2.232021,6.3,5.928063,,1.49462,1.6012,1.482016,0.988011
format_pair,mobilenet_v2/minimal/int5~minimal/int6,34.8425,0.383,-0.487695,-0.4973,17.96875,16.863607,3.904776,4.34056,4.608427,12.890625,11.980794,2.546925,3.072765,3.265381,8.984375,8.497213,,2.180132,2.315635,6.5,6.199938,,1.552563,1.653599,1.549984,1.033323
format_pair,mobilenet_v2/minimal/int5~minimal/int8,40.8175,0.428,-0.496899,-0.515996,18.75,17.057292,4.139964,4.398699,4.630306,12.890625,12.142497,2.543544,3.112647,3.280185,8.984375,8.594564,,2.203778,2.321728,6.5,6.14375,,1.572432,1.661024,1.535937,1.023958
format_pair,mobilenet_v2/minimal/int5~minimal/log6,16.025516,0.278,-0.487984,-0.483344,17.1875,14.7264,3.668676,3.788379,4.49279,12.5,10.444268,2.469312,2.68192,3.185704,8.789062,7.434431,,1.904531,2.266898,6.4,5.403923,,1.355468,1.610913,1.350981,0.900654
format_pair,mobilenet_v2/minimal/int5~minimal/log8,35.9425,0.383,-0.488481,-0.499579,17.96875,16.536458,3.968969,4.240275,4.562337,12.5,11.719401,2.709913,3.000907,3.235745,8.984375,8.252665,,2.126398,2.293047,6.4,6.083812,,1.517274,1.637312,1.520953,1.013969
format_pair,mobilenet_v2/minimal/int5~minimal/mxfp6_e3m2,10.461071,0.22,-0.486094,-0.478838,15.625,13.747512,3.363818,3.535743,4.049248,10.9375,9.796922,2.150527,2.505683,2.872859,8.007812,6.932321,,1.772195,2.039766,5.8,5.076833,,1.266745,1.455679,1.269208,0.846139
format_pair,mobilenet_v2/minimal/int5~minimal/mxfp8_e4m3,33.759167,0.36,-0.497895,-0.48689,17.1875,16.016439,3.882147,4.112864,4.484103,12.5,11.403198,2.586451,2.914238,3.181144,8.984375,8.001912,,2.060581,2.251416,6.3,5.772792,,1.471185,1.608962,1.443198,0.962132
format_pair,mobilenet_v2/minimal/int5~minimal/q1_6,40.8175,0.428,-0.496899,-0.515996,18.75,17.057292,4.139964,4.398699,4.630306,12.890625,12.142497,2.543544,3.112647,3.280185,8.984375,8.594564,,2.203778,2.321728,6.5,6.14375,,1.572432,1.661024,1.535937,1.023958
format_pair,mobilenet_v2/minimal/int6~minimal/int8,5.975,0.109,-0.48583,-0.491926,10.9375,10.55013,2.414685,2.73835,2.843169,7.8125,7.617188,1.6931,1.946174,2.021159,5.46875,5.34729,,1.374426,1.427252,4.0,3.908542,,0.986045,1.027224,0.977135,0.651424
format_pair,mobilenet_v2/minimal/int6~minimal/log6,-18.816984,0.251,-0.494655,-0.48786,15.625,14.154948,3.491304,3.642099,4.064794,11.328125,10.023438,2.009274,2.574663,2.876771,8.203125,7.145523,,1.833691,2.050827,5.7,5.112498,,1.304095,1.459366,1.278125,0.852083
format_pair,mobilenet_v2/minimal/int6~minimal/log8,1.1,0.118,-0.483087,-0.487604,11.71875,10.546875,2.402908,2.720055,3.010637,8.212891,7.519531,1.52946,1.932447,2.14009,5.864258,5.372111,,1.372108,1.523782,4.3,3.908958,,0.978248,1.085983,0.97724,0.651493
format_pair,mobilenet_v2/minimal/int6~minimal/mxfp6_e3m2,-24.381429,0.293,-0.507085,-0.48667,16.40625,15.365723,3.680636,3.956329,4.265755,11.71875,10.905192,2.40499,2.800174,3.021403,8.496094,7.715698,,1.982476,2.141382,6.0,5.407113,,1.416672,1.532707,1.351778,0.901186
format_pair,mobilenet_v2/minimal/int6~minimal/mxfp8_e4m3,-1.083333,0.111,-0.498126,-0.460405,10.9375,10.9375,2.610667,2.785593,2.917738,7.8125,7.714844,1.643647,1.977418,2.071693,5.859375,5.509847,,1.408869,1.476219,4.2,3.916667,,1.000052,1.052763,0.979167,0.652778
format_pair,mobilenet_v2/minimal/int6~minimal/q1_6,5.975,0.109,-0.48583,-0.491926,10.9375,10.55013,2.414685,2.73835,2.843169,7.8125,7.617188,1.6931,1.946174,2.021159,5.46875,5.34729,,1.374426,1.427252,4.0,3.908542,,0.986045,1.027224,0.977135,0.651424
format_pair,mobilenet_v2/minimal/int8~minimal/log6,-24.791984,0.304,-0.496447,-0.502962,17.1875,15.105794,3.709074,3.896134,4.310203,12.109375,10.766958,2.284091,2.7567,3.050767,8.59375,7.632444,,1.949719,2.1673,6.1,5.443617,,1.393095,1.547527,1.360904,0.90727
format_pair,mobilenet_v2/minimal/int8~minimal/log8,-4.875,0.107,-0.484285,-0.491926,10.9375,9.960938,2.548936,2.572177,2.826681,7.8125,7.19401,1.589874,1.824839,2.007763,5.46875,5.062866,,1.298334,1.427761,4.0,3.700208,,0.928903,1.021758,0.925052,0.616701
format_pair,mobilenet_v2/minimal/int8~minimal/mxfp6_e3m2,-30.356429,0.346,-0.497796,-0.48671,17.1875,16.145833,3.861562,4.168105,4.457843,12.5,11.529355,2.474271,2.950715,3.159316,8.59375,8.122785,,2.083182,2.233972,6.4,5.81256,,1.490981,1.6,1.45314,0.96876
format_pair,mobilenet_v2/minimal/int8~minimal/mxfp8_e4m3,-7.058333,0.122,-0.501569,-0.497775,11.71875,11.328939,2.812404,2.908087,2.991238,8.203125,8.040365,1.731633,2.058918,2.121005,5.859375,5.70516,,1.455818,1.509857,4.2,4.033542,,1.046069,1.080815,1.008385,0.672257
format_pair,mobilenet_v2/minimal/int8~minimal/q1_6,0.0,0.0,,,0.0,0.0,0.0,0.0,0.0,0.0,0.0,0.0,0.0,0.0,0.0,0.0,,0.0,0.0,0.0,0.0,,0.0,0.0,0.0,0.0
format_pair,mobilenet_v2/minimal/log6~minimal/log8,19.916984,0.267,-0.501423,-0.499225,16.40625,14.013997,3.496193,3.611461,4.183693,11.71875,9.964274,2.125537,2.556145,2.963148,8.203125,7.066063,,1.80957,2.107221,5.9,4.992129,,1.29272,1.502634,1.248032,0.832021
format_pair,mobilenet_v2/minimal/log6~minimal/mxfp6_e3m2,-5.564444,0.198,-0.505893,-0.513567,15.625,12.384487,3.036816,3.176177,3.89134,10.9375,8.804986,2.008167,2.251027,2.76366,7.8125,6.20335,,1.596455,1.960413,5.4,4.376321,,1.139049,1.399586,1.09408,0.729387
format_pair,mobilenet_v2/minimal/log6~minimal/mxfp8_e4m3,17.733651,0.232,-0.503031,-0.479035,14.84375,13.119629,3.335936,3.381274,3.927383,10.9375,9.281692,2.022889,2.394756,2.783979,7.617188,6.637618,,1.694532,1.973615,5.6,4.643036,,1.209817,1.410234,1.160759,0.773839
format_pair,mobilenet_v2/minimal/log6~minimal/q1_6,24.791984,0.304,-0.496447,-0.508837,17.1875,15.105794,3.709074,3.896134,4.310203,11.71875,10.766958,2.284091,2.7567,3.050767,8.398438,7.632444,,1.949719,2.1673,6.0,5.443617,,1.393095,1.547527,1.360904,0.90727
format_pair,mobilenet_v2/minimal/log8~minimal/mxfp6_e3m2,-25.481429,0.303,-0.503296,-0.505278,17.1875,15.078451,3.807623,3.881462,4.31995,12.304688,10.724668,2.544815,2.750854,3.065629,8.59375,7.560989,,1.944088,2.173501,6.1,5.358964,,1.390687,1.552414,1.339741,0.893161
format_pair,mobilenet_v2/minimal/log8~minimal/mxfp8_e4m3,-2.183333,0.103,-0.501172,-0.489275,10.9375,9.960938,2.368937,2.55422,2.80583,7.8125,7.096354,1.416662,1.812525,1.99901,5.566406,4.964803,,1.2848,1.428593,4.0,3.566875,,0.91657,1.012714,0.891719,0.594479
format_pair,mobilenet_v2/minimal/log8~minimal/q1_6,4.875,0.107,-0.484285,-0.491926,10.9375,9.960938,2.548936,2.572177,2.826681,7.8125,7.19401,1.589874,1.824839,2.007763,5.46875,5.062866,,1.298334,1.427761,4.0,3.700208,,0.928903,1.021758,0.925052,0.616701
format_pair,mobilenet_v2/minimal/mxfp6_e3m2~minimal/mxfp8_e4m3,23.298095,0.274,-0.502781,-0.506648,16.40625,14.859212,3.705138,3.809753,4.148475,11.71875,10.498617,2.339102,2.698701,2.943008,8.203125,7.375,,1.90308,2.079727,5.8,5.294292,,1.363163,1.49002,1.323573,0.882382
format_pair,mobilenet_v2/minimal/mxfp6_e3m2~minimal/q1_6,30.356429,0.346,-0.497796,-0.490183,17.1875,16.145833,3.861562,4.168105,4.457843,12.5,11.529355,2.474271,2.950715,3.159316,8.789062,8.122785,,2.083182,2.233972,6.3,5.81256,,1.490981,1.6,1.45314,0.96876
format_pair,mobilenet_v2/minimal/mxfp8_e4m3~minimal/q1_6,7.058333,0.122,-0.501569,-0.497775,11.71875,11.328939,2.812404,2.908087,2.991238,8.203125,8.040365,1.731633,2.058918,2.121005,5.859375,5.70516,,1.455818,1.509857,4.2,4.033542,,1.046069,1.080815,1.008385,0.672257
format_pair,mobilenet_v3_large/default/bfp6~default/fp5_e2m2,-46.499654,0.489,-0.497215,-0.522728,18.75,16.826251,3.933376,4.333746,4.612272,12.890625,11.985922,2.732267,3.066968,3.2691,8.984375,8.466334,,2.168261,2.3128,6.4,6.060379,,1.551868,1.657199,1.515095,1.010063
format_pair,mobilenet_v3_large/default/bfp6~default/fp6_e2m3,1.3,0.185,-0.504146,-0.509842,14.84375,13.579102,3.221753,3.493869,3.77703,10.546875,9.63623,2.000881,2.474498,2.679963,7.421875,6.860962,,1.762011,1.902767,5.2,4.800417,,1.252116,1.359084,1.200104,0.800069
format_pair,mobilenet_v3_large/default/bfp6~default/fp6_e3m2,-12.551429,0.241,-0.493411,-0.499225,16.40625,15.364583,3.615157,3.937081,4.19079,11.71875,10.919434,2.304739,2.781716,2.971081,8.203125,7.732602,,1.973662,2.105125,5.9,5.577881,,1.411219,1.506118,1.39447,0.929647
format_pair,mobilenet_v3_large/default/bfp6~default/fp7_e3m3,14.0,0.195,-0.50342,-0.508374,14.84375,13.185221,3.064429,3.391518,3.671853,10.15625,9.376628,1.956405,2.392072,2.600943,7.226562,6.576538,,1.688924,1.835812,5.2,4.693125,,1.21452,1.318996,1.173281,0.782188
format_pair,mobilenet_v3_large/default/bfp6~default/fp8_e4m3fn,14.533333,0.209,-0.498629,-0.501571,14.84375,13.671875,3.276738,3.509829,3.813113,10.546875,9.669596,2.049459,2.477265,2.699373,7.421875,6.796265,,1.747121,1.901606,5.3,4.917083,,1.255575,1.368908,1.229271,0.819514
format_pair,mobilenet_v3_large/default/bfp6~default/fp8_e5m2,-10.550714,0.234,-0.508044,-0.506648,16.40625,14.464751,3.502339,3.699278,4.161959,11.71875,10.221761,2.29683,2.620814,2.95384,8.203125,7.240473,,1.857856,2.092841,5.8,5.077071,,1.322714,1.492528,1.269268,0.846179
format_pair,mobilenet_v3_large/default/bfp6~default/int6,-36.129798,0.411,-0.494499,-0.520317,18.75,16.911591,4.02429,4.357336,4.674911,13.28125,12.020486,2.751653,3.0825,3.312559,8.984375,8.560352,,2.185503,2.351204,6.5,6.112254,,1.560368,1.67964,1.528064,1.018709
format_pair,mobilenet_v3_large/default/bfp6~default/int8,14.475,0.203,-0.485822,-0.496108,14.84375,14.262695,3.265179,3.686855,3.750294,10.15625,10.221354,1.966246,2.607691,2.657612,7.421875,7.212118,,1.841942,1.879028,5.3,5.275208,,1.320167,1.346815,1.318802,0.879201
format_pair,mobilenet_v3_large/default/bfp6~default/log6,-3.966667,0.214,-0.492951,-0.49147,15.625,14.063639,3.482347,3.646018,4.060453,11.328125,10.114665,2.341208,2.575443,2.87476,8.007812,7.136393,,1.81955,2.033873,5.7,5.116792,,1.307533,1.460562,1.279198,0.852799
format_pair,mobilenet_v3_large/default/bfp6~default/log8,12.708333,0.181,-0.491969,-0.500154,14.0625,12.826335,3.103995,3.299607,3.578622,9.770508,9.147542,2.182721,2.330283,2.537252,7.03125,6.429647,,1.644923,1.796698,5.0,4.68375,,1.180556,1.284021,1.170937,0.780625
format_pair,mobilenet_v3_large/default/bfp6~default/mxfp6_e3m2,-14.088056,0.268,-0.507845,-0.496018,17.1875,15.756022,3.678901,4.021203,4.39949,12.119141,11.120212,2.523352,2.844032,3.117556,8.59375,7.811137,,2.011252,2.204256,6.2,5.548937,,1.439944,1.57957,1.387234,0.924823
format_pair,mobilenet_v3_large/default/bfp6~default/mxfp8_e4m3,13.791667,0.2,-0.501505,-0.50438,14.84375,13.769531,3.14501,3.512982,3.737052,10.15625,9.636637,2.036026,2.482933,2.64934,7.421875,6.885376,,1.758584,1.874975,5.2,4.892292,,1.256005,1.341029,1.223073,0.815382
format_pair,mobilenet_v3_large/default/bfp6~default/posit6_es1,-14.215,0.245,-0.518192,-0.497408,16.40625,15.104167,3.43918,3.869736,4.206502,11.71875,10.703451,2.322172,2.743401,2.98617,8.303223,7.616089,,1.946727,2.11056,5.9,5.170792,,1.383215,1.509434,1.292698,0.861799
format_pair,mobilenet_v3_large/default/bfp6~default/posit8_es1,16.233333,0.202,-0.50071,-0.508273,14.84375,13.802083,3.252143,3.540596,3.70176,10.15625,9.783529,2.167362,2.494741,2.614409,7.231445,6.901855,,1.762072,1.850484,5.2,4.93375,,1.265744,1.328157,1.233437,0.822292
format_pair,mobilenet_v3_large/default/bfp6~default/q1_6,14.841667,0.205,-0.489653,-0.496108,14.84375,14.0625,3.193238,3.637127,3.755421,10.15625,10.028483,1.98014,2.569553,2.659335,7.421875,7.12911,,1.813884,1.879908,5.3,5.1425,,1.300999,1.347557,1.285625,0.857083
recipe_pair,mobilenet_v3_large/default/bfp6~minimal/bfp6,-9.633333,0.237,-0.495281,-0.499225,16.40625,15.494792,3.764982,3.97132,4.196655,11.71875,10.970459,2.612072,2.803102,2.967376,8.203125,7.772827,,1.985853,2.09588,5.9,5.600208,,1.42529,1.511129,1.400052,0.933368
format_pair,mobilenet_v3_large/default/fp5_e2m2~default/fp6_e2m3,47.799654,0.506,-0.488372,-0.515996,18.75,16.723125,3.77958,4.299981,4.622862,12.890625,11.873835,2.57135,3.042279,3.274661,8.984375,8.425776,,2.150837,2.318487,6.5,6.137647,,1.538398,1.66012,1.534412,1.022941
format_pair,mobilenet_v3_large/default/fp5_e2m2~default/fp6_e3m2,33.948226,0.38,-0.49418,-0.480052,17.1875,16.165751,3.744005,4.155398,4.501976,12.5,11.495579,2.519565,2.939842,3.191854,8.984375,8.149356,,2.082236,2.259732,6.4,5.856136,,1.488221,1.617603,1.464034,0.976023
format_pair,mobilenet_v3_large/default/fp5_e2m2~default/fp7_e3m3,60.499654,0.622,-0.480273,-0.500497,17.1875,16.009178,3.711183,4.11893,4.419413,12.5,11.378869,2.457815,2.916664,3.133806,8.59375,8.071124,,2.059777,2.214506,6.2,5.98704,,1.476146,1.588509,1.49676,0.99784
format_pair,mobilenet_v3_large/default/fp5_e2m2~default/fp8_e4m3fn,61.032988,0.63,-0.475752,-0.497131,17.1875,16.103907,3.7063,4.134522,4.466409,12.5,11.496092,2.535038,2.928962,3.167952,8.789062,8.090107,,2.069179,2.23804,6.2,6.101783,,1.482158,1.605927,1.525446,1.016964
format_pair,mobilenet_v3_large/default/fp5_e2m2~default/fp8_e5m2,35.94894,0.385,-0.492408,-0.498804,17.1875,15.930023,3.718724,4.087759,4.465787,12.5,11.214614,2.606026,2.889483,3.161792,8.691406,7.982329,,2.044021,2.236433,6.2,5.786948,,1.463835,1.60484,1.446737,0.964491
format_pair,mobilenet_v3_large/default/fp5_e2m2~default/int6,10.369856,0.204,-0.476682,-0.492919,14.84375,13.555677,3.167646,3.488898,3.862095,10.9375,9.664565,2.091553,2.467688,2.734686,7.714844,6.868865,,1.747578,1.934802,5.4,5.107878,,1.25211,1.389906,1.27697,0.851313
format_pair,mobilenet_v3_large/default/fp5_e2m2~default/int8,60.974654,0.624,-0.488076,-0.50738,17.1875,16.49616,3.583393,4.24329,4.418364,12.5,11.762596,2.416938,3.002723,3.130941,8.59375,8.308692,,2.123239,2.215529,6.1025,6.067752,,1.519425,1.587136,1.516938,1.011292
format_pair,mobilenet_v3_large/default/fp5_e2m2~default/log6,42.532988,0.463,-0.471957,-0.502062,17.978516,16.048248,3.980963,4.135747,4.591548,12.695312,11.420054,2.78502,2.927061,3.257023,8.984375,8.130386,,2.074987,2.31052,6.4,6.109789,,1.482117,1.649336,1.527447,1.018298
format_pair,mobilenet_v3_large/default/fp5_e2m2~default/log8,59.207988,0.604,-0.485587,-0.507558,17.1875,16.114368,3.783895,4.142474,4.448126,12.5,11.480832,2.595387,2.932497,3.15166,8.59375,8.108807,,2.07237,2.227961,6.1,5.961666,,1.484194,1.599687,1.490417,0.993611
format_pair,mobilenet_v3_large/default/fp5_e2m2~default/mxfp6_e3m2,32.411599,0.371,-0.496257,-0.48689,17.1875,15.904027,3.612829,4.091735,4.523932,12.5,11.258265,2.596467,2.893197,3.204627,8.984375,8.024889,,2.042648,2.264334,6.3,5.723332,,1.465622,1.625026,1.430833,0.953889
format_pair,mobilenet_v3_large/default/fp5_e2m2~default/mxfp8_e4m3,60.291321,0.623,-0.486053,-0.500497,17.1875,16.238005,3.60527,4.189128,4.460439,12.5,11.544027,2.506895,2.964693,3.161824,8.59375,8.187891,,2.095185,2.234917,6.2,5.9924,,1.500842,1.603044,1.4981,0.998733
format_pair,mobilenet_v3_large/default/fp5_e2m2~default/posit6_es1,32.284654,0.366,-0.4928,-0.497131,17.1875,15.815264,3.604951,4.045071,4.446072,12.5,11.144144,2.522153,2.860571,3.148703,8.789062,7.928572,,2.023585,2.224773,6.2,5.740912,,1.450633,1.5993,1.435228,0.956819
format_pair,mobilenet_v3_large/default/fp5_e2m2~default/posit8_es1,62.732988,0.641,-0.47864,-0.500497,17.1875,16.227746,3.714875,4.175234,4.421292,12.5,11.582947,2.449482,2.958417,3.135506,8.59375,8.18301,,2.089285,2.216151,6.2,6.099765,,1.496149,1.590192,1.524941,1.016628
format_pair,mobilenet_v3_large/default/fp5_e2m2~default/q1_6,61.341321,0.63,-0.489096,-0.500497,17.1875,16.397858,3.678624,4.218204,4.405379,12.5,11.648485,2.517733,2.984447,3.120221,8.59375,8.174172,,2.108671,2.206348,6.2,6.031373,,1.51052,1.582858,1.507843,1.005229
format_pair,mobilenet_v3_large/default/fp6_e2m3~default/fp6_e3m2,-13.851429,0.246,-0.48205,-0.499225,16.40625,14.97547,3.490345,3.845314,4.189515,11.71875,10.645636,2.220423,2.721106,2.973325,8.203125,7.456473,,1.929019,2.106983,5.9,5.601869,,1.377654,1.508324,1.400467,0.933645
format_pair,mobilenet_v3_large/default/fp6_e2m3~default/fp7_e3m3,12.7,0.186,-0.488473,-0.49716,14.0625,13.024089,3.094775,3.383414,3.618471,10.15625,9.343262,1.871715,2.392186,2.563693,7.03125,6.542969,,1.68439,1.809921,5.1,4.800208,,1.210731,1.302367,1.200052,0.800035
format_pair,mobilenet_v3_large/default/fp6_e2m3~default/fp8_e4m3fn,13.233333,0.202,-0.489778,-0.501571,14.84375,13.4139,3.170124,3.476152,3.784691,10.546875,9.571533,1.967731,2.45684,2.68241,7.421875,6.819865,,1.730501,1.890845,5.3,4.9,,1.24333,1.360515,1.225,0.816667
format_pair,mobilenet_v3_large/default/fp6_e2m3~default/fp8_e5m2,-11.850714,0.243,-0.489737,-0.504875,16.40625,14.489746,3.263824,3.734668,4.201342,11.71875,10.324137,2.162102,2.643505,2.977511,8.300781,7.236189,,1.87134,2.109592,5.8,5.323685,,1.337793,1.50954,1.330921,0.887281
format_pair,mobilenet_v3_large/default/fp6_e2m3~default/int6,-37.429798,0.42,-0.481181,-0.522728,18.75,16.678109,3.817477,4.306072,4.650162,12.890625,11.971397,2.612306,3.046694,3.296026,8.984375,8.451224,,2.158133,2.338139,6.4,6.233647,,1.54054,1.669203,1.558412,1.038941
format_pair,mobilenet_v3_large/default/fp6_e2m3~default/int8,13.175,0.198,-0.49548,-0.496108,14.84375,14.063314,3.314458,3.622176,3.742225,10.15625,10.026855,2.139002,2.564122,2.651774,7.421875,7.121582,,1.80966,1.871536,5.3,5.075833,,1.296942,1.345734,1.268958,0.845972
format_pair,mobilenet_v3_large/default/fp6_e2m3~default/log6,-5.266667,0.201,-0.497803,-0.505599,15.625,13.738281,3.107931,3.511893,3.922277,10.9375,9.733073,2.014166,2.48472,2.777126,7.8125,6.914998,,1.765676,1.973731,5.5,4.931917,,1.258112,1.411209,1.232979,0.821986
format_pair,mobilenet_v3_large/default/fp6_e2m3~default/log8,11.408333,0.198,-0.488053,-0.501571,14.84375,13.476562,3.316978,3.471378,3.787999,10.546875,9.620361,2.255429,2.456392,2.684199,7.421875,6.756592,,1.742197,1.902809,5.3,4.967083,,1.244743,1.363452,1.241771,0.827847
format_pair,mobilenet_v3_large/default/fp6_e2m3~default/mxfp6_e3m2,-15.388056,0.281,-0.492307,-0.497131,17.1875,15.759277,3.68728,4.042066,4.467109,12.5,11.176351,2.496352,2.861671,3.171871,8.789062,7.938483,,2.023501,2.24483,6.2,5.729896,,1.44673,1.604964,1.432474,0.954983
format_pair,mobilenet_v3_large/default/fp6_e2m3~default/mxfp8_e4m3,12.491667,0.185,-0.492631,-0.49716,14.0625,13.020833,3.135722,3.352909,3.618825,10.15625,9.246419,1.995276,2.370043,2.564065,7.03125,6.48702,,1.671662,1.811279,5.1,4.750833,,1.199963,1.301442,1.187708,0.791806
format_pair,mobilenet_v3_large/default/fp6_e2m3~default/posit6_es1,-15.515,0.268,-0.49757,-0.502962,17.1875,15.729492,3.514845,4.04978,4.373944,12.109375,11.166423,2.403402,2.868406,3.101932,8.59375,7.891113,,2.030012,2.195456,6.1,5.660042,,1.447405,1.568745,1.41501,0.94334
format_pair,mobilenet_v3_large/default/fp6_e2m3~default/posit8_es1,14.933333,0.191,-0.490274,-0.484623,14.0625,13.414714,3.182788,3.488125,3.632276,10.15625,9.635824,2.052469,2.463899,2.572114,7.226562,6.803996,,1.741234,1.818502,5.2,4.909583,,1.247362,1.305952,1.227396,0.818264
format_pair,mobilenet_v3_large/default/fp6_e2m3~default/q1_6,13.541667,0.194,-0.492058,-0.50438,14.84375,13.932292,3.226028,3.58747,3.684329,10.15625,9.897054,2.067338,2.537534,2.611934,7.421875,6.999308,,1.793675,1.847044,5.2,5.076042,,1.28431,1.324779,1.26901,0.846007
recipe_pair,mobilenet_v3_large/default/fp6_e2m3~minimal/fp6_e2m3,-21.658333,0.306,-0.492337,-0.480052,17.1875,16.409505,3.839202,4.218048,4.519075,12.5,11.65446,2.395761,2.982051,3.203688,8.984375,8.172404,,2.117897,2.280175,6.4,5.992292,,1.508056,1.623465,1.498073,0.998715
format_pair,mobilenet_v3_large/default/fp6_e3m2~default/fp7_e3m3,26.551429,0.3,-0.50079,-0.4957,16.40625,15.249186,3.447044,3.90012,4.224484,11.71875,10.723958,2.313364,2.754648,2.99316,8.398438,7.674386,,1.951942,2.120486,5.9,5.423685,,1.394908,1.517577,1.355921,0.903947
format_pair,mobilenet_v3_large/default/fp6_e3m2~default/fp8_e4m3fn,27.084762,0.31,-0.502945,-0.50178,17.1875,15.366048,3.489504,3.948501,4.310056,11.728516,10.921131,2.338673,2.790674,3.056825,8.398438,7.724162,,1.97464,2.159556,6.1,5.459619,,1.411077,1.546751,1.364905,0.909937
format_pair,mobilenet_v3_large/default/fp6_e3m2~default/fp8_e5m2,2.000714,0.155,-0.502898,-0.488886,13.28125,12.176107,3.141569,3.111008,3.453726,9.375,8.660807,2.087084,2.200741,2.453526,6.933594,6.09368,,1.565235,1.74742,4.8,4.334423,,1.115092,1.244311,1.083606,0.722404
format_pair,mobilenet_v3_large/default/fp6_e3m2~default/int6,-23.578369,0.292,-0.491812,-0.484958,16.40625,15.037441,3.691384,3.856675,4.256418,11.71875,10.688869,2.648405,2.730952,3.022766,8.59375,7.586343,,1.938225,2.150057,6.0,5.475001,,1.382938,1.531013,1.36875,0.9125
format_pair,mobilenet_v3_large/default/fp6_e3m2~default/int8,27.026429,0.318,-0.50717,-0.500497,17.1875,16.276042,3.806194,4.17093,4.376825,12.5,11.443638,2.455596,2.950743,3.105385,8.59375,8.226539,,2.095944,2.204505,6.2,5.695589,,1.493082,1.572399,1.423897,0.949265
format_pair,mobilenet_v3_large/default/fp6_e3m2~default/log6,8.584762,0.255,-0.488785,-0.491155,17.1875,15.242676,3.545367,3.911698,4.360781,11.71875,10.789679,2.312496,2.769869,3.094044,8.59375,7.686442,,1.96208,2.197844,6.2,5.581643,,1.403755,1.569557,1.395411,0.930274
format_pair,mobilenet_v3_large/default/fp6_e3m2~default/log8,25.259762,0.284,-0.494006,-0.499225,16.40625,15.020833,3.633664,3.870467,4.160525,11.71875,10.680432,2.538952,2.738966,2.950514,8.203125,7.590512,,1.944054,2.097165,5.9,5.438857,,1.385083,1.494938,1.359714,0.906476
format_pair,mobilenet_v3_large/default/fp6_e3m2~default/mxfp6_e3m2,-1.536627,0.163,-0.49632,-0.500082,14.0625,12.272949,3.353712,3.160292,3.541939,9.765625,8.664469,2.327575,2.234265,2.5147,7.03125,6.203996,,1.588575,1.781486,5.0,4.409249,,1.134567,1.275582,1.102312,0.734875
format_pair,mobilenet_v3_large/default/fp6_e3m2~default/mxfp8_e4m3,26.343095,0.301,-0.497875,-0.4957,16.40625,15.367839,3.495096,3.944813,4.252223,11.71875,10.903809,2.402778,2.791054,3.016751,8.398438,7.795492,,1.981814,2.137557,5.9,5.503982,,1.409668,1.526037,1.375996,0.91733
format_pair,mobilenet_v3_large/default/fp6_e3m2~default/posit6_es1,-1.663571,0.178,-0.490036,-0.472357,14.0625,12.696126,2.768817,3.251309,3.707197,10.15625,9.017973,1.905632,2.308649,2.639097,7.421875,6.388951,,1.63636,1.869066,5.3,4.644405,,1.163496,1.333627,1.161101,0.774067
format_pair,mobilenet_v3_large/default/fp6_e3m2~default/posit8_es1,28.784762,0.313,-0.494228,-0.508837,17.1875,15.690104,3.573078,4.038184,4.273304,11.71875,11.142032,2.404631,2.851691,3.02712,8.398438,7.91644,,2.022914,2.144355,6.0,5.678899,,1.44276,1.533489,1.419725,0.946483
format_pair,mobilenet_v3_large/default/fp6_e3m2~default/q1_6,27.393095,0.32,-0.504429,-0.507558,17.1875,16.25372,3.802198,4.176969,4.368197,12.5,11.487758,2.445592,2.955188,3.100689,8.59375,8.18775,,2.098633,2.201362,6.1,5.740399,,1.493842,1.56849,1.4351,0.956733
recipe_pair,mobilenet_v3_large/default/fp6_e3m2~minimal/fp6_e3m2,-2.290317,0.245,-0.48349,-0.51014,17.1875,14.786993,3.668721,3.813088,4.341457,12.109375,10.519748,2.351011,2.69874,3.077016,8.59375,7.499333,,1.907534,2.173097,6.0,5.479587,,1.368685,1.56325,1.369897,0.913265
format_pair,mobilenet_v3_large/default/fp7_e3m3~default/fp8_e4m3fn,0.533333,0.054,-0.48921,-0.482537,7.8125,5.859375,1.46017,1.503,2.014856,5.46875,4.150798,0.902421,1.071976,1.438762,3.90625,2.962646,,0.763949,1.015774,2.9,2.142083,,0.54366,0.73482,0.535521,0.357014
format_pair,mobilenet_v3_large/default/fp7_e3m3~default/fp8_e5m2,-24.550714,0.285,-0.496314,-0.506648,16.40625,14.334659,3.520228,3.685916,4.152017,11.71875,10.158285,2.430027,2.604864,2.941683,8.203125,7.224697,,1.848489,2.084808,5.8,5.161792,,1.319262,1.489963,1.290448,0.860299
format_pair,mobilenet_v3_large/default/fp7_e3m3~default/int6,-50.129798,0.528,-0.503103,-0.518387,18.75,16.455741,3.950981,4.235,4.603851,12.509766,11.713376,2.75874,2.99413,3.263356,8.984375,8.241527,,2.121282,2.314882,6.4,5.855042,,1.517427,1.655246,1.463761,0.97584
format_pair,mobilenet_v3_large/default/fp7_e3m3~default/int8,0.475,0.102,-0.505549,-0.491926,10.9375,10.286458,2.56683,2.610683,2.803497,7.8125,7.291667,1.691924,1.856063,2.000461,5.46875,5.119425,,1.306918,1.410265,4.0,3.642292,,0.939654,1.009931,0.910573,0.607049
format_pair,mobilenet_v3_large/default/fp7_e3m3~default/log6,-17.966667,0.229,-0.494128,-0.505599,15.625,13.802083,3.334122,3.542632,3.932494,10.9375,9.814535,2.138961,2.506295,2.791401,7.8125,6.931112,,1.772874,1.977045,5.5,5.007083,,1.269056,1.413361,1.251771,0.834514
format_pair,mobilenet_v3_large/default/fp7_e3m3~default/log8,-1.291667,0.082,-0.488012,-0.518932,10.15625,8.333333,2.065168,2.120218,2.500852,7.03125,5.859375,1.376343,1.500883,1.77579,4.887695,4.167277,,1.062139,1.26412,3.5,3.058958,,0.76337,0.903748,0.76474,0.509826
format_pair,mobilenet_v3_large/default/fp7_e3m3~default/mxfp6_e3m2,-28.088056,0.321,-0.509129,-0.51014,17.1875,15.366211,3.756561,3.954146,4.334812,12.109375,10.930379,2.593591,2.795706,3.075118,8.59375,7.745917,,1.979714,2.181741,6.0,5.378771,,1.415396,1.55576,1.344693,0.896462
format_pair,mobilenet_v3_large/default/fp7_e3m3~default/mxfp8_e4m3,-0.208333,0.075,-0.476055,-0.494349,9.375,7.942708,1.849813,2.036886,2.390992,6.640625,5.697021,1.281968,1.447842,1.708581,4.6875,4.00411,,1.024243,1.211616,3.4,3.008542,,0.73296,0.865973,0.752135,0.501424
format_pair,mobilenet_v3_large/default/fp7_e3m3~default/posit6_es1,-28.215,0.312,-0.5043,-0.508837,17.1875,15.163411,3.483693,3.908259,4.282365,11.71875,10.804525,2.340529,2.764098,3.034439,8.398438,7.635701,,1.959125,2.148049,6.0,5.372125,,1.397208,1.535656,1.343031,0.895354
format_pair,mobilenet_v3_large/default/fp7_e3m3~default/posit8_es1,2.233333,0.055,-0.467358,-0.482163,7.8125,7.161458,1.682523,1.873427,2.026077,5.46875,5.209554,1.1377,1.3299,1.448582,3.90625,3.662923,,0.940833,1.030635,2.9025,2.766667,,0.677454,0.740101,0.691667,0.461111
format_pair,mobilenet_v3_large/default/fp7_e3m3~default/q1_6,0.841667,0.098,-0.486644,-0.505619,10.9375,9.635417,2.431397,2.460698,2.741692,7.8125,6.835938,1.445752,1.74492,1.952149,5.371094,4.85026,,1.229543,1.381223,3.9,3.550625,,0.885771,0.989626,0.887656,0.591771
recipe_pair,mobilenet_v3_large/default/fp7_e3m3~minimal/fp7_e3m3,-2.075,0.112,-0.482484,-0.460405,10.9375,9.635417,2.208455,2.484518,2.914554,7.8125,6.902262,1.464064,1.762134,2.071958,5.859375,4.899902,,1.244468,1.465446,4.2,3.58375,,0.894914,1.05404,0.895937,0.597292
format_pair,mobilenet_v3_large/default/fp8_e4m3fn~default/fp8_e5m2,-25.084048,0.291,-0.512625,-0.506648,16.40625,14.583333,3.579376,3.733177,4.195797,11.71875,10.298805,2.463447,2.642228,2.97638,8.203125,7.290231,,1.871972,2.10572,5.8,5.066173,,1.336038,1.506622,1.266543,0.844362
format_pair,mobilenet_v3_large/default/fp8_e4m3fn~default/int6,-50.663131,0.532,-0.503512,-0.515996,18.75,16.582657,4.090926,4.258235,4.622414,12.890625,11.790431,2.905677,3.012815,3.278936,8.984375,8.320883,,2.135383,2.323256,6.5,5.888578,,1.526201,1.661216,1.472145,0.98143
format_pair,mobilenet_v3_large/default/fp8_e4m3fn~default/int8,-0.058333,0.112,-0.495084,-0.467468,10.9375,10.546875,2.698338,2.719224,2.931683,8.203125,7.521159,1.772283,1.936671,2.090476,5.859375,5.314535,,1.369286,1.481065,4.2,3.816875,,0.977977,1.058301,0.954219,0.636146
format_pair,mobilenet_v3_large/default/fp8_e4m3fn~default/log6,-18.5,0.227,-0.506501,-0.513366,15.625,13.806315,3.348681,3.551408,3.911005,10.9375,9.82609,2.180048,2.511426,2.773507,7.8125,7.005615,,1.776368,1.960871,5.4025,4.851917,,1.271244,1.40382,1.212979,0.808653
format_pair,mobilenet_v3_large/default/fp8_e4m3fn~default/log8,-1.825,0.094,-0.495302,-0.512223,10.9375,8.723958,2.099194,2.25692,2.678875,7.421875,6.201986,1.329461,1.597877,1.900067,5.273438,4.402873,,1.126301,1.343902,3.8,3.150625,,0.812256,0.967471,0.787656,0.525104
format_pair,mobilenet_v3_large/default/fp8_e4m3fn~default/mxfp6_e3m2,-28.621389,0.339,-0.522972,-0.496956,17.1875,15.494792,3.770661,3.995075,4.486176,12.5,11.037191,2.637618,2.827766,3.183354,8.789062,7.783474,,1.998875,2.251616,6.2025,5.262389,,1.428266,1.609071,1.315597,0.877065
format_pair,mobilenet_v3_large/default/fp8_e4m3fn~default/mxfp8_e4m3,-0.741667,0.067,-0.497379,-0.524933,9.375,7.8125,1.905298,1.991196,2.260336,6.25,5.566813,1.34404,1.409532,1.60487,4.296875,3.914795,,0.993468,1.127235,3.2,2.817083,,0.717175,0.818383,0.704271,0.469514
format_pair,mobilenet_v3_large/default/fp8_e4m3fn~default/posit6_es1,-28.748333,0.314,-0.503278,-0.515952,17.1875,15.172526,3.616933,3.913822,4.288087,11.71875,10.827393,2.420702,2.768963,3.040437,8.398438,7.655355,,1.962679,2.152693,5.9025,5.387083,,1.398912,1.538558,1.346771,0.897847
format_pair,mobilenet_v3_large/default/fp8_e4m3fn~default/posit8_es1,1.7,0.061,-0.492636,-0.512362,8.59375,7.291667,1.685672,1.85403,2.149148,5.859375,5.078125,1.098243,1.313954,1.527987,4.101562,3.638102,,0.928699,1.080861,3.0,2.641875,,0.670658,0.779942,0.660469,0.440312
format_pair,mobilenet_v3_large/default/fp8_e4m3fn~default/q1_6,0.308333,0.108,-0.490425,-0.475948,10.9375,10.15625,2.606329,2.581992,2.879563,7.8125,7.097982,1.570623,1.834801,2.049033,5.664062,5.078735,,1.294232,1.443634,4.1,3.7,,0.929234,1.039057,0.925,0.616667
recipe_pair,mobilenet_v3_large/default/fp8_e4m3fn~minimal/fp8_e4m3fn,-3.2,0.107,-0.487828,-0.481204,10.9375,9.765625,2.352788,2.483423,2.841986,7.8125,6.934001,1.619959,1.765917,2.017698,5.46875,4.875488,,1.248147,1.42418,4.1,3.6,,0.893419,1.029131,0.9,0.6
format_pair,mobilenet_v3_large/default/fp8_e5m2~default/int6,-25.579084,0.305,-0.48591,-0.502962,17.1875,15.153585,3.623325,3.900666,4.319386,12.109375,10.783712,2.587643,2.76094,3.06307,8.59375,7.614407,,1.958019,2.173141,6.1,5.602642,,1.396905,1.552388,1.40066,0.933774
format_pair,mobilenet_v3_large/default/fp8_e5m2~default/int8,25.025714,0.299,-0.501534,-0.4957,16.40625,15.291922,3.461395,3.936354,4.276169,11.71875,10.808105,2.386101,2.78105,3.026066,8.398438,7.668672,,1.971811,2.141944,5.9,5.44531,,1.406439,1.532942,1.361327,0.907552
format_pair,mobilenet_v3_large/default/fp8_e5m2~default/log6,6.584048,0.246,-0.510682,-0.481703,16.425781,14.590658,3.41385,3.753102,4.308504,11.71875,10.378825,2.262139,2.656269,3.054802,8.400879,7.313325,,1.882948,2.175701,6.1,5.09906,,1.345629,1.547902,1.274765,0.849843
format_pair,mobilenet_v3_large/default/fp8_e5m2~default/log8,23.259048,0.273,-0.513803,-0.506648,16.40625,14.402344,3.520699,3.70417,4.123238,11.71875,10.241862,2.426887,2.619918,2.923562,8.203125,7.21439,,1.858255,2.078016,5.8,4.997804,,1.324175,1.478888,1.249451,0.832967
format_pair,mobilenet_v3_large/default/fp8_e5m2~default/mxfp6_e3m2,-3.537341,0.186,-0.503119,-0.49768,14.84375,12.741374,3.118161,3.261577,3.779724,10.546875,9.036342,2.153719,2.304302,2.680149,7.617188,6.346999,,1.631384,1.902839,5.3,4.536181,,1.166485,1.360515,1.134045,0.75603
format_pair,mobilenet_v3_large/default/fp8_e5m2~default/mxfp8_e4m3,24.342381,0.278,-0.50236,-0.510257,16.40625,14.337728,3.333538,3.687541,4.101876,11.71875,10.157064,2.318787,2.606978,2.90537,8.007812,7.244792,,1.850564,2.059354,5.8,5.086446,,1.318927,1.47138,1.271612,0.847741
format_pair,mobilenet_v3_large/default/fp8_e5m2~default/posit6_es1,-3.664286,0.141,-0.496127,-0.491674,12.5,11.479818,2.796371,2.937408,3.292357,9.375,8.16991,1.893817,2.087643,2.341071,6.445312,5.75908,,1.477766,1.657182,4.6,4.148077,,1.05254,1.1848,1.037019,0.691346
format_pair,mobilenet_v3_large/default/fp8_e5m2~default/posit8_es1,26.784048,0.296,-0.507045,-0.499225,16.40625,14.843913,3.501077,3.819555,4.180429,11.71875,10.515137,2.386572,2.699146,2.960304,8.203125,7.439128,,1.912736,2.099385,5.9,5.22422,,1.365816,1.500813,1.306055,0.870703
format_pair,mobilenet_v3_large/default/fp8_e5m2~default/q1_6,25.392381,0.299,-0.498762,-0.4957,16.40625,15.301107,3.559316,3.933962,4.246442,11.71875,10.796061,2.44408,2.780425,3.007411,8.398438,7.698265,,1.97015,2.129118,5.9,5.474196,,1.405989,1.522889,1.368549,0.912366
recipe_pair,mobilenet_v3_large/default/fp8_e5m2~minimal/fp8_e5m2,-1.421389,0.244,-0.490062,-0.495901,17.1875,15.134277,3.396062,3.864212,4.33993,12.109375,10.700521,2.495224,2.741085,3.079174,8.59375,7.553748,,1.93851,2.178822,6.2,5.543158,,1.385328,1.561935,1.385789,0.92386
format_pair,mobilenet_v3_large/default/int6~default/int8,50.604798,0.53,-0.503976,-0.529567,18.75,17.004267,3.914529,4.381518,4.60907,12.890625,12.093849,2.798916,3.095274,3.262541,8.984375,8.535194,,2.193278,2.315429,6.3,6.031787,,1.568661,1.655186,1.507947,1.005298
format_pair,mobilenet_v3_large/default/int6~default/log6,32.163131,0.377,-0.486727,-0.480052,17.1875,15.906951,3.930101,4.110653,4.541255,12.5,11.35662,2.86201,2.902754,3.213231,8.984375,8.065743,,2.058131,2.278613,6.4,5.858135,,1.473018,1.631291,1.464534,0.976356
format_pair,mobilenet_v3_large/default/int6~default/log8,48.838131,0.512,-0.501739,-0.522728,18.75,16.546274,4.0651,4.259658,4.619947,12.890625,11.80438,2.934223,3.013347,3.274513,8.984375,8.340517,,2.135366,2.326066,6.4,5.897071,,1.526072,1.660735,1.474268,0.982845
format_pair,mobilenet_v3_large/default/int6~default/mxfp6_e3m2,22.041742,0.295,-0.50146,-0.495901,17.1875,14.903122,3.652004,3.829588,4.356642,12.109375,10.55071,2.730817,2.708915,3.085262,8.59375,7.538151,,1.920088,2.187373,6.2,5.29498,,1.372844,1.566113,1.323745,0.882497
format_pair,mobilenet_v3_large/default/int6~default/mxfp8_e4m3,49.921465,0.525,-0.495029,-0.522728,18.75,16.541316,3.905068,4.27832,4.608418,12.890625,11.834891,2.82133,3.025329,3.267148,8.984375,8.333016,,2.143393,2.318543,6.4,5.994104,,1.531873,1.655292,1.498526,0.999017
format_pair,mobilenet_v3_large/default/int6~default/posit6_es1,21.914798,0.292,-0.493858,-0.50178,17.1875,14.758479,3.350634,3.785732,4.307113,11.728516,10.486768,2.475085,2.684488,3.06017,8.398438,7.458701,,1.900975,2.169068,6.1,5.344286,,1.356449,1.549245,1.336071,0.890714
format_pair,mobilenet_v3_large/default/int6~default/posit8_es1,52.363131,0.539,-0.502962,-0.507008,17.988281,16.605152,3.976691,4.281211,4.567883,12.509766,11.864567,2.789953,3.026355,3.23446,8.984375,8.303308,,2.142035,2.294357,6.3,5.920799,,1.53336,1.642069,1.4802,0.9868
format_pair,mobilenet_v3_large/default/int6~default/q1_6,50.971465,0.534,-0.499257,-0.529567,18.75,16.899481,3.982674,4.357313,4.589108,12.890625,12.00152,2.809532,3.080402,3.249866,8.984375,8.486487,,2.180282,2.304093,6.3,6.056154,,1.560438,1.648806,1.514038,1.009359
format_pair,mobilenet_v3_large/default/int8~default/log6,-18.441667,0.255,-0.495406,-0.499225,16.40625,15.014323,3.605716,3.870311,4.174977,11.71875,10.70516,2.198361,2.738284,2.960652,8.203125,7.561971,,1.944695,2.103367,5.9,5.430208,,1.386936,1.500237,1.357552,0.905035
format_pair,mobilenet_v3_large/default/int8~default/log8,-1.766667,0.124,-0.504418,-0.502991,12.5,10.9375,2.595179,2.792051,3.090521,8.59375,7.74821,1.765939,1.983111,2.196876,6.25,5.575155,,1.407582,1.559498,4.4,3.850208,,1.003035,1.111755,0.962552,0.641701
format_pair,mobilenet_v3_large/default/int8~default/mxfp6_e3m2,-28.563056,0.335,-0.507116,-0.500497,17.1875,16.198242,3.839885,4.180433,4.447435,12.5,11.491292,2.594691,2.958089,3.155003,8.59375,8.204712,,2.093506,2.237689,6.2,5.681819,,1.496122,1.596593,1.420455,0.94697
format_pair,mobilenet_v3_large/default/int8~default/mxfp8_e4m3,-0.683333,0.115,-0.498143,-0.497775,11.71875,10.744629,2.508969,2.752669,2.977887,8.203125,7.618001,1.716846,1.954732,2.119042,5.859375,5.428467,,1.388477,1.503789,4.2,3.850208,,0.98796,1.072264,0.962552,0.641701
format_pair,mobilenet_v3_large/default/int8~default/posit6_es1,-28.69,0.334,-0.513919,-0.500497,17.1875,16.147298,3.59994,4.17169,4.469658,12.5,11.462972,2.360559,2.950136,3.165501,8.59375,8.144857,,2.094397,2.244674,6.2,5.585208,,1.490498,1.602236,1.396302,0.930868
format_pair,mobilenet_v3_large/default/int8~default/posit8_es1,1.758333,0.109,-0.506692,-0.475948,10.9375,10.842285,2.668011,2.776887,2.891924,7.8125,7.701416,1.812289,1.973132,2.055341,5.664062,5.38737,,1.391816,1.452359,4.1,3.83375,,0.998987,1.043221,0.958437,0.638958
format_pair,mobilenet_v3_large/default/int8~default/q1_6,0.366667,0.044,-0.498091,-0.488727,7.03125,7.03125,1.709255,1.772846,1.801873,5.078125,5.013835,1.210066,1.271904,1.296994,3.515625,3.515625,,0.909224,0.930266,2.6,2.53375,,0.650008,0.663054,0.633437,0.422292
recipe_pair,mobilenet_v3_large/default/int8~minimal/int8,-1.45,0.094,-0.482855,-0.517876,10.9375,10.166016,2.544311,2.668672,2.673228,7.421875,7.421875,1.590527,1.89559,1.903783,5.078125,5.177002,,1.328382,1.335455,3.8,3.8,,0.962457,0.968215,0.95,0.633333
format_pair,mobilenet_v3_large/default/log6~default/log8,16.675,0.223,-0.484132,-0.483067,14.84375,13.777018,3.392873,3.541615,3.930344,10.9375,9.812012,2.19931,2.506834,2.788675,7.8125,7.012085,,1.777657,1.9788,5.5,5.093375,,1.269257,1.412767,1.273344,0.848896
format_pair,mobilenet_v3_large/default/log6~default/mxfp6_e3m2,-10.121389,0.266,-0.503622,-0.493838,17.1875,15.756836,3.54837,4.040228,4.438333,12.5,11.214518,2.586942,2.857249,3.150276,8.984375,7.920003,,2.021894,2.236427,6.2,5.592486,,1.446399,1.593424,1.398122,0.932081
format_pair,mobilenet_v3_large/default/log6~default/mxfp8_e4m3,17.758333,0.226,-0.492951,-0.479035,14.84375,13.997396,3.353445,3.579816,3.919452,10.9375,9.948486,2.099994,2.528941,2.774076,7.617188,7.012533,,1.792723,1.969867,5.6,5.095042,,1.280404,1.406329,1.27376,0.849174
format_pair,mobilenet_v3_large/default/log6~default/posit6_es1,-10.248333,0.249,-0.504145,-0.505394,17.1875,14.77946,3.371874,3.801443,4.286965,11.71875,10.509033,2.228588,2.691689,3.040117,8.59375,7.463013,,1.910786,2.15948,6.0,5.229333,,1.362591,1.542644,1.307333,0.871556
format_pair,mobilenet_v3_large/default/log6~default/posit8_es1,20.2,0.244,-0.483382,-0.49147,15.625,14.453125,3.467823,3.718853,4.029782,11.328125,10.286458,2.293783,2.626674,2.85445,8.007812,7.306641,,1.86384,2.023606,5.7,5.363833,,1.331252,1.44708,1.340958,0.893972
format_pair,mobilenet_v3_large/default/log6~default/q1_6,18.808333,0.251,-0.495067,-0.502834,16.40625,14.713542,3.518247,3.78192,4.113686,11.71875,10.419108,2.146675,2.674727,2.916821,8.007812,7.400798,,1.896056,2.068011,5.9,5.315833,,1.355324,1.479726,1.328958,0.885972
recipe_pair,mobilenet_v3_large/default/log6~minimal/log6,-37.254246,0.414,-0.48519,-0.522728,18.75,16.33982,3.802437,4.190129,4.612907,12.890625,11.567034,2.583311,2.961465,3.264995,8.984375,8.179292,,2.097887,2.314373,6.4,6.048603,,1.498971,1.655669,1.512151,1.008101
format_pair,mobilenet_v3_large/default/log8~default/mxfp6_e3m2,-26.796389,0.299,-0.505642,-0.499225,16.40625,14.847819,3.703462,3.830145,4.222991,11.71875,10.5743,2.673686,2.710914,2.994406,8.203125,7.503126,,1.915157,2.120442,5.9,5.23684,,1.370286,1.516018,1.30921,0.872807
format_pair,mobilenet_v3_large/default/log8~default/mxfp8_e4m3,1.083333,0.083,-0.507813,-0.500974,10.15625,8.854167,2.159196,2.275261,2.528063,7.03125,6.364339,1.531606,1.618282,1.795656,5.078125,4.509277,,1.152969,1.276763,3.6,3.108542,,0.817462,0.909808,0.777135,0.51809
format_pair,mobilenet_v3_large/default/log8~default/posit6_es1,-26.923333,0.292,-0.512383,-0.499225,16.40625,14.851725,3.471707,3.835168,4.188844,11.71875,10.600423,2.40164,2.715044,2.969923,8.203125,7.538371,,1.925942,2.108781,5.9,5.153458,,1.370083,1.501453,1.288365,0.85891
format_pair,mobilenet_v3_large/default/log8~default/posit8_es1,3.525,0.079,-0.490655,-0.488234,9.375,8.59375,2.006576,2.181163,2.443124,6.640625,6.054688,1.371572,1.5424,1.732273,4.882812,4.313354,,1.095337,1.234121,3.4,3.133542,,0.785146,0.882672,0.783385,0.522257
format_pair,mobilenet_v3_large/default/log8~default/q1_6,2.133333,0.118,-0.485234,-0.497775,11.71875,10.645345,2.628179,2.741277,3.009594,8.203125,7.585449,1.681883,1.942713,2.135977,5.859375,5.355428,,1.37519,1.513524,4.2,3.942083,,0.984689,1.083162,0.985521,0.657014
recipe_pair,mobilenet_v3_large/default/log8~minimal/log8,-0.471667,0.116,-0.490681,-0.504509,11.71875,10.223796,2.557687,2.625505,2.984907,8.59375,7.259928,1.743507,1.866724,2.124003,5.859375,5.14742,,1.314023,1.501852,4.2,3.733458,,0.942748,1.076866,0.933365,0.622243
format_pair,mobilenet_v3_large/default/mxfp6_e3m2~default/mxfp8_e4m3,27.879722,0.32,-0.491433,-0.507558,17.1875,15.626628,3.792955,4.042047,4.342981,12.5,11.164836,2.663473,2.860096,3.08166,8.59375,7.937554,,2.026266,2.185997,6.1,5.690833,,1.445191,1.557935,1.422708,0.948472
format_pair,mobilenet_v3_large/default/mxfp6_e3m2~default/posit6_es1,-0.126944,0.203,-0.50299,-0.505599,15.625,13.390028,3.161432,3.432705,3.967928,10.9375,9.519314,2.266982,2.430822,2.810504,7.8125,6.703674,,1.717831,1.983558,5.5,4.764118,,1.228715,1.424693,1.19103,0.79402
format_pair,mobilenet_v3_large/default/mxfp6_e3m2~default/posit8_es1,30.321389,0.328,-0.502397,-0.513583,17.1875,15.625,3.782056,4.038288,4.320162,12.109375,11.128554,2.605134,2.85542,3.060853,8.398438,7.930237,,2.021554,2.169904,6.0,5.544111,,1.443523,1.550432,1.386028,0.924019
format_pair,mobilenet_v3_large/default/mxfp6_e3m2~default/q1_6,28.929722,0.337,-0.506885,-0.500454,17.1875,16.253743,3.870625,4.178562,4.435816,12.5,11.506171,2.639474,2.957592,3.146559,8.596191,8.170553,,2.093416,2.229997,6.2,5.715229,,1.494496,1.592102,1.428807,0.952538
recipe_pair,mobilenet_v3_large/default/mxfp6_e3m2~minimal/mxfp6_e3m2,-14.891548,0.281,-0.516085,-0.48689,17.1875,15.946235,3.863582,4.073067,4.501264,12.5,11.261746,2.822418,2.88262,3.191944,8.984375,7.985545,,2.04669,2.268546,6.3,5.492426,,1.45944,1.61765,1.373106,0.915404
format_pair,mobilenet_v3_large/default/mxfp8_e4m3~default/posit6_es1,-28.006667,0.301,-0.50847,-0.499225,16.40625,15.00765,3.334788,3.880793,4.201242,11.71875,10.709635,2.184587,2.746474,2.980406,8.203125,7.611491,,1.948584,2.112606,5.9,5.255792,,1.385609,1.504895,1.313948,0.875965
format_pair,mobilenet_v3_large/default/mxfp8_e4m3~default/posit8_es1,2.441667,0.064,-0.495971,-0.497131,8.59375,7.421875,1.727236,1.882513,2.199969,6.25,5.291748,1.119034,1.34271,1.571827,4.394531,3.760579,,0.958751,1.123102,3.1,2.675208,,0.681595,0.797972,0.668802,0.445868
format_pair,mobilenet_v3_large/default/mxfp8_e4m3~default/q1_6,1.05,0.109,-0.491464,-0.475948,10.9375,10.157064,2.469609,2.624609,2.893678,7.8125,7.195231,1.525147,1.859218,2.058874,5.664062,5.143433,,1.308933,1.452001,4.1,3.692083,,0.942106,1.043451,0.923021,0.615347
recipe_pair,mobilenet_v3_large/default/mxfp8_e4m3~minimal/mxfp8_e4m3,-4.9,0.146,-0.481697,-0.473193,12.5,11.71875,2.622782,3.003139,3.314454,9.375,8.25236,1.815643,2.121142,2.345195,6.445312,5.82723,,1.499894,1.660736,4.8,4.375417,,1.079127,1.194303,1.093854,0.729236
format_pair,mobilenet_v3_large/default/posit6_es1~default/posit8_es1,30.448333,0.325,-0.513402,-0.513403,17.1875,15.587565,3.546393,4.017313,4.326226,12.109375,11.101888,2.364427,2.841049,3.063707,8.398438,7.833577,,2.011074,2.169718,6.0025,5.410792,,1.434323,1.550223,1.352698,0.901799
format_pair,mobilenet_v3_large/default/posit6_es1~default/q1_6,29.056667,0.334,-0.507716,-0.497131,17.1875,16.081543,3.608692,4.156315,4.441738,12.5,11.388102,2.381791,2.938701,3.145755,8.789062,8.118856,,2.08579,2.230105,6.2,5.636125,,1.484682,1.591678,1.409031,0.939354
format_pair,mobilenet_v3_large/default/posit8_es1~default/q1_6,-1.391667,0.091,-0.506155,-0.51005,10.9375,9.765625,2.30714,2.482315,2.647263,7.03125,6.870931,1.415382,1.761827,1.880881,5.078125,4.866536,,1.238842,1.324752,3.8,3.442917,,0.891338,0.953682,0.860729,0.573819
recipe_pair,mobilenet_v3_large/default/q1_6~minimal/q1_6,-1.816667,0.096,-0.497452,-0.508368,10.9375,10.481771,2.500001,2.664418,2.700437,7.8125,7.358398,1.602222,1.884172,1.915505,5.273438,5.159912,,1.324996,1.350315,3.9,3.783333,,0.960388,0.977323,0.945833,0.630556
format_pair,mobilenet_v3_large/minimal/bfp6~minimal/fp6_e2m3,-10.725,0.276,-0.5094,-0.480301,17.197266,16.700033,3.777859,4.280003,4.547841,12.5,11.868083,2.202742,3.027806,3.223462,8.984375,8.407796,,2.154242,2.299986,6.4,5.842708,,1.531848,1.633352,1.460677,0.973785
format_pair,mobilenet_v3_large/minimal/bfp6~minimal/fp6_e3m2,-5.208413,0.239,-0.490153,-0.498216,17.1875,15.497233,3.689264,3.98761,4.268669,11.71875,11.030793,2.348301,2.820973,3.024948,8.59375,7.805054,,2.001334,2.148185,6.1,5.669907,,1.431331,1.537527,1.417477,0.944984
format_pair,mobilenet_v3_large/minimal/bfp6~minimal/fp7_e3m3,21.558333,0.296,-0.489087,-0.500497,17.1875,16.015625,3.774437,4.117464,4.412589,12.5,11.329753,2.553824,2.905847,3.120285,8.59375,8.008423,,2.052781,2.205472,6.2,5.876458,,1.477796,1.589767,1.469115,0.97941
format_pair,mobilenet_v3_large/minimal/bfp6~minimal/fp8_e4m3fn,20.966667,0.281,-0.483533,-0.488402,16.40625,15.563151,3.722604,4.017,4.283288,11.71875,11.102295,2.403824,2.833568,3.026906,8.398438,7.878215,,2.010552,2.14783,6.0,5.775625,,1.441779,1.543214,1.443906,0.962604
format_pair,mobilenet_v3_large/minimal/bfp6~minimal/fp8_e5m2,-2.33877,0.247,-0.505079,-0.502962,17.1875,15.973145,3.733882,4.096855,4.363072,12.109375,11.304362,2.278996,2.897528,3.093233,8.59375,8.046353,,2.05611,2.202994,6.1,5.635372,,1.468939,1.570474,1.408843,0.939229
format_pair,mobilenet_v3_large/minimal/bfp6~minimal/int8,22.658333,0.288,-0.487659,-0.488221,16.40625,16.015625,3.920921,4.147301,4.28617,11.71875,11.330973,2.531411,2.92594,3.030733,8.398438,8.1545,,2.075876,2.149478,6.0025,5.859375,,1.487024,1.542154,1.464844,0.976562
format_pair,mobilenet_v3_large/minimal/bfp6~minimal/log6,-31.587579,0.349,-0.496496,-0.500497,17.1875,16.376721,3.47529,4.208395,4.449108,12.5,11.587286,2.330081,2.976843,3.152553,8.59375,8.22156,,2.11378,2.2402,6.2,5.899563,,1.505005,1.596092,1.474891,0.98326
format_pair,mobilenet_v3_large/minimal/bfp6~minimal/log8,21.87,0.264,-0.491936,-0.506648,16.40625,15.104167,3.538871,3.882872,4.102294,11.71875,10.678548,2.463262,2.742299,2.904484,8.203125,7.601318,,1.946687,2.067061,5.8,5.4925,,1.393194,1.477173,1.373125,0.915417
format_pair,mobilenet_v3_large/minimal/bfp6~minimal/mxfp6_e3m2,-19.34627,0.292,-0.512939,-0.490183,17.1875,16.173177,3.992587,4.157182,4.477827,12.5,11.53068,2.684752,2.938722,3.169794,8.789062,8.167672,,2.090599,2.257641,6.3,5.6125,,1.488884,1.608962,1.403125,0.935417
format_pair,mobilenet_v3_large/minimal/bfp6~minimal/mxfp8_e4m3,18.525,0.251,-0.495459,-0.51781,16.40625,15.234375,3.489378,3.917395,4.118394,11.71875,10.792236,2.374493,2.768528,2.911688,8.007812,7.658488,,1.963618,2.064852,5.7,5.500833,,1.404944,1.48213,1.375208,0.916806
format_pair,mobilenet_v3_large/minimal/bfp6~minimal/q1_6,22.658333,0.288,-0.487659,-0.488221,16.40625,16.015625,3.920921,4.147301,4.28617,11.71875,11.330973,2.531411,2.92594,3.030733,8.398438,8.1545,,2.075876,2.149478,6.0025,5.859375,,1.487024,1.542154,1.464844,0.976562
format_pair,mobilenet_v3_large/minimal/fp6_e2m3~minimal/fp6_e3m2,5.516587,0.255,-0.500537,-0.497131,17.1875,15.853895,3.922549,4.065624,4.428289,12.5,11.254825,2.439473,2.881307,3.149804,8.789062,8.007646,,2.040916,2.230222,6.2,5.652746,,1.454775,1.590519,1.413187,0.942124
format_pair,mobilenet_v3_large/minimal/fp6_e2m3~minimal/fp7_e3m3,32.283333,0.34,-0.480369,-0.500497,17.1875,15.888672,3.754718,4.111981,4.38706,12.5,11.394857,2.456692,2.905806,3.10829,8.59375,7.976685,,2.051833,2.19923,6.2,5.967083,,1.468729,1.57348,1.491771,0.994514
format_pair,mobilenet_v3_large/minimal/fp6_e2m3~minimal/fp8_e4m3fn,31.691667,0.335,-0.487238,-0.507558,17.1875,15.885417,3.834475,4.082259,4.346095,12.5,11.265055,2.330619,2.885054,3.080242,8.59375,7.97526,,2.038469,2.18096,6.1,5.850208,,1.459187,1.559458,1.462552,0.975035
format_pair,mobilenet_v3_large/minimal/fp6_e2m3~minimal/fp8_e5m2,8.38623,0.279,-0.50415,-0.499579,17.96875,16.353399,3.804554,4.200411,4.598453,12.5,11.640191,2.260048,2.967507,3.258752,8.984375,8.248849,,2.098435,2.312466,6.4,5.790321,,1.502447,1.652486,1.44758,0.965054
format_pair,mobilenet_v3_large/minimal/fp6_e2m3~minimal/int8,33.383333,0.356,-0.49078,-0.497131,17.1875,16.666667,4.023927,4.293157,4.439509,12.5,11.850586,2.669088,3.036884,3.149529,8.789062,8.374634,,2.147579,2.232798,6.2,6.091667,,1.534508,1.592482,1.522917,1.015278
format_pair,mobilenet_v3_large/minimal/fp6_e2m3~minimal/log6,-20.862579,0.289,-0.498622,-0.51014,17.1875,15.615839,3.521988,4.018104,4.349913,12.109375,11.055854,2.136314,2.841083,3.082745,8.59375,7.938561,,2.018407,2.189803,6.0,5.574984,,1.438805,1.563582,1.393746,0.929164
format_pair,mobilenet_v3_large/minimal/fp6_e2m3~minimal/log8,32.595,0.358,-0.486508,-0.48689,17.1875,16.279297,3.650297,4.190326,4.513309,12.5,11.590169,2.475021,2.961798,3.199967,8.984375,8.155721,,2.096012,2.274519,6.3,6.017667,,1.49773,1.618332,1.504417,1.002944
format_pair,mobilenet_v3_large/minimal/fp6_e2m3~minimal/mxfp6_e3m2,-8.62127,0.268,-0.513331,-0.480052,17.1875,16.121257,3.857442,4.128135,4.491426,12.5,11.355821,2.505202,2.922667,3.190285,8.984375,8.038873,,2.071581,2.268531,6.4,5.591403,,1.477521,1.614323,1.397851,0.9319
format_pair,mobilenet_v3_large/minimal/fp6_e2m3~minimal/mxfp8_e4m3,29.25,0.331,-0.498512,-0.490183,17.1875,16.145833,3.778254,4.15553,4.465075,12.5,11.491699,2.45621,2.936237,3.16226,8.789062,8.106689,,2.076215,2.243769,6.3,5.800625,,1.485291,1.601471,1.450156,0.966771
format_pair,mobilenet_v3_large/minimal/fp6_e2m3~minimal/q1_6,33.383333,0.356,-0.49078,-0.497131,17.1875,16.666667,4.023927,4.293157,4.439509,12.5,11.850586,2.669088,3.036884,3.149529,8.789062,8.374634,,2.147579,2.232798,6.2,6.091667,,1.534508,1.592482,1.522917,1.015278
format_pair,mobilenet_v3_large/minimal/fp6_e3m2~minimal/fp7_e3m3,26.766746,0.315,-0.478999,-0.500497,17.1875,15.48012,3.94997,3.983294,4.379653,12.5,11.020392,2.412665,2.819797,3.104449,8.59375,7.743404,,1.989229,2.191695,6.2,5.825016,,1.428569,1.574544,1.456254,0.970836
format_pair,mobilenet_v3_large/minimal/fp6_e3m2~minimal/fp8_e4m3fn,26.175079,0.302,-0.474465,-0.488402,16.40625,15.170898,3.841674,3.905382,4.261903,11.71875,10.751907,2.260215,2.762462,3.020948,8.398438,7.555962,,1.948862,2.134663,6.0,5.768563,,1.400613,1.534392,1.442141,0.961427
format_pair,mobilenet_v3_large/minimal/fp6_e3m2~minimal/fp8_e5m2,2.869643,0.224,-0.488803,-0.506648,16.40625,14.047759,3.328568,3.591907,4.156223,11.71875,9.954569,2.024401,2.544003,2.945707,8.203125,7.028957,,1.799452,2.087855,5.8,5.159554,,1.288991,1.493238,1.289888,0.859926
format_pair,mobilenet_v3_large/minimal/fp6_e3m2~minimal/int8,27.866746,0.321,-0.468728,-0.507558,17.1875,15.86735,4.02929,4.081155,4.357632,12.5,11.224226,2.627424,2.884279,3.086234,8.59375,7.986196,,2.036741,2.184216,6.1,6.087681,,1.462661,1.566445,1.52192,1.014613
format_pair,mobilenet_v3_large/minimal/fp6_e3m2~minimal/log6,-26.379167,0.33,-0.495792,-0.496872,17.1875,15.995791,3.610201,4.114934,4.532357,12.5,11.404006,2.353476,2.912281,3.211798,8.793945,8.091986,,2.066208,2.281499,6.2025,5.771061,,1.47251,1.626235,1.442765,0.961843
format_pair,mobilenet_v3_large/minimal/fp6_e3m2~minimal/log8,27.078413,0.315,-0.477541,-0.500497,17.1875,15.288652,3.76774,3.940202,4.352195,12.5,10.865083,2.394354,2.788094,3.086101,8.59375,7.669375,,1.9609,2.177753,6.2,5.763313,,1.412186,1.564529,1.440828,0.960552
format_pair,mobilenet_v3_large/minimal/fp6_e3m2~minimal/mxfp6_e3m2,-14.137857,0.247,-0.509431,-0.488402,16.40625,14.7111,3.637712,3.775267,4.220257,11.71875,10.444231,2.556531,2.67792,2.99718,8.398438,7.497033,,1.902177,2.130341,6.0,5.123252,,1.352439,1.516044,1.280813,0.853875
format_pair,mobilenet_v3_large/minimal/fp6_e3m2~minimal/mxfp8_e4m3,23.733413,0.288,-0.50576,-0.488402,16.40625,14.844076,3.653602,3.828243,4.275362,11.71875,10.612921,2.472535,2.708493,3.026021,8.398438,7.525524,,1.916564,2.143231,6.0,5.235065,,1.371524,1.536281,1.308766,0.872511
format_pair,mobilenet_v3_large/minimal/fp6_e3m2~minimal/q1_6,27.866746,0.321,-0.468728,-0.507558,17.1875,15.86735,4.02929,4.081155,4.357632,12.5,11.224226,2.627424,2.884279,3.086234,8.59375,7.986196,,2.036741,2.184216,6.1,6.087681,,1.462661,1.566445,1.52192,1.014613
format_pair,mobilenet_v3_large/minimal/fp7_e3m3~minimal/fp8_e4m3fn,-0.591667,0.055,-0.500773,-0.482537,7.8125,6.640625,1.700043,1.720127,2.029502,5.46875,4.817708,1.068781,1.229637,1.454452,3.90625,3.320719,,0.862729,1.021544,2.9,2.391875,,0.625477,0.741613,0.597969,0.398646
format_pair,mobilenet_v3_large/minimal/fp7_e3m3~minimal/fp8_e5m2,-23.897103,0.289,-0.478885,-0.484958,16.40625,15.448963,3.642593,3.958157,4.278299,11.71875,10.8935,2.335882,2.801092,3.033806,8.59375,7.70086,,1.975392,2.146499,6.0,5.803303,,1.419495,1.541009,1.450826,0.967217
format_pair,mobilenet_v3_large/minimal/fp7_e3m3~minimal/int8,1.1,0.1,-0.488273,-0.50292,10.9375,10.15625,2.534522,2.57516,2.771496,7.8125,7.06543,1.664501,1.823738,1.973564,5.46875,4.997762,,1.293468,1.399269,3.9,3.733333,,0.924695,0.998719,0.933333,0.622222
format_pair,mobilenet_v3_large/minimal/fp7_e3m3~minimal/log6,-53.145913,0.537,-0.490114,-0.508717,17.96875,16.575451,3.611613,4.277148,4.592661,12.700195,11.820615,2.414548,3.0249,3.253955,8.984375,8.435681,,2.146501,2.308987,6.3,6.046958,,1.530127,1.64856,1.51174,1.007826
format_pair,mobilenet_v3_large/minimal/fp7_e3m3~minimal/log8,0.311667,0.1,-0.489334,-0.491926,10.9375,9.375,2.045671,2.360946,2.764698,7.8125,6.544596,1.390756,1.669828,1.962475,5.46875,4.598185,,1.174252,1.380903,4.0,3.445625,,0.849745,0.99982,0.861406,0.574271
format_pair,mobilenet_v3_large/minimal/fp7_e3m3~minimal/mxfp6_e3m2,-40.904603,0.434,-0.500812,-0.52705,18.75,16.798177,3.971557,4.325173,4.673376,13.28125,11.947835,2.820902,3.056564,3.310199,8.984375,8.419996,,2.16406,2.34699,6.4,6.00524,,1.54891,1.678988,1.50131,1.000873
format_pair,mobilenet_v3_large/minimal/fp7_e3m3~minimal/mxfp8_e4m3,-3.033333,0.161,-0.483302,-0.504301,14.0625,12.239583,2.789277,3.143598,3.504473,9.765625,8.723958,1.946139,2.221603,2.47883,6.835938,6.071574,,1.562623,1.747422,5.0,4.575208,,1.132904,1.265065,1.143802,0.762535
format_pair,mobilenet_v3_large/minimal/fp7_e3m3~minimal/q1_6,1.1,0.1,-0.488273,-0.50292,10.9375,10.15625,2.534522,2.57516,2.771496,7.8125,7.06543,1.664501,1.823738,1.973564,5.46875,4.997762,,1.293468,1.399269,3.9,3.733333,,0.924695,0.998719,0.933333,0.622222
format_pair,mobilenet_v3_large/minimal/fp8_e4m3fn~minimal/fp8_e5m2,-23.305437,0.288,-0.483639,-0.484958,16.40625,15.41748,3.535182,3.972391,4.277297,11.71875,10.944743,2.188032,2.806324,3.03064,8.59375,7.676331,,1.981988,2.14719,6.0,5.74356,,1.42287,1.539234,1.43589,0.95726
format_pair,mobilenet_v3_large/minimal/fp8_e4m3fn~minimal/int8,1.691667,0.115,-0.488388,-0.508239,11.71875,10.940755,2.809137,2.819142,2.973542,8.203125,7.813314,1.749514,1.998876,2.113404,5.859375,5.501302,,1.409734,1.488657,4.1,4.025833,,1.011343,1.071032,1.006458,0.670972
format_pair,mobilenet_v3_large/minimal/fp8_e4m3fn~minimal/log6,-52.554246,0.534,-0.479394,-0.506417,17.96875,16.642392,3.673445,4.280804,4.576203,12.5,11.786732,2.312456,3.027497,3.242553,8.984375,8.417977,,2.14668,2.298559,6.3,6.221974,,1.531478,1.642571,1.555494,1.036996
format_pair,mobilenet_v3_large/minimal/fp8_e4m3fn~minimal/log8,0.903333,0.089,-0.500907,-0.477496,10.15625,8.986003,2.058969,2.293008,2.602514,7.03125,6.370687,1.301178,1.623125,1.846138,5.078125,4.466634,,1.14652,1.311335,3.8,3.217542,,0.82596,0.943138,0.804385,0.536257
format_pair,mobilenet_v3_large/minimal/fp8_e4m3fn~minimal/mxfp6_e3m2,-40.312937,0.427,-0.490075,-0.522728,18.75,16.796875,3.956284,4.312518,4.621378,12.890625,11.850586,2.687954,3.046166,3.272999,8.984375,8.42905,,2.161292,2.323707,6.4,6.136062,,1.543833,1.660358,1.534015,1.022677
format_pair,mobilenet_v3_large/minimal/fp8_e4m3fn~minimal/mxfp8_e4m3,-2.441667,0.146,-0.496565,-0.468721,12.5,11.914062,2.735763,3.065202,3.338932,9.375,8.497314,1.862745,2.163732,2.358999,6.640625,5.957642,,1.529695,1.672786,4.8,4.308542,,1.103047,1.204575,1.077135,0.71809
format_pair,mobilenet_v3_large/minimal/fp8_e4m3fn~minimal/q1_6,1.691667,0.115,-0.488388,-0.508239,11.71875,10.940755,2.809137,2.819142,2.973542,8.203125,7.813314,1.749514,1.998876,2.113404,5.859375,5.501302,,1.409734,1.488657,4.1,4.025833,,1.011343,1.071032,1.006458,0.670972
format_pair,mobilenet_v3_large/minimal/fp8_e5m2~minimal/int8,24.997103,0.303,-0.480445,-0.502166,17.1875,16.08903,3.812945,4.133858,4.342642,12.5,11.3332,2.602282,2.923053,3.079343,8.498535,8.040857,,2.064313,2.177131,6.2,6.014598,,1.480465,1.561893,1.50365,1.002433
format_pair,mobilenet_v3_large/minimal/fp8_e5m2~minimal/log6,-29.24881,0.328,-0.486326,-0.507558,17.1875,15.334147,3.272415,3.937027,4.362643,12.5,10.833969,2.058636,2.783963,3.08943,8.59375,7.776307,,1.977485,2.195841,6.1,5.632514,,1.407193,1.565426,1.408128,0.938752
format_pair,mobilenet_v3_large/minimal/fp8_e5m2~minimal/log8,24.20877,0.295,-0.476304,-0.508958,17.1875,15.704625,3.607526,4.026939,4.312324,11.728516,11.052707,2.334345,2.846234,3.055292,8.398438,7.906857,,2.009682,2.163366,6.0,5.910354,,1.442522,1.551486,1.477589,0.985059
format_pair,mobilenet_v3_large/minimal/fp8_e5m2~minimal/mxfp6_e3m2,-17.0075,0.277,-0.503676,-0.496582,17.1875,15.257107,3.600583,3.923451,4.402055,12.30957,10.872576,2.382439,2.776053,3.120027,8.691406,7.70717,,1.973364,2.218606,6.2,5.407419,,1.406443,1.582501,1.351855,0.901236
format_pair,mobilenet_v3_large/minimal/fp8_e5m2~minimal/mxfp8_e4m3,20.86377,0.266,-0.478479,-0.499225,16.40625,14.946491,3.414831,3.832916,4.194134,11.71875,10.583455,2.199587,2.709534,2.971588,8.203125,7.47101,,1.912506,2.107238,5.9,5.622291,,1.373217,1.508589,1.405573,0.937048
format_pair,mobilenet_v3_large/minimal/fp8_e5m2~minimal/q1_6,24.997103,0.303,-0.480445,-0.502166,17.1875,16.08903,3.812945,4.133858,4.342642,12.5,11.3332,2.602282,2.923053,3.079343,8.498535,8.040857,,2.064313,2.177131,6.2,6.014598,,1.480465,1.561893,1.50365,1.002433
format_pair,mobilenet_v3_large/minimal/int8~minimal/log6,-54.245913,0.553,-0.503957,-0.507008,17.988281,17.032785,3.815364,4.393277,4.590559,12.509766,12.065941,2.49983,3.104376,3.250101,8.984375,8.561843,,2.201569,2.304881,6.3,6.031138,,1.57066,1.646326,1.507784,1.00519
format_pair,mobilenet_v3_large/minimal/int8~minimal/log8,-0.788333,0.112,-0.493891,-0.465483,10.9375,10.807292,2.623903,2.791255,2.929187,7.8125,7.716471,1.690944,1.97437,2.079061,5.664062,5.403931,,1.379449,1.457334,4.2,3.933958,,1.002645,1.057828,0.98349,0.65566
format_pair,mobilenet_v3_large/minimal/int8~minimal/mxfp6_e3m2,-42.004603,0.442,-0.495841,-0.522728,18.75,17.123372,4.138242,4.40807,4.636455,12.890625,12.159587,2.948554,3.113265,3.283227,8.984375,8.654545,,2.21003,2.332988,6.4,6.170958,,1.577211,1.664824,1.54274,1.028493
format_pair,mobilenet_v3_large/minimal/int8~minimal/mxfp8_e4m3,-4.133333,0.157,-0.502373,-0.511507,14.0625,12.762044,3.100329,3.247943,3.454473,9.375,8.98641,2.059759,2.297339,2.446343,6.640625,6.282959,,1.620925,1.727474,4.9,4.558958,,1.165581,1.24415,1.13974,0.759826
format_pair,mobilenet_v3_large/minimal/int8~minimal/q1_6,0.0,0.0,,,0.0,0.0,0.0,0.0,0.0,0.0,0.0,0.0,0.0,0.0,0.0,0.0,,0.0,0.0,0.0,0.0,,0.0,0.0,0.0,0.0
format_pair,mobilenet_v3_large/minimal/log6~minimal/log8,53.457579,0.539,-0.509536,-0.506474,17.96875,16.565104,3.531334,4.269201,4.558557,12.504883,11.740845,2.294404,3.018953,3.229613,8.984375,8.304263,,2.138501,2.291347,6.3,5.797092,,1.526919,1.635723,1.449273,0.966182
format_pair,mobilenet_v3_large/minimal/log6~minimal/mxfp6_e3m2,12.24131,0.235,-0.481452,-0.506648,16.40625,14.263277,3.428068,3.662874,4.123868,11.71875,10.088774,2.276177,2.594603,2.926582,8.203125,7.217668,,1.842761,2.079709,5.8,5.304239,,1.310913,1.481131,1.32606,0.88404
format_pair,mobilenet_v3_large/minimal/log6~minimal/mxfp8_e4m3,50.112579,0.504,-0.496862,-0.499579,17.96875,16.710031,3.533472,4.298419,4.578387,12.5,11.862549,2.357909,3.03812,3.240711,8.984375,8.402039,,2.154005,2.298738,6.4,6.018,,1.537341,1.642389,1.5045,1.003
format_pair,mobilenet_v3_large/minimal/log6~minimal/q1_6,54.245913,0.553,-0.503957,-0.522728,18.75,17.032785,3.815364,4.393277,4.590559,12.890625,12.065941,2.49983,3.104376,3.250101,8.984375,8.561843,,2.201569,2.304881,6.4,6.031138,,1.57066,1.646326,1.507784,1.00519
format_pair,mobilenet_v3_large/minimal/log8~minimal/mxfp6_e3m2,-41.21627,0.432,-0.485991,-0.529567,18.75,16.537598,3.814801,4.268078,4.618176,12.890625,11.756619,2.672328,3.015085,3.270622,8.984375,8.326904,,2.137475,2.321025,6.3,6.10681,,1.527793,1.658867,1.526702,1.017802
format_pair,mobilenet_v3_large/minimal/log8~minimal/mxfp8_e4m3,-3.345,0.147,-0.500849,-0.495352,13.28125,12.242839,2.793577,3.139741,3.344518,9.375,8.71167,1.927838,2.215539,2.365012,6.640625,6.097371,,1.561657,1.672419,4.8,4.386708,,1.127372,1.206777,1.096677,0.731118
format_pair,mobilenet_v3_large/minimal/log8~minimal/q1_6,0.788333,0.112,-0.493891,-0.465483,10.9375,10.807292,2.623903,2.791255,2.929187,7.8125,7.716471,1.690944,1.97437,2.079061,5.664062,5.403931,,1.379449,1.457334,4.2,3.933958,,1.002645,1.057828,0.98349,0.65566
format_pair,mobilenet_v3_large/minimal/mxfp6_e3m2~minimal/mxfp8_e4m3,37.87127,0.391,-0.510709,-0.48689,17.1875,16.398344,3.789134,4.21133,4.510082,12.5,11.645333,2.657567,2.975764,3.194062,8.984375,8.255832,,2.107358,2.264202,6.3,5.71854,,1.50666,1.619009,1.429635,0.95309
format_pair,mobilenet_v3_large/minimal/mxfp6_e3m2~minimal/q1_6,42.004603,0.442,-0.495841,-0.515996,18.75,17.123372,4.138242,4.40807,4.636455,12.890625,12.159587,2.948554,3.113265,3.283227,8.984375,8.654545,,2.21003,2.332988,6.5,6.170958,,1.577211,1.664824,1.54274,1.028493
format_pair,mobilenet_v3_large/minimal/mxfp8_e4m3~minimal/q1_6,4.133333,0.157,-0.502373,-0.495352,13.28125,12.762044,3.100329,3.247943,3.454473,9.375,8.98641,2.059759,2.297339,2.446343,6.640625,6.282959,,1.620925,1.727474,4.8,4.558958,,1.165581,1.24415,1.13974,0.759826
format_pair,resnet18/default/bfp6~default/fp5_e2m2,-27.709321,0.318,-0.493005,-0.514555,17.1875,14.764242,3.608775,3.808835,4.323885,12.5,10.523299,2.176178,2.699044,3.069312,8.59375,7.466247,,1.909176,2.174139,6.0025,5.361251,,1.367109,1.558602,1.340313,0.893542
format_pair,resnet18/default/bfp6~default/fp6_e2m3,-0.146667,0.064,-0.480196,-0.48671,8.59375,6.732747,1.608301,1.739404,2.205531,6.25,4.817708,1.095345,1.237953,1.571688,4.296875,3.467407,,0.877314,1.126477,3.2,2.5055,,0.628111,0.799975,0.626375,0.417583
format_pair,resnet18/default/bfp6~default/fp6_e3m2,-13.179802,0.194,-0.494003,-0.50438,14.84375,11.755476,3.064523,3.021094,3.6851,10.15625,8.367825,1.96675,2.146079,2.621039,7.421875,5.965118,,1.522008,1.869584,5.2,4.252019,,1.088177,1.332727,1.063005,0.70867
format_pair,resnet18/default/bfp6~default/fp7_e3m3,0.679167,0.057,-0.504581,-0.470494,7.8125,5.861003,1.41115,1.504611,2.072553,5.859375,4.222412,0.974108,1.065684,1.478723,4.101562,2.943868,,0.75781,1.052665,3.0,2.084562,,0.544824,0.754924,0.521141,0.347427
format_pair,resnet18/default/bfp6~default/fp8_e4m3fn,0.8625,0.063,-0.496195,-0.500497,8.59375,6.380208,1.434483,1.620671,2.185603,6.25,4.515299,0.979826,1.147693,1.555328,4.296875,3.195272,,0.812747,1.106522,3.1,2.302104,,0.585591,0.793215,0.575526,0.383684
format_pair,resnet18/default/bfp6~default/fp8_e5m2,-5.625357,0.144,-0.484862,-0.485592,12.5,9.430036,2.284651,2.425075,3.269703,8.989258,6.722563,1.476606,1.71547,2.31979,6.445312,4.794817,,1.223363,1.654429,4.6,3.482756,,0.87329,1.181711,0.870689,0.580459
format_pair,resnet18/default/bfp6~default/int5,-53.112154,0.541,-0.500791,-0.518387,18.75,16.037847,3.884983,4.123652,4.60505,12.509766,11.350102,2.480782,2.914984,3.262838,8.984375,8.050569,,2.05861,2.311108,6.4,5.721275,,1.476348,1.654421,1.430319,0.953546
format_pair,resnet18/default/bfp6~default/int6,-0.911667,0.066,-0.496793,-0.524933,9.375,6.770833,1.646862,1.730592,2.239468,6.25,4.844076,1.075526,1.224282,1.597543,4.296875,3.390544,,0.857889,1.133129,3.2,2.448625,,0.623966,0.810407,0.612156,0.408104
format_pair,resnet18/default/bfp6~default/int8,2.413333,0.056,-0.489323,-0.469196,7.8125,7.259115,1.785595,1.843663,2.052789,5.664062,5.078125,1.184058,1.305987,1.465104,4.003906,3.597127,,0.927374,1.038492,3.0,2.660458,,0.66616,0.746619,0.665115,0.44341
format_pair,resnet18/default/bfp6~default/log6,-12.260556,0.19,-0.48584,-0.480629,14.0625,11.746257,3.002674,3.020306,3.655919,10.15625,8.349414,2.03847,2.139296,2.591535,7.421875,5.949612,,1.512464,1.844863,5.2,4.329971,,1.085237,1.319561,1.082493,0.721662
format_pair,resnet18/default/bfp6~default/log8,1.281667,0.063,-0.495482,-0.500497,8.59375,6.510417,1.671873,1.647911,2.174661,6.25,4.564535,1.201338,1.170255,1.551357,4.296875,3.20813,,0.832193,1.104891,3.1,2.35875,,0.596401,0.793215,0.589687,0.393125
format_pair,resnet18/default/bfp6~default/mxfp6_e3m2,-15.189697,0.205,-0.509065,-0.50438,14.84375,12.181117,2.987196,3.122949,3.75339,10.15625,8.647551,1.908355,2.214469,2.669196,7.421875,6.108302,,1.569723,1.89578,5.2,4.269368,,1.120658,1.352032,1.067342,0.711561
format_pair,resnet18/default/bfp6~default/mxfp8_e4m3,0.905238,0.065,-0.489198,-0.483344,8.59375,6.607561,1.696063,1.695873,2.214321,6.25,4.666423,1.086195,1.198688,1.572368,4.394531,3.29087,,0.853116,1.127135,3.2,2.425804,,0.613436,0.80622,0.606451,0.404301
format_pair,resnet18/default/bfp6~default/posit6_es1,-7.208294,0.161,-0.481847,-0.516119,14.0625,10.162055,2.509236,2.602688,3.451141,9.375,7.223834,1.621784,1.848123,2.456537,6.835938,5.140146,,1.313072,1.748269,4.8,3.782469,,0.937552,1.247682,0.945617,0.630412
format_pair,resnet18/default/bfp6~default/posit8_es1,2.83,0.055,-0.477515,-0.492523,7.8125,6.641439,1.689849,1.731776,2.028895,5.859375,4.801758,1.107494,1.225665,1.449197,3.90625,3.418213,,0.871386,1.027001,2.9,2.495958,,0.624391,0.738641,0.62399,0.415993
format_pair,resnet18/default/bfp6~default/q1_6,2.363333,0.058,-0.466951,-0.512362,8.59375,6.96696,1.707516,1.789166,2.09209,5.859375,4.941569,1.107682,1.26879,1.492551,4.101562,3.473755,,0.906072,1.065486,3.0,2.695042,,0.646645,0.759895,0.67376,0.449174
recipe_pair,resnet18/default/bfp6~minimal/bfp6,2.241667,0.072,-0.471791,-0.522728,9.375,7.682943,1.827042,1.960717,2.334795,6.445312,5.384115,1.111718,1.383272,1.659704,4.492188,3.800822,,0.982027,1.176065,3.2,2.935208,,0.707665,0.845127,0.733802,0.489201
format_pair,resnet18/default/fp5_e2m2~default/fp6_e2m3,27.562654,0.314,-0.496003,-0.50172,17.1875,14.296348,3.64344,3.665338,4.294647,11.723633,10.154865,2.259728,2.596545,3.043788,8.398438,7.161833,,1.841213,2.155825,6.1,5.166501,,1.316309,1.549245,1.291625,0.861084
format_pair,resnet18/default/fp5_e2m2~default/fp6_e3m2,14.52952,0.21,-0.494957,-0.501571,14.84375,11.900455,2.876292,3.035568,3.800343,10.546875,8.364615,1.739312,2.151728,2.691675,7.421875,5.942818,,1.522611,1.900896,5.3,4.300625,,1.09178,1.373623,1.075156,0.716771
format_pair,resnet18/default/fp5_e2m2~default/fp7_e3m3,28.388488,0.329,-0.504653,-0.500497,17.1875,14.821128,3.740428,3.810148,4.405362,12.5,10.554507,2.357491,2.700635,3.125031,8.59375,7.451754,,1.911959,2.214488,6.2,5.24839,,1.368537,1.588304,1.312098,0.874732
format_pair,resnet18/default/fp5_e2m2~default/fp8_e4m3fn,28.571821,0.333,-0.509088,-0.500497,17.1875,14.868555,3.677835,3.813279,4.411576,12.5,10.559119,2.347657,2.703911,3.129751,8.59375,7.496049,,1.915467,2.214966,6.2,5.201997,,1.369287,1.590318,1.300499,0.867
format_pair,resnet18/default/fp5_e2m2~default/fp8_e5m2,22.083964,0.264,-0.521874,-0.506648,16.40625,13.28485,3.370192,3.411858,4.117772,11.71875,9.432015,2.089445,2.419213,2.918291,8.203125,6.698099,,1.71413,2.066972,5.8,4.512554,,1.226377,1.485719,1.128138,0.752092
format_pair,resnet18/default/fp5_e2m2~default/int5,-25.402833,0.255,-0.496497,-0.491035,14.84375,12.79918,3.083229,3.289179,3.892719,10.9375,9.145345,1.898525,2.324643,2.760654,7.8125,6.396178,,1.6452,1.956583,5.4,4.633203,,1.176047,1.399825,1.158301,0.7722
format_pair,resnet18/default/fp5_e2m2~default/int6,26.797654,0.298,-0.501791,-0.4957,16.40625,14.16942,3.697122,3.660479,4.225298,11.71875,10.140338,2.403584,2.593617,2.996415,8.398438,7.169643,,1.84018,2.124733,5.9,5.047991,,1.314864,1.524677,1.261998,0.841332
format_pair,resnet18/default/fp5_e2m2~default/int8,30.122654,0.34,-0.499374,-0.497131,17.1875,15.733509,3.848645,4.041409,4.438426,12.5,11.145077,2.440032,2.862201,3.14705,8.789062,7.895904,,2.027296,2.22871,6.2,5.63326,,1.450905,1.599687,1.408315,0.938877
format_pair,resnet18/default/fp5_e2m2~default/log6,15.448766,0.21,-0.492233,-0.496108,14.84375,12.086107,2.947355,3.098381,3.787803,10.15625,8.540884,1.920971,2.195337,2.683667,7.421875,6.039417,,1.557167,1.902548,5.3,4.402105,,1.115437,1.371481,1.100526,0.733684
format_pair,resnet18/default/fp5_e2m2~default/log8,28.990988,0.323,-0.514085,-0.503021,17.1875,14.606289,3.693408,3.754318,4.323502,12.114258,10.348146,2.402192,2.660482,3.067197,8.59375,7.40067,,1.886898,2.175165,6.1,5.039064,,1.348323,1.55856,1.259766,0.839844
format_pair,resnet18/default/fp5_e2m2~default/mxfp6_e3m2,12.519624,0.181,-0.492115,-0.491483,14.0625,10.926352,2.607879,2.795534,3.552348,9.765625,7.738029,1.615518,1.981475,2.516885,7.03125,5.471886,,1.409567,1.786976,5.1,3.980618,,1.007129,1.285982,0.995155,0.663436
format_pair,resnet18/default/fp5_e2m2~default/mxfp8_e4m3,28.614559,0.321,-0.501302,-0.507558,17.1875,14.808659,3.740215,3.798946,4.343667,12.5,10.547357,2.373761,2.68981,3.078552,8.59375,7.491938,,1.904787,2.182124,6.1,5.273564,,1.364063,1.566445,1.318391,0.878927
format_pair,resnet18/default/fp5_e2m2~default/posit6_es1,20.501028,0.255,-0.507662,-0.484466,15.644531,13.094433,3.320164,3.353948,4.060422,11.328125,9.305529,2.063065,2.378881,2.87551,8.007812,6.63278,,1.688877,2.034067,5.8,4.589934,,1.206006,1.46492,1.147483,0.764989
format_pair,resnet18/default/fp5_e2m2~default/posit8_es1,30.539321,0.337,-0.491405,-0.500497,17.1875,15.274068,3.627937,3.922839,4.38733,12.5,10.862923,2.276734,2.778428,3.111361,8.59375,7.672738,,1.966716,2.205533,6.2,5.575617,,1.407765,1.58106,1.393904,0.929269
format_pair,resnet18/default/fp5_e2m2~default/q1_6,30.072654,0.338,-0.492742,-0.500497,17.1875,15.614174,3.898622,4.018834,4.420593,12.5,11.089773,2.551511,2.84685,3.135299,8.59375,7.855501,,2.017269,2.22221,6.2,5.676702,,1.442803,1.593424,1.419175,0.946117
recipe_pair,resnet18/default/fp5_e2m2~minimal/fp5_e2m2,17.785079,0.313,-0.511059,-0.48968,17.96875,15.346964,3.761014,3.925237,4.667638,13.09082,10.842414,2.44474,2.777641,3.307675,9.179688,7.712054,,1.974756,2.353224,6.6,5.341819,,1.409901,1.682471,1.335455,0.890303
format_pair,resnet18/default/fp6_e2m3~default/fp6_e3m2,-13.033135,0.178,-0.502336,-0.508633,14.0625,11.237549,2.886268,2.8729,3.5194,9.765625,7.996268,1.83879,2.039978,2.502844,7.03125,5.621692,,1.450642,1.784961,4.9025,4.006572,,1.034383,1.273279,1.001643,0.667762
format_pair,resnet18/default/fp6_e2m3~default/fp7_e3m3,0.825833,0.063,-0.494446,-0.48671,8.59375,6.76766,1.621921,1.729416,2.174474,6.25,4.817708,1.153758,1.23429,1.563686,4.296875,3.371134,,0.877181,1.115503,3.2,2.461125,,0.627017,0.793568,0.615281,0.410187
format_pair,resnet18/default/fp6_e2m3~default/fp8_e4m3fn,1.009167,0.061,-0.498668,-0.514735,8.59375,6.640625,1.568622,1.69081,2.141193,6.25,4.703003,1.083615,1.207089,1.539098,4.296875,3.360718,,0.857779,1.097442,3.0,2.374437,,0.612251,0.78025,0.593609,0.39574
format_pair,resnet18/default/fp6_e2m3~default/fp8_e5m2,-5.47869,0.126,-0.500828,-0.484308,11.71875,8.548991,2.072755,2.191012,3.04551,8.59375,6.061523,1.370534,1.552475,2.165988,5.859375,4.32244,,1.107593,1.539024,4.4,3.043789,,0.789671,1.104101,0.760947,0.507298
format_pair,resnet18/default/fp6_e2m3~default/int5,-52.965487,0.537,-0.491004,-0.50653,17.96875,15.680215,3.932273,4.029454,4.589877,12.509766,11.062591,2.6022,2.850996,3.250993,8.984375,7.86371,,2.014323,2.304081,6.3,5.71712,,1.442119,1.64856,1.42928,0.952853
format_pair,resnet18/default/fp6_e2m3~default/int6,-0.765,0.068,-0.485339,-0.518274,9.375,6.381185,1.521737,1.644897,2.271095,6.25,4.558105,0.976641,1.158338,1.604198,4.492188,3.252075,,0.824934,1.153006,3.2,2.353833,,0.593551,0.823067,0.588458,0.392306
format_pair,resnet18/default/fp6_e2m3~default/int8,2.56,0.08,-0.475513,-0.471687,9.375,8.203125,1.961254,2.11773,2.474146,7.03125,5.81722,1.291359,1.503978,1.767288,4.882812,4.170207,,1.069704,1.259437,3.6,3.090333,,0.761153,0.892614,0.772583,0.515056
format_pair,resnet18/default/fp6_e2m3~default/log6,-12.113889,0.184,-0.504304,-0.482998,14.0625,11.335891,2.888649,2.924176,3.598535,9.765625,8.097517,1.959387,2.069888,2.547423,7.033691,5.716073,,1.466682,1.816467,5.2,4.01754,,1.050635,1.298553,1.004385,0.66959
format_pair,resnet18/default/fp6_e2m3~default/log8,1.428333,0.067,-0.501768,-0.480052,8.59375,6.960612,1.730977,1.772063,2.247973,6.25,4.980469,1.20392,1.260727,1.604837,4.492188,3.533976,,0.901677,1.153788,3.2,2.476875,,0.639857,0.817796,0.619219,0.412812
format_pair,resnet18/default/fp6_e2m3~default/mxfp6_e3m2,-15.04303,0.197,-0.507217,-0.50438,14.84375,11.613824,3.010758,2.96929,3.67501,10.15625,8.255167,1.911542,2.106461,2.608475,7.421875,5.860875,,1.498202,1.852929,5.2,4.080672,,1.067204,1.324353,1.020168,0.680112
format_pair,resnet18/default/fp6_e2m3~default/mxfp8_e4m3,1.051905,0.071,-0.495181,-0.498537,9.375,7.096354,1.721286,1.799073,2.314452,6.25,4.993896,1.125887,1.276358,1.646535,4.6875,3.584252,,0.911898,1.191824,3.3,2.554179,,0.649629,0.842562,0.638545,0.425696
format_pair,resnet18/default/fp6_e2m3~default/posit6_es1,-7.061627,0.153,-0.485159,-0.495352,13.28125,9.377604,2.374305,2.400109,3.361531,9.375,6.630669,1.624127,1.704331,2.391161,6.640625,4.763581,,1.213128,1.695053,4.8,3.452731,,0.865515,1.216384,0.863183,0.575455
format_pair,resnet18/default/fp6_e2m3~default/posit8_es1,2.976667,0.075,-0.493518,-0.494349,9.375,7.747396,1.832334,2.003591,2.38578,6.640625,5.547607,1.214511,1.424704,1.705589,4.6875,3.932821,,1.01662,1.223466,3.4,2.810583,,0.719982,0.862966,0.702646,0.468431
format_pair,resnet18/default/fp6_e2m3~default/q1_6,2.51,0.082,-0.490172,-0.471687,9.375,8.333333,1.929813,2.144562,2.506043,7.03125,5.925456,1.264936,1.521999,1.789293,4.882812,4.28125,,1.087758,1.281889,3.6,3.026875,,0.771118,0.903748,0.756719,0.504479
recipe_pair,resnet18/default/fp6_e2m3~minimal/fp6_e2m3,1.344286,0.094,-0.484631,-0.500943,10.9375,8.659993,2.069449,2.231508,2.682123,7.421875,6.206566,1.205374,1.583775,1.914921,5.273438,4.388224,,1.126826,1.36018,3.9,3.209536,,0.803092,0.969515,0.802384,0.534923
format_pair,resnet18/default/fp6_e3m2~default/fp7_e3m3,13.858968,0.197,-0.502354,-0.50438,14.84375,11.888866,3.099496,3.055532,3.71439,10.15625,8.497252,2.023251,2.171344,2.643525,7.421875,5.989702,,1.539539,1.883798,5.2,4.234533,,1.09942,1.341041,1.058633,0.705755
format_pair,resnet18/default/fp6_e3m2~default/fp8_e4m3fn,14.042302,0.197,-0.499336,-0.50438,14.84375,11.916992,3.076235,3.060839,3.69884,10.15625,8.558671,2.02783,2.177524,2.633116,7.421875,6.059429,,1.547636,1.877924,5.2,4.267471,,1.100635,1.335032,1.066868,0.711245
format_pair,resnet18/default/fp6_e3m2~default/fp8_e5m2,7.554444,0.138,-0.508544,-0.490123,12.5,9.321359,2.371385,2.379353,3.194611,8.984375,6.588094,1.481346,1.691386,2.271189,6.25,4.678052,,1.196565,1.614351,4.6,3.265231,,0.858795,1.158257,0.816308,0.544205
format_pair,resnet18/default/fp6_e3m2~default/int5,-39.932353,0.409,-0.497377,-0.500497,17.1875,14.747731,3.622509,3.788308,4.471091,12.5,10.425966,2.347145,2.678329,3.16596,8.59375,7.371272,,1.890491,2.240682,6.2,5.308541,,1.356201,1.605238,1.327135,0.884757
format_pair,resnet18/default/fp6_e3m2~default/int6,12.268135,0.164,-0.503112,-0.501261,13.28125,11.056505,2.949027,2.836881,3.401288,9.765625,7.906343,1.955073,2.015232,2.418526,6.640625,5.61518,,1.435509,1.725465,4.8,3.921004,,1.021917,1.232477,0.980251,0.653501
format_pair,resnet18/default/fp6_e3m2~default/int8,15.593135,0.214,-0.497362,-0.486859,14.84375,13.155328,3.285038,3.38601,3.854811,10.9375,9.40935,2.093105,2.403063,2.741266,7.617188,6.645274,,1.706731,1.955246,5.5,4.736645,,1.216569,1.390194,1.184161,0.789441
format_pair,resnet18/default/fp6_e3m2~default/log6,0.919246,0.102,-0.489289,-0.491926,10.9375,8.246776,2.050638,2.133101,2.775105,7.8125,5.87163,1.366444,1.506475,1.966592,5.46875,4.168821,,1.074148,1.399991,4.0,3.019646,,0.770033,1.009931,0.754911,0.503274
format_pair,resnet18/default/fp6_e3m2~default/log8,14.461468,0.195,-0.504059,-0.50438,14.84375,11.861282,3.072122,3.048838,3.675882,10.15625,8.448967,2.112697,2.165309,2.615507,7.421875,5.988451,,1.537819,1.867246,5.2,4.200357,,1.097898,1.32752,1.050089,0.70006
format_pair,resnet18/default/fp6_e3m2~default/mxfp6_e3m2,-2.009896,0.113,-0.507993,-0.460405,10.9375,8.837317,2.130346,2.266015,2.915592,7.8125,6.280692,1.311337,1.60611,2.079159,5.859375,4.493434,,1.14702,1.482378,4.2,3.091377,,0.816962,1.060938,0.772844,0.515229
format_pair,resnet18/default/fp6_e3m2~default/mxfp8_e4m3,14.08504,0.195,-0.488434,-0.50438,14.84375,11.719529,3.038847,3.016338,3.695036,10.15625,8.373549,2.013976,2.139169,2.624156,7.421875,5.927435,,1.518569,1.872376,5.2,4.303953,,1.085755,1.335511,1.075988,0.717326
format_pair,resnet18/default/fp6_e3m2~default/posit6_es1,5.971508,0.121,-0.508191,-0.487557,11.71875,8.652766,2.140277,2.223247,2.997655,8.203125,6.190641,1.347288,1.578229,2.136301,5.859375,4.367426,,1.119302,1.507345,4.3,3.039849,,0.801263,1.086163,0.759962,0.506642
format_pair,resnet18/default/fp6_e3m2~default/posit8_es1,16.009802,0.213,-0.49684,-0.494827,14.84375,12.806668,3.146983,3.275933,3.82944,10.9375,9.098542,2.013245,2.324899,2.724907,7.617188,6.441942,,1.648791,1.943699,5.4,4.613014,,1.176919,1.3813,1.153253,0.768836
format_pair,resnet18/default/fp6_e3m2~default/q1_6,15.543135,0.212,-0.489095,-0.494827,14.84375,13.098482,3.318579,3.370662,3.832618,10.9375,9.385287,2.189249,2.391802,2.725293,7.617188,6.643029,,1.700127,1.943834,5.4,4.80304,,1.211576,1.382982,1.20076,0.800507
recipe_pair,resnet18/default/fp6_e3m2~minimal/fp6_e3m2,9.287222,0.203,-0.50259,-0.483067,14.84375,11.621687,2.985325,2.984984,3.880516,10.9375,8.290868,2.014778,2.118491,2.756049,7.8125,5.864973,,1.494981,1.956421,5.5,4.13216,,1.075417,1.402708,1.03304,0.688693
format_pair,resnet18/default/fp7_e3m3~default/fp8_e4m3fn,0.183333,0.03,-0.490728,-0.532859,6.25,4.83138,1.091517,1.230166,1.462717,4.296875,3.450521,0.832966,0.877779,1.073719,2.929688,2.41807,,0.619639,0.765003,2.1,1.771104,,0.445876,0.547394,0.442776,0.295184
format_pair,resnet18/default/fp7_e3m3~default/fp8_e5m2,-6.304524,0.125,-0.498996,-0.504509,11.71875,9.077613,2.254257,2.328635,3.035536,8.59375,6.399007,1.515131,1.649409,2.157537,5.859375,4.578363,,1.179832,1.539167,4.2,3.242149,,0.837902,1.096535,0.810537,0.540358
format_pair,resnet18/default/fp7_e3m3~default/int5,-53.791321,0.546,-0.490339,-0.522728,18.75,15.676879,3.882874,4.04964,4.61916,12.890625,11.147081,2.589876,2.864894,3.274169,8.984375,7.901946,,2.023358,2.320563,6.4,5.729582,,1.450458,1.66012,1.432396,0.95493
format_pair,resnet18/default/fp7_e3m3~default/int6,-1.590833,0.083,-0.489305,-0.500974,10.15625,7.226562,1.738137,1.854856,2.507517,7.03125,5.145467,1.213407,1.313846,1.786564,5.078125,3.609517,,0.929039,1.275121,3.6,2.657,,0.669941,0.90862,0.66425,0.442833
format_pair,resnet18/default/fp7_e3m3~default/int8,1.734167,0.061,-0.493662,-0.512514,8.59375,6.770833,1.683696,1.7297,2.153757,5.869141,4.777425,1.138396,1.226479,1.543336,4.104004,3.410238,,0.87497,1.094179,3.0,2.450083,,0.623627,0.779942,0.612521,0.408347
format_pair,resnet18/default/fp7_e3m3~default/log6,-12.939722,0.199,-0.510713,-0.496108,14.84375,11.886695,3.006737,3.045007,3.744515,10.15625,8.445469,2.023179,2.157514,2.656414,7.421875,5.956857,,1.526743,1.890934,5.3,4.152444,,1.093551,1.350404,1.038111,0.692074
format_pair,resnet18/default/fp7_e3m3~default/log8,0.6025,0.054,-0.502212,-0.460507,7.8125,6.056234,1.600452,1.549815,2.019208,5.46875,4.305461,1.154012,1.105463,1.448716,4.101562,3.06661,,0.787708,1.035407,3.0,2.150208,,0.55976,0.734602,0.537552,0.358368
format_pair,resnet18/default/fp7_e3m3~default/mxfp6_e3m2,-15.868864,0.21,-0.520023,-0.501571,14.84375,12.267404,3.010894,3.148903,3.797898,10.546875,8.746876,2.014048,2.232767,2.698592,7.421875,6.12334,,1.580375,1.914438,5.3,4.205234,,1.130542,1.367099,1.051309,0.700872
format_pair,resnet18/default/fp7_e3m3~default/mxfp8_e4m3,0.226071,0.058,-0.503774,-0.458743,7.8125,6.074033,1.492024,1.548961,2.097616,5.668945,4.28468,1.019369,1.093466,1.494557,4.296875,3.061253,,0.779023,1.080358,3.0,2.146687,,0.558829,0.761551,0.536672,0.357781
format_pair,resnet18/default/fp7_e3m3~default/posit6_es1,-7.88746,0.158,-0.48301,-0.495352,13.28125,10.085124,2.47796,2.580957,3.418767,9.375,7.161391,1.611893,1.829018,2.430187,6.640625,5.10564,,1.300161,1.725905,4.8,3.741333,,0.927916,1.233791,0.935333,0.623556
format_pair,resnet18/default/fp7_e3m3~default/posit8_es1,2.150833,0.058,-0.5023,-0.512362,8.59375,6.121419,1.538026,1.578058,2.100945,5.859375,4.361979,1.065833,1.119867,1.502828,4.101562,3.117594,,0.796122,1.062494,3.0,2.170271,,0.569726,0.759447,0.542568,0.361712
format_pair,resnet18/default/fp7_e3m3~default/q1_6,1.684167,0.067,-0.480375,-0.518274,9.375,6.719482,1.644814,1.725356,2.261,6.25,4.753825,1.087626,1.224077,1.616649,4.492188,3.41685,,0.876755,1.153629,3.2,2.501021,,0.622202,0.817502,0.625255,0.416837
recipe_pair,resnet18/default/fp7_e3m3~minimal/fp7_e3m3,0.9325,0.056,-0.512881,-0.470494,7.8125,6.127197,1.523791,1.57871,2.061098,5.859375,4.386759,0.965788,1.1222,1.47677,4.101562,3.127075,,0.80405,1.05622,3.0,2.121833,,0.568665,0.747904,0.530458,0.353639
format_pair,resnet18/default/fp8_e4m3fn~default/fp8_e5m2,-6.487857,0.125,-0.486236,-0.497775,11.71875,9.088972,2.189716,2.336439,3.021739,8.203125,6.499419,1.429275,1.655617,2.147177,5.859375,4.573114,,1.185508,1.529465,4.2,3.36178,,0.841191,1.092589,0.840445,0.560297
format_pair,resnet18/default/fp8_e4m3fn~default/int5,-53.974654,0.55,-0.489929,-0.504033,17.96875,15.68489,3.827899,4.037384,4.601954,12.890625,11.128653,2.570688,2.857734,3.260946,8.984375,7.876517,,2.018472,2.310405,6.4,5.741182,,1.446062,1.653251,1.435296,0.956864
format_pair,resnet18/default/fp8_e4m3fn~default/int6,-1.774167,0.085,-0.49099,-0.500974,10.15625,6.901042,1.635626,1.775933,2.541828,7.03125,4.90625,1.061931,1.260056,1.80683,5.078125,3.467306,,0.885148,1.285431,3.6,2.521083,,0.640181,0.917992,0.630271,0.420181
format_pair,resnet18/default/fp8_e4m3fn~default/int8,1.550833,0.067,-0.490859,-0.518274,9.375,7.291667,1.770699,1.874489,2.260855,6.25,5.217285,1.17513,1.329899,1.620464,4.492188,3.66272,,0.946076,1.150045,3.2,2.6705,,0.675151,0.818236,0.667625,0.445083
format_pair,resnet18/default/fp8_e4m3fn~default/log6,-13.123056,0.199,-0.490017,-0.496108,14.84375,11.786296,2.984767,3.039178,3.727991,10.15625,8.42931,2.03512,2.155338,2.644127,7.421875,5.989949,,1.528297,1.882061,5.3,4.30694,,1.091273,1.344526,1.076735,0.717823
format_pair,resnet18/default/fp8_e4m3fn~default/log8,0.419167,0.066,-0.506575,-0.480052,8.59375,6.250814,1.618013,1.599608,2.238485,6.25,4.446859,1.111652,1.142772,1.605063,4.492188,3.177022,,0.815321,1.136779,3.2,2.194771,,0.577143,0.812404,0.548693,0.365795
format_pair,resnet18/default/fp8_e4m3fn~default/mxfp6_e3m2,-16.052197,0.214,-0.500703,-0.496127,14.84375,12.241753,3.010302,3.133058,3.817765,10.74707,8.715018,1.984014,2.224303,2.712714,7.424316,6.14453,,1.578981,1.926167,5.4,4.376711,,1.124356,1.374904,1.094178,0.729452
format_pair,resnet18/default/fp8_e4m3fn~default/mxfp8_e4m3,0.042738,0.064,-0.506628,-0.48671,8.59375,6.439453,1.491254,1.634921,2.207226,6.25,4.525635,0.98409,1.159474,1.573756,4.296875,3.217457,,0.82256,1.12597,3.2,2.264884,,0.589031,0.7996,0.566221,0.377481
format_pair,resnet18/default/fp8_e4m3fn~default/posit6_es1,-8.070794,0.156,-0.481822,-0.495352,13.28125,10.093587,2.486375,2.593855,3.384388,9.375,7.174981,1.643019,1.8379,2.402055,6.640625,5.138133,,1.308534,1.708564,4.8,3.748925,,0.932783,1.221786,0.937231,0.624821
format_pair,resnet18/default/fp8_e4m3fn~default/posit8_es1,1.9675,0.064,-0.497183,-0.48671,8.59375,6.842773,1.55965,1.741398,2.209804,6.25,4.850667,1.058618,1.23588,1.58101,4.296875,3.41036,,0.878179,1.117797,3.2,2.468875,,0.627669,0.799099,0.617219,0.411479
format_pair,resnet18/default/fp8_e4m3fn~default/q1_6,1.500833,0.069,-0.496722,-0.501611,9.375,7.161458,1.678047,1.823611,2.294954,6.25,5.111898,1.084599,1.293641,1.643163,4.592285,3.590169,,0.925671,1.17368,3.3,2.587354,,0.65732,0.830367,0.646839,0.431226
recipe_pair,resnet18/default/fp8_e4m3fn~minimal/fp8_e4m3fn,0.954167,0.068,-0.489772,-0.518274,9.375,6.773682,1.55436,1.744131,2.283329,6.25,4.890218,1.015722,1.235478,1.627789,4.492188,3.459941,,0.879015,1.152223,3.2,2.480083,,0.628111,0.824015,0.620021,0.413347
format_pair,resnet18/default/fp8_e5m2~default/int5,-47.486797,0.477,-0.491645,-0.529395,18.75,15.011685,3.714595,3.861357,4.606178,12.890625,10.629446,2.429372,2.73283,3.26237,8.984375,7.538843,,1.929086,2.313628,6.3025,5.469299,,1.382204,1.654083,1.367325,0.91155
format_pair,resnet18/default/fp8_e5m2~default/int6,4.71369,0.126,-0.482081,-0.467993,11.71875,8.59375,2.048249,2.198405,3.067927,8.208008,6.074382,1.396093,1.55786,2.177329,6.25,4.31695,,1.112309,1.542393,4.4,3.198568,,0.79191,1.112187,0.799642,0.533095
format_pair,resnet18/default/fp8_e5m2~default/int8,8.03869,0.15,-0.500218,-0.498334,13.28125,10.561035,2.585795,2.716119,3.316277,8.984375,7.536458,1.650724,1.926371,2.360388,6.640625,5.360988,,1.373331,1.678621,4.7,3.768369,,0.975607,1.19698,0.942092,0.628062
format_pair,resnet18/default/fp8_e5m2~default/log6,-6.635198,0.136,-0.502463,-0.483688,12.5,9.549805,2.471419,2.443745,3.174633,8.59375,6.739769,1.644537,1.730147,2.248483,6.25,4.746294,,1.223248,1.600166,4.6,3.402186,,0.879347,1.150652,0.850546,0.567031
format_pair,resnet18/default/fp8_e5m2~default/log8,6.907024,0.133,-0.498282,-0.484624,11.71875,9.057292,2.239643,2.328868,3.117956,8.59375,6.505429,1.481026,1.650781,2.215769,6.25,4.585906,,1.17829,1.576381,4.3,3.256146,,0.839622,1.128605,0.814036,0.542691
format_pair,resnet18/default/fp8_e5m2~default/mxfp6_e3m2,-9.56434,0.143,-0.518572,-0.485513,12.5,9.777128,2.514498,2.519454,3.228327,8.984375,7.010276,1.652221,1.787682,2.291565,6.445312,4.910178,,1.267187,1.622576,4.6,3.361972,,0.906399,1.166666,0.840493,0.560329
format_pair,resnet18/default/fp8_e5m2~default/mxfp8_e4m3,6.530595,0.119,-0.504403,-0.497775,11.71875,8.996001,2.188936,2.302475,2.95644,8.203125,6.377529,1.493089,1.632203,2.103918,5.859375,4.527129,,1.162098,1.498321,4.2,3.181679,,0.829344,1.070098,0.79542,0.53028
format_pair,resnet18/default/fp8_e5m2~default/posit6_es1,-1.582937,0.097,-0.480076,-0.50292,10.9375,7.252581,1.745498,1.866436,2.708219,7.8125,5.177194,1.15303,1.32199,1.926894,5.46875,3.754307,,0.943097,1.372913,3.9,2.692768,,0.67362,0.984637,0.673192,0.448795
format_pair,resnet18/default/fp8_e5m2~default/posit8_es1,8.455357,0.151,-0.499815,-0.513834,13.28125,10.131104,2.429126,2.613918,3.31879,9.375,7.249919,1.553826,1.854477,2.362128,6.640625,5.136492,,1.321709,1.682285,4.6,3.623211,,0.939086,1.197627,0.905803,0.603869
format_pair,resnet18/default/fp8_e5m2~default/q1_6,7.98869,0.148,-0.505425,-0.507673,13.28125,10.391997,2.524567,2.678537,3.291443,8.984375,7.466692,1.688901,1.899434,2.342685,6.640625,5.27038,,1.356477,1.669076,4.6,3.673363,,0.962939,1.188596,0.918341,0.612227
recipe_pair,resnet18/default/fp8_e5m2~minimal/fp8_e5m2,1.790043,0.126,-0.499846,-0.502991,12.5,8.65897,2.245405,2.23863,3.098004,8.59375,6.212378,1.520679,1.58924,2.201772,6.25,4.444771,,1.133261,1.562173,4.4,3.085959,,0.806142,1.121856,0.77149,0.514327
format_pair,resnet18/default/int5~default/int6,52.200487,0.523,-0.495502,-0.522728,18.75,15.771507,4.114078,4.055949,4.606585,12.890625,11.131257,2.781553,2.869912,3.264361,8.984375,7.859053,,2.025873,2.311715,6.4,5.704452,,1.452276,1.655292,1.426113,0.950742
format_pair,resnet18/default/int5~default/int8,55.525487,0.561,-0.497318,-0.524959,18.75,16.414694,4.000844,4.232572,4.631673,13.09082,11.648888,2.681846,2.994259,3.283161,8.984375,8.268047,,2.117012,2.326143,6.4,5.901171,,1.516157,1.664064,1.475293,0.983528
format_pair,resnet18/default/int5~default/log6,40.851599,0.415,-0.49955,-0.496956,17.1875,14.660754,3.617008,3.767133,4.505405,12.5,10.434467,2.320133,2.665271,3.192001,8.789062,7.377702,,1.882747,2.261713,6.2025,5.250369,,1.348331,1.619009,1.312592,0.875062
format_pair,resnet18/default/int5~default/log8,54.393821,0.55,-0.504245,-0.522728,18.75,15.631102,3.857591,4.020401,4.601114,12.890625,11.065214,2.593816,2.845297,3.262171,8.984375,7.851238,,2.011512,2.313234,6.4,5.531319,,1.439952,1.653251,1.38283,0.921886
format_pair,resnet18/default/int5~default/mxfp6_e3m2,37.922457,0.386,-0.485024,-0.507558,17.1875,14.448816,3.323104,3.711866,4.406154,12.5,10.256467,2.049516,2.624558,3.120527,8.59375,7.255563,,1.855675,2.214454,6.1,5.349713,,1.328062,1.582959,1.337428,0.891619
format_pair,resnet18/default/int5~default/mxfp8_e4m3,54.017392,0.544,-0.498669,-0.522728,18.75,15.678159,3.912827,4.044154,4.62069,12.890625,11.128485,2.630342,2.861704,3.273425,8.984375,7.914877,,2.020616,2.321023,6.4,5.614891,,1.447253,1.660349,1.403723,0.935815
format_pair,resnet18/default/int5~default/posit6_es1,45.90386,0.468,-0.492116,-0.518274,18.75,15.005341,3.833343,3.860856,4.58203,12.5,10.674192,2.485219,2.731857,3.244814,8.984375,7.575862,,1.93257,2.298303,6.4,5.459461,,1.381897,1.645795,1.364865,0.90991
format_pair,resnet18/default/int5~default/posit8_es1,55.942154,0.562,-0.497666,-0.522728,18.75,15.976489,3.817101,4.109487,4.595421,12.890625,11.297135,2.4954,2.906963,3.257521,8.984375,7.99273,,2.052407,2.309435,6.4,5.745623,,1.471576,1.650927,1.436406,0.957604
format_pair,resnet18/default/int5~default/q1_6,55.475487,0.559,-0.497937,-0.522728,18.75,16.360618,4.035154,4.215445,4.61408,12.890625,11.587302,2.789601,2.981093,3.269662,8.984375,8.193306,,2.107599,2.317624,6.4,5.881149,,1.509895,1.658044,1.470287,0.980192
recipe_pair,resnet18/default/int5~minimal/int5,38.489658,0.442,-0.50014,-0.49126,18.75,16.114884,3.711014,4.136007,4.893786,13.28125,11.404363,2.476302,2.925504,3.469769,9.570312,8.12764,,2.069596,2.453696,6.8,5.747942,,1.480732,1.759273,1.436986,0.95799
format_pair,resnet18/default/int6~default/int8,3.325,0.084,-0.491887,-0.506849,10.15625,8.336589,2.02342,2.139558,2.512646,7.03125,5.958252,1.379395,1.520423,1.796801,4.882812,4.199422,,1.071445,1.267507,3.6,3.041875,,0.770207,0.910187,0.760469,0.506979
format_pair,resnet18/default/int6~default/log6,-11.348889,0.17,-0.507485,-0.474973,13.28125,11.065267,2.927257,2.838067,3.482351,9.765625,7.895944,2.016717,2.01169,2.469798,7.03125,5.555854,,1.425519,1.75276,5.0,3.897383,,1.019662,1.258316,0.974346,0.649564
format_pair,resnet18/default/int6~default/log8,2.193333,0.075,-0.500172,-0.494349,9.375,7.032878,1.830889,1.808304,2.376608,6.640625,5.032878,1.247302,1.284771,1.694583,4.6875,3.541992,,0.909167,1.202208,3.4,2.518917,,0.651394,0.861806,0.629729,0.419819
format_pair,resnet18/default/int6~default/mxfp6_e3m2,-14.27803,0.191,-0.505247,-0.480629,14.0625,11.46167,2.959576,2.950471,3.653573,10.15625,8.159875,1.989534,2.09377,2.598031,7.421875,5.845096,,1.488934,1.841936,5.2,4.033028,,1.060235,1.31848,1.008257,0.672171
format_pair,resnet18/default/int6~default/mxfp8_e4m3,1.816905,0.075,-0.488223,-0.507312,9.375,7.108561,1.741581,1.806055,2.382797,6.640625,5.019648,1.175086,1.281587,1.696123,4.6875,3.556832,,0.905702,1.203246,3.3,2.611315,,0.651008,0.863939,0.652829,0.435219
format_pair,resnet18/default/int6~default/posit6_es1,-6.296627,0.145,-0.49866,-0.491674,12.5,9.254569,2.280863,2.37276,3.290845,9.375,6.581613,1.504824,1.684512,2.34199,6.445312,4.668887,,1.199623,1.660476,4.6,3.317349,,0.855143,1.191533,0.829337,0.552892
format_pair,resnet18/default/int6~default/posit8_es1,3.741667,0.083,-0.497107,-0.506849,10.15625,7.878418,1.922635,2.010746,2.493623,7.03125,5.598958,1.252194,1.426952,1.780914,4.882812,3.906657,,1.007685,1.261342,3.6,2.850417,,0.724327,0.902657,0.712604,0.475069
format_pair,resnet18/default/int6~default/q1_6,3.275,0.082,-0.496025,-0.48392,9.375,8.203125,1.91026,2.085986,2.485182,7.03125,5.761719,1.276434,1.484204,1.779471,4.882812,4.053345,,1.046567,1.257963,3.5,2.967292,,0.751049,0.899133,0.741823,0.494549
recipe_pair,resnet18/default/int6~minimal/int6,-0.06,0.118,-0.480944,-0.497775,11.71875,9.291178,2.236614,2.380794,3.014788,8.203125,6.55013,1.433051,1.681903,2.134409,5.859375,4.611491,,1.187197,1.504344,4.2,3.478583,,0.855847,1.086204,0.869646,0.579764
format_pair,resnet18/default/int8~default/log6,-14.673889,0.214,-0.499968,-0.483067,14.84375,13.087077,3.201581,3.366455,3.864513,10.9375,9.329846,2.168519,2.384522,2.739942,7.8125,6.607029,,1.68757,1.94728,5.5,4.67967,,1.207019,1.39225,1.169917,0.779945
format_pair,resnet18/default/int8~default/log8,-1.131667,0.057,-0.489897,-0.477802,7.8125,6.64388,1.669469,1.719533,2.079274,5.859375,4.786051,1.14076,1.224908,1.486663,3.90625,3.380208,,0.865454,1.045077,3.0,2.433417,,0.617124,0.754659,0.608354,0.405569
format_pair,resnet18/default/int8~default/mxfp6_e3m2,-17.60303,0.225,-0.510052,-0.497775,15.625,13.417271,3.280786,3.440237,3.907403,10.9375,9.511643,2.137457,2.437379,2.776061,7.8125,6.734084,,1.724326,1.968439,5.6,4.688326,,1.233678,1.406325,1.172081,0.781388
format_pair,resnet18/default/int8~default/mxfp8_e4m3,-1.508095,0.063,-0.506205,-0.514735,8.59375,7.162853,1.747514,1.846776,2.188567,6.25,5.158552,1.180605,1.31483,1.56487,4.296875,3.631615,,0.932675,1.109615,3.0,2.529607,,0.663456,0.792307,0.632402,0.421601
format_pair,resnet18/default/int8~default/posit6_es1,-9.621627,0.177,-0.47973,-0.505759,14.0625,11.722412,2.824031,3.013079,3.605465,10.15625,8.337402,1.786947,2.135609,2.562567,7.03125,5.966156,,1.519283,1.822426,5.0,4.376019,,1.082115,1.300304,1.094005,0.729336
format_pair,resnet18/default/int8~default/posit8_es1,0.416667,0.019,-0.507528,-0.502622,4.6875,4.557292,1.146474,1.153892,1.135016,3.515625,3.255208,0.729252,0.826552,0.854125,2.34375,2.311198,,0.592819,0.606113,1.7,1.6,,0.419328,0.435603,0.4,0.266667
format_pair,resnet18/default/int8~default/q1_6,-0.05,0.016,-0.456067,-0.511899,4.6875,3.125,0.849171,0.84106,1.028641,3.125,2.377116,0.579781,0.605682,0.76881,2.34375,1.757812,,0.440414,0.563312,1.6,1.217083,,0.311511,0.4,0.304271,0.202847
recipe_pair,resnet18/default/int8~minimal/int8,0.503333,0.026,-0.481563,-0.491926,5.46875,4.296875,1.113485,1.094808,1.359943,3.90625,3.125,0.744266,0.785666,0.99067,2.734375,2.223551,,0.569465,0.718635,2.0,1.6,,0.404185,0.509274,0.4,0.266667
format_pair,resnet18/default/log6~default/log8,13.542222,0.193,-0.493627,-0.480629,14.0625,11.869001,3.053968,3.052838,3.666344,10.15625,8.48131,2.160215,2.162818,2.601106,7.421875,5.995678,,1.533484,1.854794,5.2,4.309009,,1.096627,1.322025,1.077252,0.718168
format_pair,resnet18/default/log6~default/mxfp6_e3m2,-2.929142,0.109,-0.51543,-0.475948,10.9375,8.47018,2.269302,2.166434,2.864742,7.8125,6.016514,1.537576,1.533314,2.030249,5.664062,4.270075,,1.092077,1.440954,4.1,2.920712,,0.782573,1.041494,0.730178,0.486785
format_pair,resnet18/default/log6~default/mxfp8_e4m3,13.165794,0.191,-0.497432,-0.493056,14.0625,11.709891,3.022215,3.007598,3.663241,10.15625,8.353659,2.053177,2.128881,2.594899,7.226562,5.871352,,1.502597,1.841924,5.1,4.22266,,1.079734,1.322388,1.055665,0.703777
format_pair,resnet18/default/log6~default/posit6_es1,5.052262,0.125,-0.508911,-0.487729,11.71875,9.350098,2.430954,2.385867,3.047211,8.212891,6.59704,1.589641,1.685632,2.16069,5.859375,4.648566,,1.195173,1.529587,4.3,3.281279,,0.858488,1.1054,0.82032,0.54688
format_pair,resnet18/default/log6~default/posit8_es1,15.090556,0.207,-0.504199,-0.493454,14.84375,12.64719,3.107754,3.252628,3.779851,10.546875,9.018683,2.106482,2.302638,2.680892,7.421875,6.349604,,1.628093,1.905615,5.4,4.487518,,1.166467,1.361584,1.121879,0.74792
format_pair,resnet18/default/log6~default/q1_6,14.623889,0.212,-0.500302,-0.486859,14.84375,12.937709,3.228246,3.338769,3.843695,10.9375,9.245797,2.256627,2.365817,2.726628,7.617188,6.533272,,1.675943,1.939377,5.5,4.626051,,1.197742,1.385049,1.156513,0.771008
recipe_pair,resnet18/default/log6~minimal/log6,6.957183,0.204,-0.503944,-0.475243,14.84375,12.053409,2.921048,3.108855,3.910375,10.9375,8.621134,1.948844,2.200882,2.776084,7.8125,6.087909,,1.558619,1.970502,5.6,4.274775,,1.116932,1.412006,1.068694,0.712462
format_pair,resnet18/default/log8~default/mxfp6_e3m2,-16.471364,0.214,-0.524002,-0.489563,14.84375,12.192432,3.128979,3.123253,3.817568,10.546875,8.640988,2.152571,2.213739,2.709435,7.617188,6.14806,,1.571249,1.926357,5.4,4.118616,,1.121904,1.374904,1.029654,0.686436
format_pair,resnet18/default/log8~default/mxfp8_e4m3,-0.376429,0.05,-0.506658,-0.497775,7.8125,5.885812,1.522937,1.512138,1.94128,5.46875,4.199009,1.054623,1.075914,1.383665,3.90625,3.006144,,0.765219,0.98598,2.8,2.064679,,0.546718,0.706654,0.51617,0.344113
format_pair,resnet18/default/log8~default/posit6_es1,-8.48996,0.156,-0.473551,-0.495352,13.28125,10.122466,2.501028,2.592758,3.380032,9.375,7.203706,1.659147,1.837475,2.400453,6.640625,5.142406,,1.307408,1.704733,4.8,3.836084,,0.934432,1.221786,0.959021,0.639347
format_pair,resnet18/default/log8~default/posit8_es1,1.548333,0.05,-0.507661,-0.501567,7.8125,6.074219,1.528434,1.543181,1.93934,5.46875,4.326416,0.988907,1.101753,1.391792,3.808594,3.035807,,0.77604,0.982174,2.8,2.140667,,0.556865,0.706088,0.535167,0.356778
format_pair,resnet18/default/log8~default/q1_6,1.081667,0.061,-0.493131,-0.514735,8.59375,6.543294,1.572031,1.670142,2.15823,6.25,4.701009,1.080642,1.1909,1.544596,4.296875,3.341797,,0.847442,1.09546,3.0,2.373542,,0.600453,0.780711,0.593385,0.39559
recipe_pair,resnet18/default/log8~minimal/log8,0.271667,0.057,-0.498333,-0.512362,8.59375,5.931803,1.458503,1.533931,2.074288,5.859375,4.251628,0.939795,1.088943,1.481327,4.101562,3.019409,,0.771639,1.046823,3.0,2.126875,,0.553571,0.754924,0.531719,0.354479
format_pair,resnet18/default/mxfp6_e3m2~default/mxfp8_e4m3,16.094935,0.208,-0.501328,-0.501571,14.84375,12.083415,3.072557,3.106206,3.780267,10.546875,8.606557,2.029811,2.199467,2.680471,7.421875,6.113704,,1.558371,1.902792,5.3,4.302727,,1.115719,1.361984,1.075682,0.717121
format_pair,resnet18/default/mxfp6_e3m2~default/posit6_es1,7.981404,0.148,-0.506997,-0.509836,13.28125,9.588146,2.446711,2.446319,3.297015,8.984375,6.792376,1.491958,1.733313,2.339599,6.54541,4.829621,,1.232439,1.659671,4.6,3.369008,,0.880124,1.192577,0.842252,0.561501
format_pair,resnet18/default/mxfp6_e3m2~default/posit8_es1,18.019697,0.222,-0.512058,-0.494827,14.84375,13.020535,3.156964,3.332613,3.86083,10.9375,9.28398,2.0561,2.361422,2.743921,7.617188,6.535571,,1.671487,1.94622,5.4,4.537328,,1.19507,1.389604,1.134332,0.756221
format_pair,resnet18/default/mxfp6_e3m2~default/q1_6,17.55303,0.225,-0.503711,-0.479035,14.84375,13.278762,3.308103,3.418963,3.90521,10.9375,9.449925,2.256685,2.423396,2.774375,7.617188,6.657049,,1.716966,1.969283,5.6,4.716086,,1.226799,1.406325,1.179021,0.786014
recipe_pair,resnet18/default/mxfp6_e3m2~minimal/mxfp6_e3m2,12.764221,0.214,-0.510892,-0.475243,14.84375,11.967444,2.742064,3.07929,3.92804,10.9375,8.501692,1.838657,2.182192,2.787988,7.8125,6.028971,,1.549498,1.976626,5.6,4.17117,,1.105234,1.414482,1.042793,0.695195
format_pair,resnet18/default/mxfp8_e4m3~default/posit6_es1,-8.113532,0.158,-0.482026,-0.49101,13.28125,10.083473,2.447356,2.592042,3.418982,9.375,7.195417,1.651966,1.834958,2.425962,6.835938,5.155207,,1.304741,1.723884,4.8,3.742638,,0.933518,1.235006,0.935659,0.623773
format_pair,resnet18/default/mxfp8_e4m3~default/posit8_es1,1.924762,0.058,-0.510136,-0.491926,8.203125,6.329427,1.58909,1.626987,2.088048,5.859375,4.492188,1.034718,1.159399,1.496222,4.101562,3.222238,,0.818364,1.06061,3.0,2.20125,,0.585624,0.758947,0.550312,0.366875
format_pair,resnet18/default/mxfp8_e4m3~default/q1_6,1.458095,0.065,-0.493778,-0.48671,8.59375,7.03125,1.657925,1.778119,2.220852,6.25,4.925537,1.093727,1.265403,1.586869,4.296875,3.523275,,0.898395,1.129701,3.2,2.542024,,0.639579,0.804829,0.635506,0.423671
recipe_pair,resnet18/default/mxfp8_e4m3~minimal/mxfp8_e4m3,1.003095,0.057,-0.520259,-0.491926,8.203125,5.859375,1.481279,1.50225,2.065053,5.859375,4.178641,0.938004,1.066841,1.478372,4.101562,2.989403,,0.761587,1.054254,3.0,1.99253,,0.541851,0.753492,0.498132,0.332088
format_pair,resnet18/default/posit6_es1~default/posit8_es1,10.038294,0.174,-0.483584,-0.500082,14.0625,11.242428,2.681213,2.884314,3.563418,9.765625,7.994224,1.702004,2.044563,2.532818,7.03125,5.703358,,1.454716,1.803314,5.0,4.164093,,1.036751,1.285161,1.041023,0.694016
format_pair,resnet18/default/posit6_es1~default/q1_6,9.571627,0.171,-0.475394,-0.500082,14.0625,11.536226,2.823684,2.959115,3.53922,9.765625,8.18099,1.833335,2.096998,2.514463,7.03125,5.863692,,1.493637,1.789826,5.0,4.347455,,1.063592,1.277024,1.086864,0.724576
format_pair,resnet18/default/posit8_es1~default/q1_6,-0.466667,0.025,-0.493695,-0.491926,5.46875,4.6875,1.216441,1.182826,1.338629,3.90625,3.255208,0.788574,0.841677,0.969803,2.734375,2.376302,,0.607266,0.699233,2.0,1.683333,,0.430724,0.49975,0.420833,0.280556
recipe_pair,resnet18/default/q1_6~minimal/q1_6,0.553333,0.026,-0.489893,-0.48667,5.46875,4.557292,1.130063,1.170965,1.374625,3.90625,3.320312,0.735676,0.834765,0.993468,2.832031,2.34082,,0.596934,0.714445,2.0,1.67,,0.429147,0.509274,0.4175,0.278333
format_pair,resnet18/minimal/bfp6~minimal/fp4_e2m1,-49.818398,0.535,-0.496664,-0.50653,17.96875,15.788837,3.73639,4.066884,4.589595,12.509766,11.214511,2.456709,2.879374,3.254157,8.984375,7.930999,,2.035613,2.301738,6.3,5.691767,,1.45527,1.64873,1.422942,0.948628
format_pair,resnet18/minimal/bfp6~minimal/fp5_e2m2,-12.165909,0.201,-0.492947,-0.496108,14.84375,11.841941,2.932978,3.041016,3.787267,10.15625,8.327858,1.864411,2.144854,2.677635,7.421875,5.893441,,1.522898,1.902759,5.3,4.305154,,1.089445,1.361525,1.076289,0.717526
format_pair,resnet18/minimal/bfp6~minimal/fp6_e2m3,-1.044048,0.084,-0.493525,-0.500974,10.15625,8.115234,1.978058,2.077139,2.522586,7.03125,5.681129,1.299548,1.466229,1.792147,5.078125,4.025071,,1.038865,1.26733,3.6,2.945357,,0.749382,0.913367,0.736339,0.490893
format_pair,resnet18/minimal/bfp6~minimal/fp6_e3m2,-6.134246,0.121,-0.494687,-0.497775,11.71875,9.285226,2.288585,2.383636,2.973568,8.203125,6.581113,1.44536,1.685439,2.112566,5.859375,4.663747,,1.202068,1.504909,4.2,3.360246,,0.859059,1.075505,0.840062,0.560041
format_pair,resnet18/minimal/bfp6~minimal/fp7_e3m3,-0.63,0.057,-0.48918,-0.464117,7.8125,6.903483,1.65246,1.764358,2.065963,5.46875,4.899333,1.000543,1.247089,1.472331,4.003906,3.413249,,0.881252,1.045288,3.0,2.545083,,0.636953,0.753863,0.636271,0.424181
format_pair,resnet18/minimal/bfp6~minimal/fp8_e4m3fn,-0.425,0.057,-0.495704,-0.470494,7.8125,6.774089,1.607666,1.726005,2.072029,5.859375,4.769694,0.995138,1.21572,1.469758,4.101562,3.343384,,0.864158,1.055237,3.0,2.455167,,0.623694,0.754818,0.613792,0.409194
format_pair,resnet18/minimal/bfp6~minimal/fp8_e5m2,-6.076981,0.128,-0.49217,-0.489379,11.71875,9.270888,2.265001,2.403888,3.063598,8.59375,6.66401,1.498715,1.704004,2.178509,6.054688,4.726554,,1.207286,1.545798,4.3,3.373009,,0.863823,1.104156,0.843252,0.562168
format_pair,resnet18/minimal/bfp6~minimal/int4,-51.905377,0.548,-0.496516,-0.520317,18.75,15.534511,3.743864,4.014019,4.689651,13.28125,11.095824,2.531312,2.839806,3.326718,8.984375,7.80154,,2.008178,2.352883,6.5,5.612883,,1.437597,1.684648,1.403221,0.93548
format_pair,resnet18/minimal/bfp6~minimal/int5,-16.864163,0.235,-0.478847,-0.505402,15.625,12.96764,3.17877,3.325578,3.972311,10.9375,9.16089,2.048193,2.352991,2.815461,7.8125,6.541463,,1.66738,1.992994,5.5025,4.854664,,1.190525,1.427133,1.213666,0.809111
format_pair,resnet18/minimal/bfp6~minimal/int6,-3.213333,0.108,-0.49,-0.481204,10.9375,9.31071,2.162396,2.387719,2.862444,7.8125,6.601969,1.50688,1.68241,2.023124,5.46875,4.672974,,1.194847,1.427354,4.1,3.407417,,0.857564,1.03226,0.851854,0.567903
format_pair,resnet18/minimal/bfp6~minimal/int8,0.675,0.05,-0.512972,-0.497775,7.8125,6.901042,1.649609,1.748021,1.941714,5.46875,4.883626,1.004169,1.236852,1.3867,3.90625,3.382731,,0.877666,0.97988,2.8,2.413417,,0.632902,0.707107,0.603354,0.402236
format_pair,resnet18/minimal/bfp6~minimal/log4,-53.957605,0.574,-0.497603,-0.516657,17.96875,15.732552,3.89524,4.052112,4.513083,12.5,11.134595,2.555682,2.866543,3.194737,8.789062,7.913698,,2.036123,2.265966,6.2,5.649771,,1.451192,1.620605,1.412443,0.941628
format_pair,resnet18/minimal/bfp6~minimal/log6,-7.54504,0.138,-0.483067,-0.503156,12.5,10.237328,2.342998,2.629651,3.1708,8.603516,7.269198,1.553666,1.861677,2.252924,6.25,5.150114,,1.315913,1.591664,4.4,3.805522,,0.943213,1.145757,0.95138,0.634254
format_pair,resnet18/minimal/bfp6~minimal/log8,-0.688333,0.062,-0.477632,-0.500497,8.59375,6.510417,1.524638,1.660453,2.171437,6.25,4.558512,0.986111,1.175926,1.54729,4.296875,3.251994,,0.828072,1.092906,3.1,2.445167,,0.598436,0.786486,0.611292,0.407528
format_pair,resnet18/minimal/bfp6~minimal/mxfp4_e2m1,-29.032442,0.332,-0.486416,-0.507558,17.1875,14.443597,3.650273,3.713909,4.37558,12.5,10.224886,2.475005,2.622087,3.097756,8.59375,7.248863,,1.858562,2.195545,6.1,5.326865,,1.32836,1.570783,1.331716,0.887811
format_pair,resnet18/minimal/bfp6~minimal/mxfp6_e3m2,-4.667143,0.115,-0.496087,-0.507974,11.71875,8.847982,1.917064,2.248429,2.927507,8.203125,6.29362,1.289331,1.590815,2.083117,5.859375,4.396944,,1.128127,1.467164,4.1025,3.207295,,0.807949,1.058182,0.801824,0.534549
format_pair,resnet18/minimal/bfp6~minimal/mxfp8_e4m3,-0.333333,0.062,-0.474542,-0.500497,8.59375,6.329264,1.555045,1.633891,2.166752,6.25,4.518555,0.93267,1.154944,1.537257,4.296875,3.185506,,0.822273,1.091189,3.1,2.403375,,0.590064,0.786994,0.600844,0.400562
format_pair,resnet18/minimal/bfp6~minimal/nf4,-34.625006,0.392,-0.49069,-0.490681,17.207031,14.527736,3.600658,3.731496,4.530098,12.5,10.273832,2.428514,2.640576,3.211465,8.789062,7.352036,,1.869056,2.279686,6.3,5.288382,,1.336605,1.628693,1.322096,0.881397
format_pair,resnet18/minimal/bfp6~minimal/posit4_es0,-45.027181,0.498,-0.486788,-0.507312,18.75,15.588841,3.883156,4.008593,4.78528,13.28125,11.002548,2.547005,2.840747,3.395006,9.375,7.871876,,2.00858,2.403691,6.6,5.726409,,1.43541,1.719011,1.431602,0.954402
format_pair,resnet18/minimal/bfp6~minimal/q1_6,0.675,0.05,-0.512972,-0.497775,7.8125,6.901042,1.649609,1.748021,1.941714,5.46875,4.883626,1.004169,1.236852,1.3867,3.90625,3.382731,,0.877666,0.97988,2.8,2.413417,,0.632902,0.707107,0.603354,0.402236
format_pair,resnet18/minimal/fp4_e2m1~minimal/fp5_e2m2,37.652489,0.43,-0.500041,-0.515996,18.75,14.647895,3.534572,3.767839,4.654181,12.890625,10.378371,2.315837,2.665831,3.294655,8.984375,7.337918,,1.880221,2.327107,6.5,5.240147,,1.350367,1.671694,1.310037,0.873358
format_pair,resnet18/minimal/fp4_e2m1~minimal/fp6_e2m3,48.774351,0.517,-0.499314,-0.522728,18.75,15.30248,3.610841,3.950836,4.639391,12.890625,10.87469,2.355656,2.795297,3.286994,8.984375,7.672858,,1.974139,2.323876,6.4,5.487241,,1.414426,1.66697,1.37181,0.91454
format_pair,resnet18/minimal/fp4_e2m1~minimal/fp6_e3m2,43.684152,0.472,-0.495436,-0.515996,18.75,14.81326,3.623118,3.810164,4.642426,12.890625,10.471701,2.351746,2.6981,3.290255,8.984375,7.415939,,1.906553,2.327014,6.5,5.352939,,1.364841,1.668532,1.338235,0.892156
format_pair,resnet18/minimal/fp4_e2m1~minimal/fp7_e3m3,49.188398,0.524,-0.492561,-0.522728,18.75,15.113967,3.597131,3.90095,4.605098,12.890625,10.731811,2.299505,2.761152,3.263849,8.984375,7.589199,,1.953953,2.31054,6.4,5.500333,,1.397184,1.655295,1.375083,0.916722
format_pair,resnet18/minimal/fp4_e2m1~minimal/fp8_e4m3fn,49.393398,0.53,-0.499966,-0.511349,17.988281,15.231742,3.648764,3.925251,4.586089,12.890625,10.791682,2.36656,2.781095,3.251639,8.984375,7.63032,,1.965262,2.300747,6.3,5.449909,,1.405536,1.649048,1.362477,0.908318
format_pair,resnet18/minimal/fp4_e2m1~minimal/fp8_e5m2,43.741418,0.457,-0.506232,-0.506417,17.96875,14.54594,3.525188,3.739246,4.550885,12.5,10.334401,2.18309,2.648952,3.225851,8.984375,7.345645,,1.872057,2.286689,6.3,5.12048,,1.338695,1.636383,1.28012,0.853413
format_pair,resnet18/minimal/fp4_e2m1~minimal/int4,-2.086979,0.197,-0.492198,-0.505599,15.625,11.01764,2.59688,2.836026,3.899451,10.9375,7.829708,1.563677,2.01209,2.771859,7.8125,5.53078,,1.42041,1.953791,5.5,4.014437,,1.018281,1.403563,1.003609,0.669073
format_pair,resnet18/minimal/fp4_e2m1~minimal/int5,32.954235,0.382,-0.486471,-0.480052,17.1875,14.791271,3.428927,3.806552,4.564806,12.5,10.476078,2.036606,2.68898,3.229746,8.984375,7.430025,,1.900906,2.292231,6.4,5.453584,,1.364497,1.640439,1.363396,0.908931
format_pair,resnet18/minimal/fp4_e2m1~minimal/int6,46.605065,0.507,-0.498081,-0.520317,18.75,15.513426,3.696946,4.007555,4.669103,13.28125,11.022734,2.41651,2.83742,3.308587,8.984375,7.781646,,2.005799,2.340391,6.5,5.577631,,1.434677,1.677424,1.394408,0.929605
format_pair,resnet18/minimal/fp4_e2m1~minimal/int8,50.493398,0.543,-0.499787,-0.515996,18.75,16.080493,3.761745,4.153099,4.65603,12.890625,11.410807,2.496028,2.938256,3.29854,8.984375,8.094317,,2.07537,2.332518,6.5,5.749413,,1.486273,1.672815,1.437353,0.958235
format_pair,resnet18/minimal/fp4_e2m1~minimal/log4,-4.139207,0.193,-0.487238,-0.512229,15.625,11.730247,2.668412,3.008436,3.83894,10.556641,8.317261,1.82044,2.137569,2.724181,7.617188,5.917105,,1.51708,1.929642,5.4,4.312702,,1.079665,1.381937,1.078175,0.718784
format_pair,resnet18/minimal/fp4_e2m1~minimal/log6,42.273359,0.457,-0.511369,-0.499579,17.96875,14.560491,3.538037,3.744794,4.582016,12.5,10.321415,2.285149,2.649052,3.244335,8.984375,7.291975,,1.875068,2.297894,6.4,5.07608,,1.341586,1.646934,1.26902,0.846013
format_pair,resnet18/minimal/fp4_e2m1~minimal/log8,49.130065,0.527,-0.497641,-0.522728,18.75,15.341478,3.647791,3.955793,4.624735,12.890625,10.923342,2.420708,2.80221,3.276944,8.984375,7.688536,,1.980287,2.317404,6.4,5.526942,,1.416276,1.661322,1.381736,0.921157
format_pair,resnet18/minimal/fp4_e2m1~minimal/mxfp4_e2m1,20.785956,0.307,-0.504303,-0.490183,17.1875,13.136559,3.098745,3.366529,4.472794,12.5,9.305655,2.00967,2.384486,3.171555,8.789062,6.609807,,1.690615,2.247704,6.3,4.64621,,1.20615,1.606733,1.161553,0.774368
format_pair,resnet18/minimal/fp4_e2m1~minimal/mxfp6_e3m2,45.151256,0.488,-0.490311,-0.515996,18.75,14.705938,3.351373,3.791894,4.643716,12.890625,10.402517,2.14112,2.681645,3.286767,8.984375,7.344794,,1.896309,2.32311,6.5,5.382802,,1.357305,1.668041,1.345701,0.897134
format_pair,resnet18/minimal/fp4_e2m1~minimal/mxfp8_e4m3,49.485065,0.531,-0.506364,-0.529567,18.75,15.348284,3.775874,3.961842,4.62481,12.890625,10.919536,2.413019,2.805809,3.277958,8.984375,7.736482,,1.983034,2.316346,6.3,5.40723,,1.418506,1.66125,1.351808,0.901205
format_pair,resnet18/minimal/fp4_e2m1~minimal/nf4,15.193392,0.263,-0.514296,-0.488402,16.40625,12.798665,3.161924,3.286923,4.294591,11.71875,9.048,1.866229,2.329065,3.048182,8.398438,6.400721,,1.645319,2.158898,6.0,4.430036,,1.178349,1.543862,1.107509,0.738339
format_pair,resnet18/minimal/fp4_e2m1~minimal/posit4_es0,4.791218,0.233,-0.500507,-0.488402,16.40625,11.901021,2.698312,3.044389,4.208171,11.71875,8.525202,1.682534,2.158704,2.988662,8.398438,5.994037,,1.523448,2.110943,6.0,4.260586,,1.094144,1.513377,1.065147,0.710098
format_pair,resnet18/minimal/fp4_e2m1~minimal/q1_6,50.493398,0.543,-0.499787,-0.515996,18.75,16.080493,3.761745,4.153099,4.65603,12.890625,11.410807,2.496028,2.938256,3.29854,8.984375,8.094317,,2.07537,2.332518,6.5,5.749413,,1.486273,1.672815,1.437353,0.958235
format_pair,resnet18/minimal/fp5_e2m2~minimal/fp6_e2m3,11.121861,0.179,-0.483748,-0.505759,14.0625,10.850655,2.570461,2.775553,3.609604,10.15625,7.692381,1.690269,1.96131,2.554373,7.03125,5.393037,,1.391996,1.814127,5.0,4.041868,,0.995473,1.299227,1.010467,0.673645
format_pair,resnet18/minimal/fp5_e2m2~minimal/fp6_e3m2,6.031663,0.168,-0.495154,-0.500082,14.0625,10.030139,2.438792,2.577236,3.56274,9.765625,7.133345,1.66408,1.82095,2.528107,7.03125,5.042656,,1.295051,1.795399,5.0,3.62886,,0.927585,1.285675,0.907215,0.60481
format_pair,resnet18/minimal/fp5_e2m2~minimal/fp7_e3m3,11.535909,0.196,-0.498408,-0.50438,14.84375,11.174598,2.761654,2.873395,3.765667,10.15625,7.923468,1.682303,2.028106,2.663952,7.421875,5.585556,,1.439805,1.89348,5.2,4.016757,,1.030374,1.354459,1.004189,0.66946
format_pair,resnet18/minimal/fp5_e2m2~minimal/fp8_e4m3fn,11.740909,0.19,-0.486353,-0.492665,14.453125,11.219157,2.686855,2.890885,3.682733,10.15625,7.927078,1.676824,2.040194,2.60524,7.421875,5.606439,,1.446939,1.851665,5.2,4.141778,,1.03592,1.325142,1.035445,0.690296
format_pair,resnet18/minimal/fp5_e2m2~minimal/fp8_e5m2,6.088929,0.171,-0.47962,-0.501655,14.0625,10.800107,2.4768,2.78023,3.607867,10.15625,7.699089,1.645649,1.964214,2.558575,7.226562,5.408685,,1.395134,1.814789,5.0,4.058373,,0.997595,1.299196,1.014593,0.676395
format_pair,resnet18/minimal/fp5_e2m2~minimal/int4,-39.739468,0.441,-0.502199,-0.516929,18.75,14.636383,3.624151,3.764976,4.740236,13.28125,10.384098,2.274511,2.665107,3.36307,9.179688,7.318136,,1.882224,2.376406,6.5025,5.215832,,1.349144,1.701996,1.303958,0.869305
format_pair,resnet18/minimal/fp5_e2m2~minimal/int5,-4.698254,0.19,-0.46975,-0.49768,14.84375,11.343781,2.928375,2.920408,3.802406,10.546875,8.039097,1.720964,2.064523,2.692234,7.617188,5.715288,,1.460665,1.900525,5.3,4.343058,,1.050714,1.368561,1.085764,0.723843
format_pair,resnet18/minimal/fp5_e2m2~minimal/int6,8.952576,0.173,-0.483194,-0.505759,14.0625,11.031138,2.641848,2.842803,3.570321,10.15625,7.8996,1.687832,2.009504,2.526768,7.03125,5.579042,,1.432705,1.799979,5.0,4.103478,,1.021755,1.2862,1.02587,0.683913
format_pair,resnet18/minimal/fp5_e2m2~minimal/int8,12.840909,0.201,-0.499891,-0.496108,14.84375,12.270426,2.928665,3.154131,3.784616,10.15625,8.722709,1.818893,2.227717,2.678285,7.421875,6.142933,,1.579944,1.900144,5.3,4.396974,,1.130371,1.361525,1.099244,0.732829
format_pair,resnet18/minimal/fp5_e2m2~minimal/log4,-41.791696,0.477,-0.513289,-0.517096,18.75,15.072301,3.936535,3.87422,4.73748,13.28125,10.682319,2.577159,2.740141,3.353632,9.179688,7.542808,,1.940496,2.374743,6.5,5.232336,,1.389509,1.701502,1.308084,0.872056
format_pair,resnet18/minimal/fp5_e2m2~minimal/log6,4.620869,0.163,-0.502132,-0.500082,14.0625,10.586015,2.597833,2.698946,3.516809,9.765625,7.406249,1.684553,1.906571,2.497092,7.03125,5.300065,,1.361643,1.778142,5.0,3.753753,,0.969416,1.269453,0.938438,0.625626
format_pair,resnet18/minimal/fp5_e2m2~minimal/log8,11.477576,0.195,-0.487888,-0.50438,14.84375,11.304862,2.706806,2.895259,3.753596,10.15625,8.009109,1.757119,2.045614,2.656197,7.421875,5.622413,,1.452151,1.884085,5.2,4.16926,,1.038766,1.34993,1.042315,0.694877
format_pair,resnet18/minimal/fp5_e2m2~minimal/mxfp4_e2m1,-16.866533,0.259,-0.492726,-0.499225,16.40625,13.335383,3.200511,3.407383,4.230581,11.71875,9.319581,2.15518,2.409042,3.002195,8.203125,6.648047,,1.703294,2.12776,5.9,4.83759,,1.219853,1.520234,1.209398,0.806265
format_pair,resnet18/minimal/fp5_e2m2~minimal/mxfp6_e3m2,7.498766,0.174,-0.490646,-0.496947,14.0625,10.277809,2.463414,2.627619,3.612676,10.15625,7.200189,1.568534,1.854462,2.554846,7.03125,5.102607,,1.31235,1.812271,5.1025,3.754701,,0.944114,1.300385,0.938675,0.625784
format_pair,resnet18/minimal/fp5_e2m2~minimal/mxfp8_e4m3,11.832576,0.201,-0.489988,-0.493454,14.84375,11.480213,2.83718,2.94397,3.803033,10.546875,8.10873,1.771967,2.079344,2.689546,7.421875,5.771414,,1.479156,1.908077,5.4,4.193652,,1.056569,1.368616,1.048413,0.698942
format_pair,resnet18/minimal/fp5_e2m2~minimal/nf4,-22.459097,0.285,-0.487497,-0.506648,16.40625,12.82344,3.029519,3.302125,4.237048,11.71875,9.161105,1.818424,2.338375,3.002944,8.203125,6.456724,,1.655257,2.1281,5.8,4.726634,,1.182432,1.521969,1.181658,0.787772
format_pair,resnet18/minimal/fp5_e2m2~minimal/posit4_es0,-32.861272,0.405,-0.503699,-0.500782,18.75,14.479808,3.5746,3.720765,4.820004,13.28125,10.310473,2.287096,2.636591,3.416054,9.375,7.287876,,1.864489,2.420075,6.7,5.136758,,1.333641,1.730246,1.284189,0.856126
format_pair,resnet18/minimal/fp5_e2m2~minimal/q1_6,12.840909,0.201,-0.499891,-0.496108,14.84375,12.270426,2.928665,3.154131,3.784616,10.15625,8.722709,1.818893,2.227717,2.678285,7.421875,6.142933,,1.579944,1.900144,5.3,4.396974,,1.130371,1.361525,1.099244,0.732829
format_pair,resnet18/minimal/fp6_e2m3~minimal/fp6_e3m2,-5.090198,0.119,-0.488137,-0.494291,11.71875,8.952071,2.12414,2.298105,2.994807,8.59375,6.377286,1.412359,1.62625,2.125576,5.859375,4.490432,,1.151361,1.504217,4.3,3.296003,,0.825894,1.07981,0.824001,0.549334
format_pair,resnet18/minimal/fp6_e2m3~minimal/fp7_e3m3,0.414048,0.077,-0.50898,-0.494349,9.375,7.01888,1.646394,1.7826,2.425864,6.640625,4.94873,1.086898,1.262326,1.72072,4.6875,3.470256,,0.898129,1.222711,3.4,2.466917,,0.643164,0.876807,0.616729,0.411153
format_pair,resnet18/minimal/fp6_e2m3~minimal/fp8_e4m3fn,0.619048,0.081,-0.501039,-0.46352,9.375,7.226562,1.733714,1.835246,2.487991,6.645508,5.102841,1.160461,1.297075,1.762371,4.882812,3.600545,,0.926394,1.26372,3.6,2.58122,,0.661209,0.897992,0.645305,0.430203
format_pair,resnet18/minimal/fp6_e2m3~minimal/fp8_e5m2,-5.032933,0.132,-0.497006,-0.502991,12.5,9.190964,2.161557,2.357428,3.149326,8.59375,6.554574,1.382173,1.669686,2.239364,6.25,4.634054,,1.179402,1.586134,4.4,3.310863,,0.847969,1.136151,0.827716,0.55181
format_pair,resnet18/minimal/fp6_e2m3~minimal/int4,-50.86133,0.528,-0.497383,-0.520317,18.75,15.153472,3.579794,3.897532,4.725209,13.28125,10.776348,2.480865,2.756779,3.348338,8.984375,7.568827,,1.949044,2.368779,6.5,5.46658,,1.395761,1.696762,1.366645,0.911097
format_pair,resnet18/minimal/fp6_e2m3~minimal/int5,-15.820115,0.225,-0.481701,-0.497775,15.625,12.187572,2.976292,3.147241,3.948058,10.9375,8.668966,1.84237,2.228817,2.795038,7.8125,6.138363,,1.580672,1.981852,5.6,4.545555,,1.129432,1.419827,1.136389,0.757593
format_pair,resnet18/minimal/fp6_e2m3~minimal/int6,-2.169286,0.106,-0.487387,-0.489275,10.9375,8.723958,2.160452,2.243038,2.855947,7.8125,6.214925,1.342512,1.582254,2.017848,5.566406,4.424276,,1.125204,1.425622,4.0,3.20544,,0.806278,1.028611,0.80136,0.53424
format_pair,resnet18/minimal/fp6_e2m3~minimal/int8,1.719048,0.072,-0.499079,-0.518274,9.375,7.618815,1.69805,1.96235,2.337827,6.25,5.405273,1.072659,1.39279,1.662145,4.492188,3.842163,,0.994386,1.188162,3.2,2.726548,,0.708167,0.845127,0.681637,0.454425
format_pair,resnet18/minimal/fp6_e2m3~minimal/log4,-52.913557,0.554,-0.494698,-0.509709,17.96875,15.413658,3.872803,3.974812,4.567842,12.5,10.923597,2.629371,2.81317,3.234809,8.789062,7.718525,,1.994379,2.29138,6.3,5.583559,,1.423888,1.639646,1.39589,0.930593
format_pair,resnet18/minimal/fp6_e2m3~minimal/log6,-6.500992,0.148,-0.511505,-0.495352,13.28125,10.284211,2.378191,2.633105,3.335522,9.375,7.30251,1.584376,1.86349,2.371946,6.640625,5.146186,,1.321553,1.679458,4.8,3.587206,,0.944094,1.202647,0.896802,0.597868
format_pair,resnet18/minimal/fp6_e2m3~minimal/log8,0.355714,0.08,-0.499335,-0.471687,9.375,7.15625,1.694,1.840297,2.477312,7.03125,5.088623,1.115197,1.300061,1.75542,4.882812,3.606312,,0.922242,1.250971,3.6,2.562065,,0.662504,0.893622,0.640516,0.427011
format_pair,resnet18/minimal/fp6_e2m3~minimal/mxfp4_e2m1,-27.988395,0.318,-0.489902,-0.507558,17.1875,14.172033,3.498527,3.643649,4.369323,12.5,10.030346,2.461958,2.573414,3.095552,8.59375,7.094521,,1.821344,2.186696,6.1,5.189065,,1.304247,1.569,1.297266,0.864844
format_pair,resnet18/minimal/fp6_e2m3~minimal/mxfp6_e3m2,-3.623095,0.117,-0.489982,-0.50425,11.71875,8.80964,1.958624,2.270665,2.986307,8.59375,6.293213,1.288081,1.611109,2.125332,5.859375,4.432504,,1.132786,1.494518,4.2025,3.229387,,0.814632,1.077214,0.807347,0.538231
format_pair,resnet18/minimal/fp6_e2m3~minimal/mxfp8_e4m3,0.710714,0.08,-0.496671,-0.46761,9.375,7.057617,1.697609,1.817557,2.468762,6.835938,4.999826,1.081939,1.280754,1.749671,4.882812,3.573143,,0.913754,1.251611,3.6,2.535083,,0.656717,0.892995,0.633771,0.422514
format_pair,resnet18/minimal/fp6_e2m3~minimal/nf4,-33.580958,0.368,-0.490065,-0.500497,17.1875,13.991567,3.41381,3.596319,4.46653,12.5,9.926802,2.22993,2.546086,3.168073,8.59375,7.042274,,1.800988,2.24522,6.2,5.115656,,1.287904,1.60554,1.278914,0.852609
format_pair,resnet18/minimal/fp6_e2m3~minimal/posit4_es0,-43.983133,0.472,-0.485143,-0.510466,18.75,15.11952,3.785394,3.899654,4.750923,13.28125,10.774275,2.520872,2.764905,3.371323,9.179688,7.600253,,1.954712,2.385685,6.6,5.601737,,1.396392,1.704476,1.400434,0.933623
format_pair,resnet18/minimal/fp6_e2m3~minimal/q1_6,1.719048,0.072,-0.499079,-0.518274,9.375,7.618815,1.69805,1.96235,2.337827,6.25,5.405273,1.072659,1.39279,1.662145,4.492188,3.842163,,0.994386,1.188162,3.2,2.726548,,0.708167,0.845127,0.681637,0.454425
format_pair,resnet18/minimal/fp6_e3m2~minimal/fp7_e3m3,5.504246,0.122,-0.497352,-0.487557,11.71875,8.526286,2.104394,2.19458,3.014435,8.203125,6.087193,1.295968,1.553083,2.142035,5.859375,4.310535,,1.104035,1.521091,4.3,3.067237,,0.789248,1.088118,0.766809,0.511206
format_pair,resnet18/minimal/fp6_e3m2~minimal/fp8_e4m3fn,5.709246,0.116,-0.504146,-0.497775,11.71875,8.754883,2.114946,2.247118,2.920673,8.203125,6.258196,1.334799,1.589082,2.074381,5.859375,4.43316,,1.126732,1.47172,4.2,3.100166,,0.808563,1.055348,0.775041,0.516694
format_pair,resnet18/minimal/fp6_e3m2~minimal/fp8_e5m2,0.057266,0.099,-0.495966,-0.491926,10.9375,8.177897,1.957121,2.092356,2.756274,7.8125,5.828964,1.225516,1.477966,1.956796,5.46875,4.078228,,1.041863,1.383617,4.0,2.96367,,0.751584,0.994862,0.740917,0.493945
format_pair,resnet18/minimal/fp6_e3m2~minimal/int4,-45.771131,0.489,-0.501488,-0.507312,18.75,14.594739,3.56561,3.754894,4.777734,13.28125,10.358383,2.455447,2.657604,3.388013,9.375,7.299307,,1.877359,2.395606,6.6,5.209674,,1.345245,1.716156,1.302418,0.868279
format_pair,resnet18/minimal/fp6_e3m2~minimal/int5,-10.729917,0.216,-0.486942,-0.497775,15.625,11.821219,2.927065,3.025704,3.981819,10.9375,8.38197,1.94122,2.146285,2.826851,7.8125,5.948259,,1.515625,2.000202,5.6,4.352866,,1.087067,1.432425,1.088217,0.725478
format_pair,resnet18/minimal/fp6_e3m2~minimal/int6,2.920913,0.151,-0.479078,-0.495352,13.28125,10.261393,2.388141,2.64643,3.39233,9.375,7.309948,1.675171,1.870333,2.40531,6.640625,5.183733,,1.330694,1.707027,4.8,3.84831,,0.953458,1.223826,0.962077,0.641385
format_pair,resnet18/minimal/fp6_e3m2~minimal/int8,6.809246,0.133,-0.494312,-0.468135,11.71875,9.893838,2.406509,2.558242,3.133439,8.789062,7.071208,1.548656,1.812342,2.229989,6.25,4.99946,,1.285993,1.585435,4.5,3.586114,,0.919183,1.129916,0.896529,0.597686
format_pair,resnet18/minimal/fp6_e3m2~minimal/log4,-47.823359,0.513,-0.499243,-0.522728,18.75,14.931964,3.874122,3.840114,4.639216,12.890625,10.607206,2.589006,2.719266,3.28334,8.984375,7.490406,,1.928358,2.32921,6.4,5.353731,,1.376174,1.666658,1.338433,0.892288
format_pair,resnet18/minimal/fp6_e3m2~minimal/log6,-1.410794,0.123,-0.502058,-0.510182,12.5,9.054808,2.111259,2.320529,3.077638,8.59375,6.417296,1.367158,1.644911,2.187681,5.957031,4.541636,,1.165573,1.549145,4.4,3.223186,,0.832081,1.108688,0.805796,0.537198
format_pair,resnet18/minimal/fp6_e3m2~minimal/log8,5.445913,0.117,-0.48876,-0.497775,11.71875,8.854167,2.140962,2.277813,2.952165,8.203125,6.331479,1.405534,1.616398,2.102374,5.859375,4.441682,,1.145174,1.479388,4.2,3.259302,,0.819277,1.064326,0.814825,0.543217
format_pair,resnet18/minimal/fp6_e3m2~minimal/mxfp4_e2m1,-22.898196,0.275,-0.504432,-0.506648,16.40625,12.753037,3.153697,3.270077,4.188823,11.71875,9.022114,2.268451,2.312203,2.968227,8.203125,6.407609,,1.634663,2.099616,5.8,4.509489,,1.170865,1.506781,1.127372,0.751581
format_pair,resnet18/minimal/fp6_e3m2~minimal/mxfp6_e3m2,1.467103,0.128,-0.505231,-0.502991,12.5,8.82287,2.008343,2.254906,3.124916,8.59375,6.301921,1.361305,1.599334,2.223842,6.25,4.369592,,1.132172,1.577812,4.4,3.139571,,0.812286,1.129938,0.784893,0.523262
format_pair,resnet18/minimal/fp6_e3m2~minimal/mxfp8_e4m3,5.800913,0.117,-0.485381,-0.467468,10.9375,8.620605,2.145019,2.212107,2.940438,8.203125,6.104143,1.301725,1.56372,2.089329,5.859375,4.355428,,1.110431,1.478588,4.2,3.17983,,0.796501,1.061956,0.794958,0.529972
format_pair,resnet18/minimal/fp6_e3m2~minimal/nf4,-28.49076,0.335,-0.488875,-0.500497,17.1875,13.310216,3.324324,3.43315,4.440954,12.5,9.448755,2.035822,2.432796,3.150134,8.59375,6.726444,,1.724104,2.241149,6.2,4.874017,,1.230174,1.596593,1.218504,0.812336
format_pair,resnet18/minimal/fp6_e3m2~minimal/posit4_es0,-38.892935,0.437,-0.491853,-0.507312,18.75,14.447809,3.660425,3.720558,4.780151,13.28125,10.275848,2.332539,2.64004,3.389831,9.375,7.29178,,1.863994,2.397075,6.6,5.26014,,1.333713,1.717181,1.315035,0.87669
format_pair,resnet18/minimal/fp6_e3m2~minimal/q1_6,6.809246,0.133,-0.494312,-0.468135,11.71875,9.893838,2.406509,2.558242,3.133439,8.789062,7.071208,1.548656,1.812342,2.229989,6.25,4.99946,,1.285993,1.585435,4.5,3.586114,,0.919183,1.129916,0.896529,0.597686
format_pair,resnet18/minimal/fp7_e3m3~minimal/fp8_e4m3fn,0.205,0.032,-0.501574,-0.502991,6.25,4.231771,1.033876,1.065233,1.524461,4.296875,2.946289,0.629386,0.759186,1.103728,3.125,2.104858,,0.541261,0.802119,2.2,1.503458,,0.38696,0.565119,0.375865,0.250576
format_pair,resnet18/minimal/fp7_e3m3~minimal/fp8_e5m2,-5.446981,0.121,-0.504315,-0.501181,11.71875,8.941529,2.165231,2.280965,2.999995,8.398438,6.320231,1.331393,1.616159,2.135136,5.859375,4.47848,,1.148006,1.513544,4.2,3.165107,,0.819026,1.080625,0.791277,0.527518
format_pair,resnet18/minimal/fp7_e3m3~minimal/int4,-51.275377,0.539,-0.48934,-0.520317,18.75,15.13767,3.496505,3.891557,4.724504,13.28125,10.689286,2.380808,2.752191,3.348057,8.984375,7.527915,,1.947422,2.368349,6.5,5.558256,,1.39471,1.697053,1.389564,0.926376
format_pair,resnet18/minimal/fp7_e3m3~minimal/int5,-16.234163,0.226,-0.489357,-0.497775,15.625,12.103911,3.021375,3.109197,3.921139,10.9375,8.545573,1.852748,2.205191,2.78076,7.8125,6.119497,,1.567041,1.97327,5.6,4.418646,,1.115764,1.411042,1.104661,0.736441
format_pair,resnet18/minimal/fp7_e3m3~minimal/int6,-2.583333,0.113,-0.477557,-0.47582,11.328125,8.984375,2.105361,2.315271,2.934798,7.8125,6.352539,1.39259,1.631306,2.073039,5.859375,4.541219,,1.161916,1.463837,4.2,3.372125,,0.832889,1.060071,0.843031,0.562021
format_pair,resnet18/minimal/fp7_e3m3~minimal/int8,1.305,0.059,-0.494762,-0.512362,8.59375,6.901042,1.630034,1.773314,2.117144,5.859375,4.938883,0.981676,1.261647,1.511848,4.101562,3.465535,,0.895608,1.074276,3.0,2.50525,,0.637683,0.767014,0.626312,0.417542
format_pair,resnet18/minimal/fp7_e3m3~minimal/log4,-53.327605,0.561,-0.495678,-0.516657,17.96875,15.247476,3.727913,3.916088,4.525494,12.5,10.824968,2.493815,2.770999,3.202982,8.789062,7.630438,,1.968853,2.271114,6.2,5.515379,,1.402852,1.624731,1.378845,0.91923
format_pair,resnet18/minimal/fp7_e3m3~minimal/log6,-6.91504,0.131,-0.487791,-0.502991,12.5,9.597145,2.354813,2.473574,3.111349,8.59375,6.848199,1.518802,1.752484,2.212165,6.25,4.875585,,1.245704,1.571243,4.4,3.522804,,0.887698,1.123561,0.880701,0.587134
format_pair,resnet18/minimal/fp7_e3m3~minimal/log8,-0.058333,0.057,-0.495447,-0.470494,7.8125,5.794596,1.341851,1.48125,2.079483,5.859375,4.102376,0.857595,1.04941,1.486366,4.101562,2.925374,,0.748638,1.05875,3.0,2.088875,,0.533026,0.754977,0.522219,0.348146
format_pair,resnet18/minimal/fp7_e3m3~minimal/mxfp4_e2m1,-28.402442,0.317,-0.5012,-0.51014,17.1875,13.837904,3.433064,3.550954,4.305627,12.109375,9.774702,2.380916,2.50673,3.047082,8.59375,6.919656,,1.7772,2.157773,6.0,4.935248,,1.270774,1.546477,1.233812,0.822541
format_pair,resnet18/minimal/fp7_e3m3~minimal/mxfp6_e3m2,-4.037143,0.104,-0.5024,-0.491926,10.9375,8.203451,1.9395,2.090768,2.796344,7.8125,5.856062,1.231773,1.47991,1.992632,5.46875,4.063247,,1.043439,1.402727,4.0,2.937568,,0.750587,1.011118,0.734392,0.489595
format_pair,resnet18/minimal/fp7_e3m3~minimal/mxfp8_e4m3,0.296667,0.061,-0.474984,-0.505394,8.59375,6.140299,1.532131,1.58219,2.144344,5.859375,4.347005,0.921067,1.113551,1.517141,4.296875,3.119141,,0.795022,1.090319,3.0,2.315333,,0.571834,0.780865,0.578833,0.385889
format_pair,resnet18/minimal/fp7_e3m3~minimal/nf4,-33.995006,0.379,-0.488508,-0.500497,17.1875,13.918888,3.460859,3.579841,4.498428,12.5,9.917924,2.238939,2.536547,3.190611,8.59375,6.996563,,1.795789,2.26063,6.2,5.117008,,1.282792,1.616635,1.279252,0.852835
format_pair,resnet18/minimal/fp7_e3m3~minimal/posit4_es0,-44.397181,0.487,-0.486762,-0.507312,18.75,14.998138,3.803756,3.870264,4.789365,13.28125,10.667774,2.419121,2.743982,3.398753,9.375,7.560443,,1.941401,2.406798,6.6,5.527278,,1.386459,1.720555,1.381819,0.921213
format_pair,resnet18/minimal/fp7_e3m3~minimal/q1_6,1.305,0.059,-0.494762,-0.512362,8.59375,6.901042,1.630034,1.773314,2.117144,5.859375,4.938883,0.981676,1.261647,1.511848,4.101562,3.465535,,0.895608,1.074276,3.0,2.50525,,0.637683,0.767014,0.626312,0.417542
format_pair,resnet18/minimal/fp8_e4m3fn~minimal/fp8_e5m2,-5.651981,0.117,-0.496101,-0.497775,11.71875,9.15701,2.205076,2.337972,2.936259,8.203125,6.452767,1.447156,1.658224,2.088015,5.859375,4.580574,,1.174472,1.474422,4.2,3.301359,,0.838554,1.056745,0.82534,0.550226
format_pair,resnet18/minimal/fp8_e4m3fn~minimal/int4,-51.480377,0.545,-0.497644,-0.520317,18.75,15.182014,3.51749,3.911844,4.707104,13.28125,10.766452,2.402635,2.768112,3.335507,8.984375,7.592243,,1.956153,2.358504,6.5,5.466207,,1.401271,1.690914,1.366552,0.911034
format_pair,resnet18/minimal/fp8_e4m3fn~minimal/int5,-16.439163,0.228,-0.489084,-0.505599,15.625,12.220773,3.009054,3.142674,3.916157,10.9375,8.693146,1.865095,2.229143,2.77339,7.8125,6.148642,,1.579485,1.965361,5.5,4.482815,,1.127235,1.408602,1.120704,0.747136
format_pair,resnet18/minimal/fp8_e4m3fn~minimal/int6,-2.788333,0.109,-0.494813,-0.465483,10.9375,9.174316,2.121729,2.349076,2.871789,7.8125,6.471517,1.416428,1.656427,2.026828,5.664062,4.629232,,1.178388,1.435931,4.2,3.308625,,0.845092,1.038802,0.827156,0.551437
format_pair,resnet18/minimal/fp8_e4m3fn~minimal/int8,1.1,0.061,-0.50545,-0.505514,8.59375,6.881999,1.620947,1.757759,2.154601,5.864258,4.84082,1.027851,1.244437,1.530209,4.296875,3.463745,,0.881417,1.091294,3.0,2.421708,,0.632448,0.780865,0.605427,0.403618
format_pair,resnet18/minimal/fp8_e4m3fn~minimal/log4,-53.532605,0.567,-0.499338,-0.497131,17.1875,15.308909,3.74743,3.94401,4.500203,12.5,10.875406,2.521563,2.791258,3.186003,8.789062,7.647183,,1.980973,2.258169,6.2,5.495735,,1.412467,1.61614,1.373934,0.915956
format_pair,resnet18/minimal/fp8_e4m3fn~minimal/log6,-7.12004,0.133,-0.48761,-0.50535,12.5,9.932594,2.356674,2.531478,3.119121,8.59375,6.990327,1.577814,1.792158,2.212664,6.152344,4.974046,,1.271443,1.571451,4.4,3.648731,,0.908129,1.127258,0.912183,0.608122
format_pair,resnet18/minimal/fp8_e4m3fn~minimal/log8,-0.263333,0.055,-0.496542,-0.460507,7.8125,5.970866,1.385625,1.519772,2.042218,5.46875,4.222005,0.944141,1.073212,1.454473,4.101562,2.951457,,0.76098,1.037246,3.0,2.161792,,0.547405,0.741289,0.540448,0.360299
format_pair,resnet18/minimal/fp8_e4m3fn~minimal/mxfp4_e2m1,-28.607442,0.317,-0.508696,-0.516136,17.1875,13.945584,3.432593,3.591112,4.261643,11.71875,9.874141,2.357375,2.536567,3.016949,8.398438,6.984344,,1.796573,2.136523,5.9,4.889778,,1.284595,1.531767,1.222444,0.814963
format_pair,resnet18/minimal/fp8_e4m3fn~minimal/mxfp6_e3m2,-4.242143,0.116,-0.504686,-0.497775,11.71875,8.578253,1.965141,2.197274,2.951659,8.203125,6.106422,1.303276,1.555254,2.097045,5.859375,4.278716,,1.09892,1.483994,4.2,3.045435,,0.787626,1.065364,0.761359,0.507572
format_pair,resnet18/minimal/fp8_e4m3fn~minimal/mxfp8_e4m3,0.091667,0.067,-0.48992,-0.518274,9.375,6.511556,1.655523,1.67302,2.251943,6.25,4.654948,1.017943,1.177254,1.595352,4.492188,3.265381,,0.839375,1.141033,3.2,2.390625,,0.60519,0.81848,0.597656,0.398437
format_pair,resnet18/minimal/fp8_e4m3fn~minimal/nf4,-34.200006,0.377,-0.488662,-0.500497,17.1875,14.076303,3.411946,3.605612,4.434287,12.5,9.977869,2.257832,2.55385,3.142533,8.59375,7.055457,,1.804925,2.22652,6.2,5.16916,,1.291129,1.593107,1.29229,0.861527
format_pair,resnet18/minimal/fp8_e4m3fn~minimal/posit4_es0,-44.602181,0.489,-0.492137,-0.513942,18.75,15.176779,3.834434,3.906264,4.747945,13.28125,10.785067,2.487467,2.770833,3.368432,9.375,7.589691,,1.957128,2.384271,6.5,5.537858,,1.399261,1.705799,1.384464,0.922976
format_pair,resnet18/minimal/fp8_e4m3fn~minimal/q1_6,1.1,0.061,-0.50545,-0.505514,8.59375,6.881999,1.620947,1.757759,2.154601,5.864258,4.84082,1.027851,1.244437,1.530209,4.296875,3.463745,,0.881417,1.091294,3.0,2.421708,,0.632448,0.780865,0.605427,0.403618
format_pair,resnet18/minimal/fp8_e5m2~minimal/int4,-45.828397,0.474,-0.505952,-0.520317,18.75,14.609407,3.524358,3.747148,4.68983,13.28125,10.354018,2.32039,2.651166,3.326895,8.984375,7.306287,,1.874744,2.353211,6.5,5.159206,,1.343385,1.684945,1.289802,0.859868
format_pair,resnet18/minimal/fp8_e5m2~minimal/int5,-10.787183,0.207,-0.477225,-0.497775,15.625,11.798975,2.947426,3.043326,3.906137,10.9375,8.409137,1.799185,2.155749,2.775778,7.8125,5.965094,,1.530471,1.967696,5.6,4.443351,,1.092465,1.404276,1.110838,0.740558
format_pair,resnet18/minimal/fp8_e5m2~minimal/int6,2.863647,0.154,-0.501131,-0.495352,13.28125,10.410373,2.485544,2.668263,3.423872,9.375,7.463207,1.632304,1.892888,2.432407,6.640625,5.269485,,1.347987,1.721358,4.8,3.716142,,0.959256,1.234504,0.929035,0.619357
format_pair,resnet18/minimal/fp8_e5m2~minimal/int8,6.751981,0.136,-0.496681,-0.499667,12.5,9.959477,2.41979,2.559806,3.162789,8.984375,7.124893,1.498479,1.814441,2.252571,6.25,4.995204,,1.290826,1.599397,4.5,3.600657,,0.919218,1.139807,0.900164,0.60011
format_pair,resnet18/minimal/fp8_e5m2~minimal/log4,-47.880625,0.504,-0.495893,-0.522728,18.75,14.792484,3.740049,3.813093,4.606511,12.890625,10.482304,2.44419,2.69851,3.261051,8.984375,7.431872,,1.913699,2.309661,6.4,5.337568,,1.365911,1.654086,1.334392,0.889595
format_pair,resnet18/minimal/fp8_e5m2~minimal/log6,-1.468059,0.122,-0.501663,-0.507747,12.5,8.904839,2.173138,2.276791,3.055762,8.59375,6.300773,1.36225,1.6108,2.168188,6.054688,4.492533,,1.141551,1.541561,4.4,3.164595,,0.816603,1.104464,0.791149,0.527432
format_pair,resnet18/minimal/fp8_e5m2~minimal/log8,5.388647,0.114,-0.493629,-0.477932,10.9375,8.561671,2.087821,2.192497,2.899995,8.203125,6.087648,1.352551,1.561937,2.070129,5.859375,4.336583,,1.109636,1.465825,4.1,3.100264,,0.789696,1.04711,0.775066,0.516711
format_pair,resnet18/minimal/fp8_e5m2~minimal/mxfp4_e2m1,-22.955462,0.258,-0.505347,-0.49147,15.625,12.75129,3.172638,3.263328,4.055477,11.328125,9.008053,2.165895,2.308155,2.874664,8.007812,6.366735,,1.634998,2.03536,5.7,4.506971,,1.167669,1.456722,1.126743,0.751162
format_pair,resnet18/minimal/fp8_e5m2~minimal/mxfp6_e3m2,1.409838,0.129,-0.501728,-0.493233,12.5,8.780587,2.057229,2.251192,3.147582,8.59375,6.221191,1.326126,1.596449,2.23782,6.25,4.459908,,1.13682,1.591908,4.5,3.114098,,0.805731,1.13345,0.778525,0.519016
format_pair,resnet18/minimal/fp8_e5m2~minimal/mxfp8_e4m3,5.743647,0.12,-0.506866,-0.497775,11.71875,8.423394,2.118814,2.179024,2.972548,8.203125,6.039107,1.317263,1.545606,2.11637,5.859375,4.243247,,1.095463,1.494279,4.2,2.972398,,0.784254,1.072847,0.7431,0.4954
format_pair,resnet18/minimal/fp8_e5m2~minimal/nf4,-28.548026,0.308,-0.4996,-0.499225,16.40625,13.229012,3.260415,3.389495,4.220919,11.71875,9.376385,1.917485,2.398225,2.988577,8.203125,6.632877,,1.700005,2.119989,5.9,4.736505,,1.21479,1.518934,1.184126,0.789417
format_pair,resnet18/minimal/fp8_e5m2~minimal/posit4_es0,-38.9502,0.426,-0.495261,-0.520236,18.75,14.340846,3.464419,3.699553,4.722116,13.28125,10.213323,2.225175,2.620172,3.348793,8.989258,7.248194,,1.850511,2.364792,6.5,5.180109,,1.325513,1.695925,1.295027,0.863352
format_pair,resnet18/minimal/fp8_e5m2~minimal/q1_6,6.751981,0.136,-0.496681,-0.499667,12.5,9.959477,2.41979,2.559806,3.162789,8.984375,7.124893,1.498479,1.814441,2.252571,6.25,4.995204,,1.290826,1.599397,4.5,3.600657,,0.919218,1.139807,0.900164,0.60011
format_pair,resnet18/minimal/int4~minimal/int5,35.041214,0.415,-0.499954,-0.494349,18.75,15.030439,3.357493,3.8732,4.832414,13.28125,10.695863,2.150167,2.736392,3.424563,9.375,7.525975,,1.936711,2.418168,6.8,5.38677,,1.386915,1.736177,1.346693,0.897795
format_pair,resnet18/minimal/int4~minimal/int6,48.692044,0.52,-0.499684,-0.508881,18.75,15.37354,3.638785,3.960497,4.77156,13.28125,10.912812,2.483585,2.803938,3.384191,9.277344,7.724318,,1.98055,2.386999,6.6,5.502043,,1.418906,1.712962,1.375511,0.917007
format_pair,resnet18/minimal/int4~minimal/int8,52.580377,0.554,-0.48923,-0.510466,18.75,15.885598,3.722869,4.09025,4.740699,13.28125,11.250255,2.611374,2.891122,3.359645,9.179688,7.978036,,2.041801,2.374085,6.6,5.820241,,1.465086,1.702363,1.45506,0.97004
format_pair,resnet18/minimal/int4~minimal/log4,-2.052228,0.202,-0.484447,-0.505599,15.625,11.405948,2.774175,2.938328,3.925562,10.9375,8.030351,1.90872,2.083887,2.785352,7.8125,5.766538,,1.478046,1.972227,5.5,4.207298,,1.057714,1.41444,1.051825,0.701216
format_pair,resnet18/minimal/int4~minimal/log6,44.360338,0.482,-0.507681,-0.500782,18.75,14.70058,3.494163,3.787458,4.781503,13.28125,10.406702,2.387915,2.678434,3.390798,9.375,7.355847,,1.89469,2.394899,6.7,5.167838,,1.357729,1.718651,1.291959,0.861306
format_pair,resnet18/minimal/int4~minimal/log8,51.217044,0.536,-0.497157,-0.510466,18.75,15.173414,3.545937,3.90486,4.691545,13.28125,10.779549,2.506073,2.763053,3.323975,9.179688,7.598527,,1.954095,2.351306,6.6,5.469856,,1.399341,1.685218,1.367464,0.911643
format_pair,resnet18/minimal/int4~minimal/mxfp4_e2m1,22.872935,0.306,-0.498611,-0.483344,17.1875,13.24964,2.977289,3.3904,4.461133,12.5,9.370168,2.027628,2.398019,3.168038,8.789062,6.601547,,1.697279,2.243564,6.4,4.761509,,1.21437,1.602236,1.190377,0.793585
format_pair,resnet18/minimal/int4~minimal/mxfp6_e3m2,47.238235,0.509,-0.49132,-0.500782,18.75,14.750888,3.317271,3.806884,4.807176,13.28125,10.477814,2.164516,2.693822,3.407603,9.375,7.41672,,1.906579,2.409054,6.7,5.38176,,1.363717,1.727191,1.34544,0.89696
format_pair,resnet18/minimal/int4~minimal/mxfp8_e4m3,51.572044,0.542,-0.506554,-0.510466,18.75,15.241167,3.69954,3.925448,4.708746,13.28125,10.809309,2.562636,2.775885,3.335443,9.179688,7.65427,,1.961905,2.358192,6.6,5.368327,,1.406471,1.691047,1.342082,0.894721
format_pair,resnet18/minimal/int4~minimal/nf4,17.280371,0.282,-0.488185,-0.490183,17.1875,13.161823,3.324554,3.377348,4.456066,12.5,9.298426,2.011465,2.390794,3.167992,8.789062,6.614432,,1.693279,2.239803,6.3,4.828869,,1.211034,1.603234,1.207217,0.804812
format_pair,resnet18/minimal/int4~minimal/posit4_es0,6.878197,0.232,-0.50184,-0.499225,16.40625,11.472051,2.758541,2.941593,4.195713,11.71875,8.145394,1.803481,2.08147,2.971593,8.203125,5.831062,,1.474988,2.097468,5.9,4.069481,,1.057267,1.509649,1.01737,0.678247
format_pair,resnet18/minimal/int4~minimal/q1_6,52.580377,0.554,-0.48923,-0.510466,18.75,15.885598,3.722869,4.09025,4.740699,13.28125,11.250255,2.611374,2.891122,3.359645,9.179688,7.978036,,2.041801,2.374085,6.6,5.820241,,1.465086,1.702363,1.45506,0.97004
format_pair,resnet18/minimal/int5~minimal/int6,13.65083,0.213,-0.491072,-0.494626,14.84375,12.459333,2.970216,3.196002,3.864808,10.9375,8.838603,2.0206,2.264664,2.740353,7.617188,6.296325,,1.610307,1.94257,5.4025,4.538398,,1.147704,1.391686,1.134599,0.7564
format_pair,resnet18/minimal/int5~minimal/int8,17.539163,0.233,-0.491494,-0.497775,15.625,12.773763,3.152351,3.275673,3.951917,10.9375,9.072398,2.009989,2.321377,2.803921,7.8125,6.428689,,1.643481,1.979118,5.6,4.656853,,1.173808,1.420109,1.164213,0.776142
format_pair,resnet18/minimal/int5~minimal/log4,-37.093442,0.449,-0.497421,-0.500782,18.75,15.428548,3.679289,3.963686,4.856439,13.28125,10.874598,2.348416,2.804677,3.434437,9.375,7.735929,,1.989958,2.436776,6.7,5.541456,,1.419872,1.743098,1.385364,0.923576
format_pair,resnet18/minimal/int5~minimal/log6,9.319123,0.213,-0.494003,-0.497775,15.625,11.839494,2.972982,3.062314,3.962188,10.9375,8.463844,1.942036,2.169103,2.814789,7.8125,6.047659,,1.539856,2.002182,5.6,4.278746,,1.099228,1.428198,1.069686,0.713124
format_pair,resnet18/minimal/int5~minimal/log8,16.17583,0.231,-0.493756,-0.505599,15.625,12.11046,3.021761,3.105779,3.974439,10.9375,8.576346,1.952992,2.202345,2.816644,7.8125,6.064075,,1.561308,1.995626,5.5,4.395528,,1.113085,1.427498,1.098882,0.732588
format_pair,resnet18/minimal/int5~minimal/mxfp4_e2m1,-12.168279,0.267,-0.494373,-0.497131,17.1875,13.734521,3.140701,3.518097,4.432906,12.5,9.714044,2.072113,2.484745,3.141761,8.789062,6.838813,,1.757079,2.226868,6.2,4.985424,,1.260318,1.593032,1.246356,0.830904
format_pair,resnet18/minimal/int5~minimal/mxfp6_e3m2,12.19702,0.198,-0.499045,-0.50438,14.84375,11.560849,2.808356,2.959159,3.753275,10.15625,8.202404,1.703585,2.092093,2.658807,7.421875,5.736399,,1.478301,1.877179,5.2,4.160873,,1.062498,1.353204,1.040218,0.693479
format_pair,resnet18/minimal/int5~minimal/mxfp8_e4m3,16.53083,0.235,-0.489447,-0.505599,15.625,12.33797,3.159967,3.169601,3.99736,10.9375,8.72658,1.965215,2.245322,2.832787,7.8125,6.247889,,1.590299,2.00055,5.5,4.50337,,1.137331,1.436799,1.125842,0.750562
format_pair,resnet18/minimal/int5~minimal/nf4,-17.760843,0.271,-0.487199,-0.50875,17.1875,12.931966,3.105302,3.335594,4.292496,11.71875,9.260114,1.810102,2.362267,3.048201,8.40332,6.500542,,1.670103,2.16066,6.0,4.776351,,1.195333,1.54583,1.194088,0.796059
format_pair,resnet18/minimal/int5~minimal/posit4_es0,-28.163018,0.377,-0.478935,-0.504978,18.75,14.807797,3.531911,3.818087,4.842481,13.671875,10.515778,2.259038,2.702342,3.429797,9.375,7.428952,,1.910275,2.428995,6.7,5.562613,,1.367629,1.739169,1.390653,0.927102
format_pair,resnet18/minimal/int5~minimal/q1_6,17.539163,0.233,-0.491494,-0.497775,15.625,12.773763,3.152351,3.275673,3.951917,10.9375,9.072398,2.009989,2.321377,2.803921,7.8125,6.428689,,1.643481,1.979118,5.6,4.656853,,1.173808,1.420109,1.164213,0.776142
format_pair,resnet18/minimal/int6~minimal/int8,3.888333,0.102,-0.497144,-0.491926,10.9375,9.247233,2.250099,2.383073,2.784981,7.8125,6.582845,1.516386,1.681462,1.974513,5.46875,4.652262,,1.193248,1.393003,4.0,3.330583,,0.856622,1.002776,0.832646,0.555097
format_pair,resnet18/minimal/int6~minimal/log4,-50.744272,0.548,-0.501541,-0.520317,18.75,15.889665,3.887906,4.091185,4.640943,13.28125,11.288242,2.663893,2.895827,3.285458,8.984375,8.043878,,2.056224,2.328398,6.5,5.64934,,1.465818,1.666133,1.412335,0.941557
format_pair,resnet18/minimal/int6~minimal/log6,-4.331706,0.168,-0.490886,-0.505759,14.0625,10.998628,2.522745,2.812735,3.569059,10.15625,7.82218,1.776237,1.987534,2.531511,7.03125,5.536298,,1.412054,1.794235,5.0,4.016884,,1.008998,1.288658,1.004221,0.669481
format_pair,resnet18/minimal/int6~minimal/log8,2.525,0.108,-0.496206,-0.470673,10.9375,8.503906,2.019833,2.189221,2.866894,7.8125,6.074626,1.337774,1.545072,2.026084,5.471191,4.276001,,1.092977,1.424876,4.2,3.073583,,0.787681,1.035973,0.768396,0.512264
format_pair,resnet18/minimal/int6~minimal/mxfp4_e2m1,-25.819109,0.316,-0.48685,-0.500497,17.1875,14.62258,3.514277,3.771209,4.415835,12.5,10.365989,2.548425,2.665467,3.128167,8.59375,7.386649,,1.88983,2.213783,6.2,5.377883,,1.350985,1.585825,1.344471,0.896314
format_pair,resnet18/minimal/int6~minimal/mxfp6_e3m2,-1.45381,0.133,-0.493102,-0.502745,12.5,9.622931,2.043439,2.472307,3.192671,8.59375,6.79298,1.440669,1.747405,2.26464,6.25,4.857631,,1.239493,1.609127,4.4025,3.484473,,0.888108,1.152003,0.871118,0.580746
format_pair,resnet18/minimal/int6~minimal/mxfp8_e4m3,2.88,0.106,-0.512809,-0.491926,10.9375,8.595378,2.119644,2.214619,2.845731,7.8125,6.16626,1.395558,1.567445,2.018508,5.46875,4.318319,,1.112884,1.427994,4.0,2.99525,,0.795829,1.025183,0.748812,0.499208
format_pair,resnet18/minimal/int6~minimal/nf4,-31.411673,0.358,-0.487939,-0.500497,17.1875,14.0662,3.351692,3.620891,4.454146,12.5,10.01139,2.288955,2.562199,3.156124,8.59375,7.137915,,1.817632,2.240077,6.2,5.159075,,1.298397,1.602735,1.289769,0.859846
format_pair,resnet18/minimal/int6~minimal/posit4_es0,-41.813847,0.476,-0.493582,-0.498545,18.75,15.618487,3.842647,4.022585,4.874275,13.671875,11.111602,2.545143,2.851798,3.454822,9.375,7.882353,,2.016049,2.442546,6.8,5.664362,,1.441562,1.750017,1.41609,0.94406
format_pair,resnet18/minimal/int6~minimal/q1_6,3.888333,0.102,-0.497144,-0.491926,10.9375,9.247233,2.250099,2.383073,2.784981,7.8125,6.582845,1.516386,1.681462,1.974513,5.46875,4.652262,,1.193248,1.393003,4.0,3.330583,,0.856622,1.002776,0.832646,0.555097
format_pair,resnet18/minimal/int8~minimal/log4,-54.632605,0.572,-0.496508,-0.497131,17.1875,15.949597,3.946858,4.10839,4.496246,12.5,11.330565,2.657785,2.905181,3.182562,8.789062,8.005935,,2.061816,2.258309,6.2,5.753541,,1.471458,1.614422,1.438385,0.958923
format_pair,resnet18/minimal/int8~minimal/log6,-8.22004,0.146,-0.48224,-0.485513,12.5,10.808594,2.476314,2.772467,3.270012,8.984375,7.640249,1.621311,1.964432,2.330634,6.445312,5.412406,,1.394137,1.648458,4.6,4.025902,,0.994039,1.180153,1.006475,0.670984
format_pair,resnet18/minimal/int8~minimal/log8,-1.363333,0.056,-0.501891,-0.460507,7.8125,5.989909,1.399813,1.54386,2.061696,5.46875,4.264323,0.803889,1.096274,1.471251,4.101562,3.04244,,0.778716,1.052617,3.0,2.126958,,0.555663,0.747369,0.53174,0.354493
format_pair,resnet18/minimal/int8~minimal/mxfp4_e2m1,-29.707442,0.34,-0.50008,-0.500497,17.1875,14.95624,3.732795,3.831315,4.449969,12.5,10.540343,2.581333,2.703583,3.150732,8.59375,7.423344,,1.915016,2.230449,6.2,5.357533,,1.370786,1.596045,1.339383,0.892922
format_pair,resnet18/minimal/int8~minimal/mxfp6_e3m2,-5.342143,0.115,-0.496781,-0.507974,11.71875,9.076172,2.080084,2.338372,2.927485,8.203125,6.455032,1.432472,1.658091,2.089178,5.859375,4.551142,,1.168879,1.465883,4.1025,3.274411,,0.839532,1.058182,0.818603,0.545735
format_pair,resnet18/minimal/int8~minimal/mxfp8_e4m3,-1.008333,0.056,-0.489586,-0.468261,7.8125,6.445312,1.591207,1.64841,2.058331,5.46875,4.590251,0.986283,1.1694,1.468515,4.296875,3.299723,,0.841574,1.051756,2.9,2.348333,,0.59541,0.747904,0.587083,0.391389
format_pair,resnet18/minimal/int8~minimal/nf4,-35.300006,0.394,-0.492327,-0.490598,17.207031,14.677223,3.515886,3.777993,4.546216,12.5,10.436249,2.423037,2.671663,3.222491,8.793945,7.431883,,1.890569,2.285878,6.3,5.331335,,1.352906,1.634821,1.332834,0.888556
format_pair,resnet18/minimal/int8~minimal/posit4_es0,-45.702181,0.5,-0.482312,-0.507312,18.75,15.831357,3.918207,4.067352,4.807064,13.28125,11.227592,2.598469,2.881478,3.40859,9.375,7.938904,,2.03578,2.412041,6.6,5.899316,,1.456533,1.724819,1.474829,0.983219
format_pair,resnet18/minimal/int8~minimal/q1_6,0.0,0.0,,,0.0,0.0,0.0,0.0,0.0,0.0,0.0,0.0,0.0,0.0,0.0,0.0,,0.0,0.0,0.0,0.0,,0.0,0.0,0.0,0.0
format_pair,resnet18/minimal/log4~minimal/log6,46.412565,0.506,-0.50193,-0.515996,18.75,14.722945,3.842682,3.787572,4.651776,12.890625,10.434196,2.529009,2.680329,3.292634,8.984375,7.446988,,1.906358,2.336152,6.5,5.227164,,1.357957,1.671598,1.306791,0.871194
format_pair,resnet18/minimal/log4~minimal/log8,53.269272,0.56,-0.499815,-0.490183,17.1875,15.355908,3.829395,3.957103,4.508498,12.5,10.948123,2.569258,2.802005,3.191231,8.789062,7.750409,,1.988901,2.263937,6.3,5.49353,,1.417958,1.618283,1.373382,0.915588
format_pair,resnet18/minimal/log4~minimal/mxfp4_e2m1,24.925163,0.314,-0.487031,-0.502962,17.1875,12.895588,2.914789,3.321566,4.351373,12.109375,9.142632,1.863185,2.345152,3.075406,8.59375,6.473704,,1.660275,2.180971,6.1,4.751135,,1.18836,1.559628,1.187784,0.791856
format_pair,resnet18/minimal/log4~minimal/mxfp6_e3m2,49.290462,0.523,-0.477038,-0.511349,17.988281,14.666295,3.531066,3.784751,4.579277,12.890625,10.403712,2.211645,2.677766,3.241282,8.984375,7.418009,,1.904588,2.296063,6.3,5.516039,,1.354885,1.64314,1.37901,0.91934
format_pair,resnet18/minimal/log4~minimal/mxfp8_e4m3,53.624272,0.564,-0.499789,-0.490183,17.1875,15.37585,3.942205,3.965144,4.504288,12.5,10.919709,2.571316,2.805932,3.189319,8.789062,7.751821,,1.992337,2.262339,6.3,5.495965,,1.420659,1.617096,1.373991,0.915994
format_pair,resnet18/minimal/log4~minimal/nf4,19.332599,0.31,-0.501199,-0.501216,17.96875,13.394115,3.460659,3.433487,4.56472,12.5,9.492659,2.190126,2.435426,3.236688,8.886719,6.685233,,1.724674,2.291462,6.4,4.78536,,1.233354,1.640719,1.19634,0.79756
format_pair,resnet18/minimal/log4~minimal/posit4_es0,8.930424,0.216,-0.491771,-0.497775,15.625,11.589349,3.007603,2.993858,3.976294,10.9375,8.304818,2.093997,2.118427,2.815374,7.8125,5.837534,,1.49981,1.993612,5.6,4.233689,,1.076235,1.429461,1.058422,0.705615
format_pair,resnet18/minimal/log4~minimal/q1_6,54.632605,0.572,-0.496508,-0.493506,17.1875,15.949597,3.946858,4.10839,4.496246,12.5,11.330565,2.657785,2.905181,3.182562,8.596191,8.005935,,2.061816,2.258309,6.3,5.753541,,1.471458,1.614422,1.438385,0.958923
format_pair,resnet18/minimal/log6~minimal/log8,6.856706,0.136,-0.484841,-0.509425,12.5,9.927785,2.291317,2.533976,3.180498,8.984375,6.990583,1.577001,1.796682,2.258043,6.25,4.981609,,1.275568,1.59469,4.4,3.668396,,0.907762,1.144989,0.917099,0.611399
format_pair,resnet18/minimal/log6~minimal/mxfp4_e2m1,-21.487403,0.27,-0.503819,-0.506648,16.40625,12.925676,3.267059,3.33079,4.177365,11.71875,9.167756,2.303623,2.353471,2.958698,8.203125,6.557739,,1.665863,2.095644,5.8,4.565588,,1.192641,1.502997,1.141397,0.760931
format_pair,resnet18/minimal/log6~minimal/mxfp6_e3m2,2.877897,0.131,-0.488651,-0.493233,12.5,9.24287,2.032265,2.370104,3.15971,8.59375,6.549406,1.346571,1.67535,2.245818,6.25,4.677628,,1.188793,1.590205,4.5,3.382633,,0.850113,1.141363,0.845658,0.563772
format_pair,resnet18/minimal/log6~minimal/mxfp8_e4m3,7.211706,0.14,-0.484654,-0.499667,12.5,9.848703,2.317417,2.524857,3.213808,8.984375,6.976522,1.402804,1.789494,2.286146,6.25,4.946214,,1.26805,1.616756,4.5,3.64692,,0.905104,1.159845,0.91173,0.60782
format_pair,resnet18/minimal/log6~minimal/nf4,-27.079966,0.322,-0.506507,-0.507558,17.1875,13.352721,3.247486,3.433552,4.367681,12.5,9.500604,2.022523,2.431134,3.096293,8.59375,6.734679,,1.723351,2.200426,6.1,4.701783,,1.230252,1.571382,1.175446,0.78363
format_pair,resnet18/minimal/log6~minimal/posit4_es0,-37.482141,0.428,-0.501713,-0.507312,18.75,14.457634,3.498472,3.709856,4.759587,13.28125,10.257917,2.321891,2.628981,3.375936,9.375,7.25849,,1.859676,2.392163,6.6,5.15072,,1.329361,1.710485,1.28768,0.858453
format_pair,resnet18/minimal/log6~minimal/q1_6,8.22004,0.146,-0.48224,-0.512145,13.28125,10.808594,2.476314,2.772467,3.270012,8.984375,7.640249,1.621311,1.964432,2.330634,6.445312,5.412406,,1.394137,1.648458,4.6,4.025902,,0.994039,1.180153,1.006475,0.670984
format_pair,resnet18/minimal/log8~minimal/mxfp4_e2m1,-28.344109,0.324,-0.498925,-0.507558,17.1875,13.998586,3.560347,3.601453,4.367631,12.5,9.887553,2.550355,2.545078,3.092174,8.59375,7.018019,,1.80278,2.190202,6.1,5.014222,,1.28864,1.567163,1.253556,0.835704
format_pair,resnet18/minimal/log8~minimal/mxfp6_e3m2,-3.97881,0.111,-0.490283,-0.472546,10.9375,8.308664,1.902521,2.133637,2.900361,8.203125,5.947992,1.336392,1.514851,2.064347,5.664062,4.137663,,1.06532,1.451328,4.2,3.056622,,0.764663,1.044754,0.764156,0.509437
format_pair,resnet18/minimal/log8~minimal/mxfp8_e4m3,0.355,0.056,-0.488624,-0.467815,7.8125,5.730794,1.3853,1.473659,2.05625,5.46875,4.043132,0.846484,1.046519,1.464765,3.90625,2.902507,,0.738872,1.031685,3.0,2.093833,,0.532196,0.748225,0.523458,0.348972
format_pair,resnet18/minimal/log8~minimal/nf4,-33.936673,0.38,-0.492087,-0.496956,17.1875,13.951741,3.382254,3.575678,4.499804,12.5,9.860818,2.326717,2.532625,3.188584,8.789062,7.00786,,1.793621,2.264768,6.2025,5.07452,,1.281601,1.617603,1.26863,0.845753
format_pair,resnet18/minimal/log8~minimal/posit4_es0,-44.338847,0.48,-0.493495,-0.517096,18.75,15.065738,3.75999,3.883922,4.730185,13.28125,10.738016,2.516224,2.755319,3.356067,9.179688,7.590133,,1.949056,2.376816,6.5,5.471624,,1.391314,1.697516,1.367906,0.911937
format_pair,resnet18/minimal/log8~minimal/q1_6,1.363333,0.056,-0.501891,-0.465587,7.8125,5.989909,1.399813,1.54386,2.061696,5.664062,4.264323,0.803889,1.096274,1.471251,4.101562,3.04244,,0.778716,1.052617,3.0,2.126958,,0.555663,0.747369,0.53174,0.354493
format_pair,resnet18/minimal/mxfp4_e2m1~minimal/mxfp6_e3m2,24.365299,0.281,-0.49423,-0.499225,16.40625,13.072381,3.108161,3.340883,4.179231,11.71875,9.167716,2.07813,2.359609,2.95801,8.203125,6.554351,,1.673158,2.096871,5.9,4.721958,,1.194605,1.499437,1.18049,0.786993
format_pair,resnet18/minimal/mxfp4_e2m1~minimal/mxfp8_e4m3,28.699109,0.324,-0.497647,-0.502962,17.1875,14.046892,3.633236,3.592238,4.346093,12.109375,9.909505,2.500172,2.535667,3.074153,8.59375,7.002333,,1.798263,2.177893,6.1,5.054186,,1.285498,1.559949,1.263547,0.842364
format_pair,resnet18/minimal/mxfp4_e2m1~minimal/nf4,-5.592564,0.25,-0.499551,-0.495901,17.1875,13.379216,3.254011,3.441722,4.357008,12.109375,9.541259,2.064425,2.439412,3.097006,8.59375,6.78893,,1.724766,2.191331,6.2,4.780872,,1.231496,1.568133,1.195218,0.796812
format_pair,resnet18/minimal/mxfp4_e2m1~minimal/posit4_es0,-15.994738,0.282,-0.511474,-0.497131,17.1875,12.874888,3.160601,3.294053,4.459121,12.5,9.113863,2.152954,2.330528,3.157737,8.789062,6.477334,,1.647262,2.239533,6.2,4.478226,,1.182509,1.603234,1.119557,0.746371
format_pair,resnet18/minimal/mxfp4_e2m1~minimal/q1_6,29.707442,0.34,-0.50008,-0.497131,17.1875,14.95624,3.732795,3.831315,4.449969,12.5,10.540343,2.581333,2.703583,3.150732,8.789062,7.423344,,1.915016,2.230449,6.2,5.357533,,1.370786,1.596045,1.339383,0.892922
format_pair,resnet18/minimal/mxfp6_e3m2~minimal/mxfp8_e4m3,4.33381,0.123,-0.492731,-0.487557,11.71875,8.626953,1.967848,2.206204,3.043409,8.203125,6.171491,1.246283,1.560749,2.162767,5.859375,4.322434,,1.106093,1.52917,4.3,3.1485,,0.792732,1.09905,0.787125,0.52475
format_pair,resnet18/minimal/mxfp6_e3m2~minimal/nf4,-29.957863,0.341,-0.485195,-0.500497,17.1875,13.437125,3.134924,3.450498,4.405895,12.5,9.553601,1.913049,2.444033,3.12418,8.59375,6.76958,,1.730605,2.216238,6.2,4.970232,,1.235402,1.5824,1.242558,0.828372
format_pair,resnet18/minimal/mxfp6_e3m2~minimal/posit4_es0,-40.360038,0.441,-0.497473,-0.52688,18.75,14.422398,3.445282,3.709513,4.702541,13.28125,10.261118,2.264656,2.626309,3.332141,8.984375,7.261122,,1.856782,2.358941,6.4025,5.18832,,1.328365,1.68812,1.29708,0.86472
format_pair,resnet18/minimal/mxfp6_e3m2~minimal/q1_6,5.342143,0.115,-0.496781,-0.497775,11.71875,9.076172,2.080084,2.338372,2.927485,8.203125,6.455032,1.432472,1.658091,2.089178,5.859375,4.551142,,1.168879,1.465883,4.2,3.274411,,0.839532,1.058182,0.818603,0.545735
format_pair,resnet18/minimal/mxfp8_e4m3~minimal/nf4,-34.291673,0.392,-0.492811,-0.499579,17.96875,14.227844,3.581105,3.666781,4.577641,12.5,10.152581,2.3294,2.595496,3.244926,8.984375,7.230474,,1.839773,2.302671,6.4,5.161988,,1.314195,1.645892,1.290497,0.860331
format_pair,resnet18/minimal/mxfp8_e4m3~minimal/posit4_es0,-44.693847,0.488,-0.494682,-0.507312,18.75,15.220598,3.895809,3.917458,4.763627,13.28125,10.804216,2.559103,2.776204,3.380021,9.375,7.662381,,1.961678,2.389372,6.6,5.506718,,1.403229,1.710661,1.37668,0.917786
format_pair,resnet18/minimal/mxfp8_e4m3~minimal/q1_6,1.008333,0.056,-0.489586,-0.470494,7.8125,6.445312,1.591207,1.64841,2.058331,5.859375,4.590251,0.986283,1.1694,1.468515,4.101562,3.299723,,0.841574,1.051756,3.0,2.348333,,0.59541,0.747904,0.587083,0.391389
format_pair,resnet18/minimal/nf4~minimal/posit4_es0,-10.402175,0.292,-0.496688,-0.507312,18.75,13.262259,3.203914,3.415132,4.686141,13.28125,9.459148,2.01503,2.423665,3.32867,9.375,6.665343,,1.709311,2.351259,6.6,4.786451,,1.224355,1.682748,1.196613,0.797742
format_pair,resnet18/minimal/nf4~minimal/q1_6,35.300006,0.394,-0.492327,-0.480052,17.1875,14.677223,3.515886,3.777993,4.546216,12.5,10.436249,2.423037,2.671663,3.222491,8.984375,7.431883,,1.890569,2.285878,6.4,5.331335,,1.352906,1.634821,1.332834,0.888556
format_pair,resnet18/minimal/posit4_es0~minimal/q1_6,45.702181,0.5,-0.482312,-0.500782,18.75,15.831357,3.918207,4.067352,4.807064,13.28125,11.227592,2.598469,2.881478,3.40859,9.375,7.938904,,2.03578,2.412041,6.7,5.899316,,1.456533,1.724819,1.474829,0.983219
accumulator_vs_wide,resnet18-int8-default-b2/control,0.0,0.0,,,0.0,0.0,0.0,0.0,0.0,0.0,0.0,0.0,0.0,0.0,0.0,0.0,,0.0,0.0,0.0,0.0,,0.0,0.0,0.0,0.0
accumulator_vs_wide,resnet18-int8-default-b2/f21,0.383333,0.013,-0.491926,-0.497775,3.90625,2.734375,0.673992,0.676287,0.901342,2.734375,1.953125,0.467183,0.492135,0.675828,1.953125,1.367188,,0.358669,0.49964,1.4,1.0,,0.255335,0.360208,0.25,0.166667
accumulator_vs_wide,resnet18-int8-default-b2/fp16.x-11,0.291667,0.012,-0.479266,-0.273379,2.34375,3.125,0.852138,0.829424,0.847376,2.734375,2.34375,0.560599,0.598483,0.653316,1.953125,1.611328,,0.420234,0.468428,1.4,1.183333,,0.307446,0.346352,0.295833,0.197222
accumulator_vs_wide,resnet18-int8-default-b2/sat.w17,-45.033333,0.496,-0.498162,-0.507312,18.75,18.232422,4.376634,4.695307,4.788612,13.28125,12.890625,2.858626,3.322757,3.394254,9.375,9.182129,,2.350683,2.400596,6.6,6.534167,,1.679397,1.718418,1.633542,1.089028
accumulator_vs_wide,resnet18-int8-default-b2/sat.w18,-1.45,0.072,-0.513403,-0.498537,9.375,8.59375,1.9945,2.145735,2.330178,6.25,6.054688,1.304016,1.526005,1.656982,4.6875,4.199219,,1.082013,1.176692,3.3,3.00125,,0.778462,0.847939,0.750312,0.500208
accumulator_vs_wide,resnet18-int8-default-b2/sat.w19,-0.016667,0.023,-0.489194,-0.537678,5.46875,4.296875,1.021415,1.100294,1.276451,3.90625,3.125,0.683199,0.792456,0.932504,2.734375,2.246094,,0.571952,0.674312,1.8,1.566667,,0.404691,0.479489,0.391667,0.261111
accumulator_vs_wide,resnet18-int8-default-b2/sat.w20,0.1,0.002,-0.192582,,0.0,0.0,0.314214,0.18932,0.189209,0.0,0.585938,0.207066,0.181305,0.189522,0.585938,0.585938,,0.16277,0.180425,0.6,0.45,,0.122495,0.141421,0.1125,0.075
accumulator_vs_wide,resnet18-int8-default-b2/sat.w21,0.0,0.0,,,0.0,0.0,0.0,0.0,0.0,0.0,0.0,0.0,0.0,0.0,0.0,0.0,,0.0,0.0,0.0,0.0,,0.0,0.0,0.0,0.0
accumulator_vs_wide,resnet18-int6-default-b2/control,0.0,0.0,,,0.0,0.0,0.0,0.0,0.0,0.0,0.0,0.0,0.0,0.0,0.0,0.0,,0.0,0.0,0.0,0.0,,0.0,0.0,0.0,0.0
accumulator_vs_wide,resnet18-int6-default-b2/f21,0.070952,0.031,-0.475202,-0.507747,6.25,4.882812,1.190436,1.259581,1.510425,4.296875,3.548177,0.795731,0.89953,1.091477,3.027344,2.484631,,0.633204,0.7765,2.2,1.855226,,0.456345,0.556767,0.463807,0.309204
accumulator_vs_wide,resnet18-int6-default-b2/fp16.x-7,-0.065714,0.026,-0.484435,-0.491926,5.46875,4.166667,1.011259,1.059751,1.379509,3.90625,2.988444,0.618013,0.761366,1.007595,2.734375,2.105742,,0.541742,0.721675,2.0,1.546732,,0.385066,0.509863,0.386683,0.257789
accumulator_vs_wide,resnet18-int6-default-b2/sat.w14,-6.781667,0.133,-0.480095,-0.483688,12.5,10.157878,2.210018,2.636293,3.150526,8.59375,7.358805,1.439794,1.871148,2.239746,6.25,5.217367,,1.330969,1.598364,4.6,3.800083,,0.950988,1.140066,0.950021,0.633347
accumulator_vs_wide,resnet18-int6-default-b2/sat.w15,-0.565,0.038,-0.447766,-0.469982,6.269531,4.962728,1.216681,1.297054,1.675868,4.6875,3.584798,0.792054,0.925551,1.201122,3.322754,2.547323,,0.651604,0.852929,2.4,1.998583,,0.471352,0.616312,0.499646,0.333097
accumulator_vs_wide,resnet18-int6-default-b2/sat.w16,0.448333,0.013,-0.473184,-0.497775,3.90625,2.34375,0.611354,0.594769,0.885986,2.734375,1.738281,0.388271,0.437682,0.687952,1.953125,1.214559,,0.307449,0.49837,1.4,0.895125,,0.225826,0.360208,0.223781,0.149187
accumulator_vs_wide,resnet18-int6-default-b2/sat.w17,0.0,0.0,,,0.0,0.0,0.0,0.0,0.0,0.0,0.0,0.0,0.0,0.0,0.0,0.0,,0.0,0.0,0.0,0.0,,0.0,0.0,0.0,0.0
accumulator_vs_wide,resnet18-fp6_e2m3-default-b2/control,0.0,0.0,,,0.0,0.0,0.0,0.0,0.0,0.0,0.0,0.0,0.0,0.0,0.0,0.0,,0.0,0.0,0.0,0.0,,0.0,0.0,0.0,0.0
accumulator_vs_wide,resnet18-fp6_e2m3-default-b2/f21,0.331667,0.043,-0.49677,-0.488727,7.03125,5.013021,1.240498,1.274529,1.779514,5.078125,3.629883,0.876077,0.915799,1.292021,3.515625,2.544312,,0.647508,0.915752,2.6,1.811875,,0.461182,0.655736,0.452969,0.301979
accumulator_vs_wide,resnet18-fp6_e2m3-default-b2/fp16.x-1,0.305,0.051,-0.496552,-0.497775,7.8125,5.598958,1.286259,1.435685,1.961781,5.46875,4.003906,0.824661,1.023864,1.399157,3.90625,2.866781,,0.726069,0.988395,2.8,2.010167,,0.519997,0.71408,0.502542,0.335028
accumulator_vs_wide,resnet18-fp6_e2m3-default-b2/sat.w15,-8.085714,0.16,-0.488731,-0.495352,13.28125,11.19873,2.769195,2.86446,3.409977,9.375,7.936849,1.684692,2.029099,2.421642,6.640625,5.637666,,1.43748,1.711724,4.8,4.105393,,1.029263,1.231,1.026348,0.684232
accumulator_vs_wide,resnet18-fp6_e2m3-default-b2/sat.w16,-1.325,0.069,-0.503519,-0.518274,9.375,6.640625,1.59914,1.69106,2.259447,6.25,4.710693,1.04895,1.199779,1.612366,4.492188,3.32251,,0.852035,1.146862,3.2,2.358625,,0.611705,0.824858,0.589656,0.393104
accumulator_vs_wide,resnet18-fp6_e2m3-default-b2/sat.w17,-0.016667,0.032,-0.485466,-0.502991,6.25,4.166667,0.977883,1.052248,1.518136,4.296875,2.966064,0.664904,0.753207,1.102767,3.125,2.108032,,0.530693,0.778601,2.2,1.538625,,0.381701,0.565367,0.384656,0.256437
accumulator_vs_wide,resnet18-fp6_e2m3-default-b2/sat.w18,0.0,0.0,,,0.0,0.0,0.0,0.0,0.0,0.0,0.0,0.0,0.0,0.0,0.0,0.0,,0.0,0.0,0.0,0.0,,0.0,0.0,0.0,0.0
accumulator_vs_wide,resnet18-fp6_e2m3-default-b2/sat.w19,0.0,0.0,,,0.0,0.0,0.0,0.0,0.0,0.0,0.0,0.0,0.0,0.0,0.0,0.0,,0.0,0.0,0.0,0.0,,0.0,0.0,0.0,0.0
accumulator_vs_wide,resnet18-fp7_e3m3-default-b2/control,0.0,0.0,,,0.0,0.0,0.0,0.0,0.0,0.0,0.0,0.0,0.0,0.0,0.0,0.0,,0.0,0.0,0.0,0.0,,0.0,0.0,0.0,0.0
accumulator_vs_wide,resnet18-fp7_e3m3-default-b2/f21,-0.001548,0.037,-0.501308,-0.470092,6.269531,4.564941,1.177158,1.171343,1.643114,4.6875,3.248959,0.758674,0.838107,1.1963,3.320312,2.308268,,0.593205,0.844185,2.4,1.625512,,0.426864,0.608268,0.406378,0.270919
accumulator_vs_wide,resnet18-fp7_e3m3-default-b2/fp16.x-5,-0.008333,0.038,-0.501474,-0.46153,6.269531,4.6875,1.15292,1.20889,1.668986,4.6875,3.321126,0.704183,0.862689,1.198918,3.515625,2.408976,,0.618224,0.855671,2.4,1.656708,,0.440747,0.616441,0.414177,0.276118
accumulator_vs_wide,resnet18-fp7_e3m3-default-b2/sat.w21,-50.984881,0.532,-0.491929,-0.525169,18.75,16.537435,3.974795,4.253754,4.607292,12.504883,11.716309,2.460106,3.008596,3.265275,8.984375,8.299148,,2.126233,2.30965,6.3,6.023845,,1.523056,1.655101,1.505961,1.003974
accumulator_vs_wide,resnet18-fp7_e3m3-default-b2/sat.w22,-5.519167,0.135,-0.498917,-0.493233,12.5,10.099609,2.399924,2.581527,3.164208,8.59375,7.135742,1.623526,1.820451,2.243356,6.25,5.017436,,1.293198,1.597466,4.5,3.629437,,0.92782,1.143569,0.907359,0.604906
accumulator_vs_wide,resnet18-fp7_e3m3-default-b2/sat.w23,-0.088214,0.045,-0.506762,-0.488727,7.03125,5.487863,1.346993,1.404916,1.829582,5.078125,3.876325,0.910186,0.99593,1.313398,3.515625,2.738211,,0.697549,0.91264,2.6,1.933756,,0.507115,0.670455,0.483439,0.322293
accumulator_vs_wide,resnet18-fp7_e3m3-default-b2/sat.w24,0.105278,0.038,-0.496617,-0.46575,6.269531,4.603353,1.1721,1.192316,1.66411,4.6875,3.320312,0.735638,0.853228,1.210004,3.417969,2.372023,,0.606725,0.858451,2.4,1.653583,,0.434443,0.616409,0.413396,0.275597
accumulator_vs_wide,resnet18-fp7_e3m3-default-b2/sat.w25,-0.333333,0.005,-0.367338,-0.191269,0.0,1.171875,0.347271,0.271157,0.425387,1.171875,0.78125,0.240503,0.233666,0.381376,1.367188,0.732422,,0.18482,0.311101,0.9,0.516667,,0.130875,0.223047,0.129167,0.086111
accumulator_vs_wide,resnet18-fp7_e3m3-default-b2/sat.w26,0.0,0.0,,,0.0,0.0,0.0,0.0,0.0,0.0,0.0,0.0,0.0,0.0,0.0,0.0,,0.0,0.0,0.0,0.0,,0.0,0.0,0.0,0.0
accumulator_vs_wide,resnet18-fp8_e4m3fn-default-b2/control,-0.075,0.003,-0.299028,-0.381836,0.0,0.78125,0.283526,0.233547,0.274874,1.171875,0.78125,0.17999,0.194404,0.25622,0.585938,0.585938,,0.152296,0.212074,0.7,0.433333,,0.109637,0.173176,0.108333,0.072222
accumulator_vs_wide,resnet18-fp8_e4m3fn-default-b2/f21,0.000833,0.02,-0.499669,-0.477802,4.6875,4.166667,0.981528,1.061336,1.156174,3.515625,3.005127,0.673484,0.762241,0.873121,2.34375,2.116984,,0.542368,0.620643,1.8,1.493437,,0.385111,0.447169,0.373359,0.248906
accumulator_vs_wide,resnet18-fp8_e4m3fn-default-b2/fp16.x-13,-0.170833,0.03,-0.501728,-0.512658,6.25,4.688314,1.117745,1.189429,1.477549,4.296875,3.321045,0.765436,0.85042,1.075156,2.929688,2.373128,,0.608115,0.766223,2.2,1.664604,,0.431199,0.547686,0.416151,0.277434
accumulator_vs_wide,resnet18-fp8_e4m3fn-default-b2/sat.w37,-42.1275,0.453,-0.496827,-0.522728,18.75,16.60319,3.832851,4.265027,4.596779,12.890625,11.753011,2.437681,3.017266,3.255637,8.984375,8.300171,,2.132365,2.301524,6.4,5.986229,,1.525775,1.650379,1.496557,0.997705
accumulator_vs_wide,resnet18-fp8_e4m3fn-default-b2/sat.w38,-5.589881,0.133,-0.483626,-0.493233,12.5,10.392392,2.525869,2.680085,3.139323,8.59375,7.3725,1.710623,1.891548,2.217559,6.25,5.270508,,1.346907,1.579193,4.5,3.846274,,0.965326,1.134791,0.961568,0.641046
accumulator_vs_wide,resnet18-fp8_e4m3fn-default-b2/sat.w39,-0.663333,0.047,-0.501252,-0.537639,7.8125,5.223063,1.199691,1.349889,1.87157,5.46875,3.776286,0.759549,0.959031,1.339012,3.710938,2.636882,,0.680823,0.951559,2.6,1.870896,,0.490586,0.684682,0.467724,0.311816
accumulator_vs_wide,resnet18-fp8_e4m3fn-default-b2/sat.w40,0.265833,0.03,-0.473917,-0.532859,6.25,4.166667,1.01656,1.077248,1.472223,4.296875,2.985189,0.706158,0.768428,1.076253,2.929688,2.173136,,0.553664,0.77403,2.1,1.566958,,0.393325,0.547576,0.39174,0.26116
accumulator_vs_wide,resnet18-fp8_e4m3fn-default-b2/sat.w41,-0.05,0.004,-0.27828,-0.278513,0.0,0.0,0.240068,0.163169,0.34668,1.171875,0.585938,0.167221,0.158091,0.332035,1.171875,0.602214,,0.133113,0.267218,0.8,0.4,,0.098638,0.2,0.1,0.066667
accumulator_vs_wide,resnet18-fp8_e4m3fn-default-b2/sat.w42,0.0,0.0,,,0.0,0.0,0.0,0.0,0.0,0.0,0.0,0.0,0.0,0.0,0.0,0.0,,0.0,0.0,0.0,0.0,,0.0,0.0,0.0,0.0
accumulator_vs_wide,resnet18-posit8_es1-default-b2/control,0.0,0.0,,,0.0,0.0,0.0,0.0,0.0,0.0,0.0,0.0,0.0,0.0,0.0,0.0,,0.0,0.0,0.0,0.0,,0.0,0.0,0.0,0.0
accumulator_vs_wide,resnet18-posit8_es1-default-b2/f21,-0.335714,0.01,-0.498346,-0.356099,2.34375,2.734375,0.664072,0.692721,0.736658,2.734375,1.953892,0.434251,0.501857,0.590624,1.757812,1.445394,,0.361775,0.425525,1.2,0.966726,,0.256682,0.315975,0.241682,0.161121
accumulator_vs_wide,resnet18-posit8_es1-default-b2/fp16.x-10,0.633333,0.019,-0.493092,-0.494349,4.6875,3.385417,0.838451,0.857024,1.143941,3.320312,2.409668,0.495495,0.615974,0.851215,2.34375,1.718831,,0.441279,0.607225,1.7,1.226833,,0.314374,0.435787,0.306708,0.204472
accumulator_vs_wide,resnet18-posit8_es1-default-b2/sat.w31,-18.213333,0.255,-0.493573,-0.499225,16.40625,15.24707,3.780496,3.907632,4.142372,11.71875,10.775146,2.473756,2.763406,2.934375,8.203125,7.603394,,1.963284,2.090668,5.9,5.540292,,1.401446,1.490768,1.385073,0.923382
accumulator_vs_wide,resnet18-posit8_es1-default-b2/sat.w32,-0.828333,0.044,-0.511475,-0.488727,7.03125,6.120605,1.436507,1.562106,1.816942,5.078125,4.428711,0.914456,1.110213,1.299565,3.515625,3.076579,,0.787852,0.917193,2.6,2.145167,,0.565285,0.662571,0.536292,0.357528
accumulator_vs_wide,resnet18-posit8_es1-default-b2/sat.w33,-0.308333,0.018,-0.495415,-0.511899,4.6875,3.359701,0.847286,0.847642,1.0978,3.125,2.467448,0.512532,0.611774,0.826918,2.34375,1.680013,,0.437664,0.593567,1.6,1.230167,,0.313023,0.42384,0.307542,0.205028
accumulator_vs_wide,resnet18-posit8_es1-default-b2/sat.w34,-0.116667,0.005,-0.354271,-0.191269,0.0,1.171875,0.381338,0.352723,0.416032,1.171875,1.171875,0.244412,0.282234,0.379078,1.367188,0.830078,,0.210936,0.289997,0.9,0.58375,,0.153692,0.223405,0.145937,0.097292
accumulator_vs_wide,resnet18-posit8_es1-default-b2/sat.w35,0.0,0.0,,,0.0,0.0,0.0,0.0,0.0,0.0,0.0,0.0,0.0,0.0,0.0,0.0,,0.0,0.0,0.0,0.0,,0.0,0.0,0.0,0.0
accumulator_vs_wide,resnet18-int8-default_signed-b2/control,0.0,0.0,,,0.0,0.0,0.0,0.0,0.0,0.0,0.0,0.0,0.0,0.0,0.0,0.0,,0.0,0.0,0.0,0.0,,0.0,0.0,0.0,0.0
accumulator_vs_wide,resnet18-int8-default_signed-b2/f21,-0.158333,0.019,-0.46517,-0.496508,4.6875,3.125,0.804011,0.847991,1.143123,3.515625,2.34375,0.562106,0.611603,0.846627,2.441406,1.733805,,0.444351,0.615785,1.7,1.191875,,0.312477,0.435878,0.297969,0.198646
accumulator_vs_wide,resnet18-int8-default_signed-b2/fp16.x-10,-0.15,0.016,-0.502991,-0.438184,3.90625,3.125,0.763554,0.774793,1.036742,3.125,2.148438,0.515151,0.564671,0.783658,2.246094,1.5625,,0.408662,0.561455,1.6,1.1,,0.287333,0.39995,0.275,0.183333
accumulator_vs_wide,resnet18-int8-default_signed-b2/sat.w17,-20.391667,0.265,-0.498029,-0.506648,16.40625,16.015625,3.841302,4.101406,4.166999,11.71875,11.328125,2.449857,2.90359,2.957608,8.203125,8.032633,,2.057733,2.098772,5.8,5.750417,,1.470363,1.498663,1.437604,0.958403
accumulator_vs_wide,resnet18-int8-default_signed-b2/sat.w18,-0.891667,0.047,-0.485608,-0.52125,7.8125,7.03125,1.600148,1.788421,1.878363,5.46875,4.94873,1.09053,1.270255,1.341593,3.710938,3.499552,,0.901616,0.950807,2.7,2.600417,,0.650194,0.6855,0.650104,0.433403
accumulator_vs_wide,resnet18-int8-default_signed-b2/sat.w19,-0.288333,0.016,-0.462782,-0.524933,4.6875,3.520508,0.831272,0.935927,1.015762,3.125,2.734375,0.515979,0.680338,0.781287,2.148438,1.90918,,0.484165,0.559126,1.6,1.37675,,0.349536,0.39995,0.344187,0.229458
accumulator_vs_wide,resnet18-int8-default_signed-b2/sat.w20,-0.116667,0.004,-0.376894,-0.278513,0.0,1.171875,0.387174,0.334793,0.360686,1.171875,1.171875,0.254371,0.276232,0.329493,1.171875,0.846354,,0.209113,0.283166,0.8,0.550417,,0.148165,0.2,0.137604,0.091736
accumulator_vs_wide,resnet18-int8-default_signed-b2/sat.w21,0.0,0.0,,,0.0,0.0,0.0,0.0,0.0,0.0,0.0,0.0,0.0,0.0,0.0,0.0,,0.0,0.0,0.0,0.0,,0.0,0.0,0.0,0.0
accumulator_vs_wide,resnet18-fp8_e5m2-default-b2/control,-0.016667,0.0,,,0.0,0.0,0.042373,0.015625,0.0,0.0,0.0,0.027628,0.015191,0.0,0.0,0.097656,,0.017578,0.0,0.0,0.05,,0.016667,0.0,0.0125,0.008333
accumulator_vs_wide,resnet18-fp8_e5m2-default-b2/f21,-0.685004,0.054,-0.498836,-0.482537,7.8125,5.893648,1.430304,1.508854,2.006508,5.46875,4.201955,0.956374,1.072337,1.434566,3.90625,2.986271,,0.757915,1.024769,2.9,2.110354,,0.547316,0.734411,0.527588,0.351726
accumulator_vs_wide,resnet18-fp8_e5m2-default-b2/fp16.x-27,-0.80124,0.064,-0.505263,-0.48671,8.59375,6.157661,1.505727,1.575091,2.188176,6.25,4.341902,0.975524,1.112329,1.552076,4.296875,3.10142,,0.793107,1.117825,3.2,2.168976,,0.569334,0.798774,0.542244,0.361496
