model,source,group,a,b,top1_a,top1_b,error_jaccard,error_phi,top1_diff,top1_lo,top1_hi,top1_lowest_diff,top1_lowest_mcnemar_p,top1_discordant,agree_diff,agree_lo,agree_hi,agree_lowest_diff,agree_lowest_mcnemar_p,agree_discordant,own_cells
mobilenet_v2,matrix,default,bfp6,bfp6@cum5_act_maxabs,61.516667,65.6,0.789216,0.818921,4.083333,2.433333,5.75,4.6,1e-06,86,6.633333,4.741667,8.558333,6.8,0.0,116,False
mobilenet_v2,matrix,default,bfp6,fp6_e2m3,61.516667,66.235,0.743468,0.771139,4.718333,2.984958,6.513458,4.2,6.6e-05,108,,,,7.2,0.0,142,True
mobilenet_v2,matrix,default,bfp6,fp6_e3m2,61.516667,20.8625,0.47125,0.356434,-40.654167,-43.686708,-37.576479,-40.1,0.0,423,,,,-47.4,0.0,486,True
mobilenet_v2,matrix,default,bfp6,fp7_e3m3,61.516667,67.625,0.702381,0.735456,6.108333,4.241458,8.066667,6.1,0.0,125,9.286667,7.17,11.436875,9.0,0.0,166,True
mobilenet_v2,matrix,default,bfp6,fp8_e4m3fn,61.516667,67.708333,0.704327,0.740452,6.191667,4.358333,8.083333,6.7,0.0,123,9.525,7.4,11.7,9.5,0.0,161,True
mobilenet_v2,matrix,default,bfp6,fp8_e5m2,61.516667,23.235119,0.492188,0.401983,-38.281548,-41.205723,-35.23986,-37.0,0.0,390,,,,-43.8,0.0,454,True
mobilenet_v2,matrix,default,bfp6,int5,61.516667,32.550013,0.537226,0.478177,-28.966653,-31.757469,-26.275058,-27.7,0.0,317,,,,-33.8,0.0,366,True
mobilenet_v2,matrix,default,bfp6,int6,61.516667,70.098333,0.646635,0.690569,8.581667,6.573292,10.720042,9.1,0.0,147,14.36,12.033292,16.701667,14.4,0.0,192,True
mobilenet_v2,matrix,default,bfp6,int8,61.516667,72.3,0.613527,0.664367,10.783333,8.55,13.1,10.8,0.0,160,26.833333,24.133333,29.55,27.1,0.0,281,True
mobilenet_v2,matrix,default,bfp6,log6,61.516667,20.336905,0.467581,0.346375,-41.179762,-44.194881,-38.061411,-40.1,0.0,427,,,,-47.3,0.0,489,True
mobilenet_v2,matrix,default,bfp6,log8,61.516667,68.173333,0.716707,0.753639,6.656667,4.79,8.59,6.7,0.0,117,11.083333,8.95,13.258333,10.7,0.0,155,True
mobilenet_v2,matrix,default,bfp6,mxfp8_e4m3,61.516667,66.75,0.72315,0.754514,5.233333,3.4,7.116667,5.4,1e-06,116,8.028333,6.00325,10.12,8.0,0.0,150,True
mobilenet_v2,matrix,default,bfp6,mxfp8_e4m3@cum5_act_maxabs,61.516667,66.558333,0.720096,0.752578,5.041667,3.233125,6.875,5.7,0.0,117,7.741667,5.683333,9.791875,8.1,0.0,147,False
mobilenet_v2,matrix,default,bfp6,posit6_es1,61.516667,18.789019,0.465116,0.345121,-42.727648,-45.65358,-39.684662,-42.1,0.0,437,,,,-48.6,0.0,496,True
mobilenet_v2,matrix,default,bfp6,posit8_es1,61.516667,72.391667,0.631707,0.684701,10.875,8.741458,13.116667,10.7,0.0,151,21.375,18.9,23.908333,21.2,0.0,230,True
mobilenet_v2,matrix,default,bfp6,q1_6,61.516667,72.2,0.618005,0.671905,10.683333,8.433333,13.016667,11.1,0.0,157,26.15,23.516667,28.833333,26.1,0.0,267,True
mobilenet_v2,matrix,default,bfp6@cum5_act_maxabs,fp6_e2m3,65.6,66.235,0.782383,0.813918,0.635,-0.935042,2.225042,-0.4,0.743644,84,,,,0.4,0.784328,120,False
mobilenet_v2,matrix,default,bfp6@cum5_act_maxabs,fp6_e3m2,65.6,20.8625,0.420854,0.336658,-44.7375,-47.780875,-41.633271,-44.7,0.0,461,,,,-54.2,0.0,554,False
mobilenet_v2,matrix,default,bfp6@cum5_act_maxabs,fp7_e3m3,65.6,67.625,0.784,0.818578,2.025,0.466667,3.583333,1.5,0.119274,81,2.653333,0.7,4.565042,2.2,0.058876,124,False
mobilenet_v2,matrix,default,bfp6@cum5_act_maxabs,fp8_e4m3fn,65.6,67.708333,0.772727,0.809223,2.108333,0.583333,3.65,2.1,0.029456,85,2.891667,0.991667,4.8,2.7,0.01773,121,False
mobilenet_v2,matrix,default,bfp6@cum5_act_maxabs,fp8_e5m2,65.6,23.235119,0.436031,0.36798,-42.364881,-45.348949,-39.237381,-41.6,0.0,432,,,,-50.6,0.0,524,False
mobilenet_v2,matrix,default,bfp6@cum5_act_maxabs,int5,65.6,32.550013,0.483063,0.449168,-33.049987,-35.905191,-30.204514,-32.3,0.0,351,,,,-40.6,0.0,426,False
mobilenet_v2,matrix,default,bfp6@cum5_act_maxabs,int6,65.6,70.098333,0.745902,0.790851,4.498333,2.845,6.186667,4.5,3e-06,93,7.726667,5.658208,9.761708,7.6,0.0,146,False
mobilenet_v2,matrix,default,bfp6@cum5_act_maxabs,int8,65.6,72.3,0.694823,0.74762,6.7,4.816667,8.65,6.2,0.0,112,20.2,17.833333,22.616667,20.3,0.0,211,False
mobilenet_v2,matrix,default,bfp6@cum5_act_maxabs,log6,65.6,20.336905,0.41375,0.315992,-45.263095,-48.330964,-42.155667,-44.7,0.0,469,,,,-54.1,0.0,555,False
mobilenet_v2,matrix,default,bfp6@cum5_act_maxabs,log8,65.6,68.173333,0.811475,0.845345,2.573333,1.136583,4.086667,2.1,0.015432,69,4.45,2.65,6.266667,3.9,0.000111,99,False
mobilenet_v2,matrix,default,bfp6@cum5_act_maxabs,mxfp8_e4m3,65.6,66.75,0.78836,0.821378,1.15,-0.383333,2.75,0.8,0.434042,80,1.395,-0.485,3.245083,1.2,0.30709,116,False
mobilenet_v2,matrix,default,bfp6@cum5_act_maxabs,mxfp8_e4m3@cum5_act_maxabs,65.6,66.558333,0.771053,0.805437,0.958333,-0.608333,2.558333,1.1,0.283607,87,1.108333,-0.775208,2.983333,1.3,0.279199,123,False
mobilenet_v2,matrix,default,bfp6@cum5_act_maxabs,posit6_es1,65.6,18.789019,0.414005,0.323488,-46.810981,-49.794435,-43.757695,-46.7,0.0,477,,,,-55.4,0.0,564,False
mobilenet_v2,matrix,default,bfp6@cum5_act_maxabs,posit8_es1,65.6,72.391667,0.706849,0.759273,6.791667,4.991667,8.616667,6.1,0.0,107,14.741667,12.616458,17.025,14.4,0.0,178,False
mobilenet_v2,matrix,default,bfp6@cum5_act_maxabs,q1_6,65.6,72.2,0.691257,0.745508,6.6,4.716667,8.55,6.5,0.0,113,19.516667,17.208333,21.908333,19.3,0.0,201,False
mobilenet_v2,matrix,default,fp6_e2m3,fp6_e3m2,66.235,20.8625,0.42409,0.334924,-45.3725,-48.285104,-42.319833,-44.3,0.0,459,,,,-54.6,0.0,558,True
mobilenet_v2,matrix,default,fp6_e2m3,fp7_e3m3,66.235,67.625,0.814016,0.846305,1.39,0.085,2.706708,1.9,0.029493,69,,,,1.8,0.082193,96,True
mobilenet_v2,matrix,default,fp6_e2m3,fp8_e4m3fn,66.235,67.708333,0.797844,0.832727,1.473333,0.21,2.786667,2.5,0.005228,75,,,,2.3,0.020584,91,True
mobilenet_v2,matrix,default,fp6_e2m3,fp8_e5m2,66.235,23.235119,0.441253,0.371715,-42.999881,-45.939827,-39.98806,-41.2,0.0,428,,,,-51.0,0.0,526,True
mobilenet_v2,matrix,default,fp6_e2m3,int5,66.235,32.550013,0.488954,0.453896,-33.684987,-36.418443,-30.92001,-31.9,0.0,347,,,,-41.0,0.0,424,True
mobilenet_v2,matrix,default,fp6_e2m3,int6,66.235,70.098333,0.761644,0.806205,3.863333,2.349958,5.411708,4.9,0.0,87,,,,7.2,0.0,122,True
mobilenet_v2,matrix,default,fp6_e2m3,int8,66.235,72.3,0.678284,0.730948,6.065,4.208208,7.930042,6.6,0.0,120,,,,19.9,0.0,209,True
mobilenet_v2,matrix,default,fp6_e2m3,log6,66.235,20.336905,0.42409,0.334924,-45.898095,-48.884048,-42.846393,-44.3,0.0,459,,,,-54.5,0.0,551,True
mobilenet_v2,matrix,default,fp6_e2m3,log8,66.235,68.173333,0.793011,0.828224,1.938333,0.536625,3.353375,2.5,0.005871,77,,,,3.5,0.001033,109,True
mobilenet_v2,matrix,default,fp6_e2m3,mxfp8_e4m3,66.235,66.75,0.803714,0.835441,0.515,-0.960042,2.013333,1.2,0.200678,74,,,,0.8,0.496754,106,True
mobilenet_v2,matrix,default,fp6_e2m3,mxfp8_e4m3@cum5_act_maxabs,66.235,66.558333,0.795756,0.82857,0.323333,-1.148375,1.798417,1.5,0.110016,77,,,,0.9,0.43944,107,False
mobilenet_v2,matrix,default,fp6_e2m3,posit6_es1,66.235,18.789019,0.415441,0.315985,-47.445981,-50.376899,-44.422355,-46.3,0.0,477,,,,-55.8,0.0,572,True
mobilenet_v2,matrix,default,fp6_e2m3,posit8_es1,66.235,72.391667,0.703804,0.756596,6.156667,4.426667,7.905042,6.5,0.0,109,,,,14.0,0.0,170,True
mobilenet_v2,matrix,default,fp6_e2m3,q1_6,66.235,72.2,0.683784,0.738245,5.965,4.0765,7.803417,6.9,0.0,117,,,,18.9,0.0,205,True
mobilenet_v2,matrix,default,fp6_e3m2,fp7_e3m3,20.8625,67.625,0.403774,0.329123,46.7625,43.677458,49.683333,46.2,0.0,474,,,,56.4,0.0,572,True
mobilenet_v2,matrix,default,fp6_e3m2,fp8_e4m3fn,20.8625,67.708333,0.394472,0.318818,46.845833,43.762458,49.775833,46.8,0.0,482,,,,56.9,0.0,577,True
mobilenet_v2,matrix,default,fp6_e3m2,fp8_e5m2,20.8625,23.235119,0.888889,0.743557,2.372619,0.773438,3.987521,3.1,0.001517,91,,,,3.6,0.000534,104,True
mobilenet_v2,matrix,default,fp6_e3m2,int5,20.8625,32.550013,0.784049,0.593595,11.687513,9.715465,13.690216,12.4,0.0,176,,,,13.6,0.0,190,True
mobilenet_v2,matrix,default,fp6_e3m2,int6,20.8625,70.098333,0.371212,0.320036,49.235833,46.156542,52.255,49.2,0.0,498,,,,61.8,0.0,626,True
mobilenet_v2,matrix,default,fp6_e3m2,int8,20.8625,72.3,0.34128,0.278821,51.4375,48.267479,54.525833,50.9,0.0,525,,,,74.5,0.0,749,True
mobilenet_v2,matrix,default,fp6_e3m2,log6,20.8625,20.336905,0.903498,0.759729,-0.525595,-2.035836,0.951905,0.0,1.0,80,,,,0.1,1.0,93,True
mobilenet_v2,matrix,default,fp6_e3m2,log8,20.8625,68.173333,0.390977,0.308319,47.310833,44.222417,50.351687,46.8,0.0,486,,,,58.1,0.0,595,True
mobilenet_v2,matrix,default,fp6_e3m2,mxfp8_e4m3,20.8625,66.75,0.414358,0.340235,45.8875,42.777438,48.9,45.5,0.0,465,,,,55.4,0.0,562,True
mobilenet_v2,matrix,default,fp6_e3m2,mxfp8_e4m3@cum5_act_maxabs,20.8625,66.558333,0.412358,0.342917,45.695833,42.602479,48.674188,45.8,0.0,466,,,,55.5,0.0,563,False
mobilenet_v2,matrix,default,fp6_e3m2,posit6_es1,20.8625,18.789019,0.893365,0.721371,-2.073481,-3.57946,-0.576589,-2.0,0.044598,90,,,,-1.2,0.276014,102,True
mobilenet_v2,matrix,default,fp6_e3m2,posit8_es1,20.8625,72.391667,0.342535,0.279669,51.529167,48.414979,54.593354,50.8,0.0,524,,,,68.6,0.0,694,True
mobilenet_v2,matrix,default,fp6_e3m2,q1_6,20.8625,72.2,0.337516,0.276278,51.3375,48.153333,54.432521,51.2,0.0,528,,,,73.5,0.0,741,True
mobilenet_v2,matrix,default,fp7_e3m3,fp8_e4m3fn,67.625,67.708333,0.883721,0.908775,0.083333,-0.841667,1.008333,0.6,0.429591,40,0.238333,-0.900083,1.376667,0.5,0.614655,63,True
mobilenet_v2,matrix,default,fp7_e3m3,fp8_e5m2,67.625,23.235119,0.422018,0.368972,-44.389881,-47.364187,-41.370804,-43.1,0.0,441,,,,-52.8,0.0,538,True
mobilenet_v2,matrix,default,fp7_e3m3,int5,67.625,32.550013,0.460972,0.431512,-35.074987,-37.937468,-32.247028,-33.8,0.0,366,,,,-42.8,0.0,444,True
mobilenet_v2,matrix,default,fp7_e3m3,int6,67.625,70.098333,0.762712,0.80651,2.473333,0.944958,4.04,3.0,0.001404,84,5.073333,3.264958,6.883375,5.4,1e-06,120,True
mobilenet_v2,matrix,default,fp7_e3m3,int8,67.625,72.3,0.70028,0.752208,4.675,2.883333,6.508333,4.7,6e-06,107,17.546667,15.396667,19.823417,18.1,0.0,189,True
mobilenet_v2,matrix,default,fp7_e3m3,log6,67.625,20.336905,0.398496,0.31345,-47.288095,-50.306667,-44.172244,-46.2,0.0,480,,,,-56.3,0.0,571,True
mobilenet_v2,matrix,default,fp7_e3m3,log8,67.625,68.173333,0.8,0.83572,0.548333,-0.830125,1.951708,0.6,0.555998,72,1.796667,0.125,3.49675,1.7,0.131924,113,True
mobilenet_v2,matrix,default,fp7_e3m3,mxfp8_e4m3,67.625,66.75,0.815934,0.848716,-0.875,-2.358333,0.608333,-0.7,0.463818,67,-1.258333,-2.941667,0.475042,-1.0,0.372944,102,True
mobilenet_v2,matrix,default,fp7_e3m3,mxfp8_e4m3@cum5_act_maxabs,67.625,66.558333,0.797814,0.832434,-1.066667,-2.550208,0.408542,-0.4,0.727547,74,-1.545,-3.236958,0.146667,-0.9,0.44367,109,False
mobilenet_v2,matrix,default,fp7_e3m3,posit6_es1,67.625,18.789019,0.393865,0.306158,-48.835981,-51.82361,-45.786609,-48.2,0.0,494,,,,-57.6,0.0,582,True
mobilenet_v2,matrix,default,fp7_e3m3,posit8_es1,67.625,72.391667,0.72238,0.773552,4.766667,3.05,6.475,4.6,4e-06,98,12.088333,10.159958,14.118417,12.2,0.0,156,True
mobilenet_v2,matrix,default,fp7_e3m3,q1_6,67.625,72.2,0.687151,0.74032,4.575,2.733333,6.45,5.0,3e-06,112,16.863333,14.626542,19.15,17.1,0.0,193,True
mobilenet_v2,matrix,default,fp8_e4m3fn,fp8_e5m2,67.708333,23.235119,0.410458,0.353492,-44.473214,-47.445033,-41.450655,-43.7,0.0,451,,,,-53.3,0.0,541,True
mobilenet_v2,matrix,default,fp8_e4m3fn,int5,67.708333,32.550013,0.45,0.419938,-35.15832,-37.962601,-32.33079,-34.4,0.0,374,,,,-43.3,0.0,449,True
mobilenet_v2,matrix,default,fp8_e4m3fn,int6,67.708333,70.098333,0.760684,0.804699,2.39,0.916667,3.915,2.4,0.011634,84,4.835,3.068292,6.566667,4.9,6e-06,115,True
mobilenet_v2,matrix,default,fp8_e4m3fn,int8,67.708333,72.3,0.692958,0.744776,4.591667,2.791667,6.408542,4.1,0.000107,109,17.308333,15.15,19.558333,17.6,0.0,184,True
mobilenet_v2,matrix,default,fp8_e4m3fn,log6,67.708333,20.336905,0.390977,0.308319,-47.371429,-50.376238,-44.274958,-46.8,0.0,486,,,,-56.8,0.0,574,True
mobilenet_v2,matrix,default,fp8_e4m3fn,log8,67.708333,68.173333,0.793296,0.830243,0.465,-0.893417,1.851667,0.0,1.0,74,1.558333,-0.066667,3.158542,1.2,0.28069,104,True
mobilenet_v2,matrix,default,fp8_e4m3fn,mxfp8_e4m3,67.708333,66.75,0.824513,0.857377,-0.958333,-2.316667,0.425,-1.3,0.129918,63,-1.496667,-3.096667,0.111667,-1.5,0.132902,87,True
mobilenet_v2,matrix,default,fp8_e4m3fn,mxfp8_e4m3@cum5_act_maxabs,67.708333,66.558333,0.801105,0.836393,-1.15,-2.55,0.266667,-1.0,0.288784,72,-1.783333,-3.458333,-0.166458,-1.4,0.188847,98,False
mobilenet_v2,matrix,default,fp8_e4m3fn,posit6_es1,67.708333,18.789019,0.386503,0.301393,-48.919314,-51.846158,-45.84282,-48.8,0.0,500,,,,-58.1,0.0,593,True
mobilenet_v2,matrix,default,fp8_e4m3fn,posit8_es1,67.708333,72.391667,0.724928,0.775795,4.683333,3.066667,6.308333,4.0,5.5e-05,96,11.85,9.925,13.858333,11.7,0.0,147,True
mobilenet_v2,matrix,default,fp8_e4m3fn,q1_6,67.708333,72.2,0.689266,0.74228,4.491667,2.658333,6.358333,4.4,3.3e-05,110,16.625,14.408125,18.9,16.6,0.0,186,True
mobilenet_v2,matrix,default,fp8_e5m2,int5,23.235119,32.550013,0.796717,0.627898,9.314894,7.388913,11.271993,9.3,0.0,161,,,,10.0,0.0,172,True
mobilenet_v2,matrix,default,fp8_e5m2,int6,23.235119,70.098333,0.386334,0.351931,46.863214,43.868176,49.875881,46.1,0.0,467,,,,58.2,0.0,592,True
mobilenet_v2,matrix,default,fp8_e5m2,int8,23.235119,72.3,0.351562,0.300358,49.064881,45.95269,52.130905,47.8,0.0,498,,,,70.9,0.0,713,True
mobilenet_v2,matrix,default,fp8_e5m2,log6,23.235119,20.336905,0.861613,0.674888,-2.898214,-4.734705,-1.132375,-3.1,0.004928,115,,,,-3.5,0.002618,129,True
mobilenet_v2,matrix,default,fp8_e5m2,log8,23.235119,68.173333,0.40678,0.343489,44.938214,41.91083,47.88667,43.7,0.0,455,,,,54.5,0.0,563,True
mobilenet_v2,matrix,default,fp8_e5m2,mxfp8_e4m3,23.235119,66.75,0.431193,0.375385,43.514881,40.473185,46.540015,42.4,0.0,434,,,,51.8,0.0,524,True
mobilenet_v2,matrix,default,fp8_e5m2,mxfp8_e4m3@cum5_act_maxabs,23.235119,66.558333,0.429134,0.377595,43.323214,40.340649,46.315039,42.7,0.0,435,,,,51.9,0.0,527,False
mobilenet_v2,matrix,default,fp8_e5m2,posit6_es1,23.235119,18.789019,0.8677,0.68175,-4.4461,-6.14252,-2.799962,-5.1,1e-06,111,,,,-4.8,1.4e-05,120,True
mobilenet_v2,matrix,default,fp8_e5m2,posit8_es1,23.235119,72.391667,0.356397,0.311678,49.156548,46.08808,52.206551,47.7,0.0,493,,,,65.0,0.0,660,True
mobilenet_v2,matrix,default,fp8_e5m2,q1_6,23.235119,72.2,0.349413,0.302783,48.964881,45.834685,52.039205,48.1,0.0,499,,,,69.9,0.0,705,True
mobilenet_v2,matrix,default,int5,int6,32.550013,70.098333,0.418879,0.401053,37.54832,34.706611,40.442039,36.8,0.0,394,,,,48.2,0.0,494,True
mobilenet_v2,matrix,default,int5,int8,32.550013,72.3,0.389706,0.371833,39.749987,36.84006,42.783307,38.5,0.0,415,,,,60.9,0.0,613,True
mobilenet_v2,matrix,default,int5,log6,32.550013,20.336905,0.784049,0.593595,-12.213109,-14.339616,-10.093249,-12.4,0.0,176,,,,-13.5,0.0,189,True
mobilenet_v2,matrix,default,int5,log8,32.550013,68.173333,0.45,0.419938,35.62332,32.807236,38.526434,34.4,0.0,374,,,,44.5,0.0,463,True
mobilenet_v2,matrix,default,int5,mxfp8_e4m3,32.550013,66.75,0.462665,0.42177,34.199987,31.393266,37.056141,33.1,0.0,367,,,,41.8,0.0,440,True
mobilenet_v2,matrix,default,int5,mxfp8_e4m3@cum5_act_maxabs,32.550013,66.558333,0.464706,0.431708,34.00832,31.178434,36.818334,33.4,0.0,364,,,,41.9,0.0,437,False
mobilenet_v2,matrix,default,int5,posit6_es1,32.550013,18.789019,0.761051,0.533675,-13.760994,-15.8352,-11.672043,-14.4,0.0,200,,,,-14.8,0.0,212,True
mobilenet_v2,matrix,default,int5,posit8_es1,32.550013,72.391667,0.391176,0.373008,39.841653,36.955969,42.824878,38.4,0.0,414,,,,55.0,0.0,560,True
mobilenet_v2,matrix,default,int5,q1_6,32.550013,72.2,0.385294,0.368307,39.649987,36.746945,42.678618,38.8,0.0,418,,,,59.9,0.0,605,True
mobilenet_v2,matrix,default,int6,int8,70.098333,72.3,0.753799,0.803455,2.201667,0.626625,3.776667,1.7,0.074788,81,12.473333,10.606667,14.421792,12.7,0.0,135,True
mobilenet_v2,matrix,default,int6,log6,70.098333,20.336905,0.367758,0.309308,-49.761429,-52.808113,-46.689702,-49.2,0.0,502,,,,-61.7,0.0,625,True
mobilenet_v2,matrix,default,int6,log8,70.098333,68.173333,0.796512,0.837513,-1.925,-3.343333,-0.554958,-2.4,0.005583,70,-3.276667,-4.905042,-1.631625,-3.7,0.000296,101,True
mobilenet_v2,matrix,default,int6,mxfp8_e4m3,70.098333,66.75,0.76257,0.806471,-3.348333,-4.948333,-1.766542,-3.7,7.4e-05,85,-6.331667,-8.121708,-4.523208,-6.4,0.0,120,True
mobilenet_v2,matrix,default,int6,mxfp8_e4m3@cum5_act_maxabs,70.098333,66.558333,0.769014,0.812442,-3.54,-5.141667,-1.953333,-3.4,0.000222,82,-6.618333,-8.436708,-4.803292,-6.3,0.0,117,False
mobilenet_v2,matrix,default,int6,posit6_es1,70.098333,18.789019,0.362069,0.29912,-51.309314,-54.295098,-48.294883,-51.2,0.0,518,,,,-63.0,0.0,638,True
mobilenet_v2,matrix,default,int6,posit8_es1,70.098333,72.391667,0.783951,0.830349,2.293333,0.946667,3.675,1.6,0.072238,70,7.015,5.238333,8.863375,6.8,0.0,112,True
mobilenet_v2,matrix,default,int6,q1_6,70.098333,72.2,0.75,0.800693,2.101667,0.506625,3.685,2.0,0.035241,82,11.79,9.854917,13.798417,11.7,0.0,141,True
mobilenet_v2,matrix,default,int8,log6,72.3,20.336905,0.339599,0.273363,-51.963095,-55.056994,-48.761661,-50.9,0.0,527,,,,-74.4,0.0,748,True
mobilenet_v2,matrix,default,int8,log8,72.3,68.173333,0.736994,0.787711,-4.126667,-5.813333,-2.45325,-4.1,2e-05,91,-15.75,-17.941875,-13.666667,-16.4,0.0,174,True
mobilenet_v2,matrix,default,int8,mxfp8_e4m3,72.3,66.75,0.69146,0.743652,-5.55,-7.417083,-3.683333,-5.4,0.0,112,-18.805,-21.08,-16.554875,-19.1,0.0,203,True
mobilenet_v2,matrix,default,int8,mxfp8_e4m3@cum5_act_maxabs,72.3,66.558333,0.683196,0.735115,-5.741667,-7.675,-3.866458,-5.1,2e-06,115,-19.091667,-21.391875,-16.866667,-19.0,0.0,202,False
mobilenet_v2,matrix,default,int8,posit6_es1,72.3,18.789019,0.336196,0.269014,-53.510981,-56.556868,-50.377772,-52.9,0.0,541,,,,-75.7,0.0,759,True
mobilenet_v2,matrix,default,int8,posit8_es1,72.3,72.391667,0.876254,0.908337,0.091667,-0.841875,1.041667,-0.1,1.0,37,-5.458333,-6.916667,-4.083333,-5.9,0.0,73,True
mobilenet_v2,matrix,default,int8,q1_6,72.3,72.2,0.940767,0.957726,-0.1,-0.85,0.6,0.3,0.629059,17,-0.683333,-1.666667,0.3,-1.0,0.110184,32,True
mobilenet_v2,matrix,default,log6,log8,20.336905,68.173333,0.390977,0.308319,47.836429,44.730714,50.878143,46.8,0.0,486,,,,58.0,0.0,590,True
mobilenet_v2,matrix,default,log6,mxfp8_e4m3,20.336905,66.75,0.409034,0.324645,46.413095,43.311411,49.436435,45.5,0.0,471,,,,55.3,0.0,563,True
mobilenet_v2,matrix,default,log6,mxfp8_e4m3@cum5_act_maxabs,20.336905,66.558333,0.407035,0.327293,46.221429,43.131661,49.197423,45.8,0.0,472,,,,55.4,0.0,564,False
mobilenet_v2,matrix,default,log6,posit6_es1,20.336905,18.789019,0.877791,0.677727,-1.547886,-3.175268,0.072523,-2.0,0.061926,104,,,,-1.3,0.275253,121,True
mobilenet_v2,matrix,default,log6,posit8_es1,20.336905,72.391667,0.339174,0.268764,52.054762,48.928036,55.119065,50.8,0.0,528,,,,68.5,0.0,689,True
mobilenet_v2,matrix,default,log6,q1_6,20.336905,72.2,0.33584,0.270802,51.863095,48.672357,54.961429,51.2,0.0,530,,,,73.4,0.0,738,True
mobilenet_v2,matrix,default,log8,mxfp8_e4m3,68.173333,66.75,0.804408,0.839211,-1.423333,-2.933333,0.120083,-1.3,0.153913,71,-3.055,-4.738417,-1.325,-2.7,0.009335,101,True
mobilenet_v2,matrix,default,log8,mxfp8_e4m3@cum5_act_maxabs,68.173333,66.558333,0.791209,0.82729,-1.615,-3.14,-0.133333,-1.0,0.301872,76,-3.341667,-5.008333,-1.699792,-2.6,0.011175,98,False
mobilenet_v2,matrix,default,log8,posit6_es1,68.173333,18.789019,0.388206,0.306842,-49.384314,-52.330116,-46.394681,-48.8,0.0,498,,,,-59.3,0.0,603,True
mobilenet_v2,matrix,default,log8,posit8_es1,68.173333,72.391667,0.755102,0.804387,4.218333,2.655,5.820083,4.0,1.5e-05,84,10.291667,8.391667,12.233333,10.5,0.0,139,True
mobilenet_v2,matrix,default,log8,q1_6,68.173333,72.2,0.738372,0.790143,4.026667,2.35,5.726833,4.4,4e-06,90,15.066667,12.975,17.241667,15.4,0.0,166,True
mobilenet_v2,matrix,default,mxfp8_e4m3,mxfp8_e4m3@cum5_act_maxabs,66.75,66.558333,0.927536,0.943702,-0.191667,-0.916875,0.525,0.3,0.690038,25,-0.286667,-1.103333,0.49675,0.1,1.0,33,False
mobilenet_v2,matrix,default,mxfp8_e4m3,posit6_es1,66.75,18.789019,0.402454,0.311732,-47.960981,-50.927627,-44.879996,-47.5,0.0,487,,,,-56.6,0.0,580,True
mobilenet_v2,matrix,default,mxfp8_e4m3,posit8_es1,66.75,72.391667,0.717877,0.769571,5.641667,3.916458,7.391667,5.3,0.0,101,13.346667,11.276625,15.446667,13.2,0.0,162,True
mobilenet_v2,matrix,default,mxfp8_e4m3,q1_6,66.75,72.2,0.692521,0.746125,5.45,3.566667,7.283333,5.7,0.0,111,18.121667,15.835,20.431708,18.1,0.0,199,True
mobilenet_v2,matrix,default,mxfp8_e4m3@cum5_act_maxabs,posit6_es1,66.558333,18.789019,0.400491,0.314747,-47.769314,-50.743399,-44.737348,-47.8,0.0,488,,,,-56.7,0.0,581,False
mobilenet_v2,matrix,default,mxfp8_e4m3@cum5_act_maxabs,posit8_es1,66.558333,72.391667,0.714286,0.765845,5.833333,4.1,7.616875,5.0,1e-06,102,13.633333,11.566667,15.716875,13.1,0.0,161,False
mobilenet_v2,matrix,default,mxfp8_e4m3@cum5_act_maxabs,q1_6,66.558333,72.2,0.688889,0.742265,5.641667,3.766667,7.541667,5.4,0.0,112,18.408333,16.149792,20.7,18.0,0.0,198,False
mobilenet_v2,matrix,default,posit6_es1,posit8_es1,18.789019,72.391667,0.337423,0.269802,53.602648,50.557061,56.601103,52.8,0.0,540,,,,69.8,0.0,702,True
mobilenet_v2,matrix,default,posit6_es1,q1_6,18.789019,72.2,0.332515,0.266648,53.410981,50.286543,56.446361,53.2,0.0,544,,,,74.7,0.0,751,True
mobilenet_v2,matrix,default,posit8_es1,q1_6,72.391667,72.2,0.885135,0.915537,-0.191667,-1.15,0.716667,0.4,0.607591,34,4.775,3.466667,6.158333,4.9,0.0,65,True
mobilenet_v2,matrix,minimal,bfp6,bfp6@cum1_fused,62.983333,63.908333,0.898964,0.916653,0.925,-0.075208,1.916667,1.7,0.009475,39,0.633333,-0.45,1.7,1.4,0.059463,48,False
mobilenet_v2,matrix,minimal,bfp6,fp5_e2m2,62.983333,41.048333,0.552117,0.511297,-21.935,-24.620042,-19.381583,-20.3,0.0,275,,,,-26.4,0.0,338,True
mobilenet_v2,matrix,minimal,bfp6,fp6_e2m3,62.983333,66.630952,0.662763,0.688727,3.647619,1.49994,5.833482,4.0,0.001081,144,7.008333,4.608333,9.391667,7.0,0.0,186,True
mobilenet_v2,matrix,minimal,bfp6,fp6_e3m2,62.983333,42.611667,0.545902,0.500391,-20.371667,-23.133333,-17.701625,-19.3,0.0,277,,,,-27.2,0.0,332,True
mobilenet_v2,matrix,minimal,bfp6,fp7_e3m3,62.983333,66.583333,0.657277,0.684217,3.6,1.466667,5.741667,4.4,0.000339,146,7.425,5.0,9.858333,7.3,0.0,193,True
mobilenet_v2,matrix,minimal,bfp6,fp8_e4m3fn,62.983333,66.683333,0.693046,0.723723,3.7,1.658333,5.766875,4.4,0.000125,128,7.025,4.616667,9.416667,7.9,0.0,183,True
mobilenet_v2,matrix,minimal,bfp6,fp8_e5m2,62.983333,41.942063,0.549755,0.50716,-21.04127,-23.816294,-18.276383,-20.0,0.0,276,,,,-27.0,0.0,334,True
mobilenet_v2,matrix,minimal,bfp6,int5,62.983333,31.465833,0.491429,0.408774,-31.5175,-34.604208,-28.479958,-29.4,0.0,356,-39.0425,-42.025937,-36.066583,-37.0,0.0,408,True
mobilenet_v2,matrix,minimal,bfp6,int6,62.983333,66.308333,0.677647,0.704136,3.325,1.158333,5.566667,3.7,0.001989,137,6.725,4.166667,9.241875,6.9,1e-06,193,True
mobilenet_v2,matrix,minimal,bfp6,int8,62.983333,72.283333,0.614815,0.664916,9.3,7.016667,11.616667,9.6,0.0,156,21.9,19.316667,24.48375,22.0,0.0,246,True
mobilenet_v2,matrix,minimal,bfp6,log6,62.983333,47.491349,0.568221,0.534605,-15.491984,-18.107927,-12.973155,-15.8,0.0,250,,,,-21.0,0.0,302,True
mobilenet_v2,matrix,minimal,bfp6,log8,62.983333,67.408333,0.643357,0.668817,4.425,2.225,6.633333,4.5,0.000343,153,6.975,4.499792,9.558333,6.6,6e-06,210,True
mobilenet_v2,matrix,minimal,bfp6,mxfp6_e3m2,62.983333,41.926905,0.563934,0.530811,-21.056429,-23.785482,-18.353756,-20.4,0.0,266,,,,-27.3,0.0,319,True
mobilenet_v2,matrix,minimal,bfp6,mxfp6_e3m2@cum1_fused,62.983333,41.900119,0.569787,0.54058,-21.083214,-23.867542,-18.401545,-20.6,0.0,262,,,,-27.1,0.0,327,False
mobilenet_v2,matrix,minimal,bfp6,mxfp8_e4m3,62.983333,65.225,0.672811,0.694073,2.241667,0.166667,4.3,2.4,0.053208,142,2.45,0.233125,4.708333,3.7,0.005746,171,True
mobilenet_v2,matrix,minimal,bfp6,mxfp8_e4m3@cum1_fused,62.983333,65.225,0.672811,0.694073,2.241667,0.166667,4.3,2.4,0.053208,142,2.45,0.233125,4.708333,3.7,0.005746,171,False
mobilenet_v2,matrix,minimal,bfp6,q1_6,62.983333,72.283333,0.614815,0.664916,9.3,7.016667,11.616667,9.6,0.0,156,21.9,19.316667,24.48375,22.0,0.0,246,True
mobilenet_v2,matrix,minimal,bfp6@cum1_fused,fp5_e2m2,63.908333,41.048333,0.534426,0.502916,-22.86,-25.605042,-20.216667,-22.0,0.0,284,,,,-27.8,0.0,340,False
mobilenet_v2,matrix,minimal,bfp6@cum1_fused,fp6_e2m3,63.908333,66.630952,0.653938,0.680888,2.722619,0.566667,4.878631,2.3,0.067329,145,6.375,3.925,8.775,5.6,4.9e-05,186,False
mobilenet_v2,matrix,minimal,bfp6@cum1_fused,fp6_e3m2,63.908333,42.611667,0.530579,0.495438,-21.296667,-24.050125,-18.579958,-21.0,0.0,284,,,,-28.6,0.0,338,False
mobilenet_v2,matrix,minimal,bfp6@cum1_fused,fp7_e3m3,63.908333,66.583333,0.664251,0.693719,2.675,0.55,4.808333,2.7,0.027074,139,6.791667,4.333333,9.283542,5.9,2.4e-05,191,False
mobilenet_v2,matrix,minimal,bfp6@cum1_fused,fp8_e4m3fn,63.908333,66.683333,0.697044,0.729181,2.775,0.683333,4.866667,2.7,0.018693,123,6.391667,3.991667,8.866667,6.5,1e-06,177,False
mobilenet_v2,matrix,minimal,bfp6@cum1_fused,fp8_e5m2,63.908333,41.942063,0.529508,0.494316,-21.96627,-24.796891,-19.140089,-21.7,0.0,287,,,,-28.4,0.0,344,False
mobilenet_v2,matrix,minimal,bfp6@cum1_fused,int5,63.908333,31.465833,0.469242,0.392281,-32.4425,-35.516708,-29.430813,-31.1,0.0,371,-39.675833,-42.638458,-36.668313,-38.4,0.0,420,False
mobilenet_v2,matrix,minimal,bfp6@cum1_fused,int6,63.908333,66.308333,0.68523,0.714345,2.4,0.258125,4.566667,2.0,0.095253,130,6.091667,3.558125,8.591667,5.5,6.4e-05,185,False
mobilenet_v2,matrix,minimal,bfp6@cum1_fused,int8,63.908333,72.283333,0.637532,0.688857,8.375,6.141458,10.658333,7.9,0.0,141,21.266667,18.682917,23.9,20.6,0.0,236,False
mobilenet_v2,matrix,minimal,bfp6@cum1_fused,log6,63.908333,47.491349,0.554974,0.531751,-16.416984,-19.097901,-13.87872,-17.5,0.0,255,,,,-22.4,0.0,312,False
mobilenet_v2,matrix,minimal,bfp6@cum1_fused,log8,63.908333,67.408333,0.64988,0.678095,3.5,1.291667,5.7,2.8,0.025111,146,6.341667,3.841458,8.941667,5.2,0.000381,208,False
mobilenet_v2,matrix,minimal,bfp6@cum1_fused,mxfp6_e3m2,63.908333,41.926905,0.543657,0.518464,-21.981429,-24.764089,-19.280393,-22.1,0.0,277,,,,-28.7,0.0,331,False
mobilenet_v2,matrix,minimal,bfp6@cum1_fused,mxfp6_e3m2@cum1_fused,63.908333,41.900119,0.544408,0.520006,-22.008214,-24.814292,-19.299714,-22.3,0.0,277,,,,-28.5,0.0,341,False
mobilenet_v2,matrix,minimal,bfp6@cum1_fused,mxfp8_e4m3,63.908333,65.225,0.660422,0.683267,1.316667,-0.758333,3.400208,0.7,0.618445,145,1.816667,-0.475,4.116875,2.3,0.099833,179,False
mobilenet_v2,matrix,minimal,bfp6@cum1_fused,mxfp8_e4m3@cum1_fused,63.908333,65.225,0.660422,0.683267,1.316667,-0.758333,3.400208,0.7,0.618445,145,1.816667,-0.475,4.116875,2.3,0.099833,179,False
mobilenet_v2,matrix,minimal,bfp6@cum1_fused,q1_6,63.908333,72.283333,0.637532,0.688857,8.375,6.141458,10.658333,7.9,0.0,141,21.266667,18.682917,23.9,20.6,0.0,236,False
mobilenet_v2,matrix,minimal,fp5_e2m2,fp6_e2m3,41.048333,66.630952,0.504119,0.482055,25.582619,23.006905,28.216946,24.3,0.0,301,,,,33.4,0.0,370,True
mobilenet_v2,matrix,minimal,fp5_e2m2,fp6_e3m2,41.048333,42.611667,0.733737,0.640504,1.563333,-0.588375,3.710042,1.0,0.497629,176,,,,-0.8,0.615381,194,True
mobilenet_v2,matrix,minimal,fp5_e2m2,fp7_e3m3,41.048333,66.583333,0.502479,0.48485,25.535,23.018333,28.136667,24.7,0.0,301,,,,33.7,0.0,371,True
mobilenet_v2,matrix,minimal,fp5_e2m2,fp8_e4m3fn,41.048333,66.683333,0.504967,0.489153,25.635,23.076667,28.258333,24.7,0.0,299,,,,34.3,0.0,373,True
mobilenet_v2,matrix,minimal,fp5_e2m2,fp8_e5m2,41.048333,41.942063,0.649499,0.498269,0.89373,-1.698712,3.533762,0.3,0.898361,245,,,,-0.6,0.76676,284,True
mobilenet_v2,matrix,minimal,fp5_e2m2,int5,41.048333,31.465833,0.651656,0.453164,-9.5825,-12.417562,-6.819146,-9.1,0.0,263,,,,-10.6,0.0,310,True
mobilenet_v2,matrix,minimal,fp5_e2m2,int6,41.048333,66.308333,0.506579,0.482136,25.26,22.571542,28.040083,24.0,0.0,300,,,,33.3,0.0,371,True
mobilenet_v2,matrix,minimal,fp5_e2m2,int8,41.048333,72.283333,0.411862,0.400608,31.235,28.41825,34.116833,29.9,0.0,357,,,,48.4,0.0,492,True
mobilenet_v2,matrix,minimal,fp5_e2m2,log6,41.048333,47.491349,0.668168,0.555704,6.443016,4.075804,8.822869,4.5,0.002992,221,,,,5.4,0.000848,254,True
mobilenet_v2,matrix,minimal,fp5_e2m2,log8,41.048333,67.408333,0.493421,0.470486,26.36,23.733167,29.008375,24.8,0.0,308,,,,33.0,0.0,388,True
mobilenet_v2,matrix,minimal,fp5_e2m2,mxfp6_e3m2,41.048333,41.926905,0.662356,0.518124,0.878571,-1.626381,3.45028,-0.1,1.0,235,,,,-0.9,0.630828,277,True
mobilenet_v2,matrix,minimal,fp5_e2m2,mxfp6_e3m2@cum1_fused,41.048333,41.900119,0.660458,0.51372,0.851786,-1.806702,3.49683,-0.3,0.89667,237,,,,-0.7,0.720465,281,False
mobilenet_v2,matrix,minimal,fp5_e2m2,mxfp8_e4m3,41.048333,65.225,0.530478,0.505354,24.176667,21.678208,26.723375,22.7,0.0,285,,,,30.1,0.0,355,True
mobilenet_v2,matrix,minimal,fp5_e2m2,mxfp8_e4m3@cum1_fused,41.048333,65.225,0.530478,0.505354,24.176667,21.678208,26.723375,22.7,0.0,285,,,,30.1,0.0,355,False
mobilenet_v2,matrix,minimal,fp5_e2m2,q1_6,41.048333,72.283333,0.411862,0.400608,31.235,28.41825,34.116833,29.9,0.0,357,,,,48.4,0.0,492,True
mobilenet_v2,matrix,minimal,fp6_e2m3,fp6_e3m2,66.630952,42.611667,0.495033,0.465008,-24.019286,-26.79175,-21.322619,-23.3,0.0,305,,,,-34.2,0.0,384,True
mobilenet_v2,matrix,minimal,fp6_e2m3,fp7_e3m3,66.630952,66.583333,0.819672,0.851463,-0.047619,-1.320298,1.202381,0.4,0.712231,66,0.416667,-1.066667,1.941667,0.3,0.834081,91,True
mobilenet_v2,matrix,minimal,fp6_e2m3,fp8_e4m3fn,66.630952,66.683333,0.824658,0.855965,0.052381,-1.203631,1.294107,0.4,0.707981,64,0.016667,-1.391667,1.466667,0.9,0.385669,85,True
mobilenet_v2,matrix,minimal,fp6_e2m3,fp8_e5m2,66.630952,41.942063,0.494253,0.464481,-24.688889,-27.505571,-21.863728,-24.0,0.0,308,,,,-34.0,0.0,394,True
mobilenet_v2,matrix,minimal,fp6_e2m3,int5,66.630952,31.465833,0.452967,0.400192,-35.165119,-38.093009,-32.206771,-33.4,0.0,378,-46.050833,-48.975042,-43.096646,-44.0,0.0,472,True
mobilenet_v2,matrix,minimal,fp6_e2m3,int6,66.630952,66.308333,0.708122,0.742481,-0.322619,-2.195238,1.541667,-0.3,0.852156,115,-0.283333,-2.550208,1.933333,-0.1,1.0,165,True
mobilenet_v2,matrix,minimal,fp6_e2m3,int8,66.630952,72.283333,0.715084,0.767793,5.652381,3.860714,7.467887,5.6,0.0,102,14.891667,12.775,17.083542,15.0,0.0,168,True
mobilenet_v2,matrix,minimal,fp6_e2m3,log6,66.630952,47.491349,0.530864,0.519979,-19.139603,-21.801952,-16.613635,-19.8,0.0,266,,,,-28.0,0.0,332,True
mobilenet_v2,matrix,minimal,fp6_e2m3,log8,66.630952,67.408333,0.736292,0.77252,0.777381,-0.855982,2.40122,0.5,0.690826,101,-0.033333,-1.908333,1.866667,-0.4,0.794123,132,True
mobilenet_v2,matrix,minimal,fp6_e2m3,mxfp6_e3m2,66.630952,41.926905,0.518272,0.506521,-24.704048,-27.368607,-22.077595,-24.4,0.0,290,,,,-34.3,0.0,375,True
mobilenet_v2,matrix,minimal,fp6_e2m3,mxfp6_e3m2@cum1_fused,66.630952,41.900119,0.516556,0.503977,-24.730833,-27.450872,-22.086774,-24.6,0.0,292,,,,-34.1,0.0,379,False
mobilenet_v2,matrix,minimal,fp6_e2m3,mxfp8_e4m3,66.630952,65.225,0.732323,0.76536,-1.405952,-3.247679,0.446429,-1.6,0.144782,106,-4.558333,-6.65,-2.508125,-3.3,0.006053,137,True
mobilenet_v2,matrix,minimal,fp6_e2m3,mxfp8_e4m3@cum1_fused,66.630952,65.225,0.732323,0.76536,-1.405952,-3.247679,0.446429,-1.6,0.144782,106,-4.558333,-6.65,-2.508125,-3.3,0.006053,137,False
mobilenet_v2,matrix,minimal,fp6_e2m3,q1_6,66.630952,72.283333,0.715084,0.767793,5.652381,3.860714,7.467887,5.6,0.0,102,14.891667,12.775,17.083542,15.0,0.0,168,True
mobilenet_v2,matrix,minimal,fp6_e3m2,fp7_e3m3,42.611667,66.583333,0.498333,0.476155,23.971667,21.288333,26.738375,23.7,0.0,301,,,,34.5,0.0,383,True
mobilenet_v2,matrix,minimal,fp6_e3m2,fp8_e4m3fn,42.611667,66.683333,0.503344,0.484735,24.071667,21.416625,26.78,23.7,0.0,297,,,,35.1,0.0,383,True
mobilenet_v2,matrix,minimal,fp6_e3m2,fp8_e5m2,42.611667,41.942063,0.683358,0.561103,-0.669603,-3.112742,1.862327,-0.7,0.682493,215,,,,0.2,0.948973,244,True
mobilenet_v2,matrix,minimal,fp6_e3m2,int5,42.611667,31.465833,0.678426,0.514834,-11.145833,-13.79675,-8.570792,-10.1,0.0,237,,,,-9.8,0.0,264,True
mobilenet_v2,matrix,minimal,fp6_e3m2,int6,42.611667,66.308333,0.504983,0.478054,23.696667,20.951667,26.585042,23.0,0.0,298,,,,34.1,0.0,379,True
mobilenet_v2,matrix,minimal,fp6_e3m2,int8,42.611667,72.283333,0.416388,0.407471,29.671667,26.753333,32.660042,28.9,0.0,349,,,,49.2,0.0,502,True
mobilenet_v2,matrix,minimal,fp6_e3m2,log6,42.611667,47.491349,0.68865,0.591801,4.879683,2.539887,7.248256,3.5,0.016804,203,,,,6.2,7.6e-05,240,True
mobilenet_v2,matrix,minimal,fp6_e3m2,log8,42.611667,67.408333,0.506711,0.491839,24.796667,22.074958,27.613375,23.8,0.0,294,,,,33.8,0.0,384,True
mobilenet_v2,matrix,minimal,fp6_e3m2,mxfp6_e3m2,42.611667,41.926905,0.667151,0.532077,-0.684762,-3.139815,1.820476,-1.1,0.508817,229,,,,-0.1,1.0,259,True
mobilenet_v2,matrix,minimal,fp6_e3m2,mxfp6_e3m2@cum1_fused,42.611667,41.900119,0.662808,0.523687,-0.711548,-3.269223,1.830836,-1.3,0.431846,233,,,,0.1,1.0,267,False
mobilenet_v2,matrix,minimal,fp6_e3m2,mxfp8_e4m3,42.611667,65.225,0.544538,0.527154,22.613333,20.063292,25.231667,21.7,0.0,271,,,,30.9,0.0,339,True
mobilenet_v2,matrix,minimal,fp6_e3m2,mxfp8_e4m3@cum1_fused,42.611667,65.225,0.544538,0.527154,22.613333,20.063292,25.231667,21.7,0.0,271,,,,30.9,0.0,339,False
mobilenet_v2,matrix,minimal,fp6_e3m2,q1_6,42.611667,72.283333,0.416388,0.407471,29.671667,26.753333,32.660042,28.9,0.0,349,,,,49.2,0.0,502,True
mobilenet_v2,matrix,minimal,fp7_e3m3,fp8_e4m3fn,66.583333,66.683333,0.880682,0.905166,0.1,-0.816667,1.025,0.0,1.0,42,-0.4,-1.533333,0.708333,0.6,0.525773,62,True
mobilenet_v2,matrix,minimal,fp7_e3m3,fp8_e5m2,66.583333,41.942063,0.485246,0.454273,-24.64127,-27.471835,-21.785704,-24.4,0.0,314,,,,-34.3,0.0,403,True
mobilenet_v2,matrix,minimal,fp7_e3m3,int5,66.583333,31.465833,0.445087,0.390902,-35.1175,-38.084167,-32.145667,-33.8,0.0,384,-46.4675,-49.422667,-43.575792,-44.3,0.0,473,True
mobilenet_v2,matrix,minimal,fp7_e3m3,int6,66.583333,66.308333,0.728682,0.764269,-0.275,-2.091667,1.541875,-0.7,0.558394,105,-0.7,-3.05,1.508333,-0.4,0.813753,162,True
mobilenet_v2,matrix,minimal,fp7_e3m3,int8,66.583333,72.283333,0.728045,0.780131,5.7,3.991667,7.458333,5.2,0.0,96,14.475,12.383333,16.708542,14.7,0.0,169,True
mobilenet_v2,matrix,minimal,fp7_e3m3,log6,66.583333,47.491349,0.526502,0.517848,-19.091984,-21.77277,-16.563619,-20.2,0.0,268,,,,-28.3,0.0,345,True
mobilenet_v2,matrix,minimal,fp7_e3m3,log8,66.583333,67.408333,0.76738,0.80341,0.825,-0.633333,2.25,0.1,1.0,87,-0.45,-2.250208,1.341667,-0.7,0.597485,129,True
mobilenet_v2,matrix,minimal,fp7_e3m3,mxfp6_e3m2,66.583333,41.926905,0.511628,0.500798,-24.656429,-27.300012,-22.053565,-24.8,0.0,294,,,,-34.6,0.0,372,True
mobilenet_v2,matrix,minimal,fp7_e3m3,mxfp6_e3m2@cum1_fused,66.583333,41.900119,0.517471,0.511197,-24.683214,-27.364187,-22.018077,-25.0,0.0,290,,,,-34.4,0.0,374,False
mobilenet_v2,matrix,minimal,fp7_e3m3,mxfp8_e4m3,66.583333,65.225,0.730964,0.765012,-1.358333,-3.166667,0.416667,-2.0,0.064464,106,-4.975,-6.983333,-3.033333,-3.6,0.003172,142,True
mobilenet_v2,matrix,minimal,fp7_e3m3,mxfp8_e4m3@cum1_fused,66.583333,65.225,0.730964,0.765012,-1.358333,-3.166667,0.416667,-2.0,0.064464,106,-4.975,-6.983333,-3.033333,-3.6,0.003172,142,False
mobilenet_v2,matrix,minimal,fp7_e3m3,q1_6,66.583333,72.283333,0.728045,0.780131,5.7,3.991667,7.458333,5.2,0.0,96,14.475,12.383333,16.708542,14.7,0.0,169,True
mobilenet_v2,matrix,minimal,fp8_e4m3fn,fp8_e5m2,66.683333,41.942063,0.490132,0.46287,-24.74127,-27.537988,-21.935399,-24.4,0.0,310,,,,-34.9,0.0,413,True
mobilenet_v2,matrix,minimal,fp8_e4m3fn,int5,66.683333,31.465833,0.451379,0.40445,-35.2175,-38.147583,-32.288312,-33.8,0.0,378,-46.0675,-48.933354,-43.224792,-44.9,0.0,467,True
mobilenet_v2,matrix,minimal,fp8_e4m3fn,int6,66.683333,66.308333,0.724227,0.759776,-0.375,-2.216667,1.475,-0.7,0.562093,107,-0.3,-2.65,1.916667,-1.0,0.482306,164,True
mobilenet_v2,matrix,minimal,fp8_e4m3fn,int8,66.683333,72.283333,0.737892,0.789607,5.6,3.875,7.366667,5.2,0.0,92,14.875,12.783333,17.058542,14.1,0.0,159,True
mobilenet_v2,matrix,minimal,fp8_e4m3fn,log6,66.683333,47.491349,0.52381,0.513589,-19.191984,-21.847968,-16.678593,-20.2,0.0,270,,,,-28.9,0.0,351,True
mobilenet_v2,matrix,minimal,fp8_e4m3fn,log8,66.683333,67.408333,0.772118,0.807929,0.725,-0.758542,2.216667,0.1,1.0,85,-0.05,-1.875,1.775,-1.3,0.294406,131,True
mobilenet_v2,matrix,minimal,fp8_e4m3fn,mxfp6_e3m2,66.683333,41.926905,0.516667,0.509407,-24.756429,-27.405554,-22.105946,-24.8,0.0,290,,,,-35.2,0.0,374,True
mobilenet_v2,matrix,minimal,fp8_e4m3fn,mxfp6_e3m2@cum1_fused,66.683333,41.900119,0.517471,0.511197,-24.783214,-27.470598,-22.130557,-25.0,0.0,290,,,,-35.0,0.0,374,False
mobilenet_v2,matrix,minimal,fp8_e4m3fn,mxfp8_e4m3,66.683333,65.225,0.726582,0.76056,-1.458333,-3.325208,0.408333,-2.0,0.06701,108,-4.575,-6.683333,-2.591667,-4.2,0.000585,144,True
mobilenet_v2,matrix,minimal,fp8_e4m3fn,mxfp8_e4m3@cum1_fused,66.683333,65.225,0.726582,0.76056,-1.458333,-3.325208,0.408333,-2.0,0.06701,108,-4.575,-6.683333,-2.591667,-4.2,0.000585,144,False
mobilenet_v2,matrix,minimal,fp8_e4m3fn,q1_6,66.683333,72.283333,0.737892,0.789607,5.6,3.875,7.366667,5.2,0.0,92,14.875,12.783333,17.058542,14.1,0.0,159,True
mobilenet_v2,matrix,minimal,fp8_e5m2,int5,41.942063,31.465833,0.654255,0.461366,-10.47623,-13.260677,-7.801854,-9.4,0.0,260,,,,-10.0,0.0,296,True
mobilenet_v2,matrix,minimal,fp8_e5m2,int6,41.942063,66.308333,0.494272,0.460361,24.36627,21.458306,27.300756,23.7,0.0,309,,,,33.9,0.0,387,True
mobilenet_v2,matrix,minimal,fp8_e5m2,int8,41.942063,72.283333,0.42571,0.426558,30.34127,27.392339,33.274413,29.6,0.0,344,,,,49.0,0.0,506,True
mobilenet_v2,matrix,minimal,fp8_e5m2,log6,41.942063,47.491349,0.663664,0.549502,5.549286,3.107857,7.95006,4.2,0.00603,224,,,,6.0,0.000267,264,True
mobilenet_v2,matrix,minimal,fp8_e5m2,log8,41.942063,67.408333,0.490939,0.465699,25.46627,22.64396,28.299042,24.5,0.0,309,,,,33.6,0.0,396,True
mobilenet_v2,matrix,minimal,fp8_e5m2,mxfp6_e3m2,41.942063,41.926905,0.674891,0.541143,-0.015159,-2.547988,2.558437,-0.4,0.841188,224,,,,-0.3,0.899971,253,True
mobilenet_v2,matrix,minimal,fp8_e5m2,mxfp6_e3m2@cum1_fused,41.942063,41.900119,0.677794,0.544983,-0.041944,-2.633191,2.564092,-0.6,0.737274,222,,,,-0.1,1.0,259,False
mobilenet_v2,matrix,minimal,fp8_e5m2,mxfp8_e4m3,41.942063,65.225,0.538206,0.517819,23.282937,20.584006,25.96794,22.4,0.0,278,,,,30.7,0.0,345,True
mobilenet_v2,matrix,minimal,fp8_e5m2,mxfp8_e4m3@cum1_fused,41.942063,65.225,0.538206,0.517819,23.282937,20.584006,25.96794,22.4,0.0,278,,,,30.7,0.0,345,False
mobilenet_v2,matrix,minimal,fp8_e5m2,q1_6,41.942063,72.283333,0.42571,0.426558,30.34127,27.392339,33.274413,29.6,0.0,344,,,,49.0,0.0,506,True
mobilenet_v2,matrix,minimal,int5,int6,31.465833,66.308333,0.448921,0.385805,34.8425,31.813333,37.992583,33.1,0.0,383,45.7675,42.650625,48.729229,43.9,0.0,475,True
mobilenet_v2,matrix,minimal,int5,int8,31.465833,72.283333,0.377907,0.347534,40.8175,37.75825,44.017521,39.0,0.0,428,60.9425,58.112188,63.801729,59.0,0.0,602,True
mobilenet_v2,matrix,minimal,int5,log6,31.465833,47.491349,0.624324,0.449041,16.025516,13.377461,18.715277,13.6,0.0,278,,,,16.0,0.0,328,True
mobilenet_v2,matrix,minimal,int5,log8,31.465833,67.408333,0.445731,0.394225,35.9425,32.979167,38.939229,33.9,0.0,383,46.0175,43.080708,48.930083,43.6,0.0,470,True
mobilenet_v2,matrix,minimal,int5,mxfp6_e3m2,31.465833,41.926905,0.700272,0.545123,10.461071,8.01086,12.930318,9.0,0.0,220,,,,9.7,0.0,251,True
mobilenet_v2,matrix,minimal,int5,mxfp6_e3m2@cum1_fused,31.465833,41.900119,0.705321,0.552639,10.434286,8.006783,12.949443,8.8,0.0,216,,,,9.9,0.0,245,False
mobilenet_v2,matrix,minimal,int5,mxfp8_e4m3,31.465833,65.225,0.478261,0.423787,33.759167,30.873292,36.715083,31.8,0.0,360,41.4925,38.523292,44.350938,40.7,0.0,439,True
mobilenet_v2,matrix,minimal,int5,mxfp8_e4m3@cum1_fused,31.465833,65.225,0.478261,0.423787,33.759167,30.873292,36.715083,31.8,0.0,360,41.4925,38.523292,44.350938,40.7,0.0,439,False
mobilenet_v2,matrix,minimal,int5,q1_6,31.465833,72.283333,0.377907,0.347534,40.8175,37.75825,44.017521,39.0,0.0,428,60.9425,58.112188,63.801729,59.0,0.0,602,True
mobilenet_v2,matrix,minimal,int6,int8,66.308333,72.283333,0.699725,0.752735,5.975,4.008333,7.883333,5.9,0.0,109,15.175,12.816458,17.65,15.1,0.0,189,True
mobilenet_v2,matrix,minimal,int6,log6,66.308333,47.491349,0.552585,0.550198,-18.816984,-21.45321,-16.256258,-19.5,0.0,251,,,,-27.9,0.0,337,True
mobilenet_v2,matrix,minimal,int6,log8,66.308333,67.408333,0.699746,0.734903,1.1,-0.825,3.008333,0.8,0.519491,118,0.25,-2.016875,2.658333,-0.3,0.881223,179,True
mobilenet_v2,matrix,minimal,int6,mxfp6_e3m2,66.308333,41.926905,0.515702,0.497972,-24.381429,-27.166702,-21.663774,-24.1,0.0,293,,,,-34.2,0.0,374,True
mobilenet_v2,matrix,minimal,int6,mxfp6_e3m2@cum1_fused,66.308333,41.900119,0.514003,0.495402,-24.408214,-27.330208,-21.645488,-24.3,0.0,295,,,,-34.0,0.0,374,False
mobilenet_v2,matrix,minimal,int6,mxfp8_e4m3,66.308333,65.225,0.7225,0.754587,-1.083333,-3.041875,0.875208,-1.3,0.254605,111,-4.275,-6.641667,-1.833333,-3.2,0.019196,176,True
mobilenet_v2,matrix,minimal,int6,mxfp8_e4m3@cum1_fused,66.308333,65.225,0.7225,0.754587,-1.083333,-3.041875,0.875208,-1.3,0.254605,111,-4.275,-6.641667,-1.833333,-3.2,0.019196,176,False
mobilenet_v2,matrix,minimal,int6,q1_6,66.308333,72.283333,0.699725,0.752735,5.975,4.008333,7.883333,5.9,0.0,109,15.175,12.816458,17.65,15.1,0.0,189,True
mobilenet_v2,matrix,minimal,int8,log6,72.283333,47.491349,0.455197,0.470552,-24.791984,-27.562399,-22.0867,-25.4,0.0,304,,,,-43.0,0.0,450,True
mobilenet_v2,matrix,minimal,int8,log8,72.283333,67.408333,0.701117,0.753602,-4.875,-6.741667,-3.066667,-5.1,1e-06,107,-14.925,-17.183333,-12.766458,-15.4,0.0,178,True
mobilenet_v2,matrix,minimal,int8,mxfp6_e3m2,72.283333,41.926905,0.425249,0.426573,-30.356429,-33.257869,-27.462381,-30.0,0.0,346,,,,-49.3,0.0,497,True
mobilenet_v2,matrix,minimal,int8,mxfp6_e3m2@cum1_fused,72.283333,41.900119,0.426202,0.428851,-30.383214,-33.357443,-27.447375,-30.2,0.0,346,,,,-49.1,0.0,497,False
mobilenet_v2,matrix,minimal,int8,mxfp8_e4m3,72.283333,65.225,0.675532,0.729082,-7.058333,-9.133333,-5.008333,-7.2,0.0,122,-19.45,-21.9,-17.075,-18.3,0.0,207,True
mobilenet_v2,matrix,minimal,int8,mxfp8_e4m3@cum1_fused,72.283333,65.225,0.675532,0.729082,-7.058333,-9.133333,-5.008333,-7.2,0.0,122,-19.45,-21.9,-17.075,-18.3,0.0,207,False
mobilenet_v2,matrix,minimal,int8,q1_6,72.283333,72.283333,1.0,1.0,0.0,0.0,0.0,0.0,1.0,0,0.0,0.0,0.0,0.0,1.0,0,True
mobilenet_v2,matrix,minimal,log6,log8,47.491349,67.408333,0.527434,0.520517,19.916984,17.382089,22.49153,20.3,0.0,267,,,,27.6,0.0,336,True
mobilenet_v2,matrix,minimal,log6,mxfp6_e3m2,47.491349,41.926905,0.69771,0.602436,-5.564444,-7.767028,-3.314667,-4.6,0.001324,198,,,,-6.3,6.4e-05,243,True
mobilenet_v2,matrix,minimal,log6,mxfp6_e3m2@cum1_fused,47.491349,41.900119,0.675188,0.566002,-5.59123,-7.919199,-3.27215,-4.8,0.00133,216,,,,-6.1,0.000227,267,False
mobilenet_v2,matrix,minimal,log6,mxfp8_e4m3,47.491349,65.225,0.584229,0.583388,17.733651,15.361696,20.110655,18.2,0.0,232,,,,24.7,0.0,299,True
mobilenet_v2,matrix,minimal,log6,mxfp8_e4m3@cum1_fused,47.491349,65.225,0.584229,0.583388,17.733651,15.361696,20.110655,18.2,0.0,232,,,,24.7,0.0,299,False
mobilenet_v2,matrix,minimal,log6,q1_6,47.491349,72.283333,0.455197,0.470552,24.791984,22.0867,27.562399,25.4,0.0,304,,,,43.0,0.0,450,True
mobilenet_v2,matrix,minimal,log8,mxfp6_e3m2,67.408333,41.926905,0.5,0.482138,-25.481429,-28.186685,-22.798881,-24.9,0.0,303,,,,-33.9,0.0,379,True
mobilenet_v2,matrix,minimal,log8,mxfp6_e3m2@cum1_fused,67.408333,41.900119,0.5033,0.488231,-25.508214,-28.244667,-22.779973,-25.1,0.0,301,,,,-33.7,0.0,381,False
mobilenet_v2,matrix,minimal,log8,mxfp8_e4m3,67.408333,65.225,0.737245,0.771618,-2.183333,-3.966667,-0.4,-2.1,0.048234,103,-4.525,-6.625208,-2.433125,-2.9,0.018056,141,True
mobilenet_v2,matrix,minimal,log8,mxfp8_e4m3@cum1_fused,67.408333,65.225,0.737245,0.771618,-2.183333,-3.966667,-0.4,-2.1,0.048234,103,-4.525,-6.625208,-2.433125,-2.9,0.018056,141,False
mobilenet_v2,matrix,minimal,log8,q1_6,67.408333,72.283333,0.701117,0.753602,4.875,3.066667,6.741667,5.1,1e-06,107,14.925,12.766458,17.183333,15.4,0.0,178,True
mobilenet_v2,matrix,minimal,mxfp6_e3m2,mxfp6_e3m2@cum1_fused,41.926905,41.900119,0.886179,0.85633,-0.026786,-1.298821,1.232405,-0.2,0.904975,70,,,,0.2,0.916129,90,False
mobilenet_v2,matrix,minimal,mxfp6_e3m2,mxfp8_e4m3,41.926905,65.225,0.54485,0.52949,23.298095,20.672375,25.943161,22.8,0.0,274,,,,31.0,0.0,344,True
mobilenet_v2,matrix,minimal,mxfp6_e3m2,mxfp8_e4m3@cum1_fused,41.926905,65.225,0.54485,0.52949,23.298095,20.672375,25.943161,22.8,0.0,274,,,,31.0,0.0,344,False
mobilenet_v2,matrix,minimal,mxfp6_e3m2,q1_6,41.926905,72.283333,0.425249,0.426573,30.356429,27.462381,33.257869,30.0,0.0,346,,,,49.3,0.0,497,True
mobilenet_v2,matrix,minimal,mxfp6_e3m2@cum1_fused,mxfp8_e4m3,41.900119,65.225,0.550749,0.539596,23.324881,20.703211,25.940702,23.0,0.0,270,,,,30.8,0.0,344,False
mobilenet_v2,matrix,minimal,mxfp6_e3m2@cum1_fused,mxfp8_e4m3@cum1_fused,41.900119,65.225,0.550749,0.539596,23.324881,20.703211,25.940702,23.0,0.0,270,,,,30.8,0.0,344,False
mobilenet_v2,matrix,minimal,mxfp6_e3m2@cum1_fused,q1_6,41.900119,72.283333,0.426202,0.428851,30.383214,27.447375,33.357443,30.2,0.0,346,,,,49.1,0.0,497,False
mobilenet_v2,matrix,minimal,mxfp8_e4m3,mxfp8_e4m3@cum1_fused,65.225,65.225,1.0,1.0,0.0,0.0,0.0,0.0,1.0,0,0.0,0.0,0.0,0.0,1.0,0,False
mobilenet_v2,matrix,minimal,mxfp8_e4m3,q1_6,65.225,72.283333,0.675532,0.729082,7.058333,5.008333,9.133333,7.2,0.0,122,19.45,17.075,21.9,18.3,0.0,207,True
mobilenet_v2,matrix,minimal,mxfp8_e4m3@cum1_fused,q1_6,65.225,72.283333,0.675532,0.729082,7.058333,5.008333,9.133333,7.2,0.0,122,19.45,17.075,21.9,18.3,0.0,207,False
mobilenet_v3_large,matrix,default,bfp6,bfp6@cum5_act_maxabs,57.125,56.6,0.709234,0.698975,-0.525,-2.700208,1.641667,-0.6,0.681217,148,-2.025,-4.441875,0.416875,-1.9,0.178339,179,False
mobilenet_v3_large,matrix,default,bfp6,fp5_e2m2,57.125,10.625346,0.461454,0.213101,-46.499654,-49.514246,-43.405459,-46.3,0.0,489,,,,-52.8,0.0,548,True
mobilenet_v3_large,matrix,default,bfp6,fp6_e2m3,57.125,58.425,0.641473,0.62162,1.3,-1.158333,3.833333,1.7,0.239378,185,0.825,-1.758333,3.508333,1.7,0.275154,215,True
mobilenet_v3_large,matrix,default,bfp6,fp6_e3m2,57.125,44.573571,0.606209,0.539675,-12.551429,-15.327399,-9.790423,-11.9,0.0,241,,,,-15.4,0.0,276,True
mobilenet_v3_large,matrix,default,bfp6,fp7_e3m3,57.125,71.125,0.573304,0.615925,14.0,11.6,16.433333,14.5,0.0,195,21.75,19.133333,24.425208,22.9,0.0,269,True
mobilenet_v3_large,matrix,default,bfp6,fp8_e4m3fn,57.125,71.658333,0.548596,0.585304,14.533333,12.116458,17.025,14.7,0.0,209,21.175,18.475,23.875208,22.1,0.0,273,True
mobilenet_v3_large,matrix,default,bfp6,fp8_e5m2,57.125,46.574286,0.611296,0.54901,-10.550714,-13.140101,-7.969917,-10.6,0.0,234,,,,-12.4,0.0,268,True
mobilenet_v3_large,matrix,default,bfp6,int6,57.125,20.995202,0.49694,0.319192,-36.129798,-39.14175,-33.035558,-35.9,0.0,411,,,,-41.9,0.0,467,True
mobilenet_v3_large,matrix,default,bfp6,int8,57.125,71.6,0.558696,0.598721,14.475,11.908333,17.108333,14.7,0.0,203,18.841667,16.041667,21.65,18.8,0.0,248,True
mobilenet_v3_large,matrix,default,bfp6,log6,57.125,53.158333,0.612319,0.56784,-3.966667,-6.510042,-1.419958,-2.6,0.08722,214,-5.905,-8.635208,-3.103292,-5.1,0.001548,251,True
mobilenet_v3_large,matrix,default,bfp6,log8,57.125,69.833333,0.605664,0.641221,12.708333,10.391667,15.033333,12.7,0.0,181,16.05,13.441667,18.641667,16.1,0.0,233,True
mobilenet_v3_large,matrix,default,bfp6,mxfp6_e3m2,57.125,43.036944,0.577287,0.491588,-14.088056,-16.879194,-11.288021,-13.6,0.0,268,,,,-16.6,0.0,320,True
mobilenet_v3_large,matrix,default,bfp6,mxfp6_e3m2@cum5_act_maxabs,57.125,44.906667,0.586039,0.509016,-12.218333,-15.003375,-9.383333,-11.3,0.0,255,-15.585,-18.635,-12.56,-14.8,0.0,308,False
mobilenet_v3_large,matrix,default,bfp6,mxfp8_e4m3,57.125,70.916667,0.566161,0.603809,13.791667,11.325,16.275,14.2,0.0,200,20.075,17.433333,22.816667,20.4,0.0,256,True
mobilenet_v3_large,matrix,default,bfp6,mxfp8_e4m3@cum5_act_maxabs,57.125,70.061667,0.580994,0.614097,12.936667,10.486667,15.425042,13.2,0.0,194,19.645,17.034958,22.345,20.3,0.0,249,False
mobilenet_v3_large,matrix,default,bfp6,posit6_es1,57.125,42.91,0.604839,0.536354,-14.215,-17.00175,-11.589917,-13.1,0.0,245,,,,-16.7,0.0,283,True
mobilenet_v3_large,matrix,default,bfp6,posit8_es1,57.125,73.358333,0.554084,0.605623,16.233333,13.741667,18.733333,16.0,0.0,202,25.4,22.708333,28.25,26.0,0.0,290,True
mobilenet_v3_large,matrix,default,bfp6,q1_6,57.125,71.966667,0.552402,0.596264,14.841667,12.299792,17.4,15.3,0.0,205,20.008333,17.241458,22.858333,20.3,0.0,251,True
mobilenet_v3_large,matrix,default,bfp6@cum5_act_maxabs,fp5_e2m2,56.6,10.625346,0.46968,0.223481,-45.974654,-48.963929,-42.939855,-45.7,0.0,481,,,,-50.9,0.0,533,False
mobilenet_v3_large,matrix,default,bfp6@cum5_act_maxabs,fp6_e2m3,56.6,58.425,0.612476,0.581814,1.825,-0.858542,4.433542,2.3,0.124196,205,2.85,0.091667,5.558333,3.6,0.021935,234,False
mobilenet_v3_large,matrix,default,bfp6@cum5_act_maxabs,fp6_e3m2,56.6,44.573571,0.58748,0.505161,-12.026429,-14.933625,-9.213268,-11.3,0.0,257,,,,-13.5,0.0,297,False
mobilenet_v3_large,matrix,default,bfp6@cum5_act_maxabs,fp7_e3m3,56.6,71.125,0.555794,0.593909,14.525,12.05,16.991875,15.1,0.0,207,23.775,21.124792,26.458542,24.8,0.0,290,False
mobilenet_v3_large,matrix,default,bfp6@cum5_act_maxabs,fp8_e4m3fn,56.6,71.658333,0.561555,0.603531,15.058333,12.6,17.516875,15.3,0.0,203,23.2,20.533333,25.825,24.0,0.0,276,False
mobilenet_v3_large,matrix,default,bfp6@cum5_act_maxabs,fp8_e5m2,56.6,46.574286,0.589577,0.510833,-10.025714,-12.786685,-7.312357,-10.0,0.0,252,,,,-10.5,0.0,291,False
mobilenet_v3_large,matrix,default,bfp6@cum5_act_maxabs,int6,56.6,20.995202,0.504284,0.324903,-35.604798,-38.679504,-32.547857,-35.3,0.0,405,,,,-40.0,0.0,452,False
mobilenet_v3_large,matrix,default,bfp6@cum5_act_maxabs,int8,56.6,71.6,0.522105,0.549951,15.0,12.25,17.733333,15.3,0.0,227,20.866667,17.916667,23.717083,20.7,0.0,281,False
mobilenet_v3_large,matrix,default,bfp6@cum5_act_maxabs,log6,56.6,53.158333,0.608618,0.559868,-3.441667,-6.118375,-0.82,-2.0,0.198037,218,-3.88,-6.740042,-1.09,-3.2,0.053399,258,False
mobilenet_v3_large,matrix,default,bfp6@cum5_act_maxabs,log8,56.6,69.833333,0.567511,0.592793,13.233333,10.758333,15.675,13.3,0.0,205,18.075,15.358333,20.741667,18.0,0.0,258,False
mobilenet_v3_large,matrix,default,bfp6@cum5_act_maxabs,mxfp6_e3m2,56.6,43.036944,0.564541,0.464735,-13.563056,-16.429493,-10.66416,-13.0,0.0,280,,,,-14.7,0.0,321,False
mobilenet_v3_large,matrix,default,bfp6@cum5_act_maxabs,mxfp6_e3m2@cum5_act_maxabs,56.6,44.906667,0.577849,0.490926,-11.693333,-14.603375,-8.814958,-10.7,0.0,263,-13.56,-16.701792,-10.519958,-12.9,0.0,315,False
mobilenet_v3_large,matrix,default,bfp6@cum5_act_maxabs,mxfp8_e4m3,56.6,70.916667,0.542373,0.572913,14.316667,11.741667,16.875,14.8,0.0,216,22.1,19.391667,24.833333,22.3,0.0,283,False
mobilenet_v3_large,matrix,default,bfp6@cum5_act_maxabs,mxfp8_e4m3@cum5_act_maxabs,56.6,70.061667,0.556962,0.583215,13.461667,10.911583,16.015125,13.8,0.0,210,21.67,18.983208,24.378417,22.2,0.0,272,False
mobilenet_v3_large,matrix,default,bfp6@cum5_act_maxabs,posit6_es1,56.6,42.91,0.583861,0.497396,-13.69,-16.543375,-10.953208,-12.5,0.0,263,,,,-14.8,0.0,302,False
mobilenet_v3_large,matrix,default,bfp6@cum5_act_maxabs,posit8_es1,56.6,73.358333,0.530172,0.574623,16.758333,14.166667,19.375,16.6,0.0,218,27.425,24.641667,30.208333,27.9,0.0,307,False
mobilenet_v3_large,matrix,default,bfp6@cum5_act_maxabs,q1_6,56.6,71.966667,0.515856,0.54735,15.366667,12.566667,18.016667,15.9,0.0,229,22.033333,19.149583,24.867083,22.2,0.0,284,False
mobilenet_v3_large,matrix,default,fp5_e2m2,fp6_e2m3,10.625346,58.425,0.442731,0.202422,47.799654,44.801266,50.765378,48.0,0.0,506,,,,54.5,0.0,563,True
mobilenet_v3_large,matrix,default,fp5_e2m2,fp6_e3m2,10.625346,44.573571,0.58379,0.261383,33.948226,31.041076,36.865565,34.4,0.0,380,,,,37.4,0.0,410,True
mobilenet_v3_large,matrix,default,fp5_e2m2,fp7_e3m3,10.625346,71.125,0.310421,0.166831,60.499654,57.573023,63.357983,60.8,0.0,622,,,,75.7,0.0,759,True
mobilenet_v3_large,matrix,default,fp5_e2m2,fp8_e4m3fn,10.625346,71.658333,0.303867,0.143985,61.032988,58.116052,63.892477,61.0,0.0,630,,,,74.9,0.0,753,True
mobilenet_v3_large,matrix,default,fp5_e2m2,fp8_e5m2,10.625346,46.574286,0.576458,0.278015,35.94894,33.104329,38.689881,35.7,0.0,385,,,,40.4,0.0,424,True
mobilenet_v3_large,matrix,default,fp5_e2m2,int6,10.625346,20.995202,0.784127,0.265198,10.369856,7.935791,12.870908,10.4,0.0,204,,,,10.9,0.0,219,True
mobilenet_v3_large,matrix,default,fp5_e2m2,int8,10.625346,71.6,0.308204,0.165664,60.974654,57.960443,63.891704,61.0,0.0,624,,,,71.6,0.0,722,True
mobilenet_v3_large,matrix,default,fp5_e2m2,log6,10.625346,53.158333,0.490088,0.229744,42.532988,39.629079,45.414171,43.7,0.0,463,,,,47.7,0.0,503,True
mobilenet_v3_large,matrix,default,fp5_e2m2,log8,10.625346,69.833333,0.330377,0.177307,59.207988,56.28059,62.098518,59.0,0.0,604,,,,68.9,0.0,699,True
mobilenet_v3_large,matrix,default,fp5_e2m2,mxfp6_e3m2,10.625346,43.036944,0.59542,0.247872,32.411599,29.559109,35.243247,32.7,0.0,371,,,,36.2,0.0,408,True
mobilenet_v3_large,matrix,default,fp5_e2m2,mxfp6_e3m2@cum5_act_maxabs,10.625346,44.906667,0.572052,0.2373,34.281321,31.462243,37.224908,35.0,0.0,392,,,,38.0,0.0,420,False
mobilenet_v3_large,matrix,default,fp5_e2m2,mxfp8_e4m3,10.625346,70.916667,0.310841,0.154203,60.291321,57.30956,63.208607,60.5,0.0,623,,,,73.2,0.0,740,True
mobilenet_v3_large,matrix,default,fp5_e2m2,mxfp8_e4m3@cum5_act_maxabs,10.625346,70.061667,0.323367,0.167283,59.436321,56.459867,62.374604,59.5,0.0,611,,,,73.1,0.0,735,False
mobilenet_v3_large,matrix,default,fp5_e2m2,posit6_es1,10.625346,42.91,0.598684,0.276972,32.284654,29.422733,35.022675,33.2,0.0,366,,,,36.1,0.0,393,True
mobilenet_v3_large,matrix,default,fp5_e2m2,posit8_es1,10.625346,73.358333,0.290929,0.143388,62.732988,59.787712,65.632546,62.3,0.0,641,,,,78.8,0.0,792,True
mobilenet_v3_large,matrix,default,fp5_e2m2,q1_6,10.625346,71.966667,0.301552,0.162155,61.341321,58.349391,64.257979,61.6,0.0,630,,,,73.1,0.0,733,True
mobilenet_v3_large,matrix,default,fp6_e2m3,fp6_e3m2,58.425,44.573571,0.594059,0.535895,-13.851429,-16.607143,-11.154744,-13.6,0.0,246,,,,-17.1,0.0,287,True
mobilenet_v3_large,matrix,default,fp6_e2m3,fp7_e3m3,58.425,71.125,0.581081,0.623159,12.7,10.366667,15.091667,12.8,0.0,186,20.925,18.358125,23.566667,21.2,0.0,256,True
mobilenet_v3_large,matrix,default,fp6_e2m3,fp8_e4m3fn,58.425,71.658333,0.552106,0.587735,13.233333,10.808333,15.700208,13.0,0.0,202,20.35,17.725,23.025,20.4,0.0,264,True
mobilenet_v3_large,matrix,default,fp6_e2m3,fp8_e5m2,58.425,46.574286,0.593645,0.536254,-11.850714,-14.475798,-9.282911,-12.3,0.0,243,,,,-14.1,0.0,277,True
mobilenet_v3_large,matrix,default,fp6_e2m3,int6,58.425,20.995202,0.483395,0.323129,-37.429798,-40.447373,-34.473179,-37.6,0.0,420,,,,-43.6,0.0,472,True
mobilenet_v3_large,matrix,default,fp6_e2m3,int8,58.425,71.6,0.55902,0.596726,13.175,10.683333,15.733333,13.0,0.0,198,18.016667,15.35,20.750208,17.1,0.0,247,True
mobilenet_v3_large,matrix,default,fp6_e2m3,log6,58.425,53.158333,0.625698,0.594443,-5.266667,-7.796667,-2.831583,-4.3,0.002957,201,-6.73,-9.296833,-4.121625,-6.8,7e-06,224,True
mobilenet_v3_large,matrix,default,fp6_e2m3,log8,58.425,69.833333,0.568627,0.592565,11.408333,9.008333,13.833542,11.0,0.0,198,15.225,12.616667,17.875,14.4,0.0,242,True
mobilenet_v3_large,matrix,default,fp6_e2m3,mxfp6_e3m2,58.425,43.036944,0.55538,0.47232,-15.388056,-18.291722,-12.537132,-15.3,0.0,281,,,,-18.3,0.0,311,True
mobilenet_v3_large,matrix,default,fp6_e2m3,mxfp6_e3m2@cum5_act_maxabs,58.425,44.906667,0.558442,0.48021,-13.518333,-16.318417,-10.59,-13.0,0.0,272,-16.41,-19.400167,-13.453292,-16.5,0.0,313,False
mobilenet_v3_large,matrix,default,fp6_e2m3,mxfp8_e4m3,58.425,70.916667,0.58427,0.624613,12.491667,10.166667,14.875,12.5,0.0,185,19.25,16.716667,21.866667,18.7,0.0,247,True
mobilenet_v3_large,matrix,default,fp6_e2m3,mxfp8_e4m3@cum5_act_maxabs,58.425,70.061667,0.595982,0.631107,11.636667,9.298333,13.996708,11.5,0.0,181,18.82,16.365,21.415042,18.6,0.0,234,False
mobilenet_v3_large,matrix,default,fp6_e2m3,posit6_es1,58.425,42.91,0.569823,0.496547,-15.515,-18.44525,-12.789875,-14.8,0.0,268,,,,-18.4,0.0,302,True
mobilenet_v3_large,matrix,default,fp6_e2m3,posit8_es1,58.425,73.358333,0.56492,0.616265,14.933333,12.5,17.4,14.3,0.0,191,24.575,21.916667,27.358333,24.3,0.0,283,True
mobilenet_v3_large,matrix,default,fp6_e2m3,q1_6,58.425,71.966667,0.563063,0.607336,13.541667,11.066458,16.1,13.6,0.0,194,19.183333,16.59125,21.866875,18.6,0.0,238,True
mobilenet_v3_large,matrix,default,fp6_e3m2,fp7_e3m3,44.573571,71.125,0.472759,0.492722,26.551429,23.815649,29.297649,26.4,0.0,300,,,,38.3,0.0,397,True
mobilenet_v3_large,matrix,default,fp6_e3m2,fp8_e4m3fn,44.573571,71.658333,0.458988,0.471941,27.084762,24.365417,29.83128,26.6,0.0,310,,,,37.5,0.0,403,True
mobilenet_v3_large,matrix,default,fp6_e3m2,fp8_e5m2,44.573571,46.574286,0.750804,0.687814,2.000714,-0.199095,4.210786,1.3,0.335135,155,,,,3.0,0.029446,178,True
mobilenet_v3_large,matrix,default,fp6_e3m2,int6,44.573571,20.995202,0.642595,0.440864,-23.578369,-26.319359,-20.904658,-24.0,0.0,292,,,,-26.5,0.0,321,True
mobilenet_v3_large,matrix,default,fp6_e3m2,int8,44.573571,71.6,0.448873,0.454126,27.026429,24.164661,29.96075,26.6,0.0,318,,,,34.2,0.0,388,True
mobilenet_v3_large,matrix,default,fp6_e3m2,log6,44.573571,53.158333,0.596519,0.50296,8.584762,5.810589,11.315536,9.3,0.0,255,,,,10.3,0.0,283,True
mobilenet_v3_large,matrix,default,fp6_e3m2,log8,44.573571,69.833333,0.501754,0.515037,25.259762,22.576339,28.021488,24.6,0.0,284,,,,31.5,0.0,343,True
mobilenet_v3_large,matrix,default,fp6_e3m2,mxfp6_e3m2,44.573571,43.036944,0.74571,0.669812,-1.536627,-3.825562,0.695597,-1.7,0.209995,163,,,,-1.2,0.424932,190,True
mobilenet_v3_large,matrix,default,fp6_e3m2,mxfp6_e3m2@cum5_act_maxabs,44.573571,44.906667,0.720565,0.640749,0.333095,-2.118935,2.734143,0.6,0.707948,178,,,,0.6,0.728919,208,False
mobilenet_v3_large,matrix,default,fp6_e3m2,mxfp8_e4m3,44.573571,70.916667,0.472855,0.488308,26.343095,23.564488,29.163393,26.1,0.0,301,,,,35.8,0.0,384,True
mobilenet_v3_large,matrix,default,fp6_e3m2,mxfp8_e4m3@cum5_act_maxabs,44.573571,70.061667,0.48,0.485667,25.488095,22.716429,28.284738,25.1,0.0,299,,,,35.7,0.0,389,False
mobilenet_v3_large,matrix,default,fp6_e3m2,posit6_es1,44.573571,42.91,0.724458,0.639554,-1.663571,-3.938369,0.594536,-1.2,0.409736,178,,,,-1.3,0.404307,207,True
mobilenet_v3_large,matrix,default,fp6_e3m2,posit8_es1,44.573571,73.358333,0.448944,0.474973,28.784762,25.914726,31.639548,27.9,0.0,313,,,,41.4,0.0,426,True
mobilenet_v3_large,matrix,default,fp6_e3m2,q1_6,44.573571,71.966667,0.443478,0.453959,27.393095,24.452292,30.314548,27.2,0.0,320,,,,35.7,0.0,391,True
mobilenet_v3_large,matrix,default,fp7_e3m3,fp8_e4m3fn,71.125,71.658333,0.827476,0.86779,0.533333,-0.533333,1.616667,0.2,0.891923,54,-0.575,-1.933333,0.816667,-0.8,0.434042,80,True
mobilenet_v3_large,matrix,default,fp7_e3m3,fp8_e5m2,71.125,46.574286,0.486486,0.512551,-24.550714,-27.118351,-21.994935,-25.1,0.0,285,,,,-35.3,0.0,379,True
mobilenet_v3_large,matrix,default,fp7_e3m3,int6,71.125,20.995202,0.342466,0.26088,-50.129798,-53.070684,-47.139015,-50.4,0.0,528,,,,-64.8,0.0,662,True
mobilenet_v3_large,matrix,default,fp7_e3m3,int8,71.125,71.6,0.697329,0.75026,0.475,-1.391667,2.275,0.2,0.921191,102,-2.908333,-5.075,-0.783333,-4.1,0.000638,139,True
mobilenet_v3_large,matrix,default,fp7_e3m3,log6,71.125,53.158333,0.529774,0.56151,-17.966667,-20.435042,-15.548292,-17.1,0.0,229,-27.655,-30.325042,-25.036542,-28.0,0.0,314,True
mobilenet_v3_large,matrix,default,fp7_e3m3,log8,71.125,69.833333,0.756677,0.804074,-1.291667,-2.8,0.216667,-1.8,0.059808,82,-5.7,-7.608333,-3.858333,-6.8,0.0,130,True
mobilenet_v3_large,matrix,default,fp7_e3m3,mxfp6_e3m2,71.125,43.036944,0.454082,0.46405,-28.088056,-30.825028,-25.308035,-28.1,0.0,321,,,,-39.5,0.0,421,True
mobilenet_v3_large,matrix,default,fp7_e3m3,mxfp6_e3m2@cum5_act_maxabs,71.125,44.906667,0.469965,0.486476,-26.218333,-28.895042,-23.501667,-25.8,0.0,300,-37.335,-40.156833,-34.513333,-37.7,0.0,397,False
mobilenet_v3_large,matrix,default,fp7_e3m3,mxfp8_e4m3,71.125,70.916667,0.769939,0.817336,-0.208333,-1.666667,1.241667,-0.3,0.817554,75,-1.675,-3.516667,0.183333,-2.5,0.027379,119,True
mobilenet_v3_large,matrix,default,fp7_e3m3,mxfp8_e4m3@cum5_act_maxabs,71.125,70.061667,0.762763,0.809945,-1.063333,-2.555083,0.401667,-1.3,0.176611,79,-2.105,-3.951667,-0.198333,-2.6,0.02437,124,False
mobilenet_v3_large,matrix,default,fp7_e3m3,posit6_es1,71.125,42.91,0.462995,0.478741,-28.215,-30.993417,-25.54325,-27.6,0.0,312,,,,-39.6,0.0,414,True
mobilenet_v3_large,matrix,default,fp7_e3m3,posit8_es1,71.125,73.358333,0.820847,0.864079,2.233333,0.924792,3.6,1.5,0.058064,55,3.65,2.058333,5.3,3.1,0.001335,89,True
mobilenet_v3_large,matrix,default,fp7_e3m3,q1_6,71.125,71.966667,0.704819,0.758681,0.841667,-0.908542,2.550208,0.8,0.479692,98,-1.741667,-3.7,0.233542,-2.6,0.026735,128,True
mobilenet_v3_large,matrix,default,fp8_e4m3fn,fp8_e5m2,71.658333,46.574286,0.477558,0.500634,-25.084048,-27.651708,-22.543268,-25.3,0.0,291,,,,-34.5,0.0,375,True
mobilenet_v3_large,matrix,default,fp8_e4m3fn,int6,71.658333,20.995202,0.338308,0.253701,-50.663131,-53.666044,-47.683928,-50.6,0.0,532,,,,-64.0,0.0,656,True
mobilenet_v3_large,matrix,default,fp8_e4m3fn,int8,71.658333,71.6,0.671554,0.725187,-0.058333,-1.975,1.833333,0.0,1.0,112,-2.333333,-4.541667,-0.133333,-3.3,0.009454,153,True
mobilenet_v3_large,matrix,default,fp8_e4m3fn,log6,71.658333,53.158333,0.531959,0.566761,-18.5,-21.005,-16.008292,-17.3,0.0,227,-27.08,-29.725042,-24.401625,-27.2,0.0,308,True
mobilenet_v3_large,matrix,default,fp8_e4m3fn,log8,71.658333,69.833333,0.725146,0.775015,-1.825,-3.45,-0.216458,-2.0,0.04945,94,-5.125,-7.058333,-3.266667,-6.0,0.0,140,True
mobilenet_v3_large,matrix,default,fp8_e4m3fn,mxfp6_e3m2,71.658333,43.036944,0.431208,0.425383,-28.621389,-31.421743,-25.864632,-28.3,0.0,339,,,,-38.7,0.0,427,True
mobilenet_v3_large,matrix,default,fp8_e4m3fn,mxfp6_e3m2@cum5_act_maxabs,71.658333,44.906667,0.463845,0.479,-26.751667,-29.478417,-24.001458,-26.0,0.0,304,-36.76,-39.610083,-33.98,-36.9,0.0,393,False
mobilenet_v3_large,matrix,default,fp8_e4m3fn,mxfp8_e4m3,71.658333,70.916667,0.791277,0.836528,-0.741667,-2.158333,0.65,-0.5,0.625407,67,-1.1,-2.891667,0.691667,-1.7,0.138753,117,True
mobilenet_v3_large,matrix,default,fp8_e4m3fn,mxfp8_e4m3@cum5_act_maxabs,71.658333,70.061667,0.778116,0.824213,-1.596667,-3.035083,-0.201667,-1.5,0.100644,73,-1.53,-3.32675,0.3,-1.8,0.114083,116,False
mobilenet_v3_large,matrix,default,fp8_e4m3fn,posit6_es1,71.658333,42.91,0.459552,0.475842,-28.748333,-31.563375,-26.089958,-27.8,0.0,314,,,,-38.8,0.0,410,True
mobilenet_v3_large,matrix,default,fp8_e4m3fn,posit8_es1,71.658333,73.358333,0.802589,0.848688,1.7,0.4,3.025208,1.3,0.123731,61,4.225,2.641667,5.866667,3.9,0.000111,99,True
mobilenet_v3_large,matrix,default,fp8_e4m3fn,q1_6,71.658333,71.966667,0.678571,0.733394,0.308333,-1.55,2.108333,0.6,0.630634,108,-1.166667,-3.141667,0.833333,-1.8,0.141662,134,True
mobilenet_v3_large,matrix,default,fp8_e5m2,int6,46.574286,20.995202,0.626683,0.426433,-25.579084,-28.323266,-22.883748,-25.3,0.0,305,,,,-29.5,0.0,347,True
mobilenet_v3_large,matrix,default,fp8_e5m2,int8,46.574286,71.6,0.467023,0.482861,25.025714,22.368774,27.818101,25.3,0.0,299,,,,31.2,0.0,368,True
mobilenet_v3_large,matrix,default,fp8_e5m2,log6,46.574286,53.158333,0.603865,0.517706,6.584048,3.980571,9.188119,8.0,0.0,246,,,,7.3,1.4e-05,277,True
mobilenet_v3_large,matrix,default,fp8_e5m2,log8,46.574286,69.833333,0.510753,0.526754,23.259048,20.711667,25.862381,23.3,0.0,273,,,,28.5,0.0,323,True
mobilenet_v3_large,matrix,default,fp8_e5m2,mxfp6_e3m2,46.574286,43.036944,0.712074,0.625265,-3.537341,-5.812514,-1.21506,-3.0,0.033191,186,,,,-4.2,0.00495,214,True
mobilenet_v3_large,matrix,default,fp8_e5m2,mxfp6_e3m2@cum5_act_maxabs,46.574286,44.906667,0.735577,0.667794,-1.667619,-3.939304,0.625,-0.7,0.640562,165,,,,-2.4,0.107099,204,False
mobilenet_v3_large,matrix,default,fp8_e5m2,mxfp8_e4m3,46.574286,70.916667,0.497288,0.525937,24.342381,21.778321,26.955565,24.8,0.0,278,,,,32.8,0.0,352,True
mobilenet_v3_large,matrix,default,fp8_e5m2,mxfp8_e4m3@cum5_act_maxabs,46.574286,70.061667,0.507194,0.527868,23.487381,20.95297,26.111708,23.8,0.0,274,,,,32.7,0.0,349,False
mobilenet_v3_large,matrix,default,fp8_e5m2,posit6_es1,46.574286,42.91,0.772947,0.716187,-3.664286,-5.771732,-1.670952,-2.5,0.04288,141,,,,-4.3,0.001252,171,True
mobilenet_v3_large,matrix,default,fp8_e5m2,posit8_es1,46.574286,73.358333,0.464738,0.49882,26.784048,24.14069,29.488393,26.6,0.0,296,,,,38.4,0.0,398,True
mobilenet_v3_large,matrix,default,fp8_e5m2,q1_6,46.574286,71.966667,0.464158,0.48701,25.392381,22.649661,28.171435,25.9,0.0,299,,,,32.7,0.0,371,True
mobilenet_v3_large,matrix,default,int6,int8,20.995202,71.6,0.339975,0.25915,50.604798,47.522011,53.665698,50.6,0.0,530,,,,60.7,0.0,621,True
mobilenet_v3_large,matrix,default,int6,log6,20.995202,53.158333,0.536285,0.363918,32.163131,29.235681,35.011652,33.3,0.0,377,,,,36.8,0.0,408,True
mobilenet_v3_large,matrix,default,int6,log8,20.995202,69.833333,0.363184,0.271075,48.838131,45.826429,51.81526,48.6,0.0,512,,,,58.0,0.0,598,True
mobilenet_v3_large,matrix,default,int6,mxfp6_e3m2,20.995202,43.036944,0.643289,0.410668,22.041742,19.417078,24.757623,22.3,0.0,295,,,,25.3,0.0,321,True
mobilenet_v3_large,matrix,default,int6,mxfp6_e3m2@cum5_act_maxabs,20.995202,44.906667,0.623329,0.404525,23.911465,21.227373,26.652563,24.6,0.0,310,,,,27.1,0.0,333,False
mobilenet_v3_large,matrix,default,int6,mxfp8_e4m3,20.995202,70.916667,0.346202,0.263473,49.921465,46.923682,52.900294,50.1,0.0,525,,,,62.3,0.0,641,True
mobilenet_v3_large,matrix,default,int6,mxfp8_e4m3@cum5_act_maxabs,20.995202,70.061667,0.35528,0.261371,49.066465,46.085692,52.08245,49.1,0.0,519,,,,62.2,0.0,642,False
mobilenet_v3_large,matrix,default,int6,posit6_es1,20.995202,42.91,0.6452,0.424773,21.914798,19.252511,24.541847,22.8,0.0,292,,,,25.2,0.0,322,True
mobilenet_v3_large,matrix,default,int6,posit8_es1,20.995202,73.358333,0.327091,0.258928,52.363131,49.331797,55.343957,51.9,0.0,539,,,,67.9,0.0,683,True
mobilenet_v3_large,matrix,default,int6,q1_6,20.995202,71.966667,0.334165,0.259436,50.971465,47.877277,54.030959,51.2,0.0,534,,,,62.2,0.0,632,True
mobilenet_v3_large,matrix,default,int8,log6,71.6,53.158333,0.488978,0.504514,-18.441667,-21.153375,-15.761625,-17.3,0.0,255,-24.746667,-27.550042,-21.908167,-23.9,0.0,309,True
mobilenet_v3_large,matrix,default,int8,log8,71.6,69.833333,0.652661,0.702843,-1.766667,-3.741875,0.166667,-2.0,0.087553,124,-2.791667,-5.050208,-0.516667,-2.7,0.041372,163,True
mobilenet_v3_large,matrix,default,int8,mxfp6_e3m2,71.6,43.036944,0.436027,0.434327,-28.563056,-31.502236,-25.714118,-28.3,0.0,335,,,,-35.4,0.0,412,True
mobilenet_v3_large,matrix,default,int8,mxfp6_e3m2@cum5_act_maxabs,71.6,44.906667,0.45614,0.465654,-26.693333,-29.585125,-23.786625,-26.0,0.0,310,-34.426667,-37.521667,-31.396667,-33.6,0.0,394,False
mobilenet_v3_large,matrix,default,int8,mxfp8_e4m3,71.6,70.916667,0.666667,0.71936,-0.683333,-2.583333,1.216667,-0.5,0.709323,115,1.233333,-1.091667,3.633333,1.6,0.252662,172,True
mobilenet_v3_large,matrix,default,int8,mxfp8_e4m3@cum5_act_maxabs,71.6,70.061667,0.681034,0.732365,-1.538333,-3.421667,0.353333,-1.5,0.183657,111,0.803333,-1.45,3.15,1.5,0.266825,159,False
mobilenet_v3_large,matrix,default,int8,posit6_es1,71.6,42.91,0.434856,0.431181,-28.69,-31.605208,-25.833333,-27.8,0.0,334,,,,-35.5,0.0,403,True
mobilenet_v3_large,matrix,default,int8,posit8_es1,71.6,73.358333,0.672673,0.72921,1.758333,-0.183333,3.7,1.3,0.250282,109,6.558333,4.283333,8.908542,7.2,0.0,158,True
mobilenet_v3_large,matrix,default,int8,q1_6,71.6,71.966667,0.855263,0.891448,0.366667,-0.93375,1.666667,0.6,0.451381,44,1.166667,-0.366667,2.733333,1.5,0.086437,67,True
mobilenet_v3_large,matrix,default,log6,log8,53.158333,69.833333,0.547667,0.568072,16.675,14.216583,19.191792,15.3,0.0,223,21.955,19.35,24.600208,21.2,0.0,276,True
mobilenet_v3_large,matrix,default,log6,mxfp6_e3m2,53.158333,43.036944,0.588235,0.485637,-10.121389,-12.991125,-7.263847,-11.0,0.0,266,,,,-11.5,0.0,293,True
mobilenet_v3_large,matrix,default,log6,mxfp6_e3m2@cum5_act_maxabs,53.158333,44.906667,0.607372,0.521512,-8.251667,-10.913375,-5.548333,-8.7,0.0,245,-9.68,-12.44525,-6.909958,-9.7,0.0,269,False
mobilenet_v3_large,matrix,default,log6,mxfp8_e4m3,53.158333,70.916667,0.535934,0.56697,17.758333,15.281625,20.273333,16.8,0.0,226,25.98,23.30825,28.665042,25.5,0.0,307,True
mobilenet_v3_large,matrix,default,log6,mxfp8_e4m3@cum5_act_maxabs,53.158333,70.061667,0.550102,0.576387,16.903333,14.453292,19.401708,15.8,0.0,220,25.55,22.9,28.255042,25.4,0.0,300,False
mobilenet_v3_large,matrix,default,log6,posit6_es1,53.158333,42.91,0.607874,0.518535,-10.248333,-12.91,-7.62,-10.5,0.0,249,,,,-11.6,0.0,276,True
mobilenet_v3_large,matrix,default,log6,posit8_es1,53.158333,73.358333,0.498973,0.534143,20.2,17.651667,22.815083,18.6,0.0,244,31.305,28.54325,34.11,31.1,0.0,345,True
mobilenet_v3_large,matrix,default,log6,q1_6,53.158333,71.966667,0.491903,0.515606,18.808333,16.141625,21.420042,17.9,0.0,251,25.913333,23.21,28.666833,25.4,0.0,308,True
mobilenet_v3_large,matrix,default,log8,mxfp6_e3m2,69.833333,43.036944,0.489761,0.498805,-26.796389,-29.486681,-24.134972,-26.3,0.0,299,,,,-32.7,0.0,357,True
mobilenet_v3_large,matrix,default,log8,mxfp6_e3m2@cum5_act_maxabs,69.833333,44.906667,0.501767,0.513697,-24.926667,-27.515042,-22.305,-24.0,0.0,282,-31.635,-34.440042,-28.876625,-30.9,0.0,343,False
mobilenet_v3_large,matrix,default,log8,mxfp8_e4m3,69.833333,70.916667,0.755162,0.801999,1.083333,-0.483333,2.708333,1.5,0.123853,83,4.025,2.166667,5.958333,4.3,0.000101,119,True
mobilenet_v3_large,matrix,default,log8,mxfp8_e4m3@cum5_act_maxabs,69.833333,70.061667,0.753623,0.798634,0.228333,-1.343333,1.866667,0.5,0.664645,85,3.595,1.711667,5.503458,4.2,0.00023,126,False
mobilenet_v3_large,matrix,default,log8,posit6_es1,69.833333,42.91,0.496552,0.509198,-26.923333,-29.693417,-24.291625,-25.8,0.0,292,,,,-32.8,0.0,358,True
mobilenet_v3_large,matrix,default,log8,posit8_es1,69.833333,73.358333,0.759146,0.810439,3.525,1.991667,5.083333,3.3,0.000264,79,9.35,7.508333,11.283333,9.9,0.0,129,True
mobilenet_v3_large,matrix,default,log8,q1_6,69.833333,71.966667,0.663818,0.71626,2.133333,0.191667,4.066667,2.6,0.02097,118,3.958333,1.75,6.208333,4.2,0.001123,160,True
mobilenet_v3_large,matrix,default,mxfp6_e3m2,mxfp6_e3m2@cum5_act_maxabs,43.036944,44.906667,0.7808,0.72339,1.869722,-0.076993,3.829174,2.3,0.059768,137,,,,1.8,0.162072,148,False
mobilenet_v3_large,matrix,default,mxfp6_e3m2,mxfp8_e4m3,43.036944,70.916667,0.456706,0.463935,27.879722,25.086646,30.699757,27.8,0.0,320,,,,37.0,0.0,402,True
mobilenet_v3_large,matrix,default,mxfp6_e3m2,mxfp8_e4m3@cum5_act_maxabs,43.036944,70.061667,0.466216,0.465198,27.024722,24.279556,29.830847,26.8,0.0,316,,,,36.9,0.0,405,False
mobilenet_v3_large,matrix,default,mxfp6_e3m2,posit6_es1,43.036944,42.91,0.695652,0.586952,-0.126944,-2.5275,2.25559,0.5,0.778988,203,,,,-0.1,1.0,235,True
mobilenet_v3_large,matrix,default,mxfp6_e3m2,posit8_es1,43.036944,73.358333,0.438356,0.460487,30.321389,27.489146,33.15141,29.6,0.0,328,,,,42.6,0.0,440,True
mobilenet_v3_large,matrix,default,mxfp6_e3m2,q1_6,43.036944,71.966667,0.430743,0.434478,28.929722,26.014368,31.853361,28.9,0.0,337,,,,36.9,0.0,409,True
mobilenet_v3_large,matrix,default,mxfp6_e3m2@cum5_act_maxabs,mxfp8_e4m3,44.906667,70.916667,0.467487,0.477739,26.01,23.193333,28.788375,25.5,0.0,303,35.66,32.846458,38.605,35.2,0.0,390,False
mobilenet_v3_large,matrix,default,mxfp6_e3m2@cum5_act_maxabs,mxfp8_e4m3@cum5_act_maxabs,44.906667,70.061667,0.474695,0.475462,25.155,22.338333,27.970083,24.5,0.0,301,35.23,32.418125,38.171708,35.1,0.0,389,False
mobilenet_v3_large,matrix,default,mxfp6_e3m2@cum5_act_maxabs,posit6_es1,44.906667,42.91,0.736677,0.660584,-1.996667,-4.273375,0.233458,-1.8,0.189505,168,,,,-1.9,0.213001,209,False
mobilenet_v3_large,matrix,default,mxfp6_e3m2@cum5_act_maxabs,posit8_es1,44.906667,73.358333,0.446018,0.468248,28.451667,25.63,31.226833,27.3,0.0,313,40.985,38.179958,43.883375,40.8,0.0,424,False
mobilenet_v3_large,matrix,default,mxfp6_e3m2@cum5_act_maxabs,q1_6,44.906667,71.966667,0.450704,0.465404,27.06,24.156417,29.93,26.6,0.0,312,35.593333,32.631667,38.615125,35.1,0.0,391,False
mobilenet_v3_large,matrix,default,mxfp8_e4m3,mxfp8_e4m3@cum5_act_maxabs,70.916667,70.061667,0.873016,0.904107,-0.855,-1.735,-0.004917,-1.0,0.15386,40,-0.43,-1.491667,0.656708,-0.1,1.0,53,False
mobilenet_v3_large,matrix,default,mxfp8_e4m3,posit6_es1,70.916667,42.91,0.478336,0.50086,-28.006667,-30.791708,-25.348208,-27.3,0.0,301,,,,-37.1,0.0,395,True
mobilenet_v3_large,matrix,default,mxfp8_e4m3,posit8_es1,70.916667,73.358333,0.795527,0.842514,2.441667,1.108333,3.791667,1.8,0.032766,64,5.325,3.658125,7.0,5.6,0.0,104,True
mobilenet_v3_large,matrix,default,mxfp8_e4m3,q1_6,70.916667,71.966667,0.678466,0.732572,1.05,-0.775,2.866667,1.1,0.338185,109,-0.066667,-2.316875,2.158333,-0.1,1.0,161,True
mobilenet_v3_large,matrix,default,mxfp8_e4m3@cum5_act_maxabs,posit6_es1,70.061667,42.91,0.482818,0.493175,-27.151667,-29.925042,-24.49475,-26.3,0.0,301,,,,-37.0,0.0,394,False
mobilenet_v3_large,matrix,default,mxfp8_e4m3@cum5_act_maxabs,posit8_es1,70.061667,73.358333,0.7875,0.835622,3.296667,1.943333,4.721667,2.8,0.000914,68,5.755,3.991583,7.510167,5.7,0.0,109,False
mobilenet_v3_large,matrix,default,mxfp8_e4m3@cum5_act_maxabs,q1_6,70.061667,71.966667,0.702941,0.7556,1.905,0.105,3.721667,2.1,0.046044,101,0.363333,-1.883333,2.558333,0.0,1.0,146,False
mobilenet_v3_large,matrix,default,posit6_es1,posit8_es1,42.91,73.358333,0.439655,0.461504,30.448333,27.634958,33.320083,29.1,0.0,325,,,,42.7,0.0,439,True
mobilenet_v3_large,matrix,default,posit6_es1,q1_6,42.91,71.966667,0.431973,0.435675,29.056667,26.181583,31.991708,28.4,0.0,334,,,,37.0,0.0,404,True
mobilenet_v3_large,matrix,default,posit8_es1,q1_6,73.358333,71.966667,0.716511,0.772177,-1.391667,-3.133333,0.341667,-0.7,0.529602,91,-5.391667,-7.483333,-3.316667,-5.7,1e-06,135,True
mobilenet_v3_large,matrix,minimal,bfp6,bfp6@cum1_fused,47.491667,42.416667,0.765273,0.709177,-5.075,-7.25,-2.783333,-4.8,8.8e-05,146,-3.541667,-5.875,-1.149792,-3.4,0.00931,162,False
mobilenet_v3_large,matrix,minimal,bfp6,fp6_e2m3,47.491667,36.766667,0.611814,0.449816,-10.725,-13.683333,-7.691667,-9.6,0.0,276,-9.433333,-12.583542,-6.275,-8.8,0.0,294,True
mobilenet_v3_large,matrix,minimal,bfp6,fp6_e3m2,47.491667,42.283254,0.643284,0.521099,-5.208413,-8.013192,-2.429919,-5.1,0.001174,239,,,,-5.3,0.001475,269,True
mobilenet_v3_large,matrix,minimal,bfp6,fp7_e3m3,47.491667,69.05,0.479789,0.458658,21.558333,18.733125,24.500208,20.8,0.0,296,30.175,27.158333,33.216667,29.5,0.0,365,True
mobilenet_v3_large,matrix,minimal,bfp6,fp8_e4m3fn,47.491667,68.458333,0.5,0.490414,20.966667,18.216458,23.825208,20.7,0.0,281,30.233333,27.341667,33.141667,30.0,0.0,356,True
mobilenet_v3_large,matrix,minimal,bfp6,fp8_e5m2,47.491667,45.152897,0.62462,0.504184,-2.33877,-5.195564,0.575849,-1.9,0.252031,247,,,,-1.5,0.39337,269,True
mobilenet_v3_large,matrix,minimal,bfp6,int8,47.491667,70.15,0.482944,0.484481,22.658333,19.766667,25.583333,22.4,0.0,288,30.725,27.583125,33.841667,30.1,0.0,357,True
mobilenet_v3_large,matrix,minimal,bfp6,log6,47.491667,15.904087,0.590856,0.359937,-31.587579,-34.531984,-28.613401,-30.7,0.0,349,,,,-33.4,0.0,378,True
mobilenet_v3_large,matrix,minimal,bfp6,log8,47.491667,69.361667,0.52,0.530905,21.87,19.178292,24.64175,21.4,0.0,264,30.083333,27.208333,32.966667,30.0,0.0,342,True
mobilenet_v3_large,matrix,minimal,bfp6,mxfp6_e3m2,47.491667,28.145397,0.616798,0.434807,-19.34627,-22.225004,-16.455823,-18.2,0.0,292,,,,-20.4,0.0,320,True
mobilenet_v3_large,matrix,minimal,bfp6,mxfp6_e3m2@cum1_fused,47.491667,28.990952,0.620506,0.445467,-18.500714,-21.421349,-15.632069,-16.7,0.0,285,,,,-16.8,0.0,314,False
mobilenet_v3_large,matrix,minimal,bfp6,mxfp8_e4m3,47.491667,66.016667,0.553381,0.53937,18.525,15.825,21.275417,17.7,0.0,251,24.833333,21.841667,27.816875,23.9,0.0,321,True
mobilenet_v3_large,matrix,minimal,bfp6,mxfp8_e4m3@cum1_fused,47.491667,66.166667,0.549822,0.5361,18.675,15.999792,21.408542,17.9,0.0,253,24.683333,21.691667,27.683542,23.7,0.0,321,False
mobilenet_v3_large,matrix,minimal,bfp6,q1_6,47.491667,70.15,0.482944,0.484481,22.658333,19.766667,25.583333,22.4,0.0,288,30.725,27.583125,33.841667,30.1,0.0,357,True
mobilenet_v3_large,matrix,minimal,bfp6@cum1_fused,fp6_e2m3,42.416667,36.766667,0.644628,0.467421,-5.65,-8.608333,-2.683125,-4.8,0.003354,258,-5.891667,-9.025,-2.675,-5.4,0.001742,288,False
mobilenet_v3_large,matrix,minimal,bfp6@cum1_fused,fp6_e3m2,42.416667,42.283254,0.636752,0.478434,-0.133413,-2.982712,2.728046,-0.3,0.900362,255,,,,-1.9,0.289664,289,False
mobilenet_v3_large,matrix,minimal,bfp6@cum1_fused,fp7_e3m3,42.416667,69.05,0.466227,0.440384,26.633333,23.641667,29.683333,25.6,0.0,324,33.716667,30.566458,36.891875,32.9,0.0,401,False
mobilenet_v3_large,matrix,minimal,bfp6@cum1_fused,fp8_e4m3fn,42.416667,68.458333,0.480066,0.463572,26.041667,23.1,28.966875,25.5,0.0,313,33.775,30.691667,36.891667,33.4,0.0,394,False
mobilenet_v3_large,matrix,minimal,bfp6@cum1_fused,fp8_e5m2,42.416667,45.152897,0.616498,0.463903,2.73623,-0.202131,5.743783,2.9,0.085235,265,,,,1.9,0.282896,281,False
mobilenet_v3_large,matrix,minimal,bfp6@cum1_fused,int8,42.416667,70.15,0.459098,0.451882,27.733333,24.75,30.766667,27.2,0.0,324,34.266667,31.016667,37.517083,33.5,0.0,395,False
mobilenet_v3_large,matrix,minimal,bfp6@cum1_fused,log6,42.416667,15.904087,0.62993,0.358319,-26.512579,-29.466134,-23.554498,-25.9,0.0,319,,,,-30.0,0.0,356,False
mobilenet_v3_large,matrix,minimal,bfp6@cum1_fused,log8,42.416667,69.361667,0.480737,0.475156,26.945,24.021542,29.891667,26.2,0.0,310,33.625,30.499792,36.683333,33.4,0.0,390,False
mobilenet_v3_large,matrix,minimal,bfp6@cum1_fused,mxfp6_e3m2,42.416667,28.145397,0.641026,0.421484,-14.27127,-17.24224,-11.363319,-13.4,0.0,280,,,,-17.0,0.0,314,False
mobilenet_v3_large,matrix,minimal,bfp6@cum1_fused,mxfp6_e3m2@cum1_fused,42.416667,28.990952,0.640726,0.426888,-13.425714,-16.404964,-10.543306,-11.9,0.0,277,,,,-13.4,0.0,314,False
mobilenet_v3_large,matrix,minimal,bfp6@cum1_fused,mxfp8_e4m3,42.416667,66.016667,0.49513,0.44817,23.6,20.575,26.691875,22.5,0.0,311,28.375,25.15,31.633542,27.3,0.0,373,False
mobilenet_v3_large,matrix,minimal,bfp6@cum1_fused,mxfp8_e4m3@cum1_fused,42.416667,66.166667,0.491883,0.445146,23.75,20.7,26.816875,22.7,0.0,313,28.225,24.974792,31.483333,27.1,0.0,375,False
mobilenet_v3_large,matrix,minimal,bfp6@cum1_fused,q1_6,42.416667,70.15,0.459098,0.451882,27.733333,24.75,30.766667,27.2,0.0,324,34.266667,31.016667,37.517083,33.5,0.0,395,False
mobilenet_v3_large,matrix,minimal,fp6_e2m3,fp6_e3m2,36.766667,42.283254,0.64876,0.472591,5.516587,2.685135,8.370956,4.5,0.005756,255,,,,3.5,0.045313,289,True
mobilenet_v3_large,matrix,minimal,fp6_e2m3,fp7_e3m3,36.766667,69.05,0.467919,0.452484,32.283333,29.391667,35.141667,30.4,0.0,340,39.608333,36.716667,42.608333,38.3,0.0,411,True
mobilenet_v3_large,matrix,minimal,fp6_e2m3,fp8_e4m3fn,36.766667,68.458333,0.474097,0.462633,31.691667,28.849792,34.566875,30.3,0.0,335,39.666667,36.741458,42.641667,38.8,0.0,412,True
mobilenet_v3_large,matrix,minimal,fp6_e2m3,fp8_e5m2,36.766667,45.152897,0.613573,0.435281,8.38623,5.455819,11.343227,7.7,5e-06,279,,,,7.3,3.3e-05,303,True
mobilenet_v3_large,matrix,minimal,fp6_e2m3,int8,36.766667,70.15,0.442879,0.431759,33.383333,30.433333,36.391667,32.0,0.0,356,40.158333,37.016458,43.316667,38.9,0.0,433,True
mobilenet_v3_large,matrix,minimal,fp6_e2m3,log6,36.766667,15.904087,0.668197,0.360178,-20.862579,-23.690648,-18.05894,-21.1,0.0,289,,,,-24.6,0.0,322,True
mobilenet_v3_large,matrix,minimal,fp6_e2m3,log8,36.766667,69.361667,0.444961,0.417991,32.595,29.62825,35.548375,31.0,0.0,358,39.516667,36.516667,42.483542,38.8,0.0,430,True
mobilenet_v3_large,matrix,minimal,fp6_e2m3,mxfp6_e3m2,36.766667,28.145397,0.66416,0.411915,-8.62127,-11.505056,-5.711766,-8.6,0.0,268,,,,-11.6,0.0,304,True
mobilenet_v3_large,matrix,minimal,fp6_e2m3,mxfp6_e3m2@cum1_fused,36.766667,28.990952,0.670483,0.434286,-7.775714,-10.629062,-4.873296,-7.1,1.2e-05,259,,,,-8.0,3e-06,290,False
mobilenet_v3_large,matrix,minimal,fp6_e2m3,mxfp8_e4m3,36.766667,66.016667,0.490769,0.445249,29.25,26.341667,32.175,27.3,0.0,331,34.266667,31.216458,37.400208,32.7,0.0,403,True
mobilenet_v3_large,matrix,minimal,fp6_e2m3,mxfp8_e4m3@cum1_fused,36.766667,66.166667,0.487692,0.442566,29.4,26.483333,32.316667,27.5,0.0,333,34.116667,31.074792,37.25,32.5,0.0,403,False
mobilenet_v3_large,matrix,minimal,fp6_e2m3,q1_6,36.766667,70.15,0.442879,0.431759,33.383333,30.433333,36.391667,32.0,0.0,356,40.158333,37.016458,43.316667,38.9,0.0,433,True
mobilenet_v3_large,matrix,minimal,fp6_e3m2,fp7_e3m3,42.283254,69.05,0.478477,0.462743,26.766746,23.99021,29.628081,25.9,0.0,315,,,,34.8,0.0,392,True
mobilenet_v3_large,matrix,minimal,fp6_e3m2,fp8_e4m3fn,42.283254,68.458333,0.494983,0.490267,26.175079,23.516845,28.937026,25.8,0.0,302,,,,35.3,0.0,389,True
mobilenet_v3_large,matrix,minimal,fp6_e3m2,fp8_e5m2,42.283254,45.152897,0.666667,0.547079,2.869643,0.356978,5.398268,3.2,0.038096,224,,,,3.8,0.016744,240,True
mobilenet_v3_large,matrix,minimal,fp6_e3m2,int8,42.283254,70.15,0.464107,0.461546,27.866746,25.063685,30.76124,27.5,0.0,321,,,,35.4,0.0,398,True
mobilenet_v3_large,matrix,minimal,fp6_e3m2,log6,42.283254,15.904087,0.620253,0.323488,-26.379167,-29.19143,-23.515407,-25.6,0.0,330,,,,-28.1,0.0,357,True
mobilenet_v3_large,matrix,minimal,fp6_e3m2,log8,42.283254,69.361667,0.475874,0.46714,27.078413,24.373306,29.896875,26.5,0.0,315,,,,35.3,0.0,397,True
mobilenet_v3_large,matrix,minimal,fp6_e3m2,mxfp6_e3m2,42.283254,28.145397,0.677124,0.492466,-14.137857,-16.795179,-11.512262,-13.1,0.0,247,,,,-15.1,0.0,269,True
mobilenet_v3_large,matrix,minimal,fp6_e3m2,mxfp6_e3m2@cum1_fused,42.283254,28.990952,0.668421,0.479542,-13.292302,-15.938323,-10.651413,-11.6,0.0,252,,,,-11.5,0.0,279,False
mobilenet_v3_large,matrix,minimal,fp6_e3m2,mxfp8_e4m3,42.283254,66.016667,0.524752,0.49937,23.733413,21.117774,26.423736,22.8,0.0,288,,,,29.2,0.0,354,True
mobilenet_v3_large,matrix,minimal,fp6_e3m2,mxfp8_e4m3@cum1_fused,42.283254,66.166667,0.523967,0.500691,23.883413,21.269437,26.566562,23.0,0.0,288,,,,29.0,0.0,352,False
mobilenet_v3_large,matrix,minimal,fp6_e3m2,q1_6,42.283254,70.15,0.464107,0.461546,27.866746,25.063685,30.76124,27.5,0.0,321,,,,35.4,0.0,398,True
mobilenet_v3_large,matrix,minimal,fp7_e3m3,fp8_e4m3fn,69.05,68.458333,0.84058,0.873095,-0.591667,-1.816667,0.633542,-0.1,1.0,55,0.058333,-1.375,1.516667,0.5,0.656992,81,True
mobilenet_v3_large,matrix,minimal,fp7_e3m3,fp8_e5m2,69.05,45.152897,0.497391,0.489974,-23.897103,-26.742103,-21.109139,-22.7,0.0,289,,,,-31.0,0.0,358,True
mobilenet_v3_large,matrix,minimal,fp7_e3m3,int8,69.05,70.15,0.721448,0.766437,1.1,-0.691667,2.925,1.6,0.133211,100,0.55,-1.625,2.733333,0.6,0.681217,148,True
mobilenet_v3_large,matrix,minimal,fp7_e3m3,log6,69.05,15.904087,0.362989,0.242903,-53.145913,-56.143475,-50.122209,-51.5,0.0,537,,,,-62.9,0.0,635,True
mobilenet_v3_large,matrix,minimal,fp7_e3m3,log8,69.05,69.361667,0.725275,0.767962,0.311667,-1.358333,1.966667,0.6,0.617299,100,-0.091667,-2.075,1.858333,0.5,0.736356,141,True
mobilenet_v3_large,matrix,minimal,fp7_e3m3,mxfp6_e3m2,69.05,28.145397,0.404664,0.334693,-40.904603,-44.018948,-37.831327,-39.0,0.0,434,,,,-49.9,0.0,525,True
mobilenet_v3_large,matrix,minimal,fp7_e3m3,mxfp6_e3m2@cum1_fused,69.05,28.990952,0.409218,0.342785,-40.059048,-43.100583,-37.040226,-37.5,0.0,423,,,,-46.3,0.0,503,False
mobilenet_v3_large,matrix,minimal,fp7_e3m3,mxfp8_e4m3,69.05,66.016667,0.610169,0.639245,-3.033333,-5.308333,-0.816458,-3.1,0.017787,161,-5.341667,-7.825,-2.799792,-5.6,0.000116,206,True
mobilenet_v3_large,matrix,minimal,fp7_e3m3,mxfp8_e4m3@cum1_fused,69.05,66.166667,0.609223,0.638455,-2.883333,-5.150208,-0.65,-2.9,0.027024,161,-5.491667,-7.975,-2.958333,-5.8,6.4e-05,206,False
mobilenet_v3_large,matrix,minimal,fp7_e3m3,q1_6,69.05,70.15,0.721448,0.766437,1.1,-0.691667,2.925,1.6,0.133211,100,0.55,-1.625,2.733333,0.6,0.681217,148,True
mobilenet_v3_large,matrix,minimal,fp8_e4m3fn,fp8_e5m2,68.458333,45.152897,0.49913,0.491527,-23.305437,-26.119789,-20.511256,-22.6,0.0,288,,,,-31.5,0.0,359,True
mobilenet_v3_large,matrix,minimal,fp8_e4m3fn,int8,68.458333,70.15,0.686649,0.731613,1.691667,-0.275,3.666667,1.7,0.13535,115,0.491667,-1.933333,2.883333,0.1,1.0,169,True
mobilenet_v3_large,matrix,minimal,fp8_e4m3fn,log6,68.458333,15.904087,0.365796,0.249407,-52.554246,-55.541167,-49.539789,-51.4,0.0,534,,,,-63.4,0.0,638,True
mobilenet_v3_large,matrix,minimal,fp8_e4m3fn,log8,68.458333,69.361667,0.752089,0.793706,0.903333,-0.716667,2.543375,0.7,0.525015,89,-0.15,-2.05,1.716667,0.0,1.0,126,True
mobilenet_v3_large,matrix,minimal,fp8_e4m3fn,mxfp6_e3m2,68.458333,28.145397,0.411846,0.349947,-40.312937,-43.33576,-37.331591,-38.9,0.0,427,,,,-50.4,0.0,524,True
mobilenet_v3_large,matrix,minimal,fp8_e4m3fn,mxfp6_e3m2@cum1_fused,68.458333,28.990952,0.422535,0.371836,-39.467381,-42.4298,-36.501528,-37.4,0.0,410,,,,-46.8,0.0,498,False
mobilenet_v3_large,matrix,minimal,fp8_e4m3fn,mxfp8_e4m3,68.458333,66.016667,0.640394,0.673202,-2.441667,-4.616667,-0.275,-3.0,0.016099,146,-5.4,-7.833333,-2.991458,-6.1,1e-05,187,True
mobilenet_v3_large,matrix,minimal,fp8_e4m3fn,mxfp8_e4m3@cum1_fused,68.458333,66.166667,0.639506,0.672469,-2.291667,-4.441667,-0.1,-2.8,0.025111,146,-5.55,-7.958333,-3.158333,-6.3,5e-06,187,False
mobilenet_v3_large,matrix,minimal,fp8_e4m3fn,q1_6,68.458333,70.15,0.686649,0.731613,1.691667,-0.275,3.666667,1.7,0.13535,115,0.491667,-1.933333,2.883333,0.1,1.0,169,True
mobilenet_v3_large,matrix,minimal,fp8_e5m2,int8,45.152897,70.15,0.472125,0.469481,24.997103,22.084643,27.904122,24.3,0.0,303,,,,31.6,0.0,368,True
mobilenet_v3_large,matrix,minimal,fp8_e5m2,log6,45.152897,15.904087,0.615023,0.383399,-29.24881,-31.97706,-26.535822,-28.8,0.0,328,,,,-31.9,0.0,363,True
mobilenet_v3_large,matrix,minimal,fp8_e5m2,log8,45.152897,69.361667,0.486957,0.480652,24.20877,21.427356,27.095222,23.3,0.0,295,,,,31.5,0.0,365,True
mobilenet_v3_large,matrix,minimal,fp8_e5m2,mxfp6_e3m2,45.152897,28.145397,0.637435,0.45169,-17.0075,-19.80368,-14.265929,-16.3,0.0,277,,,,-18.9,0.0,307,True
mobilenet_v3_large,matrix,minimal,fp8_e5m2,mxfp6_e3m2@cum1_fused,45.152897,28.990952,0.643617,0.467744,-16.161944,-18.841896,-13.523334,-14.8,0.0,268,,,,-15.3,0.0,305,False
mobilenet_v3_large,matrix,minimal,fp8_e5m2,mxfp8_e4m3,45.152897,66.016667,0.540587,0.521353,20.86377,18.135806,23.581374,19.6,0.0,266,,,,25.4,0.0,326,True
mobilenet_v3_large,matrix,minimal,fp8_e5m2,mxfp8_e4m3@cum1_fused,45.152897,66.166667,0.537133,0.518209,21.01377,18.282187,23.740011,19.8,0.0,268,,,,25.2,0.0,326,False
mobilenet_v3_large,matrix,minimal,fp8_e5m2,q1_6,45.152897,70.15,0.472125,0.469481,24.997103,22.084643,27.904122,24.3,0.0,303,,,,31.6,0.0,368,True
mobilenet_v3_large,matrix,minimal,int8,log6,70.15,15.904087,0.344009,0.230731,-54.245913,-57.185045,-51.17225,-53.1,0.0,553,,,,-63.5,0.0,645,True
mobilenet_v3_large,matrix,minimal,int8,log8,70.15,69.361667,0.690608,0.736537,-0.788333,-2.760083,1.128417,-1.0,0.395193,112,-0.641667,-2.983542,1.741667,-0.1,1.0,163,True
mobilenet_v3_large,matrix,minimal,int8,mxfp6_e3m2,70.15,28.145397,0.390345,0.336224,-42.004603,-45.088716,-38.906812,-40.6,0.0,442,,,,-50.5,0.0,521,True
mobilenet_v3_large,matrix,minimal,int8,mxfp6_e3m2@cum1_fused,70.15,28.990952,0.402542,0.362235,-41.159048,-44.238925,-38.107778,-39.1,0.0,423,,,,-46.9,0.0,491,False
mobilenet_v3_large,matrix,minimal,int8,mxfp8_e4m3,70.15,66.016667,0.610422,0.646486,-4.133333,-6.483333,-1.799792,-4.7,0.000219,157,-5.891667,-8.55,-3.149792,-6.2,2.5e-05,212,True
mobilenet_v3_large,matrix,minimal,int8,mxfp8_e4m3@cum1_fused,70.15,66.166667,0.613466,0.650119,-3.983333,-6.275,-1.65,-4.5,0.000376,155,-6.041667,-8.716875,-3.308333,-6.4,1.2e-05,210,False
mobilenet_v3_large,matrix,minimal,int8,q1_6,70.15,70.15,1.0,1.0,0.0,0.0,0.0,0.0,1.0,0,0.0,0.0,0.0,0.0,1.0,0,True
mobilenet_v3_large,matrix,minimal,log6,log8,15.904087,69.361667,0.359096,0.249896,53.457579,50.4038,56.379735,52.1,0.0,539,,,,63.4,0.0,644,True
mobilenet_v3_large,matrix,minimal,log6,mxfp6_e3m2,15.904087,28.145397,0.735062,0.374798,12.24131,9.678618,14.834136,12.5,0.0,235,,,,13.0,0.0,254,True
mobilenet_v3_large,matrix,minimal,log6,mxfp6_e3m2@cum1_fused,15.904087,28.990952,0.735763,0.407042,13.086865,10.556413,15.609312,14.0,0.0,232,,,,16.6,0.0,260,False
mobilenet_v3_large,matrix,minimal,log6,mxfp8_e4m3,15.904087,66.016667,0.401425,0.272138,50.112579,47.062182,53.071231,48.4,0.0,504,,,,57.3,0.0,587,True
mobilenet_v3_large,matrix,minimal,log6,mxfp8_e4m3@cum1_fused,15.904087,66.166667,0.39905,0.270617,50.262579,47.226582,53.194389,48.6,0.0,506,,,,57.1,0.0,585,False
mobilenet_v3_large,matrix,minimal,log6,q1_6,15.904087,70.15,0.344009,0.230731,54.245913,51.17225,57.185045,53.1,0.0,553,,,,63.5,0.0,645,True
mobilenet_v3_large,matrix,minimal,log8,mxfp6_e3m2,69.361667,28.145397,0.404138,0.347073,-41.21627,-44.200784,-38.23178,-39.6,0.0,432,,,,-50.4,0.0,526,True
mobilenet_v3_large,matrix,minimal,log8,mxfp6_e3m2@cum1_fused,69.361667,28.990952,0.416667,0.373353,-40.370714,-43.322573,-37.430113,-38.1,0.0,413,,,,-46.8,0.0,504,False
mobilenet_v3_large,matrix,minimal,log8,mxfp8_e4m3,69.361667,66.016667,0.635236,0.670176,-3.345,-5.575,-1.101625,-3.7,0.002857,147,-5.25,-7.683333,-2.75,-6.1,1.1e-05,189,True
mobilenet_v3_large,matrix,minimal,log8,mxfp8_e4m3@cum1_fused,69.361667,66.166667,0.630273,0.664824,-3.195,-5.44175,-0.915,-3.5,0.005172,149,-5.4,-7.841667,-2.908333,-6.3,5e-06,189,False
mobilenet_v3_large,matrix,minimal,log8,q1_6,69.361667,70.15,0.690608,0.736537,0.788333,-1.128417,2.760083,1.0,0.395193,112,0.641667,-1.741667,2.983542,0.1,1.0,163,True
mobilenet_v3_large,matrix,minimal,mxfp6_e3m2,mxfp6_e3m2@cum1_fused,28.145397,28.990952,0.85298,0.736505,0.845556,-0.763298,2.451345,1.5,0.183657,111,,,,3.6,0.002024,130,False
mobilenet_v3_large,matrix,minimal,mxfp6_e3m2,mxfp8_e4m3,28.145397,66.016667,0.459198,0.396515,37.87127,34.91278,40.793923,35.9,0.0,391,,,,44.3,0.0,469,True
mobilenet_v3_large,matrix,minimal,mxfp6_e3m2,mxfp8_e4m3@cum1_fused,28.145397,66.166667,0.456432,0.394344,38.02127,35.051823,40.965373,36.1,0.0,393,,,,44.1,0.0,467,False
mobilenet_v3_large,matrix,minimal,mxfp6_e3m2,q1_6,28.145397,70.15,0.390345,0.336224,42.004603,38.906812,45.088716,40.6,0.0,442,,,,50.5,0.0,521,True
mobilenet_v3_large,matrix,minimal,mxfp6_e3m2@cum1_fused,mxfp8_e4m3,28.990952,66.016667,0.468927,0.414645,37.025714,34.147849,39.949456,34.4,0.0,376,,,,40.7,0.0,455,False
mobilenet_v3_large,matrix,minimal,mxfp6_e3m2@cum1_fused,mxfp8_e4m3@cum1_fused,28.990952,66.166667,0.466102,0.412401,37.175714,34.312147,40.097573,34.6,0.0,378,,,,40.5,0.0,453,False
mobilenet_v3_large,matrix,minimal,mxfp6_e3m2@cum1_fused,q1_6,28.990952,70.15,0.402542,0.362235,41.159048,38.107778,44.238925,39.1,0.0,423,,,,46.9,0.0,491,False
mobilenet_v3_large,matrix,minimal,mxfp8_e4m3,mxfp8_e4m3@cum1_fused,66.016667,66.166667,0.994253,0.995596,0.15,0.0,0.4,0.2,0.5,2,-0.15,-0.4,0.0,-0.2,0.5,2,False
mobilenet_v3_large,matrix,minimal,mxfp8_e4m3,q1_6,66.016667,70.15,0.610422,0.646486,4.133333,1.799792,6.483333,4.7,0.000219,157,5.891667,3.149792,8.55,6.2,2.5e-05,212,True
mobilenet_v3_large,matrix,minimal,mxfp8_e4m3@cum1_fused,q1_6,66.166667,70.15,0.613466,0.650119,3.983333,1.65,6.275,4.5,0.000376,155,6.041667,3.308333,8.716875,6.4,1.2e-05,210,False
resnet18,matrix,default,bfp6,bfp6@cum5_act_maxabs,66.803333,68.2,0.867052,0.895301,1.396667,0.466583,2.363333,1.4,0.054076,46,2.946667,1.713333,4.191708,2.9,0.000914,73,False
resnet18,matrix,default,bfp6,fp5_e2m2,66.803333,39.094012,0.492013,0.472595,-27.709321,-30.42023,-25.065785,-27.4,0.0,318,,,,-43.1,0.0,453,True
resnet18,matrix,default,bfp6,fp6_e2m3,66.803333,66.656667,0.823691,0.8555,-0.146667,-1.385,1.045,-0.2,0.900653,64,-4.801667,-6.358458,-3.238208,-4.2,5.5e-05,106,True
resnet18,matrix,default,bfp6,fp6_e3m2,66.803333,53.623532,0.604888,0.6226,-13.179802,-15.33362,-11.049714,-12.8,0.0,194,,,,-25.7,0.0,283,True
resnet18,matrix,default,bfp6,fp7_e3m3,66.803333,67.4825,0.840336,0.870821,0.679167,-0.370854,1.7575,0.3,0.791366,57,,,,-0.3,0.839214,97,True
resnet18,matrix,default,bfp6,fp8_e4m3fn,66.803333,67.665833,0.823529,0.856718,0.8625,-0.266667,2.040896,0.9,0.313503,63,-1.500833,-3.08,0.019167,-1.0,0.386573,108,True
resnet18,matrix,default,bfp6,fp8_e5m2,66.803333,61.177976,0.668966,0.697152,-5.625357,-7.352045,-3.918991,-6.6,0.0,144,,,,-15.8,0.0,210,True
resnet18,matrix,default,bfp6,int5,66.803333,13.691179,0.370198,0.227387,-53.112154,-55.941692,-50.184655,-51.7,0.0,541,,,,-71.5,0.0,717,True
resnet18,matrix,default,bfp6,int6,66.803333,65.891667,0.822581,0.853472,-0.911667,-2.156667,0.3,-1.8,0.035583,66,,,,-4.6,4e-06,98,True
resnet18,matrix,default,bfp6,int8,66.803333,69.216667,0.84,0.872369,2.413333,1.146667,3.7435,1.6,0.044047,56,8.805,7.116667,10.538333,8.3,0.0,107,True
resnet18,matrix,default,bfp6,log6,66.803333,54.542778,0.610656,0.629904,-12.260556,-14.380964,-10.149027,-12.6,0.0,190,,,,-25.2,0.0,278,True
resnet18,matrix,default,bfp6,log8,66.803333,68.085,0.823529,0.856718,1.281667,0.104958,2.456708,0.9,0.313503,63,-0.72,-2.268375,0.828417,-0.3,0.839214,97,True
resnet18,matrix,default,bfp6,mxfp6_e3m2,66.803333,51.613636,0.595661,0.612732,-15.189697,-17.412057,-13.024694,-14.9,0.0,205,,,,-27.8,0.0,312,True
resnet18,matrix,default,bfp6,mxfp6_e3m2@cum5_act_maxabs,66.803333,50.744042,0.584942,0.599698,-16.059292,-18.307364,-13.880141,-16.1,0.0,215,,,,-28.3,0.0,317,False
resnet18,matrix,default,bfp6,mxfp8_e4m3,66.803333,67.708571,0.820442,0.852897,0.905238,-0.281685,2.093595,0.1,1.0,65,-1.483095,-2.954101,-0.021411,-1.4,0.188847,98,True
resnet18,matrix,default,bfp6,mxfp8_e4m3@cum5_act_maxabs,66.803333,67.730238,0.819945,0.852688,0.926905,-0.238827,2.106929,0.3,0.804317,65,-1.236429,-2.700506,0.218571,-1.1,0.304885,95,False
resnet18,matrix,default,bfp6,posit6_es1,66.803333,59.59504,0.639821,0.663416,-7.208294,-9.058621,-5.356647,-7.3,0.0,161,,,,-19.7,0.0,233,True
resnet18,matrix,default,bfp6,posit8_es1,66.803333,69.633333,0.841499,0.8746,2.83,1.659958,4.055,2.1,0.006456,55,5.513333,3.883333,7.17175,5.9,0.0,107,True
resnet18,matrix,default,bfp6,q1_6,66.803333,69.166667,0.834758,0.867786,2.363333,1.113333,3.630083,1.6,0.04794,58,8.213333,6.491583,9.98,7.8,0.0,112,True
resnet18,matrix,default,bfp6@cum5_act_maxabs,fp5_e2m2,68.2,39.094012,0.462639,0.440405,-29.105988,-31.869329,-26.378409,-28.8,0.0,338,,,,-46.0,0.0,480,False
resnet18,matrix,default,bfp6@cum5_act_maxabs,fp6_e2m3,68.2,66.656667,0.805014,0.840808,-1.543333,-2.896667,-0.256667,-1.6,0.072238,70,-7.748333,-9.388333,-6.125,-7.1,0.0,119,False
resnet18,matrix,default,bfp6@cum5_act_maxabs,fp6_e3m2,68.2,53.623532,0.582822,0.605574,-14.576468,-16.867799,-12.333289,-14.2,0.0,204,,,,-28.6,0.0,310,False
resnet18,matrix,default,bfp6@cum5_act_maxabs,fp7_e3m3,68.2,67.4825,0.826705,0.860473,-0.7175,-1.8125,0.408333,-1.1,0.200031,61,,,,-3.2,0.001601,98,False
resnet18,matrix,default,bfp6@cum5_act_maxabs,fp8_e4m3fn,68.2,67.665833,0.814815,0.850331,-0.534167,-1.721708,0.670833,-0.5,0.620145,65,-4.4475,-5.913354,-2.993333,-3.9,0.000111,99,False
resnet18,matrix,default,bfp6@cum5_act_maxabs,fp8_e5m2,68.2,61.177976,0.648148,0.681103,-7.022024,-8.798583,-5.233905,-8.0,0.0,152,,,,-18.7,0.0,227,False
resnet18,matrix,default,bfp6@cum5_act_maxabs,int5,68.2,13.691179,0.3539,0.217181,-54.508821,-57.36625,-51.552842,-53.1,0.0,555,,,,-74.4,0.0,748,False
resnet18,matrix,default,bfp6@cum5_act_maxabs,int6,68.2,65.891667,0.784946,0.821983,-2.308333,-3.641667,-0.999792,-3.2,0.000452,80,,,,-7.5,0.0,121,False
resnet18,matrix,default,bfp6@cum5_act_maxabs,int8,68.2,69.216667,0.858407,0.888783,1.016667,-0.066667,2.133333,0.2,0.885433,48,5.858333,4.475,7.316667,5.4,0.0,78,False
resnet18,matrix,default,bfp6@cum5_act_maxabs,log6,68.2,54.542778,0.578732,0.599876,-13.657222,-15.856827,-11.491179,-14.0,0.0,206,,,,-28.1,0.0,307,False
resnet18,matrix,default,bfp6@cum5_act_maxabs,log8,68.2,68.085,0.84104,0.873367,-0.115,-1.235042,1.023333,-0.5,0.590053,55,-3.666667,-5.105042,-2.236667,-3.2,0.000452,80,False
resnet18,matrix,default,bfp6@cum5_act_maxabs,mxfp6_e3m2,68.2,51.613636,0.568047,0.588311,-16.586364,-18.887226,-14.30399,-16.3,0.0,219,,,,-30.7,0.0,337,False
resnet18,matrix,default,bfp6@cum5_act_maxabs,mxfp6_e3m2@cum5_act_maxabs,68.2,50.744042,0.563953,0.584479,-17.455958,-19.723111,-15.250804,-17.5,0.0,225,,,,-31.2,0.0,338,False
resnet18,matrix,default,bfp6@cum5_act_maxabs,mxfp8_e4m3,68.2,67.708571,0.811798,0.847082,-0.491429,-1.675476,0.672702,-1.3,0.142071,67,-4.429762,-5.890012,-3.014464,-4.3,2.2e-05,101,False
resnet18,matrix,default,bfp6@cum5_act_maxabs,mxfp8_e4m3@cum5_act_maxabs,68.2,67.730238,0.811268,0.846718,-0.469762,-1.624048,0.675042,-1.1,0.221549,67,-4.183095,-5.616667,-2.803327,-4.0,7.9e-05,100,False
resnet18,matrix,default,bfp6@cum5_act_maxabs,posit6_es1,68.2,59.59504,0.623025,0.651868,-8.60496,-10.546321,-6.641413,-8.7,0.0,167,,,,-22.6,0.0,256,False
resnet18,matrix,default,bfp6@cum5_act_maxabs,posit8_es1,68.2,69.633333,0.88253,0.909362,1.433333,0.433333,2.483333,0.7,0.336784,39,2.566667,1.183333,3.966667,3.0,0.000901,78,False
resnet18,matrix,default,bfp6@cum5_act_maxabs,q1_6,68.2,69.166667,0.863905,0.893418,0.966667,-0.133333,2.066667,0.2,0.882996,46,5.266667,3.833333,6.758333,4.9,0.0,81,False
resnet18,matrix,default,fp5_e2m2,fp6_e2m3,39.094012,66.656667,0.4976,0.479655,27.562654,24.994631,30.134396,27.2,0.0,314,,,,38.9,0.0,417,True
resnet18,matrix,default,fp5_e2m2,fp6_e3m2,39.094012,53.623532,0.669811,0.612998,14.52952,12.412248,16.648592,14.6,0.0,210,,,,17.4,0.0,242,True
resnet18,matrix,default,fp5_e2m2,fp7_e3m3,39.094012,67.4825,0.477778,0.451086,28.388488,25.689593,31.074757,27.7,0.0,329,,,,42.8,0.0,454,True
resnet18,matrix,default,fp5_e2m2,fp8_e4m3fn,39.094012,67.665833,0.470588,0.44724,28.571821,25.883128,31.248383,28.3,0.0,333,,,,42.1,0.0,451,True
resnet18,matrix,default,fp5_e2m2,fp8_e5m2,39.094012,61.177976,0.582278,0.538564,22.083964,19.709725,24.496325,20.8,0.0,264,,,,27.3,0.0,325,True
resnet18,matrix,default,fp5_e2m2,int5,39.094012,13.691179,0.701055,0.490818,-25.402833,-27.735656,-23.111128,-24.3,0.0,255,,,,-28.4,0.0,288,True
resnet18,matrix,default,fp5_e2m2,int6,39.094012,65.891667,0.5232,0.50141,26.797654,24.247459,29.394754,25.6,0.0,298,,,,38.5,0.0,401,True
resnet18,matrix,default,fp5_e2m2,int8,39.094012,69.216667,0.459459,0.437672,30.122654,27.293005,32.997349,29.0,0.0,340,,,,51.4,0.0,518,True
resnet18,matrix,default,fp5_e2m2,log6,39.094012,54.542778,0.669291,0.614064,15.448766,13.282644,17.652524,14.8,0.0,210,,,,17.9,0.0,239,True
resnet18,matrix,default,fp5_e2m2,log8,39.094012,68.085,0.482372,0.469138,28.990988,26.327296,31.685734,28.3,0.0,323,,,,42.8,0.0,448,True
resnet18,matrix,default,fp5_e2m2,mxfp6_e3m2,39.094012,51.613636,0.713608,0.661781,12.519624,10.582934,14.480875,12.5,0.0,181,,,,15.3,0.0,217,True
resnet18,matrix,default,fp5_e2m2,mxfp6_e3m2@cum5_act_maxabs,39.094012,50.744042,0.729858,0.67665,11.650029,9.663293,13.626441,11.3,0.0,171,,,,14.8,0.0,208,False
resnet18,matrix,default,fp5_e2m2,mxfp8_e4m3,39.094012,67.708571,0.488038,0.466885,28.614559,25.940125,31.328551,27.5,0.0,321,,,,41.7,0.0,441,True
resnet18,matrix,default,fp5_e2m2,mxfp8_e4m3@cum5_act_maxabs,39.094012,67.730238,0.48722,0.468521,28.636226,25.975152,31.350637,27.7,0.0,321,,,,42.0,0.0,442,False
resnet18,matrix,default,fp5_e2m2,posit6_es1,39.094012,59.59504,0.59588,0.552711,20.501028,18.178067,22.868413,20.1,0.0,255,,,,23.4,0.0,304,True
resnet18,matrix,default,fp5_e2m2,posit8_es1,39.094012,69.633333,0.4608,0.448538,30.539321,27.801769,33.330142,29.5,0.0,337,,,,49.0,0.0,498,True
resnet18,matrix,default,fp5_e2m2,q1_6,39.094012,69.166667,0.461783,0.442078,30.072654,27.268704,32.966389,29.0,0.0,338,,,,50.9,0.0,511,True
resnet18,matrix,default,fp6_e2m3,fp6_e3m2,66.656667,53.623532,0.632231,0.656105,-13.033135,-15.047927,-10.994841,-12.6,0.0,178,,,,-21.5,0.0,251,True
resnet18,matrix,default,fp6_e2m3,fp7_e3m3,66.656667,67.4825,0.825485,0.85748,0.825833,-0.385875,2.090896,0.5,0.614655,63,,,,3.9,0.00031,113,True
resnet18,matrix,default,fp6_e2m3,fp8_e4m3fn,66.656667,67.665833,0.829132,0.861588,1.009167,-0.18,2.255,1.1,0.200031,61,3.300833,1.716583,4.885021,3.2,0.002209,104,True
resnet18,matrix,default,fp6_e2m3,fp8_e5m2,66.656667,61.177976,0.704918,0.736068,-5.47869,-7.028634,-3.94861,-6.4,0.0,126,,,,-11.6,0.0,178,True
resnet18,matrix,default,fp6_e2m3,int5,66.656667,13.691179,0.374126,0.234744,-52.965487,-55.808154,-50.114048,-51.5,0.0,537,,,,-67.3,0.0,687,True
resnet18,matrix,default,fp6_e2m3,int6,66.656667,65.891667,0.818182,0.849067,-0.765,-1.92,0.418333,-1.6,0.068119,68,,,,-0.4,0.764353,100,True
resnet18,matrix,default,fp6_e2m3,int8,66.656667,69.216667,0.779614,0.817837,2.56,1.121667,4.083375,1.8,0.056664,80,13.606667,11.725,15.545042,12.5,0.0,151,True
resnet18,matrix,default,fp6_e2m3,log6,66.656667,54.542778,0.621399,0.642109,-12.113889,-14.155853,-10.112118,-12.4,0.0,184,,,,-21.0,0.0,254,True
resnet18,matrix,default,fp6_e2m3,log8,66.656667,68.085,0.813889,0.847943,1.428333,0.173333,2.705083,1.1,0.221549,67,4.081667,2.529958,5.633375,3.9,0.000237,109,True
resnet18,matrix,default,fp6_e2m3,mxfp6_e3m2,66.656667,51.613636,0.609127,0.628978,-15.04303,-17.162779,-12.946362,-14.7,0.0,197,,,,-23.6,0.0,280,True
resnet18,matrix,default,fp6_e2m3,mxfp6_e3m2@cum5_act_maxabs,66.656667,50.744042,0.610568,0.632841,-15.912625,-18.040622,-13.826336,-15.9,0.0,199,,,,-24.1,0.0,279,False
resnet18,matrix,default,fp6_e2m3,mxfp8_e4m3,66.656667,67.708571,0.806011,0.839583,1.051905,-0.212857,2.342661,0.3,0.812589,71,3.318571,1.805452,4.835274,2.8,0.0078,104,True
resnet18,matrix,default,fp6_e2m3,mxfp8_e4m3@cum5_act_maxabs,66.656667,67.730238,0.800546,0.834847,1.073571,-0.204762,2.371208,0.5,0.639973,73,3.565238,2.014262,5.117625,3.1,0.004196,111,False
resnet18,matrix,default,fp6_e2m3,posit6_es1,66.656667,59.59504,0.655405,0.68056,-7.061627,-8.747496,-5.351637,-7.1,0.0,153,,,,-15.5,0.0,211,True
resnet18,matrix,default,fp6_e2m3,posit8_es1,66.656667,69.633333,0.790503,0.829067,2.976667,1.601667,4.408375,2.3,0.010582,75,10.315,8.523333,12.120083,10.1,0.0,133,True
resnet18,matrix,default,fp6_e2m3,q1_6,66.656667,69.166667,0.774725,0.813262,2.51,1.018292,4.046667,1.8,0.059808,82,13.015,11.081625,15.018375,12.0,0.0,152,True
resnet18,matrix,default,fp6_e3m2,fp7_e3m3,53.623532,67.4825,0.598778,0.617098,13.858968,11.713129,16.02259,13.1,0.0,197,,,,25.4,0.0,282,True
resnet18,matrix,default,fp6_e3m2,fp8_e4m3fn,53.623532,67.665833,0.596311,0.618997,14.042302,11.883216,16.238156,13.7,0.0,197,,,,24.7,0.0,285,True
resnet18,matrix,default,fp6_e3m2,fp8_e5m2,53.623532,61.177976,0.721774,0.724888,7.554444,5.855362,9.253188,6.2,0.0,138,,,,9.9,0.0,183,True
resnet18,matrix,default,fp6_e3m2,int5,53.623532,13.691179,0.522754,0.33494,-39.932353,-42.528952,-37.263405,-38.9,0.0,409,,,,-45.8,0.0,468,True
resnet18,matrix,default,fp6_e3m2,int6,53.623532,65.891667,0.661856,0.680987,12.268135,10.293697,14.315836,11.0,0.0,164,,,,21.1,0.0,231,True
resnet18,matrix,default,fp6_e3m2,int8,53.623532,69.216667,0.565923,0.584627,15.593135,13.199761,18.038022,14.4,0.0,214,,,,34.0,0.0,344,True
resnet18,matrix,default,fp6_e3m2,log6,53.623532,54.542778,0.799213,0.794487,0.919246,-0.576031,2.422723,0.2,0.921191,102,,,,0.5,0.716294,121,True
resnet18,matrix,default,fp6_e3m2,log8,53.623532,68.085,0.599589,0.623296,14.461468,12.287656,16.617684,13.7,0.0,195,,,,25.4,0.0,282,True
resnet18,matrix,default,fp6_e3m2,mxfp6_e3m2,53.623532,51.613636,0.784762,0.773888,-2.009896,-3.630524,-0.398011,-2.1,0.059431,113,,,,-2.1,0.089452,139,True
resnet18,matrix,default,fp6_e3m2,mxfp6_e3m2@cum5_act_maxabs,53.623532,50.744042,0.770522,0.755279,-2.87949,-4.536128,-1.273768,-3.3,0.003731,123,,,,-2.6,0.038179,146,False
resnet18,matrix,default,fp6_e3m2,mxfp8_e4m3,53.623532,67.708571,0.602851,0.620766,14.08504,11.937736,16.237938,12.9,0.0,195,,,,24.3,0.0,277,True
resnet18,matrix,default,fp6_e3m2,mxfp8_e4m3@cum5_act_maxabs,53.623532,67.730238,0.605317,0.625654,14.106706,11.971368,16.252909,13.1,0.0,193,,,,24.6,0.0,278,False
resnet18,matrix,default,fp6_e3m2,posit6_es1,53.623532,59.59504,0.753564,0.75875,5.971508,4.396412,7.575409,5.5,1e-06,121,,,,6.0,1e-06,154,True
resnet18,matrix,default,fp6_e3m2,posit8_es1,53.623532,69.633333,0.565306,0.588462,16.009802,13.718634,18.37291,14.9,0.0,213,,,,31.6,0.0,330,True
resnet18,matrix,default,fp6_e3m2,q1_6,53.623532,69.166667,0.569106,0.588952,15.543135,13.155353,18.007414,14.4,0.0,212,,,,33.5,0.0,341,True
resnet18,matrix,default,fp7_e3m3,fp8_e4m3fn,67.4825,67.665833,0.911504,0.931605,0.183333,-0.690854,1.044208,0.6,0.361595,30,,,,-0.7,0.434993,59,True
resnet18,matrix,default,fp7_e3m3,fp8_e5m2,67.4825,61.177976,0.705189,0.738827,-6.304524,-7.966801,-4.676155,-6.9,0.0,125,,,,-15.5,0.0,193,True
resnet18,matrix,default,fp7_e3m3,int5,67.4825,13.691179,0.365116,0.219279,-53.791321,-56.626394,-50.919699,-52.0,0.0,546,,,,-71.2,0.0,718,True
resnet18,matrix,default,fp7_e3m3,int6,67.4825,65.891667,0.781003,0.815386,-1.590833,-2.924229,-0.3,-2.1,0.027534,83,,,,-4.3,0.00017,127,True
resnet18,matrix,default,fp7_e3m3,int8,67.4825,69.216667,0.826211,0.860361,1.734167,0.508333,2.954167,1.3,0.123731,61,,,,8.6,0.0,104,True
resnet18,matrix,default,fp7_e3m3,log6,67.4825,54.542778,0.594705,0.611551,-12.939722,-15.103018,-10.850946,-12.9,0.0,199,,,,-24.9,0.0,279,True
resnet18,matrix,default,fp7_e3m3,log8,67.4825,68.085,0.846154,0.876813,0.6025,-0.487521,1.692521,0.6,0.496617,54,,,,0.0,1.0,84,True
resnet18,matrix,default,fp7_e3m3,mxfp6_e3m2,67.4825,51.613636,0.586614,0.603226,-15.868864,-18.107207,-13.697227,-15.2,0.0,210,,,,-27.5,0.0,303,True
resnet18,matrix,default,fp7_e3m3,mxfp6_e3m2@cum5_act_maxabs,67.4825,50.744042,0.579151,0.594587,-16.738458,-19.011997,-14.610751,-16.4,0.0,218,,,,-28.0,0.0,308,False
resnet18,matrix,default,fp7_e3m3,mxfp8_e4m3,67.4825,67.708571,0.837535,0.86844,0.226071,-0.872381,1.305399,-0.2,0.895683,58,,,,-1.1,0.304885,95,True
resnet18,matrix,default,fp7_e3m3,mxfp8_e4m3@cum5_act_maxabs,67.4825,67.730238,0.837079,0.868224,0.247738,-0.860521,1.337622,0.0,1.0,58,,,,-0.8,0.465707,92,False
resnet18,matrix,default,fp7_e3m3,posit6_es1,67.4825,59.59504,0.644144,0.670219,-7.88746,-9.723439,-6.108021,-7.6,0.0,158,,,,-19.4,0.0,228,True
resnet18,matrix,default,fp7_e3m3,posit8_es1,67.4825,69.633333,0.832853,0.867079,2.150833,1.054979,3.275,1.8,0.024746,58,,,,6.2,0.0,98,True
resnet18,matrix,default,fp7_e3m3,q1_6,67.4825,69.166667,0.810734,0.846582,1.684167,0.466667,2.8875,1.3,0.142071,67,,,,8.1,0.0,115,True
resnet18,matrix,default,fp8_e4m3fn,fp8_e5m2,67.665833,61.177976,0.703088,0.739665,-6.487857,-8.168836,-4.859607,-7.5,0.0,125,,,,-14.8,0.0,192,True
resnet18,matrix,default,fp8_e4m3fn,int5,67.665833,13.691179,0.359721,0.220827,-53.974654,-56.777028,-51.112179,-52.6,0.0,550,,,,-70.5,0.0,717,True
resnet18,matrix,default,fp8_e4m3fn,int6,67.665833,65.891667,0.774536,0.810729,-1.774167,-3.054167,-0.540813,-2.7,0.004512,85,,,,-3.6,0.001428,122,True
resnet18,matrix,default,fp8_e4m3fn,int8,67.665833,69.216667,0.809117,0.845523,1.550833,0.225833,2.870833,0.7,0.463818,67,10.305833,8.714146,11.932646,9.3,0.0,111,True
resnet18,matrix,default,fp8_e4m3fn,log6,67.665833,54.542778,0.592213,0.613371,-13.123056,-15.271889,-11.023221,-13.5,0.0,199,,,,-24.2,0.0,282,True
resnet18,matrix,default,fp8_e4m3fn,log8,67.665833,68.085,0.813559,0.848595,0.419167,-0.716708,1.528333,0.0,1.0,66,0.780833,-0.647521,2.185083,0.7,0.546713,99,True
resnet18,matrix,default,fp8_e4m3fn,mxfp6_e3m2,67.665833,51.613636,0.577909,0.597026,-16.052197,-18.283002,-13.856314,-15.8,0.0,214,,,,-26.8,0.0,306,True
resnet18,matrix,default,fp8_e4m3fn,mxfp6_e3m2@cum5_act_maxabs,67.665833,50.744042,0.576699,0.59723,-16.921792,-19.167513,-14.762333,-17.0,0.0,218,,,,-27.3,0.0,311,False
resnet18,matrix,default,fp8_e4m3fn,mxfp8_e4m3,67.665833,67.708571,0.820728,0.854284,0.042738,-1.116842,1.166792,-0.8,0.381733,64,0.017738,-1.466628,1.517637,-0.4,0.766604,102,True
resnet18,matrix,default,fp8_e4m3fn,mxfp8_e4m3@cum5_act_maxabs,67.665833,67.730238,0.815126,0.849417,0.064405,-1.104646,1.196929,-0.6,0.538583,66,0.264405,-1.195033,1.753699,-0.1,1.0,101,False
resnet18,matrix,default,fp8_e4m3fn,posit6_es1,67.665833,59.59504,0.645455,0.675284,-8.070794,-9.93117,-6.274031,-8.2,0.0,156,,,,-18.7,0.0,229,True
resnet18,matrix,default,fp8_e4m3fn,posit8_es1,67.665833,69.633333,0.815562,0.852051,1.9675,0.775,3.208333,1.2,0.168643,64,7.014167,5.497479,8.563354,6.9,0.0,103,True
resnet18,matrix,default,fp8_e4m3fn,q1_6,67.665833,69.166667,0.803977,0.840908,1.500833,0.209146,2.791667,0.7,0.470369,69,9.714167,8.057479,11.388396,8.8,0.0,118,True
resnet18,matrix,default,fp8_e5m2,int5,61.177976,13.691179,0.445349,0.270299,-47.486797,-50.172813,-44.710414,-45.1,0.0,477,,,,-55.7,0.0,565,True
resnet18,matrix,default,fp8_e5m2,int6,61.177976,65.891667,0.710345,0.734859,4.71369,3.182125,6.29894,4.8,2.3e-05,126,,,,11.2,0.0,180,True
resnet18,matrix,default,fp8_e5m2,int8,61.177976,69.216667,0.651163,0.685761,8.03869,6.117902,9.982027,8.2,0.0,150,,,,24.1,0.0,251,True
resnet18,matrix,default,fp8_e5m2,log6,61.177976,54.542778,0.724696,0.728391,-6.635198,-8.346636,-4.894021,-6.0,0.0,136,,,,-9.4,0.0,180,True
resnet18,matrix,default,fp8_e5m2,log8,61.177976,68.085,0.687059,0.722146,6.907024,5.238548,8.626208,7.5,0.0,133,,,,15.5,0.0,197,True
resnet18,matrix,default,fp8_e5m2,mxfp6_e3m2,61.177976,51.613636,0.719057,0.721671,-9.56434,-11.370041,-7.768986,-8.3,0.0,143,,,,-12.0,0.0,190,True
resnet18,matrix,default,fp8_e5m2,mxfp6_e3m2@cum5_act_maxabs,61.177976,50.744042,0.712355,0.713985,-10.433935,-12.215653,-8.693269,-9.5,0.0,149,,,,-12.5,0.0,191,False
resnet18,matrix,default,fp8_e5m2,mxfp8_e4m3,61.177976,67.708571,0.718009,0.751636,6.530595,4.89142,8.171536,6.7,0.0,119,,,,14.4,0.0,178,True
resnet18,matrix,default,fp8_e5m2,mxfp8_e4m3@cum5_act_maxabs,61.177976,67.730238,0.71734,0.751903,6.552262,4.920813,8.18128,6.9,0.0,119,,,,14.7,0.0,181,False
resnet18,matrix,default,fp8_e5m2,posit6_es1,61.177976,59.59504,0.783482,0.797927,-1.582937,-2.909009,-0.246057,-0.7,0.54261,97,,,,-3.9,0.000913,133,True
resnet18,matrix,default,fp8_e5m2,posit8_es1,61.177976,69.633333,0.647196,0.684268,8.455357,6.616652,10.312045,8.7,0.0,151,,,,21.7,0.0,243,True
resnet18,matrix,default,fp8_e5m2,q1_6,61.177976,69.166667,0.655012,0.690167,7.98869,6.095214,9.894202,8.2,0.0,148,,,,23.6,0.0,248,True
resnet18,matrix,default,int5,int6,13.691179,65.891667,0.391153,0.240525,52.200487,49.344119,55.044417,49.9,0.0,523,,,,66.9,0.0,671,True
resnet18,matrix,default,int5,int8,13.691179,69.216667,0.348432,0.203751,55.525487,52.45619,58.479959,53.3,0.0,561,,,,79.8,0.0,800,True
resnet18,matrix,default,int5,log6,13.691179,54.542778,0.51688,0.322194,40.851599,38.177676,43.493737,39.1,0.0,415,,,,46.3,0.0,471,True
resnet18,matrix,default,int5,log8,13.691179,68.085,0.359721,0.220827,54.393821,51.541844,57.227631,52.6,0.0,550,,,,71.2,0.0,716,True
resnet18,matrix,default,int5,mxfp6_e3m2,13.691179,51.613636,0.549065,0.357478,37.922457,35.267697,40.522934,36.8,0.0,386,,,,43.7,0.0,443,True
resnet18,matrix,default,int5,mxfp6_e3m2@cum5_act_maxabs,13.691179,50.744042,0.563084,0.367422,37.052862,34.410828,39.589884,35.6,0.0,374,,,,43.2,0.0,444,False
resnet18,matrix,default,int5,mxfp8_e4m3,13.691179,67.708571,0.367442,0.220746,54.017392,51.15993,56.819791,51.8,0.0,544,,,,70.1,0.0,709,True
resnet18,matrix,default,int5,mxfp8_e4m3@cum5_act_maxabs,13.691179,67.730238,0.365116,0.219279,54.039059,51.171815,56.852492,52.0,0.0,546,,,,70.4,0.0,712,False
resnet18,matrix,default,int5,posit6_es1,13.691179,59.59504,0.45518,0.281236,45.90386,43.142441,48.557901,44.4,0.0,468,,,,51.8,0.0,534,True
resnet18,matrix,default,int5,posit8_es1,13.691179,69.633333,0.345751,0.212073,55.942154,53.001376,58.781642,53.8,0.0,562,,,,77.4,0.0,778,True
resnet18,matrix,default,int5,q1_6,13.691179,69.166667,0.35,0.209737,55.475487,52.472447,58.411691,53.3,0.0,559,,,,79.3,0.0,795,True
resnet18,matrix,default,int6,int8,65.891667,69.216667,0.774799,0.812972,3.325,1.833125,4.85,3.4,0.000266,84,,,,12.9,0.0,143,True
resnet18,matrix,default,int6,log6,65.891667,54.542778,0.650924,0.667296,-11.348889,-13.374276,-9.373246,-10.8,0.0,170,,,,-20.6,0.0,234,True
resnet18,matrix,default,int6,log8,65.891667,68.085,0.798387,0.833213,2.193333,0.895,3.471708,2.7,0.002444,75,,,,4.3,6.4e-05,113,True
resnet18,matrix,default,int6,mxfp6_e3m2,65.891667,51.613636,0.624754,0.635861,-14.27803,-16.396234,-12.216963,-13.1,0.0,191,,,,-23.2,0.0,268,True
resnet18,matrix,default,int6,mxfp6_e3m2@cum5_act_maxabs,65.891667,50.744042,0.61657,0.626264,-15.147625,-17.259932,-13.122731,-14.3,0.0,199,,,,-23.7,0.0,273,False
resnet18,matrix,default,int6,mxfp8_e4m3,65.891667,67.708571,0.800532,0.833345,1.816905,0.499946,3.116673,1.9,0.036955,75,,,,3.2,0.00244,106,True
resnet18,matrix,default,int6,mxfp8_e4m3@cum5_act_maxabs,65.891667,67.730238,0.795213,0.828811,1.838571,0.5445,3.134887,2.1,0.022033,77,,,,3.5,0.001151,111,False
resnet18,matrix,default,int6,posit6_es1,65.891667,59.59504,0.676339,0.696601,-6.296627,-7.98899,-4.636402,-5.5,6e-06,145,,,,-15.1,0.0,201,True
resnet18,matrix,default,int6,posit8_es1,65.891667,69.633333,0.775676,0.815371,3.741667,2.366667,5.191667,3.9,2.2e-05,83,,,,10.5,0.0,137,True
resnet18,matrix,default,int6,q1_6,65.891667,69.166667,0.77957,0.817495,3.275,1.833333,4.8,3.4,0.000222,82,,,,12.4,0.0,142,True
resnet18,matrix,default,int8,log6,69.216667,54.542778,0.565041,0.58322,-14.673889,-17.006433,-12.341741,-14.2,0.0,214,,,,-33.5,0.0,345,True
resnet18,matrix,default,int8,log8,69.216667,68.085,0.83526,0.868599,-1.131667,-2.36,0.093333,-0.7,0.427043,57,-9.525,-11.113333,-8.01,-8.6,0.0,102,True
resnet18,matrix,default,int8,mxfp6_e3m2,69.216667,51.613636,0.557957,0.5762,-17.60303,-20.030383,-15.216704,-16.5,0.0,225,,,,-36.1,0.0,373,True
resnet18,matrix,default,int8,mxfp6_e3m2@cum5_act_maxabs,69.216667,50.744042,0.554054,0.572475,-18.472625,-20.900117,-16.067676,-17.7,0.0,231,,,,-36.6,0.0,378,False
resnet18,matrix,default,int8,mxfp8_e4m3,69.216667,67.708571,0.82153,0.856139,-1.508095,-2.796435,-0.236625,-1.5,0.076926,63,-10.288095,-11.928333,-8.676429,-9.7,0.0,119,True
resnet18,matrix,default,int8,mxfp8_e4m3@cum5_act_maxabs,69.216667,67.730238,0.831429,0.864954,-1.486429,-2.753095,-0.233089,-1.3,0.117477,59,-10.041429,-11.645607,-8.457815,-9.4,0.0,116,False
resnet18,matrix,default,int8,posit6_es1,69.216667,59.59504,0.604027,0.630171,-9.621627,-11.770088,-7.512113,-8.9,0.0,177,,,,-28.0,0.0,290,True
resnet18,matrix,default,int8,posit8_es1,69.216667,69.633333,0.94081,0.955771,0.416667,-0.433333,1.23375,0.5,0.359283,19,-3.291667,-4.383333,-2.225,-2.4,0.000536,46,True
resnet18,matrix,default,int8,q1_6,69.216667,69.166667,0.950311,0.96286,-0.05,-0.683333,0.55,0.0,1.0,16,-0.591667,-1.466667,0.241667,-0.5,0.458258,29,True
resnet18,matrix,default,log6,log8,54.542778,68.085,0.602062,0.626273,13.542222,11.451981,15.731243,13.5,0.0,193,,,,24.9,0.0,271,True
resnet18,matrix,default,log6,mxfp6_e3m2,54.542778,51.613636,0.791188,0.782025,-2.929142,-4.452993,-1.363227,-2.3,0.034615,109,,,,-2.6,0.034236,140,True
resnet18,matrix,default,log6,mxfp6_e3m2@cum5_act_maxabs,54.542778,50.744042,0.776735,0.763501,-3.798736,-5.396832,-2.256366,-3.5,0.001711,119,,,,-3.1,0.011257,141,False
resnet18,matrix,default,log6,mxfp8_e4m3,54.542778,67.708571,0.608607,0.628066,13.165794,11.0315,15.270851,12.7,0.0,191,,,,23.8,0.0,270,True
resnet18,matrix,default,log6,mxfp8_e4m3@cum5_act_maxabs,54.542778,67.730238,0.611111,0.63295,13.18746,11.089017,15.28394,12.9,0.0,189,,,,24.1,0.0,273,False
resnet18,matrix,default,log6,posit6_es1,54.542778,59.59504,0.745935,0.750032,5.052262,3.337308,6.725481,5.3,2e-06,125,,,,5.5,9e-06,151,True
resnet18,matrix,default,log6,posit8_es1,54.542778,69.633333,0.574074,0.600041,15.090556,12.83169,17.362529,14.7,0.0,207,,,,31.1,0.0,325,True
resnet18,matrix,default,log6,q1_6,54.542778,69.166667,0.568228,0.587546,14.623889,12.30225,16.927543,14.2,0.0,212,,,,33.0,0.0,338,True
resnet18,matrix,default,log8,mxfp6_e3m2,68.085,51.613636,0.577909,0.597026,-16.471364,-18.700465,-14.257672,-15.8,0.0,214,,,,-27.5,0.0,313,True
resnet18,matrix,default,log8,mxfp6_e3m2@cum5_act_maxabs,68.085,50.744042,0.576699,0.59723,-17.340958,-19.581494,-15.189508,-17.0,0.0,218,,,,-28.0,0.0,312,False
resnet18,matrix,default,log8,mxfp8_e4m3,68.085,67.708571,0.857143,0.886196,-0.376429,-1.437399,0.71194,-0.8,0.322236,50,-0.763095,-2.058113,0.560149,-1.1,0.254305,77,True
resnet18,matrix,default,log8,mxfp8_e4m3@cum5_act_maxabs,68.085,67.730238,0.856734,0.885945,-0.354762,-1.405018,0.718577,-0.6,0.479888,50,-0.516429,-1.811685,0.79644,-0.8,0.428207,78,False
resnet18,matrix,default,log8,posit6_es1,68.085,59.59504,0.645455,0.675284,-8.48996,-10.363711,-6.659958,-8.2,0.0,156,,,,-19.4,0.0,228,True
resnet18,matrix,default,log8,posit8_es1,68.085,69.633333,0.852941,0.8845,1.548333,0.474958,2.645,1.2,0.11892,50,6.233333,4.825,7.698375,6.2,0.0,90,True
resnet18,matrix,default,log8,q1_6,68.085,69.166667,0.824713,0.859368,1.081667,-0.103375,2.276667,0.7,0.442626,61,8.933333,7.393333,10.493375,8.1,0.0,109,True
resnet18,matrix,default,mxfp6_e3m2,mxfp6_e3m2@cum5_act_maxabs,51.613636,50.744042,0.876209,0.872155,-0.869595,-2.016347,0.273469,-1.2,0.168643,64,,,,-0.5,0.648791,77,False
resnet18,matrix,default,mxfp6_e3m2,mxfp8_e4m3,51.613636,67.708571,0.590551,0.606725,16.094935,13.917298,18.337754,15.0,0.0,208,,,,26.4,0.0,300,True
resnet18,matrix,default,mxfp6_e3m2,mxfp8_e4m3@cum5_act_maxabs,51.613636,67.730238,0.592885,0.61176,16.116602,13.923548,18.342441,15.2,0.0,206,,,,26.7,0.0,301,False
resnet18,matrix,default,mxfp6_e3m2,posit6_es1,51.613636,59.59504,0.712621,0.709955,7.981404,6.261537,9.705965,7.6,0.0,148,,,,8.1,0.0,181,True
resnet18,matrix,default,mxfp6_e3m2,posit8_es1,51.613636,69.633333,0.560396,0.584781,18.019697,15.68504,20.378285,17.0,0.0,222,,,,33.7,0.0,353,True
resnet18,matrix,default,mxfp6_e3m2,q1_6,51.613636,69.166667,0.557957,0.5762,17.55303,15.185639,19.982082,16.5,0.0,225,,,,35.6,0.0,370,True
resnet18,matrix,default,mxfp6_e3m2@cum5_act_maxabs,mxfp8_e4m3,50.744042,67.708571,0.595331,0.615024,16.96453,14.84081,19.176327,16.2,0.0,208,,,,26.9,0.0,299,False
resnet18,matrix,default,mxfp6_e3m2@cum5_act_maxabs,mxfp8_e4m3@cum5_act_maxabs,50.744042,67.730238,0.597656,0.620171,16.986197,14.873207,19.188409,16.4,0.0,206,,,,27.2,0.0,300,False
resnet18,matrix,default,mxfp6_e3m2@cum5_act_maxabs,posit6_es1,50.744042,59.59504,0.719231,0.718268,8.850998,7.140058,10.594306,8.8,0.0,146,,,,8.6,0.0,176,False
resnet18,matrix,default,mxfp6_e3m2@cum5_act_maxabs,posit8_es1,50.744042,69.633333,0.55642,0.581295,18.889292,16.616251,21.276756,18.2,0.0,228,,,,34.2,0.0,360,False
resnet18,matrix,default,mxfp6_e3m2@cum5_act_maxabs,q1_6,50.744042,69.166667,0.554054,0.572475,18.422625,16.066719,20.844666,17.7,0.0,231,,,,36.1,0.0,375,False
resnet18,matrix,default,mxfp8_e4m3,mxfp8_e4m3@cum5_act_maxabs,67.708571,67.730238,0.981873,0.9864,0.021667,-0.250042,0.296667,0.2,0.6875,6,0.246667,-0.12,0.633375,0.3,0.548828,11,False
resnet18,matrix,default,mxfp8_e4m3,posit6_es1,67.708571,59.59504,0.644944,0.670016,-8.113532,-9.987438,-6.264247,-7.4,0.0,158,,,,-18.3,0.0,215,True
resnet18,matrix,default,mxfp8_e4m3,posit8_es1,67.708571,69.633333,0.833333,0.867487,1.924762,0.823054,3.080744,2.0,0.011928,58,6.996429,5.504994,8.578345,7.3,0.0,107,True
resnet18,matrix,default,mxfp8_e4m3,q1_6,67.708571,69.166667,0.816384,0.851553,1.458095,0.230107,2.694131,1.5,0.081682,65,9.696429,8.092333,11.306196,9.2,0.0,122,True
resnet18,matrix,default,mxfp8_e4m3@cum5_act_maxabs,posit6_es1,67.730238,59.59504,0.647856,0.674565,-8.135198,-9.988283,-6.299122,-7.6,0.0,156,,,,-18.6,0.0,214,False
resnet18,matrix,default,mxfp8_e4m3@cum5_act_maxabs,posit8_es1,67.730238,69.633333,0.83815,0.871693,1.903095,0.795417,3.038815,1.8,0.022241,56,6.749762,5.257381,8.305756,7.0,0.0,106,False
resnet18,matrix,default,mxfp8_e4m3@cum5_act_maxabs,q1_6,67.730238,69.166667,0.821023,0.855768,1.436429,0.203768,2.669768,1.3,0.129918,63,9.449762,7.840708,11.064065,8.9,0.0,121,False
resnet18,matrix,default,posit6_es1,posit8_es1,59.59504,69.633333,0.607223,0.637424,10.038294,8.021295,12.06477,9.4,0.0,174,,,,25.6,0.0,272,True
resnet18,matrix,default,posit6_es1,q1_6,59.59504,69.166667,0.614865,0.643349,9.571627,7.507975,11.657437,8.9,0.0,171,,,,27.5,0.0,283,True
resnet18,matrix,default,posit8_es1,q1_6,69.633333,69.166667,0.92284,0.941782,-0.466667,-1.316667,0.366667,-0.5,0.424356,25,2.7,1.5,3.908333,1.9,0.018337,59,True
resnet18,matrix,minimal,bfp6,bfp6@cum1_fused,69.045,68.816667,0.907692,0.930042,-0.228333,-1.06675,0.595042,-0.8,0.200488,30,0.271667,-0.775083,1.343375,-1.1,0.16078,51,False
resnet18,matrix,minimal,bfp6,fp4_e2m1,69.045,19.226602,0.355422,0.250164,-49.818398,-52.645734,-46.942217,-51.3,0.0,535,,,,-70.6,0.0,718,True
resnet18,matrix,minimal,bfp6,fp5_e2m2,69.045,56.879091,0.571429,0.596441,-12.165909,-14.337678,-10.044341,-12.5,0.0,201,,,,-24.3,0.0,287,True
resnet18,matrix,minimal,bfp6,fp6_e2m3,69.045,68.000952,0.766667,0.807705,-1.044048,-2.508857,0.416815,-2.4,0.011634,84,-5.102381,-6.87381,-3.302363,-5.8,0.0,132,True
resnet18,matrix,minimal,bfp6,fp6_e3m2,69.045,62.910754,0.699752,0.742626,-6.134246,-7.827827,-4.448685,-7.3,0.0,121,,,,-15.2,0.0,198,True
resnet18,matrix,minimal,bfp6,fp7_e3m3,69.045,68.415,0.832845,0.867769,-0.63,-1.890042,0.626667,-1.3,0.111161,57,-2.871667,-4.451667,-1.269917,-3.2,0.001111,92,True
resnet18,matrix,minimal,bfp6,fp8_e4m3fn,69.045,68.62,0.830861,0.866466,-0.425,-1.653375,0.766708,-0.5,0.596642,57,,,,-1.9,0.064213,95,True
resnet18,matrix,minimal,bfp6,fp8_e5m2,69.045,62.968019,0.687042,0.729476,-6.076981,-7.783453,-4.392028,-7.8,0.0,128,,,,-14.0,0.0,192,True
resnet18,matrix,minimal,bfp6,int4,69.045,17.139623,0.345281,0.215087,-51.905377,-54.682348,-49.113255,-51.4,0.0,548,,,,-71.2,0.0,722,True
resnet18,matrix,minimal,bfp6,int5,69.045,52.180837,0.541016,0.561061,-16.864163,-19.214299,-14.544665,-17.7,0.0,235,,,,-27.7,0.0,333,True
resnet18,matrix,minimal,bfp6,int6,69.045,65.831667,0.71504,0.757086,-3.213333,-4.906708,-1.60325,-3.8,0.000326,108,-7.033333,-9.011667,-5.036667,-8.2,0.0,158,True
resnet18,matrix,minimal,bfp6,int8,69.045,69.72,0.848943,0.882278,0.675,-0.591667,1.911667,0.0,1.0,50,6.013333,4.408292,7.715042,5.7,0.0,95,True
resnet18,matrix,minimal,bfp6,log4,69.045,15.087395,0.341743,0.212804,-53.957605,-56.804383,-51.066908,-55.8,0.0,574,,,,-74.8,0.0,752,True
resnet18,matrix,minimal,bfp6,log6,69.045,61.49996,0.668269,0.709263,-7.54504,-9.432469,-5.691224,-8.2,0.0,138,,,,-17.0,0.0,212,True
resnet18,matrix,minimal,bfp6,log8,69.045,68.356667,0.819242,0.855941,-0.688333,-1.871667,0.466667,-1.2,0.161881,62,-1.563333,-3.101708,-0.03,-2.2,0.040872,106,True
resnet18,matrix,minimal,bfp6,mxfp4_e2m1,69.045,40.012558,0.462783,0.455915,-29.032442,-31.597874,-26.390708,-29.2,0.0,332,,,,-45.6,0.0,476,True
resnet18,matrix,minimal,bfp6,mxfp4_e2m1@cum1_fused,69.045,41.614434,0.453659,0.436791,-27.430566,-30.067579,-24.78501,-28.2,0.0,336,,,,-45.9,0.0,475,False
resnet18,matrix,minimal,bfp6,mxfp6_e3m2,69.045,64.377857,0.705882,0.747899,-4.667143,-6.240565,-3.089429,-5.5,0.0,115,,,,-13.6,0.0,178,True
resnet18,matrix,minimal,bfp6,mxfp6_e3m2@cum1_fused,69.045,64.464087,0.69821,0.739845,-4.580913,-6.197717,-2.970682,-5.2,2e-06,118,,,,-14.8,0.0,184,False
resnet18,matrix,minimal,bfp6,mxfp8_e4m3,69.045,68.711667,0.818182,0.855233,-0.333333,-1.505042,0.811667,-0.8,0.374152,62,-0.510714,-1.989071,0.955,-0.7,0.54261,97,True
resnet18,matrix,minimal,bfp6,mxfp8_e4m3@cum1_fused,69.045,68.711667,0.818182,0.855233,-0.333333,-1.505042,0.811667,-0.8,0.374152,62,-0.510714,-1.989071,0.955,-0.7,0.54261,97,False
resnet18,matrix,minimal,bfp6,nf4,69.045,34.419994,0.423529,0.391897,-34.625006,-37.203861,-32.019596,-35.6,0.0,392,,,,-50.9,0.0,537,True
resnet18,matrix,minimal,bfp6,posit4_es0,69.045,24.017819,0.361538,0.255978,-45.027181,-47.748536,-42.205574,-45.0,0.0,498,,,,-64.1,0.0,653,True
resnet18,matrix,minimal,bfp6,q1_6,69.045,69.72,0.848943,0.882278,0.675,-0.591667,1.911667,0.0,1.0,50,6.013333,4.408292,7.715042,5.7,0.0,95,True
resnet18,matrix,minimal,bfp6@cum1_fused,fp4_e2m1,68.816667,19.226602,0.361779,0.245303,-49.590065,-52.450719,-46.744438,-50.5,0.0,531,,,,-69.5,0.0,711,False
resnet18,matrix,minimal,bfp6@cum1_fused,fp5_e2m2,68.816667,56.879091,0.561845,0.577216,-11.937576,-14.141999,-9.788672,-11.7,0.0,209,,,,-23.2,0.0,290,False
resnet18,matrix,minimal,bfp6@cum1_fused,fp6_e2m3,68.816667,68.000952,0.754768,0.79447,-0.815714,-2.291667,0.648339,-1.6,0.113344,90,-5.374048,-7.17744,-3.59069,-4.7,7.3e-05,137,False
resnet18,matrix,minimal,bfp6@cum1_fused,fp6_e3m2,68.816667,62.910754,0.694377,0.732784,-5.905913,-7.608064,-4.194354,-6.5,0.0,125,,,,-14.1,0.0,207,False
resnet18,matrix,minimal,bfp6@cum1_fused,fp7_e3m3,68.816667,68.415,0.824207,0.859072,-0.401667,-1.706667,0.881708,-0.5,0.608921,61,-3.143333,-4.775,-1.514958,-2.1,0.050442,105,False
resnet18,matrix,minimal,bfp6@cum1_fused,fp8_e4m3fn,68.816667,68.62,0.822157,0.858059,-0.196667,-1.508458,1.095042,0.3,0.798153,61,,,,-0.8,0.496754,106,False
resnet18,matrix,minimal,bfp6@cum1_fused,fp8_e5m2,68.816667,62.968019,0.68599,0.723991,-5.848647,-7.514294,-4.204472,-7.0,0.0,130,,,,-12.9,0.0,195,False
resnet18,matrix,minimal,bfp6@cum1_fused,int4,68.816667,17.139623,0.35,0.204815,-51.677044,-54.491278,-48.835264,-50.6,0.0,546,,,,-70.1,0.0,715,False
resnet18,matrix,minimal,bfp6@cum1_fused,int5,68.816667,52.180837,0.547573,0.561986,-16.63583,-18.919791,-14.376998,-16.9,0.0,233,,,,-26.6,0.0,336,False
resnet18,matrix,minimal,bfp6@cum1_fused,int6,68.816667,65.831667,0.727034,0.766457,-2.985,-4.655042,-1.401625,-3.0,0.004233,104,-7.305,-9.235042,-5.378292,-7.1,0.0,149,False
resnet18,matrix,minimal,bfp6@cum1_fused,int8,68.816667,69.72,0.83432,0.869259,0.903333,-0.318333,2.135042,0.8,0.349682,56,5.741667,4.129958,7.363375,6.8,0.0,106,False
resnet18,matrix,minimal,bfp6@cum1_fused,log4,68.816667,15.087395,0.34937,0.21185,-53.729272,-56.600592,-50.824585,-55.0,0.0,568,,,,-73.7,0.0,743,False
resnet18,matrix,minimal,bfp6@cum1_fused,log6,68.816667,61.49996,0.65566,0.690516,-7.316706,-9.190918,-5.425037,-7.4,0.0,146,,,,-15.9,0.0,221,False
resnet18,matrix,minimal,bfp6@cum1_fused,log8,68.816667,68.356667,0.82659,0.861243,-0.46,-1.63,0.698375,-0.4,0.698883,60,-1.835,-3.335,-0.318208,-1.1,0.329137,105,False
resnet18,matrix,minimal,bfp6@cum1_fused,mxfp4_e2m1,68.816667,40.012558,0.463884,0.444846,-28.804109,-31.385881,-26.182247,-28.4,0.0,334,,,,-44.5,0.0,467,False
resnet18,matrix,minimal,bfp6@cum1_fused,mxfp4_e2m1@cum1_fused,68.816667,41.614434,0.450161,0.417483,-27.202233,-29.852494,-24.589143,-27.4,0.0,342,,,,-44.8,0.0,478,False
resnet18,matrix,minimal,bfp6@cum1_fused,mxfp6_e3m2,68.816667,64.377857,0.708861,0.747591,-4.43881,-6.07967,-2.808682,-4.7,1.4e-05,115,,,,-12.5,0.0,177,False
resnet18,matrix,minimal,bfp6@cum1_fused,mxfp6_e3m2@cum1_fused,68.816667,64.464087,0.701266,0.739711,-4.352579,-6.013725,-2.71514,-4.4,6.3e-05,118,,,,-13.7,0.0,181,False
resnet18,matrix,minimal,bfp6@cum1_fused,mxfp8_e4m3,68.816667,68.711667,0.815029,0.851442,-0.105,-1.28,1.058333,0.0,1.0,64,-0.782381,-2.349071,0.740298,0.4,0.770919,106,False
resnet18,matrix,minimal,bfp6@cum1_fused,mxfp8_e4m3@cum1_fused,68.816667,68.711667,0.815029,0.851442,-0.105,-1.28,1.058333,0.0,1.0,64,-0.782381,-2.349071,0.740298,0.4,0.770919,106,False
resnet18,matrix,minimal,bfp6@cum1_fused,nf4,68.816667,34.419994,0.42899,0.387774,-34.396673,-36.986791,-31.778205,-34.8,0.0,390,,,,-49.8,0.0,534,False
resnet18,matrix,minimal,bfp6@cum1_fused,posit4_es0,68.816667,24.017819,0.373556,0.268975,-44.798847,-47.530545,-41.972194,-44.2,0.0,488,,,,-63.0,0.0,646,False
resnet18,matrix,minimal,bfp6@cum1_fused,q1_6,68.816667,69.72,0.83432,0.869259,0.903333,-0.318333,2.135042,0.8,0.349682,56,5.741667,4.129958,7.363375,6.8,0.0,106,False
resnet18,matrix,minimal,fp4_e2m1,fp5_e2m2,19.226602,56.879091,0.488095,0.299008,37.652489,34.981009,40.246382,38.8,0.0,430,,,,46.3,0.0,507,True
resnet18,matrix,minimal,fp4_e2m1,fp6_e2m3,19.226602,68.000952,0.379352,0.252595,48.774351,45.975145,51.525814,48.9,0.0,517,,,,64.8,0.0,670,True
resnet18,matrix,minimal,fp4_e2m1,fp6_e3m2,19.226602,62.910754,0.434731,0.281599,43.684152,41.018116,46.316708,44.0,0.0,472,,,,55.4,0.0,576,True
resnet18,matrix,minimal,fp4_e2m1,fp7_e3m3,19.226602,68.415,0.369434,0.25488,49.188398,46.417412,51.900447,50.0,0.0,524,,,,67.4,0.0,682,True
resnet18,matrix,minimal,fp4_e2m1,fp8_e4m3fn,19.226602,68.62,0.361446,0.254121,49.393398,46.606808,52.098309,50.8,0.0,530,,,,68.7,0.0,701,True
resnet18,matrix,minimal,fp4_e2m1,fp8_e5m2,19.226602,62.968019,0.449398,0.312427,43.741418,41.119892,46.342182,43.5,0.0,457,,,,56.6,0.0,582,True
resnet18,matrix,minimal,fp4_e2m1,int4,19.226602,17.139623,0.785403,0.334101,-2.086979,-4.057895,-0.126441,-0.1,1.0,197,,,,-0.6,0.728919,208,True
resnet18,matrix,minimal,fp4_e2m1,int5,19.226602,52.180837,0.546318,0.334843,32.954235,30.290551,35.574578,33.6,0.0,382,,,,42.9,0.0,481,True
resnet18,matrix,minimal,fp4_e2m1,int6,19.226602,65.831667,0.392814,0.252948,46.605065,43.757084,49.392136,47.5,0.0,507,,,,62.4,0.0,650,True
resnet18,matrix,minimal,fp4_e2m1,int8,19.226602,69.72,0.348921,0.227619,50.493398,47.57589,53.368624,51.3,0.0,543,,,,76.3,0.0,773,True
resnet18,matrix,minimal,fp4_e2m1,log4,19.226602,15.087395,0.794243,0.283255,-4.139207,-6.278968,-2.038449,-4.5,0.001474,193,,,,-4.2,0.003987,204,True
resnet18,matrix,minimal,fp4_e2m1,log6,19.226602,61.49996,0.450721,0.305025,42.273359,39.623362,44.850088,43.1,0.0,457,,,,53.6,0.0,562,True
resnet18,matrix,minimal,fp4_e2m1,log8,19.226602,68.356667,0.366587,0.248507,49.130065,46.337597,51.840578,50.1,0.0,527,,,,68.4,0.0,700,True
resnet18,matrix,minimal,fp4_e2m1,mxfp4_e2m1,19.226602,40.012558,0.643852,0.345586,20.785956,18.419186,23.128554,22.1,0.0,307,,,,25.0,0.0,348,True
resnet18,matrix,minimal,fp4_e2m1,mxfp4_e2m1@cum1_fused,19.226602,41.614434,0.637951,0.350536,22.387832,19.960226,24.787108,23.1,0.0,311,,,,24.7,0.0,337,False
resnet18,matrix,minimal,fp4_e2m1,mxfp6_e3m2,19.226602,64.377857,0.414868,0.27223,45.151256,42.51862,47.756784,45.8,0.0,488,,,,57.0,0.0,596,True
resnet18,matrix,minimal,fp4_e2m1,mxfp6_e3m2@cum1_fused,19.226602,64.464087,0.416366,0.28604,45.237486,42.60258,47.830112,46.1,0.0,485,,,,55.8,0.0,586,False
resnet18,matrix,minimal,fp4_e2m1,mxfp8_e4m3,19.226602,68.711667,0.361779,0.245303,49.485065,46.712593,52.211772,50.5,0.0,531,,,,69.9,0.0,707,True
resnet18,matrix,minimal,fp4_e2m1,mxfp8_e4m3@cum1_fused,19.226602,68.711667,0.361779,0.245303,49.485065,46.712593,52.211772,50.5,0.0,531,,,,69.9,0.0,707,False
resnet18,matrix,minimal,fp4_e2m1,nf4,19.226602,34.419994,0.698394,0.366903,15.193392,12.881079,17.496783,15.7,0.0,263,,,,19.7,0.0,325,True
resnet18,matrix,minimal,fp4_e2m1,posit4_es0,19.226602,24.017819,0.742257,0.313469,4.791218,2.646271,6.957655,6.3,4.4e-05,233,,,,6.5,3.7e-05,243,True
resnet18,matrix,minimal,fp4_e2m1,q1_6,19.226602,69.72,0.348921,0.227619,50.493398,47.57589,53.368624,51.3,0.0,543,,,,76.3,0.0,773,True
resnet18,matrix,minimal,fp5_e2m2,fp6_e2m3,56.879091,68.000952,0.619149,0.63889,11.121861,9.188028,13.078073,10.1,0.0,179,,,,18.5,0.0,235,True
resnet18,matrix,minimal,fp5_e2m2,fp6_e3m2,56.879091,62.910754,0.656442,0.6562,6.031663,4.213869,7.84608,5.2,7.4e-05,168,,,,9.1,0.0,217,True
resnet18,matrix,minimal,fp5_e2m2,fp7_e3m3,56.879091,68.415,0.585624,0.604428,11.535909,9.569262,13.56063,11.2,0.0,196,,,,21.1,0.0,255,True
resnet18,matrix,minimal,fp5_e2m2,fp8_e4m3fn,56.879091,68.62,0.592275,0.619268,11.740909,9.715311,13.768136,12.0,0.0,190,,,,22.4,0.0,262,True
resnet18,matrix,minimal,fp5_e2m2,fp8_e5m2,56.879091,62.968019,0.653144,0.649759,6.088929,4.131381,8.080686,4.7,0.000404,171,,,,10.3,0.0,225,True
resnet18,matrix,minimal,fp5_e2m2,int4,56.879091,17.139623,0.478723,0.271109,-39.739468,-42.401948,-37.129186,-38.9,0.0,441,,,,-46.9,0.0,507,True
resnet18,matrix,minimal,fp5_e2m2,int5,56.879091,52.180837,0.655797,0.621611,-4.698254,-6.764381,-2.623018,-5.2,0.000198,190,,,,-3.4,0.036667,250,True
resnet18,matrix,minimal,fp5_e2m2,int6,56.879091,65.831667,0.635021,0.649255,8.952576,6.967787,10.961564,8.7,0.0,173,,,,16.1,0.0,231,True
resnet18,matrix,minimal,fp5_e2m2,int8,56.879091,69.72,0.571429,0.596441,12.840909,10.643864,15.063096,12.5,0.0,201,,,,30.0,0.0,314,True
resnet18,matrix,minimal,fp5_e2m2,log4,56.879091,15.087395,0.461625,0.2157,-41.791696,-44.525906,-39.060742,-43.3,0.0,477,,,,-50.5,0.0,547,True
resnet18,matrix,minimal,fp5_e2m2,log6,56.879091,61.49996,0.668024,0.66623,4.620869,2.729838,6.536183,4.3,0.000944,163,,,,7.3,1e-06,225,True
resnet18,matrix,minimal,fp5_e2m2,log8,56.879091,68.356667,0.586864,0.606803,11.477576,9.445936,13.507687,11.3,0.0,195,,,,22.1,0.0,269,True
resnet18,matrix,minimal,fp5_e2m2,mxfp4_e2m1,56.879091,40.012558,0.597826,0.524132,-16.866533,-19.26318,-14.472853,-16.7,0.0,259,,,,-21.3,0.0,327,True
resnet18,matrix,minimal,fp5_e2m2,mxfp4_e2m1@cum1_fused,56.879091,41.614434,0.584759,0.502874,-15.264657,-17.656274,-12.852867,-15.7,0.0,267,,,,-21.6,0.0,326,False
resnet18,matrix,minimal,fp5_e2m2,mxfp6_e3m2,56.879091,64.377857,0.639752,0.644989,7.498766,5.656631,9.352094,7.0,0.0,174,,,,10.7,0.0,221,True
resnet18,matrix,minimal,fp5_e2m2,mxfp6_e3m2@cum1_fused,56.879091,64.464087,0.630165,0.634768,7.584996,5.76679,9.429141,7.3,0.0,179,,,,9.5,0.0,227,False
resnet18,matrix,minimal,fp5_e2m2,mxfp8_e4m3,56.879091,68.711667,0.575053,0.594619,11.832576,9.747724,13.922027,11.7,0.0,201,,,,23.6,0.0,292,True
resnet18,matrix,minimal,fp5_e2m2,mxfp8_e4m3@cum1_fused,56.879091,68.711667,0.575053,0.594619,11.832576,9.747724,13.922027,11.7,0.0,201,,,,23.6,0.0,292,False
resnet18,matrix,minimal,fp5_e2m2,nf4,56.879091,34.419994,0.586357,0.506627,-22.459097,-24.747097,-20.165784,-23.1,0.0,285,,,,-26.6,0.0,344,True
resnet18,matrix,minimal,fp5_e2m2,posit4_es0,56.879091,24.017819,0.491206,0.306378,-32.861272,-35.466097,-30.243658,-32.5,0.0,405,,,,-39.8,0.0,466,True
resnet18,matrix,minimal,fp5_e2m2,q1_6,56.879091,69.72,0.571429,0.596441,12.840909,10.643864,15.063096,12.5,0.0,201,,,,30.0,0.0,314,True
resnet18,matrix,minimal,fp6_e2m3,fp6_e3m2,68.000952,62.910754,0.71256,0.744921,-5.090198,-6.726804,-3.490401,-4.9,8e-06,119,,,,-9.4,0.0,170,True
resnet18,matrix,minimal,fp6_e2m3,fp7_e3m3,68.000952,68.415,0.787879,0.824645,0.414048,-0.815256,1.639768,1.1,0.254305,77,2.230714,0.657339,3.815083,2.6,0.017766,112,True
resnet18,matrix,minimal,fp6_e2m3,fp8_e4m3fn,68.000952,68.62,0.775623,0.814884,0.619048,-0.677637,1.881667,1.9,0.044829,81,,,,3.9,0.000351,115,True
resnet18,matrix,minimal,fp6_e2m3,fp8_e5m2,68.000952,62.968019,0.687943,0.718347,-5.032933,-6.736399,-3.368278,-5.4,3e-06,132,,,,-8.2,0.0,178,True
resnet18,matrix,minimal,fp6_e2m3,int4,68.000952,17.139623,0.370679,0.223637,-50.86133,-53.602483,-48.12284,-49.0,0.0,528,,,,-65.4,0.0,666,True
resnet18,matrix,minimal,fp6_e2m3,int5,68.000952,52.180837,0.566474,0.572881,-15.820115,-18.075763,-13.591484,-15.3,0.0,225,,,,-21.9,0.0,293,True
resnet18,matrix,minimal,fp6_e2m3,int6,68.000952,65.831667,0.728205,0.763217,-2.169286,-3.768357,-0.663333,-1.4,0.206498,106,-1.930952,-3.893357,-0.034982,-2.4,0.066943,158,True
resnet18,matrix,minimal,fp6_e2m3,int8,68.000952,69.72,0.79661,0.835395,1.719048,0.333244,3.108393,2.4,0.00631,72,11.115714,9.37306,12.918179,11.5,0.0,131,True
resnet18,matrix,minimal,fp6_e2m3,log4,68.000952,15.087395,0.366133,0.216399,-52.913557,-55.691351,-50.077932,-53.4,0.0,554,,,,-69.0,0.0,700,True
resnet18,matrix,minimal,fp6_e2m3,log6,68.000952,61.49996,0.658199,0.68502,-6.500992,-8.444766,-4.660546,-5.8,2e-06,148,,,,-11.2,0.0,204,True
resnet18,matrix,minimal,fp6_e2m3,log8,68.000952,68.356667,0.78022,0.817708,0.355714,-0.953357,1.645905,1.2,0.218518,80,3.539048,1.904738,5.147381,3.6,0.001709,126,True
resnet18,matrix,minimal,fp6_e2m3,mxfp4_e2m1,68.000952,40.012558,0.489567,0.466978,-27.988395,-30.527061,-25.416629,-26.8,0.0,318,,,,-39.8,0.0,426,True
resnet18,matrix,minimal,fp6_e2m3,mxfp4_e2m1@cum1_fused,68.000952,41.614434,0.473515,0.436232,-26.386519,-29.007824,-23.810972,-25.8,0.0,328,,,,-40.1,0.0,431,False
resnet18,matrix,minimal,fp6_e2m3,mxfp6_e3m2,68.000952,64.377857,0.710396,0.743318,-3.623095,-5.240598,-2.070946,-3.1,0.005319,117,,,,-7.8,0.0,164,True
resnet18,matrix,minimal,fp6_e2m3,mxfp6_e3m2@cum1_fused,68.000952,64.464087,0.698765,0.731327,-3.536865,-5.171041,-1.957335,-2.8,0.01417,122,,,,-9.0,0.0,168,False
resnet18,matrix,minimal,fp6_e2m3,mxfp8_e4m3,68.000952,68.711667,0.779006,0.817382,0.710714,-0.581923,1.997405,1.6,0.092912,80,4.591667,2.885,6.272869,5.1,1.6e-05,137,True
resnet18,matrix,minimal,fp6_e2m3,mxfp8_e4m3@cum1_fused,68.000952,68.711667,0.779006,0.817382,0.710714,-0.581923,1.997405,1.6,0.092912,80,4.591667,2.885,6.272869,5.1,1.6e-05,137,False
resnet18,matrix,minimal,fp6_e2m3,nf4,68.000952,34.419994,0.458824,0.420548,-33.580958,-36.116682,-31.059579,-33.2,0.0,368,,,,-45.1,0.0,489,True
resnet18,matrix,minimal,fp6_e2m3,posit4_es0,68.000952,24.017819,0.394095,0.284819,-43.983133,-46.744372,-41.206136,-42.6,0.0,472,,,,-58.3,0.0,601,True
resnet18,matrix,minimal,fp6_e2m3,q1_6,68.000952,69.72,0.79661,0.835395,1.719048,0.333244,3.108393,2.4,0.00631,72,11.115714,9.37306,12.918179,11.5,0.0,131,True
resnet18,matrix,minimal,fp6_e3m2,fp7_e3m3,62.910754,68.415,0.702439,0.738992,5.504246,3.951046,7.04636,6.0,0.0,122,,,,12.0,0.0,174,True
resnet18,matrix,minimal,fp6_e3m2,fp8_e4m3fn,62.910754,68.62,0.712159,0.753127,5.709246,4.134956,7.292473,6.8,0.0,116,,,,13.3,0.0,171,True
resnet18,matrix,minimal,fp6_e3m2,fp8_e5m2,62.910754,62.968019,0.770302,0.790267,0.057266,-1.436861,1.548782,-0.5,0.687885,99,,,,1.2,0.33838,132,True
resnet18,matrix,minimal,fp6_e3m2,int4,62.910754,17.139623,0.420616,0.237252,-45.771131,-48.390536,-43.161657,-44.1,0.0,489,,,,-56.0,0.0,588,True
resnet18,matrix,minimal,fp6_e3m2,int5,62.910754,52.180837,0.599258,0.577254,-10.729917,-12.884212,-8.594701,-10.4,0.0,216,,,,-12.5,0.0,291,True
resnet18,matrix,minimal,fp6_e3m2,int6,62.910754,65.831667,0.654462,0.675274,2.920913,1.034615,4.780324,3.5,0.005482,151,,,,7.0,3e-06,220,True
resnet18,matrix,minimal,fp6_e3m2,int8,62.910754,69.72,0.674817,0.715788,6.809246,5.002798,8.6295,7.3,0.0,133,,,,20.9,0.0,233,True
resnet18,matrix,minimal,fp6_e3m2,log4,62.910754,15.087395,0.415718,0.225761,-47.823359,-50.527907,-45.078136,-48.5,0.0,513,,,,-59.6,0.0,614,True
resnet18,matrix,minimal,fp6_e3m2,log6,62.910754,61.49996,0.723596,0.740035,-1.410794,-3.054377,0.259433,-0.9,0.470851,123,,,,-1.8,0.197338,174,True
resnet18,matrix,minimal,fp6_e3m2,log8,62.910754,68.356667,0.712531,0.75014,5.445913,3.837017,7.068433,6.1,0.0,117,,,,13.0,0.0,188,True
resnet18,matrix,minimal,fp6_e3m2,mxfp4_e2m1,62.910754,40.012558,0.560703,0.522811,-22.898196,-25.203303,-20.578506,-21.9,0.0,275,,,,-30.4,0.0,348,True
resnet18,matrix,minimal,fp6_e3m2,mxfp4_e2m1@cum1_fused,62.910754,41.614434,0.5472,0.498981,-21.29632,-23.635482,-18.959671,-20.9,0.0,283,,,,-30.7,0.0,351,False
resnet18,matrix,minimal,fp6_e3m2,mxfp6_e3m2,62.910754,64.377857,0.705069,0.726076,1.467103,-0.09307,3.038524,1.8,0.132625,128,,,,1.6,0.260829,178,True
resnet18,matrix,minimal,fp6_e3m2,mxfp6_e3m2@cum1_fused,62.910754,64.464087,0.706019,0.727996,1.553333,-0.016081,3.144447,2.1,0.075531,127,,,,0.4,0.813753,162,False
resnet18,matrix,minimal,fp6_e3m2,mxfp8_e4m3,62.910754,68.711667,0.711111,0.750549,5.800913,4.227704,7.393148,6.5,0.0,117,,,,14.5,0.0,187,True
resnet18,matrix,minimal,fp6_e3m2,mxfp8_e4m3@cum1_fused,62.910754,68.711667,0.711111,0.750549,5.800913,4.227704,7.393148,6.5,0.0,117,,,,14.5,0.0,187,False
resnet18,matrix,minimal,fp6_e3m2,nf4,62.910754,34.419994,0.513081,0.44492,-28.49076,-30.883391,-26.020374,-28.3,0.0,335,,,,-35.7,0.0,429,True
resnet18,matrix,minimal,fp6_e3m2,posit4_es0,62.910754,24.017819,0.44402,0.299842,-38.892935,-41.4628,-36.231167,-37.7,0.0,437,,,,-48.9,0.0,529,True
resnet18,matrix,minimal,fp6_e3m2,q1_6,62.910754,69.72,0.674817,0.715788,6.809246,5.002798,8.6295,7.3,0.0,133,,,,20.9,0.0,233,True
resnet18,matrix,minimal,fp7_e3m3,fp8_e4m3fn,68.415,68.62,0.903323,0.926013,0.205,-0.540042,0.968417,0.8,0.215327,32,,,,1.3,0.091915,51,True
resnet18,matrix,minimal,fp7_e3m3,fp8_e5m2,68.415,62.968019,0.706311,0.743336,-5.446981,-7.068419,-3.863541,-6.5,0.0,121,,,,-10.8,0.0,174,True
resnet18,matrix,minimal,fp7_e3m3,int4,68.415,17.139623,0.357569,0.214558,-51.275377,-53.996204,-48.509907,-50.1,0.0,539,,,,-68.0,0.0,694,True
resnet18,matrix,minimal,fp7_e3m3,int5,68.415,52.180837,0.560311,0.574999,-16.234163,-18.423817,-14.054468,-16.4,0.0,226,,,,-24.5,0.0,301,True
resnet18,matrix,minimal,fp7_e3m3,int6,68.415,65.831667,0.708763,0.746411,-2.583333,-4.27,-1.029917,-2.5,0.023534,113,-4.161667,-6.143333,-2.263333,-5.0,0.000116,164,True
resnet18,matrix,minimal,fp7_e3m3,int8,68.415,69.72,0.827485,0.863113,1.305,0.083292,2.575042,1.3,0.117477,59,8.885,7.25825,10.610042,8.9,0.0,119,True
resnet18,matrix,minimal,fp7_e3m3,log4,68.415,15.087395,0.356651,0.221468,-53.327605,-56.087455,-50.524409,-54.5,0.0,561,,,,-71.6,0.0,722,True
resnet18,matrix,minimal,fp7_e3m3,log6,68.415,61.49996,0.687351,0.723081,-6.91504,-8.676125,-5.195403,-6.9,0.0,131,,,,-13.8,0.0,206,True
resnet18,matrix,minimal,fp7_e3m3,log8,68.415,68.356667,0.835735,0.868701,-0.058333,-1.116667,0.965042,0.1,1.0,57,1.308333,-0.110042,2.715,1.0,0.358398,96,True
resnet18,matrix,minimal,fp7_e3m3,mxfp4_e2m1,68.415,40.012558,0.486224,0.478015,-28.402442,-30.857079,-25.921979,-27.9,0.0,317,,,,-42.4,0.0,438,True
resnet18,matrix,minimal,fp7_e3m3,mxfp4_e2m1@cum1_fused,68.415,41.614434,0.462903,0.433414,-26.800566,-29.348214,-24.270889,-26.9,0.0,333,,,,-42.7,0.0,451,False
resnet18,matrix,minimal,fp7_e3m3,mxfp6_e3m2,68.415,64.377857,0.734694,0.772101,-4.037143,-5.515515,-2.614762,-4.2,4.7e-05,104,,,,-10.4,0.0,154,True
resnet18,matrix,minimal,fp7_e3m3,mxfp6_e3m2@cum1_fused,68.415,64.464087,0.713924,0.750946,-3.950913,-5.43024,-2.498926,-3.9,0.00031,113,,,,-11.6,0.0,164,False
resnet18,matrix,minimal,fp7_e3m3,mxfp8_e4m3,68.415,68.711667,0.824207,0.859072,0.296667,-0.813375,1.415042,0.5,0.608921,61,2.360952,0.859137,3.851208,2.5,0.016506,101,True
resnet18,matrix,minimal,fp7_e3m3,mxfp8_e4m3@cum1_fused,68.415,68.711667,0.824207,0.859072,0.296667,-0.813375,1.415042,0.5,0.608921,61,2.360952,0.859137,3.851208,2.5,0.016506,101,False
resnet18,matrix,minimal,fp7_e3m3,nf4,68.415,34.419994,0.442647,0.407405,-33.995006,-36.463097,-31.494392,-34.3,0.0,379,,,,-47.7,0.0,509,True
resnet18,matrix,minimal,fp7_e3m3,posit4_es0,68.415,24.017819,0.37644,0.26394,-44.397181,-47.065122,-41.646285,-43.7,0.0,487,,,,-60.9,0.0,623,True
resnet18,matrix,minimal,fp7_e3m3,q1_6,68.415,69.72,0.827485,0.863113,1.305,0.083292,2.575042,1.3,0.117477,59,8.885,7.25825,10.610042,8.9,0.0,119,True
resnet18,matrix,minimal,fp8_e4m3fn,fp8_e5m2,68.62,62.968019,0.711823,0.753214,-5.651981,-7.279654,-4.002874,-7.3,0.0,117,,,,-12.1,0.0,173,True
resnet18,matrix,minimal,fp8_e4m3fn,int4,68.62,17.139623,0.349642,0.213561,-51.480377,-54.208031,-48.66892,-50.9,0.0,545,,,,-69.3,0.0,703,True
resnet18,matrix,minimal,fp8_e4m3fn,int5,68.62,52.180837,0.553816,0.574046,-16.439163,-18.652446,-14.25616,-17.2,0.0,228,,,,-25.8,0.0,308,True
resnet18,matrix,minimal,fp8_e4m3fn,int6,68.62,65.831667,0.71466,0.754969,-2.788333,-4.445,-1.184958,-3.3,0.002033,109,,,,-6.3,1e-06,157,True
resnet18,matrix,minimal,fp8_e4m3fn,int8,68.62,69.72,0.820059,0.857091,1.1,-0.136708,2.336708,0.5,0.608921,61,,,,7.6,0.0,110,True
resnet18,matrix,minimal,fp8_e4m3fn,log4,68.62,15.087395,0.349024,0.222438,-53.532605,-56.289388,-50.71782,-55.3,0.0,567,,,,-72.9,0.0,733,True
resnet18,matrix,minimal,fp8_e4m3fn,log6,68.62,61.49996,0.680288,0.719652,-7.12004,-8.9033,-5.312126,-7.7,0.0,133,,,,-15.1,0.0,199,True
resnet18,matrix,minimal,fp8_e4m3fn,log8,68.62,68.356667,0.839181,0.872565,-0.263333,-1.336667,0.801667,-0.7,0.418754,55,,,,-0.3,0.832258,89,True
resnet18,matrix,minimal,fp8_e4m3fn,mxfp4_e2m1,68.62,40.012558,0.482871,0.484759,-28.607442,-31.121063,-26.123432,-28.7,0.0,317,,,,-43.7,0.0,447,True
resnet18,matrix,minimal,fp8_e4m3fn,mxfp4_e2m1@cum1_fused,68.62,41.614434,0.45705,0.435098,-27.005566,-29.549828,-24.456747,-27.7,0.0,335,,,,-44.0,0.0,460,False
resnet18,matrix,minimal,fp8_e4m3fn,mxfp6_e3m2,68.62,64.377857,0.705584,0.745426,-4.242143,-5.805607,-2.73136,-5.0,4e-06,116,,,,-11.7,0.0,171,True
resnet18,matrix,minimal,fp8_e4m3fn,mxfp6_e3m2@cum1_fused,68.62,64.464087,0.710997,0.750996,-4.155913,-5.687699,-2.651187,-4.7,1.1e-05,113,,,,-12.9,0.0,163,False
resnet18,matrix,minimal,fp8_e4m3fn,mxfp8_e4m3,68.62,68.711667,0.806358,0.844095,0.091667,-1.100083,1.263417,-0.3,0.807195,67,,,,1.2,0.271253,100,True
resnet18,matrix,minimal,fp8_e4m3fn,mxfp8_e4m3@cum1_fused,68.62,68.711667,0.806358,0.844095,0.091667,-1.100083,1.263417,-0.3,0.807195,67,,,,1.2,0.271253,100,False
resnet18,matrix,minimal,fp8_e4m3fn,nf4,68.62,34.419994,0.441481,0.420695,-34.200006,-36.693635,-31.653034,-35.1,0.0,377,,,,-49.0,0.0,514,True
resnet18,matrix,minimal,fp8_e4m3fn,posit4_es0,68.62,24.017819,0.371465,0.271028,-44.602181,-47.323765,-41.807857,-44.5,0.0,489,,,,-62.2,0.0,628,True
resnet18,matrix,minimal,fp8_e4m3fn,q1_6,68.62,69.72,0.820059,0.857091,1.1,-0.136708,2.336708,0.5,0.608921,61,,,,7.6,0.0,110,True
resnet18,matrix,minimal,fp8_e5m2,int4,62.968019,17.139623,0.435042,0.268233,-45.828397,-48.442728,-43.167518,-43.6,0.0,474,,,,-57.2,0.0,600,True
resnet18,matrix,minimal,fp8_e5m2,int5,62.968019,52.180837,0.614525,0.594672,-10.787183,-12.95132,-8.640333,-9.9,0.0,207,,,,-13.7,0.0,277,True
resnet18,matrix,minimal,fp8_e5m2,int6,62.968019,65.831667,0.650794,0.670464,2.863647,0.934834,4.737141,4.0,0.001588,154,,,,5.8,9.6e-05,216,True
resnet18,matrix,minimal,fp8_e5m2,int8,62.968019,69.72,0.670702,0.711629,6.751981,4.994764,8.556617,7.8,0.0,136,,,,19.7,0.0,223,True
resnet18,matrix,minimal,fp8_e5m2,log4,62.968019,15.087395,0.424658,0.24127,-47.880625,-50.592194,-45.139099,-48.0,0.0,504,,,,-60.8,0.0,622,True
resnet18,matrix,minimal,fp8_e5m2,log6,62.968019,61.49996,0.727069,0.742651,-1.468059,-3.083308,0.182198,-0.4,0.786058,122,,,,-3.0,0.022406,162,True
resnet18,matrix,minimal,fp8_e5m2,log8,62.968019,68.356667,0.720588,0.758899,5.388647,3.836784,6.968437,6.6,0.0,114,,,,11.8,0.0,176,True
resnet18,matrix,minimal,fp8_e5m2,mxfp4_e2m1,62.968019,40.012558,0.583871,0.55509,-22.955462,-25.201164,-20.681586,-21.4,0.0,258,,,,-31.6,0.0,348,True
resnet18,matrix,minimal,fp8_e5m2,mxfp4_e2m1@cum1_fused,62.968019,41.614434,0.560193,0.51469,-21.353586,-23.721883,-19.000199,-20.4,0.0,274,,,,-31.9,0.0,355,False
resnet18,matrix,minimal,fp8_e5m2,mxfp6_e3m2,62.968019,64.377857,0.704805,0.72509,1.409838,-0.148525,2.975752,2.3,0.052324,129,,,,0.4,0.820171,174,True
resnet18,matrix,minimal,fp8_e5m2,mxfp6_e3m2@cum1_fused,62.968019,64.464087,0.721578,0.744226,1.496068,-0.054495,3.125928,2.6,0.022083,120,,,,-0.8,0.572846,154,False
resnet18,matrix,minimal,fp8_e5m2,mxfp8_e4m3,62.968019,68.711667,0.706601,0.746141,5.743647,4.189278,7.316861,7.0,0.0,120,,,,13.3,0.0,181,True
resnet18,matrix,minimal,fp8_e5m2,mxfp8_e4m3@cum1_fused,62.968019,68.711667,0.706601,0.746141,5.743647,4.189278,7.316861,7.0,0.0,120,,,,13.3,0.0,181,False
resnet18,matrix,minimal,fp8_e5m2,nf4,62.968019,34.419994,0.545052,0.498963,-28.548026,-30.93617,-26.1569,-27.8,0.0,308,,,,-36.9,0.0,421,True
resnet18,matrix,minimal,fp8_e5m2,posit4_es0,62.968019,24.017819,0.455939,0.319292,-38.9502,-41.465073,-36.301999,-37.2,0.0,426,,,,-50.1,0.0,531,True
resnet18,matrix,minimal,fp8_e5m2,q1_6,62.968019,69.72,0.670702,0.711629,6.751981,4.994764,8.556617,7.8,0.0,136,,,,19.7,0.0,223,True
resnet18,matrix,minimal,int4,int5,17.139623,52.180837,0.51688,0.24971,35.041214,32.342168,37.742588,33.7,0.0,415,,,,43.5,0.0,499,True
resnet18,matrix,minimal,int4,int6,17.139623,65.831667,0.382423,0.218734,48.692044,45.926814,51.554643,47.6,0.0,520,,,,63.0,0.0,652,True
resnet18,matrix,minimal,int4,int8,17.139623,69.72,0.340476,0.198142,52.580377,49.679964,55.449764,51.4,0.0,554,,,,76.9,0.0,775,True
resnet18,matrix,minimal,int4,log4,17.139623,15.087395,0.78579,0.246934,-2.052228,-4.093145,0.017263,-4.4,0.002399,202,,,,-3.6,0.016024,212,True
resnet18,matrix,minimal,int4,log6,17.139623,61.49996,0.429586,0.239514,44.360338,41.655331,46.985961,43.2,0.0,482,,,,54.2,0.0,584,True
resnet18,matrix,minimal,int4,log8,17.139623,68.356667,0.359618,0.22491,51.217044,48.44816,53.969943,50.2,0.0,536,,,,69.0,0.0,702,True
resnet18,matrix,minimal,int4,mxfp4_e2m1,17.139623,40.012558,0.645012,0.348467,22.872935,20.516881,25.214685,22.2,0.0,306,,,,25.6,0.0,340,True
resnet18,matrix,minimal,int4,mxfp4_e2m1@cum1_fused,17.139623,41.614434,0.627746,0.321743,24.474811,22.068369,26.895996,23.2,0.0,322,,,,25.3,0.0,349,False
resnet18,matrix,minimal,int4,mxfp6_e3m2,17.139623,64.377857,0.397633,0.216668,47.238235,44.576822,49.91888,45.9,0.0,509,,,,57.6,0.0,612,True
resnet18,matrix,minimal,int4,mxfp6_e3m2@cum1_fused,17.139623,64.464087,0.395735,0.219563,47.324465,44.640626,50.021469,46.2,0.0,510,,,,56.4,0.0,604,False
resnet18,matrix,minimal,int4,mxfp8_e4m3,17.139623,68.711667,0.353222,0.216031,51.572044,48.79924,54.282343,50.6,0.0,542,,,,70.5,0.0,713,True
resnet18,matrix,minimal,int4,mxfp8_e4m3@cum1_fused,17.139623,68.711667,0.353222,0.216031,51.572044,48.79924,54.282343,50.6,0.0,542,,,,70.5,0.0,713,False
resnet18,matrix,minimal,int4,nf4,17.139623,34.419994,0.680272,0.31453,17.280371,14.936324,19.624259,15.8,0.0,282,,,,20.3,0.0,331,True
resnet18,matrix,minimal,int4,posit4_es0,17.139623,24.017819,0.743363,0.315625,6.878197,4.840718,8.972122,6.4,3.2e-05,232,,,,7.1,7e-06,245,True
resnet18,matrix,minimal,int4,q1_6,17.139623,69.72,0.340476,0.198142,52.580377,49.679964,55.449764,51.4,0.0,554,,,,76.9,0.0,775,True
resnet18,matrix,minimal,int5,int6,52.180837,65.831667,0.590385,0.593336,13.65083,11.361528,15.912344,13.9,0.0,213,,,,19.5,0.0,297,True
resnet18,matrix,minimal,int5,int8,52.180837,69.72,0.544031,0.565403,17.539163,15.259859,19.832865,17.7,0.0,233,,,,33.4,0.0,348,True
resnet18,matrix,minimal,int5,log4,52.180837,15.087395,0.5,0.184991,-37.093442,-39.914205,-34.248462,-38.1,0.0,449,,,,-47.1,0.0,535,True
resnet18,matrix,minimal,int5,log6,52.180837,61.49996,0.607011,0.581488,9.319123,7.156238,11.46398,9.5,0.0,213,,,,10.7,0.0,291,True
resnet18,matrix,minimal,int5,log8,52.180837,68.356667,0.552326,0.564665,16.17583,14.000227,18.379934,16.5,0.0,231,,,,25.5,0.0,311,True
resnet18,matrix,minimal,int5,mxfp4_e2m1,52.180837,40.012558,0.603858,0.482292,-12.168279,-14.634892,-9.753187,-11.5,0.0,267,,,,-17.9,0.0,347,True
resnet18,matrix,minimal,int5,mxfp4_e2m1@cum1_fused,52.180837,41.614434,0.59375,0.467548,-10.566403,-13.036725,-8.071449,-10.5,0.0,273,,,,-18.2,0.0,344,False
resnet18,matrix,minimal,int5,mxfp6_e3m2,52.180837,64.377857,0.619962,0.619304,12.19702,10.098252,14.266392,12.2,0.0,198,,,,14.1,0.0,271,True
resnet18,matrix,minimal,int5,mxfp6_e3m2@cum1_fused,52.180837,64.464087,0.611111,0.609791,12.28325,10.204627,14.374246,12.5,0.0,203,,,,12.9,0.0,265,False
resnet18,matrix,minimal,int5,mxfp8_e4m3,52.180837,68.711667,0.544574,0.557674,16.53083,14.308055,18.773683,16.9,0.0,235,,,,27.0,0.0,322,True
resnet18,matrix,minimal,int5,mxfp8_e4m3@cum1_fused,52.180837,68.711667,0.544574,0.557674,16.53083,14.308055,18.773683,16.9,0.0,235,,,,27.0,0.0,322,False
resnet18,matrix,minimal,int5,nf4,52.180837,34.419994,0.617232,0.496045,-17.760843,-20.106763,-15.44979,-17.9,0.0,271,,,,-23.2,0.0,338,True
resnet18,matrix,minimal,int5,posit4_es0,52.180837,24.017819,0.533416,0.306828,-28.163018,-30.812091,-25.523011,-27.3,0.0,377,,,,-36.4,0.0,460,True
resnet18,matrix,minimal,int5,q1_6,52.180837,69.72,0.544031,0.565403,17.539163,15.259859,19.832865,17.7,0.0,233,,,,33.4,0.0,348,True
resnet18,matrix,minimal,int6,int8,65.831667,69.72,0.728723,0.77079,3.888333,2.243333,5.536667,3.8,0.000213,102,13.046667,11.078292,15.051667,13.9,0.0,159,True
resnet18,matrix,minimal,int6,log4,65.831667,15.087395,0.375854,0.201328,-50.744272,-53.639358,-47.822793,-52.0,0.0,548,,,,-66.6,0.0,690,True
resnet18,matrix,minimal,int6,log6,65.831667,61.49996,0.626667,0.641631,-4.331706,-6.321322,-2.366506,-4.4,0.000855,168,,,,-8.8,0.0,232,True
resnet18,matrix,minimal,int6,log8,65.831667,68.356667,0.719481,0.757631,2.525,1.004958,4.075,2.6,0.015749,108,5.47,3.675,7.268333,6.0,1e-06,144,True
resnet18,matrix,minimal,int6,mxfp4_e2m1,65.831667,40.012558,0.497615,0.460634,-25.819109,-28.452696,-23.161327,-25.4,0.0,316,,,,-37.4,0.0,426,True
resnet18,matrix,minimal,int6,mxfp4_e2m1@cum1_fused,65.831667,41.614434,0.481717,0.430806,-24.217233,-26.95727,-21.557466,-24.4,0.0,326,,,,-37.7,0.0,439,False
resnet18,matrix,minimal,int6,mxfp6_e3m2,65.831667,64.377857,0.682578,0.709229,-1.45381,-3.203952,0.293812,-1.7,0.165083,133,,,,-5.4,9.2e-05,186,True
resnet18,matrix,minimal,int6,mxfp6_e3m2@cum1_fused,65.831667,64.464087,0.659574,0.684323,-1.367579,-3.122141,0.402446,-1.4,0.278615,144,,,,-6.6,2e-06,194,False
resnet18,matrix,minimal,int6,mxfp8_e4m3,65.831667,68.711667,0.722513,0.761921,2.88,1.353292,4.463333,3.0,0.004619,106,6.522619,4.619964,8.408381,7.5,0.0,161,True
resnet18,matrix,minimal,int6,mxfp8_e4m3@cum1_fused,65.831667,68.711667,0.722513,0.761921,2.88,1.353292,4.463333,3.0,0.004619,106,6.522619,4.619964,8.408381,7.5,0.0,161,False
resnet18,matrix,minimal,int6,nf4,65.831667,34.419994,0.475073,0.428432,-31.411673,-33.929355,-28.864714,-31.8,0.0,358,,,,-42.7,0.0,475,True
resnet18,matrix,minimal,int6,posit4_es0,65.831667,24.017819,0.395939,0.254555,-41.813847,-44.666662,-38.965064,-41.2,0.0,476,,,,-55.9,0.0,605,True
resnet18,matrix,minimal,int6,q1_6,65.831667,69.72,0.728723,0.77079,3.888333,2.243333,5.536667,3.8,0.000213,102,13.046667,11.078292,15.051667,13.9,0.0,159,True
resnet18,matrix,minimal,int8,log4,69.72,15.087395,0.343284,0.219134,-54.632605,-57.544974,-51.695563,-55.8,0.0,572,,,,-80.5,0.0,807,True
resnet18,matrix,minimal,int8,log6,69.72,61.49996,0.652381,0.691451,-8.22004,-10.197851,-6.260883,-8.2,0.0,146,,,,-22.7,0.0,243,True
resnet18,matrix,minimal,int8,log8,69.72,68.356667,0.835294,0.86992,-1.363333,-2.481667,-0.281667,-1.2,0.140895,56,-7.576667,-9.1,-6.093333,-7.9,0.0,107,True
resnet18,matrix,minimal,int8,mxfp4_e2m1,69.72,40.012558,0.453376,0.438211,-29.707442,-32.382186,-27.01877,-29.2,0.0,340,,,,-51.3,0.0,529,True
resnet18,matrix,minimal,int8,mxfp4_e2m1@cum1_fused,69.72,41.614434,0.439614,0.410338,-28.105566,-30.859053,-25.379983,-28.2,0.0,348,,,,-51.6,0.0,532,False
resnet18,matrix,minimal,int8,mxfp6_e3m2,69.72,64.377857,0.705882,0.747899,-5.342143,-7.006312,-3.706366,-5.5,0.0,115,,,,-19.3,0.0,203,True
resnet18,matrix,minimal,int8,mxfp6_e3m2@cum1_fused,69.72,64.464087,0.685279,0.726266,-5.255913,-6.960619,-3.537901,-5.2,3e-06,124,,,,-20.5,0.0,215,False
resnet18,matrix,minimal,int8,mxfp8_e4m3,69.72,68.711667,0.83432,0.869259,-1.008333,-2.178375,0.141667,-0.8,0.349682,56,-6.524048,-8.120012,-4.97331,-6.4,0.0,106,True
resnet18,matrix,minimal,int8,mxfp8_e4m3@cum1_fused,69.72,68.711667,0.83432,0.869259,-1.008333,-2.178375,0.141667,-0.8,0.349682,56,-6.524048,-8.120012,-4.97331,-6.4,0.0,106,False
resnet18,matrix,minimal,int8,nf4,69.72,34.419994,0.421439,0.38731,-35.300006,-37.911188,-32.654621,-35.6,0.0,394,,,,-56.6,0.0,578,True
resnet18,matrix,minimal,int8,posit4_es0,69.72,24.017819,0.359795,0.250926,-45.702181,-48.49542,-42.852952,-45.0,0.0,500,,,,-69.8,0.0,704,True
resnet18,matrix,minimal,int8,q1_6,69.72,69.72,1.0,1.0,0.0,0.0,0.0,0.0,1.0,0,0.0,0.0,0.0,0.0,1.0,0,True
resnet18,matrix,minimal,log4,log6,15.087395,61.49996,0.424346,0.226103,46.412565,43.7138,49.067762,47.6,0.0,506,,,,57.8,0.0,602,True
resnet18,matrix,minimal,log4,log8,15.087395,68.356667,0.357061,0.227066,53.269272,50.42627,56.073235,54.6,0.0,560,,,,72.6,0.0,736,True
resnet18,matrix,minimal,log4,mxfp4_e2m1,15.087395,40.012558,0.646396,0.341096,24.925163,22.655018,27.199806,26.6,0.0,314,,,,29.2,0.0,350,True
resnet18,matrix,minimal,log4,mxfp4_e2m1@cum1_fused,15.087395,41.614434,0.62598,0.302088,26.527039,24.11291,28.954851,27.6,0.0,334,,,,28.9,0.0,361,False
resnet18,matrix,minimal,log4,mxfp6_e3m2,15.087395,64.377857,0.401602,0.237466,49.290462,46.627967,51.911104,50.3,0.0,523,,,,61.2,0.0,626,True
resnet18,matrix,minimal,log4,mxfp6_e3m2@cum1_fused,15.087395,64.464087,0.398169,0.235419,49.376692,46.719131,51.98134,50.6,0.0,526,,,,60.0,0.0,618,False
resnet18,matrix,minimal,log4,mxfp8_e4m3,15.087395,68.711667,0.352468,0.224421,53.624272,50.807661,56.394441,55.0,0.0,564,,,,74.1,0.0,743,True
resnet18,matrix,minimal,log4,mxfp8_e4m3@cum1_fused,15.087395,68.711667,0.352468,0.224421,53.624272,50.807661,56.394441,55.0,0.0,564,,,,74.1,0.0,743,False
resnet18,matrix,minimal,log4,nf4,15.087395,34.419994,0.662309,0.222216,19.332599,16.883232,21.801348,20.2,0.0,310,,,,23.9,0.0,357,True
resnet18,matrix,minimal,log4,posit4_es0,15.087395,24.017819,0.764706,0.331574,8.930424,6.833104,11.025596,10.8,0.0,216,,,,10.7,0.0,229,True
resnet18,matrix,minimal,log4,q1_6,15.087395,69.72,0.343284,0.219134,54.632605,51.695563,57.544974,55.8,0.0,572,,,,80.5,0.0,807,True
resnet18,matrix,minimal,log6,log8,61.49996,68.356667,0.67696,0.712176,6.856706,5.08325,8.66868,7.0,0.0,136,,,,14.8,0.0,212,True
resnet18,matrix,minimal,log6,mxfp4_e2m1,61.49996,40.012558,0.570064,0.527269,-21.487403,-23.829274,-19.169373,-21.0,0.0,270,,,,-28.6,0.0,354,True
resnet18,matrix,minimal,log6,mxfp4_e2m1@cum1_fused,61.49996,41.614434,0.569132,0.524741,-19.885527,-22.250005,-17.605829,-20.0,0.0,268,,,,-28.9,0.0,345,False
resnet18,matrix,minimal,log6,mxfp6_e3m2,61.49996,64.377857,0.702273,0.721799,2.877897,1.214276,4.551506,2.7,0.022743,131,,,,3.4,0.012644,176,True
resnet18,matrix,minimal,log6,mxfp6_e3m2@cum1_fused,61.49996,64.464087,0.695455,0.715262,2.964127,1.324852,4.691593,3.0,0.011952,134,,,,2.2,0.109056,172,False
resnet18,matrix,minimal,log6,mxfp8_e4m3,61.49996,68.711667,0.667458,0.703781,7.211706,5.421649,9.015743,7.4,0.0,140,,,,16.3,0.0,209,True
resnet18,matrix,minimal,log6,mxfp8_e4m3@cum1_fused,61.49996,68.711667,0.667458,0.703781,7.211706,5.421649,9.015743,7.4,0.0,140,,,,16.3,0.0,209,False
resnet18,matrix,minimal,log6,nf4,61.49996,34.419994,0.530612,0.464824,-27.079966,-29.461016,-24.693089,-27.4,0.0,322,,,,-33.9,0.0,419,True
resnet18,matrix,minimal,log6,posit4_es0,61.49996,24.017819,0.455471,0.309007,-37.482141,-40.043027,-34.842987,-36.8,0.0,428,,,,-47.1,0.0,515,True
resnet18,matrix,minimal,log6,q1_6,61.49996,69.72,0.652381,0.691451,8.22004,6.260883,10.197851,8.2,0.0,146,,,,22.7,0.0,243,True
resnet18,matrix,minimal,log8,mxfp4_e2m1,68.356667,40.012558,0.477419,0.463515,-28.344109,-30.885265,-25.839753,-28.0,0.0,324,,,,-43.4,0.0,452,True
resnet18,matrix,minimal,log8,mxfp4_e2m1@cum1_fused,68.356667,41.614434,0.470779,0.44943,-26.742233,-29.322461,-24.252699,-27.0,0.0,326,,,,-43.7,0.0,445,False
resnet18,matrix,minimal,log8,mxfp6_e3m2,68.356667,64.377857,0.718987,0.756477,-3.97881,-5.513006,-2.502827,-4.3,5.5e-05,111,,,,-11.4,0.0,172,True
resnet18,matrix,minimal,log8,mxfp6_e3m2@cum1_fused,68.356667,64.464087,0.715736,0.753178,-3.892579,-5.389576,-2.372336,-4.0,0.000198,112,,,,-12.6,0.0,162,False
resnet18,matrix,minimal,log8,mxfp8_e4m3,68.356667,68.711667,0.837209,0.870496,0.355,-0.691667,1.411667,0.4,0.68888,56,1.052619,-0.36675,2.507637,1.5,0.171565,105,True
resnet18,matrix,minimal,log8,mxfp8_e4m3@cum1_fused,68.356667,68.711667,0.837209,0.870496,0.355,-0.691667,1.411667,0.4,0.68888,56,1.052619,-0.36675,2.507637,1.5,0.171565,105,False
resnet18,matrix,minimal,log8,nf4,68.356667,34.419994,0.441176,0.406212,-33.936673,-36.38217,-31.387896,-34.4,0.0,380,,,,-48.7,0.0,517,True
resnet18,matrix,minimal,log8,posit4_es0,68.356667,24.017819,0.382239,0.282939,-44.338847,-46.9957,-41.55168,-43.8,0.0,480,,,,-61.9,0.0,631,True
resnet18,matrix,minimal,log8,q1_6,68.356667,69.72,0.835294,0.86992,1.363333,0.281667,2.481667,1.2,0.140895,56,7.576667,6.093333,9.1,7.9,0.0,107,True
resnet18,matrix,minimal,mxfp4_e2m1,mxfp4_e2m1@cum1_fused,40.012558,41.614434,0.764881,0.672854,1.601876,-0.070976,3.242994,1.0,0.474106,158,,,,-0.3,0.879885,175,False
resnet18,matrix,minimal,mxfp4_e2m1,mxfp6_e3m2,40.012558,64.377857,0.546774,0.522839,24.365299,22.023041,26.70755,23.7,0.0,281,,,,32.0,0.0,364,True
resnet18,matrix,minimal,mxfp4_e2m1,mxfp6_e3m2@cum1_fused,40.012558,64.464087,0.541935,0.518666,24.45153,22.113702,26.832245,24.0,0.0,284,,,,30.8,0.0,358,False
resnet18,matrix,minimal,mxfp4_e2m1,mxfp8_e4m3,40.012558,68.711667,0.475728,0.466819,28.699109,26.132948,31.165664,28.4,0.0,324,,,,44.9,0.0,459,True
resnet18,matrix,minimal,mxfp4_e2m1,mxfp8_e4m3@cum1_fused,40.012558,68.711667,0.475728,0.466819,28.699109,26.132948,31.165664,28.4,0.0,324,,,,44.9,0.0,459,False
resnet18,matrix,minimal,mxfp4_e2m1,nf4,40.012558,34.419994,0.668874,0.47051,-5.592564,-8.006521,-3.214504,-6.4,6.2e-05,250,,,,-5.3,0.002578,299,True
resnet18,matrix,minimal,mxfp4_e2m1,posit4_es0,40.012558,24.017819,0.655257,0.398478,-15.994738,-18.25564,-13.707126,-15.8,0.0,282,,,,-18.5,0.0,319,True
resnet18,matrix,minimal,mxfp4_e2m1,q1_6,40.012558,69.72,0.453376,0.438211,29.707442,27.01877,32.382186,29.2,0.0,340,,,,51.3,0.0,529,True
resnet18,matrix,minimal,mxfp4_e2m1@cum1_fused,mxfp6_e3m2,41.614434,64.377857,0.530645,0.493797,22.763423,20.384787,25.167381,22.7,0.0,291,,,,32.3,0.0,369,False
resnet18,matrix,minimal,mxfp4_e2m1@cum1_fused,mxfp6_e3m2@cum1_fused,41.614434,64.464087,0.525806,0.489464,22.849654,20.454361,25.259795,23.0,0.0,294,,,,31.1,0.0,361,False
resnet18,matrix,minimal,mxfp4_e2m1@cum1_fused,mxfp8_e4m3,41.614434,68.711667,0.461912,0.439371,27.097233,24.522389,29.653377,27.4,0.0,332,,,,45.2,0.0,470,False
resnet18,matrix,minimal,mxfp4_e2m1@cum1_fused,mxfp8_e4m3@cum1_fused,41.614434,68.711667,0.461912,0.439371,27.097233,24.522389,29.653377,27.4,0.0,332,,,,45.2,0.0,470,False
resnet18,matrix,minimal,mxfp4_e2m1@cum1_fused,nf4,41.614434,34.419994,0.642576,0.428413,-7.19444,-9.583486,-4.77165,-7.4,9e-06,272,,,,-5.0,0.00501,306,False
resnet18,matrix,minimal,mxfp4_e2m1@cum1_fused,posit4_es0,41.614434,24.017819,0.655172,0.413786,-17.596614,-19.87983,-15.276056,-16.8,0.0,280,,,,-18.2,0.0,308,False
resnet18,matrix,minimal,mxfp4_e2m1@cum1_fused,q1_6,41.614434,69.72,0.439614,0.410338,28.105566,25.379983,30.859053,28.2,0.0,348,,,,51.6,0.0,532,False
resnet18,matrix,minimal,mxfp6_e3m2,mxfp6_e3m2@cum1_fused,64.377857,64.464087,0.862694,0.884932,0.08623,-0.907351,1.093335,0.3,0.783846,53,,,,-1.2,0.212683,78,False
resnet18,matrix,minimal,mxfp6_e3m2,mxfp8_e4m3,64.377857,68.711667,0.691729,0.729646,4.33381,2.822961,5.904658,4.7,2.7e-05,123,,,,12.9,0.0,181,True
resnet18,matrix,minimal,mxfp6_e3m2,mxfp8_e4m3@cum1_fused,64.377857,68.711667,0.691729,0.729646,4.33381,2.822961,5.904658,4.7,2.7e-05,123,,,,12.9,0.0,181,False
resnet18,matrix,minimal,mxfp6_e3m2,nf4,64.377857,34.419994,0.5,0.44904,-29.957863,-32.362037,-27.532054,-30.1,0.0,341,,,,-37.3,0.0,437,True
resnet18,matrix,minimal,mxfp6_e3m2,posit4_es0,64.377857,24.017819,0.43389,0.315511,-40.360038,-42.937094,-37.7469,-39.5,0.0,441,,,,-50.5,0.0,531,True
resnet18,matrix,minimal,mxfp6_e3m2,q1_6,64.377857,69.72,0.705882,0.747899,5.342143,3.706366,7.006312,5.5,0.0,115,,,,19.3,0.0,203,True
resnet18,matrix,minimal,mxfp6_e3m2@cum1_fused,mxfp8_e4m3,64.464087,68.711667,0.684211,0.721734,4.247579,2.6774,5.816956,4.4,0.00011,126,,,,14.1,0.0,187,False
resnet18,matrix,minimal,mxfp6_e3m2@cum1_fused,mxfp8_e4m3@cum1_fused,64.464087,68.711667,0.684211,0.721734,4.247579,2.6774,5.816956,4.4,0.00011,126,,,,14.1,0.0,187,False
resnet18,matrix,minimal,mxfp6_e3m2@cum1_fused,nf4,64.464087,34.419994,0.495601,0.445392,-30.044093,-32.403317,-27.618668,-30.4,0.0,344,,,,-36.1,0.0,433,False
resnet18,matrix,minimal,mxfp6_e3m2@cum1_fused,posit4_es0,64.464087,24.017819,0.433719,0.322247,-40.446268,-42.992502,-37.784981,-39.8,0.0,440,,,,-49.3,0.0,521,False
resnet18,matrix,minimal,mxfp6_e3m2@cum1_fused,q1_6,64.464087,69.72,0.685279,0.726266,5.255913,3.537901,6.960619,5.2,3e-06,124,,,,20.5,0.0,215,False
resnet18,matrix,minimal,mxfp8_e4m3,mxfp8_e4m3@cum1_fused,68.711667,68.711667,1.0,1.0,0.0,0.0,0.0,0.0,1.0,0,0.0,0.0,0.0,0.0,1.0,0,False
resnet18,matrix,minimal,mxfp8_e4m3,nf4,68.711667,34.419994,0.426901,0.383219,-34.291673,-36.803832,-31.727728,-34.8,0.0,392,,,,-50.2,0.0,536,True
resnet18,matrix,minimal,mxfp8_e4m3,posit4_es0,68.711667,24.017819,0.373556,0.268975,-44.693847,-47.368769,-41.900281,-44.2,0.0,488,,,,-63.4,0.0,644,True
resnet18,matrix,minimal,mxfp8_e4m3,q1_6,68.711667,69.72,0.83432,0.869259,1.008333,-0.141667,2.178375,0.8,0.349682,56,6.524048,4.97331,8.120012,6.4,0.0,106,True
resnet18,matrix,minimal,mxfp8_e4m3@cum1_fused,nf4,68.711667,34.419994,0.426901,0.383219,-34.291673,-36.803832,-31.727728,-34.8,0.0,392,,,,-50.2,0.0,536,False
resnet18,matrix,minimal,mxfp8_e4m3@cum1_fused,posit4_es0,68.711667,24.017819,0.373556,0.268975,-44.693847,-47.368769,-41.900281,-44.2,0.0,488,,,,-63.4,0.0,644,False
resnet18,matrix,minimal,mxfp8_e4m3@cum1_fused,q1_6,68.711667,69.72,0.83432,0.869259,1.008333,-0.141667,2.178375,0.8,0.349682,56,6.524048,4.97331,8.120012,6.4,0.0,106,False
resnet18,matrix,minimal,nf4,posit4_es0,34.419994,24.017819,0.65848,0.307774,-10.402175,-12.794171,-7.995721,-9.4,0.0,292,,,,-13.2,0.0,328,True
resnet18,matrix,minimal,nf4,q1_6,34.419994,69.72,0.421439,0.38731,35.300006,32.654621,37.911188,35.6,0.0,394,,,,56.6,0.0,578,True
resnet18,matrix,minimal,posit4_es0,q1_6,24.017819,69.72,0.359795,0.250926,45.702181,42.852952,48.49542,45.0,0.0,500,,,,69.8,0.0,704,True
mobilenet_v2,recon,adaround,L-A32--w-fp6_e2m3--a-fp32--mse_per_channel--fit-mse_per_channel-fp32in-s0,L-A32--w-int4--a-fp32--mse_per_channel--fit-mse_per_channel-fp32in-s0,71.7,71.7,0.843648,0.881722,0.0,-1.3,1.3025,0.0,1.0,48,-6.7,-8.5,-4.9,-6.7,0.0,85,True
mobilenet_v2,recon,adaround,L-A32--w-fp6_e2m3--a-fp32--mse_per_channel--fit-mse_per_channel-fp32in-s0,L-A32--w-int6--a-fp32--mse_per_channel--fit-mse_per_channel-fp32in-s0,71.7,72.3,0.944444,0.960426,0.6,-0.1025,1.4,0.6,0.210114,16,-0.2,-1.3,0.9,-0.2,0.86005,32,True
mobilenet_v2,recon,adaround,L-A32--w-fp6_e2m3--a-fp32--mse_per_channel--fit-mse_per_channel-fp32in-s0,L-A32--w-int8--a-fp32--mse_per_channel--fit-mse_per_channel-fp32in-s0,71.7,72.3,0.937716,0.955465,0.6,-0.2,1.4,0.6,0.237885,18,2.2,1.3,3.2,2.2,1e-05,26,True
mobilenet_v2,recon,adaround,L-A32--w-fp6_e2m3--a-fp32--mse_per_channel--fit-mse_per_channel-fp32in-s0,L-A32--w-posit8_es1--a-fp32--mse_per_channel--fit-mse_per_channel-fp32in-s0,71.7,72.2,0.941176,0.957958,0.5,-0.3,1.3,0.5,0.332306,17,1.7,0.8,2.7,1.7,0.000911,25,True
mobilenet_v2,recon,adaround,L-A32--w-fp6_e2m3--a-fp32--mse_per_channel--fit-mse_per_channel-fp32in-s0,L-bc--w-fp6_e2m3--a-fp6_e2m3--default--fit-mse_per_channel-fp32in-s0,71.7,68.825,0.726225,0.776285,-2.875,-4.616667,-1.125,-3.3,0.000925,95,-16.833333,-19.091667,-14.675,-17.1,0.0,177,True
mobilenet_v2,recon,adaround,L-A32--w-fp6_e2m3--a-fp32--mse_per_channel--fit-mse_per_channel-fp32in-s0,L-bc--w-int4--a-int8--default--fit-mse_per_channel-fp32in-s0,71.7,54.233333,0.546973,0.589871,-17.466667,-20.04,-14.869833,-17.5,0.0,217,,,,,,,True
mobilenet_v2,recon,adaround,L-A32--w-fp6_e2m3--a-fp32--mse_per_channel--fit-mse_per_channel-fp32in-s0,L-bc--w-int6--a-int6--default--fit-mse_per_channel-fp32in-s0,71.7,70.433333,0.813084,0.855282,-1.266667,-2.55,-0.016667,-1.6,0.051894,60,-8.541667,-10.333333,-6.799792,-8.8,0.0,110,True
mobilenet_v2,recon,adaround,L-A32--w-fp6_e2m3--a-fp32--mse_per_channel--fit-mse_per_channel-fp32in-s0,L-bc--w-int8--a-int8--default--fit-mse_per_channel-fp32in-s0,71.7,72.25,0.934708,0.953057,0.55,-0.3,1.4,0.3,0.647606,19,0.183333,-0.9,1.283333,0.4,0.607591,34,True
mobilenet_v2,recon,adaround,L-A32--w-fp6_e2m3--a-fp32--mse_per_channel--fit-mse_per_channel-fp32in-s0,L-bc--w-posit8_es1--a-posit8_es1--default--fit-mse_per_channel-fp32in-s0,71.7,71.975,0.869565,0.90331,0.275,-0.825,1.391875,0.7,0.336784,39,-5.366667,-6.850417,-3.9,-5.4,0.0,72,True
mobilenet_v2,recon,adaround,L-A32--w-fp6_e2m3--a-fp32--mse_per_channel--fit-mse_per_channel-fp32in-s0,L-nobc--w-fp6_e2m3--a-fp6_e2m3--default_no_bias_correction--fit-mse_per_channel-fp32in-s0,71.7,70.95,0.798137,0.842448,-0.75,-2.100417,0.616667,-1.3,0.136032,65,-10.258333,-12.066875,-8.533333,-10.4,0.0,116,True
mobilenet_v2,recon,adaround,L-A32--w-fp6_e2m3--a-fp32--mse_per_channel--fit-mse_per_channel-fp32in-s0,L-nobc--w-int4--a-int4--default_no_bias_correction--fit-mse_per_channel-fp32in-s0,71.7,27.181485,0.33724,0.246443,-44.518515,-47.212991,-41.811203,-46.1,0.0,509,,,,,,,True
mobilenet_v2,recon,adaround,L-A32--w-fp6_e2m3--a-fp32--mse_per_channel--fit-mse_per_channel-fp32in-s0,L-nobc--w-int4--a-int8--default_no_bias_correction--fit-mse_per_channel-fp32in-s0,71.7,71.483333,0.84466,0.882268,-0.216667,-1.516667,1.083333,-0.4,0.665466,48,-7.016667,-8.783333,-5.283333,-7.0,0.0,86,True
mobilenet_v2,recon,adaround,L-A32--w-fp6_e2m3--a-fp32--mse_per_channel--fit-mse_per_channel-fp32in-s0,L-nobc--w-int6--a-int6--default_no_bias_correction--fit-mse_per_channel-fp32in-s0,71.7,69.703333,0.814241,0.856245,-1.996667,-3.333333,-0.691583,-2.0,0.013489,60,-7.496667,-9.14,-5.88325,-6.7,0.0,93,True
mobilenet_v2,recon,adaround,L-A32--w-fp6_e2m3--a-fp32--mse_per_channel--fit-mse_per_channel-fp32in-s0,L-nobc--w-int8--a-int8--default_no_bias_correction--fit-mse_per_channel-fp32in-s0,71.7,72.1,0.937931,0.955502,0.4,-0.4,1.2,0.4,0.480682,18,0.183333,-0.8,1.183333,0.4,0.571588,28,True
mobilenet_v2,recon,adaround,L-A32--w-fp6_e2m3--a-fp32--mse_per_channel--fit-mse_per_channel-fp32in-s0,L-nobc--w-posit8_es1--a-posit8_es1--default_no_bias_correction--fit-mse_per_channel-fp32in-s0,71.7,72.25,0.905085,0.930753,0.55,-0.383333,1.5,0.4,0.571588,28,-4.063333,-5.463417,-2.696583,-4.2,0.0,62,True
mobilenet_v2,recon,adaround,L-A32--w-fp6_e2m3--a-fp32--mse_per_channel--fit-mse_per_channel-fp32in-s0,LQ-bc--w-int6--a-int6--default--fit-mse_per_channel-b2in-int6-s0,71.7,71.766667,0.827476,0.867879,0.066667,-1.158333,1.325208,-0.6,0.496617,54,-6.875,-8.491667,-5.341667,-7.3,0.0,93,True
mobilenet_v2,recon,adaround,L-A32--w-fp6_e2m3--a-fp32--mse_per_channel--fit-mse_per_channel-fp32in-s0,LQ-nobc--w-int4--a-int4--default_no_bias_correction--fit-mse_per_channel-b2in-int4-s0,71.7,50.26543,0.470037,0.483664,-21.43457,-24.061783,-18.820908,-21.9,0.0,283,,,,,,,True
mobilenet_v2,recon,adaround,L-A32--w-fp6_e2m3--a-fp32--mse_per_channel--fit-mse_per_channel-fp32in-s0,LQ-nobc--w-int6--a-int6--default_no_bias_correction--fit-mse_per_channel-b2in-int6-s0,71.7,70.716667,0.83121,0.870856,-0.983333,-2.283333,0.316667,-0.9,0.271679,53,-6.941667,-8.55,-5.391667,-6.7,0.0,85,True
mobilenet_v2,recon,adaround,L-A32--w-fp6_e2m3--a-fp32--mse_per_channel--fit-mse_per_channel-fp32in-s0,N-A32--w-fp6_e2m3--a-fp32--mse_per_channel,71.7,68.9,0.762611,0.810421,-2.8,-4.5,-1.1,-2.8,0.002325,80,-13.7,-16.0,-11.5,-13.7,0.0,157,True
mobilenet_v2,recon,adaround,L-A32--w-fp6_e2m3--a-fp32--mse_per_channel--fit-mse_per_channel-fp32in-s0,N-A32--w-int6--a-fp32--mse_per_channel,71.7,68.3,0.744186,0.793361,-3.4,-5.2,-1.6,-3.4,0.000374,88,-14.6,-16.9,-12.4,-14.6,0.0,160,True
mobilenet_v2,recon,adaround,L-A32--w-fp6_e2m3--a-fp32--mse_per_channel--fit-mse_per_channel-fp32in-s0,N-A32--w-int8--a-fp32--mse_per_channel,71.7,71.8,0.928328,0.948201,0.1,-0.8,1.0,0.1,1.0,21,-1.4,-2.6,-0.2,-1.4,0.033552,38,True
mobilenet_v2,recon,adaround,L-A32--w-fp6_e2m3--a-fp32--mse_per_channel--fit-mse_per_channel-fp32in-s0,N-A32--w-posit8_es1--a-fp32--mse_per_channel,71.7,71.7,0.874172,0.906363,0.0,-1.2,1.2,0.0,1.0,38,-4.0,-5.6,-2.4,-4.0,2e-06,70,True
mobilenet_v2,recon,adaround,L-A32--w-fp6_e2m3--a-fp32--mse_per_channel--fit-mse_per_channel-fp32in-s0,N-default--w-fp6_e2m3--a-fp6_e2m3--default,71.7,66.235,0.695418,0.747073,-5.465,-7.291708,-3.639958,-6.3,0.0,113,,,,,,,True
mobilenet_v2,recon,adaround,L-A32--w-fp6_e2m3--a-fp32--mse_per_channel--fit-mse_per_channel-fp32in-s0,N-default--w-int6--a-int6--default,71.7,70.098333,0.752266,0.801385,-1.601667,-3.131708,-0.021667,-1.4,0.150675,82,-12.59,-14.595042,-10.676625,-12.6,0.0,138,True
mobilenet_v2,recon,adaround,L-A32--w-fp6_e2m3--a-fp32--mse_per_channel--fit-mse_per_channel-fp32in-s0,N-default--w-int8--a-int8--default,71.7,72.3,0.914966,0.938224,0.6,-0.3,1.55,0.3,0.690038,25,-0.116667,-1.283333,1.033333,0.1,1.0,39,True
mobilenet_v2,recon,adaround,L-A32--w-fp6_e2m3--a-fp32--mse_per_channel--fit-mse_per_channel-fp32in-s0,N-default--w-posit8_es1--a-posit8_es1--default,71.7,72.391667,0.861386,0.896295,0.691667,-0.4,1.816875,0.2,0.877614,42,-5.575,-7.125,-4.033333,-5.8,0.0,78,True
mobilenet_v2,recon,adaround,L-A32--w-fp6_e2m3--a-fp32--mse_per_channel--fit-mse_per_channel-fp32in-s0,N-minimal--w-fp6_e2m3--a-fp6_e2m3--minimal,71.7,66.630952,0.716667,0.767575,-5.069048,-6.910774,-3.263095,-5.2,0.0,102,,,,,,,True
mobilenet_v2,recon,adaround,L-A32--w-fp6_e2m3--a-fp32--mse_per_channel--fit-mse_per_channel-fp32in-s0,N-minimal--w-int6--a-int6--minimal,71.7,66.308333,0.706044,0.757213,-5.391667,-7.275,-3.474792,-5.5,0.0,107,-17.491667,-19.941875,-15.158333,-17.4,0.0,190,True
mobilenet_v2,recon,adaround,L-A32--w-fp6_e2m3--a-fp32--mse_per_channel--fit-mse_per_channel-fp32in-s0,N-minimal--w-int8--a-int8--minimal,71.7,72.283333,0.892256,0.920854,0.583333,-0.483333,1.7,0.4,0.596615,32,-2.316667,-3.683333,-0.999583,-2.3,0.00219,53,True
mobilenet_v2,recon,adaround,L-A32--w-fp6_e2m3--a-fp32--mse_per_channel--fit-mse_per_channel-fp32in-s0,N-nobc--w-fp6_e2m3--a-fp6_e2m3--default_no_bias_correction,71.7,67.016667,0.719101,0.769645,-4.683333,-6.45,-2.933333,-4.6,5e-06,100,,,,,,,True
mobilenet_v2,recon,adaround,L-A32--w-fp6_e2m3--a-fp32--mse_per_channel--fit-mse_per_channel-fp32in-s0,N-nobc--w-int6--a-int6--default_no_bias_correction,71.7,67.141667,0.699725,0.75065,-4.558333,-6.491667,-2.666458,-5.1,1e-06,109,-17.133333,-19.516667,-14.849792,-17.8,0.0,188,True
mobilenet_v2,recon,adaround,L-A32--w-fp6_e2m3--a-fp32--mse_per_channel--fit-mse_per_channel-fp32in-s0,N-nobc--w-int8--a-int8--default_no_bias_correction,71.7,71.9,0.921502,0.943168,0.2,-0.7,1.1,0.3,0.677639,23,-1.85,-3.15,-0.55,-1.8,0.007916,42,True
mobilenet_v2,recon,adaround,L-A32--w-fp6_e2m3--a-fp32--mse_per_channel--fit-mse_per_channel-fp32in-s0,N-nobc--w-posit8_es1--a-posit8_es1--default_no_bias_correction,71.7,72.108333,0.851974,0.888781,0.408333,-0.791667,1.658333,0.3,0.765992,45,-6.858333,-8.566667,-5.183333,-6.5,0.0,91,True
mobilenet_v2,recon,adaround,L-A32--w-int4--a-fp32--mse_per_channel--fit-mse_per_channel-fp32in-s0,L-A32--w-int6--a-fp32--mse_per_channel--fit-mse_per_channel-fp32in-s0,71.7,72.3,0.836066,0.876095,0.6,-0.8,2.0,0.6,0.479888,50,6.5,4.7,8.4,6.5,0.0,93,True
mobilenet_v2,recon,adaround,L-A32--w-int4--a-fp32--mse_per_channel--fit-mse_per_channel-fp32in-s0,L-A32--w-int8--a-fp32--mse_per_channel--fit-mse_per_channel-fp32in-s0,71.7,72.3,0.830065,0.871134,0.6,-0.8,2.0,0.6,0.488456,52,8.9,7.1,10.8,8.9,0.0,93,True
mobilenet_v2,recon,adaround,L-A32--w-int4--a-fp32--mse_per_channel--fit-mse_per_channel-fp32in-s0,L-A32--w-posit8_es1--a-fp32--mse_per_channel--fit-mse_per_channel-fp32in-s0,71.7,72.2,0.833333,0.873721,0.5,-0.9,1.9,0.5,0.575849,51,8.4,6.6,10.2,8.4,0.0,90,True
mobilenet_v2,recon,adaround,L-A32--w-int4--a-fp32--mse_per_channel--fit-mse_per_channel-fp32in-s0,L-bc--w-fp6_e2m3--a-fp6_e2m3--default--fit-mse_per_channel-fp32in-s0,71.7,68.825,0.721264,0.77151,-2.875,-4.658333,-1.066667,-3.3,0.00105,97,-10.133333,-12.441667,-7.883333,-10.4,0.0,162,True
mobilenet_v2,recon,adaround,L-A32--w-int4--a-fp32--mse_per_channel--fit-mse_per_channel-fp32in-s0,L-bc--w-int4--a-int8--default--fit-mse_per_channel-fp32in-s0,71.7,54.233333,0.556723,0.603238,-17.466667,-20.013333,-14.926583,-17.5,0.0,211,,,,,,,True
mobilenet_v2,recon,adaround,L-A32--w-int4--a-fp32--mse_per_channel--fit-mse_per_channel-fp32in-s0,L-bc--w-int6--a-int6--default--fit-mse_per_channel-fp32in-s0,71.7,70.433333,0.785276,0.831037,-1.266667,-2.75,0.2,-1.6,0.072238,70,-1.841667,-3.808333,0.1,-2.1,0.073214,125,True
mobilenet_v2,recon,adaround,L-A32--w-int4--a-fp32--mse_per_channel--fit-mse_per_channel-fp32in-s0,L-bc--w-int8--a-int8--default--fit-mse_per_channel-fp32in-s0,71.7,72.25,0.845902,0.883837,0.55,-0.8,1.9,0.3,0.770867,47,6.883333,5.15,8.683333,7.1,0.0,83,True
mobilenet_v2,recon,adaround,L-A32--w-int4--a-fp32--mse_per_channel--fit-mse_per_channel-fp32in-s0,L-bc--w-posit8_es1--a-posit8_es1--default--fit-mse_per_channel-fp32in-s0,71.7,71.975,0.814935,0.858615,0.275,-1.083333,1.65,0.7,0.427043,57,1.333333,-0.566667,3.25,1.3,0.250282,109,True
mobilenet_v2,recon,adaround,L-A32--w-int4--a-fp32--mse_per_channel--fit-mse_per_channel-fp32in-s0,L-nobc--w-fp6_e2m3--a-fp6_e2m3--default_no_bias_correction--fit-mse_per_channel-fp32in-s0,71.7,70.95,0.749245,0.79868,-0.75,-2.316667,0.833333,-1.3,0.18746,83,-3.558333,-5.583333,-1.575,-3.7,0.001429,129,True
mobilenet_v2,recon,adaround,L-A32--w-int4--a-fp32--mse_per_channel--fit-mse_per_channel-fp32in-s0,L-nobc--w-int4--a-int4--default_no_bias_correction--fit-mse_per_channel-fp32in-s0,71.7,27.181485,0.33724,0.246443,-44.518515,-47.164253,-41.812782,-46.1,0.0,509,,,,,,,True
mobilenet_v2,recon,adaround,L-A32--w-int4--a-fp32--mse_per_channel--fit-mse_per_channel-fp32in-s0,L-nobc--w-int4--a-int8--default_no_bias_correction--fit-mse_per_channel-fp32in-s0,71.7,71.483333,0.958763,0.970603,-0.216667,-0.85,0.4,-0.4,0.387695,12,-0.316667,-1.15,0.5,-0.3,0.677639,23,True
mobilenet_v2,recon,adaround,L-A32--w-int4--a-fp32--mse_per_channel--fit-mse_per_channel-fp32in-s0,L-nobc--w-int6--a-int6--default_no_bias_correction--fit-mse_per_channel-fp32in-s0,71.7,69.703333,0.754491,0.803108,-1.996667,-3.566667,-0.418292,-2.0,0.035241,82,-0.796667,-2.835083,1.228458,0.0,1.0,124,True
mobilenet_v2,recon,adaround,L-A32--w-int4--a-fp32--mse_per_channel--fit-mse_per_channel-fp32in-s0,L-nobc--w-int8--a-int8--default_no_bias_correction--fit-mse_per_channel-fp32in-s0,71.7,72.1,0.824675,0.866408,0.4,-1.0,1.85,0.4,0.683489,54,6.883333,5.1,8.683333,7.1,0.0,89,True
mobilenet_v2,recon,adaround,L-A32--w-int4--a-fp32--mse_per_channel--fit-mse_per_channel-fp32in-s0,L-nobc--w-posit8_es1--a-posit8_es1--default_no_bias_correction--fit-mse_per_channel-fp32in-s0,71.7,72.25,0.824675,0.866408,0.55,-0.750417,1.866667,0.4,0.683489,54,2.636667,0.866667,4.42,2.5,0.011456,91,True
mobilenet_v2,recon,adaround,L-A32--w-int4--a-fp32--mse_per_channel--fit-mse_per_channel-fp32in-s0,LQ-bc--w-int6--a-int6--default--fit-mse_per_channel-b2in-int6-s0,71.7,71.766667,0.793103,0.838495,0.066667,-1.333333,1.475,-0.6,0.538583,66,-0.175,-2.025,1.650208,-0.6,0.630634,108,True
mobilenet_v2,recon,adaround,L-A32--w-int4--a-fp32--mse_per_channel--fit-mse_per_channel-fp32in-s0,LQ-nobc--w-int4--a-int4--default_no_bias_correction--fit-mse_per_channel-b2in-int4-s0,71.7,50.26543,0.470037,0.483664,-21.43457,-24.086663,-18.884406,-21.9,0.0,283,,,,,,,True
mobilenet_v2,recon,adaround,L-A32--w-int4--a-fp32--mse_per_channel--fit-mse_per_channel-fp32in-s0,LQ-nobc--w-int6--a-int6--default_no_bias_correction--fit-mse_per_channel-b2in-int6-s0,71.7,70.716667,0.780186,0.826914,-0.983333,-2.525,0.533333,-0.9,0.342471,71,-0.241667,-2.183333,1.658542,0.0,1.0,114,True
mobilenet_v2,recon,adaround,L-A32--w-int4--a-fp32--mse_per_channel--fit-mse_per_channel-fp32in-s0,N-A32--w-fp6_e2m3--a-fp32--mse_per_channel,71.7,68.9,0.741935,0.791238,-2.8,-4.6,-1.0,-2.8,0.003747,88,-7.0,-9.4,-4.6,-7.0,0.0,154,True
mobilenet_v2,recon,adaround,L-A32--w-int4--a-fp32--mse_per_channel--fit-mse_per_channel-fp32in-s0,N-A32--w-int6--a-fp32--mse_per_channel,71.7,68.3,0.719198,0.769506,-3.4,-5.3,-1.5,-3.4,0.00077,98,-7.9,-10.4,-5.5,-7.9,0.0,157,True
mobilenet_v2,recon,adaround,L-A32--w-int4--a-fp32--mse_per_channel--fit-mse_per_channel-fp32in-s0,N-A32--w-int8--a-fp32--mse_per_channel,71.7,71.8,0.828479,0.869264,0.1,-1.3,1.5,0.1,1.0,53,5.3,3.5,7.2,5.3,0.0,93,True
mobilenet_v2,recon,adaround,L-A32--w-int4--a-fp32--mse_per_channel--fit-mse_per_channel-fp32in-s0,N-A32--w-posit8_es1--a-fp32--mse_per_channel,71.7,71.7,0.825806,0.866937,0.0,-1.4,1.4,0.0,1.0,54,2.7,0.8,4.6,2.7,0.007959,97,True
mobilenet_v2,recon,adaround,L-A32--w-int4--a-fp32--mse_per_channel--fit-mse_per_channel-fp32in-s0,N-default--w-fp6_e2m3--a-fp6_e2m3--default,71.7,66.235,0.681818,0.733072,-5.465,-7.333375,-3.569958,-6.3,0.0,119,,,,,,,True
mobilenet_v2,recon,adaround,L-A32--w-int4--a-fp32--mse_per_channel--fit-mse_per_channel-fp32in-s0,N-default--w-int6--a-int6--default,71.7,70.098333,0.731343,0.781951,-1.601667,-3.3085,0.061667,-1.4,0.170242,90,-5.89,-8.058375,-3.769958,-5.9,2e-06,153,True
mobilenet_v2,recon,adaround,L-A32--w-int4--a-fp32--mse_per_channel--fit-mse_per_channel-fp32in-s0,N-default--w-int8--a-int8--default,71.7,72.3,0.833876,0.873949,0.6,-0.75,2.0,0.3,0.779768,51,6.583333,4.766667,8.467083,6.8,0.0,98,True
mobilenet_v2,recon,adaround,L-A32--w-int4--a-fp32--mse_per_channel--fit-mse_per_channel-fp32in-s0,N-default--w-posit8_es1--a-posit8_es1--default,71.7,72.391667,0.801917,0.846907,0.691667,-0.708333,2.108333,0.2,0.899076,62,1.125,-0.808333,3.1,0.9,0.455814,115,True
mobilenet_v2,recon,adaround,L-A32--w-int4--a-fp32--mse_per_channel--fit-mse_per_channel-fp32in-s0,N-minimal--w-fp6_e2m3--a-fp6_e2m3--minimal,71.7,66.630952,0.697802,0.748761,-5.069048,-6.963185,-3.202321,-5.2,1e-06,110,,,,,,,True
mobilenet_v2,recon,adaround,L-A32--w-int4--a-fp32--mse_per_channel--fit-mse_per_channel-fp32in-s0,N-minimal--w-int6--a-int6--minimal,71.7,66.308333,0.720222,0.771292,-5.391667,-7.225,-3.508333,-5.5,0.0,101,-10.791667,-13.316667,-8.441667,-10.7,0.0,175,True
mobilenet_v2,recon,adaround,L-A32--w-int4--a-fp32--mse_per_channel--fit-mse_per_channel-fp32in-s0,N-minimal--w-int8--a-int8--minimal,71.7,72.283333,0.830619,0.871357,0.583333,-0.783333,1.95,0.4,0.677809,52,4.383333,2.533333,6.2,4.4,5e-06,92,True
mobilenet_v2,recon,adaround,L-A32--w-int4--a-fp32--mse_per_channel--fit-mse_per_channel-fp32in-s0,N-nobc--w-fp6_e2m3--a-fp6_e2m3--default_no_bias_correction,71.7,67.016667,0.695291,0.746021,-4.683333,-6.55,-2.85,-4.6,1.4e-05,110,,,,,,,True
mobilenet_v2,recon,adaround,L-A32--w-int4--a-fp32--mse_per_channel--fit-mse_per_channel-fp32in-s0,N-nobc--w-int6--a-int6--default_no_bias_correction,71.7,67.141667,0.681199,0.731823,-4.558333,-6.525,-2.566667,-5.1,3e-06,117,-10.433333,-12.891667,-8.075,-11.1,0.0,183,True
mobilenet_v2,recon,adaround,L-A32--w-int4--a-fp32--mse_per_channel--fit-mse_per_channel-fp32in-s0,N-nobc--w-int8--a-int8--default_no_bias_correction,71.7,71.9,0.827922,0.869004,0.2,-1.2,1.6,0.3,0.783846,53,4.85,2.95,6.8,4.9,1e-06,99,True
mobilenet_v2,recon,adaround,L-A32--w-int4--a-fp32--mse_per_channel--fit-mse_per_channel-fp32in-s0,N-nobc--w-posit8_es1--a-posit8_es1--default_no_bias_correction,71.7,72.108333,0.810289,0.854172,0.408333,-1.0,1.783333,0.3,0.794844,59,-0.158333,-1.975,1.633333,0.2,0.921191,102,True
mobilenet_v2,recon,adaround,L-A32--w-int6--a-fp32--mse_per_channel--fit-mse_per_channel-fp32in-s0,L-A32--w-int8--a-fp32--mse_per_channel--fit-mse_per_channel-fp32in-s0,72.3,72.3,0.957597,0.970041,0.0,-0.7,0.7,0.0,1.0,12,2.4,1.4,3.5,2.4,3e-06,28,True
mobilenet_v2,recon,adaround,L-A32--w-int6--a-fp32--mse_per_channel--fit-mse_per_channel-fp32in-s0,L-A32--w-posit8_es1--a-fp32--mse_per_channel--fit-mse_per_channel-fp32in-s0,72.3,72.2,0.947368,0.962595,-0.1,-0.9,0.7,-0.1,1.0,15,1.9,0.8,3.0,1.9,0.000878,31,True
mobilenet_v2,recon,adaround,L-A32--w-int6--a-fp32--mse_per_channel--fit-mse_per_channel-fp32in-s0,L-bc--w-fp6_e2m3--a-fp6_e2m3--default--fit-mse_per_channel-fp32in-s0,72.3,68.825,0.713873,0.766466,-3.475,-5.275,-1.658333,-3.9,0.000111,99,-16.633333,-18.916875,-14.466458,-16.9,0.0,179,True
mobilenet_v2,recon,adaround,L-A32--w-int6--a-fp32--mse_per_channel--fit-mse_per_channel-fp32in-s0,L-bc--w-int4--a-int8--default--fit-mse_per_channel-fp32in-s0,72.3,54.233333,0.540881,0.588131,-18.066667,-20.666833,-15.509917,-18.1,0.0,219,,,,,,,True
mobilenet_v2,recon,adaround,L-A32--w-int6--a-fp32--mse_per_channel--fit-mse_per_channel-fp32in-s0,L-bc--w-int6--a-int6--default--fit-mse_per_channel-fp32in-s0,72.3,70.433333,0.817035,0.859895,-1.866667,-3.166667,-0.583333,-2.2,0.005355,58,-8.341667,-10.025208,-6.724792,-8.6,0.0,100,True
mobilenet_v2,recon,adaround,L-A32--w-int6--a-fp32--mse_per_channel--fit-mse_per_channel-fp32in-s0,L-bc--w-int8--a-int8--default--fit-mse_per_channel-fp32in-s0,72.3,72.25,0.954386,0.967679,-0.05,-0.75,0.65,-0.3,0.581055,13,0.383333,-0.616667,1.433333,0.6,0.377086,32,True
mobilenet_v2,recon,adaround,L-A32--w-int6--a-fp32--mse_per_channel--fit-mse_per_channel-fp32in-s0,L-bc--w-posit8_es1--a-posit8_es1--default--fit-mse_per_channel-fp32in-s0,72.3,71.975,0.874576,0.907525,-0.325,-1.416667,0.766667,0.1,1.0,37,-5.166667,-6.65,-3.766667,-5.2,0.0,70,True
mobilenet_v2,recon,adaround,L-A32--w-int6--a-fp32--mse_per_channel--fit-mse_per_channel-fp32in-s0,L-nobc--w-fp6_e2m3--a-fp6_e2m3--default_no_bias_correction--fit-mse_per_channel-fp32in-s0,72.3,70.95,0.763077,0.812621,-1.35,-2.833333,0.133333,-1.9,0.03954,77,-10.058333,-11.908333,-8.283333,-10.2,0.0,120,True
mobilenet_v2,recon,adaround,L-A32--w-int6--a-fp32--mse_per_channel--fit-mse_per_channel-fp32in-s0,L-nobc--w-int4--a-int4--default_no_bias_correction--fit-mse_per_channel-fp32in-s0,72.3,27.181485,0.329427,0.240197,-45.118515,-47.76373,-42.419124,-46.7,0.0,515,,,,,,,True
mobilenet_v2,recon,adaround,L-A32--w-int6--a-fp32--mse_per_channel--fit-mse_per_channel-fp32in-s0,L-nobc--w-int4--a-int8--default_no_bias_correction--fit-mse_per_channel-fp32in-s0,72.3,71.483333,0.831169,0.871871,-0.816667,-2.15,0.516667,-1.0,0.211609,52,-6.816667,-8.65,-5.016667,-6.8,0.0,96,True
mobilenet_v2,recon,adaround,L-A32--w-int6--a-fp32--mse_per_channel--fit-mse_per_channel-fp32in-s0,L-nobc--w-int6--a-int6--default_no_bias_correction--fit-mse_per_channel-fp32in-s0,72.3,69.703333,0.801242,0.846398,-2.596667,-3.983375,-1.239958,-2.6,0.001563,64,-7.296667,-8.960083,-5.638333,-6.5,0.0,93,True
mobilenet_v2,recon,adaround,L-A32--w-int6--a-fp32--mse_per_channel--fit-mse_per_channel-fp32in-s0,L-nobc--w-int8--a-int8--default_no_bias_correction--fit-mse_per_channel-fp32in-s0,72.3,72.1,0.950877,0.965137,-0.2,-0.9,0.5,-0.2,0.790527,14,0.383333,-0.7,1.5,0.6,0.405032,36,True
mobilenet_v2,recon,adaround,L-A32--w-int6--a-fp32--mse_per_channel--fit-mse_per_channel-fp32in-s0,L-nobc--w-posit8_es1--a-posit8_es1--default_no_bias_correction--fit-mse_per_channel-fp32in-s0,72.3,72.25,0.884746,0.915315,-0.05,-1.1,1.0,-0.2,0.864166,34,-3.863333,-5.346667,-2.426583,-4.0,1e-06,68,True
mobilenet_v2,recon,adaround,L-A32--w-int6--a-fp32--mse_per_channel--fit-mse_per_channel-fp32in-s0,LQ-bc--w-int6--a-int6--default--fit-mse_per_channel-b2in-int6-s0,72.3,71.766667,0.819936,0.86241,-0.533333,-1.8,0.733542,-1.2,0.140895,56,-6.675,-8.241667,-5.174792,-7.1,0.0,89,True
mobilenet_v2,recon,adaround,L-A32--w-int6--a-fp32--mse_per_channel--fit-mse_per_channel-fp32in-s0,LQ-nobc--w-int4--a-int4--default_no_bias_correction--fit-mse_per_channel-b2in-int4-s0,72.3,50.26543,0.456075,0.469019,-22.03457,-24.744686,-19.367633,-22.5,0.0,291,,,,,,,True
mobilenet_v2,recon,adaround,L-A32--w-int6--a-fp32--mse_per_channel--fit-mse_per_channel-fp32in-s0,LQ-nobc--w-int6--a-int6--default_no_bias_correction--fit-mse_per_channel-b2in-int6-s0,72.3,70.716667,0.817891,0.860615,-1.583333,-2.933333,-0.233333,-1.5,0.062737,57,-6.741667,-8.391875,-5.125,-6.5,0.0,89,True
mobilenet_v2,recon,adaround,L-A32--w-int6--a-fp32--mse_per_channel--fit-mse_per_channel-fp32in-s0,N-A32--w-fp6_e2m3--a-fp32--mse_per_channel,72.3,68.9,0.755224,0.805444,-3.4,-5.2,-1.7,-3.4,0.000222,82,-13.5,-15.9,-11.2,-13.5,0.0,157,True
mobilenet_v2,recon,adaround,L-A32--w-int6--a-fp32--mse_per_channel--fit-mse_per_channel-fp32in-s0,N-A32--w-int6--a-fp32--mse_per_channel,72.3,68.3,0.741935,0.7933,-4.0,-5.9,-2.2,-4.0,2.4e-05,88,-14.4,-16.8,-12.2,-14.4,0.0,156,True
mobilenet_v2,recon,adaround,L-A32--w-int6--a-fp32--mse_per_channel--fit-mse_per_channel-fp32in-s0,N-A32--w-int8--a-fp32--mse_per_channel,72.3,71.8,0.914384,0.938002,-0.5,-1.5,0.5,-0.5,0.424356,25,-1.2,-2.5,0.1,-1.2,0.096142,44,True
mobilenet_v2,recon,adaround,L-A32--w-int6--a-fp32--mse_per_channel--fit-mse_per_channel-fp32in-s0,N-A32--w-posit8_es1--a-fp32--mse_per_channel,72.3,71.7,0.860465,0.895937,-0.6,-1.9,0.7,-0.6,0.440799,42,-3.8,-5.4,-2.2,-3.8,1.1e-05,74,True
mobilenet_v2,recon,adaround,L-A32--w-int6--a-fp32--mse_per_channel--fit-mse_per_channel-fp32in-s0,N-default--w-fp6_e2m3--a-fp6_e2m3--default,72.3,66.235,0.679245,0.733548,-6.065,-7.956708,-4.129958,-6.9,0.0,119,,,,,,,True
mobilenet_v2,recon,adaround,L-A32--w-int6--a-fp32--mse_per_channel--fit-mse_per_channel-fp32in-s0,N-default--w-int6--a-int6--default,72.3,70.098333,0.755352,0.805583,-2.201667,-3.740083,-0.654958,-2.0,0.032993,80,-12.39,-14.425042,-10.494958,-12.4,0.0,140,True
mobilenet_v2,recon,adaround,L-A32--w-int6--a-fp32--mse_per_channel--fit-mse_per_channel-fp32in-s0,N-default--w-int8--a-int8--default,72.3,72.3,0.934028,0.952749,0.0,-0.85,0.85,-0.3,0.647606,19,0.083333,-1.05,1.2,0.3,0.735879,35,True
mobilenet_v2,recon,adaround,L-A32--w-int6--a-fp32--mse_per_channel--fit-mse_per_channel-fp32in-s0,N-default--w-posit8_es1--a-posit8_es1--default,72.3,72.391667,0.866221,0.900623,0.091667,-0.966667,1.166667,-0.4,0.635828,40,-5.375,-6.85,-3.916667,-5.6,0.0,76,True
mobilenet_v2,recon,adaround,L-A32--w-int6--a-fp32--mse_per_channel--fit-mse_per_channel-fp32in-s0,N-minimal--w-fp6_e2m3--a-fp6_e2m3--minimal,72.3,66.630952,0.695291,0.748993,-5.669048,-7.560833,-3.82369,-5.8,0.0,110,,,,,,,True
mobilenet_v2,recon,adaround,L-A32--w-int6--a-fp32--mse_per_channel--fit-mse_per_channel-fp32in-s0,N-minimal--w-int6--a-int6--minimal,72.3,66.308333,0.698895,0.752872,-5.991667,-7.916667,-4.075,-6.1,0.0,109,-17.291667,-19.766667,-14.966458,-17.2,0.0,190,True
mobilenet_v2,recon,adaround,L-A32--w-int6--a-fp32--mse_per_channel--fit-mse_per_channel-fp32in-s0,N-minimal--w-int8--a-int8--minimal,72.3,72.283333,0.90411,0.930262,-0.016667,-1.033333,1.0,-0.2,0.850554,28,-2.116667,-3.466667,-0.766667,-2.1,0.004601,51,True
mobilenet_v2,recon,adaround,L-A32--w-int6--a-fp32--mse_per_channel--fit-mse_per_channel-fp32in-s0,N-nobc--w-fp6_e2m3--a-fp6_e2m3--default_no_bias_correction,72.3,67.016667,0.707042,0.76031,-5.283333,-7.083333,-3.483333,-5.2,0.0,104,,,,,,,True
mobilenet_v2,recon,adaround,L-A32--w-int6--a-fp32--mse_per_channel--fit-mse_per_channel-fp32in-s0,N-nobc--w-int6--a-int6--default_no_bias_correction,72.3,67.141667,0.692521,0.746125,-5.158333,-7.1,-3.283333,-5.7,0.0,111,-16.933333,-19.3,-14.625,-17.6,0.0,184,True
mobilenet_v2,recon,adaround,L-A32--w-int6--a-fp32--mse_per_channel--fit-mse_per_channel-fp32in-s0,N-nobc--w-int8--a-int8--default_no_bias_correction,72.3,71.9,0.92069,0.942795,-0.4,-1.3,0.45,-0.3,0.677639,23,-1.65,-2.80125,-0.5,-1.6,0.013853,38,True
mobilenet_v2,recon,adaround,L-A32--w-int6--a-fp32--mse_per_channel--fit-mse_per_channel-fp32in-s0,N-nobc--w-posit8_es1--a-posit8_es1--default_no_bias_correction,72.3,72.108333,0.844371,0.883074,-0.191667,-1.458333,1.041667,-0.3,0.770867,47,-6.658333,-8.433542,-4.966667,-6.3,0.0,93,True
mobilenet_v2,recon,adaround,L-A32--w-int8--a-fp32--mse_per_channel--fit-mse_per_channel-fp32in-s0,L-A32--w-posit8_es1--a-fp32--mse_per_channel--fit-mse_per_channel-fp32in-s0,72.3,72.2,0.982143,0.987534,-0.1,-0.6,0.3,-0.1,1.0,5,-0.5,-1.1,0.1,-0.5,0.179688,9,True
mobilenet_v2,recon,adaround,L-A32--w-int8--a-fp32--mse_per_channel--fit-mse_per_channel-fp32in-s0,L-bc--w-fp6_e2m3--a-fp6_e2m3--default--fit-mse_per_channel-fp32in-s0,72.3,68.825,0.689459,0.742434,-3.475,-5.366667,-1.599792,-3.9,0.000237,109,-19.033333,-21.400208,-16.791458,-19.3,0.0,197,True
mobilenet_v2,recon,adaround,L-A32--w-int8--a-fp32--mse_per_channel--fit-mse_per_channel-fp32in-s0,L-bc--w-int4--a-int8--default--fit-mse_per_channel-fp32in-s0,72.3,54.233333,0.534447,0.579161,-18.066667,-20.726667,-15.449917,-18.1,0.0,223,,,,,,,True
mobilenet_v2,recon,adaround,L-A32--w-int8--a-fp32--mse_per_channel--fit-mse_per_channel-fp32in-s0,L-bc--w-int6--a-int6--default--fit-mse_per_channel-fp32in-s0,72.3,70.433333,0.805643,0.850134,-1.866667,-3.200417,-0.55,-2.2,0.007149,62,-10.741667,-12.525,-9.008333,-11.0,0.0,114,True
mobilenet_v2,recon,adaround,L-A32--w-int8--a-fp32--mse_per_channel--fit-mse_per_channel-fp32in-s0,L-bc--w-int8--a-int8--default--fit-mse_per_channel-fp32in-s0,72.3,72.25,0.961268,0.972656,-0.05,-0.6,0.5,-0.3,0.548828,11,-2.016667,-2.883333,-1.216667,-1.8,0.000534,26,True
mobilenet_v2,recon,adaround,L-A32--w-int8--a-fp32--mse_per_channel--fit-mse_per_channel-fp32in-s0,L-bc--w-posit8_es1--a-posit8_es1--default--fit-mse_per_channel-fp32in-s0,72.3,71.975,0.868243,0.902526,-0.325,-1.433333,0.791875,0.1,1.0,39,-7.566667,-9.133333,-6.066667,-7.6,0.0,80,True
mobilenet_v2,recon,adaround,L-A32--w-int8--a-fp32--mse_per_channel--fit-mse_per_channel-fp32in-s0,L-nobc--w-fp6_e2m3--a-fp6_e2m3--default_no_bias_correction--fit-mse_per_channel-fp32in-s0,72.3,70.95,0.768519,0.817516,-1.35,-2.8,0.133333,-1.9,0.036955,75,-12.458333,-14.325,-10.675,-12.6,0.0,128,True
mobilenet_v2,recon,adaround,L-A32--w-int8--a-fp32--mse_per_channel--fit-mse_per_channel-fp32in-s0,L-nobc--w-int4--a-int4--default_no_bias_correction--fit-mse_per_channel-fp32in-s0,72.3,27.181485,0.33116,0.245318,-45.118515,-47.787197,-42.394714,-46.7,0.0,513,,,,,,,True
mobilenet_v2,recon,adaround,L-A32--w-int8--a-fp32--mse_per_channel--fit-mse_per_channel-fp32in-s0,L-nobc--w-int4--a-int8--default_no_bias_correction--fit-mse_per_channel-fp32in-s0,72.3,71.483333,0.831169,0.871871,-0.816667,-2.18375,0.517083,-1.0,0.211609,52,-9.216667,-11.033333,-7.466667,-9.2,0.0,96,True
mobilenet_v2,recon,adaround,L-A32--w-int8--a-fp32--mse_per_channel--fit-mse_per_channel-fp32in-s0,L-nobc--w-int6--a-int6--default_no_bias_correction--fit-mse_per_channel-fp32in-s0,72.3,69.703333,0.818182,0.860985,-2.596667,-3.910083,-1.324958,-2.6,0.000862,58,-9.696667,-11.305083,-8.093292,-8.9,0.0,93,True
mobilenet_v2,recon,adaround,L-A32--w-int8--a-fp32--mse_per_channel--fit-mse_per_channel-fp32in-s0,L-nobc--w-int8--a-int8--default_no_bias_correction--fit-mse_per_channel-fp32in-s0,72.3,72.1,0.971631,0.980084,-0.2,-0.75,0.3,-0.2,0.726562,8,-2.016667,-2.916667,-1.183333,-1.8,0.000121,22,True
mobilenet_v2,recon,adaround,L-A32--w-int8--a-fp32--mse_per_channel--fit-mse_per_channel-fp32in-s0,L-nobc--w-posit8_es1--a-posit8_es1--default_no_bias_correction--fit-mse_per_channel-fp32in-s0,72.3,72.25,0.897611,0.925279,-0.05,-1.016667,0.916667,-0.2,0.855536,30,-6.263333,-7.666833,-4.9,-6.4,0.0,66,True
mobilenet_v2,recon,adaround,L-A32--w-int8--a-fp32--mse_per_channel--fit-mse_per_channel-fp32in-s0,LQ-bc--w-int6--a-int6--default--fit-mse_per_channel-b2in-int6-s0,72.3,71.766667,0.814103,0.85748,-0.533333,-1.816667,0.758333,-1.2,0.148006,58,-9.075,-10.716667,-7.5,-9.5,0.0,99,True
mobilenet_v2,recon,adaround,L-A32--w-int8--a-fp32--mse_per_channel--fit-mse_per_channel-fp32in-s0,LQ-nobc--w-int4--a-int4--default_no_bias_correction--fit-mse_per_channel-b2in-int4-s0,72.3,50.26543,0.453358,0.46455,-22.03457,-24.685269,-19.395331,-22.5,0.0,293,,,,,,,True
mobilenet_v2,recon,adaround,L-A32--w-int8--a-fp32--mse_per_channel--fit-mse_per_channel-fp32in-s0,LQ-nobc--w-int6--a-int6--default_no_bias_correction--fit-mse_per_channel-b2in-int6-s0,72.3,70.716667,0.823718,0.865529,-1.583333,-2.9,-0.266667,-1.5,0.058064,55,-9.141667,-10.8,-7.616667,-8.9,0.0,93,True
mobilenet_v2,recon,adaround,L-A32--w-int8--a-fp32--mse_per_channel--fit-mse_per_channel-fp32in-s0,N-A32--w-fp6_e2m3--a-fp32--mse_per_channel,72.3,68.9,0.765766,0.815098,-3.4,-5.1,-1.7,-3.4,0.000149,78,-15.9,-18.2,-13.7,-15.9,0.0,163,True
mobilenet_v2,recon,adaround,L-A32--w-int8--a-fp32--mse_per_channel--fit-mse_per_channel-fp32in-s0,N-A32--w-int6--a-fp32--mse_per_channel,72.3,68.3,0.741935,0.7933,-4.0,-5.9,-2.2,-4.0,2.4e-05,88,-16.8,-19.2,-14.5,-16.8,0.0,172,True
mobilenet_v2,recon,adaround,L-A32--w-int8--a-fp32--mse_per_channel--fit-mse_per_channel-fp32in-s0,N-A32--w-int8--a-fp32--mse_per_channel,72.3,71.8,0.934256,0.9529,-0.5,-1.3,0.3,-0.5,0.359283,19,-3.6,-4.8,-2.5,-3.6,0.0,38,True
mobilenet_v2,recon,adaround,L-A32--w-int8--a-fp32--mse_per_channel--fit-mse_per_channel-fp32in-s0,N-A32--w-posit8_es1--a-fp32--mse_per_channel,72.3,71.7,0.87291,0.905858,-0.6,-1.8,0.6,-0.6,0.417692,38,-6.2,-7.9,-4.6975,-6.2,0.0,72,True
mobilenet_v2,recon,adaround,L-A32--w-int8--a-fp32--mse_per_channel--fit-mse_per_channel-fp32in-s0,N-default--w-fp6_e2m3--a-fp6_e2m3--default,72.3,66.235,0.665775,0.719455,-6.065,-7.991708,-4.105,-6.9,0.0,125,,,,,,,True
mobilenet_v2,recon,adaround,L-A32--w-int8--a-fp32--mse_per_channel--fit-mse_per_channel-fp32in-s0,N-default--w-int6--a-int6--default,72.3,70.098333,0.734139,0.786022,-2.201667,-3.810083,-0.571542,-2.0,0.042211,88,-14.79,-16.830125,-12.821667,-14.8,0.0,148,True
mobilenet_v2,recon,adaround,L-A32--w-int8--a-fp32--mse_per_channel--fit-mse_per_channel-fp32in-s0,N-default--w-int8--a-int8--default,72.3,72.3,0.940767,0.957726,0.0,-0.8,0.8,-0.3,0.629059,17,-2.316667,-3.35,-1.35,-2.1,0.000104,29,True
mobilenet_v2,recon,adaround,L-A32--w-int8--a-fp32--mse_per_channel--fit-mse_per_channel-fp32in-s0,N-default--w-posit8_es1--a-posit8_es1--default,72.3,72.391667,0.866221,0.900623,0.091667,-0.941667,1.15,-0.4,0.635828,40,-7.775,-9.325208,-6.275,-8.0,0.0,82,True
mobilenet_v2,recon,adaround,L-A32--w-int8--a-fp32--mse_per_channel--fit-mse_per_channel-fp32in-s0,N-minimal--w-fp6_e2m3--a-fp6_e2m3--minimal,72.3,66.630952,0.695291,0.748993,-5.669048,-7.554851,-3.829762,-5.8,0.0,110,,,,,,,True
mobilenet_v2,recon,adaround,L-A32--w-int8--a-fp32--mse_per_channel--fit-mse_per_channel-fp32in-s0,N-minimal--w-int6--a-int6--minimal,72.3,66.308333,0.698895,0.752872,-5.991667,-7.916667,-4.066667,-6.1,0.0,109,-19.691667,-22.150208,-17.391667,-19.6,0.0,202,True
mobilenet_v2,recon,adaround,L-A32--w-int8--a-fp32--mse_per_channel--fit-mse_per_channel-fp32in-s0,N-minimal--w-int8--a-int8--minimal,72.3,72.283333,0.910653,0.935244,-0.016667,-0.983333,0.933333,-0.2,0.845019,26,-4.516667,-5.8,-3.333333,-4.5,0.0,47,True
mobilenet_v2,recon,adaround,L-A32--w-int8--a-fp32--mse_per_channel--fit-mse_per_channel-fp32in-s0,N-nobc--w-fp6_e2m3--a-fp6_e2m3--default_no_bias_correction,72.3,67.016667,0.711864,0.765066,-5.283333,-7.1,-3.483333,-5.2,0.0,102,,,,,,,True
mobilenet_v2,recon,adaround,L-A32--w-int8--a-fp32--mse_per_channel--fit-mse_per_channel-fp32in-s0,N-nobc--w-int6--a-int6--default_no_bias_correction,72.3,67.141667,0.687845,0.741387,-5.158333,-7.083333,-3.3,-5.7,0.0,113,-19.333333,-21.750208,-17.016667,-20.0,0.0,204,True
mobilenet_v2,recon,adaround,L-A32--w-int8--a-fp32--mse_per_channel--fit-mse_per_channel-fp32in-s0,N-nobc--w-int8--a-int8--default_no_bias_correction,72.3,71.9,0.92069,0.942795,-0.4,-1.3,0.45,-0.3,0.677639,23,-4.05,-5.3,-2.94875,-4.0,0.0,40,True
mobilenet_v2,recon,adaround,L-A32--w-int8--a-fp32--mse_per_channel--fit-mse_per_channel-fp32in-s0,N-nobc--w-posit8_es1--a-posit8_es1--default_no_bias_correction,72.3,72.108333,0.856667,0.893028,-0.191667,-1.391667,0.991667,-0.3,0.760792,43,-9.058333,-10.816667,-7.399792,-8.7,0.0,95,True
mobilenet_v2,recon,adaround,L-A32--w-posit8_es1--a-fp32--mse_per_channel--fit-mse_per_channel-fp32in-s0,L-bc--w-fp6_e2m3--a-fp6_e2m3--default--fit-mse_per_channel-fp32in-s0,72.2,68.825,0.6875,0.740093,-3.375,-5.3,-1.475,-3.8,0.000371,110,-18.533333,-20.925,-16.275,-18.8,0.0,196,True
mobilenet_v2,recon,adaround,L-A32--w-posit8_es1--a-fp32--mse_per_channel--fit-mse_per_channel-fp32in-s0,L-bc--w-int4--a-int8--default--fit-mse_per_channel-fp32in-s0,72.2,54.233333,0.530146,0.571987,-17.966667,-20.653333,-15.319917,-18.0,0.0,226,,,,,,,True
mobilenet_v2,recon,adaround,L-A32--w-posit8_es1--a-fp32--mse_per_channel--fit-mse_per_channel-fp32in-s0,L-bc--w-int6--a-int6--default--fit-mse_per_channel-fp32in-s0,72.2,70.433333,0.803125,0.847733,-1.766667,-3.116667,-0.433333,-2.1,0.011141,63,-10.241667,-12.05,-8.5,-10.5,0.0,113,True
mobilenet_v2,recon,adaround,L-A32--w-posit8_es1--a-fp32--mse_per_channel--fit-mse_per_channel-fp32in-s0,L-bc--w-int8--a-int8--default--fit-mse_per_channel-fp32in-s0,72.2,72.25,0.964789,0.975156,0.05,-0.55,0.65,-0.2,0.753906,10,-1.516667,-2.45,-0.616667,-1.3,0.02412,29,True
mobilenet_v2,recon,adaround,L-A32--w-posit8_es1--a-fp32--mse_per_channel--fit-mse_per_channel-fp32in-s0,L-bc--w-posit8_es1--a-posit8_es1--default--fit-mse_per_channel-fp32in-s0,72.2,71.975,0.86532,0.900147,-0.225,-1.341875,0.933542,0.2,0.874629,40,-7.066667,-8.633333,-5.533333,-7.1,0.0,79,True
mobilenet_v2,recon,adaround,L-A32--w-posit8_es1--a-fp32--mse_per_channel--fit-mse_per_channel-fp32in-s0,L-nobc--w-fp6_e2m3--a-fp6_e2m3--default_no_bias_correction--fit-mse_per_channel-fp32in-s0,72.2,70.95,0.771605,0.820051,-1.25,-2.733333,0.233333,-1.8,0.047393,74,-11.958333,-13.833333,-10.141458,-12.1,0.0,129,True
mobilenet_v2,recon,adaround,L-A32--w-posit8_es1--a-fp32--mse_per_channel--fit-mse_per_channel-fp32in-s0,L-nobc--w-int4--a-int4--default_no_bias_correction--fit-mse_per_channel-fp32in-s0,72.2,27.181485,0.334204,0.251469,-45.018515,-47.703093,-42.310912,-46.6,0.0,510,,,,,,,True
mobilenet_v2,recon,adaround,L-A32--w-posit8_es1--a-fp32--mse_per_channel--fit-mse_per_channel-fp32in-s0,L-nobc--w-int4--a-int8--default_no_bias_correction--fit-mse_per_channel-fp32in-s0,72.2,71.483333,0.834416,0.874422,-0.716667,-2.066667,0.616667,-0.9,0.262438,51,-8.716667,-10.516667,-6.966667,-8.7,0.0,93,True
mobilenet_v2,recon,adaround,L-A32--w-posit8_es1--a-fp32--mse_per_channel--fit-mse_per_channel-fp32in-s0,L-nobc--w-int6--a-int6--default_no_bias_correction--fit-mse_per_channel-fp32in-s0,72.2,69.703333,0.821317,0.863416,-2.496667,-3.833333,-1.193292,-2.5,0.001264,57,-9.196667,-10.840042,-7.579917,-8.4,0.0,92,True
mobilenet_v2,recon,adaround,L-A32--w-posit8_es1--a-fp32--mse_per_channel--fit-mse_per_channel-fp32in-s0,L-nobc--w-int8--a-int8--default_no_bias_correction--fit-mse_per_channel-fp32in-s0,72.2,72.1,0.968198,0.977608,-0.1,-0.7,0.5,-0.1,1.0,9,-1.516667,-2.416667,-0.65,-1.3,0.010622,23,True
mobilenet_v2,recon,adaround,L-A32--w-posit8_es1--a-fp32--mse_per_channel--fit-mse_per_channel-fp32in-s0,L-nobc--w-posit8_es1--a-posit8_es1--default_no_bias_correction--fit-mse_per_channel-fp32in-s0,72.2,72.25,0.901024,0.927841,0.05,-0.916667,1.033333,-0.1,1.0,29,-5.763333,-7.156667,-4.4,-5.9,0.0,63,True
mobilenet_v2,recon,adaround,L-A32--w-posit8_es1--a-fp32--mse_per_channel--fit-mse_per_channel-fp32in-s0,LQ-bc--w-int6--a-int6--default--fit-mse_per_channel-b2in-int6-s0,72.2,71.766667,0.817308,0.86003,-0.433333,-1.741667,0.85,-1.1,0.18485,57,-8.575,-10.233542,-7.008333,-9.0,0.0,98,True
mobilenet_v2,recon,adaround,L-A32--w-posit8_es1--a-fp32--mse_per_channel--fit-mse_per_channel-fp32in-s0,LQ-nobc--w-int4--a-int4--default_no_bias_correction--fit-mse_per_channel-b2in-int4-s0,72.2,50.26543,0.457944,0.470722,-21.93457,-24.583368,-19.317518,-22.4,0.0,290,,,,,,,True
mobilenet_v2,recon,adaround,L-A32--w-posit8_es1--a-fp32--mse_per_channel--fit-mse_per_channel-fp32in-s0,LQ-nobc--w-int6--a-int6--default_no_bias_correction--fit-mse_per_channel-b2in-int6-s0,72.2,70.716667,0.821086,0.863136,-1.483333,-2.825,-0.141667,-1.4,0.081427,56,-8.641667,-10.258333,-7.125,-8.4,0.0,90,True
mobilenet_v2,recon,adaround,L-A32--w-posit8_es1--a-fp32--mse_per_channel--fit-mse_per_channel-fp32in-s0,N-A32--w-fp6_e2m3--a-fp32--mse_per_channel,72.2,68.9,0.763473,0.812695,-3.3,-5.0,-1.6,-3.3,0.000264,79,-15.4,-17.8,-13.1,-15.4,0.0,166,True
mobilenet_v2,recon,adaround,L-A32--w-posit8_es1--a-fp32--mse_per_channel--fit-mse_per_channel-fp32in-s0,N-A32--w-int6--a-fp32--mse_per_channel,72.2,68.3,0.744868,0.795696,-3.9,-5.7,-2.1,-3.9,3.5e-05,87,-16.3,-18.7,-14.0,-16.3,0.0,169,True
mobilenet_v2,recon,adaround,L-A32--w-posit8_es1--a-fp32--mse_per_channel--fit-mse_per_channel-fp32in-s0,N-A32--w-int8--a-fp32--mse_per_channel,72.2,71.8,0.937716,0.955405,-0.4,-1.2,0.4,-0.4,0.480682,18,-3.1,-4.3,-1.9,-3.1,0.0,37,True
mobilenet_v2,recon,adaround,L-A32--w-posit8_es1--a-fp32--mse_per_channel--fit-mse_per_channel-fp32in-s0,N-A32--w-posit8_es1--a-fp32--mse_per_channel,72.2,71.7,0.876254,0.908407,-0.5,-1.7,0.7,-0.5,0.511376,37,-5.7,-7.3,-4.1,-5.7,0.0,71,True
mobilenet_v2,recon,adaround,L-A32--w-posit8_es1--a-fp32--mse_per_channel--fit-mse_per_channel-fp32in-s0,N-default--w-fp6_e2m3--a-fp6_e2m3--default,72.2,66.235,0.664,0.717034,-5.965,-7.921667,-3.9665,-6.8,0.0,126,,,,,,,True
mobilenet_v2,recon,adaround,L-A32--w-posit8_es1--a-fp32--mse_per_channel--fit-mse_per_channel-fp32in-s0,N-default--w-int6--a-int6--default,72.2,70.098333,0.731928,0.783699,-2.101667,-3.71,-0.458292,-1.9,0.055778,89,-14.29,-16.318375,-12.323333,-14.3,0.0,147,True
mobilenet_v2,recon,adaround,L-A32--w-posit8_es1--a-fp32--mse_per_channel--fit-mse_per_channel-fp32in-s0,N-default--w-int8--a-int8--default,72.2,72.3,0.9375,0.955271,0.1,-0.75,0.95,-0.2,0.814529,18,-1.816667,-2.916667,-0.75,-1.6,0.009041,34,True
mobilenet_v2,recon,adaround,L-A32--w-posit8_es1--a-fp32--mse_per_channel--fit-mse_per_channel-fp32in-s0,N-default--w-posit8_es1--a-posit8_es1--default,72.2,72.391667,0.869565,0.903194,0.191667,-0.866667,1.258333,-0.3,0.749259,39,-7.275,-8.858333,-5.758333,-7.5,0.0,79,True
mobilenet_v2,recon,adaround,L-A32--w-posit8_es1--a-fp32--mse_per_channel--fit-mse_per_channel-fp32in-s0,N-minimal--w-fp6_e2m3--a-fp6_e2m3--minimal,72.2,66.630952,0.702778,0.756036,-5.569048,-7.419048,-3.741667,-5.7,0.0,107,,,,,,,True
mobilenet_v2,recon,adaround,L-A32--w-posit8_es1--a-fp32--mse_per_channel--fit-mse_per_channel-fp32in-s0,N-minimal--w-int6--a-int6--minimal,72.2,66.308333,0.69697,0.750442,-5.891667,-7.841667,-3.916667,-6.0,0.0,110,-19.191667,-21.716667,-16.833333,-19.1,0.0,203,True
mobilenet_v2,recon,adaround,L-A32--w-posit8_es1--a-fp32--mse_per_channel--fit-mse_per_channel-fp32in-s0,N-minimal--w-int8--a-int8--minimal,72.2,72.283333,0.914089,0.937795,0.083333,-0.866667,1.066667,-0.1,1.0,25,-4.016667,-5.3,-2.8,-4.0,0.0,48,True
mobilenet_v2,recon,adaround,L-A32--w-posit8_es1--a-fp32--mse_per_channel--fit-mse_per_channel-fp32in-s0,N-nobc--w-fp6_e2m3--a-fp6_e2m3--default_no_bias_correction,72.2,67.016667,0.719547,0.772155,-5.183333,-6.95,-3.383333,-5.1,0.0,99,,,,,,,True
mobilenet_v2,recon,adaround,L-A32--w-posit8_es1--a-fp32--mse_per_channel--fit-mse_per_channel-fp32in-s0,N-nobc--w-int6--a-int6--default_no_bias_correction,72.2,67.141667,0.695291,0.748449,-5.058333,-7.008333,-3.183333,-5.6,0.0,110,-18.833333,-21.25,-16.5,-19.5,0.0,199,True
mobilenet_v2,recon,adaround,L-A32--w-posit8_es1--a-fp32--mse_per_channel--fit-mse_per_channel-fp32in-s0,N-nobc--w-int8--a-int8--default_no_bias_correction,72.2,71.9,0.924138,0.945329,-0.3,-1.2,0.55,-0.2,0.831812,22,-3.55,-4.85,-2.35,-3.5,0.0,41,True
mobilenet_v2,recon,adaround,L-A32--w-posit8_es1--a-fp32--mse_per_channel--fit-mse_per_channel-fp32in-s0,N-nobc--w-posit8_es1--a-posit8_es1--default_no_bias_correction,72.2,72.108333,0.86,0.895617,-0.091667,-1.283333,1.066667,-0.2,0.877614,42,-8.558333,-10.283333,-6.908333,-8.2,0.0,92,True
mobilenet_v2,recon,adaround,L-bc--w-fp6_e2m3--a-fp6_e2m3--default--fit-mse_per_channel-fp32in-s0,L-bc--w-int4--a-int8--default--fit-mse_per_channel-fp32in-s0,68.825,54.233333,0.629474,0.666014,-14.591667,-16.868375,-12.341625,-14.2,0.0,176,,,,,,,True
mobilenet_v2,recon,adaround,L-bc--w-fp6_e2m3--a-fp6_e2m3--default--fit-mse_per_channel-fp32in-s0,L-bc--w-int6--a-int6--default--fit-mse_per_channel-fp32in-s0,68.825,70.433333,0.762178,0.805821,1.608333,0.033333,3.175208,1.7,0.07842,83,8.291667,6.458333,10.158333,8.3,0.0,125,True
mobilenet_v2,recon,adaround,L-bc--w-fp6_e2m3--a-fp6_e2m3--default--fit-mse_per_channel-fp32in-s0,L-bc--w-int8--a-int8--default--fit-mse_per_channel-fp32in-s0,68.825,72.25,0.707736,0.759394,3.425,1.608125,5.2,3.6,0.000469,102,17.016667,14.85,19.275,17.5,0.0,181,True
mobilenet_v2,recon,adaround,L-bc--w-fp6_e2m3--a-fp6_e2m3--default--fit-mse_per_channel-fp32in-s0,L-bc--w-posit8_es1--a-posit8_es1--default--fit-mse_per_channel-fp32in-s0,68.825,71.975,0.746313,0.797714,3.15,1.599792,4.7,4.0,1.9e-05,86,11.466667,9.608333,13.383333,11.7,0.0,139,True
mobilenet_v2,recon,adaround,L-bc--w-fp6_e2m3--a-fp6_e2m3--default--fit-mse_per_channel-fp32in-s0,L-nobc--w-fp6_e2m3--a-fp6_e2m3--default_no_bias_correction--fit-mse_per_channel-fp32in-s0,68.825,70.95,0.733711,0.77965,2.125,0.525,3.733333,2.0,0.04945,94,6.575,4.616667,8.608333,6.7,0.0,141,True
mobilenet_v2,recon,adaround,L-bc--w-fp6_e2m3--a-fp6_e2m3--default--fit-mse_per_channel-fp32in-s0,L-nobc--w-int4--a-int4--default_no_bias_correction--fit-mse_per_channel-fp32in-s0,68.825,27.181485,0.383812,0.290274,-41.643515,-44.188677,-39.06084,-42.8,0.0,472,,,,,,,True
mobilenet_v2,recon,adaround,L-bc--w-fp6_e2m3--a-fp6_e2m3--default--fit-mse_per_channel-fp32in-s0,L-nobc--w-int4--a-int8--default_no_bias_correction--fit-mse_per_channel-fp32in-s0,68.825,71.483333,0.732759,0.78127,2.658333,0.925,4.375208,2.9,0.003462,93,9.816667,7.599792,12.1,10.1,0.0,161,True
mobilenet_v2,recon,adaround,L-bc--w-fp6_e2m3--a-fp6_e2m3--default--fit-mse_per_channel-fp32in-s0,L-nobc--w-int6--a-int6--default_no_bias_correction--fit-mse_per_channel-fp32in-s0,68.825,69.703333,0.686649,0.731335,0.878333,-0.958333,2.716667,1.3,0.263054,115,9.336667,7.125,11.625,10.4,0.0,176,True
mobilenet_v2,recon,adaround,L-bc--w-fp6_e2m3--a-fp6_e2m3--default--fit-mse_per_channel-fp32in-s0,L-nobc--w-int8--a-int8--default_no_bias_correction--fit-mse_per_channel-fp32in-s0,68.825,72.1,0.690341,0.742558,3.275,1.408333,5.116667,3.7,0.000505,109,17.016667,14.774792,19.35,17.5,0.0,187,True
mobilenet_v2,recon,adaround,L-bc--w-fp6_e2m3--a-fp6_e2m3--default--fit-mse_per_channel-fp32in-s0,L-nobc--w-posit8_es1--a-posit8_es1--default_no_bias_correction--fit-mse_per_channel-fp32in-s0,68.825,72.25,0.70977,0.761741,3.425,1.666458,5.166667,3.7,0.000296,101,12.77,10.706583,14.9,12.9,0.0,165,True
mobilenet_v2,recon,adaround,L-bc--w-fp6_e2m3--a-fp6_e2m3--default--fit-mse_per_channel-fp32in-s0,LQ-bc--w-int6--a-int6--default--fit-mse_per_channel-b2in-int6-s0,68.825,71.766667,0.743516,0.790893,2.941667,1.358333,4.541667,2.7,0.005545,89,9.958333,7.991667,11.983542,9.8,0.0,146,True
mobilenet_v2,recon,adaround,L-bc--w-fp6_e2m3--a-fp6_e2m3--default--fit-mse_per_channel-fp32in-s0,LQ-nobc--w-int4--a-int4--default_no_bias_correction--fit-mse_per_channel-b2in-int4-s0,68.825,50.26543,0.531835,0.539323,-18.55957,-21.007391,-16.131843,-18.6,0.0,250,,,,,,,True
mobilenet_v2,recon,adaround,L-bc--w-fp6_e2m3--a-fp6_e2m3--default--fit-mse_per_channel-fp32in-s0,LQ-nobc--w-int6--a-int6--default_no_bias_correction--fit-mse_per_channel-b2in-int6-s0,68.825,70.716667,0.703081,0.750886,1.891667,0.083333,3.641667,2.4,0.025021,106,9.891667,7.733333,12.158542,10.4,0.0,176,True
mobilenet_v2,recon,adaround,L-bc--w-fp6_e2m3--a-fp6_e2m3--default--fit-mse_per_channel-fp32in-s0,N-A32--w-fp6_e2m3--a-fp32--mse_per_channel,68.825,68.9,0.667553,0.709653,0.075,-1.966667,2.058542,0.5,0.720673,125,3.133333,0.708333,5.633542,3.4,0.013158,178,True
mobilenet_v2,recon,adaround,L-bc--w-fp6_e2m3--a-fp6_e2m3--default--fit-mse_per_channel-fp32in-s0,N-A32--w-int6--a-fp32--mse_per_channel,68.825,68.3,0.683511,0.724957,-0.525,-2.616667,1.533333,-0.1,1.0,119,2.233333,-0.275,4.741667,2.5,0.069337,175,True
mobilenet_v2,recon,adaround,L-bc--w-fp6_e2m3--a-fp6_e2m3--default--fit-mse_per_channel-fp32in-s0,N-A32--w-int8--a-fp32--mse_per_channel,68.825,71.8,0.703704,0.754729,2.975,1.125,4.816667,3.4,0.001109,104,15.433333,13.174792,17.75,15.7,0.0,183,True
mobilenet_v2,recon,adaround,L-bc--w-fp6_e2m3--a-fp6_e2m3--default--fit-mse_per_channel-fp32in-s0,N-A32--w-posit8_es1--a-fp32--mse_per_channel,68.825,71.7,0.69209,0.74286,2.875,1.025,4.75,3.3,0.002033,109,12.833333,10.491458,15.175,13.1,0.0,181,True
mobilenet_v2,recon,adaround,L-bc--w-fp6_e2m3--a-fp6_e2m3--default--fit-mse_per_channel-fp32in-s0,N-default--w-fp6_e2m3--a-fp6_e2m3--default,68.825,66.235,0.784367,0.82143,-2.59,-4.018375,-1.184917,-3.0,0.001053,80,,,,,,,True
mobilenet_v2,recon,adaround,L-bc--w-fp6_e2m3--a-fp6_e2m3--default--fit-mse_per_channel-fp32in-s0,N-default--w-int6--a-int6--default,68.825,70.098333,0.756447,0.800939,1.273333,-0.325,2.873333,1.9,0.050251,85,4.243333,2.36825,6.17175,4.5,6.1e-05,123,True
mobilenet_v2,recon,adaround,L-bc--w-fp6_e2m3--a-fp6_e2m3--default--fit-mse_per_channel-fp32in-s0,N-default--w-int8--a-int8--default,68.825,72.3,0.693182,0.745023,3.475,1.625,5.316667,3.6,0.000684,108,16.716667,14.458125,19.033333,17.2,0.0,186,True
mobilenet_v2,recon,adaround,L-bc--w-fp6_e2m3--a-fp6_e2m3--default--fit-mse_per_channel-fp32in-s0,N-default--w-posit8_es1--a-posit8_es1--default,68.825,72.391667,0.730435,0.780983,3.566667,1.908333,5.266667,3.5,0.000366,93,11.258333,9.316458,13.308333,11.3,0.0,149,True
mobilenet_v2,recon,adaround,L-bc--w-fp6_e2m3--a-fp6_e2m3--default--fit-mse_per_channel-fp32in-s0,N-minimal--w-fp6_e2m3--a-fp6_e2m3--minimal,68.825,66.630952,0.686528,0.725228,-2.194048,-4.054851,-0.343899,-1.9,0.101368,121,,,,,,,True
mobilenet_v2,recon,adaround,L-bc--w-fp6_e2m3--a-fp6_e2m3--default--fit-mse_per_channel-fp32in-s0,N-minimal--w-int6--a-int6--minimal,68.825,66.308333,0.681234,0.719326,-2.516667,-4.558333,-0.491667,-2.2,0.058876,124,-0.658333,-3.125,1.766667,-0.3,0.88056,177,True
mobilenet_v2,recon,adaround,L-bc--w-fp6_e2m3--a-fp6_e2m3--default--fit-mse_per_channel-fp32in-s0,N-minimal--w-int8--a-int8--minimal,68.825,72.283333,0.695157,0.747354,3.458333,1.624792,5.266667,3.7,0.000445,107,14.516667,12.308333,16.816875,14.8,0.0,182,True
mobilenet_v2,recon,adaround,L-bc--w-fp6_e2m3--a-fp6_e2m3--default--fit-mse_per_channel-fp32in-s0,N-nobc--w-fp6_e2m3--a-fp6_e2m3--default_no_bias_correction,68.825,67.016667,0.662371,0.700588,-1.808333,-3.733333,0.125,-1.3,0.294406,131,,,,,,,True
mobilenet_v2,recon,adaround,L-bc--w-fp6_e2m3--a-fp6_e2m3--default--fit-mse_per_channel-fp32in-s0,N-nobc--w-int6--a-int6--default_no_bias_correction,68.825,67.141667,0.679587,0.718087,-1.683333,-3.816667,0.366667,-1.8,0.12651,124,-0.3,-2.716667,2.108333,-0.7,0.650272,175,True
mobilenet_v2,recon,adaround,L-bc--w-fp6_e2m3--a-fp6_e2m3--default--fit-mse_per_channel-fp32in-s0,N-nobc--w-int8--a-int8--default_no_bias_correction,68.825,71.9,0.702857,0.754604,3.075,1.241667,4.858333,3.6,0.000534,104,14.983333,12.775,17.300208,15.3,0.0,183,True
mobilenet_v2,recon,adaround,L-bc--w-fp6_e2m3--a-fp6_e2m3--default--fit-mse_per_channel-fp32in-s0,N-nobc--w-posit8_es1--a-posit8_es1--default_no_bias_correction,68.825,72.108333,0.688385,0.740232,3.283333,1.508333,5.058542,3.6,0.000769,110,9.975,7.8,12.125208,10.6,0.0,170,True
mobilenet_v2,recon,adaround,L-bc--w-int4--a-int8--default--fit-mse_per_channel-fp32in-s0,L-bc--w-int6--a-int6--default--fit-mse_per_channel-fp32in-s0,54.233333,70.433333,0.580376,0.618402,16.2,13.809917,18.6,15.9,0.0,201,,,,,,,True
mobilenet_v2,recon,adaround,L-bc--w-int4--a-int8--default--fit-mse_per_channel-fp32in-s0,L-bc--w-int8--a-int8--default--fit-mse_per_channel-fp32in-s0,54.233333,72.25,0.54071,0.584517,18.016667,15.459917,20.616833,17.8,0.0,220,,,,,,,True
mobilenet_v2,recon,adaround,L-bc--w-int4--a-int8--default--fit-mse_per_channel-fp32in-s0,L-bc--w-posit8_es1--a-posit8_es1--default--fit-mse_per_channel-fp32in-s0,54.233333,71.975,0.548523,0.599825,17.741667,15.266625,20.281708,18.2,0.0,214,,,,,,,True
mobilenet_v2,recon,adaround,L-bc--w-int4--a-int8--default--fit-mse_per_channel-fp32in-s0,L-nobc--w-fp6_e2m3--a-fp6_e2m3--default_no_bias_correction--fit-mse_per_channel-fp32in-s0,54.233333,70.95,0.541922,0.569085,16.716667,14.206583,19.263417,16.2,0.0,224,,,,,,,True
mobilenet_v2,recon,adaround,L-bc--w-int4--a-int8--default--fit-mse_per_channel-fp32in-s0,L-nobc--w-int4--a-int4--default_no_bias_correction--fit-mse_per_channel-fp32in-s0,54.233333,27.181485,0.487624,0.244886,-27.051849,-29.970806,-24.135115,-28.6,0.0,414,,,,,,,True
mobilenet_v2,recon,adaround,L-bc--w-int4--a-int8--default--fit-mse_per_channel-fp32in-s0,L-nobc--w-int4--a-int8--default_no_bias_correction--fit-mse_per_channel-fp32in-s0,54.233333,71.483333,0.561845,0.60588,17.25,14.74,19.78,17.1,0.0,209,,,,,,,True
mobilenet_v2,recon,adaround,L-bc--w-int4--a-int8--default--fit-mse_per_channel-fp32in-s0,L-nobc--w-int6--a-int6--default_no_bias_correction--fit-mse_per_channel-fp32in-s0,54.233333,69.703333,0.549898,0.573126,15.47,12.931667,18.060042,15.5,0.0,221,,,,,,,True
mobilenet_v2,recon,adaround,L-bc--w-int4--a-int8--default--fit-mse_per_channel-fp32in-s0,L-nobc--w-int8--a-int8--default_no_bias_correction--fit-mse_per_channel-fp32in-s0,54.233333,72.1,0.538622,0.582732,17.866667,15.2965,20.45,17.9,0.0,221,,,,,,,True
mobilenet_v2,recon,adaround,L-bc--w-int4--a-int8--default--fit-mse_per_channel-fp32in-s0,L-nobc--w-posit8_es1--a-posit8_es1--default_no_bias_correction--fit-mse_per_channel-fp32in-s0,54.233333,72.25,0.548319,0.596157,18.016667,15.516667,20.556667,17.9,0.0,215,,,,,,,True
mobilenet_v2,recon,adaround,L-bc--w-int4--a-int8--default--fit-mse_per_channel-fp32in-s0,LQ-bc--w-int6--a-int6--default--fit-mse_per_channel-b2in-int6-s0,54.233333,71.766667,0.566038,0.609428,17.533333,15.139958,19.946875,16.9,0.0,207,,,,,,,True
mobilenet_v2,recon,adaround,L-bc--w-int4--a-int8--default--fit-mse_per_channel-fp32in-s0,LQ-nobc--w-int4--a-int4--default_no_bias_correction--fit-mse_per_channel-b2in-int4-s0,54.233333,50.26543,0.586777,0.502115,-3.967904,-6.581358,-1.367461,-4.4,0.006422,250,,,,,,,True
mobilenet_v2,recon,adaround,L-bc--w-int4--a-int8--default--fit-mse_per_channel-fp32in-s0,LQ-nobc--w-int6--a-int6--default_no_bias_correction--fit-mse_per_channel-b2in-int6-s0,54.233333,70.716667,0.556017,0.592678,16.483333,14.008292,19.023333,16.6,0.0,214,,,,,,,True
mobilenet_v2,recon,adaround,L-bc--w-int4--a-int8--default--fit-mse_per_channel-fp32in-s0,N-A32--w-fp6_e2m3--a-fp32--mse_per_channel,54.233333,68.9,0.563008,0.583445,14.666667,11.9665,17.29675,14.7,0.0,215,,,,,,,True
mobilenet_v2,recon,adaround,L-bc--w-int4--a-int8--default--fit-mse_per_channel-fp32in-s0,N-A32--w-int6--a-fp32--mse_per_channel,54.233333,68.3,0.611227,0.641906,14.066667,11.619917,16.473417,14.1,0.0,187,,,,,,,True
mobilenet_v2,recon,adaround,L-bc--w-int4--a-int8--default--fit-mse_per_channel-fp32in-s0,N-A32--w-int8--a-fp32--mse_per_channel,54.233333,71.8,0.548117,0.592547,17.566667,15.016667,20.156667,17.6,0.0,216,,,,,,,True
mobilenet_v2,recon,adaround,L-bc--w-int4--a-int8--default--fit-mse_per_channel-fp32in-s0,N-A32--w-posit8_es1--a-fp32--mse_per_channel,54.233333,71.7,0.546973,0.589871,17.466667,14.876417,20.06675,17.5,0.0,217,,,,,,,True
mobilenet_v2,recon,adaround,L-bc--w-int4--a-int8--default--fit-mse_per_channel-fp32in-s0,N-default--w-fp6_e2m3--a-fp6_e2m3--default,54.233333,66.235,0.689076,0.715307,12.001667,9.921667,14.125,11.2,0.0,148,,,,,,,True
mobilenet_v2,recon,adaround,L-bc--w-int4--a-int8--default--fit-mse_per_channel-fp32in-s0,N-default--w-int6--a-int6--default,54.233333,70.098333,0.589474,0.632406,15.865,13.58325,18.246833,16.1,0.0,195,,,,,,,True
mobilenet_v2,recon,adaround,L-bc--w-int4--a-int8--default--fit-mse_per_channel-fp32in-s0,N-default--w-int8--a-int8--default,54.233333,72.3,0.543933,0.588987,18.066667,15.499917,20.633333,17.8,0.0,218,,,,,,,True
mobilenet_v2,recon,adaround,L-bc--w-int4--a-int8--default--fit-mse_per_channel-fp32in-s0,N-default--w-posit8_es1--a-posit8_es1--default,54.233333,72.391667,0.549266,0.595233,18.158333,15.703333,20.691875,17.7,0.0,215,,,,,,,True
mobilenet_v2,recon,adaround,L-bc--w-int4--a-int8--default--fit-mse_per_channel-fp32in-s0,N-minimal--w-fp6_e2m3--a-fp6_e2m3--minimal,54.233333,66.630952,0.592369,0.602013,12.397619,9.900893,14.911756,12.3,0.0,203,,,,,,,True
mobilenet_v2,recon,adaround,L-bc--w-int4--a-int8--default--fit-mse_per_channel-fp32in-s0,N-minimal--w-int6--a-int6--minimal,54.233333,66.308333,0.614604,0.628806,12.075,9.62325,14.555125,12.0,0.0,190,,,,,,,True
mobilenet_v2,recon,adaround,L-bc--w-int4--a-int8--default--fit-mse_per_channel-fp32in-s0,N-minimal--w-int8--a-int8--minimal,54.233333,72.283333,0.538622,0.582732,18.05,15.49325,20.633333,17.9,0.0,221,,,,,,,True
mobilenet_v2,recon,adaround,L-bc--w-int4--a-int8--default--fit-mse_per_channel-fp32in-s0,N-nobc--w-fp6_e2m3--a-fp6_e2m3--default_no_bias_correction,54.233333,67.016667,0.577154,0.586592,12.783333,10.249917,15.3235,12.9,0.0,211,,,,,,,True
mobilenet_v2,recon,adaround,L-bc--w-int4--a-int8--default--fit-mse_per_channel-fp32in-s0,N-nobc--w-int6--a-int6--default_no_bias_correction,54.233333,67.141667,0.603239,0.617176,12.908333,10.424917,15.396708,12.4,0.0,196,,,,,,,True
mobilenet_v2,recon,adaround,L-bc--w-int4--a-int8--default--fit-mse_per_channel-fp32in-s0,N-nobc--w-int8--a-int8--default_no_bias_correction,54.233333,71.9,0.543933,0.588987,17.666667,15.136667,20.20675,17.8,0.0,218,,,,,,,True
mobilenet_v2,recon,adaround,L-bc--w-int4--a-int8--default--fit-mse_per_channel-fp32in-s0,N-nobc--w-posit8_es1--a-posit8_es1--default_no_bias_correction,54.233333,72.108333,0.534304,0.575577,17.875,15.343333,20.438375,17.8,0.0,224,,,,,,,True
mobilenet_v2,recon,adaround,L-bc--w-int6--a-int6--default--fit-mse_per_channel-fp32in-s0,L-bc--w-int8--a-int8--default--fit-mse_per_channel-fp32in-s0,70.433333,72.25,0.820755,0.862422,1.816667,0.55,3.050417,1.9,0.016348,57,8.725,7.116667,10.367083,9.2,0.0,100,True
mobilenet_v2,recon,adaround,L-bc--w-int6--a-int6--default--fit-mse_per_channel-fp32in-s0,L-bc--w-posit8_es1--a-posit8_es1--default--fit-mse_per_channel-fp32in-s0,70.433333,71.975,0.825397,0.867204,1.541667,0.325,2.783333,2.3,0.002667,55,3.175,1.691667,4.641667,3.4,0.000266,84,True
mobilenet_v2,recon,adaround,L-bc--w-int6--a-int6--default--fit-mse_per_channel-fp32in-s0,L-nobc--w-fp6_e2m3--a-fp6_e2m3--default_no_bias_correction--fit-mse_per_channel-fp32in-s0,70.433333,70.95,0.781437,0.825377,0.516667,-0.933333,1.966667,0.3,0.815121,73,-1.716667,-3.533333,0.158333,-1.6,0.181224,126,True
mobilenet_v2,recon,adaround,L-bc--w-int6--a-int6--default--fit-mse_per_channel-fp32in-s0,L-nobc--w-int4--a-int4--default_no_bias_correction--fit-mse_per_channel-fp32in-s0,70.433333,27.181485,0.363399,0.277994,-43.251849,-45.817993,-40.650657,-44.5,0.0,487,,,,,,,True
mobilenet_v2,recon,adaround,L-bc--w-int6--a-int6--default--fit-mse_per_channel-fp32in-s0,L-nobc--w-int4--a-int8--default_no_bias_correction--fit-mse_per_channel-fp32in-s0,70.433333,71.483333,0.786585,0.831419,1.05,-0.383333,2.5,1.2,0.188216,70,1.525,-0.441667,3.467083,1.8,0.132625,128,True
mobilenet_v2,recon,adaround,L-bc--w-int6--a-int6--default--fit-mse_per_channel-fp32in-s0,L-nobc--w-int6--a-int6--default_no_bias_correction--fit-mse_per_channel-fp32in-s0,70.433333,69.703333,0.775811,0.819431,-0.73,-2.141667,0.653333,-0.4,0.731009,76,1.045,-0.655,2.835042,2.1,0.057164,111,True
mobilenet_v2,recon,adaround,L-bc--w-int6--a-int6--default--fit-mse_per_channel-fp32in-s0,L-nobc--w-int8--a-int8--default_no_bias_correction--fit-mse_per_channel-fp32in-s0,70.433333,72.1,0.811912,0.855083,1.666667,0.35,2.983333,2.0,0.013489,60,8.725,7.033333,10.466667,9.2,0.0,110,True
mobilenet_v2,recon,adaround,L-bc--w-int6--a-int6--default--fit-mse_per_channel-fp32in-s0,L-nobc--w-posit8_es1--a-posit8_es1--default_no_bias_correction--fit-mse_per_channel-fp32in-s0,70.433333,72.25,0.773006,0.820992,1.816667,0.416667,3.233333,2.0,0.026517,74,4.478333,2.745,6.231708,4.6,2.3e-05,116,True
mobilenet_v2,recon,adaround,L-bc--w-int6--a-int6--default--fit-mse_per_channel-fp32in-s0,LQ-bc--w-int6--a-int6--default--fit-mse_per_channel-b2in-int6-s0,70.433333,71.766667,0.8375,0.875006,1.333333,0.191667,2.516667,1.0,0.211609,52,1.666667,0.216458,3.133333,1.5,0.128396,85,True
mobilenet_v2,recon,adaround,L-bc--w-int6--a-int6--default--fit-mse_per_channel-fp32in-s0,LQ-nobc--w-int4--a-int4--default_no_bias_correction--fit-mse_per_channel-b2in-int4-s0,70.433333,50.26543,0.49162,0.497588,-20.167904,-22.724895,-17.682907,-20.3,0.0,273,,,,,,,True
mobilenet_v2,recon,adaround,L-bc--w-int6--a-int6--default--fit-mse_per_channel-fp32in-s0,LQ-nobc--w-int6--a-int6--default_no_bias_correction--fit-mse_per_channel-b2in-int6-s0,70.433333,70.716667,0.801829,0.844013,0.283333,-1.033333,1.566667,0.7,0.457021,65,1.6,-0.058333,3.3,2.1,0.050442,105,True
mobilenet_v2,recon,adaround,L-bc--w-int6--a-int6--default--fit-mse_per_channel-fp32in-s0,N-A32--w-fp6_e2m3--a-fp32--mse_per_channel,70.433333,68.9,0.723164,0.769188,-1.533333,-3.366667,0.266667,-1.2,0.266406,98,-5.158333,-7.408333,-2.925,-4.9,0.000126,159,True
mobilenet_v2,recon,adaround,L-bc--w-int6--a-int6--default--fit-mse_per_channel-fp32in-s0,N-A32--w-int6--a-fp32--mse_per_channel,70.433333,68.3,0.735211,0.780263,-2.133333,-3.933333,-0.366667,-1.8,0.078976,94,-6.058333,-8.383333,-3.75,-5.8,5e-06,158,True
mobilenet_v2,recon,adaround,L-bc--w-int6--a-int6--default--fit-mse_per_channel-fp32in-s0,N-A32--w-int8--a-fp32--mse_per_channel,70.433333,71.8,0.809969,0.852797,1.366667,0.049583,2.716667,1.7,0.039617,61,7.141667,5.433333,8.933333,7.4,0.0,108,True
mobilenet_v2,recon,adaround,L-bc--w-int6--a-int6--default--fit-mse_per_channel-fp32in-s0,N-A32--w-posit8_es1--a-fp32--mse_per_channel,70.433333,71.7,0.790769,0.835886,1.266667,-0.133333,2.716667,1.6,0.068119,68,4.541667,2.633333,6.458333,4.8,1.2e-05,118,True
mobilenet_v2,recon,adaround,L-bc--w-int6--a-int6--default--fit-mse_per_channel-fp32in-s0,N-default--w-fp6_e2m3--a-fp6_e2m3--default,70.433333,66.235,0.743243,0.787697,-4.198333,-5.740083,-2.616667,-4.7,1e-06,95,,,,,,,True
mobilenet_v2,recon,adaround,L-bc--w-int6--a-int6--default--fit-mse_per_channel-fp32in-s0,N-default--w-int6--a-int6--default,70.433333,70.098333,0.828221,0.866165,-0.335,-1.468333,0.795,0.2,0.893853,56,-4.048333,-5.490083,-2.649958,-3.8,2e-05,78,True
mobilenet_v2,recon,adaround,L-bc--w-int6--a-int6--default--fit-mse_per_channel-fp32in-s0,N-default--w-int8--a-int8--default,70.433333,72.3,0.826498,0.867287,1.866667,0.6,3.133333,1.9,0.014454,55,8.425,6.8,10.108333,8.9,0.0,99,True
mobilenet_v2,recon,adaround,L-bc--w-int6--a-int6--default--fit-mse_per_channel-fp32in-s0,N-default--w-posit8_es1--a-posit8_es1--default,70.433333,72.391667,0.84127,0.879469,1.958333,0.816667,3.158333,1.8,0.015347,50,2.966667,1.441667,4.466875,3.0,0.001404,84,True
mobilenet_v2,recon,adaround,L-bc--w-int6--a-int6--default--fit-mse_per_channel-fp32in-s0,N-minimal--w-fp6_e2m3--a-fp6_e2m3--minimal,70.433333,66.630952,0.704301,0.748936,-3.802381,-5.610774,-2.058244,-3.6,0.000769,110,,,,,,,True
mobilenet_v2,recon,adaround,L-bc--w-int6--a-int6--default--fit-mse_per_channel-fp32in-s0,N-minimal--w-int6--a-int6--minimal,70.433333,66.308333,0.703209,0.747768,-4.125,-5.975,-2.249792,-3.9,0.000272,111,-8.95,-11.225,-6.783333,-8.6,0.0,166,True
mobilenet_v2,recon,adaround,L-bc--w-int6--a-int6--default--fit-mse_per_channel-fp32in-s0,N-minimal--w-int8--a-int8--minimal,70.433333,72.283333,0.80625,0.850213,1.85,0.5,3.2,2.0,0.015134,62,6.225,4.441667,8.008542,6.5,0.0,113,True
mobilenet_v2,recon,adaround,L-bc--w-int6--a-int6--default--fit-mse_per_channel-fp32in-s0,N-nobc--w-fp6_e2m3--a-fp6_e2m3--default_no_bias_correction,70.433333,67.016667,0.715847,0.760688,-3.416667,-5.2,-1.683333,-3.0,0.004233,104,,,,,,,True
mobilenet_v2,recon,adaround,L-bc--w-int6--a-int6--default--fit-mse_per_channel-fp32in-s0,N-nobc--w-int6--a-int6--default_no_bias_correction,70.433333,67.141667,0.692513,0.736984,-3.291667,-5.175,-1.4,-3.5,0.001413,115,-8.591667,-10.841875,-6.366458,-9.0,0.0,174,True
mobilenet_v2,recon,adaround,L-bc--w-int6--a-int6--default--fit-mse_per_channel-fp32in-s0,N-nobc--w-int8--a-int8--default_no_bias_correction,70.433333,71.9,0.815047,0.857557,1.466667,0.166667,2.75,1.9,0.018337,59,6.691667,4.975,8.483333,7.0,0.0,106,True
mobilenet_v2,recon,adaround,L-bc--w-int6--a-int6--default--fit-mse_per_channel-fp32in-s0,N-nobc--w-posit8_es1--a-posit8_es1--default_no_bias_correction,70.433333,72.108333,0.79257,0.838098,1.675,0.283333,3.058333,1.9,0.02712,67,1.683333,-0.2,3.533333,2.3,0.041501,117,True
mobilenet_v2,recon,adaround,L-bc--w-int8--a-int8--default--fit-mse_per_channel-fp32in-s0,L-bc--w-posit8_es1--a-posit8_es1--default--fit-mse_per_channel-fp32in-s0,72.25,71.975,0.872054,0.905386,-0.275,-1.341667,0.833333,0.4,0.627103,38,-5.55,-6.983333,-4.183333,-5.8,0.0,68,True
mobilenet_v2,recon,adaround,L-bc--w-int8--a-int8--default--fit-mse_per_channel-fp32in-s0,L-nobc--w-fp6_e2m3--a-fp6_e2m3--default_no_bias_correction--fit-mse_per_channel-fp32in-s0,72.25,70.95,0.777778,0.825121,-1.3,-2.65,0.066667,-1.6,0.076369,72,-10.441667,-12.158333,-8.791458,-10.8,0.0,114,True
mobilenet_v2,recon,adaround,L-bc--w-int8--a-int8--default--fit-mse_per_channel-fp32in-s0,L-nobc--w-int4--a-int4--default_no_bias_correction--fit-mse_per_channel-fp32in-s0,72.25,27.181485,0.335072,0.248427,-45.068515,-47.685673,-42.374673,-46.4,0.0,510,,,,,,,True
mobilenet_v2,recon,adaround,L-bc--w-int8--a-int8--default--fit-mse_per_channel-fp32in-s0,L-nobc--w-int4--a-int8--default_no_bias_correction--fit-mse_per_channel-fp32in-s0,72.25,71.483333,0.840909,0.879524,-0.766667,-2.05,0.483333,-0.7,0.391603,49,-7.2,-8.933333,-5.533333,-7.4,0.0,84,True
mobilenet_v2,recon,adaround,L-bc--w-int8--a-int8--default--fit-mse_per_channel-fp32in-s0,L-nobc--w-int6--a-int6--default_no_bias_correction--fit-mse_per_channel-fp32in-s0,72.25,69.703333,0.821875,0.86343,-2.546667,-3.82175,-1.283333,-2.3,0.003202,57,-7.68,-9.276708,-6.1,-7.1,0.0,91,True
mobilenet_v2,recon,adaround,L-bc--w-int8--a-int8--default--fit-mse_per_channel-fp32in-s0,L-nobc--w-int8--a-int8--default_no_bias_correction--fit-mse_per_channel-fp32in-s0,72.25,72.1,0.961404,0.972691,-0.15,-0.7,0.4,0.1,1.0,11,0.0,-0.85,0.85,0.0,1.0,26,True
mobilenet_v2,recon,adaround,L-bc--w-int8--a-int8--default--fit-mse_per_channel-fp32in-s0,L-nobc--w-posit8_es1--a-posit8_es1--default_no_bias_correction--fit-mse_per_channel-fp32in-s0,72.25,72.25,0.888514,0.918068,-0.0,-0.933333,0.95,0.1,1.0,33,-4.246667,-5.56675,-2.966583,-4.6,0.0,68,True
mobilenet_v2,recon,adaround,L-bc--w-int8--a-int8--default--fit-mse_per_channel-fp32in-s0,LQ-bc--w-int6--a-int6--default--fit-mse_per_channel-b2in-int6-s0,72.25,71.766667,0.817891,0.860216,-0.483333,-1.666667,0.733333,-0.9,0.289244,57,-7.058333,-8.516667,-5.666667,-7.7,0.0,83,True
mobilenet_v2,recon,adaround,L-bc--w-int8--a-int8--default--fit-mse_per_channel-fp32in-s0,LQ-nobc--w-int4--a-int4--default_no_bias_correction--fit-mse_per_channel-b2in-int4-s0,72.25,50.26543,0.461682,0.474125,-21.98457,-24.596912,-19.382985,-22.2,0.0,288,,,,,,,True
mobilenet_v2,recon,adaround,L-bc--w-int8--a-int8--default--fit-mse_per_channel-fp32in-s0,LQ-nobc--w-int6--a-int6--default_no_bias_correction--fit-mse_per_channel-b2in-int6-s0,72.25,70.716667,0.821656,0.863279,-1.533333,-2.816667,-0.241667,-1.2,0.140895,56,-7.125,-8.683333,-5.6,-7.1,0.0,87,True
mobilenet_v2,recon,adaround,L-bc--w-int8--a-int8--default--fit-mse_per_channel-fp32in-s0,N-A32--w-fp6_e2m3--a-fp32--mse_per_channel,72.25,68.9,0.769461,0.817541,-3.35,-5.1,-1.65,-3.1,0.000539,77,-13.883333,-16.15,-11.633333,-14.1,0.0,159,True
mobilenet_v2,recon,adaround,L-bc--w-int8--a-int8--default--fit-mse_per_channel-fp32in-s0,N-A32--w-int6--a-fp32--mse_per_channel,72.25,68.3,0.745614,0.795702,-3.95,-5.75,-2.2,-3.7,9.1e-05,87,-14.783333,-17.050417,-12.55,-15.0,0.0,162,True
mobilenet_v2,recon,adaround,L-bc--w-int8--a-int8--default--fit-mse_per_channel-fp32in-s0,N-A32--w-int8--a-fp32--mse_per_channel,72.25,71.8,0.931271,0.950516,-0.45,-1.3,0.35,-0.2,0.823803,20,-1.583333,-2.75,-0.45,-1.8,0.006427,40,True
mobilenet_v2,recon,adaround,L-bc--w-int8--a-int8--default--fit-mse_per_channel-fp32in-s0,N-A32--w-posit8_es1--a-fp32--mse_per_channel,72.25,71.7,0.882943,0.913503,-0.55,-1.7,0.6,-0.3,0.735879,35,-4.183333,-5.683333,-2.75,-4.4,0.0,62,True
mobilenet_v2,recon,adaround,L-bc--w-int8--a-int8--default--fit-mse_per_channel-fp32in-s0,N-default--w-fp6_e2m3--a-fp6_e2m3--default,72.25,66.235,0.678284,0.730948,-6.015,-7.88,-4.113333,-6.6,0.0,120,,,,,,,True
mobilenet_v2,recon,adaround,L-bc--w-int8--a-int8--default--fit-mse_per_channel-fp32in-s0,N-default--w-int6--a-int6--default,72.25,70.098333,0.732733,0.783958,-2.151667,-3.69675,-0.553292,-1.7,0.089321,89,-12.773333,-14.700042,-10.893333,-13.0,0.0,144,True
mobilenet_v2,recon,adaround,L-bc--w-int8--a-int8--default--fit-mse_per_channel-fp32in-s0,N-default--w-int8--a-int8--default,72.25,72.3,0.95122,0.965278,0.05,-0.6,0.7,0.0,1.0,14,-0.3,-1.183333,0.517083,-0.3,0.701108,27,True
mobilenet_v2,recon,adaround,L-bc--w-int8--a-int8--default--fit-mse_per_channel-fp32in-s0,N-default--w-posit8_es1--a-posit8_es1--default,72.25,72.391667,0.863787,0.898427,0.141667,-0.858333,1.183333,-0.1,1.0,41,-5.758333,-7.166875,-4.416667,-6.2,0.0,72,True
mobilenet_v2,recon,adaround,L-bc--w-int8--a-int8--default--fit-mse_per_channel-fp32in-s0,N-minimal--w-fp6_e2m3--a-fp6_e2m3--minimal,72.25,66.630952,0.698895,0.751216,-5.619048,-7.479762,-3.827351,-5.5,0.0,109,,,,,,,True
mobilenet_v2,recon,adaround,L-bc--w-int8--a-int8--default--fit-mse_per_channel-fp32in-s0,N-minimal--w-int6--a-int6--minimal,72.25,66.308333,0.702479,0.755029,-5.941667,-7.833333,-4.016667,-5.8,0.0,108,-17.675,-20.125,-15.416667,-17.8,0.0,186,True
mobilenet_v2,recon,adaround,L-bc--w-int8--a-int8--default--fit-mse_per_channel-fp32in-s0,N-minimal--w-int8--a-int8--minimal,72.25,72.283333,0.914384,0.937931,0.033333,-0.816667,0.916667,0.1,1.0,25,-2.5,-3.733333,-1.333333,-2.7,9.8e-05,47,True
mobilenet_v2,recon,adaround,L-bc--w-int8--a-int8--default--fit-mse_per_channel-fp32in-s0,N-nobc--w-fp6_e2m3--a-fp6_e2m3--default_no_bias_correction,72.25,67.016667,0.725212,0.776822,-5.233333,-6.983333,-3.499583,-4.9,1e-06,97,,,,,,,True
mobilenet_v2,recon,adaround,L-bc--w-int8--a-int8--default--fit-mse_per_channel-fp32in-s0,N-nobc--w-int6--a-int6--default_no_bias_correction,72.25,67.141667,0.696133,0.748374,-5.108333,-7.025208,-3.266458,-5.4,0.0,110,-17.316667,-19.666875,-15.066667,-18.2,0.0,190,True
mobilenet_v2,recon,adaround,L-bc--w-int8--a-int8--default--fit-mse_per_channel-fp32in-s0,N-nobc--w-int8--a-int8--default_no_bias_correction,72.25,71.9,0.931034,0.950397,-0.35,-1.1,0.4,0.0,1.0,20,-2.033333,-3.183333,-0.932917,-2.2,0.000941,42,True
mobilenet_v2,recon,adaround,L-bc--w-int8--a-int8--default--fit-mse_per_channel-fp32in-s0,N-nobc--w-posit8_es1--a-posit8_es1--default_no_bias_correction,72.25,72.108333,0.866667,0.900794,-0.141667,-1.266667,0.966667,0.0,1.0,40,-7.041667,-8.65,-5.524792,-6.9,0.0,85,True
mobilenet_v2,recon,adaround,L-bc--w-posit8_es1--a-posit8_es1--default--fit-mse_per_channel-fp32in-s0,L-nobc--w-fp6_e2m3--a-fp6_e2m3--default_no_bias_correction--fit-mse_per_channel-fp32in-s0,71.975,70.95,0.7875,0.834582,-1.025,-2.366667,0.316667,-2.0,0.020527,68,-4.891667,-6.625,-3.133333,-5.0,3e-06,112,True
mobilenet_v2,recon,adaround,L-bc--w-posit8_es1--a-posit8_es1--default--fit-mse_per_channel-fp32in-s0,L-nobc--w-int4--a-int4--default_no_bias_correction--fit-mse_per_channel-fp32in-s0,71.975,27.181485,0.335079,0.259657,-44.793515,-47.357073,-42.199875,-46.8,0.0,508,,,,,,,True
mobilenet_v2,recon,adaround,L-bc--w-posit8_es1--a-posit8_es1--default--fit-mse_per_channel-fp32in-s0,L-nobc--w-int4--a-int8--default_no_bias_correction--fit-mse_per_channel-fp32in-s0,71.975,71.483333,0.827922,0.86932,-0.491667,-1.766667,0.766667,-1.1,0.168978,53,-1.65,-3.466667,0.166667,-1.6,0.137099,102,True
mobilenet_v2,recon,adaround,L-bc--w-posit8_es1--a-posit8_es1--default--fit-mse_per_channel-fp32in-s0,L-nobc--w-int6--a-int6--default_no_bias_correction--fit-mse_per_channel-fp32in-s0,71.975,69.703333,0.798137,0.843951,-2.271667,-3.6,-0.974958,-2.7,0.00109,65,-2.13,-3.810042,-0.429875,-1.3,0.222878,97,True
mobilenet_v2,recon,adaround,L-bc--w-posit8_es1--a-posit8_es1--default--fit-mse_per_channel-fp32in-s0,L-nobc--w-int8--a-int8--default_no_bias_correction--fit-mse_per_channel-fp32in-s0,71.975,72.1,0.868687,0.902766,0.125,-1.0,1.208333,-0.3,0.749259,39,5.55,4.11625,7.1,5.8,0.0,72,True
mobilenet_v2,recon,adaround,L-bc--w-posit8_es1--a-posit8_es1--default--fit-mse_per_channel-fp32in-s0,L-nobc--w-posit8_es1--a-posit8_es1--default_no_bias_correction--fit-mse_per_channel-fp32in-s0,71.975,72.25,0.881356,0.912742,0.275,-0.658333,1.216667,-0.3,0.735879,35,1.303333,0.056583,2.616667,1.2,0.155002,60,True
mobilenet_v2,recon,adaround,L-bc--w-posit8_es1--a-posit8_es1--default--fit-mse_per_channel-fp32in-s0,LQ-bc--w-int6--a-int6--default--fit-mse_per_channel-b2in-int6-s0,71.975,71.766667,0.846405,0.88454,-0.208333,-1.325,0.883333,-1.3,0.078941,47,-1.508333,-2.908333,-0.108333,-1.9,0.042165,79,True
mobilenet_v2,recon,adaround,L-bc--w-posit8_es1--a-posit8_es1--default--fit-mse_per_channel-fp32in-s0,LQ-nobc--w-int4--a-int4--default_no_bias_correction--fit-mse_per_channel-b2in-int4-s0,71.975,50.26543,0.46516,0.485212,-21.70957,-24.281439,-19.169756,-22.6,0.0,284,,,,,,,True
mobilenet_v2,recon,adaround,L-bc--w-posit8_es1--a-posit8_es1--default--fit-mse_per_channel-fp32in-s0,LQ-nobc--w-int6--a-int6--default_no_bias_correction--fit-mse_per_channel-b2in-int6-s0,71.975,70.716667,0.826367,0.867933,-1.258333,-2.491667,-0.058333,-1.6,0.040224,54,-1.575,-3.125,0.016875,-1.3,0.213153,93,True
mobilenet_v2,recon,adaround,L-bc--w-posit8_es1--a-posit8_es1--default--fit-mse_per_channel-fp32in-s0,N-A32--w-fp6_e2m3--a-fp32--mse_per_channel,71.975,68.9,0.74184,0.793349,-3.075,-4.783333,-1.416458,-3.5,0.000224,87,-8.333333,-10.566667,-6.066667,-8.3,0.0,149,True
mobilenet_v2,recon,adaround,L-bc--w-posit8_es1--a-posit8_es1--default--fit-mse_per_channel-fp32in-s0,N-A32--w-int6--a-fp32--mse_per_channel,71.975,68.3,0.713873,0.766865,-3.675,-5.5,-1.908333,-4.1,4.6e-05,99,-9.233333,-11.566667,-6.932917,-9.2,0.0,158,True
mobilenet_v2,recon,adaround,L-bc--w-posit8_es1--a-posit8_es1--default--fit-mse_per_channel-fp32in-s0,N-A32--w-int8--a-fp32--mse_per_channel,71.975,71.8,0.847682,0.885766,-0.175,-1.358333,0.991667,-0.6,0.461391,46,3.966667,2.433333,5.55,4.0,9e-06,80,True
mobilenet_v2,recon,adaround,L-bc--w-posit8_es1--a-posit8_es1--default--fit-mse_per_channel-fp32in-s0,N-A32--w-posit8_es1--a-fp32--mse_per_channel,71.975,71.7,0.844884,0.883446,-0.275,-1.516667,0.925,-0.7,0.381693,47,1.366667,-0.283333,3.05,1.4,0.160578,86,True
mobilenet_v2,recon,adaround,L-bc--w-posit8_es1--a-posit8_es1--default--fit-mse_per_channel-fp32in-s0,N-default--w-fp6_e2m3--a-fp6_e2m3--default,71.975,66.235,0.713499,0.768914,-5.74,-7.463375,-3.994958,-7.0,0.0,104,,,,,,,True
mobilenet_v2,recon,adaround,L-bc--w-posit8_es1--a-posit8_es1--default--fit-mse_per_channel-fp32in-s0,N-default--w-int6--a-int6--default,71.975,70.098333,0.779503,0.827521,-1.876667,-3.335042,-0.428333,-2.1,0.016995,71,-7.223333,-9.035083,-5.483333,-7.2,0.0,114,True
mobilenet_v2,recon,adaround,L-bc--w-posit8_es1--a-posit8_es1--default--fit-mse_per_channel-fp32in-s0,N-default--w-int8--a-int8--default,71.975,72.3,0.878378,0.910368,0.325,-0.716667,1.341667,-0.4,0.617719,36,5.25,3.866667,6.683333,5.5,0.0,69,True
mobilenet_v2,recon,adaround,L-bc--w-posit8_es1--a-posit8_es1--default--fit-mse_per_channel-fp32in-s0,N-default--w-posit8_es1--a-posit8_es1--default,71.975,72.391667,0.888136,0.917959,0.416667,-0.475,1.316667,-0.5,0.48685,33,-0.208333,-1.283333,0.858333,-0.4,0.651588,44,True
mobilenet_v2,recon,adaround,L-bc--w-posit8_es1--a-posit8_es1--default--fit-mse_per_channel-fp32in-s0,N-minimal--w-fp6_e2m3--a-fp6_e2m3--minimal,71.975,66.630952,0.706704,0.760898,-5.344048,-7.119048,-3.633304,-5.9,0.0,105,,,,,,,True
mobilenet_v2,recon,adaround,L-bc--w-posit8_es1--a-posit8_es1--default--fit-mse_per_channel-fp32in-s0,N-minimal--w-int6--a-int6--minimal,71.975,66.308333,0.69146,0.745854,-5.666667,-7.533542,-3.783125,-6.2,0.0,112,-12.125,-14.516667,-9.891667,-12.0,0.0,178,True
mobilenet_v2,recon,adaround,L-bc--w-posit8_es1--a-posit8_es1--default--fit-mse_per_channel-fp32in-s0,N-minimal--w-int8--a-int8--minimal,71.975,72.283333,0.868687,0.902766,0.308333,-0.783333,1.425,-0.3,0.749259,39,3.05,1.516667,4.616667,3.1,0.000752,81,True
mobilenet_v2,recon,adaround,L-bc--w-posit8_es1--a-posit8_es1--default--fit-mse_per_channel-fp32in-s0,N-nobc--w-fp6_e2m3--a-fp6_e2m3--default_no_bias_correction,71.975,67.016667,0.71875,0.772249,-4.958333,-6.683333,-3.266667,-5.3,0.0,99,,,,,,,True
mobilenet_v2,recon,adaround,L-bc--w-posit8_es1--a-posit8_es1--default--fit-mse_per_channel-fp32in-s0,N-nobc--w-int6--a-int6--default_no_bias_correction,71.975,67.141667,0.685083,0.739057,-4.833333,-6.758333,-2.991458,-5.8,0.0,114,-11.766667,-14.05,-9.533333,-12.4,0.0,176,True
mobilenet_v2,recon,adaround,L-bc--w-posit8_es1--a-posit8_es1--default--fit-mse_per_channel-fp32in-s0,N-nobc--w-int8--a-int8--default_no_bias_correction,71.975,71.9,0.865772,0.900403,-0.075,-1.208333,1.025,-0.4,0.635828,40,3.516667,2.0,5.083333,3.6,3.4e-05,74,True
mobilenet_v2,recon,adaround,L-bc--w-posit8_es1--a-posit8_es1--default--fit-mse_per_channel-fp32in-s0,N-nobc--w-posit8_es1--a-posit8_es1--default_no_bias_correction,71.975,72.108333,0.859532,0.895421,0.133333,-1.008333,1.225,-0.4,0.643969,42,-1.491667,-3.066667,0.025,-1.1,0.272269,83,True
mobilenet_v2,recon,adaround,L-nobc--w-fp6_e2m3--a-fp6_e2m3--default_no_bias_correction--fit-mse_per_channel-fp32in-s0,L-nobc--w-int4--a-int4--default_no_bias_correction--fit-mse_per_channel-fp32in-s0,70.95,27.181485,0.361257,0.279968,-43.768515,-46.278343,-41.247425,-44.8,0.0,488,,,,,,,True
mobilenet_v2,recon,adaround,L-nobc--w-fp6_e2m3--a-fp6_e2m3--default_no_bias_correction--fit-mse_per_channel-fp32in-s0,L-nobc--w-int4--a-int8--default_no_bias_correction--fit-mse_per_channel-fp32in-s0,70.95,71.483333,0.766667,0.813796,0.533333,-0.983333,2.033333,0.9,0.362032,77,3.241667,1.283333,5.200208,3.4,0.002662,122,True
mobilenet_v2,recon,adaround,L-nobc--w-fp6_e2m3--a-fp6_e2m3--default_no_bias_correction--fit-mse_per_channel-fp32in-s0,L-nobc--w-int6--a-int6--default_no_bias_correction--fit-mse_per_channel-fp32in-s0,70.95,69.703333,0.777448,0.821383,-1.246667,-2.638458,0.136667,-0.7,0.488683,75,2.761667,1.04825,4.471708,3.7,0.000641,113,True
mobilenet_v2,recon,adaround,L-nobc--w-fp6_e2m3--a-fp6_e2m3--default_no_bias_correction--fit-mse_per_channel-fp32in-s0,L-nobc--w-int8--a-int8--default_no_bias_correction--fit-mse_per_channel-fp32in-s0,70.95,72.1,0.774691,0.822586,1.15,-0.3,2.566667,1.7,0.06037,73,10.441667,8.675,12.266667,10.8,0.0,118,True
mobilenet_v2,recon,adaround,L-nobc--w-fp6_e2m3--a-fp6_e2m3--default_no_bias_correction--fit-mse_per_channel-fp32in-s0,L-nobc--w-posit8_es1--a-posit8_es1--default_no_bias_correction--fit-mse_per_channel-fp32in-s0,70.95,72.25,0.785714,0.832355,1.3,0.0,2.566667,1.7,0.053289,69,6.195,4.595,7.833333,6.2,0.0,106,True
mobilenet_v2,recon,adaround,L-nobc--w-fp6_e2m3--a-fp6_e2m3--default_no_bias_correction--fit-mse_per_channel-fp32in-s0,LQ-bc--w-int6--a-int6--default--fit-mse_per_channel-b2in-int6-s0,70.95,71.766667,0.762048,0.809254,0.816667,-0.516667,2.133333,0.7,0.499897,79,3.383333,1.633333,5.108333,3.1,0.007047,125,True
mobilenet_v2,recon,adaround,L-nobc--w-fp6_e2m3--a-fp6_e2m3--default_no_bias_correction--fit-mse_per_channel-fp32in-s0,LQ-nobc--w-int4--a-int4--default_no_bias_correction--fit-mse_per_channel-b2in-int4-s0,70.95,50.26543,0.491589,0.501254,-20.68457,-23.140795,-18.259375,-20.6,0.0,272,,,,,,,True
mobilenet_v2,recon,adaround,L-nobc--w-fp6_e2m3--a-fp6_e2m3--default_no_bias_correction--fit-mse_per_channel-fp32in-s0,LQ-nobc--w-int6--a-int6--default_no_bias_correction--fit-mse_per_channel-b2in-int6-s0,70.95,70.716667,0.776435,0.821783,-0.233333,-1.675,1.225,0.4,0.727547,74,3.316667,1.558333,5.116667,3.7,0.0008,117,True
mobilenet_v2,recon,adaround,L-nobc--w-fp6_e2m3--a-fp6_e2m3--default_no_bias_correction--fit-mse_per_channel-fp32in-s0,N-A32--w-fp6_e2m3--a-fp32--mse_per_channel,70.95,68.9,0.724432,0.77111,-2.05,-3.8,-0.333333,-1.5,0.154816,97,-3.441667,-5.700208,-1.225,-3.3,0.009454,153,True
mobilenet_v2,recon,adaround,L-nobc--w-fp6_e2m3--a-fp6_e2m3--default_no_bias_correction--fit-mse_per_channel-fp32in-s0,N-A32--w-int6--a-fp32--mse_per_channel,70.95,68.3,0.688705,0.735224,-2.65,-4.616667,-0.683333,-2.1,0.059431,113,-4.341667,-6.633542,-2.091667,-4.2,0.000825,152,True
mobilenet_v2,recon,adaround,L-nobc--w-fp6_e2m3--a-fp6_e2m3--default_no_bias_correction--fit-mse_per_channel-fp32in-s0,N-A32--w-int8--a-fp32--mse_per_channel,70.95,71.8,0.789474,0.835057,0.85,-0.55,2.25,1.4,0.114254,68,8.858333,7.108333,10.658542,9.0,0.0,118,True
mobilenet_v2,recon,adaround,L-nobc--w-fp6_e2m3--a-fp6_e2m3--default_no_bias_correction--fit-mse_per_channel-fp32in-s0,N-A32--w-posit8_es1--a-fp32--mse_per_channel,70.95,71.7,0.759878,0.808406,0.75,-0.8,2.266667,1.3,0.176611,79,6.258333,4.275,8.283333,6.4,0.0,128,True
mobilenet_v2,recon,adaround,L-nobc--w-fp6_e2m3--a-fp6_e2m3--default_no_bias_correction--fit-mse_per_channel-fp32in-s0,N-default--w-fp6_e2m3--a-fp6_e2m3--default,70.95,66.235,0.680628,0.725693,-4.715,-6.550042,-2.896625,-5.0,7e-06,122,,,,,,,True
mobilenet_v2,recon,adaround,L-nobc--w-fp6_e2m3--a-fp6_e2m3--default_no_bias_correction--fit-mse_per_channel-fp32in-s0,N-default--w-int6--a-int6--default,70.95,70.098333,0.728863,0.777075,-0.851667,-2.431708,0.746667,-0.1,1.0,93,-2.331667,-4.366667,-0.371583,-2.2,0.079757,144,True
mobilenet_v2,recon,adaround,L-nobc--w-fp6_e2m3--a-fp6_e2m3--default_no_bias_correction--fit-mse_per_channel-fp32in-s0,N-default--w-int8--a-int8--default,70.95,72.3,0.772308,0.820242,1.35,-0.05,2.783333,1.6,0.080507,74,10.141667,8.358333,11.991667,10.5,0.0,123,True
mobilenet_v2,recon,adaround,L-nobc--w-fp6_e2m3--a-fp6_e2m3--default_no_bias_correction--fit-mse_per_channel-fp32in-s0,N-default--w-posit8_es1--a-posit8_es1--default,70.95,72.391667,0.786378,0.832528,1.441667,0.05,2.833333,1.5,0.091186,69,4.683333,2.925,6.483333,4.6,2.8e-05,118,True
mobilenet_v2,recon,adaround,L-nobc--w-fp6_e2m3--a-fp6_e2m3--default_no_bias_correction--fit-mse_per_channel-fp32in-s0,N-minimal--w-fp6_e2m3--a-fp6_e2m3--minimal,70.95,66.630952,0.710027,0.755781,-4.319048,-6.077381,-2.583244,-3.9,0.000206,107,,,,,,,True
mobilenet_v2,recon,adaround,L-nobc--w-fp6_e2m3--a-fp6_e2m3--default_no_bias_correction--fit-mse_per_channel-fp32in-s0,N-minimal--w-int6--a-int6--minimal,70.95,66.308333,0.695187,0.740747,-4.641667,-6.475,-2.791458,-4.2,0.000104,114,-7.233333,-9.6,-4.941458,-7.0,0.0,180,True
mobilenet_v2,recon,adaround,L-nobc--w-fp6_e2m3--a-fp6_e2m3--default_no_bias_correction--fit-mse_per_channel-fp32in-s0,N-minimal--w-int8--a-int8--minimal,70.95,72.283333,0.791277,0.837239,1.333333,-0.033333,2.7,1.7,0.0498,67,7.941667,6.208333,9.716667,8.1,0.0,115,True
mobilenet_v2,recon,adaround,L-nobc--w-fp6_e2m3--a-fp6_e2m3--default_no_bias_correction--fit-mse_per_channel-fp32in-s0,N-nobc--w-fp6_e2m3--a-fp6_e2m3--default_no_bias_correction,70.95,67.016667,0.717033,0.762842,-3.933333,-5.583333,-2.316667,-3.3,0.00149,103,,,,,,,True
mobilenet_v2,recon,adaround,L-nobc--w-fp6_e2m3--a-fp6_e2m3--default_no_bias_correction--fit-mse_per_channel-fp32in-s0,N-nobc--w-int6--a-int6--default_no_bias_correction,70.95,67.141667,0.671088,0.715915,-3.808333,-5.775208,-1.841458,-3.8,0.00082,124,-6.875,-9.116667,-4.616667,-7.4,0.0,170,True
mobilenet_v2,recon,adaround,L-nobc--w-fp6_e2m3--a-fp6_e2m3--default_no_bias_correction--fit-mse_per_channel-fp32in-s0,N-nobc--w-int8--a-int8--default_no_bias_correction,70.95,71.9,0.783282,0.83,0.95,-0.417083,2.3,1.6,0.072238,70,8.408333,6.691667,10.2,8.6,0.0,116,True
mobilenet_v2,recon,adaround,L-nobc--w-fp6_e2m3--a-fp6_e2m3--default_no_bias_correction--fit-mse_per_channel-fp32in-s0,N-nobc--w-posit8_es1--a-posit8_es1--default_no_bias_correction,70.95,72.108333,0.777778,0.825121,1.158333,-0.25,2.508333,1.6,0.076369,72,3.4,1.591667,5.191667,3.9,0.000351,115,True
mobilenet_v2,recon,adaround,L-nobc--w-int4--a-int4--default_no_bias_correction--fit-mse_per_channel-fp32in-s0,L-nobc--w-int4--a-int8--default_no_bias_correction--fit-mse_per_channel-fp32in-s0,27.181485,71.483333,0.342448,0.250592,44.301849,41.618715,46.903563,45.7,0.0,505,,,,,,,True
mobilenet_v2,recon,adaround,L-nobc--w-int4--a-int4--default_no_bias_correction--fit-mse_per_channel-fp32in-s0,L-nobc--w-int6--a-int6--default_no_bias_correction--fit-mse_per_channel-fp32in-s0,27.181485,69.703333,0.368627,0.28205,42.521849,39.94776,45.048827,44.1,0.0,483,,,,,,,True
mobilenet_v2,recon,adaround,L-nobc--w-int4--a-int4--default_no_bias_correction--fit-mse_per_channel-fp32in-s0,L-nobc--w-int8--a-int8--default_no_bias_correction--fit-mse_per_channel-fp32in-s0,27.181485,72.1,0.333768,0.247391,44.918515,42.223915,47.56766,46.5,0.0,511,,,,,,,True
mobilenet_v2,recon,adaround,L-nobc--w-int4--a-int4--default_no_bias_correction--fit-mse_per_channel-fp32in-s0,L-nobc--w-posit8_es1--a-posit8_es1--default_no_bias_correction--fit-mse_per_channel-fp32in-s0,27.181485,72.25,0.339005,0.262718,45.068515,42.455825,47.661841,46.5,0.0,505,,,,,,,True
mobilenet_v2,recon,adaround,L-nobc--w-int4--a-int4--default_no_bias_correction--fit-mse_per_channel-fp32in-s0,LQ-bc--w-int6--a-int6--default--fit-mse_per_channel-b2in-int6-s0,27.181485,71.766667,0.355643,0.282992,44.585182,41.99588,47.10905,45.5,0.0,491,,,,,,,True
mobilenet_v2,recon,adaround,L-nobc--w-int4--a-int4--default_no_bias_correction--fit-mse_per_channel-fp32in-s0,LQ-nobc--w-int4--a-int4--default_no_bias_correction--fit-mse_per_channel-b2in-int4-s0,27.181485,50.26543,0.583227,0.391881,23.083945,20.690057,25.47453,24.2,0.0,328,,,,,,,True
mobilenet_v2,recon,adaround,L-nobc--w-int4--a-int4--default_no_bias_correction--fit-mse_per_channel-fp32in-s0,LQ-nobc--w-int6--a-int6--default_no_bias_correction--fit-mse_per_channel-b2in-int6-s0,27.181485,70.716667,0.350717,0.260803,43.535182,40.888163,46.080596,45.2,0.0,498,,,,,,,True
mobilenet_v2,recon,adaround,L-nobc--w-int4--a-int4--default_no_bias_correction--fit-mse_per_channel-fp32in-s0,N-A32--w-fp6_e2m3--a-fp32--mse_per_channel,27.181485,68.9,0.37013,0.265398,41.718515,38.963887,44.430566,43.3,0.0,485,,,,,,,True
mobilenet_v2,recon,adaround,L-nobc--w-int4--a-int4--default_no_bias_correction--fit-mse_per_channel-fp32in-s0,N-A32--w-int6--a-fp32--mse_per_channel,27.181485,68.3,0.379714,0.276515,41.118515,38.314879,43.810491,42.7,0.0,477,,,,,,,True
mobilenet_v2,recon,adaround,L-nobc--w-int4--a-int4--default_no_bias_correction--fit-mse_per_channel-fp32in-s0,N-A32--w-int8--a-fp32--mse_per_channel,27.181485,71.8,0.339426,0.255588,44.618515,41.954923,47.254614,46.2,0.0,506,,,,,,,True
mobilenet_v2,recon,adaround,L-nobc--w-int4--a-int4--default_no_bias_correction--fit-mse_per_channel-fp32in-s0,N-A32--w-posit8_es1--a-fp32--mse_per_channel,27.181485,71.7,0.333766,0.23627,44.518515,41.822854,47.176254,46.1,0.0,513,,,,,,,True
mobilenet_v2,recon,adaround,L-nobc--w-int4--a-int4--default_no_bias_correction--fit-mse_per_channel-fp32in-s0,N-default--w-fp6_e2m3--a-fp6_e2m3--default,27.181485,66.235,0.415584,0.301422,39.053515,36.44611,41.612064,39.8,0.0,450,,,,,,,True
mobilenet_v2,recon,adaround,L-nobc--w-int4--a-int4--default_no_bias_correction--fit-mse_per_channel-fp32in-s0,N-default--w-int6--a-int6--default,27.181485,70.098333,0.359008,0.27095,42.916849,40.262174,45.485167,44.7,0.0,491,,,,,,,True
mobilenet_v2,recon,adaround,L-nobc--w-int4--a-int4--default_no_bias_correction--fit-mse_per_channel-fp32in-s0,N-default--w-int8--a-int8--default,27.181485,72.3,0.336815,0.25353,45.118515,42.458924,47.749689,46.4,0.0,508,,,,,,,True
mobilenet_v2,recon,adaround,L-nobc--w-int4--a-int4--default_no_bias_correction--fit-mse_per_channel-fp32in-s0,N-default--w-posit8_es1--a-posit8_es1--default,27.181485,72.391667,0.341623,0.264755,45.210182,42.606755,47.790291,46.3,0.0,503,,,,,,,True
mobilenet_v2,recon,adaround,L-nobc--w-int4--a-int4--default_no_bias_correction--fit-mse_per_channel-fp32in-s0,N-minimal--w-fp6_e2m3--a-fp6_e2m3--minimal,27.181485,66.630952,0.394057,0.270697,39.449468,36.814038,42.075995,40.9,0.0,469,,,,,,,True
mobilenet_v2,recon,adaround,L-nobc--w-int4--a-int4--default_no_bias_correction--fit-mse_per_channel-fp32in-s0,N-minimal--w-int6--a-int6--minimal,27.181485,66.308333,0.405195,0.293199,39.126849,36.422451,41.772575,40.6,0.0,458,,,,,,,True
mobilenet_v2,recon,adaround,L-nobc--w-int4--a-int4--default_no_bias_correction--fit-mse_per_channel-fp32in-s0,N-minimal--w-int8--a-int8--minimal,27.181485,72.283333,0.335509,0.2525,45.101849,42.441423,47.731476,46.5,0.0,509,,,,,,,True
mobilenet_v2,recon,adaround,L-nobc--w-int4--a-int4--default_no_bias_correction--fit-mse_per_channel-fp32in-s0,N-nobc--w-fp6_e2m3--a-fp6_e2m3--default_no_bias_correction,27.181485,67.016667,0.406291,0.318084,39.835182,37.190718,42.450392,41.5,0.0,453,,,,,,,True
mobilenet_v2,recon,adaround,L-nobc--w-int4--a-int4--default_no_bias_correction--fit-mse_per_channel-fp32in-s0,N-nobc--w-int6--a-int6--default_no_bias_correction,27.181485,67.141667,0.405476,0.303662,39.960182,37.255385,42.569814,41.0,0.0,456,,,,,,,True
mobilenet_v2,recon,adaround,L-nobc--w-int4--a-int4--default_no_bias_correction--fit-mse_per_channel-fp32in-s0,N-nobc--w-int8--a-int8--default_no_bias_correction,27.181485,71.9,0.336815,0.25353,44.718515,42.069119,47.321993,46.4,0.0,508,,,,,,,True
mobilenet_v2,recon,adaround,L-nobc--w-int4--a-int4--default_no_bias_correction--fit-mse_per_channel-fp32in-s0,N-nobc--w-posit8_es1--a-posit8_es1--default_no_bias_correction,27.181485,72.108333,0.338562,0.258634,44.926849,42.324405,47.47024,46.4,0.0,506,,,,,,,True
mobilenet_v2,recon,adaround,L-nobc--w-int4--a-int8--default_no_bias_correction--fit-mse_per_channel-fp32in-s0,L-nobc--w-int6--a-int6--default_no_bias_correction--fit-mse_per_channel-fp32in-s0,71.483333,69.703333,0.766467,0.813137,-1.78,-3.34675,-0.23,-1.6,0.088782,78,-0.48,-2.451792,1.545,0.3,0.85463,119,True
mobilenet_v2,recon,adaround,L-nobc--w-int4--a-int8--default_no_bias_correction--fit-mse_per_channel-fp32in-s0,L-nobc--w-int8--a-int8--default_no_bias_correction--fit-mse_per_channel-fp32in-s0,71.483333,72.1,0.831715,0.872045,0.616667,-0.7,1.966667,0.8,0.33175,52,7.2,5.5,8.95,7.4,0.0,88,True
mobilenet_v2,recon,adaround,L-nobc--w-int4--a-int8--default_no_bias_correction--fit-mse_per_channel-fp32in-s0,L-nobc--w-posit8_es1--a-posit8_es1--default_no_bias_correction--fit-mse_per_channel-fp32in-s0,71.483333,72.25,0.837662,0.876973,0.766667,-0.416667,1.98375,0.8,0.322236,50,2.953333,1.273333,4.660167,2.8,0.004165,90,True
mobilenet_v2,recon,adaround,L-nobc--w-int4--a-int8--default_no_bias_correction--fit-mse_per_channel-fp32in-s0,LQ-bc--w-int6--a-int6--default--fit-mse_per_channel-b2in-int6-s0,71.483333,71.766667,0.8,0.843956,0.283333,-1.05,1.625,-0.2,0.900653,64,0.141667,-1.65,1.925208,-0.3,0.843898,103,True
mobilenet_v2,recon,adaround,L-nobc--w-int4--a-int8--default_no_bias_correction--fit-mse_per_channel-fp32in-s0,LQ-nobc--w-int4--a-int4--default_no_bias_correction--fit-mse_per_channel-b2in-int4-s0,71.483333,50.26543,0.477528,0.490435,-21.217904,-23.818787,-18.651675,-21.5,0.0,279,,,,,,,True
mobilenet_v2,recon,adaround,L-nobc--w-int4--a-int8--default_no_bias_correction--fit-mse_per_channel-fp32in-s0,LQ-nobc--w-int6--a-int6--default_no_bias_correction--fit-mse_per_channel-b2in-int6-s0,71.483333,70.716667,0.787037,0.832338,-0.766667,-2.208333,0.666667,-0.5,0.630456,69,0.075,-1.841875,1.950208,0.3,0.84955,111,True
mobilenet_v2,recon,adaround,L-nobc--w-int4--a-int8--default_no_bias_correction--fit-mse_per_channel-fp32in-s0,N-A32--w-fp6_e2m3--a-fp32--mse_per_channel,71.483333,68.9,0.738372,0.78674,-2.583333,-4.4,-0.81625,-2.4,0.014867,90,-6.683333,-9.016667,-4.333333,-6.7,0.0,151,True
mobilenet_v2,recon,adaround,L-nobc--w-int4--a-int8--default_no_bias_correction--fit-mse_per_channel-fp32in-s0,N-A32--w-int6--a-fp32--mse_per_channel,71.483333,68.3,0.720798,0.769743,-3.183333,-5.05,-1.35,-3.0,0.003189,98,-7.583333,-9.933333,-5.25,-7.6,0.0,154,True
mobilenet_v2,recon,adaround,L-nobc--w-int4--a-int8--default_no_bias_correction--fit-mse_per_channel-fp32in-s0,N-A32--w-int8--a-fp32--mse_per_channel,71.483333,71.8,0.835484,0.874799,0.316667,-1.000417,1.65,0.5,0.575849,51,5.616667,3.85,7.383333,5.6,0.0,88,True
mobilenet_v2,recon,adaround,L-nobc--w-int4--a-int8--default_no_bias_correction--fit-mse_per_channel-fp32in-s0,N-A32--w-posit8_es1--a-fp32--mse_per_channel,71.483333,71.7,0.826923,0.867545,0.216667,-1.183333,1.6,0.4,0.683489,54,3.016667,1.116667,4.95,3.0,0.003866,102,True
mobilenet_v2,recon,adaround,L-nobc--w-int4--a-int8--default_no_bias_correction--fit-mse_per_channel-fp32in-s0,N-default--w-fp6_e2m3--a-fp6_e2m3--default,71.483333,66.235,0.688,0.737495,-5.248333,-7.103333,-3.406667,-5.9,0.0,117,,,,,,,True
mobilenet_v2,recon,adaround,L-nobc--w-int4--a-int8--default_no_bias_correction--fit-mse_per_channel-fp32in-s0,N-default--w-int6--a-int6--default,71.483333,70.098333,0.743284,0.792262,-1.385,-3.035,0.256792,-1.0,0.331834,86,-5.573333,-7.668333,-3.493292,-5.6,5e-06,148,True
mobilenet_v2,recon,adaround,L-nobc--w-int4--a-int8--default_no_bias_correction--fit-mse_per_channel-fp32in-s0,N-default--w-int8--a-int8--default,71.483333,72.3,0.834951,0.874601,0.816667,-0.483333,2.15,0.7,0.401062,51,6.9,5.1,8.7,7.1,0.0,101,True
mobilenet_v2,recon,adaround,L-nobc--w-int4--a-int8--default_no_bias_correction--fit-mse_per_channel-fp32in-s0,N-default--w-posit8_es1--a-posit8_es1--default,71.483333,72.391667,0.808917,0.852566,0.908333,-0.433542,2.283333,0.6,0.518958,60,1.441667,-0.45,3.375,1.2,0.294234,110,True
mobilenet_v2,recon,adaround,L-nobc--w-int4--a-int8--default_no_bias_correction--fit-mse_per_channel-fp32in-s0,N-minimal--w-fp6_e2m3--a-fp6_e2m3--minimal,71.483333,66.630952,0.708791,0.758066,-4.852381,-6.7025,-3.033333,-4.8,3e-06,106,,,,,,,True
mobilenet_v2,recon,adaround,L-nobc--w-int4--a-int8--default_no_bias_correction--fit-mse_per_channel-fp32in-s0,N-minimal--w-int6--a-int6--minimal,71.483333,66.308333,0.726519,0.775746,-5.175,-7.016667,-3.325,-5.1,0.0,99,-10.475,-12.925208,-8.175,-10.4,0.0,170,True
mobilenet_v2,recon,adaround,L-nobc--w-int4--a-int8--default_no_bias_correction--fit-mse_per_channel-fp32in-s0,N-minimal--w-int8--a-int8--minimal,71.483333,72.283333,0.843648,0.881902,0.8,-0.45,2.083333,0.8,0.312327,48,4.7,2.95,6.416667,4.7,1e-06,89,True
mobilenet_v2,recon,adaround,L-nobc--w-int4--a-int8--default_no_bias_correction--fit-mse_per_channel-fp32in-s0,N-nobc--w-fp6_e2m3--a-fp6_e2m3--default_no_bias_correction,71.483333,67.016667,0.701657,0.750802,-4.466667,-6.267083,-2.65,-4.2,6.6e-05,108,,,,,,,True
mobilenet_v2,recon,adaround,L-nobc--w-int4--a-int8--default_no_bias_correction--fit-mse_per_channel-fp32in-s0,N-nobc--w-int6--a-int6--default_no_bias_correction,71.483333,67.141667,0.6875,0.73654,-4.341667,-6.275,-2.441458,-4.7,1.4e-05,115,-10.116667,-12.483333,-7.791667,-10.8,0.0,176,True
mobilenet_v2,recon,adaround,L-nobc--w-int4--a-int8--default_no_bias_correction--fit-mse_per_channel-fp32in-s0,N-nobc--w-int8--a-int8--default_no_bias_correction,71.483333,71.9,0.834951,0.874601,0.416667,-0.9,1.75,0.7,0.401062,51,5.166667,3.35,6.966667,5.2,0.0,94,True
mobilenet_v2,recon,adaround,L-nobc--w-int4--a-int8--default_no_bias_correction--fit-mse_per_channel-fp32in-s0,N-nobc--w-posit8_es1--a-posit8_es1--default_no_bias_correction,71.483333,72.108333,0.817308,0.85983,0.625,-0.658542,1.925,0.7,0.427043,57,0.158333,-1.633333,1.925,0.5,0.696468,105,True
mobilenet_v2,recon,adaround,L-nobc--w-int6--a-int6--default_no_bias_correction--fit-mse_per_channel-fp32in-s0,L-nobc--w-int8--a-int8--default_no_bias_correction--fit-mse_per_channel-fp32in-s0,69.703333,72.1,0.824451,0.865846,2.396667,1.141667,3.655,2.4,0.001842,56,7.68,6.104875,9.271667,7.1,0.0,89,True
mobilenet_v2,recon,adaround,L-nobc--w-int6--a-int6--default_no_bias_correction--fit-mse_per_channel-fp32in-s0,L-nobc--w-posit8_es1--a-posit8_es1--default_no_bias_correction--fit-mse_per_channel-fp32in-s0,69.703333,72.25,0.796296,0.841588,2.546667,1.288333,3.858333,2.4,0.004272,66,3.433333,1.841667,5.008333,2.5,0.013379,95,True
mobilenet_v2,recon,adaround,L-nobc--w-int6--a-int6--default_no_bias_correction--fit-mse_per_channel-fp32in-s0,LQ-bc--w-int6--a-int6--default--fit-mse_per_channel-b2in-int6-s0,69.703333,71.766667,0.783133,0.82775,2.063333,0.763208,3.375,1.4,0.124918,72,0.621667,-1.008333,2.235,-0.6,0.630634,108,True
mobilenet_v2,recon,adaround,L-nobc--w-int6--a-int6--default_no_bias_correction--fit-mse_per_channel-fp32in-s0,LQ-nobc--w-int4--a-int4--default_no_bias_correction--fit-mse_per_channel-b2in-int4-s0,69.703333,50.26543,0.504673,0.513083,-19.437904,-21.977521,-16.940075,-19.9,0.0,265,,,,,,,True
mobilenet_v2,recon,adaround,L-nobc--w-int6--a-int6--default_no_bias_correction--fit-mse_per_channel-fp32in-s0,LQ-nobc--w-int6--a-int6--default_no_bias_correction--fit-mse_per_channel-b2in-int6-s0,69.703333,70.716667,0.808511,0.849594,1.013333,-0.283333,2.326667,1.1,0.207368,63,0.555,-0.983375,2.096667,0.0,1.0,84,True
mobilenet_v2,recon,adaround,L-nobc--w-int6--a-int6--default_no_bias_correction--fit-mse_per_channel-fp32in-s0,N-A32--w-fp6_e2m3--a-fp32--mse_per_channel,69.703333,68.9,0.715084,0.760436,-0.803333,-2.651708,1.041708,-0.8,0.488434,102,-6.203333,-8.531667,-3.941625,-7.0,0.0,164,True
mobilenet_v2,recon,adaround,L-nobc--w-int6--a-int6--default_no_bias_correction--fit-mse_per_channel-fp32in-s0,N-A32--w-int6--a-fp32--mse_per_channel,69.703333,68.3,0.684783,0.729298,-1.403333,-3.376708,0.533375,-1.4,0.227275,116,-7.103333,-9.598333,-4.686667,-7.9,0.0,183,True
mobilenet_v2,recon,adaround,L-nobc--w-int6--a-int6--default_no_bias_correction--fit-mse_per_channel-fp32in-s0,N-A32--w-int8--a-fp32--mse_per_channel,69.703333,71.8,0.805556,0.848958,2.096667,0.78,3.438417,2.1,0.011141,63,6.096667,4.383333,7.826667,5.3,0.0,103,True
mobilenet_v2,recon,adaround,L-nobc--w-int6--a-int6--default_no_bias_correction--fit-mse_per_channel-fp32in-s0,N-A32--w-posit8_es1--a-fp32--mse_per_channel,69.703333,71.7,0.786585,0.832092,1.996667,0.534958,3.471792,2.0,0.022463,70,3.496667,1.563333,5.380083,2.7,0.014965,115,True
mobilenet_v2,recon,adaround,L-nobc--w-int6--a-int6--default_no_bias_correction--fit-mse_per_channel-fp32in-s0,N-default--w-fp6_e2m3--a-fp6_e2m3--default,69.703333,66.235,0.66838,0.709775,-3.468333,-5.351708,-1.581667,-4.3,0.000192,129,,,,,,,True
mobilenet_v2,recon,adaround,L-nobc--w-int6--a-int6--default_no_bias_correction--fit-mse_per_channel-fp32in-s0,N-default--w-int6--a-int6--default,69.703333,70.098333,0.719198,0.766755,0.395,-1.198333,2.006708,0.6,0.613734,98,-5.093333,-7.130083,-3.141667,-5.9,1e-06,149,True
mobilenet_v2,recon,adaround,L-nobc--w-int6--a-int6--default_no_bias_correction--fit-mse_per_channel-fp32in-s0,N-default--w-int8--a-int8--default,69.703333,72.3,0.816199,0.858584,2.596667,1.341625,3.896667,2.3,0.003794,59,7.38,5.805,9.005,6.8,0.0,96,True
mobilenet_v2,recon,adaround,L-nobc--w-int6--a-int6--default_no_bias_correction--fit-mse_per_channel-fp32in-s0,N-default--w-posit8_es1--a-posit8_es1--default,69.703333,72.391667,0.785933,0.831978,2.688333,1.346667,4.051667,2.2,0.011526,70,1.921667,0.181625,3.658333,0.9,0.43944,107,True
mobilenet_v2,recon,adaround,L-nobc--w-int6--a-int6--default_no_bias_correction--fit-mse_per_channel-fp32in-s0,N-minimal--w-fp6_e2m3--a-fp6_e2m3--minimal,69.703333,66.630952,0.705882,0.74915,-3.072381,-4.869048,-1.318292,-3.2,0.002944,110,,,,,,,True
mobilenet_v2,recon,adaround,L-nobc--w-int6--a-int6--default_no_bias_correction--fit-mse_per_channel-fp32in-s0,N-minimal--w-int6--a-int6--minimal,69.703333,66.308333,0.695767,0.738725,-3.395,-5.303417,-1.466542,-3.5,0.001413,115,-9.995,-12.470083,-7.65,-10.7,0.0,187,True
mobilenet_v2,recon,adaround,L-nobc--w-int6--a-int6--default_no_bias_correction--fit-mse_per_channel-fp32in-s0,N-minimal--w-int8--a-int8--minimal,69.703333,72.283333,0.807453,0.851291,2.58,1.285,3.883333,2.4,0.003156,62,5.18,3.543292,6.848375,4.4,1e-05,98,True
mobilenet_v2,recon,adaround,L-nobc--w-int6--a-int6--default_no_bias_correction--fit-mse_per_channel-fp32in-s0,N-nobc--w-fp6_e2m3--a-fp6_e2m3--default_no_bias_correction,69.703333,67.016667,0.726776,0.770246,-2.686667,-4.425,-0.958333,-2.6,0.012033,100,,,,,,,True
mobilenet_v2,recon,adaround,L-nobc--w-int6--a-int6--default_no_bias_correction--fit-mse_per_channel-fp32in-s0,N-nobc--w-int6--a-int6--default_no_bias_correction,69.703333,67.141667,0.694149,0.737264,-2.561667,-4.533417,-0.67,-3.1,0.004928,115,-9.636667,-12.000042,-7.35,-11.1,0.0,181,True
mobilenet_v2,recon,adaround,L-nobc--w-int6--a-int6--default_no_bias_correction--fit-mse_per_channel-fp32in-s0,N-nobc--w-int8--a-int8--default_no_bias_correction,69.703333,71.9,0.804954,0.848891,2.196667,0.9,3.530083,2.3,0.005152,63,5.646667,3.98825,7.358458,4.9,1e-06,99,True
mobilenet_v2,recon,adaround,L-nobc--w-int6--a-int6--default_no_bias_correction--fit-mse_per_channel-fp32in-s0,N-nobc--w-posit8_es1--a-posit8_es1--default_no_bias_correction,69.703333,72.108333,0.788344,0.834352,2.405,1.058333,3.713375,2.3,0.007621,69,0.638333,-1.141667,2.400042,0.2,0.924775,112,True
mobilenet_v2,recon,adaround,L-nobc--w-int8--a-int8--default_no_bias_correction--fit-mse_per_channel-fp32in-s0,L-nobc--w-posit8_es1--a-posit8_es1--default_no_bias_correction--fit-mse_per_channel-fp32in-s0,72.1,72.25,0.904437,0.930403,0.15,-0.75,1.067083,0.0,1.0,28,-4.246667,-5.62675,-2.916667,-4.6,0.0,60,True
mobilenet_v2,recon,adaround,L-nobc--w-int8--a-int8--default_no_bias_correction--fit-mse_per_channel-fp32in-s0,LQ-bc--w-int6--a-int6--default--fit-mse_per_channel-b2in-int6-s0,72.1,71.766667,0.832258,0.872417,-0.333333,-1.491667,0.841667,-1.0,0.211609,52,-7.058333,-8.591667,-5.583125,-7.7,0.0,89,True
mobilenet_v2,recon,adaround,L-nobc--w-int8--a-int8--default_no_bias_correction--fit-mse_per_channel-fp32in-s0,LQ-nobc--w-int4--a-int4--default_no_bias_correction--fit-mse_per_channel-b2in-int4-s0,72.1,50.26543,0.462547,0.476883,-21.83457,-24.456622,-19.222753,-22.3,0.0,287,,,,,,,True
mobilenet_v2,recon,adaround,L-nobc--w-int8--a-int8--default_no_bias_correction--fit-mse_per_channel-fp32in-s0,LQ-nobc--w-int6--a-int6--default_no_bias_correction--fit-mse_per_channel-b2in-int6-s0,72.1,70.716667,0.836013,0.875464,-1.383333,-2.641667,-0.099792,-1.3,0.091915,51,-7.125,-8.683333,-5.649792,-7.1,0.0,85,True
mobilenet_v2,recon,adaround,L-nobc--w-int8--a-int8--default_no_bias_correction--fit-mse_per_channel-fp32in-s0,N-A32--w-fp6_e2m3--a-fp32--mse_per_channel,72.1,68.9,0.766467,0.815118,-3.2,-4.9,-1.5,-3.2,0.000378,78,-13.883333,-16.166667,-11.633333,-14.1,0.0,159,True
mobilenet_v2,recon,adaround,L-nobc--w-int8--a-int8--default_no_bias_correction--fit-mse_per_channel-fp32in-s0,N-A32--w-int6--a-fp32--mse_per_channel,72.1,68.3,0.74269,0.793301,-3.8,-5.6,-2.05,-3.8,6.3e-05,88,-14.783333,-17.183333,-12.466667,-15.0,0.0,166,True
mobilenet_v2,recon,adaround,L-nobc--w-int8--a-int8--default_no_bias_correction--fit-mse_per_channel-fp32in-s0,N-A32--w-int8--a-fp32--mse_per_channel,72.1,71.8,0.934483,0.952955,-0.3,-1.1,0.5,-0.3,0.647606,19,-1.583333,-2.666667,-0.5,-1.8,0.005098,38,True
mobilenet_v2,recon,adaround,L-nobc--w-int8--a-int8--default_no_bias_correction--fit-mse_per_channel-fp32in-s0,N-A32--w-posit8_es1--a-fp32--mse_per_channel,72.1,71.7,0.885906,0.915904,-0.4,-1.55,0.75,-0.4,0.607591,34,-4.183333,-5.7,-2.71625,-4.4,0.0,64,True
mobilenet_v2,recon,adaround,L-nobc--w-int8--a-int8--default_no_bias_correction--fit-mse_per_channel-fp32in-s0,N-default--w-fp6_e2m3--a-fp6_e2m3--default,72.1,66.235,0.675603,0.728683,-5.865,-7.746667,-3.964917,-6.7,0.0,121,,,,,,,True
mobilenet_v2,recon,adaround,L-nobc--w-int8--a-int8--default_no_bias_correction--fit-mse_per_channel-fp32in-s0,N-default--w-int6--a-int6--default,72.1,70.098333,0.745455,0.796025,-2.001667,-3.571667,-0.419958,-1.8,0.062972,84,-12.773333,-14.785042,-10.873292,-13.0,0.0,140,True
mobilenet_v2,recon,adaround,L-nobc--w-int8--a-int8--default_no_bias_correction--fit-mse_per_channel-fp32in-s0,N-default--w-int8--a-int8--default,72.1,72.3,0.961404,0.972691,0.2,-0.45,0.85,-0.1,1.0,11,-0.3,-1.3,0.65,-0.3,0.711071,29,True
mobilenet_v2,recon,adaround,L-nobc--w-int8--a-int8--default_no_bias_correction--fit-mse_per_channel-fp32in-s0,N-default--w-posit8_es1--a-posit8_es1--default,72.1,72.391667,0.866667,0.900805,0.291667,-0.733333,1.333333,-0.2,0.874629,40,-5.758333,-7.233333,-4.333333,-6.2,0.0,76,True
mobilenet_v2,recon,adaround,L-nobc--w-int8--a-int8--default_no_bias_correction--fit-mse_per_channel-fp32in-s0,N-minimal--w-fp6_e2m3--a-fp6_e2m3--minimal,72.1,66.630952,0.705556,0.758345,-5.469048,-7.325,-3.646369,-5.6,0.0,106,,,,,,,True
mobilenet_v2,recon,adaround,L-nobc--w-int8--a-int8--default_no_bias_correction--fit-mse_per_channel-fp32in-s0,N-minimal--w-int6--a-int6--minimal,72.1,66.308333,0.699725,0.752735,-5.791667,-7.675,-3.874792,-5.9,0.0,109,-17.675,-20.125,-15.383333,-17.8,0.0,190,True
mobilenet_v2,recon,adaround,L-nobc--w-int8--a-int8--default_no_bias_correction--fit-mse_per_channel-fp32in-s0,N-minimal--w-int8--a-int8--minimal,72.1,72.283333,0.917526,0.940346,0.183333,-0.666667,1.066667,0.0,1.0,24,-2.5,-3.683333,-1.366667,-2.7,2.5e-05,41,True
mobilenet_v2,recon,adaround,L-nobc--w-int8--a-int8--default_no_bias_correction--fit-mse_per_channel-fp32in-s0,N-nobc--w-fp6_e2m3--a-fp6_e2m3--default_no_bias_correction,72.1,67.016667,0.717514,0.769743,-5.083333,-6.816667,-3.35,-5.0,1e-06,100,,,,,,,True
mobilenet_v2,recon,adaround,L-nobc--w-int8--a-int8--default_no_bias_correction--fit-mse_per_channel-fp32in-s0,N-nobc--w-int6--a-int6--default_no_bias_correction,72.1,67.141667,0.688705,0.741318,-4.958333,-6.866667,-3.091667,-5.5,0.0,113,-17.316667,-19.716667,-14.966667,-18.2,0.0,196,True
mobilenet_v2,recon,adaround,L-nobc--w-int8--a-int8--default_no_bias_correction--fit-mse_per_channel-fp32in-s0,N-nobc--w-int8--a-int8--default_no_bias_correction,72.1,71.9,0.940972,0.957794,-0.2,-0.9,0.5,-0.1,1.0,17,-2.033333,-3.1,-1.0,-2.2,0.000313,36,True
mobilenet_v2,recon,adaround,L-nobc--w-int8--a-int8--default_no_bias_correction--fit-mse_per_channel-fp32in-s0,N-nobc--w-posit8_es1--a-posit8_es1--default_no_bias_correction,72.1,72.108333,0.869565,0.903171,0.008333,-1.141667,1.116667,-0.1,1.0,39,-7.041667,-8.700208,-5.45,-6.9,0.0,81,True
mobilenet_v2,recon,adaround,L-nobc--w-posit8_es1--a-posit8_es1--default_no_bias_correction--fit-mse_per_channel-fp32in-s0,LQ-bc--w-int6--a-int6--default--fit-mse_per_channel-b2in-int6-s0,72.25,71.766667,0.826367,0.867499,-0.483333,-1.633333,0.608333,-1.0,0.220328,54,-2.811667,-4.26675,-1.358333,-3.1,0.001713,93,True
mobilenet_v2,recon,adaround,L-nobc--w-posit8_es1--a-posit8_es1--default_no_bias_correction--fit-mse_per_channel-fp32in-s0,LQ-nobc--w-int4--a-int4--default_no_bias_correction--fit-mse_per_channel-b2in-int4-s0,72.25,50.26543,0.465291,0.481342,-21.98457,-24.592319,-19.402212,-22.3,0.0,285,,,,,,,True
mobilenet_v2,recon,adaround,L-nobc--w-posit8_es1--a-posit8_es1--default_no_bias_correction--fit-mse_per_channel-fp32in-s0,LQ-nobc--w-int6--a-int6--default_no_bias_correction--fit-mse_per_channel-b2in-int6-s0,72.25,70.716667,0.812698,0.855849,-1.533333,-2.791667,-0.308333,-1.3,0.117477,59,-2.878333,-4.403333,-1.3415,-2.5,0.012401,93,True
mobilenet_v2,recon,adaround,L-nobc--w-posit8_es1--a-posit8_es1--default_no_bias_correction--fit-mse_per_channel-fp32in-s0,N-A32--w-fp6_e2m3--a-fp32--mse_per_channel,72.25,68.9,0.735294,0.786218,-3.35,-5.1,-1.666667,-3.2,0.000973,90,-9.636667,-11.883417,-7.383333,-9.5,0.0,151,True
mobilenet_v2,recon,adaround,L-nobc--w-posit8_es1--a-posit8_es1--default_no_bias_correction--fit-mse_per_channel-fp32in-s0,N-A32--w-int6--a-fp32--mse_per_channel,72.25,68.3,0.727536,0.778926,-3.95,-5.783333,-2.15,-3.8,0.000111,94,-10.536667,-12.836667,-8.32325,-10.4,0.0,148,True
mobilenet_v2,recon,adaround,L-nobc--w-posit8_es1--a-posit8_es1--default_no_bias_correction--fit-mse_per_channel-fp32in-s0,N-A32--w-int8--a-fp32--mse_per_channel,72.25,71.8,0.88255,0.913315,-0.45,-1.483333,0.566667,-0.3,0.735879,35,2.663333,1.163333,4.200167,2.8,0.001516,74,True
mobilenet_v2,recon,adaround,L-nobc--w-posit8_es1--a-posit8_es1--default_no_bias_correction--fit-mse_per_channel-fp32in-s0,N-A32--w-posit8_es1--a-fp32--mse_per_channel,72.25,71.7,0.848684,0.886206,-0.55,-1.75,0.633333,-0.4,0.658738,46,0.063333,-1.526833,1.680083,0.2,0.912157,82,True
mobilenet_v2,recon,adaround,L-nobc--w-posit8_es1--a-posit8_es1--default_no_bias_correction--fit-mse_per_channel-fp32in-s0,N-default--w-fp6_e2m3--a-fp6_e2m3--default,72.25,66.235,0.684636,0.738057,-6.015,-7.806667,-4.231667,-6.7,0.0,117,,,,,,,True
mobilenet_v2,recon,adaround,L-nobc--w-posit8_es1--a-posit8_es1--default_no_bias_correction--fit-mse_per_channel-fp32in-s0,N-default--w-int6--a-int6--default,72.25,70.098333,0.73494,0.786266,-2.151667,-3.73,-0.531667,-1.8,0.069346,88,-8.526667,-10.511708,-6.588292,-8.4,0.0,140,True
mobilenet_v2,recon,adaround,L-nobc--w-posit8_es1--a-posit8_es1--default_no_bias_correction--fit-mse_per_channel-fp32in-s0,N-default--w-int8--a-int8--default,72.25,72.3,0.882155,0.913102,0.05,-0.983333,1.067083,-0.1,1.0,35,3.946667,2.5,5.4,4.3,1e-06,75,True
mobilenet_v2,recon,adaround,L-nobc--w-posit8_es1--a-posit8_es1--default_no_bias_correction--fit-mse_per_channel-fp32in-s0,N-default--w-posit8_es1--a-posit8_es1--default,72.25,72.391667,0.860465,0.895845,0.141667,-0.875,1.183333,-0.2,0.877614,42,-1.511667,-2.858333,-0.19825,-1.6,0.068119,68,True
mobilenet_v2,recon,adaround,L-nobc--w-posit8_es1--a-posit8_es1--default_no_bias_correction--fit-mse_per_channel-fp32in-s0,N-minimal--w-fp6_e2m3--a-fp6_e2m3--minimal,72.25,66.630952,0.715084,0.767793,-5.619048,-7.377381,-3.910714,-5.6,0.0,102,,,,,,,True
mobilenet_v2,recon,adaround,L-nobc--w-posit8_es1--a-posit8_es1--default_no_bias_correction--fit-mse_per_channel-fp32in-s0,N-minimal--w-int6--a-int6--minimal,72.25,66.308333,0.695055,0.748022,-5.941667,-7.791667,-4.033125,-5.9,0.0,111,-13.428333,-15.836792,-11.183292,-13.2,0.0,178,True
mobilenet_v2,recon,adaround,L-nobc--w-posit8_es1--a-posit8_es1--default_no_bias_correction--fit-mse_per_channel-fp32in-s0,N-minimal--w-int8--a-int8--minimal,72.25,72.283333,0.878788,0.910519,0.033333,-0.933333,0.983333,0.0,1.0,36,1.746667,0.426667,3.113333,1.9,0.029493,69,True
mobilenet_v2,recon,adaround,L-nobc--w-posit8_es1--a-posit8_es1--default_no_bias_correction--fit-mse_per_channel-fp32in-s0,N-nobc--w-fp6_e2m3--a-fp6_e2m3--default_no_bias_correction,72.25,67.016667,0.707865,0.760253,-5.233333,-7.0,-3.533333,-5.0,1e-06,104,,,,,,,True
mobilenet_v2,recon,adaround,L-nobc--w-posit8_es1--a-posit8_es1--default_no_bias_correction--fit-mse_per_channel-fp32in-s0,N-nobc--w-int6--a-int6--default_no_bias_correction,72.25,67.141667,0.69337,0.746046,-5.108333,-7.0,-3.258333,-5.5,0.0,111,-13.07,-15.325,-10.845,-13.6,0.0,174,True
mobilenet_v2,recon,adaround,L-nobc--w-posit8_es1--a-posit8_es1--default_no_bias_correction--fit-mse_per_channel-fp32in-s0,N-nobc--w-int8--a-int8--default_no_bias_correction,72.25,71.9,0.882155,0.913102,-0.35,-1.3,0.6,-0.1,1.0,35,2.213333,0.759917,3.716667,2.4,0.007084,74,True
mobilenet_v2,recon,adaround,L-nobc--w-posit8_es1--a-posit8_es1--default_no_bias_correction--fit-mse_per_channel-fp32in-s0,N-nobc--w-posit8_es1--a-posit8_es1--default_no_bias_correction,72.25,72.108333,0.863333,0.898205,-0.141667,-1.216667,0.9,-0.1,1.0,41,-2.795,-4.191667,-1.37,-2.3,0.012812,79,True
mobilenet_v2,recon,adaround,LQ-bc--w-int6--a-int6--default--fit-mse_per_channel-b2in-int6-s0,LQ-nobc--w-int4--a-int4--default_no_bias_correction--fit-mse_per_channel-b2in-int4-s0,71.766667,50.26543,0.489642,0.507052,-21.501237,-23.981079,-19.061736,-21.3,0.0,271,,,,,,,True
mobilenet_v2,recon,adaround,LQ-bc--w-int6--a-int6--default--fit-mse_per_channel-b2in-int6-s0,LQ-nobc--w-int6--a-int6--default_no_bias_correction--fit-mse_per_channel-b2in-int6-s0,71.766667,70.716667,0.844444,0.881156,-1.05,-2.125,0.016667,-0.3,0.77545,49,-0.066667,-1.433333,1.333333,0.6,0.571587,78,True
mobilenet_v2,recon,adaround,LQ-bc--w-int6--a-int6--default--fit-mse_per_channel-b2in-int6-s0,N-A32--w-fp6_e2m3--a-fp32--mse_per_channel,71.766667,68.9,0.759531,0.80598,-2.866667,-4.458333,-1.299792,-2.2,0.019827,82,-6.825,-8.916667,-4.733125,-6.4,0.0,142,True
mobilenet_v2,recon,adaround,LQ-bc--w-int6--a-int6--default--fit-mse_per_channel-b2in-int6-s0,N-A32--w-int6--a-fp32--mse_per_channel,71.766667,68.3,0.73639,0.784111,-3.466667,-5.233333,-1.708333,-2.8,0.004609,92,-7.725,-9.975208,-5.516667,-7.3,0.0,149,True
mobilenet_v2,recon,adaround,LQ-bc--w-int6--a-int6--default--fit-mse_per_channel-b2in-int6-s0,N-A32--w-int8--a-fp32--mse_per_channel,71.766667,71.8,0.818471,0.860422,0.033333,-1.225,1.308333,0.7,0.427043,57,5.475,3.908333,7.116667,5.9,0.0,95,True
mobilenet_v2,recon,adaround,LQ-bc--w-int6--a-int6--default--fit-mse_per_channel-b2in-int6-s0,N-A32--w-posit8_es1--a-fp32--mse_per_channel,71.766667,71.7,0.815873,0.858084,-0.066667,-1.366667,1.233542,0.6,0.511842,58,2.875,1.25,4.5,3.3,0.00081,93,True
mobilenet_v2,recon,adaround,LQ-bc--w-int6--a-int6--default--fit-mse_per_channel-b2in-int6-s0,N-default--w-fp6_e2m3--a-fp6_e2m3--default,71.766667,66.235,0.734973,0.783775,-5.531667,-7.156667,-3.924917,-5.7,0.0,97,,,,,,,True
mobilenet_v2,recon,adaround,LQ-bc--w-int6--a-int6--default--fit-mse_per_channel-b2in-int6-s0,N-default--w-int6--a-int6--default,71.766667,70.098333,0.814241,0.855349,-1.668333,-2.99,-0.334875,-0.8,0.366294,60,-5.715,-7.480042,-3.988333,-5.3,0.0,109,True
mobilenet_v2,recon,adaround,LQ-bc--w-int6--a-int6--default--fit-mse_per_channel-b2in-int6-s0,N-default--w-int8--a-int8--default,71.766667,72.3,0.829582,0.870043,0.533333,-0.65,1.708333,0.9,0.271679,53,6.758333,5.349792,8.225,7.4,0.0,84,True
mobilenet_v2,recon,adaround,LQ-bc--w-int6--a-int6--default--fit-mse_per_channel-b2in-int6-s0,N-default--w-posit8_es1--a-posit8_es1--default,71.766667,72.391667,0.862745,0.897126,0.625,-0.416875,1.683333,0.8,0.279956,42,1.3,-0.091875,2.691667,1.5,0.11466,79,True
mobilenet_v2,recon,adaround,LQ-bc--w-int6--a-int6--default--fit-mse_per_channel-b2in-int6-s0,N-minimal--w-fp6_e2m3--a-fp6_e2m3--minimal,71.766667,66.630952,0.728532,0.776739,-5.135714,-6.891726,-3.471369,-4.6,4e-06,98,,,,,,,True
mobilenet_v2,recon,adaround,LQ-bc--w-int6--a-int6--default--fit-mse_per_channel-b2in-int6-s0,N-minimal--w-int6--a-int6--minimal,71.766667,66.308333,0.699187,0.747672,-5.458333,-7.275208,-3.649792,-4.9,4e-06,111,-10.616667,-12.975,-8.383125,-10.1,0.0,175,True
mobilenet_v2,recon,adaround,LQ-bc--w-int6--a-int6--default--fit-mse_per_channel-b2in-int6-s0,N-minimal--w-int8--a-int8--minimal,71.766667,72.283333,0.814696,0.857661,0.516667,-0.683333,1.741667,1.0,0.237047,58,4.558333,3.016667,6.133333,5.0,0.0,96,True
mobilenet_v2,recon,adaround,LQ-bc--w-int6--a-int6--default--fit-mse_per_channel-b2in-int6-s0,N-nobc--w-fp6_e2m3--a-fp6_e2m3--default_no_bias_correction,71.766667,67.016667,0.755682,0.802504,-4.75,-6.341875,-3.191458,-4.0,1.9e-05,86,,,,,,,True
mobilenet_v2,recon,adaround,LQ-bc--w-int6--a-int6--default--fit-mse_per_channel-b2in-int6-s0,N-nobc--w-int6--a-int6--default_no_bias_correction,71.766667,67.141667,0.702186,0.750604,-4.625,-6.491667,-2.833333,-4.5,1.9e-05,109,-10.258333,-12.45,-8.108125,-10.5,0.0,165,True
mobilenet_v2,recon,adaround,LQ-bc--w-int6--a-int6--default--fit-mse_per_channel-b2in-int6-s0,N-nobc--w-int8--a-int8--default_no_bias_correction,71.766667,71.9,0.835484,0.874956,0.133333,-1.016667,1.291667,0.9,0.262438,51,5.025,3.516667,6.575,5.5,0.0,89,True
mobilenet_v2,recon,adaround,LQ-bc--w-int6--a-int6--default--fit-mse_per_channel-b2in-int6-s0,N-nobc--w-posit8_es1--a-posit8_es1--default_no_bias_correction,71.766667,72.108333,0.806349,0.85039,0.341667,-0.941667,1.575,0.9,0.305677,61,0.016667,-1.608333,1.591875,0.8,0.492645,104,True
mobilenet_v2,recon,adaround,LQ-nobc--w-int4--a-int4--default_no_bias_correction--fit-mse_per_channel-b2in-int4-s0,LQ-nobc--w-int6--a-int6--default_no_bias_correction--fit-mse_per_channel-b2in-int6-s0,50.26543,70.716667,0.481343,0.490087,20.451237,17.94012,22.962066,21.0,0.0,278,,,,,,,True
mobilenet_v2,recon,adaround,LQ-nobc--w-int4--a-int4--default_no_bias_correction--fit-mse_per_channel-b2in-int4-s0,N-A32--w-fp6_e2m3--a-fp32--mse_per_channel,50.26543,68.9,0.491743,0.48338,18.63457,15.976504,21.2564,19.1,0.0,277,,,,,,,True
mobilenet_v2,recon,adaround,LQ-nobc--w-int4--a-int4--default_no_bias_correction--fit-mse_per_channel-b2in-int4-s0,N-A32--w-int6--a-fp32--mse_per_channel,50.26543,68.3,0.508287,0.502321,18.03457,15.491933,20.582718,18.5,0.0,267,,,,,,,True
mobilenet_v2,recon,adaround,LQ-nobc--w-int4--a-int4--default_no_bias_correction--fit-mse_per_channel-b2in-int4-s0,N-A32--w-int8--a-fp32--mse_per_channel,50.26543,71.8,0.462687,0.473081,21.53457,18.897499,24.126922,22.0,0.0,288,,,,,,,True
mobilenet_v2,recon,adaround,LQ-nobc--w-int4--a-int4--default_no_bias_correction--fit-mse_per_channel-b2in-int4-s0,N-A32--w-posit8_es1--a-fp32--mse_per_channel,50.26543,71.7,0.46729,0.479224,21.43457,18.849455,24.046904,21.9,0.0,285,,,,,,,True
mobilenet_v2,recon,adaround,LQ-nobc--w-int4--a-int4--default_no_bias_correction--fit-mse_per_channel-b2in-int4-s0,N-default--w-fp6_e2m3--a-fp6_e2m3--default,50.26543,66.235,0.558824,0.54787,15.96957,13.62424,18.413275,15.6,0.0,240,,,,,,,True
mobilenet_v2,recon,adaround,LQ-nobc--w-int4--a-int4--default_no_bias_correction--fit-mse_per_channel-b2in-int4-s0,N-default--w-int6--a-int6--default,50.26543,70.098333,0.496255,0.507322,19.832904,17.302338,22.37688,20.5,0.0,269,,,,,,,True
mobilenet_v2,recon,adaround,LQ-nobc--w-int4--a-int4--default_no_bias_correction--fit-mse_per_channel-b2in-int4-s0,N-default--w-int8--a-int8--default,50.26543,72.3,0.464419,0.47858,22.03457,19.412398,24.643952,22.2,0.0,286,,,,,,,True
mobilenet_v2,recon,adaround,LQ-nobc--w-int4--a-int4--default_no_bias_correction--fit-mse_per_channel-b2in-int4-s0,N-default--w-posit8_es1--a-posit8_es1--default,50.26543,72.391667,0.466292,0.480275,22.126237,19.576614,24.696741,22.1,0.0,285,,,,,,,True
mobilenet_v2,recon,adaround,LQ-nobc--w-int4--a-int4--default_no_bias_correction--fit-mse_per_channel-b2in-int4-s0,N-minimal--w-fp6_e2m3--a-fp6_e2m3--minimal,50.26543,66.630952,0.521818,0.503531,16.365523,13.839861,18.87411,16.7,0.0,263,,,,,,,True
mobilenet_v2,recon,adaround,LQ-nobc--w-int4--a-int4--default_no_bias_correction--fit-mse_per_channel-b2in-int4-s0,N-minimal--w-int6--a-int6--minimal,50.26543,66.308333,0.524501,0.504515,16.042904,13.47497,18.678365,16.4,0.0,262,,,,,,,True
mobilenet_v2,recon,adaround,LQ-nobc--w-int4--a-int4--default_no_bias_correction--fit-mse_per_channel-b2in-int4-s0,N-minimal--w-int8--a-int8--minimal,50.26543,72.283333,0.45709,0.467965,22.017904,19.382443,24.669863,22.3,0.0,291,,,,,,,True
mobilenet_v2,recon,adaround,LQ-nobc--w-int4--a-int4--default_no_bias_correction--fit-mse_per_channel-b2in-int4-s0,N-nobc--w-fp6_e2m3--a-fp6_e2m3--default_no_bias_correction,50.26543,67.016667,0.527574,0.518646,16.751237,14.283036,19.222613,17.3,0.0,257,,,,,,,True
mobilenet_v2,recon,adaround,LQ-nobc--w-int4--a-int4--default_no_bias_correction--fit-mse_per_channel-b2in-int4-s0,N-nobc--w-int6--a-int6--default_no_bias_correction,50.26543,67.141667,0.533945,0.522997,16.876237,14.341181,19.357825,16.8,0.0,254,,,,,,,True
mobilenet_v2,recon,adaround,LQ-nobc--w-int4--a-int4--default_no_bias_correction--fit-mse_per_channel-b2in-int4-s0,N-nobc--w-int8--a-int8--default_no_bias_correction,50.26543,71.9,0.464419,0.47858,21.63457,19.03348,24.19981,22.2,0.0,286,,,,,,,True
mobilenet_v2,recon,adaround,LQ-nobc--w-int4--a-int4--default_no_bias_correction--fit-mse_per_channel-b2in-int4-s0,N-nobc--w-posit8_es1--a-posit8_es1--default_no_bias_correction,50.26543,72.108333,0.469925,0.487488,21.842904,19.332983,24.335879,22.2,0.0,282,,,,,,,True
mobilenet_v2,recon,adaround,LQ-nobc--w-int6--a-int6--default_no_bias_correction--fit-mse_per_channel-b2in-int6-s0,N-A32--w-fp6_e2m3--a-fp32--mse_per_channel,70.716667,68.9,0.742775,0.78959,-1.816667,-3.541875,-0.058333,-1.9,0.055778,89,-6.758333,-9.041667,-4.516667,-7.0,0.0,156,True
mobilenet_v2,recon,adaround,LQ-nobc--w-int6--a-int6--default_no_bias_correction--fit-mse_per_channel-b2in-int6-s0,N-A32--w-int6--a-fp32--mse_per_channel,70.716667,68.3,0.735043,0.781955,-2.416667,-4.233333,-0.608333,-2.5,0.012401,93,-7.658333,-9.991875,-5.341667,-7.9,0.0,157,True
mobilenet_v2,recon,adaround,LQ-nobc--w-int6--a-int6--default_no_bias_correction--fit-mse_per_channel-b2in-int6-s0,N-A32--w-int8--a-fp32--mse_per_channel,70.716667,71.8,0.822222,0.863443,1.083333,-0.216667,2.416667,1.0,0.228806,56,5.541667,3.925,7.2,5.3,0.0,91,True
mobilenet_v2,recon,adaround,LQ-nobc--w-int6--a-int6--default_no_bias_correction--fit-mse_per_channel-b2in-int6-s0,N-A32--w-posit8_es1--a-fp32--mse_per_channel,70.716667,71.7,0.81962,0.861091,0.983333,-0.333333,2.308333,0.9,0.289244,57,2.941667,1.2,4.65,2.7,0.007313,95,True
mobilenet_v2,recon,adaround,LQ-nobc--w-int6--a-int6--default_no_bias_correction--fit-mse_per_channel-b2in-int6-s0,N-default--w-fp6_e2m3--a-fp6_e2m3--default,70.716667,66.235,0.696809,0.744226,-4.481667,-6.213333,-2.743333,-5.4,0.0,114,,,,,,,True
mobilenet_v2,recon,adaround,LQ-nobc--w-int6--a-int6--default_no_bias_correction--fit-mse_per_channel-b2in-int6-s0,N-default--w-int6--a-int6--default,70.716667,70.098333,0.752976,0.800324,-0.618333,-2.17,0.935,-0.5,0.660884,83,-5.648333,-7.646667,-3.765,-5.9,0.0,137,True
mobilenet_v2,recon,adaround,LQ-nobc--w-int6--a-int6--default_no_bias_correction--fit-mse_per_channel-b2in-int6-s0,N-default--w-int8--a-int8--default,70.716667,72.3,0.827476,0.868177,1.583333,0.308333,2.883333,1.2,0.133674,54,6.825,5.25,8.425,6.8,0.0,92,True
mobilenet_v2,recon,adaround,LQ-nobc--w-int6--a-int6--default_no_bias_correction--fit-mse_per_channel-b2in-int6-s0,N-default--w-posit8_es1--a-posit8_es1--default,70.716667,72.391667,0.830671,0.870698,1.675,0.425,2.933333,1.1,0.168978,53,1.366667,-0.266875,2.983333,0.9,0.401813,91,True
mobilenet_v2,recon,adaround,LQ-nobc--w-int6--a-int6--default_no_bias_correction--fit-mse_per_channel-b2in-int6-s0,N-minimal--w-fp6_e2m3--a-fp6_e2m3--minimal,70.716667,66.630952,0.713115,0.760371,-4.085714,-5.9,-2.327321,-4.3,3.3e-05,105,,,,,,,True
mobilenet_v2,recon,adaround,LQ-nobc--w-int6--a-int6--default_no_bias_correction--fit-mse_per_channel-b2in-int6-s0,N-minimal--w-int6--a-int6--minimal,70.716667,66.308333,0.702703,0.74998,-4.408333,-6.258542,-2.491667,-4.6,1.4e-05,110,-10.55,-13.041667,-8.275,-10.7,0.0,175,True
mobilenet_v2,recon,adaround,LQ-nobc--w-int6--a-int6--default_no_bias_correction--fit-mse_per_channel-b2in-int6-s0,N-minimal--w-int8--a-int8--minimal,70.716667,72.283333,0.818471,0.860753,1.566667,0.291667,2.858333,1.3,0.111161,57,4.625,3.033333,6.208542,4.4,5e-06,92,True
mobilenet_v2,recon,adaround,LQ-nobc--w-int6--a-int6--default_no_bias_correction--fit-mse_per_channel-b2in-int6-s0,N-nobc--w-fp6_e2m3--a-fp6_e2m3--default_no_bias_correction,70.716667,67.016667,0.725,0.772036,-3.7,-5.475,-1.966667,-3.7,0.000255,99,,,,,,,True
mobilenet_v2,recon,adaround,LQ-nobc--w-int6--a-int6--default_no_bias_correction--fit-mse_per_channel-b2in-int6-s0,N-nobc--w-int6--a-int6--default_no_bias_correction,70.716667,67.141667,0.710383,0.757635,-3.575,-5.433333,-1.766667,-4.2,5.5e-05,106,-10.191667,-12.483333,-7.925,-11.1,0.0,169,True
mobilenet_v2,recon,adaround,LQ-nobc--w-int6--a-int6--default_no_bias_correction--fit-mse_per_channel-b2in-int6-s0,N-nobc--w-int8--a-int8--default_no_bias_correction,70.716667,71.9,0.833333,0.873076,1.183333,-0.041667,2.425,1.2,0.126347,52,5.091667,3.499792,6.733333,4.9,0.0,91,True
mobilenet_v2,recon,adaround,LQ-nobc--w-int6--a-int6--default_no_bias_correction--fit-mse_per_channel-b2in-int6-s0,N-nobc--w-posit8_es1--a-posit8_es1--default_no_bias_correction,70.716667,72.108333,0.815873,0.858381,1.391667,0.066667,2.675,1.2,0.148006,58,0.083333,-1.666875,1.758333,0.2,0.922685,106,True
mobilenet_v2,recon,adaround,N-A32--w-fp6_e2m3--a-fp32--mse_per_channel,N-A32--w-int6--a-fp32--mse_per_channel,68.9,68.3,0.701897,0.744749,-0.6,-2.7,1.5,-0.6,0.633756,110,-0.9,-3.3,1.5,-0.9,0.512356,149,True
mobilenet_v2,recon,adaround,N-A32--w-fp6_e2m3--a-fp32--mse_per_channel,N-A32--w-int8--a-fp32--mse_per_channel,68.9,71.8,0.775449,0.822386,2.9,1.3,4.6,2.9,0.00108,75,12.3,10.1,14.6,12.3,0.0,149,True
mobilenet_v2,recon,adaround,N-A32--w-fp6_e2m3--a-fp32--mse_per_channel,N-A32--w-posit8_es1--a-fp32--mse_per_channel,68.9,71.7,0.757396,0.805625,2.8,1.1,4.5,2.8,0.002642,82,9.7,7.5,12.0,9.7,0.0,145,True
mobilenet_v2,recon,adaround,N-A32--w-fp6_e2m3--a-fp32--mse_per_channel,N-default--w-fp6_e2m3--a-fp6_e2m3--default,68.9,66.235,0.663291,0.701154,-2.665,-4.676708,-0.643333,-3.5,0.003049,133,,,,,,,True
mobilenet_v2,recon,adaround,N-A32--w-fp6_e2m3--a-fp32--mse_per_channel,N-default--w-int6--a-int6--default,68.9,70.098333,0.67033,0.716883,1.198333,-0.781708,3.201708,1.4,0.235203,120,1.11,-1.300083,3.455042,1.1,0.457398,181,True
mobilenet_v2,recon,adaround,N-A32--w-fp6_e2m3--a-fp32--mse_per_channel,N-default--w-int8--a-int8--default,68.9,72.3,0.764179,0.812729,3.4,1.7,5.15,3.1,0.000639,79,13.583333,11.35,15.850417,13.8,0.0,156,True
mobilenet_v2,recon,adaround,N-A32--w-fp6_e2m3--a-fp32--mse_per_channel,N-default--w-posit8_es1--a-posit8_es1--default,68.9,72.391667,0.72093,0.771903,3.491667,1.75,5.3,3.0,0.002879,96,8.125,5.883125,10.383542,7.9,0.0,157,True
mobilenet_v2,recon,adaround,N-A32--w-fp6_e2m3--a-fp32--mse_per_channel,N-minimal--w-fp6_e2m3--a-fp6_e2m3--minimal,68.9,66.630952,0.722667,0.763505,-2.269048,-4.127381,-0.5,-2.4,0.023646,104,,,,,,,True
mobilenet_v2,recon,adaround,N-A32--w-fp6_e2m3--a-fp32--mse_per_channel,N-minimal--w-int6--a-int6--minimal,68.9,66.308333,0.726064,0.766703,-2.591667,-4.508333,-0.733125,-2.7,0.010063,103,-3.791667,-6.133333,-1.508333,-3.7,0.003472,153,True
mobilenet_v2,recon,adaround,N-A32--w-fp6_e2m3--a-fp32--mse_per_channel,N-minimal--w-int8--a-int8--minimal,68.9,72.283333,0.755952,0.805485,3.383333,1.65,5.133333,3.2,0.000535,82,11.383333,9.132917,13.6,11.4,0.0,152,True
mobilenet_v2,recon,adaround,N-A32--w-fp6_e2m3--a-fp32--mse_per_channel,N-nobc--w-fp6_e2m3--a-fp6_e2m3--default_no_bias_correction,68.9,67.016667,0.828571,0.862922,-1.883333,-3.283333,-0.516667,-1.8,0.02734,60,,,,,,,True
mobilenet_v2,recon,adaround,N-A32--w-fp6_e2m3--a-fp32--mse_per_channel,N-nobc--w-int6--a-int6--default_no_bias_correction,68.9,67.141667,0.670984,0.710533,-1.758333,-3.883542,0.341667,-2.3,0.050487,127,-3.433333,-5.883542,-1.016667,-4.1,0.0024,175,True
mobilenet_v2,recon,adaround,N-A32--w-fp6_e2m3--a-fp32--mse_per_channel,N-nobc--w-int8--a-int8--default_no_bias_correction,68.9,71.9,0.769461,0.817541,3.0,1.35,4.7,3.1,0.000539,77,11.85,9.65,14.1,11.9,0.0,147,True
mobilenet_v2,recon,adaround,N-A32--w-fp6_e2m3--a-fp32--mse_per_channel,N-nobc--w-posit8_es1--a-posit8_es1--default_no_bias_correction,68.9,72.108333,0.758929,0.807918,3.208333,1.6,4.8,3.1,0.000752,81,6.841667,4.833333,8.866667,7.2,0.0,124,True
mobilenet_v2,recon,adaround,N-A32--w-int6--a-fp32--mse_per_channel,N-A32--w-int8--a-fp32--mse_per_channel,68.3,71.8,0.756598,0.805279,3.5,1.7,5.3,3.5,0.000155,83,13.2,10.9,15.5,13.2,0.0,152,True
mobilenet_v2,recon,adaround,N-A32--w-int6--a-fp32--mse_per_channel,N-A32--w-posit8_es1--a-fp32--mse_per_channel,68.3,71.7,0.729107,0.779048,3.4,1.5,5.3,3.4,0.000588,94,10.6,8.3,12.9,10.6,0.0,150,True
mobilenet_v2,recon,adaround,N-A32--w-int6--a-fp32--mse_per_channel,N-default--w-fp6_e2m3--a-fp6_e2m3--default,68.3,66.235,0.691327,0.728813,-2.065,-4.011708,-0.068333,-2.9,0.010611,121,,,,,,,True
mobilenet_v2,recon,adaround,N-A32--w-int6--a-fp32--mse_per_channel,N-default--w-int6--a-int6--default,68.3,70.098333,0.715084,0.761236,1.798333,-4.2e-05,3.641667,2.0,0.059401,102,2.01,-0.290042,4.25175,2.0,0.135248,162,True
mobilenet_v2,recon,adaround,N-A32--w-int6--a-fp32--mse_per_channel,N-default--w-int8--a-int8--default,68.3,72.3,0.750733,0.800488,4.0,2.25,5.8,3.7,7.4e-05,85,14.483333,12.266667,16.816667,14.7,0.0,159,True
mobilenet_v2,recon,adaround,N-A32--w-int6--a-fp32--mse_per_channel,N-default--w-posit8_es1--a-posit8_es1--default,68.3,72.391667,0.74344,0.793321,4.091667,2.375,5.841667,3.6,0.000157,88,9.025,6.783333,11.291875,8.8,0.0,150,True
mobilenet_v2,recon,adaround,N-A32--w-int6--a-fp32--mse_per_channel,N-minimal--w-fp6_e2m3--a-fp6_e2m3--minimal,68.3,66.630952,0.680412,0.718534,-1.669048,-3.691696,0.339286,-1.8,0.12651,124,,,,,,,True
mobilenet_v2,recon,adaround,N-A32--w-int6--a-fp32--mse_per_channel,N-minimal--w-int6--a-int6--minimal,68.3,66.308333,0.723684,0.762613,-1.991667,-3.966667,-0.008333,-2.1,0.050442,105,-2.891667,-5.283333,-0.566667,-2.8,0.029246,154,True
mobilenet_v2,recon,adaround,N-A32--w-int6--a-fp32--mse_per_channel,N-minimal--w-int8--a-int8--minimal,68.3,72.283333,0.752941,0.802884,3.983333,2.25,5.733333,3.8,4.1e-05,84,12.283333,10.11625,14.5,12.3,0.0,145,True
mobilenet_v2,recon,adaround,N-A32--w-int6--a-fp32--mse_per_channel,N-nobc--w-fp6_e2m3--a-fp6_e2m3--default_no_bias_correction,68.3,67.016667,0.7,0.739656,-1.283333,-3.25,0.716667,-1.2,0.302878,114,,,,,,,True
mobilenet_v2,recon,adaround,N-A32--w-int6--a-fp32--mse_per_channel,N-nobc--w-int6--a-int6--default_no_bias_correction,68.3,67.141667,0.86533,0.893668,-1.158333,-2.35,0.0,-1.7,0.018624,47,-2.533333,-3.858333,-1.241667,-3.2,3e-05,58,True
mobilenet_v2,recon,adaround,N-A32--w-int6--a-fp32--mse_per_channel,N-nobc--w-int8--a-int8--default_no_bias_correction,68.3,71.9,0.745614,0.795702,3.6,1.89875,5.35,3.7,9.1e-05,87,12.75,10.5,15.05,12.8,0.0,154,True
mobilenet_v2,recon,adaround,N-A32--w-int6--a-fp32--mse_per_channel,N-nobc--w-posit8_es1--a-posit8_es1--default_no_bias_correction,68.3,72.108333,0.705714,0.75741,3.808333,1.933125,5.691667,3.7,0.000341,103,7.741667,5.483333,10.05,8.1,0.0,151,True
mobilenet_v2,recon,adaround,N-A32--w-int8--a-fp32--mse_per_channel,N-A32--w-posit8_es1--a-fp32--mse_per_channel,71.8,71.7,0.908784,0.9334,-0.1,-1.1,0.9,-0.1,1.0,27,-2.6,-4.1,-1.1,-2.6,0.001066,60,True
mobilenet_v2,recon,adaround,N-A32--w-int8--a-fp32--mse_per_channel,N-default--w-fp6_e2m3--a-fp6_e2m3--default,71.8,66.235,0.683646,0.735476,-5.565,-7.430042,-3.684958,-6.4,0.0,118,,,,,,,True
mobilenet_v2,recon,adaround,N-A32--w-int8--a-fp32--mse_per_channel,N-default--w-int6--a-int6--default,71.8,70.098333,0.743976,0.793962,-1.701667,-3.26,-0.094958,-1.5,0.128396,85,-11.19,-13.238333,-9.181667,-11.2,0.0,140,True
mobilenet_v2,recon,adaround,N-A32--w-int8--a-fp32--mse_per_channel,N-default--w-int8--a-int8--default,71.8,72.3,0.931271,0.950516,0.5,-0.35,1.35,0.2,0.823803,20,1.283333,0.05,2.5,1.5,0.031539,43,True
mobilenet_v2,recon,adaround,N-A32--w-int8--a-fp32--mse_per_channel,N-default--w-posit8_es1--a-posit8_es1--default,71.8,72.391667,0.864238,0.898647,0.591667,-0.425,1.625,0.1,1.0,41,-4.175,-5.691667,-2.675,-4.4,1e-06,78,True
mobilenet_v2,recon,adaround,N-A32--w-int8--a-fp32--mse_per_channel,N-minimal--w-fp6_e2m3--a-fp6_e2m3--minimal,71.8,66.630952,0.709141,0.760559,-5.169048,-7.023839,-3.366667,-5.3,0.0,105,,,,,,,True
mobilenet_v2,recon,adaround,N-A32--w-int8--a-fp32--mse_per_channel,N-minimal--w-int6--a-int6--minimal,71.8,66.308333,0.727019,0.778406,-5.491667,-7.325,-3.625,-5.6,0.0,98,-16.091667,-18.516667,-13.833333,-16.0,0.0,178,True
mobilenet_v2,recon,adaround,N-A32--w-int8--a-fp32--mse_per_channel,N-minimal--w-int8--a-int8--minimal,71.8,72.283333,0.921233,0.943045,0.483333,-0.4,1.4,0.3,0.677639,23,-0.916667,-2.25,0.4,-0.9,0.25287,49,True
mobilenet_v2,recon,adaround,N-A32--w-int8--a-fp32--mse_per_channel,N-nobc--w-fp6_e2m3--a-fp6_e2m3--default_no_bias_correction,71.8,67.016667,0.721127,0.772027,-4.783333,-6.550417,-3.05,-4.7,2e-06,99,,,,,,,True
mobilenet_v2,recon,adaround,N-A32--w-int8--a-fp32--mse_per_channel,N-nobc--w-int6--a-int6--default_no_bias_correction,71.8,67.141667,0.701657,0.75303,-4.658333,-6.583333,-2.816667,-5.2,1e-06,108,-15.733333,-18.133333,-13.449792,-16.4,0.0,182,True
mobilenet_v2,recon,adaround,N-A32--w-int8--a-fp32--mse_per_channel,N-nobc--w-int8--a-int8--default_no_bias_correction,71.8,71.9,0.958188,0.970315,0.1,-0.5,0.65,0.2,0.774414,12,-0.45,-1.2,0.35,-0.4,0.503445,20,True
mobilenet_v2,recon,adaround,N-A32--w-int8--a-fp32--mse_per_channel,N-nobc--w-posit8_es1--a-posit8_es1--default_no_bias_correction,71.8,72.108333,0.873333,0.90597,0.308333,-0.775,1.366875,0.2,0.871415,38,-5.458333,-7.200208,-3.775,-5.1,0.0,91,True
mobilenet_v2,recon,adaround,N-A32--w-posit8_es1--a-fp32--mse_per_channel,N-default--w-fp6_e2m3--a-fp6_e2m3--default,71.7,66.235,0.681818,0.733072,-5.465,-7.286667,-3.626542,-6.3,0.0,119,,,,,,,True
mobilenet_v2,recon,adaround,N-A32--w-posit8_es1--a-fp32--mse_per_channel,N-default--w-int6--a-int6--default,71.7,70.098333,0.72619,0.777093,-1.601667,-3.323375,0.115,-1.4,0.174984,92,-8.59,-10.743417,-6.454958,-8.6,0.0,150,True
mobilenet_v2,recon,adaround,N-A32--w-posit8_es1--a-fp32--mse_per_channel,N-default--w-int8--a-int8--default,71.7,72.3,0.889262,0.918447,0.6,-0.5,1.75,0.3,0.728332,33,3.883333,2.4,5.383333,4.1,0.0,61,True
mobilenet_v2,recon,adaround,N-A32--w-posit8_es1--a-fp32--mse_per_channel,N-default--w-posit8_es1--a-posit8_es1--default,71.7,72.391667,0.831169,0.871601,0.691667,-0.541667,1.950208,0.2,0.889884,52,-1.575,-3.3,0.158333,-1.8,0.078976,94,True
mobilenet_v2,recon,adaround,N-A32--w-posit8_es1--a-fp32--mse_per_channel,N-minimal--w-fp6_e2m3--a-fp6_e2m3--minimal,71.7,66.630952,0.697802,0.748761,-5.069048,-6.991696,-3.183304,-5.2,1e-06,110,,,,,,,True
mobilenet_v2,recon,adaround,N-A32--w-posit8_es1--a-fp32--mse_per_channel,N-minimal--w-int6--a-int6--minimal,71.7,66.308333,0.706044,0.757213,-5.391667,-7.3,-3.466667,-5.5,0.0,107,-13.491667,-15.983333,-11.141667,-13.4,0.0,180,True
mobilenet_v2,recon,adaround,N-A32--w-posit8_es1--a-fp32--mse_per_channel,N-minimal--w-int8--a-int8--minimal,71.7,72.283333,0.879599,0.910955,0.583333,-0.566667,1.766667,0.4,0.617719,36,1.683333,0.083333,3.233333,1.7,0.0498,67,True
mobilenet_v2,recon,adaround,N-A32--w-posit8_es1--a-fp32--mse_per_channel,N-nobc--w-fp6_e2m3--a-fp6_e2m3--default_no_bias_correction,71.7,67.016667,0.7,0.750746,-4.683333,-6.5,-2.882917,-4.6,1.1e-05,108,,,,,,,True
mobilenet_v2,recon,adaround,N-A32--w-posit8_es1--a-fp32--mse_per_channel,N-nobc--w-int6--a-int6--default_no_bias_correction,71.7,67.141667,0.681199,0.731823,-4.558333,-6.583333,-2.6,-5.1,3e-06,117,-13.133333,-15.6,-10.775,-13.8,0.0,186,True
mobilenet_v2,recon,adaround,N-A32--w-posit8_es1--a-fp32--mse_per_channel,N-nobc--w-int8--a-int8--default_no_bias_correction,71.7,71.9,0.895623,0.923391,0.2,-0.85,1.3,0.3,0.7201,31,2.15,0.6,3.7,2.2,0.00921,66,True
mobilenet_v2,recon,adaround,N-A32--w-posit8_es1--a-fp32--mse_per_channel,N-nobc--w-posit8_es1--a-posit8_es1--default_no_bias_correction,71.7,72.108333,0.895623,0.923391,0.408333,-0.55,1.358333,0.3,0.7201,31,-2.858333,-4.258542,-1.566667,-2.5,0.001547,59,True
mobilenet_v2,recon,adaround,N-default--w-fp6_e2m3--a-fp6_e2m3--default,N-default--w-int6--a-int6--default,66.235,70.098333,0.761644,0.806205,3.863333,2.349958,5.411708,4.9,0.0,87,,,,,,,True
mobilenet_v2,recon,adaround,N-default--w-fp6_e2m3--a-fp6_e2m3--default,N-default--w-int8--a-int8--default,66.235,72.3,0.678284,0.730948,6.065,4.208208,7.930042,6.6,0.0,120,,,,,,,True
mobilenet_v2,recon,adaround,N-default--w-fp6_e2m3--a-fp6_e2m3--default,N-default--w-posit8_es1--a-posit8_es1--default,66.235,72.391667,0.703804,0.756596,6.156667,4.426667,7.905042,6.5,0.0,109,,,,,,,True
mobilenet_v2,recon,adaround,N-default--w-fp6_e2m3--a-fp6_e2m3--default,N-minimal--w-fp6_e2m3--a-fp6_e2m3--minimal,66.235,66.630952,0.673219,0.704116,0.395952,-1.536429,2.343613,1.1,0.385959,133,,,,,,,True
mobilenet_v2,recon,adaround,N-default--w-fp6_e2m3--a-fp6_e2m3--default,N-minimal--w-int6--a-int6--minimal,66.235,66.308333,0.660194,0.68907,0.073333,-2.021667,2.195125,0.8,0.554269,140,,,,,,,True
mobilenet_v2,recon,adaround,N-default--w-fp6_e2m3--a-fp6_e2m3--default,N-minimal--w-int8--a-int8--minimal,66.235,72.283333,0.680108,0.73337,6.048333,4.186625,7.908375,6.7,0.0,119,,,,,,,True
mobilenet_v2,recon,adaround,N-default--w-fp6_e2m3--a-fp6_e2m3--default,N-nobc--w-fp6_e2m3--a-fp6_e2m3--default_no_bias_correction,66.235,67.016667,0.674938,0.707664,0.781667,-1.145042,2.685042,1.7,0.161882,131,,,,,,,True
mobilenet_v2,recon,adaround,N-default--w-fp6_e2m3--a-fp6_e2m3--default,N-nobc--w-int6--a-int6--default_no_bias_correction,66.235,67.141667,0.674877,0.706182,0.906667,-1.158375,2.953375,1.2,0.33838,132,,,,,,,True
mobilenet_v2,recon,adaround,N-default--w-fp6_e2m3--a-fp6_e2m3--default,N-nobc--w-int8--a-int8--default_no_bias_correction,66.235,71.9,0.687332,0.740312,5.665,3.811625,7.491708,6.6,0.0,116,,,,,,,True
mobilenet_v2,recon,adaround,N-default--w-fp6_e2m3--a-fp6_e2m3--default,N-nobc--w-posit8_es1--a-posit8_es1--default_no_bias_correction,66.235,72.108333,0.682796,0.73563,5.873333,4.066667,7.688417,6.6,0.0,118,,,,,,,True
mobilenet_v2,recon,adaround,N-default--w-int6--a-int6--default,N-default--w-int8--a-int8--default,70.098333,72.3,0.753799,0.803455,2.201667,0.626625,3.776667,1.7,0.074788,81,12.473333,10.606667,14.421792,12.7,0.0,135,True
mobilenet_v2,recon,adaround,N-default--w-int6--a-int6--default,N-default--w-posit8_es1--a-posit8_es1--default,70.098333,72.391667,0.783951,0.830349,2.293333,0.946667,3.675,1.6,0.072238,70,7.015,5.238333,8.863375,6.8,0.0,112,True
mobilenet_v2,recon,adaround,N-default--w-int6--a-int6--default,N-minimal--w-fp6_e2m3--a-fp6_e2m3--minimal,70.098333,66.630952,0.680851,0.72567,-3.467381,-5.378345,-1.61,-3.8,0.000667,120,,,,,,,True
mobilenet_v2,recon,adaround,N-default--w-int6--a-int6--default,N-minimal--w-int6--a-int6--minimal,70.098333,66.308333,0.68435,0.729208,-3.79,-5.698417,-1.931625,-4.1,0.000215,119,-4.901667,-7.085042,-2.806667,-4.8,0.000241,166,True
mobilenet_v2,recon,adaround,N-default--w-int6--a-int6--default,N-minimal--w-int8--a-int8--minimal,70.098333,72.283333,0.756098,0.805784,2.185,0.614958,3.743333,1.8,0.056664,80,10.273333,8.323292,12.24175,10.3,0.0,135,True
mobilenet_v2,recon,adaround,N-default--w-int6--a-int6--default,N-nobc--w-fp6_e2m3--a-fp6_e2m3--default_no_bias_correction,70.098333,67.016667,0.669333,0.713987,-3.081667,-5.021708,-1.209958,-3.2,0.005161,124,,,,,,,True
mobilenet_v2,recon,adaround,N-default--w-int6--a-int6--default,N-nobc--w-int6--a-int6--default_no_bias_correction,70.098333,67.141667,0.682667,0.727588,-2.956667,-4.920042,-1.003333,-3.7,0.000888,119,-4.543333,-6.740042,-2.326667,-5.2,7.4e-05,168,True
mobilenet_v2,recon,adaround,N-default--w-int6--a-int6--default,N-nobc--w-int8--a-int8--default_no_bias_correction,70.098333,71.9,0.753799,0.803455,1.801667,0.243292,3.311667,1.7,0.074788,81,10.74,8.769958,12.755042,10.8,0.0,138,True
mobilenet_v2,recon,adaround,N-default--w-int6--a-int6--default,N-nobc--w-posit8_es1--a-posit8_es1--default_no_bias_correction,70.098333,72.108333,0.732733,0.783958,2.01,0.325,3.663375,1.7,0.089321,89,5.731667,3.671625,7.776667,6.1,1e-06,149,True
mobilenet_v2,recon,adaround,N-default--w-int8--a-int8--default,N-default--w-posit8_es1--a-posit8_es1--default,72.3,72.391667,0.876254,0.908337,0.091667,-0.841875,1.041667,-0.1,1.0,37,-5.458333,-6.916667,-4.083333,-5.9,0.0,73,True
mobilenet_v2,recon,adaround,N-default--w-int8--a-int8--default,N-minimal--w-fp6_e2m3--a-fp6_e2m3--minimal,72.3,66.630952,0.698895,0.751216,-5.669048,-7.552381,-3.858244,-5.5,0.0,109,,,,,,,True
mobilenet_v2,recon,adaround,N-default--w-int8--a-int8--default,N-minimal--w-int6--a-int6--minimal,72.3,66.308333,0.697802,0.75032,-5.991667,-7.925,-4.058333,-5.8,0.0,110,-17.375,-19.866667,-15.049792,-17.5,0.0,193,True
mobilenet_v2,recon,adaround,N-default--w-int8--a-int8--default,N-minimal--w-int8--a-int8--minimal,72.3,72.283333,0.920962,0.942897,-0.016667,-0.866667,0.85,0.1,1.0,23,-2.2,-3.4,-1.033333,-2.4,0.000388,44,True
mobilenet_v2,recon,adaround,N-default--w-int8--a-int8--default,N-nobc--w-fp6_e2m3--a-fp6_e2m3--default_no_bias_correction,72.3,67.016667,0.720339,0.772082,-5.283333,-7.066667,-3.55,-4.9,1e-06,99,,,,,,,True
mobilenet_v2,recon,adaround,N-default--w-int8--a-int8--default,N-nobc--w-int6--a-int6--default_no_bias_correction,72.3,67.141667,0.69146,0.743652,-5.158333,-7.083333,-3.316458,-5.4,0.0,112,-17.016667,-19.4,-14.7,-17.9,0.0,193,True
mobilenet_v2,recon,adaround,N-default--w-int8--a-int8--default,N-nobc--w-int8--a-int8--default_no_bias_correction,72.3,71.9,0.937716,0.955357,-0.4,-1.15,0.35,0.0,1.0,18,-1.733333,-2.883333,-0.6,-1.9,0.003378,39,True
mobilenet_v2,recon,adaround,N-default--w-int8--a-int8--default,N-nobc--w-posit8_es1--a-posit8_es1--default_no_bias_correction,72.3,72.108333,0.866667,0.900794,-0.191667,-1.350208,0.95,0.0,1.0,40,-6.741667,-8.408333,-5.149792,-6.6,0.0,84,True
mobilenet_v2,recon,adaround,N-default--w-posit8_es1--a-posit8_es1--default,N-minimal--w-fp6_e2m3--a-fp6_e2m3--minimal,72.391667,66.630952,0.711111,0.762961,-5.760714,-7.594048,-4.002381,-5.4,0.0,104,,,,,,,True
mobilenet_v2,recon,adaround,N-default--w-posit8_es1--a-posit8_es1--default,N-minimal--w-int6--a-int6--minimal,72.391667,66.308333,0.677507,0.729102,-6.083333,-8.025,-4.208333,-5.7,0.0,119,-11.916667,-14.366667,-9.6,-11.6,0.0,188,True
mobilenet_v2,recon,adaround,N-default--w-posit8_es1--a-posit8_es1--default,N-minimal--w-int8--a-int8--minimal,72.391667,72.283333,0.87291,0.905766,-0.108333,-1.108333,0.883333,0.2,0.871415,38,3.258333,1.783333,4.75,3.5,0.000103,79,True
mobilenet_v2,recon,adaround,N-default--w-posit8_es1--a-posit8_es1--default,N-nobc--w-fp6_e2m3--a-fp6_e2m3--default_no_bias_correction,72.391667,67.016667,0.708683,0.760215,-5.375,-7.141667,-3.65,-4.8,3e-06,104,,,,,,,True
mobilenet_v2,recon,adaround,N-default--w-posit8_es1--a-posit8_es1--default,N-nobc--w-int6--a-int6--default_no_bias_correction,72.391667,67.141667,0.698895,0.750702,-5.25,-7.125,-3.441667,-5.3,0.0,109,-11.558333,-13.883333,-9.358333,-12.0,0.0,172,True
mobilenet_v2,recon,adaround,N-default--w-posit8_es1--a-posit8_es1--default,N-nobc--w-int8--a-int8--default_no_bias_correction,72.391667,71.9,0.863787,0.898427,-0.491667,-1.525,0.533333,0.1,1.0,41,3.725,2.216667,5.258333,4.0,9e-06,80,True
mobilenet_v2,recon,adaround,N-default--w-posit8_es1--a-posit8_es1--default,N-nobc--w-posit8_es1--a-posit8_es1--default_no_bias_correction,72.391667,72.108333,0.833333,0.873652,-0.283333,-1.533333,0.891667,0.1,1.0,51,-1.283333,-2.891667,0.341667,-0.7,0.53406,93,True
mobilenet_v2,recon,adaround,N-minimal--w-fp6_e2m3--a-fp6_e2m3--minimal,N-minimal--w-int6--a-int6--minimal,66.630952,66.308333,0.708122,0.742481,-0.322619,-2.195238,1.541667,-0.3,0.852156,115,,,,,,,True
mobilenet_v2,recon,adaround,N-minimal--w-fp6_e2m3--a-fp6_e2m3--minimal,N-minimal--w-int8--a-int8--minimal,66.630952,72.283333,0.715084,0.767793,5.652381,3.860714,7.467887,5.6,0.0,102,,,,,,,True
mobilenet_v2,recon,adaround,N-minimal--w-fp6_e2m3--a-fp6_e2m3--minimal,N-nobc--w-fp6_e2m3--a-fp6_e2m3--default_no_bias_correction,66.630952,67.016667,0.747368,0.783646,0.385714,-1.191667,1.938155,0.6,0.610068,96,,,,,,,True
mobilenet_v2,recon,adaround,N-minimal--w-fp6_e2m3--a-fp6_e2m3--minimal,N-nobc--w-int6--a-int6--default_no_bias_correction,66.630952,67.141667,0.685139,0.719242,0.510714,-1.489286,2.463244,0.1,1.0,125,,,,,,,True
mobilenet_v2,recon,adaround,N-minimal--w-fp6_e2m3--a-fp6_e2m3--minimal,N-nobc--w-int8--a-int8--default_no_bias_correction,66.630952,71.9,0.708333,0.760653,5.269048,3.471369,7.119196,5.5,0.0,105,,,,,,,True
mobilenet_v2,recon,adaround,N-minimal--w-fp6_e2m3--a-fp6_e2m3--minimal,N-nobc--w-posit8_es1--a-posit8_es1--default_no_bias_correction,66.630952,72.108333,0.708333,0.760653,5.477381,3.727381,7.283393,5.5,0.0,105,,,,,,,True
mobilenet_v2,recon,adaround,N-minimal--w-int6--a-int6--minimal,N-minimal--w-int8--a-int8--minimal,66.308333,72.283333,0.699725,0.752735,5.975,4.008333,7.883333,5.9,0.0,109,15.175,12.816458,17.65,15.1,0.0,189,True
mobilenet_v2,recon,adaround,N-minimal--w-int6--a-int6--minimal,N-nobc--w-fp6_e2m3--a-fp6_e2m3--default_no_bias_correction,66.308333,67.016667,0.723514,0.759488,0.708333,-1.133333,2.541667,0.9,0.43944,107,,,,,,,True
mobilenet_v2,recon,adaround,N-minimal--w-int6--a-int6--minimal,N-nobc--w-int6--a-int6--default_no_bias_correction,66.308333,67.141667,0.714286,0.749031,0.833333,-1.15,2.766667,0.4,0.776965,112,0.358333,-1.916667,2.666667,-0.4,0.812616,160,True
mobilenet_v2,recon,adaround,N-minimal--w-int6--a-int6--minimal,N-nobc--w-int8--a-int8--default_no_bias_correction,66.308333,71.9,0.711911,0.764445,5.591667,3.7,7.45,5.8,0.0,104,15.641667,13.35,18.083542,15.6,0.0,182,True
mobilenet_v2,recon,adaround,N-minimal--w-int6--a-int6--minimal,N-nobc--w-posit8_es1--a-posit8_es1--default_no_bias_correction,66.308333,72.108333,0.697802,0.75032,5.8,3.908333,7.658333,5.8,0.0,110,10.633333,8.374792,13.041875,10.9,0.0,171,True
mobilenet_v2,recon,adaround,N-minimal--w-int8--a-int8--minimal,N-nobc--w-fp6_e2m3--a-fp6_e2m3--default_no_bias_correction,72.283333,67.016667,0.727273,0.779234,-5.266667,-7.066667,-3.516667,-5.0,0.0,96,,,,,,,True
mobilenet_v2,recon,adaround,N-minimal--w-int8--a-int8--minimal,N-nobc--w-int6--a-int6--default_no_bias_correction,72.283333,67.141667,0.707521,0.760228,-5.141667,-7.05,-3.325,-5.5,0.0,105,-14.816667,-17.091667,-12.616458,-15.5,0.0,171,True
mobilenet_v2,recon,adaround,N-minimal--w-int8--a-int8--minimal,N-nobc--w-int8--a-int8--default_no_bias_correction,72.283333,71.9,0.920962,0.942897,-0.383333,-1.233333,0.45,-0.1,1.0,23,0.466667,-0.7,1.7,0.5,0.542384,43,True
mobilenet_v2,recon,adaround,N-minimal--w-int8--a-int8--minimal,N-nobc--w-posit8_es1--a-posit8_es1--default_no_bias_correction,72.283333,72.108333,0.882155,0.913102,-0.175,-1.225,0.833333,-0.1,1.0,35,-4.541667,-6.116667,-3.008333,-4.2,3e-06,80,True
mobilenet_v2,recon,adaround,N-nobc--w-fp6_e2m3--a-fp6_e2m3--default_no_bias_correction,N-nobc--w-int6--a-int6--default_no_bias_correction,67.016667,67.141667,0.708763,0.7451,0.125,-1.841667,2.075,-0.5,0.706882,113,,,,,,,True
mobilenet_v2,recon,adaround,N-nobc--w-fp6_e2m3--a-fp6_e2m3--default_no_bias_correction,N-nobc--w-int8--a-int8--default_no_bias_correction,67.016667,71.9,0.720339,0.772082,4.883333,3.2,6.617083,4.9,1e-06,99,,,,,,,True
mobilenet_v2,recon,adaround,N-nobc--w-fp6_e2m3--a-fp6_e2m3--default_no_bias_correction,N-nobc--w-posit8_es1--a-posit8_es1--default_no_bias_correction,67.016667,72.108333,0.720339,0.772082,5.091667,3.449792,6.758542,4.9,1e-06,99,,,,,,,True
mobilenet_v2,recon,adaround,N-nobc--w-int6--a-int6--default_no_bias_correction,N-nobc--w-int8--a-int8--default_no_bias_correction,67.141667,71.9,0.696133,0.748374,4.758333,2.908333,6.633333,5.4,0.0,110,15.283333,13.008333,17.608333,16.0,0.0,180,True
mobilenet_v2,recon,adaround,N-nobc--w-int6--a-int6--default_no_bias_correction,N-nobc--w-posit8_es1--a-posit8_es1--default_no_bias_correction,67.141667,72.108333,0.682192,0.734208,4.966667,3.066667,6.866667,5.4,1e-06,116,10.275,8.024792,12.608333,11.3,0.0,177,True
mobilenet_v2,recon,adaround,N-nobc--w-int8--a-int8--default_no_bias_correction,N-nobc--w-posit8_es1--a-posit8_es1--default_no_bias_correction,71.9,72.108333,0.879195,0.910714,0.208333,-0.883333,1.266667,0.0,1.0,36,-5.008333,-6.725208,-3.358333,-4.7,0.0,85,True
mobilenet_v3_large,recon,adaround,L-A32--w-fp6_e2m3--a-fp32--mse_per_channel--fit-mse_per_channel-fp32in-s0,L-A32--w-int4--a-fp32--mse_per_channel--fit-mse_per_channel-fp32in-s0,74.8,73.1,0.815331,0.863329,-1.7,-3.1,-0.3,-1.7,0.027008,53,-8.3,-10.2,-6.5,-8.3,0.0,97,True
mobilenet_v3_large,recon,adaround,L-A32--w-fp6_e2m3--a-fp32--mse_per_channel--fit-mse_per_channel-fp32in-s0,L-A32--w-int6--a-fp32--mse_per_channel--fit-mse_per_channel-fp32in-s0,74.8,75.0,0.916031,0.941503,0.2,-0.7,1.1,0.2,0.831812,22,-0.8,-2.0,0.4,-0.8,0.242985,36,True
mobilenet_v3_large,recon,adaround,L-A32--w-fp6_e2m3--a-fp32--mse_per_channel--fit-mse_per_channel-fp32in-s0,L-A32--w-int8--a-fp32--mse_per_channel--fit-mse_per_channel-fp32in-s0,74.8,75.3,0.956863,0.970715,0.5,-0.1,1.2,0.5,0.226562,11,1.3,0.4,2.3,1.3,0.010622,23,True
mobilenet_v3_large,recon,adaround,L-A32--w-fp6_e2m3--a-fp32--mse_per_channel--fit-mse_per_channel-fp32in-s0,L-A32--w-posit8_es1--a-fp32--mse_per_channel--fit-mse_per_channel-fp32in-s0,74.8,74.8,0.96875,0.978779,0.0,-0.5,0.5,0.0,1.0,8,1.5,0.7,2.4,1.5,0.000729,19,True
mobilenet_v3_large,recon,adaround,L-A32--w-fp6_e2m3--a-fp32--mse_per_channel--fit-mse_per_channel-fp32in-s0,L-bc--w-fp6_e2m3--a-fp6_e2m3--default--fit-mse_per_channel-fp32in-s0,74.8,57.775,0.501114,0.553374,-17.025,-19.633333,-14.483333,-17.0,0.0,224,-33.783333,-36.6,-31.1,-33.8,0.0,346,True
mobilenet_v3_large,recon,adaround,L-A32--w-fp6_e2m3--a-fp32--mse_per_channel--fit-mse_per_channel-fp32in-s0,L-bc--w-int4--a-int8--default--fit-mse_per_channel-fp32in-s0,74.8,69.133333,0.652941,0.716546,-5.666667,-7.75,-3.65,-5.8,0.0,118,-17.366667,-19.816667,-15.016667,-17.6,0.0,190,True
mobilenet_v3_large,recon,adaround,L-A32--w-fp6_e2m3--a-fp32--mse_per_channel--fit-mse_per_channel-fp32in-s0,L-bc--w-int6--a-int6--default--fit-mse_per_channel-fp32in-s0,74.8,23.396545,0.320261,0.290316,-51.403455,-54.435821,-48.304149,-50.6,0.0,520,,,,,,,True
mobilenet_v3_large,recon,adaround,L-A32--w-fp6_e2m3--a-fp32--mse_per_channel--fit-mse_per_channel-fp32in-s0,L-bc--w-int8--a-int8--default--fit-mse_per_channel-fp32in-s0,74.8,72.95,0.736667,0.795805,-1.85,-3.6,-0.1,-1.7,0.071163,79,-13.75,-15.9,-11.6,-13.6,0.0,146,True
mobilenet_v3_large,recon,adaround,L-A32--w-fp6_e2m3--a-fp32--mse_per_channel--fit-mse_per_channel-fp32in-s0,L-bc--w-posit8_es1--a-posit8_es1--default--fit-mse_per_channel-fp32in-s0,74.8,72.7,0.785235,0.838421,-2.1,-3.45,-0.733333,-2.8,0.000617,64,-8.933333,-10.766667,-7.166667,-9.1,0.0,105,True
mobilenet_v3_large,recon,adaround,L-A32--w-fp6_e2m3--a-fp32--mse_per_channel--fit-mse_per_channel-fp32in-s0,L-nobc--w-fp6_e2m3--a-fp6_e2m3--default_no_bias_correction--fit-mse_per_channel-fp32in-s0,74.8,45.415,0.416517,0.44657,-29.385,-32.455042,-26.368292,-28.5,0.0,325,,,,,,,True
mobilenet_v3_large,recon,adaround,L-A32--w-fp6_e2m3--a-fp32--mse_per_channel--fit-mse_per_channel-fp32in-s0,L-nobc--w-int4--a-int8--default_no_bias_correction--fit-mse_per_channel-fp32in-s0,74.8,69.35,0.665672,0.729169,-5.45,-7.5,-3.4,-5.4,0.0,112,-17.6,-20.1,-15.2,-17.4,0.0,186,True
mobilenet_v3_large,recon,adaround,L-A32--w-fp6_e2m3--a-fp32--mse_per_channel--fit-mse_per_channel-fp32in-s0,L-nobc--w-int8--a-int8--default_no_bias_correction--fit-mse_per_channel-fp32in-s0,74.8,71.183333,0.716561,0.777381,-3.616667,-5.467083,-1.816667,-3.5,0.000266,89,-15.166667,-17.467083,-12.95,-15.1,0.0,159,True
mobilenet_v3_large,recon,adaround,L-A32--w-fp6_e2m3--a-fp32--mse_per_channel--fit-mse_per_channel-fp32in-s0,L-nobc--w-posit8_es1--a-posit8_es1--default_no_bias_correction--fit-mse_per_channel-fp32in-s0,74.8,73.916667,0.833333,0.87793,-0.883333,-2.133333,0.333333,-1.3,0.078941,47,-5.4,-6.950417,-3.9,-5.5,0.0,77,True
mobilenet_v3_large,recon,adaround,L-A32--w-fp6_e2m3--a-fp32--mse_per_channel--fit-mse_per_channel-fp32in-s0,LQ-bc--w-int6--a-int6--default--fit-mse_per_channel-b2in-int6-s0,74.8,26.190366,0.327027,0.301115,-48.609634,-51.646585,-45.513239,-47.8,0.0,498,,,,,,,True
mobilenet_v3_large,recon,adaround,L-A32--w-fp6_e2m3--a-fp32--mse_per_channel--fit-mse_per_channel-fp32in-s0,LQ-nobc--w-int6--a-int6--default_no_bias_correction--fit-mse_per_channel-b2in-int6-s0,74.8,29.461926,0.334728,0.314855,-45.338074,-48.460703,-42.213792,-45.3,0.0,477,,,,,,,True
mobilenet_v3_large,recon,adaround,L-A32--w-fp6_e2m3--a-fp32--mse_per_channel--fit-mse_per_channel-fp32in-s0,N-A32--w-fp6_e2m3--a-fp32--mse_per_channel,74.8,72.4,0.777778,0.831874,-2.4,-4.0,-0.8,-2.4,0.004272,66,-11.3,-13.4,-9.3,-11.3,0.0,125,True
mobilenet_v3_large,recon,adaround,L-A32--w-fp6_e2m3--a-fp32--mse_per_channel--fit-mse_per_channel-fp32in-s0,N-A32--w-int6--a-fp32--mse_per_channel,74.8,71.8,0.75082,0.808432,-3.0,-4.7,-1.3,-3.0,0.000765,76,-12.1,-14.2,-10.0,-12.1,0.0,133,True
mobilenet_v3_large,recon,adaround,L-A32--w-fp6_e2m3--a-fp32--mse_per_channel--fit-mse_per_channel-fp32in-s0,N-A32--w-int8--a-fp32--mse_per_channel,74.8,75.3,0.934109,0.954693,0.5,-0.3,1.3,0.5,0.332306,17,-0.8,-1.8,0.2,-0.8,0.184933,28,True
mobilenet_v3_large,recon,adaround,L-A32--w-fp6_e2m3--a-fp32--mse_per_channel--fit-mse_per_channel-fp32in-s0,N-A32--w-posit8_es1--a-fp32--mse_per_channel,74.8,75.6,0.922481,0.946602,0.8,-0.1,1.7,0.8,0.115318,20,-2.2,-3.5,-1.0,-2.2,0.000941,42,True
mobilenet_v3_large,recon,adaround,L-A32--w-fp6_e2m3--a-fp32--mse_per_channel--fit-mse_per_channel-fp32in-s0,N-default--w-fp6_e2m3--a-fp6_e2m3--default,74.8,58.425,0.512472,0.567593,-16.375,-18.941875,-13.833333,-16.3,0.0,215,-33.266667,-36.033542,-30.575,-32.5,0.0,333,True
mobilenet_v3_large,recon,adaround,L-A32--w-fp6_e2m3--a-fp32--mse_per_channel--fit-mse_per_channel-fp32in-s0,N-default--w-int4--a-int8--default,74.8,48.75,0.429644,0.462962,-26.05,-29.016667,-23.05,-25.8,0.0,304,-45.55,-48.566667,-42.533333,-45.3,0.0,455,True
mobilenet_v3_large,recon,adaround,L-A32--w-fp6_e2m3--a-fp32--mse_per_channel--fit-mse_per_channel-fp32in-s0,N-default--w-int6--a-int6--default,74.8,20.995202,0.300499,0.236042,-53.804798,-56.861454,-50.702032,-53.9,0.0,561,,,,,,,True
mobilenet_v3_large,recon,adaround,L-A32--w-fp6_e2m3--a-fp32--mse_per_channel--fit-mse_per_channel-fp32in-s0,N-default--w-int8--a-int8--default,74.8,71.6,0.699367,0.761174,-3.2,-5.05,-1.35,-3.3,0.000925,95,-15.25,-17.55,-13.0,-15.4,0.0,166,True
mobilenet_v3_large,recon,adaround,L-A32--w-fp6_e2m3--a-fp32--mse_per_channel--fit-mse_per_channel-fp32in-s0,N-default--w-posit8_es1--a-posit8_es1--default,74.8,73.358333,0.794521,0.846057,-1.441667,-2.9,-0.05,-2.0,0.013489,60,-8.691667,-10.508333,-6.933333,-8.2,0.0,94,True
mobilenet_v3_large,recon,adaround,L-A32--w-fp6_e2m3--a-fp32--mse_per_channel--fit-mse_per_channel-fp32in-s0,N-minimal--w-fp6_e2m3--a-fp6_e2m3--minimal,74.8,36.766667,0.370487,0.37748,-38.033333,-41.175208,-34.932917,-36.9,0.0,401,,,,,,,True
mobilenet_v3_large,recon,adaround,L-A32--w-fp6_e2m3--a-fp32--mse_per_channel--fit-mse_per_channel-fp32in-s0,N-minimal--w-int8--a-int8--minimal,74.8,70.15,0.691131,0.753957,-4.65,-6.55,-2.75,-4.9,1e-06,101,-16.616667,-19.03375,-14.383333,-16.7,0.0,175,True
mobilenet_v3_large,recon,adaround,L-A32--w-fp6_e2m3--a-fp32--mse_per_channel--fit-mse_per_channel-fp32in-s0,N-nobc--w-fp6_e2m3--a-fp6_e2m3--default_no_bias_correction,74.8,34.808333,0.352853,0.344816,-39.991667,-43.166667,-36.866667,-39.7,0.0,431,,,,,,,True
mobilenet_v3_large,recon,adaround,L-A32--w-fp6_e2m3--a-fp32--mse_per_channel--fit-mse_per_channel-fp32in-s0,N-nobc--w-int8--a-int8--default_no_bias_correction,74.8,70.5,0.70625,0.768007,-4.3,-6.25,-2.45,-4.2,1.7e-05,94,-16.55,-18.95,-14.25,-16.4,0.0,172,True
mobilenet_v3_large,recon,adaround,L-A32--w-fp6_e2m3--a-fp32--mse_per_channel--fit-mse_per_channel-fp32in-s0,N-nobc--w-posit8_es1--a-posit8_es1--default_no_bias_correction,74.8,74.8,0.863469,0.901987,-0.0,-1.116667,1.116667,-0.1,1.0,37,-5.608333,-7.183333,-4.141667,-5.2,0.0,74,True
mobilenet_v3_large,recon,adaround,L-A32--w-int4--a-fp32--mse_per_channel--fit-mse_per_channel-fp32in-s0,L-A32--w-int6--a-fp32--mse_per_channel--fit-mse_per_channel-fp32in-s0,73.1,75.0,0.802083,0.852797,1.9,0.4,3.4,1.9,0.016348,57,7.5,5.6,9.5,7.5,0.0,99,True
mobilenet_v3_large,recon,adaround,L-A32--w-int4--a-fp32--mse_per_channel--fit-mse_per_channel-fp32in-s0,L-A32--w-int8--a-fp32--mse_per_channel--fit-mse_per_channel-fp32in-s0,73.1,75.3,0.804196,0.855241,2.2,0.8,3.7,2.2,0.004562,56,9.6,7.7,11.5,9.6,0.0,102,True
mobilenet_v3_large,recon,adaround,L-A32--w-int4--a-fp32--mse_per_channel--fit-mse_per_channel-fp32in-s0,L-A32--w-posit8_es1--a-fp32--mse_per_channel--fit-mse_per_channel-fp32in-s0,73.1,74.8,0.815331,0.863329,1.7,0.3,3.1,1.7,0.027008,53,9.8,8.0,11.7,9.8,0.0,102,True
mobilenet_v3_large,recon,adaround,L-A32--w-int4--a-fp32--mse_per_channel--fit-mse_per_channel-fp32in-s0,L-bc--w-fp6_e2m3--a-fp6_e2m3--default--fit-mse_per_channel-fp32in-s0,73.1,57.775,0.522026,0.563831,-15.325,-17.925,-12.8,-15.3,0.0,217,-25.483333,-28.375208,-22.625,-25.5,0.0,309,True
mobilenet_v3_large,recon,adaround,L-A32--w-int4--a-fp32--mse_per_channel--fit-mse_per_channel-fp32in-s0,L-bc--w-int4--a-int8--default--fit-mse_per_channel-fp32in-s0,73.1,69.133333,0.697947,0.753872,-3.966667,-5.9,-2.066667,-4.1,6.6e-05,103,-9.066667,-11.366667,-6.766667,-9.3,0.0,151,True
mobilenet_v3_large,recon,adaround,L-A32--w-int4--a-fp32--mse_per_channel--fit-mse_per_channel-fp32in-s0,L-bc--w-int6--a-int6--default--fit-mse_per_channel-fp32in-s0,73.1,23.396545,0.338983,0.295373,-49.703455,-52.772334,-46.555346,-48.9,0.0,507,,,,,,,True
mobilenet_v3_large,recon,adaround,L-A32--w-int4--a-fp32--mse_per_channel--fit-mse_per_channel-fp32in-s0,L-bc--w-int8--a-int8--default--fit-mse_per_channel-fp32in-s0,73.1,72.95,0.724359,0.781325,-0.15,-2.0,1.7,0.0,1.0,86,-5.45,-7.75,-3.15,-5.3,1.1e-05,143,True
mobilenet_v3_large,recon,adaround,L-A32--w-int4--a-fp32--mse_per_channel--fit-mse_per_channel-fp32in-s0,L-bc--w-posit8_es1--a-posit8_es1--default--fit-mse_per_channel-fp32in-s0,73.1,72.7,0.770968,0.822083,-0.4,-1.916667,1.117083,-1.1,0.235098,71,-0.633333,-2.633333,1.383333,-0.8,0.522991,120,True
mobilenet_v3_large,recon,adaround,L-A32--w-int4--a-fp32--mse_per_channel--fit-mse_per_channel-fp32in-s0,L-nobc--w-fp6_e2m3--a-fp6_e2m3--default_no_bias_correction--fit-mse_per_channel-fp32in-s0,73.1,45.415,0.426549,0.436643,-27.685,-30.74175,-24.651625,-26.8,0.0,324,,,,,,,True
mobilenet_v3_large,recon,adaround,L-A32--w-int4--a-fp32--mse_per_channel--fit-mse_per_channel-fp32in-s0,L-nobc--w-int4--a-int8--default_no_bias_correction--fit-mse_per_channel-fp32in-s0,73.1,69.35,0.701183,0.756965,-3.75,-5.7,-1.8,-3.7,0.000296,101,-9.3,-11.65,-7.0,-9.1,0.0,151,True
mobilenet_v3_large,recon,adaround,L-A32--w-int4--a-fp32--mse_per_channel--fit-mse_per_channel-fp32in-s0,L-nobc--w-int8--a-int8--default_no_bias_correction--fit-mse_per_channel-fp32in-s0,73.1,71.183333,0.695122,0.751748,-1.916667,-3.850417,-0.016667,-1.8,0.088626,100,-6.866667,-9.35,-4.449583,-6.8,0.0,162,True
mobilenet_v3_large,recon,adaround,L-A32--w-int4--a-fp32--mse_per_channel--fit-mse_per_channel-fp32in-s0,L-nobc--w-posit8_es1--a-posit8_es1--default_no_bias_correction--fit-mse_per_channel-fp32in-s0,73.1,73.916667,0.774086,0.826321,0.816667,-0.733333,2.416667,0.4,0.716301,68,2.9,0.983333,4.85,2.8,0.010409,112,True
mobilenet_v3_large,recon,adaround,L-A32--w-int4--a-fp32--mse_per_channel--fit-mse_per_channel-fp32in-s0,LQ-bc--w-int6--a-int6--default--fit-mse_per_channel-b2in-int6-s0,73.1,26.190366,0.348178,0.31305,-46.909634,-49.980822,-43.85705,-46.1,0.0,483,,,,,,,True
mobilenet_v3_large,recon,adaround,L-A32--w-int4--a-fp32--mse_per_channel--fit-mse_per_channel-fp32in-s0,LQ-nobc--w-int6--a-int6--default_no_bias_correction--fit-mse_per_channel-b2in-int6-s0,73.1,29.461926,0.343448,0.293506,-43.638074,-46.891389,-40.443389,-43.6,0.0,476,,,,,,,True
mobilenet_v3_large,recon,adaround,L-A32--w-int4--a-fp32--mse_per_channel--fit-mse_per_channel-fp32in-s0,N-A32--w-fp6_e2m3--a-fp32--mse_per_channel,73.1,72.4,0.741214,0.795843,-0.7,-2.5,1.1,-0.7,0.505236,81,-3.0,-5.3,-0.7,-3.0,0.011952,134,True
mobilenet_v3_large,recon,adaround,L-A32--w-int4--a-fp32--mse_per_channel--fit-mse_per_channel-fp32in-s0,N-A32--w-int6--a-fp32--mse_per_channel,73.1,71.8,0.71118,0.76749,-1.3,-3.2,0.6,-1.3,0.213153,93,-3.8,-6.1025,-1.4,-3.8,0.00209,146,True
mobilenet_v3_large,recon,adaround,L-A32--w-int4--a-fp32--mse_per_channel--fit-mse_per_channel-fp32in-s0,N-A32--w-int8--a-fp32--mse_per_channel,73.1,75.3,0.804196,0.855241,2.2,0.7,3.7,2.2,0.004562,56,7.5,5.7,9.4,7.5,0.0,97,True
mobilenet_v3_large,recon,adaround,L-A32--w-int4--a-fp32--mse_per_channel--fit-mse_per_channel-fp32in-s0,N-A32--w-posit8_es1--a-fp32--mse_per_channel,73.1,75.6,0.8,0.852509,2.5,1.0,4.0,2.5,0.001264,57,6.1,4.2,8.1,6.1,0.0,103,True
mobilenet_v3_large,recon,adaround,L-A32--w-int4--a-fp32--mse_per_channel--fit-mse_per_channel-fp32in-s0,N-default--w-fp6_e2m3--a-fp6_e2m3--default,73.1,58.425,0.537079,0.582926,-14.675,-17.225,-12.141667,-14.6,0.0,206,-24.966667,-27.741667,-22.141667,-24.2,0.0,288,True
mobilenet_v3_large,recon,adaround,L-A32--w-int4--a-fp32--mse_per_channel--fit-mse_per_channel-fp32in-s0,N-default--w-int4--a-int8--default,73.1,48.75,0.453358,0.477319,-24.35,-27.316667,-21.416667,-24.1,0.0,293,-37.25,-40.316667,-34.25,-37.0,0.0,396,True
mobilenet_v3_large,recon,adaround,L-A32--w-int4--a-fp32--mse_per_channel--fit-mse_per_channel-fp32in-s0,N-default--w-int6--a-int6--default,73.1,20.995202,0.318408,0.239717,-52.104798,-55.214215,-48.988034,-52.2,0.0,548,,,,,,,True
mobilenet_v3_large,recon,adaround,L-A32--w-int4--a-fp32--mse_per_channel--fit-mse_per_channel-fp32in-s0,N-default--w-int8--a-int8--default,73.1,71.6,0.683891,0.741026,-1.5,-3.45,0.5,-1.6,0.140956,104,-6.95,-9.35,-4.6,-7.1,0.0,155,True
mobilenet_v3_large,recon,adaround,L-A32--w-int4--a-fp32--mse_per_channel--fit-mse_per_channel-fp32in-s0,N-default--w-posit8_es1--a-posit8_es1--default,73.1,73.358333,0.767974,0.820124,0.258333,-1.283542,1.85,-0.3,0.812589,71,-0.391667,-2.341667,1.600208,0.1,1.0,109,True
mobilenet_v3_large,recon,adaround,L-A32--w-int4--a-fp32--mse_per_channel--fit-mse_per_channel-fp32in-s0,N-minimal--w-fp6_e2m3--a-fp6_e2m3--minimal,73.1,36.766667,0.397174,0.399531,-36.333333,-39.416667,-33.25,-35.2,0.0,384,,,,,,,True
mobilenet_v3_large,recon,adaround,L-A32--w-int4--a-fp32--mse_per_channel--fit-mse_per_channel-fp32in-s0,N-minimal--w-int8--a-int8--minimal,73.1,70.15,0.696429,0.752355,-2.95,-4.9,-1.0,-3.2,0.001993,102,-8.316667,-10.816667,-5.883333,-8.4,0.0,170,True
mobilenet_v3_large,recon,adaround,L-A32--w-int4--a-fp32--mse_per_channel--fit-mse_per_channel-fp32in-s0,N-nobc--w-fp6_e2m3--a-fp6_e2m3--default_no_bias_correction,73.1,34.808333,0.372197,0.35162,-38.291667,-41.408333,-35.183333,-38.0,0.0,420,,,,,,,True
mobilenet_v3_large,recon,adaround,L-A32--w-int4--a-fp32--mse_per_channel--fit-mse_per_channel-fp32in-s0,N-nobc--w-int8--a-int8--default_no_bias_correction,73.1,70.5,0.685629,0.742047,-2.6,-4.55,-0.65,-2.5,0.018741,105,-8.25,-10.75,-5.85,-8.1,0.0,163,True
mobilenet_v3_large,recon,adaround,L-A32--w-int4--a-fp32--mse_per_channel--fit-mse_per_channel-fp32in-s0,N-nobc--w-posit8_es1--a-posit8_es1--default_no_bias_correction,73.1,74.8,0.793814,0.845241,1.7,0.35,3.1,1.6,0.051894,60,2.691667,0.825,4.583333,3.1,0.003529,107,True
mobilenet_v3_large,recon,adaround,L-A32--w-int6--a-fp32--mse_per_channel--fit-mse_per_channel-fp32in-s0,L-A32--w-int8--a-fp32--mse_per_channel--fit-mse_per_channel-fp32in-s0,75.0,75.3,0.941406,0.95987,0.3,-0.4,1.1,0.3,0.607239,15,2.1,1.1,3.2,2.1,0.000104,29,True
mobilenet_v3_large,recon,adaround,L-A32--w-int6--a-fp32--mse_per_channel--fit-mse_per_channel-fp32in-s0,L-A32--w-posit8_es1--a-fp32--mse_per_channel--fit-mse_per_channel-fp32in-s0,75.0,74.8,0.930769,0.952141,-0.2,-1.0,0.6,-0.2,0.814529,18,2.3,1.3,3.4,2.3,3.4e-05,31,True
mobilenet_v3_large,recon,adaround,L-A32--w-int6--a-fp32--mse_per_channel--fit-mse_per_channel-fp32in-s0,L-bc--w-fp6_e2m3--a-fp6_e2m3--default--fit-mse_per_channel-fp32in-s0,75.0,57.775,0.493333,0.54476,-17.225,-19.85,-14.625,-17.2,0.0,228,-32.983333,-35.866667,-30.249792,-33.0,0.0,350,True
mobilenet_v3_large,recon,adaround,L-A32--w-int6--a-fp32--mse_per_channel--fit-mse_per_channel-fp32in-s0,L-bc--w-int4--a-int8--default--fit-mse_per_channel-fp32in-s0,75.0,69.133333,0.661721,0.726536,-5.866667,-7.916667,-3.866667,-6.0,0.0,114,-16.566667,-19.0,-14.249583,-16.8,0.0,178,True
mobilenet_v3_large,recon,adaround,L-A32--w-int6--a-fp32--mse_per_channel--fit-mse_per_channel-fp32in-s0,L-bc--w-int6--a-int6--default--fit-mse_per_channel-fp32in-s0,75.0,23.396545,0.314211,0.277693,-51.603455,-54.637282,-48.449982,-50.8,0.0,526,,,,,,,True
mobilenet_v3_large,recon,adaround,L-A32--w-int6--a-fp32--mse_per_channel--fit-mse_per_channel-fp32in-s0,L-bc--w-int8--a-int8--default--fit-mse_per_channel-fp32in-s0,75.0,72.95,0.724252,0.785094,-2.05,-3.85,-0.25,-1.9,0.047525,83,-12.95,-15.1,-10.8,-12.8,0.0,142,True
mobilenet_v3_large,recon,adaround,L-A32--w-int6--a-fp32--mse_per_channel--fit-mse_per_channel-fp32in-s0,L-bc--w-posit8_es1--a-posit8_es1--default--fit-mse_per_channel-fp32in-s0,75.0,72.7,0.760797,0.817808,-2.3,-3.766667,-0.832917,-3.0,0.000535,72,-8.133333,-10.016667,-6.25,-8.3,0.0,109,True
mobilenet_v3_large,recon,adaround,L-A32--w-int6--a-fp32--mse_per_channel--fit-mse_per_channel-fp32in-s0,L-nobc--w-fp6_e2m3--a-fp6_e2m3--default_no_bias_correction--fit-mse_per_channel-fp32in-s0,75.0,45.415,0.402852,0.42494,-29.585,-32.696667,-26.555,-28.7,0.0,335,,,,,,,True
mobilenet_v3_large,recon,adaround,L-A32--w-int6--a-fp32--mse_per_channel--fit-mse_per_channel-fp32in-s0,L-nobc--w-int4--a-int8--default_no_bias_correction--fit-mse_per_channel-fp32in-s0,75.0,69.35,0.664671,0.729158,-5.65,-7.7,-3.59875,-5.6,0.0,112,-16.8,-19.3,-14.45,-16.6,0.0,186,True
mobilenet_v3_large,recon,adaround,L-A32--w-int6--a-fp32--mse_per_channel--fit-mse_per_channel-fp32in-s0,L-nobc--w-int8--a-int8--default_no_bias_correction--fit-mse_per_channel-fp32in-s0,75.0,71.183333,0.699367,0.761953,-3.816667,-5.7,-1.949583,-3.7,0.000186,95,-14.366667,-16.733333,-12.066667,-14.3,0.0,165,True
mobilenet_v3_large,recon,adaround,L-A32--w-int6--a-fp32--mse_per_channel--fit-mse_per_channel-fp32in-s0,L-nobc--w-posit8_es1--a-posit8_es1--default_no_bias_correction--fit-mse_per_channel-fp32in-s0,75.0,73.916667,0.819788,0.867334,-1.083333,-2.35,0.183333,-1.5,0.048874,51,-4.6,-6.216667,-3.0,-4.7,0.0,81,True
mobilenet_v3_large,recon,adaround,L-A32--w-int6--a-fp32--mse_per_channel--fit-mse_per_channel-fp32in-s0,LQ-bc--w-int6--a-int6--default--fit-mse_per_channel-b2in-int6-s0,75.0,26.190366,0.317204,0.278298,-48.809634,-51.876281,-45.638773,-48.0,0.0,508,,,,,,,True
mobilenet_v3_large,recon,adaround,L-A32--w-int6--a-fp32--mse_per_channel--fit-mse_per_channel-fp32in-s0,LQ-nobc--w-int6--a-int6--default_no_bias_correction--fit-mse_per_channel-b2in-int6-s0,75.0,29.461926,0.324549,0.292446,-45.538074,-48.706725,-42.322208,-45.5,0.0,487,,,,,,,True
mobilenet_v3_large,recon,adaround,L-A32--w-int6--a-fp32--mse_per_channel--fit-mse_per_channel-fp32in-s0,N-A32--w-fp6_e2m3--a-fp32--mse_per_channel,75.0,72.4,0.765101,0.821434,-2.6,-4.2,-1.0,-2.6,0.002548,70,-10.5,-12.6,-8.4,-10.5,0.0,129,True
mobilenet_v3_large,recon,adaround,L-A32--w-int6--a-fp32--mse_per_channel--fit-mse_per_channel-fp32in-s0,N-A32--w-int6--a-fp32--mse_per_channel,75.0,71.8,0.744262,0.803206,-3.2,-4.9,-1.5,-3.2,0.000378,78,-11.3,-13.5,-9.2,-11.3,0.0,133,True
mobilenet_v3_large,recon,adaround,L-A32--w-int6--a-fp32--mse_per_channel--fit-mse_per_channel-fp32in-s0,N-A32--w-int8--a-fp32--mse_per_channel,75.0,75.3,0.904215,0.933096,0.3,-0.7,1.3,0.3,0.690038,25,0.0,-1.3,1.3,0.0,1.0,46,True
mobilenet_v3_large,recon,adaround,L-A32--w-int6--a-fp32--mse_per_channel--fit-mse_per_channel-fp32in-s0,N-A32--w-posit8_es1--a-fp32--mse_per_channel,75.0,75.6,0.9,0.930229,0.6,-0.4,1.6,0.6,0.32694,26,-1.4,-2.8,-0.1,-1.4,0.054076,46,True
mobilenet_v3_large,recon,adaround,L-A32--w-int6--a-fp32--mse_per_channel--fit-mse_per_channel-fp32in-s0,N-default--w-fp6_e2m3--a-fp6_e2m3--default,75.0,58.425,0.501129,0.554241,-16.575,-19.166667,-13.983333,-16.5,0.0,221,-32.466667,-35.366667,-29.699792,-31.7,0.0,333,True
mobilenet_v3_large,recon,adaround,L-A32--w-int6--a-fp32--mse_per_channel--fit-mse_per_channel-fp32in-s0,N-default--w-int4--a-int8--default,75.0,48.75,0.41791,0.445804,-26.25,-29.25,-23.232917,-26.0,0.0,312,-44.75,-47.866667,-41.666667,-44.5,0.0,459,True
mobilenet_v3_large,recon,adaround,L-A32--w-int6--a-fp32--mse_per_channel--fit-mse_per_channel-fp32in-s0,N-default--w-int6--a-int6--default,75.0,20.995202,0.298005,0.234294,-54.004798,-57.043529,-50.924433,-54.1,0.0,563,,,,,,,True
mobilenet_v3_large,recon,adaround,L-A32--w-int6--a-fp32--mse_per_channel--fit-mse_per_channel-fp32in-s0,N-default--w-int8--a-int8--default,75.0,71.6,0.698413,0.760993,-3.4,-5.25,-1.55,-3.5,0.000425,95,-14.45,-16.8,-12.1,-14.6,0.0,170,True
mobilenet_v3_large,recon,adaround,L-A32--w-int6--a-fp32--mse_per_channel--fit-mse_per_channel-fp32in-s0,N-default--w-posit8_es1--a-posit8_es1--default,75.0,73.358333,0.769492,0.825176,-1.641667,-3.141875,-0.133125,-2.2,0.010338,68,-7.891667,-9.750208,-6.091458,-7.4,0.0,104,True
mobilenet_v3_large,recon,adaround,L-A32--w-int6--a-fp32--mse_per_channel--fit-mse_per_channel-fp32in-s0,N-minimal--w-fp6_e2m3--a-fp6_e2m3--minimal,75.0,36.766667,0.367347,0.374873,-38.233333,-41.400208,-35.108333,-37.1,0.0,403,,,,,,,True
mobilenet_v3_large,recon,adaround,L-A32--w-int6--a-fp32--mse_per_channel--fit-mse_per_channel-fp32in-s0,N-minimal--w-int8--a-int8--minimal,75.0,70.15,0.679878,0.743884,-4.85,-6.8,-2.9,-5.1,1e-06,105,-15.816667,-18.266667,-13.5,-15.9,0.0,179,True
mobilenet_v3_large,recon,adaround,L-A32--w-int6--a-fp32--mse_per_channel--fit-mse_per_channel-fp32in-s0,N-nobc--w-fp6_e2m3--a-fp6_e2m3--default_no_bias_correction,75.0,34.808333,0.343797,0.327818,-40.191667,-43.333333,-37.025,-39.9,0.0,439,,,,,,,True
mobilenet_v3_large,recon,adaround,L-A32--w-int6--a-fp32--mse_per_channel--fit-mse_per_channel-fp32in-s0,N-nobc--w-int8--a-int8--default_no_bias_correction,75.0,70.5,0.684211,0.747679,-4.5,-6.45,-2.6,-4.4,1.6e-05,102,-15.75,-18.2,-13.45,-15.6,0.0,178,True
mobilenet_v3_large,recon,adaround,L-A32--w-int6--a-fp32--mse_per_channel--fit-mse_per_channel-fp32in-s0,N-nobc--w-posit8_es1--a-posit8_es1--default_no_bias_correction,75.0,74.8,0.842491,0.885818,-0.2,-1.35,0.95,-0.3,0.760792,43,-4.808333,-6.400208,-3.266667,-4.4,0.0,76,True
mobilenet_v3_large,recon,adaround,L-A32--w-int8--a-fp32--mse_per_channel--fit-mse_per_channel-fp32in-s0,L-A32--w-posit8_es1--a-fp32--mse_per_channel--fit-mse_per_channel-fp32in-s0,75.3,74.8,0.980159,0.986737,-0.5,-1.0,-0.1,-0.5,0.0625,5,0.2,-0.4,0.8,0.2,0.753906,10,True
mobilenet_v3_large,recon,adaround,L-A32--w-int8--a-fp32--mse_per_channel--fit-mse_per_channel-fp32in-s0,L-bc--w-fp6_e2m3--a-fp6_e2m3--default--fit-mse_per_channel-fp32in-s0,75.3,57.775,0.496644,0.552909,-17.525,-20.158333,-14.975,-17.5,0.0,225,-35.083333,-37.908333,-32.375,-35.1,0.0,353,True
mobilenet_v3_large,recon,adaround,L-A32--w-int8--a-fp32--mse_per_channel--fit-mse_per_channel-fp32in-s0,L-bc--w-int4--a-int8--default--fit-mse_per_channel-fp32in-s0,75.3,69.133333,0.647929,0.714085,-6.166667,-8.266667,-4.166667,-6.3,0.0,119,-18.666667,-21.1,-16.316667,-18.9,0.0,191,True
mobilenet_v3_large,recon,adaround,L-A32--w-int8--a-fp32--mse_per_channel--fit-mse_per_channel-fp32in-s0,L-bc--w-int6--a-int6--default--fit-mse_per_channel-fp32in-s0,75.3,23.396545,0.31201,0.2803,-51.903455,-54.943188,-48.819976,-51.1,0.0,527,,,,,,,True
mobilenet_v3_large,recon,adaround,L-A32--w-int8--a-fp32--mse_per_channel--fit-mse_per_channel-fp32in-s0,L-bc--w-int8--a-int8--default--fit-mse_per_channel-fp32in-s0,75.3,72.95,0.725753,0.787264,-2.35,-4.15,-0.6,-2.2,0.019827,82,-15.05,-17.25,-12.9,-14.9,0.0,149,True
mobilenet_v3_large,recon,adaround,L-A32--w-int8--a-fp32--mse_per_channel--fit-mse_per_channel-fp32in-s0,L-bc--w-posit8_es1--a-posit8_es1--default--fit-mse_per_channel-fp32in-s0,75.3,72.7,0.768456,0.825457,-2.6,-4.016667,-1.183333,-3.3,8.8e-05,69,-10.233333,-12.1,-8.383333,-10.4,0.0,114,True
mobilenet_v3_large,recon,adaround,L-A32--w-int8--a-fp32--mse_per_channel--fit-mse_per_channel-fp32in-s0,L-nobc--w-fp6_e2m3--a-fp6_e2m3--default_no_bias_correction--fit-mse_per_channel-fp32in-s0,75.3,45.415,0.4,0.424852,-29.885,-32.998375,-26.834542,-29.0,0.0,336,,,,,,,True
mobilenet_v3_large,recon,adaround,L-A32--w-int8--a-fp32--mse_per_channel--fit-mse_per_channel-fp32in-s0,L-nobc--w-int4--a-int8--default_no_bias_correction--fit-mse_per_channel-fp32in-s0,75.3,69.35,0.665663,0.731698,-5.95,-8.0,-3.95,-5.9,0.0,111,-18.9,-21.35,-16.5,-18.7,0.0,189,True
mobilenet_v3_large,recon,adaround,L-A32--w-int8--a-fp32--mse_per_channel--fit-mse_per_channel-fp32in-s0,L-nobc--w-int8--a-int8--default_no_bias_correction--fit-mse_per_channel-fp32in-s0,75.3,71.183333,0.70607,0.769451,-4.116667,-5.983333,-2.283333,-4.0,3.7e-05,92,-16.466667,-18.766667,-14.232917,-16.4,0.0,166,True
mobilenet_v3_large,recon,adaround,L-A32--w-int8--a-fp32--mse_per_channel--fit-mse_per_channel-fp32in-s0,L-nobc--w-posit8_es1--a-posit8_es1--default_no_bias_correction--fit-mse_per_channel-fp32in-s0,75.3,73.916667,0.835125,0.880276,-1.383333,-2.633333,-0.133333,-1.8,0.011352,46,-6.7,-8.283333,-5.166667,-6.8,0.0,78,True
mobilenet_v3_large,recon,adaround,L-A32--w-int8--a-fp32--mse_per_channel--fit-mse_per_channel-fp32in-s0,LQ-bc--w-int6--a-int6--default--fit-mse_per_channel-b2in-int6-s0,75.3,26.190366,0.318489,0.290863,-49.109634,-52.148498,-45.992272,-48.3,0.0,505,,,,,,,True
mobilenet_v3_large,recon,adaround,L-A32--w-int8--a-fp32--mse_per_channel--fit-mse_per_channel-fp32in-s0,LQ-nobc--w-int6--a-int6--default_no_bias_correction--fit-mse_per_channel-b2in-int6-s0,75.3,29.461926,0.327755,0.309468,-45.838074,-48.934689,-42.730778,-45.8,0.0,482,,,,,,,True
mobilenet_v3_large,recon,adaround,L-A32--w-int8--a-fp32--mse_per_channel--fit-mse_per_channel-fp32in-s0,N-A32--w-fp6_e2m3--a-fp32--mse_per_channel,75.3,72.4,0.778912,0.834242,-2.9,-4.5,-1.4,-2.9,0.000422,65,-12.6,-14.7,-10.5,-12.6,0.0,130,True
mobilenet_v3_large,recon,adaround,L-A32--w-int8--a-fp32--mse_per_channel--fit-mse_per_channel-fp32in-s0,N-A32--w-int6--a-fp32--mse_per_channel,75.3,71.8,0.740132,0.800511,-3.5,-5.2,-1.8,-3.5,0.000103,79,-13.4,-15.6,-11.3,-13.4,0.0,138,True
mobilenet_v3_large,recon,adaround,L-A32--w-int8--a-fp32--mse_per_channel--fit-mse_per_channel-fp32in-s0,N-A32--w-int8--a-fp32--mse_per_channel,75.3,75.3,0.937255,0.956987,0.0,-0.8,0.8,0.0,1.0,16,-2.1,-3.2,-1.1,-2.1,0.000104,29,True
mobilenet_v3_large,recon,adaround,L-A32--w-int8--a-fp32--mse_per_channel--fit-mse_per_channel-fp32in-s0,N-A32--w-posit8_es1--a-fp32--mse_per_channel,75.3,75.6,0.92549,0.948744,0.3,-0.6,1.1,0.3,0.647606,19,-3.5,-4.7,-2.4,-3.5,0.0,37,True
mobilenet_v3_large,recon,adaround,L-A32--w-int8--a-fp32--mse_per_channel--fit-mse_per_channel-fp32in-s0,N-default--w-fp6_e2m3--a-fp6_e2m3--default,75.3,58.425,0.501134,0.557638,-16.875,-19.483333,-14.3,-16.8,0.0,220,-34.566667,-37.366667,-31.866667,-33.8,0.0,340,True
mobilenet_v3_large,recon,adaround,L-A32--w-int8--a-fp32--mse_per_channel--fit-mse_per_channel-fp32in-s0,N-default--w-int4--a-int8--default,75.3,48.75,0.420263,0.454705,-26.55,-29.533333,-23.566667,-26.3,0.0,309,-46.85,-49.833333,-43.816667,-46.6,0.0,470,True
mobilenet_v3_large,recon,adaround,L-A32--w-int8--a-fp32--mse_per_channel--fit-mse_per_channel-fp32in-s0,N-default--w-int6--a-int6--default,75.3,20.995202,0.2975,0.243073,-54.304798,-57.358748,-51.27415,-54.4,0.0,562,,,,,,,True
mobilenet_v3_large,recon,adaround,L-A32--w-int8--a-fp32--mse_per_channel--fit-mse_per_channel-fp32in-s0,N-default--w-int8--a-int8--default,75.3,71.6,0.694268,0.758193,-3.7,-5.55125,-1.85,-3.8,0.000132,96,-16.55,-18.80125,-14.3,-16.7,0.0,171,True
mobilenet_v3_large,recon,adaround,L-A32--w-int8--a-fp32--mse_per_channel--fit-mse_per_channel-fp32in-s0,N-default--w-posit8_es1--a-posit8_es1--default,75.3,73.358333,0.783505,0.837979,-1.941667,-3.416667,-0.516667,-2.5,0.002228,63,-9.991667,-11.858333,-8.2,-9.5,0.0,105,True
mobilenet_v3_large,recon,adaround,L-A32--w-int8--a-fp32--mse_per_channel--fit-mse_per_channel-fp32in-s0,N-minimal--w-fp6_e2m3--a-fp6_e2m3--minimal,75.3,36.766667,0.362637,0.370957,-38.533333,-41.683333,-35.416667,-37.4,0.0,406,,,,,,,True
mobilenet_v3_large,recon,adaround,L-A32--w-int8--a-fp32--mse_per_channel--fit-mse_per_channel-fp32in-s0,N-minimal--w-int8--a-int8--minimal,75.3,70.15,0.691358,0.756515,-5.15,-7.05,-3.3,-5.4,0.0,100,-17.916667,-20.33375,-15.6,-18.0,0.0,182,True
mobilenet_v3_large,recon,adaround,L-A32--w-int8--a-fp32--mse_per_channel--fit-mse_per_channel-fp32in-s0,N-nobc--w-fp6_e2m3--a-fp6_e2m3--default_no_bias_correction,75.3,34.808333,0.345345,0.338604,-40.491667,-43.616875,-37.341667,-40.2,0.0,436,,,,,,,True
mobilenet_v3_large,recon,adaround,L-A32--w-int8--a-fp32--mse_per_channel--fit-mse_per_channel-fp32in-s0,N-nobc--w-int8--a-int8--default_no_bias_correction,75.3,70.5,0.701258,0.765374,-4.8,-6.70125,-2.9,-4.7,1e-06,95,-17.85,-20.25,-15.55,-17.7,0.0,179,True
mobilenet_v3_large,recon,adaround,L-A32--w-int8--a-fp32--mse_per_channel--fit-mse_per_channel-fp32in-s0,N-nobc--w-posit8_es1--a-posit8_es1--default_no_bias_correction,75.3,74.8,0.858736,0.898787,-0.5,-1.633333,0.6,-0.6,0.417692,38,-6.908333,-8.458333,-5.458333,-6.5,0.0,73,True
mobilenet_v3_large,recon,adaround,L-A32--w-posit8_es1--a-fp32--mse_per_channel--fit-mse_per_channel-fp32in-s0,L-bc--w-fp6_e2m3--a-fp6_e2m3--default--fit-mse_per_channel-fp32in-s0,74.8,57.775,0.50783,0.562701,-17.025,-19.633333,-14.482917,-17.0,0.0,220,-35.283333,-38.075,-32.6,-35.3,0.0,353,True
mobilenet_v3_large,recon,adaround,L-A32--w-posit8_es1--a-fp32--mse_per_channel--fit-mse_per_channel-fp32in-s0,L-bc--w-int4--a-int8--default--fit-mse_per_channel-fp32in-s0,74.8,69.133333,0.652941,0.716546,-5.666667,-7.75,-3.633333,-5.8,0.0,118,-18.866667,-21.35,-16.516667,-19.1,0.0,195,True
mobilenet_v3_large,recon,adaround,L-A32--w-posit8_es1--a-fp32--mse_per_channel--fit-mse_per_channel-fp32in-s0,L-bc--w-int6--a-int6--default--fit-mse_per_channel-fp32in-s0,74.8,23.396545,0.318538,0.284939,-51.403455,-54.478989,-48.293446,-50.6,0.0,522,,,,,,,True
mobilenet_v3_large,recon,adaround,L-A32--w-posit8_es1--a-fp32--mse_per_channel--fit-mse_per_channel-fp32in-s0,L-bc--w-int8--a-int8--default--fit-mse_per_channel-fp32in-s0,74.8,72.95,0.725166,0.785417,-1.85,-3.65,-0.05,-1.7,0.07842,83,-15.25,-17.45,-13.1,-15.1,0.0,155,True
mobilenet_v3_large,recon,adaround,L-A32--w-posit8_es1--a-fp32--mse_per_channel--fit-mse_per_channel-fp32in-s0,L-bc--w-posit8_es1--a-posit8_es1--default--fit-mse_per_channel-fp32in-s0,74.8,72.7,0.779264,0.833291,-2.1,-3.5,-0.716667,-2.8,0.000756,66,-10.433333,-12.283333,-8.616667,-10.6,0.0,108,True
mobilenet_v3_large,recon,adaround,L-A32--w-posit8_es1--a-fp32--mse_per_channel--fit-mse_per_channel-fp32in-s0,L-nobc--w-fp6_e2m3--a-fp6_e2m3--default_no_bias_correction--fit-mse_per_channel-fp32in-s0,74.8,45.415,0.408929,0.432713,-29.385,-32.511667,-26.335,-28.5,0.0,331,,,,,,,True
mobilenet_v3_large,recon,adaround,L-A32--w-posit8_es1--a-fp32--mse_per_channel--fit-mse_per_channel-fp32in-s0,L-nobc--w-int4--a-int8--default_no_bias_correction--fit-mse_per_channel-fp32in-s0,74.8,69.35,0.665672,0.729169,-5.45,-7.55,-3.4,-5.4,0.0,112,-19.1,-21.60125,-16.7,-18.9,0.0,195,True
mobilenet_v3_large,recon,adaround,L-A32--w-posit8_es1--a-fp32--mse_per_channel--fit-mse_per_channel-fp32in-s0,L-nobc--w-int8--a-int8--default_no_bias_correction--fit-mse_per_channel-fp32in-s0,74.8,71.183333,0.711111,0.772289,-3.616667,-5.5,-1.8,-3.5,0.000313,91,-16.666667,-19.0,-14.416667,-16.6,0.0,170,True
mobilenet_v3_large,recon,adaround,L-A32--w-posit8_es1--a-fp32--mse_per_channel--fit-mse_per_channel-fp32in-s0,L-nobc--w-posit8_es1--a-posit8_es1--default_no_bias_correction--fit-mse_per_channel-fp32in-s0,74.8,73.916667,0.833333,0.87793,-0.883333,-2.116667,0.366667,-1.3,0.078941,47,-6.9,-8.433333,-5.45,-7.0,0.0,74,True
mobilenet_v3_large,recon,adaround,L-A32--w-posit8_es1--a-fp32--mse_per_channel--fit-mse_per_channel-fp32in-s0,LQ-bc--w-int6--a-int6--default--fit-mse_per_channel-b2in-int6-s0,74.8,26.190366,0.325236,0.295927,-48.609634,-51.663725,-45.489089,-47.8,0.0,500,,,,,,,True
mobilenet_v3_large,recon,adaround,L-A32--w-posit8_es1--a-fp32--mse_per_channel--fit-mse_per_channel-fp32in-s0,LQ-nobc--w-int6--a-int6--default_no_bias_correction--fit-mse_per_channel-b2in-int6-s0,74.8,29.461926,0.334728,0.314855,-45.338074,-48.464598,-42.199078,-45.3,0.0,477,,,,,,,True
mobilenet_v3_large,recon,adaround,L-A32--w-posit8_es1--a-fp32--mse_per_channel--fit-mse_per_channel-fp32in-s0,N-A32--w-fp6_e2m3--a-fp32--mse_per_channel,74.8,72.4,0.777778,0.831874,-2.4,-4.1,-0.8,-2.4,0.004272,66,-12.8,-14.9,-10.7,-12.8,0.0,132,True
mobilenet_v3_large,recon,adaround,L-A32--w-posit8_es1--a-fp32--mse_per_channel--fit-mse_per_channel-fp32in-s0,N-A32--w-int6--a-fp32--mse_per_channel,74.8,71.8,0.745098,0.803313,-3.0,-4.7,-1.3,-3.0,0.000901,78,-13.6,-15.8,-11.4,-13.6,0.0,142,True
mobilenet_v3_large,recon,adaround,L-A32--w-posit8_es1--a-fp32--mse_per_channel--fit-mse_per_channel-fp32in-s0,N-A32--w-int8--a-fp32--mse_per_channel,74.8,75.3,0.934109,0.954693,0.5,-0.3,1.3,0.5,0.332306,17,-2.3,-3.4,-1.3,-2.3,3.4e-05,31,True
mobilenet_v3_large,recon,adaround,L-A32--w-posit8_es1--a-fp32--mse_per_channel--fit-mse_per_channel-fp32in-s0,N-A32--w-posit8_es1--a-fp32--mse_per_channel,74.8,75.6,0.922481,0.946602,0.8,-0.1,1.7,0.8,0.115318,20,-3.7,-5.0,-2.5,-3.7,0.0,41,True
mobilenet_v3_large,recon,adaround,L-A32--w-posit8_es1--a-fp32--mse_per_channel--fit-mse_per_channel-fp32in-s0,N-default--w-fp6_e2m3--a-fp6_e2m3--default,74.8,58.425,0.512472,0.567593,-16.375,-18.983333,-13.8,-16.3,0.0,215,-34.766667,-37.541667,-32.1,-34.0,0.0,342,True
mobilenet_v3_large,recon,adaround,L-A32--w-posit8_es1--a-fp32--mse_per_channel--fit-mse_per_channel-fp32in-s0,N-default--w-int4--a-int8--default,74.8,48.75,0.429644,0.462962,-26.05,-29.033333,-23.1,-25.8,0.0,304,-47.05,-50.03375,-44.05,-46.8,0.0,472,True
mobilenet_v3_large,recon,adaround,L-A32--w-posit8_es1--a-fp32--mse_per_channel--fit-mse_per_channel-fp32in-s0,N-default--w-int6--a-int6--default,74.8,20.995202,0.30375,0.247372,-53.804798,-56.861907,-50.773711,-53.9,0.0,557,,,,,,,True
mobilenet_v3_large,recon,adaround,L-A32--w-posit8_es1--a-fp32--mse_per_channel--fit-mse_per_channel-fp32in-s0,N-default--w-int8--a-int8--default,74.8,71.6,0.699367,0.761174,-3.2,-5.05,-1.35,-3.3,0.000925,95,-16.75,-19.05,-14.5,-16.9,0.0,173,True
mobilenet_v3_large,recon,adaround,L-A32--w-posit8_es1--a-fp32--mse_per_channel--fit-mse_per_channel-fp32in-s0,N-default--w-posit8_es1--a-posit8_es1--default,74.8,73.358333,0.794521,0.846057,-1.441667,-2.875208,-0.058125,-2.0,0.013489,60,-10.191667,-12.025,-8.416667,-9.7,0.0,101,True
mobilenet_v3_large,recon,adaround,L-A32--w-posit8_es1--a-fp32--mse_per_channel--fit-mse_per_channel-fp32in-s0,N-minimal--w-fp6_e2m3--a-fp6_e2m3--minimal,74.8,36.766667,0.368339,0.372733,-38.033333,-41.191667,-34.9,-36.9,0.0,403,,,,,,,True
mobilenet_v3_large,recon,adaround,L-A32--w-posit8_es1--a-fp32--mse_per_channel--fit-mse_per_channel-fp32in-s0,N-minimal--w-int8--a-int8--minimal,74.8,70.15,0.696319,0.758979,-4.65,-6.6,-2.8,-4.9,1e-06,99,-18.116667,-20.583333,-15.8,-18.2,0.0,186,True
mobilenet_v3_large,recon,adaround,L-A32--w-posit8_es1--a-fp32--mse_per_channel--fit-mse_per_channel-fp32in-s0,N-nobc--w-fp6_e2m3--a-fp6_e2m3--default_no_bias_correction,74.8,34.808333,0.352853,0.344816,-39.991667,-43.133333,-36.825,-39.7,0.0,431,,,,,,,True
mobilenet_v3_large,recon,adaround,L-A32--w-posit8_es1--a-fp32--mse_per_channel--fit-mse_per_channel-fp32in-s0,N-nobc--w-int8--a-int8--default_no_bias_correction,74.8,70.5,0.70625,0.768007,-4.3,-6.25,-2.4,-4.2,1.7e-05,94,-18.05,-20.45,-15.75,-17.9,0.0,183,True
mobilenet_v3_large,recon,adaround,L-A32--w-posit8_es1--a-fp32--mse_per_channel--fit-mse_per_channel-fp32in-s0,N-nobc--w-posit8_es1--a-posit8_es1--default_no_bias_correction,74.8,74.8,0.856618,0.896689,-0.0,-1.15,1.133333,-0.1,1.0,39,-7.108333,-8.683333,-5.641667,-6.7,0.0,73,True
mobilenet_v3_large,recon,adaround,L-bc--w-fp6_e2m3--a-fp6_e2m3--default--fit-mse_per_channel-fp32in-s0,L-bc--w-int4--a-int8--default--fit-mse_per_channel-fp32in-s0,57.775,69.133333,0.557447,0.574304,11.358333,8.816667,13.916875,11.2,0.0,208,16.416667,13.583333,19.308542,16.2,0.0,262,True
mobilenet_v3_large,recon,adaround,L-bc--w-fp6_e2m3--a-fp6_e2m3--default--fit-mse_per_channel-fp32in-s0,L-bc--w-int6--a-int6--default--fit-mse_per_channel-fp32in-s0,57.775,23.396545,0.505102,0.359881,-34.378455,-37.341034,-31.395712,-33.6,0.0,388,,,,,,,True
mobilenet_v3_large,recon,adaround,L-bc--w-fp6_e2m3--a-fp6_e2m3--default--fit-mse_per_channel-fp32in-s0,L-bc--w-int8--a-int8--default--fit-mse_per_channel-fp32in-s0,57.775,72.95,0.522026,0.563831,15.175,12.675,17.666667,15.3,0.0,217,20.033333,17.274792,22.9,20.2,0.0,276,True
mobilenet_v3_large,recon,adaround,L-bc--w-fp6_e2m3--a-fp6_e2m3--default--fit-mse_per_channel-fp32in-s0,L-bc--w-posit8_es1--a-posit8_es1--default--fit-mse_per_channel-fp32in-s0,57.775,72.7,0.549669,0.590031,14.925,12.516458,17.350208,14.2,0.0,204,24.85,22.258333,27.541667,24.7,0.0,285,True
mobilenet_v3_large,recon,adaround,L-bc--w-fp6_e2m3--a-fp6_e2m3--default--fit-mse_per_channel-fp32in-s0,L-nobc--w-fp6_e2m3--a-fp6_e2m3--default_no_bias_correction--fit-mse_per_channel-fp32in-s0,57.775,45.415,0.590381,0.525399,-12.36,-15.118333,-9.584917,-11.5,0.0,247,,,,,,,True
mobilenet_v3_large,recon,adaround,L-bc--w-fp6_e2m3--a-fp6_e2m3--default--fit-mse_per_channel-fp32in-s0,L-nobc--w-int4--a-int8--default_no_bias_correction--fit-mse_per_channel-fp32in-s0,57.775,69.35,0.592998,0.623338,11.575,9.158333,14.008333,11.6,0.0,186,16.183333,13.383333,18.908542,16.4,0.0,250,True
mobilenet_v3_large,recon,adaround,L-bc--w-fp6_e2m3--a-fp6_e2m3--default--fit-mse_per_channel-fp32in-s0,L-nobc--w-int8--a-int8--default_no_bias_correction--fit-mse_per_channel-fp32in-s0,57.775,71.183333,0.565121,0.603755,13.408333,10.941667,15.891667,13.5,0.0,197,18.616667,15.966667,21.416667,18.7,0.0,255,True
mobilenet_v3_large,recon,adaround,L-bc--w-fp6_e2m3--a-fp6_e2m3--default--fit-mse_per_channel-fp32in-s0,L-nobc--w-posit8_es1--a-posit8_es1--default_no_bias_correction--fit-mse_per_channel-fp32in-s0,57.775,73.916667,0.513216,0.555915,16.141667,13.616458,18.75,15.7,0.0,221,28.383333,25.675,31.183333,28.3,0.0,321,True
mobilenet_v3_large,recon,adaround,L-bc--w-fp6_e2m3--a-fp6_e2m3--default--fit-mse_per_channel-fp32in-s0,LQ-bc--w-int6--a-int6--default--fit-mse_per_channel-b2in-int6-s0,57.775,26.190366,0.507853,0.364587,-31.584634,-34.58862,-28.558723,-30.8,0.0,376,,,,,,,True
mobilenet_v3_large,recon,adaround,L-bc--w-fp6_e2m3--a-fp6_e2m3--default--fit-mse_per_channel-fp32in-s0,LQ-nobc--w-int6--a-int6--default_no_bias_correction--fit-mse_per_channel-b2in-int6-s0,57.775,29.461926,0.514785,0.379568,-28.313074,-31.343652,-25.234067,-28.3,0.0,361,,,,,,,True
mobilenet_v3_large,recon,adaround,L-bc--w-fp6_e2m3--a-fp6_e2m3--default--fit-mse_per_channel-fp32in-s0,N-A32--w-fp6_e2m3--a-fp32--mse_per_channel,57.775,72.4,0.551111,0.595764,14.625,12.149792,17.15,14.6,0.0,202,22.483333,19.675,25.341667,22.5,0.0,283,True
mobilenet_v3_large,recon,adaround,L-bc--w-fp6_e2m3--a-fp6_e2m3--default--fit-mse_per_channel-fp32in-s0,N-A32--w-int6--a-fp32--mse_per_channel,57.775,71.8,0.51073,0.535458,14.025,11.358333,16.733542,14.0,0.0,228,21.683333,18.766458,24.733333,21.7,0.0,303,True
mobilenet_v3_large,recon,adaround,L-bc--w-fp6_e2m3--a-fp6_e2m3--default--fit-mse_per_channel-fp32in-s0,N-A32--w-int8--a-fp32--mse_per_channel,57.775,75.3,0.493304,0.548214,17.525,14.983333,20.158333,17.5,0.0,227,32.983333,30.233333,35.791667,33.0,0.0,344,True
mobilenet_v3_large,recon,adaround,L-bc--w-fp6_e2m3--a-fp6_e2m3--default--fit-mse_per_channel-fp32in-s0,N-A32--w-posit8_es1--a-fp32--mse_per_channel,57.775,75.6,0.483296,0.53759,17.825,15.224792,20.475,17.8,0.0,232,31.583333,28.883333,34.45,31.6,0.0,332,True
mobilenet_v3_large,recon,adaround,L-bc--w-fp6_e2m3--a-fp6_e2m3--default--fit-mse_per_channel-fp32in-s0,N-default--w-fp6_e2m3--a-fp6_e2m3--default,57.775,58.425,0.697769,0.693954,0.65,-1.425,2.716667,0.7,0.623194,149,0.516667,-1.800208,2.783333,1.3,0.377687,185,True
mobilenet_v3_large,recon,adaround,L-bc--w-fp6_e2m3--a-fp6_e2m3--default--fit-mse_per_channel-fp32in-s0,N-default--w-int4--a-int8--default,57.775,48.75,0.593162,0.53376,-9.025,-11.825208,-6.225,-8.8,0.0,238,-11.766667,-14.75,-8.75,-11.5,0.0,271,True
mobilenet_v3_large,recon,adaround,L-bc--w-fp6_e2m3--a-fp6_e2m3--default--fit-mse_per_channel-fp32in-s0,N-default--w-int6--a-int6--default,57.775,20.995202,0.492005,0.329658,-36.779798,-39.720513,-33.796439,-36.9,0.0,413,,,,,,,True
mobilenet_v3_large,recon,adaround,L-bc--w-fp6_e2m3--a-fp6_e2m3--default--fit-mse_per_channel-fp32in-s0,N-default--w-int8--a-int8--default,57.775,71.6,0.567627,0.608808,13.825,11.433125,16.275208,13.7,0.0,195,18.533333,15.85,21.308333,18.4,0.0,256,True
mobilenet_v3_large,recon,adaround,L-bc--w-fp6_e2m3--a-fp6_e2m3--default--fit-mse_per_channel-fp32in-s0,N-default--w-posit8_es1--a-posit8_es1--default,57.775,73.358333,0.549107,0.597058,15.583333,13.174792,18.0,15.0,0.0,202,25.091667,22.441458,27.800208,25.6,0.0,290,True
mobilenet_v3_large,recon,adaround,L-bc--w-fp6_e2m3--a-fp6_e2m3--default--fit-mse_per_channel-fp32in-s0,N-minimal--w-fp6_e2m3--a-fp6_e2m3--minimal,57.775,36.766667,0.552083,0.454667,-21.008333,-23.883333,-18.183125,-19.9,0.0,301,,,,,,,True
mobilenet_v3_large,recon,adaround,L-bc--w-fp6_e2m3--a-fp6_e2m3--default--fit-mse_per_channel-fp32in-s0,N-minimal--w-int8--a-int8--minimal,57.775,70.15,0.582057,0.613485,12.375,9.966667,14.808333,12.1,0.0,191,17.166667,14.399792,19.941667,17.1,0.0,253,True
mobilenet_v3_large,recon,adaround,L-bc--w-fp6_e2m3--a-fp6_e2m3--default--fit-mse_per_channel-fp32in-s0,N-nobc--w-fp6_e2m3--a-fp6_e2m3--default_no_bias_correction,57.775,34.808333,0.541007,0.433235,-22.966667,-25.933542,-20.041458,-22.7,0.0,319,,,,,,,True
mobilenet_v3_large,recon,adaround,L-bc--w-fp6_e2m3--a-fp6_e2m3--default--fit-mse_per_channel-fp32in-s0,N-nobc--w-int8--a-int8--default_no_bias_correction,57.775,70.5,0.577093,0.613012,12.725,10.333333,15.158333,12.8,0.0,192,17.233333,14.575,19.916875,17.4,0.0,244,True
mobilenet_v3_large,recon,adaround,L-bc--w-fp6_e2m3--a-fp6_e2m3--default--fit-mse_per_channel-fp32in-s0,N-nobc--w-posit8_es1--a-posit8_es1--default_no_bias_correction,57.775,74.8,0.496674,0.546025,17.025,14.525,19.608333,16.9,0.0,227,28.175,25.458333,31.016667,28.6,0.0,320,True
mobilenet_v3_large,recon,adaround,L-bc--w-int4--a-int8--default--fit-mse_per_channel-fp32in-s0,L-bc--w-int6--a-int6--default--fit-mse_per_channel-fp32in-s0,69.133333,23.396545,0.379845,0.297956,-45.736788,-48.847001,-42.549675,-44.8,0.0,480,,,,,,,True
mobilenet_v3_large,recon,adaround,L-bc--w-int4--a-int8--default--fit-mse_per_channel-fp32in-s0,L-bc--w-int8--a-int8--default--fit-mse_per_channel-fp32in-s0,69.133333,72.95,0.688047,0.74412,3.816667,1.933333,5.767083,4.1,9.2e-05,107,3.616667,1.35,5.866667,4.0,0.000995,142,True
mobilenet_v3_large,recon,adaround,L-bc--w-int4--a-int8--default--fit-mse_per_channel-fp32in-s0,L-bc--w-posit8_es1--a-posit8_es1--default--fit-mse_per_channel-fp32in-s0,69.133333,72.7,0.671388,0.723301,3.566667,1.6,5.583333,3.0,0.006832,116,8.433333,6.05,10.866667,8.5,0.0,179,True
mobilenet_v3_large,recon,adaround,L-bc--w-int4--a-int8--default--fit-mse_per_channel-fp32in-s0,L-nobc--w-fp6_e2m3--a-fp6_e2m3--default_no_bias_correction--fit-mse_per_channel-fp32in-s0,69.133333,45.415,0.460345,0.435926,-23.718333,-26.860083,-20.629917,-22.7,0.0,313,,,,,,,True
mobilenet_v3_large,recon,adaround,L-bc--w-int4--a-int8--default--fit-mse_per_channel-fp32in-s0,L-nobc--w-int4--a-int8--default_no_bias_correction--fit-mse_per_channel-fp32in-s0,69.133333,69.35,0.730337,0.77483,0.216667,-1.683333,2.117083,0.4,0.759649,96,-0.233333,-2.433333,2.016667,0.2,0.930684,132,True
mobilenet_v3_large,recon,adaround,L-bc--w-int4--a-int8--default--fit-mse_per_channel-fp32in-s0,L-nobc--w-int8--a-int8--default_no_bias_correction--fit-mse_per_channel-fp32in-s0,69.133333,71.183333,0.696023,0.745791,2.05,0.1,4.05,2.3,0.032947,107,2.2,-0.25,4.6,2.5,0.050448,151,True
mobilenet_v3_large,recon,adaround,L-bc--w-int4--a-int8--default--fit-mse_per_channel-fp32in-s0,L-nobc--w-posit8_es1--a-posit8_es1--default_no_bias_correction--fit-mse_per_channel-fp32in-s0,69.133333,73.916667,0.638177,0.694956,4.783333,2.75,6.933333,4.5,8.1e-05,127,11.966667,9.583333,14.400417,12.1,0.0,187,True
mobilenet_v3_large,recon,adaround,L-bc--w-int4--a-int8--default--fit-mse_per_channel-fp32in-s0,LQ-bc--w-int6--a-int6--default--fit-mse_per_channel-b2in-int6-s0,69.133333,26.190366,0.390374,0.319975,-42.942967,-46.024975,-39.79626,-42.0,0.0,456,,,,,,,True
mobilenet_v3_large,recon,adaround,L-bc--w-int4--a-int8--default--fit-mse_per_channel-fp32in-s0,LQ-nobc--w-int6--a-int6--default_no_bias_correction--fit-mse_per_channel-b2in-int6-s0,69.133333,29.461926,0.38472,0.30083,-39.671407,-42.973962,-36.41449,-39.5,0.0,451,,,,,,,True
mobilenet_v3_large,recon,adaround,L-bc--w-int4--a-int8--default--fit-mse_per_channel-fp32in-s0,N-A32--w-fp6_e2m3--a-fp32--mse_per_channel,69.133333,72.4,0.669516,0.722832,3.266667,1.233333,5.333333,3.4,0.002049,116,6.066667,3.599583,8.533333,6.3,1e-06,169,True
mobilenet_v3_large,recon,adaround,L-bc--w-int4--a-int8--default--fit-mse_per_channel-fp32in-s0,N-A32--w-int6--a-fp32--mse_per_channel,69.133333,71.8,0.639889,0.689925,2.666667,0.5,4.866667,2.8,0.017542,130,5.266667,2.766667,7.9,5.5,5.3e-05,181,True
mobilenet_v3_large,recon,adaround,L-bc--w-int4--a-int8--default--fit-mse_per_channel-fp32in-s0,N-A32--w-int8--a-fp32--mse_per_channel,69.133333,75.3,0.662687,0.729126,6.166667,4.2,8.2,6.3,0.0,113,16.566667,14.2,18.966667,16.8,0.0,186,True
mobilenet_v3_large,recon,adaround,L-bc--w-int4--a-int8--default--fit-mse_per_channel-fp32in-s0,N-A32--w-posit8_es1--a-fp32--mse_per_channel,69.133333,75.6,0.64881,0.716682,6.466667,4.5,8.533333,6.6,0.0,118,15.166667,12.8,17.566667,15.4,0.0,176,True
mobilenet_v3_large,recon,adaround,L-bc--w-int4--a-int8--default--fit-mse_per_channel-fp32in-s0,N-default--w-fp6_e2m3--a-fp6_e2m3--default,69.133333,58.425,0.555794,0.57201,-10.708333,-13.266875,-8.158333,-10.5,0.0,207,-15.9,-18.683333,-13.1,-14.9,0.0,255,True
mobilenet_v3_large,recon,adaround,L-bc--w-int4--a-int8--default--fit-mse_per_channel-fp32in-s0,N-default--w-int4--a-int8--default,69.133333,48.75,0.499086,0.496972,-20.383333,-23.267083,-17.482917,-20.0,0.0,274,-28.183333,-31.317083,-25.116667,-27.7,0.0,339,True
mobilenet_v3_large,recon,adaround,L-bc--w-int4--a-int8--default--fit-mse_per_channel-fp32in-s0,N-default--w-int6--a-int6--default,69.133333,20.995202,0.366005,0.264774,-48.138131,-51.239043,-44.975218,-48.1,0.0,511,,,,,,,True
mobilenet_v3_large,recon,adaround,L-bc--w-int4--a-int8--default--fit-mse_per_channel-fp32in-s0,N-default--w-int8--a-int8--default,69.133333,71.6,0.724638,0.774274,2.466667,0.66625,4.35,2.5,0.013379,95,2.116667,-0.116667,4.316667,2.2,0.06926,134,True
mobilenet_v3_large,recon,adaround,L-bc--w-int4--a-int8--default--fit-mse_per_channel-fp32in-s0,N-default--w-posit8_es1--a-posit8_es1--default,69.133333,73.358333,0.639437,0.693278,4.225,2.175,6.366667,3.8,0.000996,128,8.675,6.25,11.15,9.4,0.0,186,True
mobilenet_v3_large,recon,adaround,L-bc--w-int4--a-int8--default--fit-mse_per_channel-fp32in-s0,N-minimal--w-fp6_e2m3--a-fp6_e2m3--minimal,69.133333,36.766667,0.434515,0.398845,-32.366667,-35.466667,-29.266667,-31.1,0.0,367,,,,,,,True
mobilenet_v3_large,recon,adaround,L-bc--w-int4--a-int8--default--fit-mse_per_channel-fp32in-s0,N-minimal--w-int8--a-int8--minimal,69.133333,70.15,0.673973,0.719753,1.016667,-1.033333,3.15,0.9,0.463488,119,0.75,-1.7,3.15,0.9,0.523301,157,True
mobilenet_v3_large,recon,adaround,L-bc--w-int4--a-int8--default--fit-mse_per_channel-fp32in-s0,N-nobc--w-fp6_e2m3--a-fp6_e2m3--default_no_bias_correction,69.133333,34.808333,0.410294,0.352496,-34.325,-37.508333,-31.116458,-33.9,0.0,401,,,,,,,True
mobilenet_v3_large,recon,adaround,L-bc--w-int4--a-int8--default--fit-mse_per_channel-fp32in-s0,N-nobc--w-int8--a-int8--default_no_bias_correction,69.133333,70.5,0.691877,0.739696,1.366667,-0.567083,3.350417,1.6,0.152338,110,0.816667,-1.433333,3.050417,1.2,0.352584,140,True
mobilenet_v3_large,recon,adaround,L-bc--w-int4--a-int8--default--fit-mse_per_channel-fp32in-s0,N-nobc--w-posit8_es1--a-posit8_es1--default_no_bias_correction,69.133333,74.8,0.636628,0.699144,5.666667,3.7,7.716667,5.7,0.0,125,11.758333,9.433333,14.075,12.4,0.0,182,True
mobilenet_v3_large,recon,adaround,L-bc--w-int6--a-int6--default--fit-mse_per_channel-fp32in-s0,L-bc--w-int8--a-int8--default--fit-mse_per_channel-fp32in-s0,23.396545,72.95,0.338983,0.295373,49.553455,46.432849,52.656258,48.9,0.0,507,,,,,,,True
mobilenet_v3_large,recon,adaround,L-bc--w-int6--a-int6--default--fit-mse_per_channel-fp32in-s0,L-bc--w-posit8_es1--a-posit8_es1--default--fit-mse_per_channel-fp32in-s0,23.396545,72.7,0.351562,0.300358,49.303455,46.22926,52.320699,47.8,0.0,498,,,,,,,True
mobilenet_v3_large,recon,adaround,L-bc--w-int6--a-int6--default--fit-mse_per_channel-fp32in-s0,L-nobc--w-fp6_e2m3--a-fp6_e2m3--default_no_bias_correction--fit-mse_per_channel-fp32in-s0,23.396545,45.415,0.590909,0.346291,22.018455,18.926825,25.141809,22.1,0.0,333,,,,,,,True
mobilenet_v3_large,recon,adaround,L-bc--w-int6--a-int6--default--fit-mse_per_channel-fp32in-s0,L-nobc--w-int4--a-int8--default_no_bias_correction--fit-mse_per_channel-fp32in-s0,23.396545,69.35,0.376455,0.299193,45.953455,42.763397,49.061036,45.2,0.0,482,,,,,,,True
mobilenet_v3_large,recon,adaround,L-bc--w-int6--a-int6--default--fit-mse_per_channel-fp32in-s0,L-nobc--w-int8--a-int8--default_no_bias_correction--fit-mse_per_channel-fp32in-s0,23.396545,71.183333,0.355383,0.291385,47.786788,44.645388,50.874573,47.1,0.0,497,,,,,,,True
mobilenet_v3_large,recon,adaround,L-bc--w-int6--a-int6--default--fit-mse_per_channel-fp32in-s0,L-nobc--w-posit8_es1--a-posit8_es1--default_no_bias_correction--fit-mse_per_channel-fp32in-s0,23.396545,73.916667,0.333768,0.291661,50.520122,47.38206,53.580348,49.3,0.0,511,,,,,,,True
mobilenet_v3_large,recon,adaround,L-bc--w-int6--a-int6--default--fit-mse_per_channel-fp32in-s0,LQ-bc--w-int6--a-int6--default--fit-mse_per_channel-b2in-int6-s0,23.396545,26.190366,0.777778,0.513607,2.793821,0.439051,5.149926,2.8,0.047441,186,,,,,,,True
mobilenet_v3_large,recon,adaround,L-bc--w-int6--a-int6--default--fit-mse_per_channel-fp32in-s0,LQ-nobc--w-int6--a-int6--default_no_bias_correction--fit-mse_per_channel-b2in-int6-s0,23.396545,29.461926,0.760529,0.499743,6.065381,3.598633,8.532654,5.3,0.00021,199,,,,,,,True
mobilenet_v3_large,recon,adaround,L-bc--w-int6--a-int6--default--fit-mse_per_channel-fp32in-s0,N-A32--w-fp6_e2m3--a-fp32--mse_per_channel,23.396545,72.4,0.344603,0.291411,49.003455,45.875248,52.053472,48.2,0.0,504,,,,,,,True
mobilenet_v3_large,recon,adaround,L-bc--w-int6--a-int6--default--fit-mse_per_channel-fp32in-s0,N-A32--w-int6--a-fp32--mse_per_channel,23.396545,71.8,0.354167,0.302219,48.403455,45.232363,51.481576,47.6,0.0,496,,,,,,,True
mobilenet_v3_large,recon,adaround,L-bc--w-int6--a-int6--default--fit-mse_per_channel-fp32in-s0,N-A32--w-int8--a-fp32--mse_per_channel,23.396545,75.3,0.31201,0.2803,51.903455,48.790179,54.928834,51.1,0.0,527,,,,,,,True
mobilenet_v3_large,recon,adaround,L-bc--w-int6--a-int6--default--fit-mse_per_channel-fp32in-s0,N-A32--w-posit8_es1--a-fp32--mse_per_channel,23.396545,75.6,0.309804,0.282948,52.203455,49.101074,55.202126,51.4,0.0,528,,,,,,,True
mobilenet_v3_large,recon,adaround,L-bc--w-int6--a-int6--default--fit-mse_per_channel-fp32in-s0,N-default--w-fp6_e2m3--a-fp6_e2m3--default,23.396545,58.425,0.511598,0.390608,35.028455,32.136412,37.93054,34.3,0.0,379,,,,,,,True
mobilenet_v3_large,recon,adaround,L-bc--w-int6--a-int6--default--fit-mse_per_channel-fp32in-s0,N-default--w-int4--a-int8--default,23.396545,48.75,0.590966,0.394294,25.353455,22.357085,28.293671,24.8,0.0,326,,,,,,,True
mobilenet_v3_large,recon,adaround,L-bc--w-int6--a-int6--default--fit-mse_per_channel-fp32in-s0,N-default--w-int6--a-int6--default,23.396545,20.995202,0.822353,0.570925,-2.401343,-4.522965,-0.346859,-3.3,0.008987,151,,,,,,,True
mobilenet_v3_large,recon,adaround,L-bc--w-int6--a-int6--default--fit-mse_per_channel-fp32in-s0,N-default--w-int8--a-int8--default,23.396545,71.6,0.351036,0.28432,48.203455,45.052189,51.302237,47.3,0.0,501,,,,,,,True
mobilenet_v3_large,recon,adaround,L-bc--w-int6--a-int6--default--fit-mse_per_channel-fp32in-s0,N-default--w-posit8_es1--a-posit8_es1--default,23.396545,73.358333,0.344648,0.3034,49.961788,46.902808,52.954767,48.6,0.0,502,,,,,,,True
mobilenet_v3_large,recon,adaround,L-bc--w-int6--a-int6--default--fit-mse_per_channel-fp32in-s0,N-minimal--w-fp6_e2m3--a-fp6_e2m3--minimal,23.396545,36.766667,0.667473,0.391189,13.370122,10.4143,16.342978,13.7,0.0,275,,,,,,,True
mobilenet_v3_large,recon,adaround,L-bc--w-int6--a-int6--default--fit-mse_per_channel-fp32in-s0,N-minimal--w-int8--a-int8--minimal,23.396545,70.15,0.371762,0.299518,46.753455,43.606033,49.807307,45.7,0.0,485,,,,,,,True
mobilenet_v3_large,recon,adaround,L-bc--w-int6--a-int6--default--fit-mse_per_channel-fp32in-s0,N-nobc--w-fp6_e2m3--a-fp6_e2m3--default_no_bias_correction,23.396545,34.808333,0.678998,0.376964,11.411788,8.486285,14.381338,10.9,0.0,269,,,,,,,True
mobilenet_v3_large,recon,adaround,L-bc--w-int6--a-int6--default--fit-mse_per_channel-fp32in-s0,N-nobc--w-int8--a-int8--default_no_bias_correction,23.396545,70.5,0.360931,0.28775,47.103455,43.91911,50.184001,46.4,0.0,494,,,,,,,True
mobilenet_v3_large,recon,adaround,L-bc--w-int6--a-int6--default--fit-mse_per_channel-fp32in-s0,N-nobc--w-posit8_es1--a-posit8_es1--default_no_bias_correction,23.396545,74.8,0.319843,0.285865,51.403455,48.278709,54.38996,50.5,0.0,521,,,,,,,True
mobilenet_v3_large,recon,adaround,L-bc--w-int8--a-int8--default--fit-mse_per_channel-fp32in-s0,L-bc--w-posit8_es1--a-posit8_es1--default--fit-mse_per_channel-fp32in-s0,72.95,72.7,0.737342,0.791948,-0.25,-1.950417,1.433333,-1.1,0.272269,83,4.816667,2.783333,6.883333,4.5,7e-05,125,True
mobilenet_v3_large,recon,adaround,L-bc--w-int8--a-int8--default--fit-mse_per_channel-fp32in-s0,L-nobc--w-fp6_e2m3--a-fp6_e2m3--default_no_bias_correction--fit-mse_per_channel-fp32in-s0,72.95,45.415,0.431616,0.445688,-27.535,-30.558375,-24.523083,-26.8,0.0,320,,,,,,,True
mobilenet_v3_large,recon,adaround,L-bc--w-int8--a-int8--default--fit-mse_per_channel-fp32in-s0,L-nobc--w-int4--a-int8--default_no_bias_correction--fit-mse_per_channel-fp32in-s0,72.95,69.35,0.716418,0.771646,-3.6,-5.5,-1.65,-3.7,0.000186,95,-3.85,-6.1,-1.6,-3.8,0.001304,134,True
mobilenet_v3_large,recon,adaround,L-bc--w-int8--a-int8--default--fit-mse_per_channel-fp32in-s0,L-nobc--w-int8--a-int8--default_no_bias_correction--fit-mse_per_channel-fp32in-s0,72.95,71.183333,0.776358,0.826525,-1.766667,-3.35,-0.166667,-1.8,0.041391,70,-1.416667,-3.3,0.467083,-1.5,0.163279,101,True
mobilenet_v3_large,recon,adaround,L-bc--w-int8--a-int8--default--fit-mse_per_channel-fp32in-s0,L-nobc--w-posit8_es1--a-posit8_es1--default_no_bias_correction--fit-mse_per_channel-fp32in-s0,72.95,73.916667,0.728155,0.785443,0.966667,-0.766667,2.783333,0.4,0.743644,84,8.35,6.233333,10.516667,8.1,0.0,141,True
mobilenet_v3_large,recon,adaround,L-bc--w-int8--a-int8--default--fit-mse_per_channel-fp32in-s0,LQ-bc--w-int6--a-int6--default--fit-mse_per_channel-b2in-int6-s0,72.95,26.190366,0.344549,0.302891,-46.759634,-49.838859,-43.592479,-46.1,0.0,487,,,,,,,True
mobilenet_v3_large,recon,adaround,L-bc--w-int8--a-int8--default--fit-mse_per_channel-fp32in-s0,LQ-nobc--w-int6--a-int6--default_no_bias_correction--fit-mse_per_channel-b2in-int6-s0,72.95,29.461926,0.352778,0.318231,-43.488074,-46.666714,-40.320311,-43.6,0.0,466,,,,,,,True
mobilenet_v3_large,recon,adaround,L-bc--w-int8--a-int8--default--fit-mse_per_channel-fp32in-s0,N-A32--w-fp6_e2m3--a-fp32--mse_per_channel,72.95,72.4,0.713836,0.770619,-0.55,-2.4,1.3,-0.7,0.529602,91,2.45,0.2,4.7,2.3,0.057894,135,True
mobilenet_v3_large,recon,adaround,L-bc--w-int8--a-int8--default--fit-mse_per_channel-fp32in-s0,N-A32--w-int6--a-fp32--mse_per_channel,72.95,71.8,0.700617,0.757467,-1.15,-3.05,0.75,-1.3,0.222878,97,1.65,-0.7,3.95,1.5,0.244884,145,True
mobilenet_v3_large,recon,adaround,L-bc--w-int8--a-int8--default--fit-mse_per_channel-fp32in-s0,N-A32--w-int8--a-fp32--mse_per_channel,72.95,75.3,0.737374,0.797722,2.35,0.65,4.1,2.2,0.016853,78,12.95,10.84875,15.1,12.8,0.0,142,True
mobilenet_v3_large,recon,adaround,L-bc--w-int8--a-int8--default--fit-mse_per_channel-fp32in-s0,N-A32--w-posit8_es1--a-fp32--mse_per_channel,72.95,75.6,0.733108,0.794753,2.65,0.9,4.4,2.5,0.006553,79,11.55,9.5,13.65,11.4,0.0,130,True
mobilenet_v3_large,recon,adaround,L-bc--w-int8--a-int8--default--fit-mse_per_channel-fp32in-s0,N-default--w-fp6_e2m3--a-fp6_e2m3--default,72.95,58.425,0.530201,0.573772,-14.525,-17.083333,-11.991667,-14.6,0.0,210,-19.516667,-22.316667,-16.816458,-18.9,0.0,261,True
mobilenet_v3_large,recon,adaround,L-bc--w-int8--a-int8--default--fit-mse_per_channel-fp32in-s0,N-default--w-int4--a-int8--default,72.95,48.75,0.447955,0.468297,-24.2,-27.133333,-21.283333,-24.1,0.0,297,-31.8,-34.933333,-28.732917,-31.7,0.0,365,True
mobilenet_v3_large,recon,adaround,L-bc--w-int8--a-int8--default--fit-mse_per_channel-fp32in-s0,N-default--w-int6--a-int6--default,72.95,20.995202,0.321696,0.250809,-51.954798,-55.013126,-48.894119,-52.2,0.0,544,,,,,,,True
mobilenet_v3_large,recon,adaround,L-bc--w-int8--a-int8--default--fit-mse_per_channel-fp32in-s0,N-default--w-int8--a-int8--default,72.95,71.6,0.834437,0.875908,-1.35,-2.7,-0.05,-1.6,0.032839,50,-1.5,-3.2,0.15,-1.8,0.059808,82,True
mobilenet_v3_large,recon,adaround,L-bc--w-int8--a-int8--default--fit-mse_per_channel-fp32in-s0,N-default--w-posit8_es1--a-posit8_es1--default,72.95,73.358333,0.71746,0.774514,0.408333,-1.383333,2.141667,-0.3,0.832258,89,5.058333,2.991667,7.183333,5.4,4e-06,136,True
mobilenet_v3_large,recon,adaround,L-bc--w-int8--a-int8--default--fit-mse_per_channel-fp32in-s0,N-minimal--w-fp6_e2m3--a-fp6_e2m3--minimal,72.95,36.766667,0.386293,0.376289,-36.183333,-39.316667,-33.016667,-35.2,0.0,394,,,,,,,True
mobilenet_v3_large,recon,adaround,L-bc--w-int8--a-int8--default--fit-mse_per_channel-fp32in-s0,N-minimal--w-int8--a-int8--minimal,72.95,70.15,0.716867,0.77202,-2.8,-4.6,-0.95,-3.2,0.001261,94,-2.866667,-5.033333,-0.75,-3.1,0.007047,125,True
mobilenet_v3_large,recon,adaround,L-bc--w-int8--a-int8--default--fit-mse_per_channel-fp32in-s0,N-nobc--w-fp6_e2m3--a-fp6_e2m3--default_no_bias_correction,72.95,34.808333,0.374251,0.356344,-38.141667,-41.242083,-35.025,-38.0,0.0,418,,,,,,,True
mobilenet_v3_large,recon,adaround,L-bc--w-int8--a-int8--default--fit-mse_per_channel-fp32in-s0,N-nobc--w-int8--a-int8--default_no_bias_correction,72.95,70.5,0.748447,0.801445,-2.45,-4.15,-0.75,-2.5,0.007276,81,-2.8,-4.75,-0.9,-2.8,0.0078,104,True
mobilenet_v3_large,recon,adaround,L-bc--w-int8--a-int8--default--fit-mse_per_channel-fp32in-s0,N-nobc--w-posit8_es1--a-posit8_es1--default_no_bias_correction,72.95,74.8,0.717105,0.777805,1.85,0.216667,3.516667,1.6,0.105225,86,8.141667,6.141667,10.141667,8.4,0.0,136,True
mobilenet_v3_large,recon,adaround,L-bc--w-posit8_es1--a-posit8_es1--default--fit-mse_per_channel-fp32in-s0,L-nobc--w-fp6_e2m3--a-fp6_e2m3--default_no_bias_correction--fit-mse_per_channel-fp32in-s0,72.7,45.415,0.456328,0.471852,-27.285,-30.261792,-24.40325,-25.7,0.0,305,,,,,,,True
mobilenet_v3_large,recon,adaround,L-bc--w-posit8_es1--a-posit8_es1--default--fit-mse_per_channel-fp32in-s0,L-nobc--w-int4--a-int8--default_no_bias_correction--fit-mse_per_channel-fp32in-s0,72.7,69.35,0.679083,0.731325,-3.35,-5.283333,-1.433333,-2.6,0.017766,112,-8.666667,-11.033333,-6.35,-8.3,0.0,167,True
mobilenet_v3_large,recon,adaround,L-bc--w-posit8_es1--a-posit8_es1--default--fit-mse_per_channel-fp32in-s0,L-nobc--w-int8--a-int8--default_no_bias_correction--fit-mse_per_channel-fp32in-s0,72.7,71.183333,0.733945,0.785979,-1.516667,-3.25,0.233333,-0.7,0.520292,87,-6.233333,-8.433333,-4.016667,-6.0,1e-06,146,True
mobilenet_v3_large,recon,adaround,L-bc--w-posit8_es1--a-posit8_es1--default--fit-mse_per_channel-fp32in-s0,L-nobc--w-posit8_es1--a-posit8_es1--default_no_bias_correction--fit-mse_per_channel-fp32in-s0,72.7,73.916667,0.786885,0.836706,1.216667,-0.116667,2.583333,1.5,0.081682,65,3.533333,1.966667,5.133333,3.6,0.000262,94,True
mobilenet_v3_large,recon,adaround,L-bc--w-posit8_es1--a-posit8_es1--default--fit-mse_per_channel-fp32in-s0,LQ-bc--w-int6--a-int6--default--fit-mse_per_channel-b2in-int6-s0,72.7,26.190366,0.363023,0.324074,-46.509634,-49.507839,-43.503159,-45.0,0.0,472,,,,,,,True
mobilenet_v3_large,recon,adaround,L-bc--w-posit8_es1--a-posit8_es1--default--fit-mse_per_channel-fp32in-s0,LQ-nobc--w-int6--a-int6--default_no_bias_correction--fit-mse_per_channel-b2in-int6-s0,72.7,29.461926,0.368056,0.330138,-43.238074,-46.351724,-40.169204,-42.5,0.0,455,,,,,,,True
mobilenet_v3_large,recon,adaround,L-bc--w-posit8_es1--a-posit8_es1--default--fit-mse_per_channel-fp32in-s0,N-A32--w-fp6_e2m3--a-fp32--mse_per_channel,72.7,72.4,0.748428,0.800757,-0.3,-1.883333,1.25,0.4,0.737554,80,-2.366667,-4.483333,-0.25,-2.2,0.06926,134,True
mobilenet_v3_large,recon,adaround,L-bc--w-posit8_es1--a-posit8_es1--default--fit-mse_per_channel-fp32in-s0,N-A32--w-int6--a-fp32--mse_per_channel,72.7,71.8,0.718654,0.772332,-0.9,-2.766667,0.916667,-0.2,0.917041,92,-3.166667,-5.4,-0.933333,-3.0,0.015371,144,True
mobilenet_v3_large,recon,adaround,L-bc--w-posit8_es1--a-posit8_es1--default--fit-mse_per_channel-fp32in-s0,N-A32--w-int8--a-fp32--mse_per_channel,72.7,75.3,0.768456,0.825457,2.6,1.166667,4.0,3.3,8.8e-05,69,8.133333,6.2,10.116667,8.3,0.0,119,True
mobilenet_v3_large,recon,adaround,L-bc--w-posit8_es1--a-posit8_es1--default--fit-mse_per_channel-fp32in-s0,N-A32--w-posit8_es1--a-fp32--mse_per_channel,72.7,75.6,0.776271,0.833222,2.9,1.516667,4.283333,3.6,1e-05,66,6.733333,4.86625,8.6,6.9,0.0,109,True
mobilenet_v3_large,recon,adaround,L-bc--w-posit8_es1--a-posit8_es1--default--fit-mse_per_channel-fp32in-s0,N-default--w-fp6_e2m3--a-fp6_e2m3--default,72.7,58.425,0.561798,0.604796,-14.275,-16.791667,-11.858333,-13.5,0.0,195,-24.333333,-27.083333,-21.7,-23.4,0.0,270,True
mobilenet_v3_large,recon,adaround,L-bc--w-posit8_es1--a-posit8_es1--default--fit-mse_per_channel-fp32in-s0,N-default--w-int4--a-int8--default,72.7,48.75,0.490566,0.522155,-23.95,-26.75,-21.15,-23.0,0.0,270,-36.616667,-39.633333,-33.682917,-36.2,0.0,384,True
mobilenet_v3_large,recon,adaround,L-bc--w-posit8_es1--a-posit8_es1--default--fit-mse_per_channel-fp32in-s0,N-default--w-int6--a-int6--default,72.7,20.995202,0.330435,0.243864,-51.704798,-54.73648,-48.703907,-51.1,0.0,539,,,,,,,True
mobilenet_v3_large,recon,adaround,L-bc--w-posit8_es1--a-posit8_es1--default--fit-mse_per_channel-fp32in-s0,N-default--w-int8--a-int8--default,72.7,71.6,0.706949,0.760788,-1.1,-2.916667,0.716667,-0.5,0.684859,97,-6.316667,-8.55,-4.15,-6.3,0.0,145,True
mobilenet_v3_large,recon,adaround,L-bc--w-posit8_es1--a-posit8_es1--default--fit-mse_per_channel-fp32in-s0,N-default--w-posit8_es1--a-posit8_es1--default,72.7,73.358333,0.896907,0.925125,0.658333,-0.233333,1.55,0.8,0.200488,30,0.241667,-0.883333,1.35,0.9,0.24296,47,True
mobilenet_v3_large,recon,adaround,L-bc--w-posit8_es1--a-posit8_es1--default--fit-mse_per_channel-fp32in-s0,N-minimal--w-fp6_e2m3--a-fp6_e2m3--minimal,72.7,36.766667,0.407813,0.399951,-35.933333,-38.975,-32.958125,-34.1,0.0,379,,,,,,,True
mobilenet_v3_large,recon,adaround,L-bc--w-posit8_es1--a-posit8_es1--default--fit-mse_per_channel-fp32in-s0,N-minimal--w-int8--a-int8--minimal,72.7,70.15,0.69883,0.751241,-2.55,-4.367083,-0.733333,-2.1,0.048234,103,-7.683333,-10.05,-5.433333,-7.6,0.0,160,True
mobilenet_v3_large,recon,adaround,L-bc--w-posit8_es1--a-posit8_es1--default--fit-mse_per_channel-fp32in-s0,N-nobc--w-fp6_e2m3--a-fp6_e2m3--default_no_bias_correction,72.7,34.808333,0.38864,0.365283,-37.891667,-40.983542,-34.8,-36.9,0.0,409,,,,,,,True
mobilenet_v3_large,recon,adaround,L-bc--w-posit8_es1--a-posit8_es1--default--fit-mse_per_channel-fp32in-s0,N-nobc--w-int8--a-int8--default_no_bias_correction,72.7,70.5,0.718563,0.770824,-2.2,-3.983333,-0.482917,-1.4,0.179665,94,-7.616667,-9.866667,-5.45,-7.3,0.0,149,True
mobilenet_v3_large,recon,adaround,L-bc--w-posit8_es1--a-posit8_es1--default--fit-mse_per_channel-fp32in-s0,N-nobc--w-posit8_es1--a-posit8_es1--default_no_bias_correction,72.7,74.8,0.776667,0.830764,2.1,0.833333,3.4,2.7,0.001307,67,3.325,1.65,4.991667,3.9,0.000178,105,True
mobilenet_v3_large,recon,adaround,L-nobc--w-fp6_e2m3--a-fp6_e2m3--default_no_bias_correction--fit-mse_per_channel-fp32in-s0,L-nobc--w-int4--a-int8--default_no_bias_correction--fit-mse_per_channel-fp32in-s0,45.415,69.35,0.486772,0.486015,23.935,20.988333,26.885,23.1,0.0,291,,,,,,,True
mobilenet_v3_large,recon,adaround,L-nobc--w-fp6_e2m3--a-fp6_e2m3--default_no_bias_correction--fit-mse_per_channel-fp32in-s0,L-nobc--w-int8--a-int8--default_no_bias_correction--fit-mse_per_channel-fp32in-s0,45.415,71.183333,0.463588,0.473846,25.768333,22.779917,28.755,25.0,0.0,302,,,,,,,True
mobilenet_v3_large,recon,adaround,L-nobc--w-fp6_e2m3--a-fp6_e2m3--default_no_bias_correction--fit-mse_per_channel-fp32in-s0,L-nobc--w-posit8_es1--a-posit8_es1--default_no_bias_correction--fit-mse_per_channel-fp32in-s0,45.415,73.916667,0.421986,0.434856,28.501667,25.504917,31.555208,27.2,0.0,326,,,,,,,True
mobilenet_v3_large,recon,adaround,L-nobc--w-fp6_e2m3--a-fp6_e2m3--default_no_bias_correction--fit-mse_per_channel-fp32in-s0,LQ-bc--w-int6--a-int6--default--fit-mse_per_channel-b2in-int6-s0,45.415,26.190366,0.58375,0.338752,-19.224634,-22.266077,-16.165761,-19.3,0.0,333,,,,,,,True
mobilenet_v3_large,recon,adaround,L-nobc--w-fp6_e2m3--a-fp6_e2m3--default_no_bias_correction--fit-mse_per_channel-fp32in-s0,LQ-nobc--w-int6--a-int6--default_no_bias_correction--fit-mse_per_channel-b2in-int6-s0,45.415,29.461926,0.574144,0.327248,-15.953074,-19.112617,-12.790566,-16.8,0.0,336,,,,,,,True
mobilenet_v3_large,recon,adaround,L-nobc--w-fp6_e2m3--a-fp6_e2m3--default_no_bias_correction--fit-mse_per_channel-fp32in-s0,N-A32--w-fp6_e2m3--a-fp32--mse_per_channel,45.415,72.4,0.449198,0.465635,26.985,23.981625,29.946792,26.1,0.0,309,,,,,,,True
mobilenet_v3_large,recon,adaround,L-nobc--w-fp6_e2m3--a-fp6_e2m3--default_no_bias_correction--fit-mse_per_channel-fp32in-s0,N-A32--w-int6--a-fp32--mse_per_channel,45.415,71.8,0.452128,0.461586,26.385,23.421667,29.368417,25.5,0.0,309,,,,,,,True
mobilenet_v3_large,recon,adaround,L-nobc--w-fp6_e2m3--a-fp6_e2m3--default_no_bias_correction--fit-mse_per_channel-fp32in-s0,N-A32--w-int8--a-fp32--mse_per_channel,45.415,75.3,0.40754,0.438802,29.885,26.871667,32.960083,29.0,0.0,330,,,,,,,True
mobilenet_v3_large,recon,adaround,L-nobc--w-fp6_e2m3--a-fp6_e2m3--default_no_bias_correction--fit-mse_per_channel-fp32in-s0,N-A32--w-posit8_es1--a-fp32--mse_per_channel,45.415,75.6,0.399642,0.429459,30.185,27.151667,33.241792,29.3,0.0,335,,,,,,,True
mobilenet_v3_large,recon,adaround,L-nobc--w-fp6_e2m3--a-fp6_e2m3--default_no_bias_correction--fit-mse_per_channel-fp32in-s0,N-default--w-fp6_e2m3--a-fp6_e2m3--default,45.415,58.425,0.578773,0.513441,13.01,10.171625,15.896667,12.2,0.0,254,,,,,,,True
mobilenet_v3_large,recon,adaround,L-nobc--w-fp6_e2m3--a-fp6_e2m3--default_no_bias_correction--fit-mse_per_channel-fp32in-s0,N-default--w-int4--a-int8--default,45.415,48.75,0.610769,0.493973,3.335,0.273333,6.380042,2.7,0.101943,253,,,,,,,True
mobilenet_v3_large,recon,adaround,L-nobc--w-fp6_e2m3--a-fp6_e2m3--default_no_bias_correction--fit-mse_per_channel-fp32in-s0,N-default--w-int6--a-int6--default,45.415,20.995202,0.586619,0.32669,-24.419798,-27.496402,-21.379198,-25.4,0.0,346,,,,,,,True
mobilenet_v3_large,recon,adaround,L-nobc--w-fp6_e2m3--a-fp6_e2m3--default_no_bias_correction--fit-mse_per_channel-fp32in-s0,N-default--w-int8--a-int8--default,45.415,71.6,0.454867,0.461841,26.185,23.196542,29.280083,25.2,0.0,308,,,,,,,True
mobilenet_v3_large,recon,adaround,L-nobc--w-fp6_e2m3--a-fp6_e2m3--default_no_bias_correction--fit-mse_per_channel-fp32in-s0,N-default--w-posit8_es1--a-posit8_es1--default,45.415,73.358333,0.449821,0.47293,27.943333,25.004833,30.926667,26.5,0.0,307,,,,,,,True
mobilenet_v3_large,recon,adaround,L-nobc--w-fp6_e2m3--a-fp6_e2m3--default_no_bias_correction--fit-mse_per_channel-fp32in-s0,N-minimal--w-fp6_e2m3--a-fp6_e2m3--minimal,45.415,36.766667,0.728358,0.638778,-8.648333,-11.01175,-6.29825,-8.4,0.0,182,,,,,,,True
mobilenet_v3_large,recon,adaround,L-nobc--w-fp6_e2m3--a-fp6_e2m3--default_no_bias_correction--fit-mse_per_channel-fp32in-s0,N-minimal--w-int8--a-int8--minimal,45.415,70.15,0.483186,0.486902,24.735,21.763333,27.671667,23.6,0.0,292,,,,,,,True
mobilenet_v3_large,recon,adaround,L-nobc--w-fp6_e2m3--a-fp6_e2m3--default_no_bias_correction--fit-mse_per_channel-fp32in-s0,N-nobc--w-fp6_e2m3--a-fp6_e2m3--default_no_bias_correction,45.415,34.808333,0.713873,0.611323,-10.606667,-13.086875,-8.156583,-11.2,0.0,198,,,,,,,True
mobilenet_v3_large,recon,adaround,L-nobc--w-fp6_e2m3--a-fp6_e2m3--default_no_bias_correction--fit-mse_per_channel-fp32in-s0,N-nobc--w-int8--a-int8--default_no_bias_correction,45.415,70.5,0.468198,0.471547,25.085,22.069958,28.068458,24.3,0.0,301,,,,,,,True
mobilenet_v3_large,recon,adaround,L-nobc--w-fp6_e2m3--a-fp6_e2m3--default_no_bias_correction--fit-mse_per_channel-fp32in-s0,N-nobc--w-posit8_es1--a-posit8_es1--default_no_bias_correction,45.415,74.8,0.4082,0.429668,29.385,26.386625,32.425125,28.4,0.0,332,,,,,,,True
mobilenet_v3_large,recon,adaround,L-nobc--w-int4--a-int8--default_no_bias_correction--fit-mse_per_channel-fp32in-s0,L-nobc--w-int8--a-int8--default_no_bias_correction--fit-mse_per_channel-fp32in-s0,69.35,71.183333,0.770149,0.816352,1.833333,0.133333,3.483333,1.9,0.03954,77,2.433333,0.45,4.416667,2.3,0.032947,107,True
mobilenet_v3_large,recon,adaround,L-nobc--w-int4--a-int8--default_no_bias_correction--fit-mse_per_channel-fp32in-s0,L-nobc--w-posit8_es1--a-posit8_es1--default_no_bias_correction--fit-mse_per_channel-fp32in-s0,69.35,73.916667,0.659884,0.717427,4.566667,2.533333,6.666667,4.1,0.000189,117,12.2,9.882917,14.666667,11.9,0.0,183,True
mobilenet_v3_large,recon,adaround,L-nobc--w-int4--a-int8--default_no_bias_correction--fit-mse_per_channel-fp32in-s0,LQ-bc--w-int6--a-int6--default--fit-mse_per_channel-b2in-int6-s0,69.35,26.190366,0.394347,0.340291,-43.159634,-46.214667,-40.016094,-42.4,0.0,450,,,,,,,True
mobilenet_v3_large,recon,adaround,L-nobc--w-int4--a-int8--default_no_bias_correction--fit-mse_per_channel-fp32in-s0,LQ-nobc--w-int6--a-int6--default_no_bias_correction--fit-mse_per_channel-b2in-int6-s0,69.35,29.461926,0.390646,0.324851,-39.888074,-43.033396,-36.727414,-39.9,0.0,443,,,,,,,True
mobilenet_v3_large,recon,adaround,L-nobc--w-int4--a-int8--default_no_bias_correction--fit-mse_per_channel-fp32in-s0,N-A32--w-fp6_e2m3--a-fp32--mse_per_channel,69.35,72.4,0.682081,0.735655,3.05,1.0,5.05,3.0,0.005447,110,6.3,3.8,8.8,6.1,3e-06,167,True
mobilenet_v3_large,recon,adaround,L-nobc--w-int4--a-int8--default_no_bias_correction--fit-mse_per_channel-fp32in-s0,N-A32--w-int6--a-fp32--mse_per_channel,69.35,71.8,0.647059,0.697855,2.45,0.25,4.65,2.4,0.040036,126,5.5,2.89875,8.2,5.3,0.000119,185,True
mobilenet_v3_large,recon,adaround,L-nobc--w-int4--a-int8--default_no_bias_correction--fit-mse_per_channel-fp32in-s0,N-A32--w-int8--a-fp32--mse_per_channel,69.35,75.3,0.675758,0.741761,5.95,3.95,8.0,5.9,0.0,107,16.8,14.5,19.25,16.6,0.0,178,True
mobilenet_v3_large,recon,adaround,L-nobc--w-int4--a-int8--default_no_bias_correction--fit-mse_per_channel-fp32in-s0,N-A32--w-posit8_es1--a-fp32--mse_per_channel,69.35,75.6,0.656627,0.724201,6.25,4.2,8.3,6.2,0.0,114,15.4,13.05,17.95,15.2,0.0,174,True
mobilenet_v3_large,recon,adaround,L-nobc--w-int4--a-int8--default_no_bias_correction--fit-mse_per_channel-fp32in-s0,N-default--w-fp6_e2m3--a-fp6_e2m3--default,69.35,58.425,0.58114,0.60781,-10.925,-13.433542,-8.466667,-10.9,0.0,191,-15.666667,-18.375,-12.975,-15.1,0.0,235,True
mobilenet_v3_large,recon,adaround,L-nobc--w-int4--a-int8--default_no_bias_correction--fit-mse_per_channel-fp32in-s0,N-default--w-int4--a-int8--default,69.35,48.75,0.511111,0.520644,-20.6,-23.433333,-17.766667,-20.4,0.0,264,-27.95,-31.066667,-24.916667,-27.9,0.0,337,True
mobilenet_v3_large,recon,adaround,L-nobc--w-int4--a-int8--default_no_bias_correction--fit-mse_per_channel-fp32in-s0,N-default--w-int6--a-int6--default,69.35,20.995202,0.361042,0.261268,-48.354798,-51.448824,-45.192315,-48.5,0.0,515,,,,,,,True
mobilenet_v3_large,recon,adaround,L-nobc--w-int4--a-int8--default_no_bias_correction--fit-mse_per_channel-fp32in-s0,N-default--w-int8--a-int8--default,69.35,71.6,0.748521,0.796971,2.25,0.4,4.05,2.1,0.029456,85,2.35,0.15,4.55,2.0,0.09269,128,True
mobilenet_v3_large,recon,adaround,L-nobc--w-int4--a-int8--default_no_bias_correction--fit-mse_per_channel-fp32in-s0,N-default--w-posit8_es1--a-posit8_es1--default,69.35,73.358333,0.680233,0.735222,4.008333,2.1,5.933542,3.4,0.001533,110,8.908333,6.566667,11.341667,9.2,0.0,170,True
mobilenet_v3_large,recon,adaround,L-nobc--w-int4--a-int8--default_no_bias_correction--fit-mse_per_channel-fp32in-s0,N-minimal--w-fp6_e2m3--a-fp6_e2m3--minimal,69.35,36.766667,0.437209,0.411395,-32.583333,-35.675,-29.533333,-31.5,0.0,363,,,,,,,True
mobilenet_v3_large,recon,adaround,L-nobc--w-int4--a-int8--default_no_bias_correction--fit-mse_per_channel-fp32in-s0,N-minimal--w-int8--a-int8--minimal,69.35,70.15,0.769679,0.813202,0.8,-0.9,2.55,0.5,0.652964,79,0.983333,-1.1,3.050417,0.7,0.572656,113,True
mobilenet_v3_large,recon,adaround,L-nobc--w-int4--a-int8--default_no_bias_correction--fit-mse_per_channel-fp32in-s0,N-nobc--w-fp6_e2m3--a-fp6_e2m3--default_no_bias_correction,69.35,34.808333,0.416914,0.374664,-34.541667,-37.633333,-31.441667,-34.3,0.0,393,,,,,,,True
mobilenet_v3_large,recon,adaround,L-nobc--w-int4--a-int8--default_no_bias_correction--fit-mse_per_channel-fp32in-s0,N-nobc--w-int8--a-int8--default_no_bias_correction,69.35,70.5,0.769912,0.81465,1.15,-0.55,2.9,1.2,0.212683,78,1.05,-1.05,3.1,1.0,0.382126,106,True
mobilenet_v3_large,recon,adaround,L-nobc--w-int4--a-int8--default_no_bias_correction--fit-mse_per_channel-fp32in-s0,N-nobc--w-posit8_es1--a-posit8_es1--default_no_bias_correction,69.35,74.8,0.66369,0.726686,5.45,3.516667,7.38375,5.3,1e-06,113,11.991667,9.75,14.391875,12.2,0.0,170,True
mobilenet_v3_large,recon,adaround,L-nobc--w-int8--a-int8--default_no_bias_correction--fit-mse_per_channel-fp32in-s0,L-nobc--w-posit8_es1--a-posit8_es1--default_no_bias_correction--fit-mse_per_channel-fp32in-s0,71.183333,73.916667,0.714286,0.771105,2.733333,0.966667,4.483333,2.2,0.028017,92,9.766667,7.633333,11.966667,9.6,0.0,152,True
mobilenet_v3_large,recon,adaround,L-nobc--w-int8--a-int8--default_no_bias_correction--fit-mse_per_channel-fp32in-s0,LQ-bc--w-int6--a-int6--default--fit-mse_per_channel-b2in-int6-s0,71.183333,26.190366,0.361446,0.3012,-44.992967,-48.080945,-41.805343,-44.3,0.0,477,,,,,,,True
mobilenet_v3_large,recon,adaround,L-nobc--w-int8--a-int8--default_no_bias_correction--fit-mse_per_channel-fp32in-s0,LQ-nobc--w-int6--a-int6--default_no_bias_correction--fit-mse_per_channel-b2in-int6-s0,71.183333,29.461926,0.373961,0.327999,-41.721407,-44.830084,-38.532094,-41.8,0.0,452,,,,,,,True
mobilenet_v3_large,recon,adaround,L-nobc--w-int8--a-int8--default_no_bias_correction--fit-mse_per_channel-fp32in-s0,N-A32--w-fp6_e2m3--a-fp32--mse_per_channel,71.183333,72.4,0.695783,0.750633,1.216667,-0.750417,3.133333,1.1,0.319727,101,3.866667,1.533333,6.167083,3.8,0.00209,146,True
mobilenet_v3_large,recon,adaround,L-nobc--w-int8--a-int8--default_no_bias_correction--fit-mse_per_channel-fp32in-s0,N-A32--w-int6--a-fp32--mse_per_channel,71.183333,71.8,0.678466,0.732329,0.616667,-1.4,2.65,0.5,0.701811,109,3.066667,0.6,5.516667,3.0,0.021574,160,True
mobilenet_v3_large,recon,adaround,L-nobc--w-int8--a-int8--default_no_bias_correction--fit-mse_per_channel-fp32in-s0,N-A32--w-int8--a-fp32--mse_per_channel,71.183333,75.3,0.717042,0.779703,4.116667,2.35,5.916667,4.0,2.4e-05,88,14.366667,12.15,16.633333,14.3,0.0,157,True
mobilenet_v3_large,recon,adaround,L-nobc--w-int8--a-int8--default_no_bias_correction--fit-mse_per_channel-fp32in-s0,N-A32--w-posit8_es1--a-fp32--mse_per_channel,71.183333,75.6,0.712903,0.777061,4.416667,2.616667,6.233333,4.3,6e-06,89,12.966667,10.8,15.15,12.9,0.0,145,True
mobilenet_v3_large,recon,adaround,L-nobc--w-int8--a-int8--default_no_bias_correction--fit-mse_per_channel-fp32in-s0,N-default--w-fp6_e2m3--a-fp6_e2m3--default,71.183333,58.425,0.556541,0.591753,-12.758333,-15.316667,-10.266458,-12.8,0.0,200,-18.1,-20.900208,-15.366667,-17.4,0.0,256,True
mobilenet_v3_large,recon,adaround,L-nobc--w-int8--a-int8--default_no_bias_correction--fit-mse_per_channel-fp32in-s0,N-default--w-int4--a-int8--default,71.183333,48.75,0.48972,0.51133,-22.433333,-25.25,-19.6,-22.3,0.0,273,-30.383333,-33.400417,-27.366667,-30.2,0.0,344,True
mobilenet_v3_large,recon,adaround,L-nobc--w-int8--a-int8--default_no_bias_correction--fit-mse_per_channel-fp32in-s0,N-default--w-int6--a-int6--default,71.183333,20.995202,0.340796,0.255443,-50.188131,-53.277497,-47.09688,-50.4,0.0,530,,,,,,,True
mobilenet_v3_large,recon,adaround,L-nobc--w-int8--a-int8--default_no_bias_correction--fit-mse_per_channel-fp32in-s0,N-default--w-int8--a-int8--default,71.183333,71.6,0.7875,0.833511,0.416667,-1.166667,2.016667,0.2,0.903597,68,-0.083333,-2.083333,1.866667,-0.3,0.843898,103,True
mobilenet_v3_large,recon,adaround,L-nobc--w-int8--a-int8--default_no_bias_correction--fit-mse_per_channel-fp32in-s0,N-default--w-posit8_es1--a-posit8_es1--default,71.183333,73.358333,0.714724,0.769691,2.175,0.4,3.958333,1.5,0.146177,93,6.475,4.191667,8.717083,6.9,0.0,151,True
mobilenet_v3_large,recon,adaround,L-nobc--w-int8--a-int8--default_no_bias_correction--fit-mse_per_channel-fp32in-s0,N-minimal--w-fp6_e2m3--a-fp6_e2m3--minimal,71.183333,36.766667,0.412131,0.395397,-34.416667,-37.483542,-31.383333,-33.4,0.0,378,,,,,,,True
mobilenet_v3_large,recon,adaround,L-nobc--w-int8--a-int8--default_no_bias_correction--fit-mse_per_channel-fp32in-s0,N-minimal--w-int8--a-int8--minimal,71.183333,70.15,0.809231,0.851168,-1.033333,-2.533333,0.466667,-1.4,0.097954,62,-1.45,-3.166667,0.2,-1.6,0.084646,76,True
mobilenet_v3_large,recon,adaround,L-nobc--w-int8--a-int8--default_no_bias_correction--fit-mse_per_channel-fp32in-s0,N-nobc--w-fp6_e2m3--a-fp6_e2m3--default_no_bias_correction,71.183333,34.808333,0.392857,0.360053,-36.375,-39.541667,-33.241667,-36.2,0.0,408,,,,,,,True
mobilenet_v3_large,recon,adaround,L-nobc--w-int8--a-int8--default_no_bias_correction--fit-mse_per_channel-fp32in-s0,N-nobc--w-int8--a-int8--default_no_bias_correction,71.183333,70.5,0.821317,0.861857,-0.683333,-2.1,0.700417,-0.7,0.427043,57,-1.383333,-2.983333,0.183333,-1.3,0.153913,71,True
mobilenet_v3_large,recon,adaround,L-nobc--w-int8--a-int8--default_no_bias_correction--fit-mse_per_channel-fp32in-s0,N-nobc--w-posit8_es1--a-posit8_es1--default_no_bias_correction,71.183333,74.8,0.72524,0.785073,3.616667,1.933333,5.283333,3.4,0.000317,86,9.558333,7.525,11.625,9.9,0.0,135,True
mobilenet_v3_large,recon,adaround,L-nobc--w-posit8_es1--a-posit8_es1--default_no_bias_correction--fit-mse_per_channel-fp32in-s0,LQ-bc--w-int6--a-int6--default--fit-mse_per_channel-b2in-int6-s0,73.916667,26.190366,0.34097,0.303929,-47.726301,-50.797146,-44.616281,-46.5,0.0,489,,,,,,,True
mobilenet_v3_large,recon,adaround,L-nobc--w-posit8_es1--a-posit8_es1--default_no_bias_correction--fit-mse_per_channel-fp32in-s0,LQ-nobc--w-int6--a-int6--default_no_bias_correction--fit-mse_per_channel-b2in-int6-s0,73.916667,29.461926,0.345354,0.308918,-44.454741,-47.64535,-41.316489,-44.0,0.0,472,,,,,,,True
mobilenet_v3_large,recon,adaround,L-nobc--w-posit8_es1--a-posit8_es1--default_no_bias_correction--fit-mse_per_channel-fp32in-s0,N-A32--w-fp6_e2m3--a-fp32--mse_per_channel,73.916667,72.4,0.750809,0.805238,-1.516667,-3.23375,0.133333,-1.1,0.254305,77,-5.9,-8.0,-3.816667,-5.8,0.0,132,True
mobilenet_v3_large,recon,adaround,L-nobc--w-posit8_es1--a-posit8_es1--default_no_bias_correction--fit-mse_per_channel-fp32in-s0,N-A32--w-int6--a-fp32--mse_per_channel,73.916667,71.8,0.731013,0.786905,-2.116667,-3.85,-0.433333,-1.7,0.082054,85,-6.7,-8.85,-4.55,-6.6,0.0,142,True
mobilenet_v3_large,recon,adaround,L-nobc--w-posit8_es1--a-posit8_es1--default_no_bias_correction--fit-mse_per_channel-fp32in-s0,N-A32--w-int8--a-fp32--mse_per_channel,73.916667,75.3,0.822064,0.869768,1.383333,0.083333,2.666667,1.8,0.015347,50,4.6,3.05,6.166667,4.7,0.0,79,True
mobilenet_v3_large,recon,adaround,L-nobc--w-posit8_es1--a-posit8_es1--default_no_bias_correction--fit-mse_per_channel-fp32in-s0,N-A32--w-posit8_es1--a-fp32--mse_per_channel,73.916667,75.6,0.804965,0.856452,1.683333,0.35,3.05,2.1,0.006456,55,3.2,1.433333,4.983333,3.3,0.00081,93,True
mobilenet_v3_large,recon,adaround,L-nobc--w-posit8_es1--a-posit8_es1--default_no_bias_correction--fit-mse_per_channel-fp32in-s0,N-default--w-fp6_e2m3--a-fp6_e2m3--default,73.916667,58.425,0.534989,0.584145,-15.491667,-18.008333,-13.025,-15.0,0.0,206,-27.866667,-30.641667,-25.225,-27.0,0.0,300,True
mobilenet_v3_large,recon,adaround,L-nobc--w-posit8_es1--a-posit8_es1--default_no_bias_correction--fit-mse_per_channel-fp32in-s0,N-default--w-int4--a-int8--default,73.916667,48.75,0.437848,0.457116,-25.166667,-28.15,-22.232917,-24.5,0.0,303,-40.15,-43.217083,-37.016667,-39.8,0.0,430,True
mobilenet_v3_large,recon,adaround,L-nobc--w-posit8_es1--a-posit8_es1--default_no_bias_correction--fit-mse_per_channel-fp32in-s0,N-default--w-int6--a-int6--default,73.916667,20.995202,0.311801,0.23063,-52.921465,-55.976078,-49.885698,-52.6,0.0,554,,,,,,,True
mobilenet_v3_large,recon,adaround,L-nobc--w-posit8_es1--a-posit8_es1--default_no_bias_correction--fit-mse_per_channel-fp32in-s0,N-default--w-int8--a-int8--default,73.916667,71.6,0.697531,0.755305,-2.316667,-4.216667,-0.45,-2.0,0.054391,98,-9.85,-12.166667,-7.616667,-9.9,0.0,157,True
mobilenet_v3_large,recon,adaround,L-nobc--w-posit8_es1--a-posit8_es1--default_no_bias_correction--fit-mse_per_channel-fp32in-s0,N-default--w-posit8_es1--a-posit8_es1--default,73.916667,73.358333,0.772277,0.824487,-0.558333,-2.0,0.833333,-0.7,0.470369,69,-3.291667,-4.933333,-1.675,-2.7,0.006106,91,True
mobilenet_v3_large,recon,adaround,L-nobc--w-posit8_es1--a-posit8_es1--default_no_bias_correction--fit-mse_per_channel-fp32in-s0,N-minimal--w-fp6_e2m3--a-fp6_e2m3--minimal,73.916667,36.766667,0.384375,0.380346,-37.15,-40.275208,-34.116667,-35.6,0.0,394,,,,,,,True
mobilenet_v3_large,recon,adaround,L-nobc--w-posit8_es1--a-posit8_es1--default_no_bias_correction--fit-mse_per_channel-fp32in-s0,N-minimal--w-int8--a-int8--minimal,73.916667,70.15,0.689552,0.747074,-3.766667,-5.733333,-1.866667,-3.6,0.000534,104,-11.216667,-13.616667,-8.95,-11.2,0.0,168,True
mobilenet_v3_large,recon,adaround,L-nobc--w-posit8_es1--a-posit8_es1--default_no_bias_correction--fit-mse_per_channel-fp32in-s0,N-nobc--w-fp6_e2m3--a-fp6_e2m3--default_no_bias_correction,73.916667,34.808333,0.366218,0.346633,-39.108333,-42.191667,-35.991667,-38.4,0.0,424,,,,,,,True
mobilenet_v3_large,recon,adaround,L-nobc--w-posit8_es1--a-posit8_es1--default_no_bias_correction--fit-mse_per_channel-fp32in-s0,N-nobc--w-int8--a-int8--default_no_bias_correction,73.916667,70.5,0.70948,0.766358,-3.416667,-5.266667,-1.633333,-2.9,0.003833,95,-11.15,-13.45,-8.916667,-10.9,0.0,165,True
mobilenet_v3_large,recon,adaround,L-nobc--w-posit8_es1--a-posit8_es1--default_no_bias_correction--fit-mse_per_channel-fp32in-s0,N-nobc--w-posit8_es1--a-posit8_es1--default_no_bias_correction,73.916667,74.8,0.85,0.891035,0.883333,-0.216667,2.0,1.2,0.08843,42,-0.208333,-1.566667,1.158333,0.3,0.798153,61,True
mobilenet_v3_large,recon,adaround,LQ-bc--w-int6--a-int6--default--fit-mse_per_channel-b2in-int6-s0,LQ-nobc--w-int6--a-int6--default_no_bias_correction--fit-mse_per_channel-b2in-int6-s0,26.190366,29.461926,0.778191,0.559851,3.27156,0.981807,5.507867,2.5,0.072542,179,,,,,,,True
mobilenet_v3_large,recon,adaround,LQ-bc--w-int6--a-int6--default--fit-mse_per_channel-b2in-int6-s0,N-A32--w-fp6_e2m3--a-fp32--mse_per_channel,26.190366,72.4,0.355795,0.31503,46.209634,43.072598,49.273214,45.4,0.0,478,,,,,,,True
mobilenet_v3_large,recon,adaround,LQ-bc--w-int6--a-int6--default--fit-mse_per_channel-b2in-int6-s0,N-A32--w-int6--a-fp32--mse_per_channel,26.190366,71.8,0.363881,0.321069,45.609634,42.449935,48.632609,44.8,0.0,472,,,,,,,True
mobilenet_v3_large,recon,adaround,LQ-bc--w-int6--a-int6--default--fit-mse_per_channel-b2in-int6-s0,N-A32--w-int8--a-fp32--mse_per_channel,26.190366,75.3,0.318489,0.290863,49.109634,45.983381,52.15003,48.3,0.0,505,,,,,,,True
mobilenet_v3_large,recon,adaround,LQ-bc--w-int6--a-int6--default--fit-mse_per_channel-b2in-int6-s0,N-A32--w-posit8_es1--a-fp32--mse_per_channel,26.190366,75.6,0.316216,0.29306,49.409634,46.264223,52.455627,48.6,0.0,506,,,,,,,True
mobilenet_v3_large,recon,adaround,LQ-bc--w-int6--a-int6--default--fit-mse_per_channel-b2in-int6-s0,N-default--w-fp6_e2m3--a-fp6_e2m3--default,26.190366,58.425,0.508564,0.37966,32.234634,29.278346,35.168258,31.5,0.0,373,,,,,,,True
mobilenet_v3_large,recon,adaround,LQ-bc--w-int6--a-int6--default--fit-mse_per_channel-b2in-int6-s0,N-default--w-int4--a-int8--default,26.190366,48.75,0.597938,0.413183,22.559634,19.582143,25.545452,22.0,0.0,312,,,,,,,True
mobilenet_v3_large,recon,adaround,LQ-bc--w-int6--a-int6--default--fit-mse_per_channel-b2in-int6-s0,N-default--w-int6--a-int6--default,26.190366,20.995202,0.783118,0.501741,-5.195164,-7.434615,-2.980557,-6.1,9e-06,185,,,,,,,True
mobilenet_v3_large,recon,adaround,LQ-bc--w-int6--a-int6--default--fit-mse_per_channel-b2in-int6-s0,N-default--w-int8--a-int8--default,26.190366,71.6,0.362416,0.309117,45.409634,42.248138,48.461142,44.5,0.0,475,,,,,,,True
mobilenet_v3_large,recon,adaround,LQ-bc--w-int6--a-int6--default--fit-mse_per_channel-b2in-int6-s0,N-default--w-posit8_es1--a-posit8_es1--default,26.190366,73.358333,0.359566,0.336307,47.167967,44.131413,50.18423,45.8,0.0,472,,,,,,,True
mobilenet_v3_large,recon,adaround,LQ-bc--w-int6--a-int6--default--fit-mse_per_channel-b2in-int6-s0,N-minimal--w-fp6_e2m3--a-fp6_e2m3--minimal,26.190366,36.766667,0.635593,0.332758,10.576301,7.521289,13.617513,10.9,0.0,301,,,,,,,True
mobilenet_v3_large,recon,adaround,LQ-bc--w-int6--a-int6--default--fit-mse_per_channel-b2in-int6-s0,N-minimal--w-int8--a-int8--minimal,26.190366,70.15,0.383893,0.325426,43.959634,40.913302,47.005965,42.9,0.0,459,,,,,,,True
mobilenet_v3_large,recon,adaround,LQ-bc--w-int6--a-int6--default--fit-mse_per_channel-b2in-int6-s0,N-nobc--w-fp6_e2m3--a-fp6_e2m3--default_no_bias_correction,26.190366,34.808333,0.647551,0.322,8.617967,5.625544,11.624291,8.1,3e-06,295,,,,,,,True
mobilenet_v3_large,recon,adaround,LQ-bc--w-int6--a-int6--default--fit-mse_per_channel-b2in-int6-s0,N-nobc--w-int8--a-int8--default_no_bias_correction,26.190366,70.5,0.374497,0.318296,44.309634,41.21317,47.367091,43.6,0.0,466,,,,,,,True
mobilenet_v3_large,recon,adaround,LQ-bc--w-int6--a-int6--default--fit-mse_per_channel-b2in-int6-s0,N-nobc--w-posit8_es1--a-posit8_es1--default_no_bias_correction,26.190366,74.8,0.326586,0.296939,48.609634,45.514456,51.62272,47.7,0.0,499,,,,,,,True
mobilenet_v3_large,recon,adaround,LQ-nobc--w-int6--a-int6--default_no_bias_correction--fit-mse_per_channel-b2in-int6-s0,N-A32--w-fp6_e2m3--a-fp32--mse_per_channel,29.461926,72.4,0.364395,0.330719,42.938074,39.746568,46.079841,42.9,0.0,457,,,,,,,True
mobilenet_v3_large,recon,adaround,LQ-nobc--w-int6--a-int6--default_no_bias_correction--fit-mse_per_channel-b2in-int6-s0,N-A32--w-int6--a-fp32--mse_per_channel,29.461926,71.8,0.365145,0.317679,42.338074,39.130855,45.544262,42.3,0.0,459,,,,,,,True
mobilenet_v3_large,recon,adaround,LQ-nobc--w-int6--a-int6--default_no_bias_correction--fit-mse_per_channel-b2in-int6-s0,N-A32--w-int8--a-fp32--mse_per_channel,29.461926,75.3,0.325905,0.304384,45.838074,42.732146,48.997986,45.8,0.0,484,,,,,,,True
mobilenet_v3_large,recon,adaround,LQ-nobc--w-int6--a-int6--default_no_bias_correction--fit-mse_per_channel-b2in-int6-s0,N-A32--w-posit8_es1--a-fp32--mse_per_channel,29.461926,75.6,0.32357,0.306228,46.138074,43.026052,49.265969,46.1,0.0,485,,,,,,,True
mobilenet_v3_large,recon,adaround,LQ-nobc--w-int6--a-int6--default_no_bias_correction--fit-mse_per_channel-b2in-int6-s0,N-default--w-fp6_e2m3--a-fp6_e2m3--default,29.461926,58.425,0.52381,0.411322,28.963074,25.962827,31.928743,29.0,0.0,350,,,,,,,True
mobilenet_v3_large,recon,adaround,LQ-nobc--w-int6--a-int6--default_no_bias_correction--fit-mse_per_channel-b2in-int6-s0,N-default--w-int4--a-int8--default,29.461926,48.75,0.592398,0.405526,19.288074,16.160806,22.277972,19.5,0.0,311,,,,,,,True
mobilenet_v3_large,recon,adaround,LQ-nobc--w-int6--a-int6--default_no_bias_correction--fit-mse_per_channel-b2in-int6-s0,N-default--w-int6--a-int6--default,29.461926,20.995202,0.755869,0.465661,-8.466724,-10.906592,-6.046238,-8.6,0.0,208,,,,,,,True
mobilenet_v3_large,recon,adaround,LQ-nobc--w-int6--a-int6--default_no_bias_correction--fit-mse_per_channel-b2in-int6-s0,N-default--w-int8--a-int8--default,29.461926,71.6,0.371191,0.325821,42.138074,38.941133,45.314597,42.0,0.0,454,,,,,,,True
mobilenet_v3_large,recon,adaround,LQ-nobc--w-int6--a-int6--default_no_bias_correction--fit-mse_per_channel-b2in-int6-s0,N-default--w-posit8_es1--a-posit8_es1--default,29.461926,73.358333,0.358832,0.326411,43.896407,40.80319,46.992229,43.3,0.0,461,,,,,,,True
mobilenet_v3_large,recon,adaround,LQ-nobc--w-int6--a-int6--default_no_bias_correction--fit-mse_per_channel-b2in-int6-s0,N-minimal--w-fp6_e2m3--a-fp6_e2m3--minimal,29.461926,36.766667,0.639061,0.357954,7.304741,4.16321,10.381277,8.4,1e-06,292,,,,,,,True
mobilenet_v3_large,recon,adaround,LQ-nobc--w-int6--a-int6--default_no_bias_correction--fit-mse_per_channel-b2in-int6-s0,N-minimal--w-int8--a-int8--minimal,29.461926,70.15,0.387586,0.328874,40.688074,37.530322,43.727511,40.4,0.0,444,,,,,,,True
mobilenet_v3_large,recon,adaround,LQ-nobc--w-int6--a-int6--default_no_bias_correction--fit-mse_per_channel-b2in-int6-s0,N-nobc--w-fp6_e2m3--a-fp6_e2m3--default_no_bias_correction,29.461926,34.808333,0.639225,0.323691,5.346407,2.18088,8.467212,5.6,0.001402,298,,,,,,,True
mobilenet_v3_large,recon,adaround,LQ-nobc--w-int6--a-int6--default_no_bias_correction--fit-mse_per_channel-b2in-int6-s0,N-nobc--w-int8--a-int8--default_no_bias_correction,29.461926,70.5,0.376033,0.31636,41.038074,37.806189,44.159697,41.1,0.0,453,,,,,,,True
mobilenet_v3_large,recon,adaround,LQ-nobc--w-int6--a-int6--default_no_bias_correction--fit-mse_per_channel-b2in-int6-s0,N-nobc--w-posit8_es1--a-posit8_es1--default_no_bias_correction,29.461926,74.8,0.332406,0.305842,45.338074,42.243239,48.480579,45.2,0.0,480,,,,,,,True
mobilenet_v3_large,recon,adaround,N-A32--w-fp6_e2m3--a-fp32--mse_per_channel,N-A32--w-int6--a-fp32--mse_per_channel,72.4,71.8,0.711656,0.76645,-0.6,-2.5,1.3,-0.6,0.606296,94,-0.8,-3.2,1.6,-0.8,0.567775,150,True
mobilenet_v3_large,recon,adaround,N-A32--w-fp6_e2m3--a-fp32--mse_per_channel,N-A32--w-int8--a-fp32--mse_per_channel,72.4,75.3,0.766892,0.823867,2.9,1.3,4.6,2.9,0.000636,69,10.5,8.4,12.6,10.5,0.0,129,True
mobilenet_v3_large,recon,adaround,N-A32--w-fp6_e2m3--a-fp32--mse_per_channel,N-A32--w-posit8_es1--a-fp32--mse_per_channel,72.4,75.6,0.774744,0.831583,3.2,1.6,4.8,3.2,0.000101,66,9.1,7.0,11.2,9.1,0.0,127,True
mobilenet_v3_large,recon,adaround,N-A32--w-fp6_e2m3--a-fp32--mse_per_channel,N-default--w-fp6_e2m3--a-fp6_e2m3--default,72.4,58.425,0.549327,0.592313,-13.975,-16.525,-11.491458,-13.9,0.0,201,-21.966667,-24.825,-19.191667,-21.2,0.0,280,True
mobilenet_v3_large,recon,adaround,N-A32--w-fp6_e2m3--a-fp32--mse_per_channel,N-default--w-int4--a-int8--default,72.4,48.75,0.466418,0.488849,-23.65,-26.566667,-20.682917,-23.4,0.0,286,-34.25,-37.35,-31.149583,-34.0,0.0,376,True
mobilenet_v3_large,recon,adaround,N-A32--w-fp6_e2m3--a-fp32--mse_per_channel,N-default--w-int6--a-int6--default,72.4,20.995202,0.325466,0.240346,-51.404798,-54.493622,-48.316906,-51.5,0.0,543,,,,,,,True
mobilenet_v3_large,recon,adaround,N-A32--w-fp6_e2m3--a-fp32--mse_per_channel,N-default--w-int8--a-int8--default,72.4,71.6,0.705167,0.7599,-0.8,-2.7,1.1,-0.9,0.416775,97,-3.95,-6.35,-1.55,-4.1,0.00115,153,True
mobilenet_v3_large,recon,adaround,N-A32--w-fp6_e2m3--a-fp32--mse_per_channel,N-default--w-posit8_es1--a-posit8_es1--default,72.4,73.358333,0.739683,0.793935,0.958333,-0.716667,2.683333,0.4,0.740653,82,2.608333,0.341667,4.85,3.1,0.011257,141,True
mobilenet_v3_large,recon,adaround,N-A32--w-fp6_e2m3--a-fp32--mse_per_channel,N-minimal--w-fp6_e2m3--a-fp6_e2m3--minimal,72.4,36.766667,0.399376,0.390123,-35.633333,-38.65,-32.558125,-34.5,0.0,385,,,,,,,True
mobilenet_v3_large,recon,adaround,N-A32--w-fp6_e2m3--a-fp32--mse_per_channel,N-minimal--w-int8--a-int8--minimal,72.4,70.15,0.682216,0.736059,-2.25,-4.2,-0.2,-2.5,0.021086,109,-5.316667,-7.766667,-2.9,-5.4,3e-05,164,True
mobilenet_v3_large,recon,adaround,N-A32--w-fp6_e2m3--a-fp32--mse_per_channel,N-nobc--w-fp6_e2m3--a-fp6_e2m3--default_no_bias_correction,72.4,34.808333,0.390977,0.37907,-37.591667,-40.691875,-34.508333,-37.3,0.0,405,,,,,,,True
mobilenet_v3_large,recon,adaround,N-A32--w-fp6_e2m3--a-fp32--mse_per_channel,N-nobc--w-int8--a-int8--default_no_bias_correction,72.4,70.5,0.691395,0.745645,-1.9,-3.85,0.05,-1.8,0.095044,104,-5.25,-7.65,-2.9,-5.1,4.6e-05,153,True
mobilenet_v3_large,recon,adaround,N-A32--w-fp6_e2m3--a-fp32--mse_per_channel,N-nobc--w-posit8_es1--a-posit8_es1--default_no_bias_correction,72.4,74.8,0.751656,0.808781,2.4,0.833333,3.983333,2.3,0.010582,75,5.691667,3.591667,7.783333,6.1,0.0,131,True
mobilenet_v3_large,recon,adaround,N-A32--w-int6--a-fp32--mse_per_channel,N-A32--w-int8--a-fp32--mse_per_channel,71.8,75.3,0.745875,0.805664,3.5,1.8,5.2,3.5,8.2e-05,77,11.3,9.2,13.5,11.3,0.0,133,True
mobilenet_v3_large,recon,adaround,N-A32--w-int6--a-fp32--mse_per_channel,N-A32--w-posit8_es1--a-fp32--mse_per_channel,71.8,75.6,0.741722,0.803021,3.8,2.1,5.5,3.8,2e-05,78,9.9,7.7,12.1,9.9,0.0,131,True
mobilenet_v3_large,recon,adaround,N-A32--w-int6--a-fp32--mse_per_channel,N-default--w-fp6_e2m3--a-fp6_e2m3--default,71.8,58.425,0.528509,0.559149,-13.375,-16.066667,-10.775,-13.3,0.0,215,-21.166667,-24.066667,-18.4,-20.4,0.0,278,True
mobilenet_v3_large,recon,adaround,N-A32--w-int6--a-fp32--mse_per_channel,N-default--w-int4--a-int8--default,71.8,48.75,0.463956,0.476479,-23.05,-26.05,-20.083333,-22.8,0.0,290,-33.45,-36.650417,-30.3,-33.2,0.0,376,True
mobilenet_v3_large,recon,adaround,N-A32--w-int6--a-fp32--mse_per_channel,N-default--w-int6--a-int6--default,71.8,20.995202,0.329616,0.234689,-50.804798,-53.883485,-47.637368,-50.9,0.0,541,,,,,,,True
mobilenet_v3_large,recon,adaround,N-A32--w-int6--a-fp32--mse_per_channel,N-default--w-int8--a-int8--default,71.8,71.6,0.677515,0.731719,-0.2,-2.2,1.8,-0.3,0.848195,109,-3.15,-5.6,-0.7,-3.3,0.010423,157,True
mobilenet_v3_large,recon,adaround,N-A32--w-int6--a-fp32--mse_per_channel,N-default--w-posit8_es1--a-posit8_es1--default,71.8,73.358333,0.725857,0.780568,1.558333,-0.216875,3.383333,1.0,0.337399,88,3.408333,1.15,5.641667,3.9,0.00129,141,True
mobilenet_v3_large,recon,adaround,N-A32--w-int6--a-fp32--mse_per_channel,N-minimal--w-fp6_e2m3--a-fp6_e2m3--minimal,71.8,36.766667,0.410938,0.402558,-35.033333,-38.083333,-31.966667,-33.9,0.0,377,,,,,,,True
mobilenet_v3_large,recon,adaround,N-A32--w-int6--a-fp32--mse_per_channel,N-minimal--w-int8--a-int8--minimal,71.8,70.15,0.646893,0.698248,-1.65,-3.85,0.45,-1.9,0.107031,125,-4.516667,-7.15,-1.95,-4.6,0.0007,178,True
mobilenet_v3_large,recon,adaround,N-A32--w-int6--a-fp32--mse_per_channel,N-nobc--w-fp6_e2m3--a-fp6_e2m3--default_no_bias_correction,71.8,34.808333,0.391629,0.367761,-36.991667,-40.175,-33.841667,-36.7,0.0,407,,,,,,,True
mobilenet_v3_large,recon,adaround,N-A32--w-int6--a-fp32--mse_per_channel,N-nobc--w-int8--a-int8--default_no_bias_correction,71.8,70.5,0.65043,0.702873,-1.3,-3.45,0.8,-1.2,0.319308,122,-4.45,-7.0,-2.0,-4.3,0.001252,171,True
mobilenet_v3_large,recon,adaround,N-A32--w-int6--a-fp32--mse_per_channel,N-nobc--w-posit8_es1--a-posit8_es1--default_no_bias_correction,71.8,74.8,0.737013,0.795707,3.0,1.382917,4.65,2.9,0.001689,81,6.491667,4.399792,8.575208,6.9,0.0,137,True
mobilenet_v3_large,recon,adaround,N-A32--w-int8--a-fp32--mse_per_channel,N-A32--w-posit8_es1--a-fp32--mse_per_channel,75.3,75.6,0.903101,0.932548,0.3,-0.7,1.3,0.3,0.690038,25,-1.4,-2.7,-0.1,-1.4,0.048767,44,True
mobilenet_v3_large,recon,adaround,N-A32--w-int8--a-fp32--mse_per_channel,N-default--w-fp6_e2m3--a-fp6_e2m3--default,75.3,58.425,0.501134,0.557638,-16.875,-19.491667,-14.34125,-16.8,0.0,220,-32.466667,-35.250208,-29.741667,-31.7,0.0,331,True
mobilenet_v3_large,recon,adaround,N-A32--w-int8--a-fp32--mse_per_channel,N-default--w-int4--a-int8--default,75.3,48.75,0.414953,0.445428,-26.55,-29.566667,-23.55,-26.3,0.0,313,-44.75,-47.766667,-41.699583,-44.5,0.0,455,True
mobilenet_v3_large,recon,adaround,N-A32--w-int8--a-fp32--mse_per_channel,N-default--w-int6--a-int6--default,75.3,20.995202,0.292653,0.225964,-54.304798,-57.381345,-51.225475,-54.4,0.0,568,,,,,,,True
mobilenet_v3_large,recon,adaround,N-A32--w-int8--a-fp32--mse_per_channel,N-default--w-int8--a-int8--default,75.3,71.6,0.710611,0.773603,-3.7,-5.5,-1.89875,-3.8,7.7e-05,90,-14.45,-16.7,-12.25,-14.6,0.0,158,True
mobilenet_v3_large,recon,adaround,N-A32--w-int8--a-fp32--mse_per_channel,N-default--w-posit8_es1--a-posit8_es1--default,75.3,73.358333,0.771331,0.827557,-1.941667,-3.425,-0.466667,-2.5,0.003065,67,-7.891667,-9.75,-6.033333,-7.4,0.0,106,True
mobilenet_v3_large,recon,adaround,N-A32--w-int8--a-fp32--mse_per_channel,N-minimal--w-fp6_e2m3--a-fp6_e2m3--minimal,75.3,36.766667,0.36478,0.375736,-38.533333,-41.666875,-35.408125,-37.4,0.0,404,,,,,,,True
mobilenet_v3_large,recon,adaround,N-A32--w-int8--a-fp32--mse_per_channel,N-minimal--w-int8--a-int8--minimal,75.3,70.15,0.696594,0.76157,-5.15,-7.05,-3.3,-5.4,0.0,98,-15.816667,-18.2,-13.566667,-15.9,0.0,171,True
mobilenet_v3_large,recon,adaround,N-A32--w-int8--a-fp32--mse_per_channel,N-nobc--w-fp6_e2m3--a-fp6_e2m3--default_no_bias_correction,75.3,34.808333,0.351433,0.353179,-40.491667,-43.616875,-37.383333,-40.2,0.0,430,,,,,,,True
mobilenet_v3_large,recon,adaround,N-A32--w-int8--a-fp32--mse_per_channel,N-nobc--w-int8--a-int8--default_no_bias_correction,75.3,70.5,0.701258,0.765374,-4.8,-6.7,-2.95,-4.7,1e-06,95,-15.75,-18.15,-13.45,-15.6,0.0,170,True
mobilenet_v3_large,recon,adaround,N-A32--w-int8--a-fp32--mse_per_channel,N-nobc--w-posit8_es1--a-posit8_es1--default_no_bias_correction,75.3,74.8,0.845018,0.888119,-0.5,-1.683333,0.65,-0.6,0.440799,42,-4.808333,-6.341667,-3.341667,-4.4,0.0,70,True
mobilenet_v3_large,recon,adaround,N-A32--w-posit8_es1--a-fp32--mse_per_channel,N-default--w-fp6_e2m3--a-fp6_e2m3--default,75.6,58.425,0.497727,0.556373,-17.175,-19.766667,-14.624792,-17.1,0.0,221,-31.066667,-33.866667,-28.3,-30.3,0.0,317,True
mobilenet_v3_large,recon,adaround,N-A32--w-posit8_es1--a-fp32--mse_per_channel,N-default--w-int4--a-int8--default,75.6,48.75,0.419962,0.459052,-26.85,-29.766667,-23.883333,-26.6,0.0,308,-43.35,-46.4,-40.3,-43.1,0.0,439,True
mobilenet_v3_large,recon,adaround,N-A32--w-posit8_es1--a-fp32--mse_per_channel,N-default--w-int6--a-int6--default,75.6,20.995202,0.292135,0.23476,-54.604798,-57.654709,-51.52974,-54.7,0.0,567,,,,,,,True
mobilenet_v3_large,recon,adaround,N-A32--w-posit8_es1--a-fp32--mse_per_channel,N-default--w-int8--a-int8--default,75.6,71.6,0.695513,0.760577,-4.0,-5.9,-2.15,-4.1,3.1e-05,95,-13.05,-15.3,-10.85,-13.2,0.0,156,True
mobilenet_v3_large,recon,adaround,N-A32--w-posit8_es1--a-fp32--mse_per_channel,N-default--w-posit8_es1--a-posit8_es1--default,75.6,73.358333,0.791667,0.84571,-2.241667,-3.675,-0.85,-2.8,0.000394,60,-6.491667,-8.375,-4.641458,-6.0,0.0,104,True
mobilenet_v3_large,recon,adaround,N-A32--w-posit8_es1--a-fp32--mse_per_channel,N-minimal--w-fp6_e2m3--a-fp6_e2m3--minimal,75.6,36.766667,0.360063,0.371831,-38.833333,-42.008333,-35.716667,-37.7,0.0,407,,,,,,,True
mobilenet_v3_large,recon,adaround,N-A32--w-posit8_es1--a-fp32--mse_per_channel,N-minimal--w-int8--a-int8--minimal,75.6,70.15,0.697819,0.764224,-5.45,-7.35,-3.6,-5.7,0.0,97,-14.416667,-16.8,-12.116667,-14.5,0.0,163,True
mobilenet_v3_large,recon,adaround,N-A32--w-posit8_es1--a-fp32--mse_per_channel,N-nobc--w-fp6_e2m3--a-fp6_e2m3--default_no_bias_correction,75.6,34.808333,0.34488,0.344622,-40.791667,-43.933333,-37.649792,-40.5,0.0,435,,,,,,,True
mobilenet_v3_large,recon,adaround,N-A32--w-posit8_es1--a-fp32--mse_per_channel,N-nobc--w-int8--a-int8--default_no_bias_correction,75.6,70.5,0.697161,0.762822,-5.1,-7.0,-3.25,-5.0,0.0,96,-14.35,-16.7,-12.1,-14.2,0.0,160,True
mobilenet_v3_large,recon,adaround,N-A32--w-posit8_es1--a-fp32--mse_per_channel,N-nobc--w-posit8_es1--a-posit8_es1--default_no_bias_correction,75.6,74.8,0.868421,0.906564,-0.8,-1.866667,0.25,-0.9,0.175465,35,-3.408333,-4.841875,-2.0,-3.0,0.000176,62,True
mobilenet_v3_large,recon,adaround,N-default--w-fp6_e2m3--a-fp6_e2m3--default,N-default--w-int4--a-int8--default,58.425,48.75,0.619965,0.577926,-9.675,-12.375208,-6.925,-9.5,0.0,217,-12.283333,-15.158333,-9.4,-12.8,0.0,260,True
mobilenet_v3_large,recon,adaround,N-default--w-fp6_e2m3--a-fp6_e2m3--default,N-default--w-int6--a-int6--default,58.425,20.995202,0.483395,0.323129,-37.429798,-40.447373,-34.473179,-37.6,0.0,420,,,,,,,True
mobilenet_v3_large,recon,adaround,N-default--w-fp6_e2m3--a-fp6_e2m3--default,N-default--w-int8--a-int8--default,58.425,71.6,0.55902,0.596726,13.175,10.683333,15.733333,13.0,0.0,198,18.016667,15.35,20.750208,17.1,0.0,247,True
mobilenet_v3_large,recon,adaround,N-default--w-fp6_e2m3--a-fp6_e2m3--default,N-default--w-posit8_es1--a-posit8_es1--default,58.425,73.358333,0.56492,0.616265,14.933333,12.5,17.4,14.3,0.0,191,24.575,21.916667,27.358333,24.3,0.0,283,True
mobilenet_v3_large,recon,adaround,N-default--w-fp6_e2m3--a-fp6_e2m3--default,N-minimal--w-fp6_e2m3--a-fp6_e2m3--minimal,58.425,36.766667,0.543964,0.448819,-21.658333,-24.658542,-18.716458,-20.6,0.0,306,,,,,,,True
mobilenet_v3_large,recon,adaround,N-default--w-fp6_e2m3--a-fp6_e2m3--default,N-minimal--w-int8--a-int8--minimal,58.425,70.15,0.580574,0.610974,11.725,9.25,14.175,11.4,0.0,190,16.65,13.925,19.4,15.8,0.0,248,True
mobilenet_v3_large,recon,adaround,N-default--w-fp6_e2m3--a-fp6_e2m3--default,N-nobc--w-fp6_e2m3--a-fp6_e2m3--default_no_bias_correction,58.425,34.808333,0.544267,0.449317,-23.616667,-26.566667,-20.691667,-23.4,0.0,314,,,,,,,True
mobilenet_v3_large,recon,adaround,N-default--w-fp6_e2m3--a-fp6_e2m3--default,N-nobc--w-int8--a-int8--default_no_bias_correction,58.425,70.5,0.561674,0.592435,12.075,9.533333,14.641875,12.1,0.0,199,16.716667,13.975,19.45875,16.1,0.0,249,True
mobilenet_v3_large,recon,adaround,N-default--w-fp6_e2m3--a-fp6_e2m3--default,N-nobc--w-posit8_es1--a-posit8_es1--default_no_bias_correction,58.425,74.8,0.511312,0.564912,16.375,13.866667,18.9,16.2,0.0,216,27.658333,24.991458,30.358333,27.3,0.0,303,True
mobilenet_v3_large,recon,adaround,N-default--w-int4--a-int8--default,N-default--w-int6--a-int6--default,48.75,20.995202,0.575061,0.352215,-27.754798,-30.782433,-24.688833,-28.1,0.0,351,,,,,,,True
mobilenet_v3_large,recon,adaround,N-default--w-int4--a-int8--default,N-default--w-int8--a-int8--default,48.75,71.6,0.483209,0.503629,22.85,19.966667,25.733333,22.5,0.0,277,30.3,27.266667,33.35,29.9,0.0,343,True
mobilenet_v3_large,recon,adaround,N-default--w-int4--a-int8--default,N-default--w-posit8_es1--a-posit8_es1--default,48.75,73.358333,0.481061,0.518228,24.608333,21.816667,27.4,23.8,0.0,274,36.858333,33.908333,39.833333,37.1,0.0,383,True
mobilenet_v3_large,recon,adaround,N-default--w-int4--a-int8--default,N-minimal--w-fp6_e2m3--a-fp6_e2m3--minimal,48.75,36.766667,0.611111,0.463012,-11.983333,-14.983542,-8.925,-11.1,0.0,273,,,,,,,True
mobilenet_v3_large,recon,adaround,N-default--w-int4--a-int8--default,N-minimal--w-int8--a-int8--minimal,48.75,70.15,0.501852,0.512384,21.4,18.483333,24.25,20.9,0.0,269,28.933333,25.75,32.016667,28.6,0.0,342,True
mobilenet_v3_large,recon,adaround,N-default--w-int4--a-int8--default,N-nobc--w-fp6_e2m3--a-fp6_e2m3--default_no_bias_correction,48.75,34.808333,0.603043,0.440121,-13.941667,-16.991875,-10.883333,-13.9,0.0,287,,,,,,,True
mobilenet_v3_large,recon,adaround,N-default--w-int4--a-int8--default,N-nobc--w-int8--a-int8--default_no_bias_correction,48.75,70.5,0.483395,0.49203,21.75,18.833333,24.650417,21.6,0.0,280,29.0,25.866667,32.116667,28.9,0.0,353,True
mobilenet_v3_large,recon,adaround,N-default--w-int4--a-int8--default,N-nobc--w-posit8_es1--a-posit8_es1--default_no_bias_correction,48.75,74.8,0.43152,0.46461,26.05,23.133333,29.0,25.7,0.0,303,39.941667,36.908125,42.966667,40.1,0.0,423,True
mobilenet_v3_large,recon,adaround,N-default--w-int6--a-int6--default,N-default--w-int8--a-int8--default,20.995202,71.6,0.339975,0.25915,50.604798,47.522011,53.665698,50.6,0.0,530,,,,,,,True
mobilenet_v3_large,recon,adaround,N-default--w-int6--a-int6--default,N-default--w-posit8_es1--a-posit8_es1--default,20.995202,73.358333,0.327091,0.258928,52.363131,49.331797,55.343957,51.9,0.0,539,,,,,,,True
mobilenet_v3_large,recon,adaround,N-default--w-int6--a-int6--default,N-minimal--w-fp6_e2m3--a-fp6_e2m3--minimal,20.995202,36.766667,0.649533,0.328454,15.771465,12.809058,18.789001,17.0,0.0,300,,,,,,,True
mobilenet_v3_large,recon,adaround,N-default--w-int6--a-int6--default,N-minimal--w-int8--a-int8--minimal,20.995202,70.15,0.35316,0.25152,49.154798,46.044863,52.230997,49.0,0.0,522,,,,,,,True
mobilenet_v3_large,recon,adaround,N-default--w-int6--a-int6--default,N-nobc--w-fp6_e2m3--a-fp6_e2m3--default_no_bias_correction,20.995202,34.808333,0.670534,0.333097,13.813131,10.951384,16.736915,14.2,0.0,284,,,,,,,True
mobilenet_v3_large,recon,adaround,N-default--w-int6--a-int6--default,N-nobc--w-int8--a-int8--default_no_bias_correction,20.995202,70.5,0.349502,0.261529,49.504798,46.387059,52.55237,49.7,0.0,523,,,,,,,True
mobilenet_v3_large,recon,adaround,N-default--w-int6--a-int6--default,N-nobc--w-posit8_es1--a-posit8_es1--default_no_bias_correction,20.995202,74.8,0.296894,0.219943,53.804798,50.758852,56.868251,53.8,0.0,566,,,,,,,True
mobilenet_v3_large,recon,adaround,N-default--w-int8--a-int8--default,N-default--w-posit8_es1--a-posit8_es1--default,71.6,73.358333,0.672673,0.72921,1.758333,-0.183333,3.7,1.3,0.250282,109,6.558333,4.283333,8.908542,7.2,0.0,158,True
mobilenet_v3_large,recon,adaround,N-default--w-int8--a-int8--default,N-minimal--w-fp6_e2m3--a-fp6_e2m3--minimal,71.6,36.766667,0.411215,0.397332,-34.833333,-37.933542,-31.75,-33.6,0.0,378,,,,,,,True
mobilenet_v3_large,recon,adaround,N-default--w-int8--a-int8--default,N-minimal--w-int8--a-int8--minimal,71.6,70.15,0.723529,0.773759,-1.45,-3.35,0.4,-1.6,0.121371,94,-1.366667,-3.566667,0.783333,-1.3,0.279199,123,True
mobilenet_v3_large,recon,adaround,N-default--w-int8--a-int8--default,N-nobc--w-fp6_e2m3--a-fp6_e2m3--default_no_bias_correction,71.6,34.808333,0.39403,0.366833,-36.791667,-39.883333,-33.65,-36.4,0.0,406,,,,,,,True
mobilenet_v3_large,recon,adaround,N-default--w-int8--a-int8--default,N-nobc--w-int8--a-int8--default_no_bias_correction,71.6,70.5,0.759878,0.808176,-1.1,-2.85,0.6,-0.9,0.368188,79,-1.3,-3.3,0.7,-1.0,0.390927,110,True
mobilenet_v3_large,recon,adaround,N-default--w-int8--a-int8--default,N-nobc--w-posit8_es1--a-posit8_es1--default_no_bias_correction,71.6,74.8,0.68652,0.748533,3.2,1.4,4.966667,3.2,0.00179,100,9.641667,7.483333,11.833333,10.2,0.0,154,True
mobilenet_v3_large,recon,adaround,N-default--w-posit8_es1--a-posit8_es1--default,N-minimal--w-fp6_e2m3--a-fp6_e2m3--minimal,73.358333,36.766667,0.399687,0.398774,-36.591667,-39.658333,-33.558125,-34.9,0.0,383,,,,,,,True
mobilenet_v3_large,recon,adaround,N-default--w-posit8_es1--a-posit8_es1--default,N-minimal--w-int8--a-int8--minimal,73.358333,70.15,0.705357,0.760008,-3.208333,-5.05,-1.366667,-2.9,0.004641,99,-7.925,-10.291667,-5.675,-8.5,0.0,157,True
mobilenet_v3_large,recon,adaround,N-default--w-posit8_es1--a-posit8_es1--default,N-nobc--w-fp6_e2m3--a-fp6_e2m3--default_no_bias_correction,73.358333,34.808333,0.387048,0.378895,-38.55,-41.616667,-35.424792,-37.7,0.0,407,,,,,,,True
mobilenet_v3_large,recon,adaround,N-default--w-posit8_es1--a-posit8_es1--default,N-nobc--w-int8--a-int8--default_no_bias_correction,73.358333,70.5,0.6997,0.754842,-2.858333,-4.708542,-1.058333,-2.2,0.0352,100,-7.858333,-10.183333,-5.616458,-8.2,0.0,156,True
mobilenet_v3_large,recon,adaround,N-default--w-posit8_es1--a-posit8_es1--default,N-nobc--w-posit8_es1--a-posit8_es1--default_no_bias_correction,73.358333,74.8,0.797945,0.848712,1.441667,0.2,2.733333,1.9,0.018337,59,3.083333,1.458333,4.716875,3.0,0.002879,96,True
mobilenet_v3_large,recon,adaround,N-minimal--w-fp6_e2m3--a-fp6_e2m3--minimal,N-minimal--w-int8--a-int8--minimal,36.766667,70.15,0.442879,0.431759,33.383333,30.433333,36.391667,32.0,0.0,356,,,,,,,True
mobilenet_v3_large,recon,adaround,N-minimal--w-fp6_e2m3--a-fp6_e2m3--minimal,N-nobc--w-fp6_e2m3--a-fp6_e2m3--default_no_bias_correction,36.766667,34.808333,0.749311,0.608819,-1.958333,-4.308333,0.400208,-2.8,0.045055,182,,,,,,,True
mobilenet_v3_large,recon,adaround,N-minimal--w-fp6_e2m3--a-fp6_e2m3--minimal,N-nobc--w-int8--a-int8--default_no_bias_correction,36.766667,70.5,0.423017,0.404597,33.733333,30.641667,36.775,32.7,0.0,371,,,,,,,True
mobilenet_v3_large,recon,adaround,N-minimal--w-fp6_e2m3--a-fp6_e2m3--minimal,N-nobc--w-posit8_es1--a-posit8_es1--default_no_bias_correction,36.766667,74.8,0.372057,0.378783,38.033333,34.95,41.125208,36.8,0.0,400,,,,,,,True
mobilenet_v3_large,recon,adaround,N-minimal--w-int8--a-int8--minimal,N-nobc--w-fp6_e2m3--a-fp6_e2m3--default_no_bias_correction,70.15,34.808333,0.422156,0.3958,-35.341667,-38.375208,-32.233125,-34.8,0.0,386,,,,,,,True
mobilenet_v3_large,recon,adaround,N-minimal--w-int8--a-int8--minimal,N-nobc--w-int8--a-int8--default_no_bias_correction,70.15,70.5,0.830769,0.868547,0.35,-1.05,1.8,0.7,0.418754,55,0.066667,-1.616667,1.816667,0.3,0.819893,77,True
mobilenet_v3_large,recon,adaround,N-minimal--w-int8--a-int8--minimal,N-nobc--w-posit8_es1--a-posit8_es1--default_no_bias_correction,70.15,74.8,0.69419,0.756474,4.65,2.883333,6.467083,4.8,2e-06,100,11.008333,8.866667,13.258542,11.5,0.0,159,True
mobilenet_v3_large,recon,adaround,N-nobc--w-fp6_e2m3--a-fp6_e2m3--default_no_bias_correction,N-nobc--w-int8--a-int8--default_no_bias_correction,34.808333,70.5,0.409567,0.382596,35.691667,32.566458,38.725,35.5,0.0,395,,,,,,,True
mobilenet_v3_large,recon,adaround,N-nobc--w-fp6_e2m3--a-fp6_e2m3--default_no_bias_correction,N-nobc--w-posit8_es1--a-posit8_es1--default_no_bias_correction,34.808333,74.8,0.350299,0.336417,39.991667,36.908333,43.083333,39.6,0.0,434,,,,,,,True
mobilenet_v3_large,recon,adaround,N-nobc--w-int8--a-int8--default_no_bias_correction,N-nobc--w-posit8_es1--a-posit8_es1--default_no_bias_correction,70.5,74.8,0.688272,0.750369,4.3,2.5,6.133333,4.1,5.5e-05,101,10.941667,8.775,13.166667,11.2,0.0,160,True
resnet18,recon,adaround,L-A32--w-fp6_e2m3--a-fp32--mse_per_channel--fit-mse_per_channel-fp32in-s0,L-A32--w-int4--a-fp32--mse_per_channel--fit-mse_per_channel-fp32in-s0,70.6,70.5,0.858044,0.89171,-0.1,-1.4,1.2,-0.1,1.0,45,-5.3,-7.0,-3.7,-5.3,0.0,77,True
resnet18,recon,adaround,L-A32--w-fp6_e2m3--a-fp32--mse_per_channel--fit-mse_per_channel-fp32in-s0,L-A32--w-int4--a-fp32--mse_per_layer--fit-mse_per_layer-fp32in-s0,70.6,69.5,0.793413,0.835868,-1.1,-2.7,0.5,-1.1,0.2284,69,-9.8,-12.0,-7.8,-9.8,0.0,124,True
resnet18,recon,adaround,L-A32--w-fp6_e2m3--a-fp32--mse_per_channel--fit-mse_per_channel-fp32in-s0,L-A32--w-int4--a-fp32--mse_per_layer--fit-mse_per_layer-fp32in-s1,70.6,68.8,0.808955,0.849307,-1.8,-3.3,-0.2,-1.8,0.032766,64,-10.3,-12.5,-8.2,-10.3,0.0,127,True
resnet18,recon,adaround,L-A32--w-fp6_e2m3--a-fp32--mse_per_channel--fit-mse_per_channel-fp32in-s0,L-A32--w-int4--a-fp32--mse_per_layer--fit-mse_per_layer-fp32in-s2,70.6,69.3,0.799401,0.841062,-1.3,-2.9,0.3,-1.3,0.142071,67,-10.1,-12.3,-8.0,-10.1,0.0,127,True
resnet18,recon,adaround,L-A32--w-fp6_e2m3--a-fp32--mse_per_channel--fit-mse_per_channel-fp32in-s0,L-A32--w-int6--a-fp32--mse_per_channel--fit-mse_per_channel-fp32in-s0,70.6,69.5,0.938511,0.955053,-1.1,-2.0,-0.3,-1.1,0.019211,19,0.2,-0.9,1.3,0.2,0.864166,34,True
resnet18,recon,adaround,L-A32--w-fp6_e2m3--a-fp32--mse_per_channel--fit-mse_per_channel-fp32in-s0,L-A32--w-int8--a-fp32--mse_per_channel--fit-mse_per_channel-fp32in-s0,70.6,69.9,0.957237,0.969036,-0.7,-1.4,0.0,-0.7,0.092285,13,1.5,0.6,2.5,1.5,0.002599,23,True
resnet18,recon,adaround,L-A32--w-fp6_e2m3--a-fp32--mse_per_channel--fit-mse_per_channel-fp32in-s0,L-A32--w-posit8_es1--a-fp32--mse_per_channel--fit-mse_per_channel-fp32in-s0,70.6,70.0,0.947541,0.961785,-0.6,-1.4,0.2,-0.6,0.210114,16,2.0,1.1,3.0,2.0,8.8e-05,26,True
resnet18,recon,adaround,L-A32--w-fp6_e2m3--a-fp32--mse_per_channel--fit-mse_per_channel-fp32in-s0,L-bc--w-fp6_e2m3--a-fp6_e2m3--default--fit-mse_per_channel-fp32in-s0,70.6,67.836667,0.794203,0.836271,-2.763333,-4.223375,-1.338333,-3.1,0.000303,71,-12.504881,-14.421473,-10.660696,,,,True
resnet18,recon,adaround,L-A32--w-fp6_e2m3--a-fp32--mse_per_channel--fit-mse_per_channel-fp32in-s0,L-bc--w-int4--a-int8--default--fit-mse_per_channel-fp32in-s0,70.6,67.758333,0.809384,0.849764,-2.841667,-4.45,-1.291667,-2.9,0.000422,65,-10.241667,-12.241667,-8.258125,-9.5,0.0,119,True
resnet18,recon,adaround,L-A32--w-fp6_e2m3--a-fp32--mse_per_channel--fit-mse_per_channel-fp32in-s0,L-bc--w-int6--a-int6--default--fit-mse_per_channel-fp32in-s0,70.6,68.125,0.802899,0.844196,-2.475,-3.8,-1.175,-3.4,4.5e-05,68,-9.026667,-10.76,-7.351667,,,,True
resnet18,recon,adaround,L-A32--w-fp6_e2m3--a-fp32--mse_per_channel--fit-mse_per_channel-fp32in-s0,L-bc--w-int8--a-int8--default--fit-mse_per_channel-fp32in-s0,70.6,69.533333,0.929487,0.948255,-1.066667,-1.85,-0.316667,-1.4,0.004344,22,-0.633333,-1.683333,0.433333,-0.6,0.417692,38,True
resnet18,recon,adaround,L-A32--w-fp6_e2m3--a-fp32--mse_per_channel--fit-mse_per_channel-fp32in-s0,L-bc--w-posit8_es1--a-posit8_es1--default--fit-mse_per_channel-fp32in-s0,70.6,69.553333,0.871875,0.902612,-1.046667,-2.113333,0.003417,-1.1,0.117275,41,-4.455,-5.733333,-3.21,-3.4,3.3e-05,66,True
resnet18,recon,adaround,L-A32--w-fp6_e2m3--a-fp32--mse_per_channel--fit-mse_per_channel-fp32in-s0,L-nobc--w-fp6_e2m3--a-fp6_e2m3--default_no_bias_correction--fit-mse_per_channel-fp32in-s0,70.6,67.656667,0.751397,0.796863,-2.943333,-4.373333,-1.538333,-3.9,4.3e-05,89,-11.8,-13.555,-10.079958,,,,True
resnet18,recon,adaround,L-A32--w-fp6_e2m3--a-fp32--mse_per_channel--fit-mse_per_channel-fp32in-s0,L-nobc--w-int4--a-int4--default_no_bias_correction--fit-mse_per_channel-fp32in-s0,70.6,24.825755,0.341371,0.230612,-45.774245,-48.5464,-42.941098,-46.9,0.0,519,,,,,,,True
resnet18,recon,adaround,L-A32--w-fp6_e2m3--a-fp32--mse_per_channel--fit-mse_per_channel-fp32in-s0,L-nobc--w-int4--a-int8--default_no_bias_correction--fit-mse_per_channel-fp32in-s0,70.6,70.433333,0.865204,0.897258,-0.166667,-1.416667,1.1,-0.7,0.360378,43,-5.8,-7.45,-4.19875,-5.6,0.0,80,True
resnet18,recon,adaround,L-A32--w-fp6_e2m3--a-fp32--mse_per_channel--fit-mse_per_channel-fp32in-s0,L-nobc--w-int4--a-int8--default_no_bias_correction--mse_per_layer--fit-mse_per_layer-fp32in-s0,70.6,69.4,0.789941,0.832482,-1.2,-2.75,0.333333,-1.7,0.056815,71,-10.5,-12.633333,-8.5,-11.0,0.0,134,True
resnet18,recon,adaround,L-A32--w-fp6_e2m3--a-fp32--mse_per_channel--fit-mse_per_channel-fp32in-s0,L-nobc--w-int4--a-int8--default_no_bias_correction--mse_per_layer--fit-mse_per_layer-fp32in-s1,70.6,68.6,0.807692,0.848161,-2.0,-3.5,-0.5,-2.3,0.005918,65,-10.75,-12.85,-8.75,-11.0,0.0,130,True
resnet18,recon,adaround,L-A32--w-fp6_e2m3--a-fp32--mse_per_channel--fit-mse_per_channel-fp32in-s0,L-nobc--w-int4--a-int8--default_no_bias_correction--mse_per_layer--fit-mse_per_layer-fp32in-s2,70.6,69.4,0.782991,0.826133,-1.2,-2.733333,0.35,-2.0,0.026517,74,-10.666667,-12.783333,-8.566667,-11.2,0.0,138,True
resnet18,recon,adaround,L-A32--w-fp6_e2m3--a-fp32--mse_per_channel--fit-mse_per_channel-fp32in-s0,L-nobc--w-int6--a-int6--default_no_bias_correction--fit-mse_per_channel-fp32in-s0,70.6,65.981667,0.742466,0.788679,-4.618333,-6.195,-3.06,-4.8,1e-06,94,-11.51,-13.356708,-9.711625,,,,True
resnet18,recon,adaround,L-A32--w-fp6_e2m3--a-fp32--mse_per_channel--fit-mse_per_channel-fp32in-s0,L-nobc--w-int8--a-int8--default_no_bias_correction--fit-mse_per_channel-fp32in-s0,70.6,69.666667,0.916667,0.938251,-0.933333,-1.766667,-0.149583,-1.0,0.075519,26,-1.316667,-2.383333,-0.266667,-1.6,0.01952,42,True
resnet18,recon,adaround,L-A32--w-fp6_e2m3--a-fp32--mse_per_channel--fit-mse_per_channel-fp32in-s0,L-nobc--w-posit8_es1--a-posit8_es1--default_no_bias_correction--fit-mse_per_channel-fp32in-s0,70.6,68.975,0.876161,0.906158,-1.625,-2.691667,-0.566667,-1.8,0.006427,40,-4.463333,-5.791708,-3.171667,-3.8,4e-06,68,True
resnet18,recon,adaround,L-A32--w-fp6_e2m3--a-fp32--mse_per_channel--fit-mse_per_channel-fp32in-s0,LQ-bc--w-int6--a-int6--default--fit-mse_per_channel-b2in-int6-s0,70.6,68.125,0.812865,0.85296,-2.475,-3.725208,-1.258333,-3.2,7.7e-05,64,-8.365714,-9.994089,-6.744048,,,,True
resnet18,recon,adaround,L-A32--w-fp6_e2m3--a-fp32--mse_per_channel--fit-mse_per_channel-fp32in-s0,LQ-nobc--w-int4--a-int4--default_no_bias_correction--fit-mse_per_channel-b2in-int4-s0,70.6,27.757018,0.360852,0.280999,-42.842982,-45.581142,-40.090665,-43.4,0.0,480,,,,,,,True
resnet18,recon,adaround,L-A32--w-fp6_e2m3--a-fp32--mse_per_channel--fit-mse_per_channel-fp32in-s0,LQ-nobc--w-int6--a-int6--default_no_bias_correction--fit-mse_per_channel-b2in-int6-s0,70.6,65.953333,0.766854,0.811542,-4.646667,-6.108333,-3.191667,-4.1,8e-06,83,-10.451667,-12.175,-8.751625,,,,True
resnet18,recon,adaround,L-A32--w-fp6_e2m3--a-fp32--mse_per_channel--fit-mse_per_channel-fp32in-s0,N-A32--w-fp6_e2m3--a-fp32--mse_per_channel,70.6,69.8,0.904153,0.928472,-0.8,-1.9,0.3,-0.8,0.200488,30,-3.0,-4.5,-1.5,-3.0,0.0001,58,True
resnet18,recon,adaround,L-A32--w-fp6_e2m3--a-fp32--mse_per_channel--fit-mse_per_channel-fp32in-s0,N-A32--w-int4--a-fp32--mse_per_channel,70.6,53.9,0.569647,0.609709,-16.7,-19.3,-14.1,-16.7,0.0,207,-34.4,-37.4,-31.4,-34.4,0.0,356,True
resnet18,recon,adaround,L-A32--w-fp6_e2m3--a-fp32--mse_per_channel--fit-mse_per_channel-fp32in-s0,N-A32--w-int4--a-fp32--mse_per_layer,70.6,19.0,0.346341,0.256589,-51.6,-54.8,-48.4,-51.6,0.0,536,-77.1,-79.7025,-74.5,-77.1,0.0,775,True
resnet18,recon,adaround,L-A32--w-fp6_e2m3--a-fp32--mse_per_channel--fit-mse_per_channel-fp32in-s0,N-A32--w-int6--a-fp32--mse_per_channel,70.6,69.4,0.886792,0.914674,-1.2,-2.4,-0.1,-1.2,0.065245,36,-5.0,-6.7,-3.4,-5.0,0.0,76,True
resnet18,recon,adaround,L-A32--w-fp6_e2m3--a-fp32--mse_per_channel--fit-mse_per_channel-fp32in-s0,N-A32--w-int8--a-fp32--mse_per_channel,70.6,69.0,0.91746,0.939024,-1.6,-2.6,-0.6,-1.6,0.002494,26,-0.6,-1.8,0.6,-0.6,0.417692,38,True
resnet18,recon,adaround,L-A32--w-fp6_e2m3--a-fp32--mse_per_channel--fit-mse_per_channel-fp32in-s0,N-A32--w-posit8_es1--a-fp32--mse_per_channel,70.6,69.8,0.935065,0.952376,-0.8,-1.7,0.0,-0.8,0.115318,20,-0.7,-1.8,0.4025,-0.7,0.310505,35,True
resnet18,recon,adaround,L-A32--w-fp6_e2m3--a-fp32--mse_per_channel--fit-mse_per_channel-fp32in-s0,N-default--w-fp6_e2m3--a-fp6_e2m3--default,70.6,66.656667,0.753501,0.798835,-3.943333,-5.571708,-2.376667,-3.8,6.3e-05,88,,,,,,,True
resnet18,recon,adaround,L-A32--w-fp6_e2m3--a-fp32--mse_per_channel--fit-mse_per_channel-fp32in-s0,N-default--w-int6--a-int6--default,70.6,65.891667,0.739837,0.786527,-4.708333,-6.416667,-3.033333,-5.4,0.0,96,,,,,,,True
resnet18,recon,adaround,L-A32--w-fp6_e2m3--a-fp32--mse_per_channel--fit-mse_per_channel-fp32in-s0,N-default--w-int8--a-int8--default,70.6,69.216667,0.924051,0.944366,-1.383333,-2.216667,-0.6,-2.0,3.6e-05,24,-1.308333,-2.35,-0.225,-1.4,0.033552,38,True
resnet18,recon,adaround,L-A32--w-fp6_e2m3--a-fp32--mse_per_channel--fit-mse_per_channel-fp32in-s0,N-default--w-posit8_es1--a-posit8_es1--default,70.6,69.633333,0.884375,0.912757,-0.966667,-2.016667,0.05,-1.5,0.020074,37,-4.6,-5.933333,-3.275,,,,True
resnet18,recon,adaround,L-A32--w-fp6_e2m3--a-fp32--mse_per_channel--fit-mse_per_channel-fp32in-s0,N-minimal--w-fp6_e2m3--a-fp6_e2m3--minimal,70.6,68.000952,0.743017,0.788796,-2.599048,-4.132381,-1.049976,-3.6,0.000223,92,-13.495714,-15.460738,-11.571619,,,,True
resnet18,recon,adaround,L-A32--w-fp6_e2m3--a-fp32--mse_per_channel--fit-mse_per_channel-fp32in-s0,N-minimal--w-int4--a-int4--minimal,70.6,17.139623,0.32619,0.188079,-53.460377,-56.37586,-50.510964,-52.6,0.0,566,,,,,,,True
resnet18,recon,adaround,L-A32--w-fp6_e2m3--a-fp32--mse_per_channel--fit-mse_per_channel-fp32in-s0,N-minimal--w-int4--a-int8--minimal,70.6,46.483333,0.450877,0.44126,-24.116667,-27.2,-21.033333,-23.9,0.0,313,-48.65,-51.766667,-45.6,-48.3,0.0,495,True
resnet18,recon,adaround,L-A32--w-fp6_e2m3--a-fp32--mse_per_channel--fit-mse_per_channel-fp32in-s0,N-minimal--w-int6--a-int6--minimal,70.6,65.831667,0.692308,0.738658,-4.768333,-6.555,-3.001667,-5.0,4e-06,116,-15.426667,-17.578375,-13.259958,,,,True
resnet18,recon,adaround,L-A32--w-fp6_e2m3--a-fp32--mse_per_channel--fit-mse_per_channel-fp32in-s0,N-minimal--w-int8--a-int8--minimal,70.6,69.72,0.898734,0.9242,-0.88,-1.880083,0.090083,-1.2,0.050102,32,-2.38,-3.61,-1.143333,-2.1,0.003802,49,True
resnet18,recon,adaround,L-A32--w-fp6_e2m3--a-fp32--mse_per_channel--fit-mse_per_channel-fp32in-s0,N-nobc--w-fp6_e2m3--a-fp6_e2m3--default_no_bias_correction,70.6,67.978333,0.755618,0.800814,-2.621667,-4.071667,-1.2,-3.7,9.1e-05,87,,,,,,,True
resnet18,recon,adaround,L-A32--w-fp6_e2m3--a-fp32--mse_per_channel--fit-mse_per_channel-fp32in-s0,N-nobc--w-int4--a-int4--default_no_bias_correction,70.6,27.783477,0.369064,0.300446,-42.816523,-45.660649,-39.989487,-42.1,0.0,465,,,,,,,True
resnet18,recon,adaround,L-A32--w-fp6_e2m3--a-fp32--mse_per_channel--fit-mse_per_channel-fp32in-s0,N-nobc--w-int4--a-int8--default_no_bias_correction,70.6,53.466667,0.569358,0.609952,-17.133333,-19.650417,-14.583333,-17.0,0.0,208,-34.841667,-37.758542,-31.916667,-34.7,0.0,357,True
resnet18,recon,adaround,L-A32--w-fp6_e2m3--a-fp32--mse_per_channel--fit-mse_per_channel-fp32in-s0,N-nobc--w-int4--a-int8--default_no_bias_correction--mse_per_layer,70.6,18.983333,0.343484,0.246549,-51.616667,-54.783333,-48.433333,-51.5,0.0,539,-77.241667,-79.808333,-74.699792,-77.0,0.0,774,True
resnet18,recon,adaround,L-A32--w-fp6_e2m3--a-fp32--mse_per_channel--fit-mse_per_channel-fp32in-s0,N-nobc--w-int6--a-int6--default_no_bias_correction,70.6,66.503333,0.729282,0.775531,-4.096667,-5.716667,-2.525,-3.8,0.000156,98,-13.138333,-15.165042,-11.241667,,,,True
resnet18,recon,adaround,L-A32--w-fp6_e2m3--a-fp32--mse_per_channel--fit-mse_per_channel-fp32in-s0,N-nobc--w-int8--a-int8--default_no_bias_correction,70.6,69.316667,0.911392,0.934278,-1.283333,-2.166667,-0.466667,-1.6,0.003719,28,-1.733333,-2.866667,-0.6,-1.8,0.011352,46,True
resnet18,recon,adaround,L-A32--w-fp6_e2m3--a-fp32--mse_per_channel--fit-mse_per_channel-fp32in-s0,N-nobc--w-posit8_es1--a-posit8_es1--default_no_bias_correction,70.6,69.241667,0.880878,0.909911,-1.358333,-2.416667,-0.358333,-1.2,0.072951,38,-4.85,-6.208333,-3.533333,,,,True
resnet18,recon,adaround,L-A32--w-int4--a-fp32--mse_per_channel--fit-mse_per_channel-fp32in-s0,L-A32--w-int4--a-fp32--mse_per_layer--fit-mse_per_layer-fp32in-s0,70.5,69.5,0.823708,0.862166,-1.0,-2.5,0.5,-1.0,0.237047,58,-4.5,-6.5,-2.6,-4.5,9e-06,101,True
resnet18,recon,adaround,L-A32--w-int4--a-fp32--mse_per_channel--fit-mse_per_channel-fp32in-s0,L-A32--w-int4--a-fp32--mse_per_layer--fit-mse_per_layer-fp32in-s1,70.5,68.8,0.839394,0.875388,-1.7,-3.2,-0.3,-1.7,0.027008,53,-5.0,-6.9,-3.1,-5.0,0.0,98,True
resnet18,recon,adaround,L-A32--w-int4--a-fp32--mse_per_channel--fit-mse_per_channel-fp32in-s0,L-A32--w-int4--a-fp32--mse_per_layer--fit-mse_per_layer-fp32in-s2,70.5,69.3,0.807808,0.848279,-1.2,-2.8,0.3,-1.2,0.168643,64,-4.8,-6.8,-2.8,-4.8,2e-06,102,True
resnet18,recon,adaround,L-A32--w-int4--a-fp32--mse_per_channel--fit-mse_per_channel-fp32in-s0,L-A32--w-int6--a-fp32--mse_per_channel--fit-mse_per_channel-fp32in-s0,70.5,69.5,0.851852,0.885979,-1.0,-2.4,0.3,-1.0,0.193413,48,5.5,3.8,7.2,5.5,0.0,81,True
resnet18,recon,adaround,L-A32--w-int4--a-fp32--mse_per_channel--fit-mse_per_channel-fp32in-s0,L-A32--w-int8--a-fp32--mse_per_channel--fit-mse_per_channel-fp32in-s0,70.5,69.9,0.874214,0.904493,-0.6,-1.9,0.6,-0.6,0.429591,40,6.8,5.2,8.4,6.8,0.0,72,True
resnet18,recon,adaround,L-A32--w-int4--a-fp32--mse_per_channel--fit-mse_per_channel-fp32in-s0,L-A32--w-posit8_es1--a-fp32--mse_per_channel--fit-mse_per_channel-fp32in-s0,70.5,70.0,0.865204,0.897193,-0.5,-1.8,0.8,-0.5,0.542384,43,7.3,5.7,9.0,7.3,0.0,79,True
resnet18,recon,adaround,L-A32--w-int4--a-fp32--mse_per_channel--fit-mse_per_channel-fp32in-s0,L-bc--w-fp6_e2m3--a-fp6_e2m3--default--fit-mse_per_channel-fp32in-s0,70.5,67.836667,0.766382,0.810514,-2.663333,-4.240083,-1.141583,-3.0,0.00122,82,-7.204881,-9.284667,-5.136277,,,,True
resnet18,recon,adaround,L-A32--w-int4--a-fp32--mse_per_channel--fit-mse_per_channel-fp32in-s0,L-bc--w-int4--a-int8--default--fit-mse_per_channel-fp32in-s0,70.5,67.758333,0.844776,0.880233,-2.741667,-4.125,-1.433125,-2.8,0.000128,52,-4.941667,-6.683333,-3.241458,-4.2,5e-06,84,True
resnet18,recon,adaround,L-A32--w-int4--a-fp32--mse_per_channel--fit-mse_per_channel-fp32in-s0,L-bc--w-int6--a-int6--default--fit-mse_per_channel-fp32in-s0,70.5,68.125,0.79023,0.832488,-2.375,-3.866667,-0.975,-3.3,0.000142,73,-3.726667,-5.63,-1.885,,,,True
resnet18,recon,adaround,L-A32--w-int4--a-fp32--mse_per_channel--fit-mse_per_channel-fp32in-s0,L-bc--w-int8--a-int8--default--fit-mse_per_channel-fp32in-s0,70.5,69.533333,0.861111,0.893608,-0.966667,-2.2,0.233333,-1.3,0.072454,45,4.666667,3.183333,6.233333,4.7,0.0,71,True
resnet18,recon,adaround,L-A32--w-int4--a-fp32--mse_per_channel--fit-mse_per_channel-fp32in-s0,L-bc--w-posit8_es1--a-posit8_es1--default--fit-mse_per_channel-fp32in-s0,70.5,69.553333,0.818182,0.857403,-0.946667,-2.3,0.373333,-1.0,0.245061,60,0.845,-0.88,2.576708,1.9,0.072757,101,True
resnet18,recon,adaround,L-A32--w-int4--a-fp32--mse_per_channel--fit-mse_per_channel-fp32in-s0,L-nobc--w-fp6_e2m3--a-fp6_e2m3--default_no_bias_correction--fit-mse_per_channel-fp32in-s0,70.5,67.656667,0.739612,0.785221,-2.843333,-4.355125,-1.36,-3.8,0.000111,94,-6.5,-8.45,-4.531667,,,,True
resnet18,recon,adaround,L-A32--w-int4--a-fp32--mse_per_channel--fit-mse_per_channel-fp32in-s0,L-nobc--w-int4--a-int4--default_no_bias_correction--fit-mse_per_channel-fp32in-s0,70.5,24.825755,0.34264,0.231606,-45.674245,-48.434243,-42.742415,-46.8,0.0,518,,,,,,,True
resnet18,recon,adaround,L-A32--w-int4--a-fp32--mse_per_channel--fit-mse_per_channel-fp32in-s0,L-nobc--w-int4--a-int8--default_no_bias_correction--fit-mse_per_channel-fp32in-s0,70.5,70.433333,0.954098,0.966639,-0.066667,-0.566667,0.416667,-0.6,0.179565,14,-0.5,-1.15,0.15,-0.3,0.663624,21,True
resnet18,recon,adaround,L-A32--w-int4--a-fp32--mse_per_channel--fit-mse_per_channel-fp32in-s0,L-nobc--w-int4--a-int8--default_no_bias_correction--mse_per_layer--fit-mse_per_layer-fp32in-s0,70.5,69.4,0.808955,0.849133,-1.1,-2.583333,0.316667,-1.6,0.059941,64,-5.2,-7.083333,-3.35,-5.7,0.0,105,True
resnet18,recon,adaround,L-A32--w-int4--a-fp32--mse_per_channel--fit-mse_per_channel-fp32in-s0,L-nobc--w-int4--a-int8--default_no_bias_correction--mse_per_layer--fit-mse_per_layer-fp32in-s1,70.5,68.6,0.832335,0.869392,-1.9,-3.35,-0.55,-2.2,0.004562,56,-5.45,-7.3,-3.65,-5.7,0.0,103,True
resnet18,recon,adaround,L-A32--w-int4--a-fp32--mse_per_channel--fit-mse_per_channel-fp32in-s0,L-nobc--w-int4--a-int8--default_no_bias_correction--mse_per_layer--fit-mse_per_layer-fp32in-s2,70.5,69.4,0.79646,0.838007,-1.1,-2.683333,0.383333,-1.9,0.029493,69,-5.366667,-7.3,-3.466667,-5.9,0.0,107,True
resnet18,recon,adaround,L-A32--w-int4--a-fp32--mse_per_channel--fit-mse_per_channel-fp32in-s0,L-nobc--w-int6--a-int6--default_no_bias_correction--fit-mse_per_channel-fp32in-s0,70.5,65.981667,0.730978,0.777073,-4.518333,-6.108375,-2.935,-4.7,2e-06,99,-6.21,-8.161708,-4.23,,,,True
resnet18,recon,adaround,L-A32--w-int4--a-fp32--mse_per_channel--fit-mse_per_channel-fp32in-s0,L-nobc--w-int8--a-int8--default_no_bias_correction--fit-mse_per_channel-fp32in-s0,70.5,69.666667,0.866044,0.897738,-0.833333,-2.0,0.35,-0.9,0.222053,43,3.983333,2.45,5.55,3.7,2.9e-05,77,True
resnet18,recon,adaround,L-A32--w-int4--a-fp32--mse_per_channel--fit-mse_per_channel-fp32in-s0,L-nobc--w-posit8_es1--a-posit8_es1--default_no_bias_correction--fit-mse_per_channel-fp32in-s0,70.5,68.975,0.828313,0.865923,-1.525,-2.783333,-0.283333,-1.7,0.033144,57,0.836667,-0.825042,2.558375,1.5,0.15907,99,True
resnet18,recon,adaround,L-A32--w-int4--a-fp32--mse_per_channel--fit-mse_per_channel-fp32in-s0,LQ-bc--w-int6--a-int6--default--fit-mse_per_channel-b2in-int6-s0,70.5,68.125,0.784483,0.827202,-2.375,-3.8,-1.008333,-3.1,0.00045,75,-3.065714,-4.873435,-1.279976,,,,True
resnet18,recon,adaround,L-A32--w-int4--a-fp32--mse_per_channel--fit-mse_per_channel-fp32in-s0,LQ-nobc--w-int4--a-int4--default_no_bias_correction--fit-mse_per_channel-b2in-int4-s0,70.5,27.757018,0.354967,0.262351,-42.742982,-45.506336,-39.965566,-43.3,0.0,487,,,,,,,True
resnet18,recon,adaround,L-A32--w-int4--a-fp32--mse_per_channel--fit-mse_per_channel-fp32in-s0,LQ-nobc--w-int6--a-int6--default_no_bias_correction--fit-mse_per_channel-b2in-int6-s0,70.5,65.953333,0.745152,0.7906,-4.546667,-6.100125,-2.98325,-4.0,3.7e-05,92,-5.151667,-7.088333,-3.226625,,,,True
resnet18,recon,adaround,L-A32--w-int4--a-fp32--mse_per_channel--fit-mse_per_channel-fp32in-s0,N-A32--w-fp6_e2m3--a-fp32--mse_per_channel,70.5,69.8,0.836923,0.873576,-0.7,-2.2,0.7,-0.7,0.410103,53,2.3,0.5,4.1,2.3,0.017828,87,True
resnet18,recon,adaround,L-A32--w-int4--a-fp32--mse_per_channel--fit-mse_per_channel-fp32in-s0,N-A32--w-int4--a-fp32--mse_per_channel,70.5,53.9,0.558763,0.593881,-16.6,-19.3,-14.0,-16.6,0.0,214,-29.1,-32.2,-26.1,-29.1,0.0,317,True
resnet18,recon,adaround,L-A32--w-int4--a-fp32--mse_per_channel--fit-mse_per_channel-fp32in-s0,N-A32--w-int4--a-fp32--mse_per_layer,70.5,19.0,0.347561,0.257398,-51.5,-54.7,-48.3,-51.5,0.0,535,-71.8,-74.7,-68.9,-71.8,0.0,724,True
resnet18,recon,adaround,L-A32--w-int4--a-fp32--mse_per_channel--fit-mse_per_channel-fp32in-s0,N-A32--w-int6--a-fp32--mse_per_channel,70.5,69.4,0.832317,0.869488,-1.1,-2.6,0.3,-1.1,0.177001,55,0.3,-1.6,2.2,0.3,0.839214,97,True
resnet18,recon,adaround,L-A32--w-int4--a-fp32--mse_per_channel--fit-mse_per_channel-fp32in-s0,N-A32--w-int8--a-fp32--mse_per_channel,70.5,69.0,0.861538,0.893955,-1.5,-2.8,-0.2,-1.5,0.035698,45,4.7,3.1,6.4,4.7,0.0,75,True
resnet18,recon,adaround,L-A32--w-int4--a-fp32--mse_per_channel--fit-mse_per_channel-fp32in-s0,N-A32--w-posit8_es1--a-fp32--mse_per_channel,70.5,69.8,0.842593,0.878352,-0.7,-2.1,0.7,-0.7,0.401062,51,4.6,2.9,6.4,4.6,1e-06,86,True
resnet18,recon,adaround,L-A32--w-int4--a-fp32--mse_per_channel--fit-mse_per_channel-fp32in-s0,N-default--w-fp6_e2m3--a-fp6_e2m3--default,70.5,66.656667,0.717808,0.763906,-3.843333,-5.596667,-2.156625,-3.7,0.000341,103,,,,,,,True
resnet18,recon,adaround,L-A32--w-int4--a-fp32--mse_per_channel--fit-mse_per_channel-fp32in-s0,N-default--w-int6--a-int6--default,70.5,65.891667,0.719251,0.765734,-4.608333,-6.35,-2.866667,-5.3,0.0,105,,,,,,,True
resnet18,recon,adaround,L-A32--w-int4--a-fp32--mse_per_channel--fit-mse_per_channel-fp32in-s0,N-default--w-int8--a-int8--default,70.5,69.216667,0.856707,0.889978,-1.283333,-2.583333,-0.05,-1.9,0.007943,47,3.991667,2.425,5.625,3.9,1.3e-05,79,True
resnet18,recon,adaround,L-A32--w-int4--a-fp32--mse_per_channel--fit-mse_per_channel-fp32in-s0,N-default--w-posit8_es1--a-posit8_es1--default,70.5,69.633333,0.835866,0.872425,-0.866667,-2.183333,0.4,-1.4,0.075905,54,0.7,-0.941875,2.366667,,,,True
resnet18,recon,adaround,L-A32--w-int4--a-fp32--mse_per_channel--fit-mse_per_channel-fp32in-s0,N-minimal--w-fp6_e2m3--a-fp6_e2m3--minimal,70.5,68.000952,0.736111,0.781814,-2.499048,-4.074048,-0.921411,-3.5,0.000425,95,-8.195714,-10.225619,-6.216643,,,,True
resnet18,recon,adaround,L-A32--w-int4--a-fp32--mse_per_channel--fit-mse_per_channel-fp32in-s0,N-minimal--w-int4--a-int4--minimal,70.5,17.139623,0.325803,0.183213,-53.360377,-56.293633,-50.387942,-52.5,0.0,567,,,,,,,True
resnet18,recon,adaround,L-A32--w-int4--a-fp32--mse_per_channel--fit-mse_per_channel-fp32in-s0,N-minimal--w-int4--a-int8--minimal,70.5,46.483333,0.445026,0.429691,-24.016667,-27.066667,-20.9,-23.8,0.0,318,-43.35,-46.633333,-40.15,-43.0,0.0,468,True
resnet18,recon,adaround,L-A32--w-int4--a-fp32--mse_per_channel--fit-mse_per_channel-fp32in-s0,N-minimal--w-int6--a-int6--minimal,70.5,65.831667,0.713137,0.75942,-4.668333,-6.471667,-2.909833,-4.9,2e-06,107,-10.126667,-12.28175,-7.996583,,,,True
resnet18,recon,adaround,L-A32--w-int4--a-fp32--mse_per_channel--fit-mse_per_channel-fp32in-s0,N-minimal--w-int8--a-int8--minimal,70.5,69.72,0.843558,0.879005,-0.78,-2.096667,0.513417,-1.1,0.16078,51,2.92,1.236583,4.636667,3.2,0.000846,88,True
resnet18,recon,adaround,L-A32--w-int4--a-fp32--mse_per_channel--fit-mse_per_channel-fp32in-s0,N-nobc--w-fp6_e2m3--a-fp6_e2m3--default_no_bias_correction,70.5,67.978333,0.753501,0.79848,-2.521667,-4.063333,-1.013333,-3.6,0.000157,88,,,,,,,True
resnet18,recon,adaround,L-A32--w-int4--a-fp32--mse_per_channel--fit-mse_per_channel-fp32in-s0,N-nobc--w-int4--a-int4--default_no_bias_correction,70.5,27.783477,0.368564,0.296676,-42.716523,-45.562309,-39.866003,-42.0,0.0,466,,,,,,,True
resnet18,recon,adaround,L-A32--w-int4--a-fp32--mse_per_channel--fit-mse_per_channel-fp32in-s0,N-nobc--w-int4--a-int8--default_no_bias_correction,70.5,53.466667,0.555328,0.589721,-17.033333,-19.65,-14.466667,-16.9,0.0,217,-29.541667,-32.55,-26.608333,-29.4,0.0,320,True
resnet18,recon,adaround,L-A32--w-int4--a-fp32--mse_per_channel--fit-mse_per_channel-fp32in-s0,N-nobc--w-int4--a-int8--default_no_bias_correction--mse_per_layer,70.5,18.983333,0.344702,0.247371,-51.516667,-54.716667,-48.349375,-51.4,0.0,538,-71.941667,-74.75,-69.1,-71.7,0.0,725,True
resnet18,recon,adaround,L-A32--w-int4--a-fp32--mse_per_channel--fit-mse_per_channel-fp32in-s0,N-nobc--w-int6--a-int6--default_no_bias_correction,70.5,66.503333,0.722527,0.768562,-3.996667,-5.631708,-2.349917,-3.7,0.000296,101,-7.838333,-9.943417,-5.771583,,,,True
resnet18,recon,adaround,L-A32--w-int4--a-fp32--mse_per_channel--fit-mse_per_channel-fp32in-s0,N-nobc--w-int8--a-int8--default_no_bias_correction,70.5,69.316667,0.850153,0.884472,-1.183333,-2.466667,0.066667,-1.5,0.044384,49,3.566667,1.95,5.233333,3.5,0.000127,81,True
resnet18,recon,adaround,L-A32--w-int4--a-fp32--mse_per_channel--fit-mse_per_channel-fp32in-s0,N-nobc--w-posit8_es1--a-posit8_es1--default_no_bias_correction,70.5,69.241667,0.832317,0.869488,-1.258333,-2.55,0.0,-1.1,0.177001,55,0.45,-1.275,2.175208,,,,True
resnet18,recon,adaround,L-A32--w-int4--a-fp32--mse_per_layer--fit-mse_per_layer-fp32in-s0,L-A32--w-int4--a-fp32--mse_per_layer--fit-mse_per_layer-fp32in-s1,69.5,68.8,0.898462,0.922783,-0.7,-1.9,0.4,-0.7,0.296206,33,-0.5,-2.0,1.0,-0.5,0.602923,59,True
resnet18,recon,adaround,L-A32--w-int4--a-fp32--mse_per_layer--fit-mse_per_layer-fp32in-s0,L-A32--w-int4--a-fp32--mse_per_layer--fit-mse_per_layer-fp32in-s2,69.5,69.3,0.883077,0.910541,-0.2,-1.4,1.0,-0.2,0.871415,38,-0.3,-1.9,1.3,-0.3,0.801306,63,True
resnet18,recon,adaround,L-A32--w-int4--a-fp32--mse_per_layer--fit-mse_per_layer-fp32in-s0,L-A32--w-int6--a-fp32--mse_per_channel--fit-mse_per_channel-fp32in-s0,69.5,69.5,0.820896,0.858474,0.0,-1.5,1.5,0.0,1.0,60,10.0,8.0975,12.1,10.0,0.0,116,True
resnet18,recon,adaround,L-A32--w-int4--a-fp32--mse_per_layer--fit-mse_per_layer-fp32in-s0,L-A32--w-int8--a-fp32--mse_per_channel--fit-mse_per_channel-fp32in-s0,69.5,69.9,0.81982,0.85799,0.4,-1.1,1.9,0.4,0.698883,60,11.3,9.3,13.4,11.3,0.0,119,True
resnet18,recon,adaround,L-A32--w-int4--a-fp32--mse_per_layer--fit-mse_per_layer-fp32in-s0,L-A32--w-posit8_es1--a-fp32--mse_per_channel--fit-mse_per_channel-fp32in-s0,69.5,70.0,0.816817,0.85551,0.5,-1.0,2.0,0.5,0.608921,61,11.8,9.8,14.0,11.8,0.0,124,True
resnet18,recon,adaround,L-A32--w-int4--a-fp32--mse_per_layer--fit-mse_per_layer-fp32in-s0,L-bc--w-fp6_e2m3--a-fp6_e2m3--default--fit-mse_per_channel-fp32in-s0,69.5,67.836667,0.75,0.792397,-1.663333,-3.325042,-0.001542,-2.0,0.044598,90,-2.704881,-4.774205,-0.539917,,,,True
resnet18,recon,adaround,L-A32--w-int4--a-fp32--mse_per_layer--fit-mse_per_layer-fp32in-s0,L-bc--w-int4--a-int8--default--fit-mse_per_channel-fp32in-s0,69.5,67.758333,0.769014,0.810439,-1.741667,-3.491667,-0.016667,-1.8,0.059808,82,-0.441667,-2.591667,1.658333,0.3,0.858119,125,True
resnet18,recon,adaround,L-A32--w-int4--a-fp32--mse_per_layer--fit-mse_per_layer-fp32in-s0,L-bc--w-int6--a-int6--default--fit-mse_per_channel-fp32in-s0,69.5,68.125,0.768156,0.809422,-1.375,-2.958333,0.175208,-2.3,0.015232,83,0.773333,-1.216667,2.806667,,,,True
resnet18,recon,adaround,L-A32--w-int4--a-fp32--mse_per_layer--fit-mse_per_layer-fp32in-s0,L-bc--w-int8--a-int8--default--fit-mse_per_channel-fp32in-s0,69.5,69.533333,0.80826,0.847123,0.033333,-1.416667,1.5,-0.3,0.804317,65,9.166667,7.283333,11.166667,9.2,0.0,118,True
resnet18,recon,adaround,L-A32--w-int4--a-fp32--mse_per_layer--fit-mse_per_layer-fp32in-s0,L-bc--w-posit8_es1--a-posit8_es1--default--fit-mse_per_channel-fp32in-s0,69.5,69.553333,0.79941,0.839604,0.053333,-1.41,1.5235,0.0,1.0,68,5.345,3.475,7.273375,6.4,0.0,118,True
resnet18,recon,adaround,L-A32--w-int4--a-fp32--mse_per_layer--fit-mse_per_layer-fp32in-s0,L-nobc--w-fp6_e2m3--a-fp6_e2m3--default_no_bias_correction--fit-mse_per_channel-fp32in-s0,69.5,67.656667,0.733696,0.776256,-1.843333,-3.441708,-0.289958,-2.8,0.006093,98,-2.0,-4.035042,0.093375,,,,True
resnet18,recon,adaround,L-A32--w-int4--a-fp32--mse_per_layer--fit-mse_per_layer-fp32in-s0,L-nobc--w-int4--a-int4--default_no_bias_correction--fit-mse_per_channel-fp32in-s0,69.5,24.825755,0.35019,0.226192,-44.674245,-47.419013,-41.78877,-45.8,0.0,514,,,,,,,True
resnet18,recon,adaround,L-A32--w-int4--a-fp32--mse_per_layer--fit-mse_per_layer-fp32in-s0,L-nobc--w-int4--a-int8--default_no_bias_correction--fit-mse_per_channel-fp32in-s0,69.5,70.433333,0.808955,0.848519,0.933333,-0.533333,2.433333,0.4,0.707981,64,4.0,2.1,5.95,4.2,7.7e-05,110,True
resnet18,recon,adaround,L-A32--w-int4--a-fp32--mse_per_layer--fit-mse_per_layer-fp32in-s0,L-nobc--w-int4--a-int8--default_no_bias_correction--mse_per_layer--fit-mse_per_layer-fp32in-s0,69.5,69.4,0.961783,0.971946,-0.1,-0.616667,0.4,-0.6,0.145996,12,-0.7,-1.416667,-0.033333,-1.2,0.011818,20,True
resnet18,recon,adaround,L-A32--w-int4--a-fp32--mse_per_layer--fit-mse_per_layer-fp32in-s0,L-nobc--w-int4--a-int8--default_no_bias_correction--mse_per_layer--fit-mse_per_layer-fp32in-s1,69.5,68.6,0.896341,0.921039,-0.9,-2.05,0.25,-1.2,0.057613,34,-0.95,-2.35125,0.55,-1.2,0.155002,60,True
resnet18,recon,adaround,L-A32--w-int4--a-fp32--mse_per_layer--fit-mse_per_layer-fp32in-s0,L-nobc--w-int4--a-int8--default_no_bias_correction--mse_per_layer--fit-mse_per_layer-fp32in-s2,69.5,69.4,0.881459,0.908965,-0.1,-1.183333,1.0,-0.9,0.199591,39,-0.866667,-2.383333,0.65,-1.4,0.124918,72,True
resnet18,recon,adaround,L-A32--w-int4--a-fp32--mse_per_layer--fit-mse_per_layer-fp32in-s0,L-nobc--w-int6--a-int6--default_no_bias_correction--fit-mse_per_channel-fp32in-s0,69.5,65.981667,0.71164,0.754048,-3.518333,-5.231667,-1.821667,-3.7,0.000505,109,-1.71,-3.768417,0.408417,,,,True
resnet18,recon,adaround,L-A32--w-int4--a-fp32--mse_per_layer--fit-mse_per_layer-fp32in-s0,L-nobc--w-int8--a-int8--default_no_bias_correction--fit-mse_per_channel-fp32in-s0,69.5,69.666667,0.8125,0.851263,0.166667,-1.266667,1.583333,0.1,1.0,63,8.483333,6.6,10.483333,8.2,0.0,114,True
resnet18,recon,adaround,L-A32--w-int4--a-fp32--mse_per_layer--fit-mse_per_layer-fp32in-s0,L-nobc--w-posit8_es1--a-posit8_es1--default_no_bias_correction--fit-mse_per_channel-fp32in-s0,69.5,68.975,0.788406,0.829023,-0.525,-1.958333,0.933333,-0.7,0.482789,73,5.336667,3.428333,7.328458,6.0,0.0,124,True
resnet18,recon,adaround,L-A32--w-int4--a-fp32--mse_per_layer--fit-mse_per_layer-fp32in-s0,LQ-bc--w-int6--a-int6--default--fit-mse_per_channel-b2in-int6-s0,69.5,68.125,0.777465,0.818155,-1.375,-2.875208,0.1,-2.1,0.02382,79,1.434286,-0.399071,3.381964,,,,True
resnet18,recon,adaround,L-A32--w-int4--a-fp32--mse_per_layer--fit-mse_per_layer-fp32in-s0,LQ-nobc--w-int4--a-int4--default_no_bias_correction--fit-mse_per_channel-b2in-int4-s0,69.5,27.757018,0.362797,0.258497,-41.742982,-44.520587,-38.923139,-42.3,0.0,483,,,,,,,True
resnet18,recon,adaround,L-A32--w-int4--a-fp32--mse_per_layer--fit-mse_per_layer-fp32in-s0,LQ-nobc--w-int6--a-int6--default_no_bias_correction--fit-mse_per_channel-b2in-int6-s0,69.5,65.953333,0.72973,0.772291,-3.546667,-5.166667,-1.891583,-3.0,0.003518,100,-0.651667,-2.633375,1.445,,,,True
resnet18,recon,adaround,L-A32--w-int4--a-fp32--mse_per_layer--fit-mse_per_layer-fp32in-s0,N-A32--w-fp6_e2m3--a-fp32--mse_per_channel,69.5,69.8,0.795858,0.836816,0.3,-1.3,1.9,0.3,0.809949,69,6.8,4.7,9.0,6.8,0.0,122,True
resnet18,recon,adaround,L-A32--w-int4--a-fp32--mse_per_layer--fit-mse_per_layer-fp32in-s0,N-A32--w-int4--a-fp32--mse_per_channel,69.5,53.9,0.569672,0.598665,-15.6,-18.3,-13.0,-15.6,0.0,210,-24.6,-27.6,-21.6,-24.6,0.0,296,True
resnet18,recon,adaround,L-A32--w-int4--a-fp32--mse_per_layer--fit-mse_per_layer-fp32in-s0,N-A32--w-int4--a-fp32--mse_per_layer,69.5,19.0,0.361416,0.271014,-50.5,-53.7,-47.3,-50.5,0.0,523,-67.3,-70.3,-64.3,-67.3,0.0,677,True
resnet18,recon,adaround,L-A32--w-int4--a-fp32--mse_per_layer--fit-mse_per_layer-fp32in-s0,N-A32--w-int6--a-fp32--mse_per_channel,69.5,69.4,0.80236,0.84211,-0.1,-1.7,1.5,-0.1,1.0,67,4.8,2.7,7.0,4.8,1.2e-05,118,True
resnet18,recon,adaround,L-A32--w-int4--a-fp32--mse_per_layer--fit-mse_per_layer-fp32in-s0,N-A32--w-int8--a-fp32--mse_per_channel,69.5,69.0,0.814159,0.852137,-0.5,-2.0,1.0,-0.5,0.614655,63,9.2,7.2,11.3,9.2,0.0,118,True
resnet18,recon,adaround,L-A32--w-int4--a-fp32--mse_per_layer--fit-mse_per_layer-fp32in-s0,N-A32--w-posit8_es1--a-fp32--mse_per_channel,69.5,69.8,0.801187,0.841546,0.3,-1.3,1.9,0.3,0.807195,67,9.1,7.0,11.3,9.1,0.0,123,True
resnet18,recon,adaround,L-A32--w-int4--a-fp32--mse_per_layer--fit-mse_per_layer-fp32in-s0,N-default--w-fp6_e2m3--a-fp6_e2m3--default,69.5,66.656667,0.721622,0.764412,-2.843333,-4.601708,-1.146667,-2.7,0.010063,103,,,,,,,True
resnet18,recon,adaround,L-A32--w-int4--a-fp32--mse_per_layer--fit-mse_per_layer-fp32in-s0,N-default--w-int6--a-int6--default,69.5,65.891667,0.696104,0.738047,-3.608333,-5.441875,-1.825,-4.3,8.7e-05,117,,,,,,,True
resnet18,recon,adaround,L-A32--w-int4--a-fp32--mse_per_layer--fit-mse_per_layer-fp32in-s0,N-default--w-int8--a-int8--default,69.5,69.216667,0.815249,0.852807,-0.283333,-1.766667,1.183333,-0.9,0.313503,63,8.491667,6.583333,10.55,8.4,0.0,118,True
resnet18,recon,adaround,L-A32--w-int4--a-fp32--mse_per_layer--fit-mse_per_layer-fp32in-s0,N-default--w-posit8_es1--a-posit8_es1--default,69.5,69.633333,0.800587,0.840229,0.133333,-1.333333,1.6,-0.4,0.716301,68,5.2,3.333125,7.183333,,,,True
resnet18,recon,adaround,L-A32--w-int4--a-fp32--mse_per_layer--fit-mse_per_layer-fp32in-s0,N-minimal--w-fp6_e2m3--a-fp6_e2m3--minimal,69.5,68.000952,0.725543,0.768398,-1.499048,-3.141667,0.151012,-2.5,0.016506,101,-3.695714,-5.718387,-1.597339,,,,True
resnet18,recon,adaround,L-A32--w-int4--a-fp32--mse_per_layer--fit-mse_per_layer-fp32in-s0,N-minimal--w-int4--a-int4--minimal,69.5,17.139623,0.340882,0.202959,-52.360377,-55.310226,-49.408453,-51.5,0.0,553,,,,,,,True
resnet18,recon,adaround,L-A32--w-int4--a-fp32--mse_per_layer--fit-mse_per_layer-fp32in-s0,N-minimal--w-int4--a-int8--minimal,69.5,46.483333,0.462478,0.445948,-23.016667,-26.033333,-19.949583,-22.8,0.0,308,-38.85,-42.116667,-35.6,-38.5,0.0,431,True
resnet18,recon,adaround,L-A32--w-int4--a-fp32--mse_per_layer--fit-mse_per_layer-fp32in-s0,N-minimal--w-int6--a-int6--minimal,69.5,65.831667,0.690104,0.73192,-3.668333,-5.53,-1.788333,-3.9,0.000445,119,-5.626667,-7.915,-3.301667,,,,True
resnet18,recon,adaround,L-A32--w-int4--a-fp32--mse_per_layer--fit-mse_per_layer-fp32in-s0,N-minimal--w-int8--a-int8--minimal,69.5,69.72,0.823881,0.860963,0.22,-1.183333,1.63675,-0.1,1.0,59,7.42,5.556667,9.403333,7.7,0.0,115,True
resnet18,recon,adaround,L-A32--w-int4--a-fp32--mse_per_layer--fit-mse_per_layer-fp32in-s0,N-nobc--w-fp6_e2m3--a-fp6_e2m3--default_no_bias_correction,69.5,67.978333,0.723577,0.766402,-1.521667,-3.138417,0.095083,-2.6,0.01292,102,,,,,,,True
resnet18,recon,adaround,L-A32--w-int4--a-fp32--mse_per_layer--fit-mse_per_layer-fp32in-s0,N-nobc--w-int4--a-int4--default_no_bias_correction,69.5,27.783477,0.369128,0.273896,-41.716523,-44.576817,-38.801619,-41.0,0.0,470,,,,,,,True
resnet18,recon,adaround,L-A32--w-int4--a-fp32--mse_per_layer--fit-mse_per_layer-fp32in-s0,N-nobc--w-int4--a-int8--default_no_bias_correction,69.5,53.466667,0.566191,0.594409,-16.033333,-18.65,-13.45,-15.9,0.0,213,-25.041667,-28.016875,-22.1,-24.9,0.0,297,True
resnet18,recon,adaround,L-A32--w-int4--a-fp32--mse_per_layer--fit-mse_per_layer-fp32in-s0,N-nobc--w-int4--a-int8--default_no_bias_correction--mse_per_layer,69.5,18.983333,0.358537,0.261105,-50.516667,-53.691875,-47.375,-50.4,0.0,526,-67.441667,-70.375,-64.5,-67.2,0.0,678,True
resnet18,recon,adaround,L-A32--w-int4--a-fp32--mse_per_layer--fit-mse_per_layer-fp32in-s0,N-nobc--w-int6--a-int6--default_no_bias_correction,69.5,66.503333,0.707775,0.750576,-2.996667,-4.793417,-1.166667,-2.7,0.012404,109,-3.338333,-5.513333,-1.071542,,,,True
resnet18,recon,adaround,L-A32--w-int4--a-fp32--mse_per_layer--fit-mse_per_layer-fp32in-s0,N-nobc--w-int8--a-int8--default_no_bias_correction,69.5,69.316667,0.814159,0.852137,-0.183333,-1.616667,1.233333,-0.5,0.614655,63,8.066667,6.116667,10.1,8.0,0.0,122,True
resnet18,recon,adaround,L-A32--w-int4--a-fp32--mse_per_layer--fit-mse_per_layer-fp32in-s0,N-nobc--w-posit8_es1--a-posit8_es1--default_no_bias_correction,69.5,69.241667,0.80236,0.84211,-0.258333,-1.691667,1.2,-0.1,1.0,67,4.95,2.991667,6.958333,,,,True
resnet18,recon,adaround,L-A32--w-int4--a-fp32--mse_per_layer--fit-mse_per_layer-fp32in-s1,L-A32--w-int4--a-fp32--mse_per_layer--fit-mse_per_layer-fp32in-s2,68.8,69.3,0.887195,0.913499,0.5,-0.7,1.7,0.5,0.511376,37,0.2,-1.3,1.7,0.2,0.895683,58,True
resnet18,recon,adaround,L-A32--w-int4--a-fp32--mse_per_layer--fit-mse_per_layer-fp32in-s1,L-A32--w-int6--a-fp32--mse_per_channel--fit-mse_per_channel-fp32in-s0,68.8,69.5,0.83631,0.871215,0.7,-0.7,2.1,0.7,0.418754,55,10.5,8.5,12.5,10.5,0.0,115,True
resnet18,recon,adaround,L-A32--w-int4--a-fp32--mse_per_layer--fit-mse_per_layer-fp32in-s1,L-A32--w-int8--a-fp32--mse_per_channel--fit-mse_per_channel-fp32in-s0,68.8,69.9,0.824405,0.861522,1.1,-0.4,2.6,1.1,0.192526,59,11.8,9.7,13.9,11.8,0.0,124,True
resnet18,recon,adaround,L-A32--w-int4--a-fp32--mse_per_layer--fit-mse_per_layer-fp32in-s1,L-A32--w-posit8_es1--a-fp32--mse_per_channel--fit-mse_per_channel-fp32in-s0,68.8,70.0,0.816024,0.85439,1.2,-0.3025,2.7,1.2,0.161881,62,12.3,10.2,14.4,12.3,0.0,129,True
resnet18,recon,adaround,L-A32--w-int4--a-fp32--mse_per_layer--fit-mse_per_layer-fp32in-s1,L-bc--w-fp6_e2m3--a-fp6_e2m3--default--fit-mse_per_channel-fp32in-s0,68.8,67.836667,0.735695,0.776949,-0.963333,-2.691708,0.733417,-1.3,0.222878,97,-2.204881,-4.369202,-0.027857,,,,True
resnet18,recon,adaround,L-A32--w-int4--a-fp32--mse_per_layer--fit-mse_per_layer-fp32in-s1,L-bc--w-int4--a-int8--default--fit-mse_per_channel-fp32in-s0,68.8,67.758333,0.778711,0.818004,-1.041667,-2.775,0.65,-1.1,0.260426,79,0.058333,-2.083542,2.158542,0.8,0.526416,122,True
resnet18,recon,adaround,L-A32--w-int4--a-fp32--mse_per_layer--fit-mse_per_layer-fp32in-s1,L-bc--w-int6--a-int6--default--fit-mse_per_channel-fp32in-s0,68.8,68.125,0.758242,0.798393,-0.675,-2.266667,0.875,-1.6,0.109295,88,1.273333,-0.771708,3.303375,,,,True
resnet18,recon,adaround,L-A32--w-int4--a-fp32--mse_per_layer--fit-mse_per_layer-fp32in-s1,L-bc--w-int8--a-int8--default--fit-mse_per_channel-fp32in-s0,68.8,69.533333,0.812865,0.850437,0.733333,-0.75,2.183333,0.4,0.707981,64,9.666667,7.666667,11.700417,9.7,0.0,123,True
resnet18,recon,adaround,L-A32--w-int4--a-fp32--mse_per_layer--fit-mse_per_layer-fp32in-s1,L-bc--w-posit8_es1--a-posit8_es1--default--fit-mse_per_channel-fp32in-s0,68.8,69.553333,0.798834,0.838399,0.753333,-0.7,2.233417,0.7,0.470369,69,5.845,3.92825,7.795,6.9,0.0,121,True
resnet18,recon,adaround,L-A32--w-int4--a-fp32--mse_per_layer--fit-mse_per_layer-fp32in-s1,L-nobc--w-fp6_e2m3--a-fp6_e2m3--default_no_bias_correction--fit-mse_per_channel-fp32in-s0,68.8,67.656667,0.738544,0.779037,-1.143333,-2.671708,0.383333,-2.1,0.041729,97,-1.5,-3.603375,0.583333,,,,True
resnet18,recon,adaround,L-A32--w-int4--a-fp32--mse_per_layer--fit-mse_per_layer-fp32in-s1,L-nobc--w-int4--a-int4--default_no_bias_correction--fit-mse_per_channel-fp32in-s0,68.8,24.825755,0.353904,0.217969,-43.974245,-46.731221,-41.029275,-45.1,0.0,513,,,,,,,True
resnet18,recon,adaround,L-A32--w-int4--a-fp32--mse_per_layer--fit-mse_per_layer-fp32in-s1,L-nobc--w-int4--a-int8--default_no_bias_correction--fit-mse_per_channel-fp32in-s0,68.8,70.433333,0.829851,0.866228,1.633333,0.233333,3.05,1.1,0.18485,57,4.5,2.6,6.35,4.7,4e-06,103,True
resnet18,recon,adaround,L-A32--w-int4--a-fp32--mse_per_layer--fit-mse_per_layer-fp32in-s1,L-nobc--w-int4--a-int8--default_no_bias_correction--mse_per_layer--fit-mse_per_layer-fp32in-s0,68.8,69.4,0.887879,0.913743,0.6,-0.466667,1.7,0.1,1.0,37,-0.2,-1.65,1.183333,-0.7,0.442626,61,True
resnet18,recon,adaround,L-A32--w-int4--a-fp32--mse_per_layer--fit-mse_per_layer-fp32in-s1,L-nobc--w-int4--a-int8--default_no_bias_correction--mse_per_layer--fit-mse_per_layer-fp32in-s1,68.8,68.6,0.959502,0.969916,-0.2,-0.8,0.35,-0.5,0.266846,13,-0.45,-1.25,0.35,-0.7,0.247789,27,True
resnet18,recon,adaround,L-A32--w-int4--a-fp32--mse_per_layer--fit-mse_per_layer-fp32in-s1,L-nobc--w-int4--a-int8--default_no_bias_correction--mse_per_layer--fit-mse_per_layer-fp32in-s2,68.8,69.4,0.863095,0.893049,0.6,-0.583333,1.783333,-0.2,0.882996,46,-0.366667,-1.883333,1.083333,-0.9,0.328432,67,True
resnet18,recon,adaround,L-A32--w-int4--a-fp32--mse_per_layer--fit-mse_per_layer-fp32in-s1,L-nobc--w-int6--a-int6--default_no_bias_correction--fit-mse_per_channel-fp32in-s0,68.8,65.981667,0.703125,0.742982,-2.818333,-4.548333,-1.098292,-3.0,0.006352,114,-1.21,-3.390083,0.923375,,,,True
resnet18,recon,adaround,L-A32--w-int4--a-fp32--mse_per_layer--fit-mse_per_layer-fp32in-s1,L-nobc--w-int8--a-int8--default_no_bias_correction--fit-mse_per_channel-fp32in-s0,68.8,69.666667,0.811765,0.850022,0.866667,-0.55,2.3,0.8,0.381733,64,8.983333,7.033333,10.966667,8.7,0.0,123,True
resnet18,recon,adaround,L-A32--w-int4--a-fp32--mse_per_layer--fit-mse_per_layer-fp32in-s1,L-nobc--w-posit8_es1--a-posit8_es1--default_no_bias_correction--fit-mse_per_channel-fp32in-s0,68.8,68.975,0.787966,0.827631,0.175,-1.3,1.658333,0.0,1.0,74,5.836667,3.853333,7.828375,6.5,0.0,133,True
resnet18,recon,adaround,L-A32--w-int4--a-fp32--mse_per_layer--fit-mse_per_layer-fp32in-s1,LQ-bc--w-int6--a-int6--default--fit-mse_per_channel-b2in-int6-s0,68.8,68.125,0.772222,0.811732,-0.675,-2.216667,0.858333,-1.4,0.150675,82,1.934286,-0.035042,3.905256,,,,True
resnet18,recon,adaround,L-A32--w-int4--a-fp32--mse_per_layer--fit-mse_per_layer-fp32in-s1,LQ-nobc--w-int4--a-int4--default_no_bias_correction--fit-mse_per_channel-b2in-int4-s0,68.8,27.757018,0.368421,0.256412,-41.042982,-43.825566,-38.202903,-41.6,0.0,480,,,,,,,True
resnet18,recon,adaround,L-A32--w-int4--a-fp32--mse_per_layer--fit-mse_per_layer-fp32in-s1,LQ-nobc--w-int6--a-int6--default_no_bias_correction--fit-mse_per_channel-b2in-int6-s0,68.8,65.953333,0.729947,0.770448,-2.846667,-4.54675,-1.18,-2.3,0.028089,101,-0.151667,-2.296708,2.006667,,,,True
resnet18,recon,adaround,L-A32--w-int4--a-fp32--mse_per_layer--fit-mse_per_layer-fp32in-s1,N-A32--w-fp6_e2m3--a-fp32--mse_per_channel,68.8,69.8,0.805882,0.845141,1.0,-0.6,2.6,1.0,0.267812,66,7.3,5.2,9.5,7.3,0.0,125,True
resnet18,recon,adaround,L-A32--w-int4--a-fp32--mse_per_layer--fit-mse_per_layer-fp32in-s1,N-A32--w-int4--a-fp32--mse_per_channel,68.8,53.9,0.580777,0.606921,-14.9,-17.5,-12.3,-14.9,0.0,205,-24.1,-27.2,-21.0,-24.1,0.0,299,True
resnet18,recon,adaround,L-A32--w-int4--a-fp32--mse_per_layer--fit-mse_per_layer-fp32in-s1,N-A32--w-int4--a-fp32--mse_per_layer,68.8,19.0,0.366626,0.26563,-49.8,-53.0,-46.6,-49.8,0.0,520,-66.8,-69.8,-63.9,-66.8,0.0,674,True
resnet18,recon,adaround,L-A32--w-int4--a-fp32--mse_per_layer--fit-mse_per_layer-fp32in-s1,N-A32--w-int6--a-fp32--mse_per_channel,68.8,69.4,0.817647,0.854904,0.6,-0.9,2.1,0.6,0.525773,62,5.3,3.2,7.4,5.3,1e-06,119,True
resnet18,recon,adaround,L-A32--w-int4--a-fp32--mse_per_layer--fit-mse_per_layer-fp32in-s1,N-A32--w-int8--a-fp32--mse_per_channel,68.8,69.0,0.80814,0.846005,0.2,-1.4,1.8,0.2,0.902159,66,9.7,7.6,11.8,9.7,0.0,125,True
resnet18,recon,adaround,L-A32--w-int4--a-fp32--mse_per_layer--fit-mse_per_layer-fp32in-s1,N-A32--w-posit8_es1--a-fp32--mse_per_channel,68.8,69.8,0.805882,0.845141,1.0,-0.6,2.6,1.0,0.267812,66,9.6,7.5,11.8,9.6,0.0,128,True
resnet18,recon,adaround,L-A32--w-int4--a-fp32--mse_per_layer--fit-mse_per_layer-fp32in-s1,N-default--w-fp6_e2m3--a-fp6_e2m3--default,68.8,66.656667,0.703704,0.744389,-2.143333,-3.971667,-0.356625,-2.0,0.072126,112,,,,,,,True
resnet18,recon,adaround,L-A32--w-int4--a-fp32--mse_per_layer--fit-mse_per_layer-fp32in-s1,N-default--w-int6--a-int6--default,68.8,65.891667,0.696658,0.735979,-2.908333,-4.775208,-1.033333,-3.6,0.001178,118,,,,,,,True
resnet18,recon,adaround,L-A32--w-int4--a-fp32--mse_per_layer--fit-mse_per_layer-fp32in-s1,N-default--w-int8--a-int8--default,68.8,69.216667,0.819767,0.855845,0.416667,-1.066667,1.866667,-0.2,0.899076,62,8.991667,7.041458,11.0,8.9,0.0,125,True
resnet18,recon,adaround,L-A32--w-int4--a-fp32--mse_per_layer--fit-mse_per_layer-fp32in-s1,N-default--w-posit8_es1--a-posit8_es1--default,68.8,69.633333,0.8,0.838875,0.833333,-0.65,2.316667,0.3,0.809949,69,5.7,3.683333,7.666667,,,,True
resnet18,recon,adaround,L-A32--w-int4--a-fp32--mse_per_layer--fit-mse_per_layer-fp32in-s1,N-minimal--w-fp6_e2m3--a-fp6_e2m3--minimal,68.8,68.000952,0.725806,0.766751,-0.799048,-2.445714,0.886667,-1.8,0.091838,102,-3.195714,-5.35506,-1.047363,,,,True
resnet18,recon,adaround,L-A32--w-int4--a-fp32--mse_per_layer--fit-mse_per_layer-fp32in-s1,N-minimal--w-int4--a-int4--minimal,68.8,17.139623,0.342823,0.186294,-51.660377,-54.591018,-48.697974,-50.8,0.0,554,,,,,,,True
resnet18,recon,adaround,L-A32--w-int4--a-fp32--mse_per_layer--fit-mse_per_layer-fp32in-s1,N-minimal--w-int4--a-int8--minimal,68.8,46.483333,0.467014,0.444318,-22.316667,-25.366667,-19.182917,-22.1,0.0,307,-38.35,-41.683333,-35.083333,-38.0,0.0,434,True
resnet18,recon,adaround,L-A32--w-int4--a-fp32--mse_per_layer--fit-mse_per_layer-fp32in-s1,N-minimal--w-int6--a-int6--minimal,68.8,65.831667,0.682051,0.720938,-2.968333,-4.87525,-1.058333,-3.2,0.005161,124,-5.126667,-7.568375,-2.721667,,,,True
resnet18,recon,adaround,L-A32--w-int4--a-fp32--mse_per_layer--fit-mse_per_layer-fp32in-s1,N-minimal--w-int8--a-int8--minimal,68.8,69.72,0.833828,0.868955,0.92,-0.463333,2.286667,0.6,0.504404,56,7.92,6.0,9.883333,8.2,0.0,118,True
resnet18,recon,adaround,L-A32--w-int4--a-fp32--mse_per_layer--fit-mse_per_layer-fp32in-s1,N-nobc--w-fp6_e2m3--a-fp6_e2m3--default_no_bias_correction,68.8,67.978333,0.733154,0.773907,-0.821667,-2.441667,0.828333,-1.9,0.069901,99,,,,,,,True
resnet18,recon,adaround,L-A32--w-int4--a-fp32--mse_per_layer--fit-mse_per_layer-fp32in-s1,N-nobc--w-int4--a-int4--default_no_bias_correction,68.8,27.783477,0.380376,0.2865,-41.016523,-43.8495,-38.142908,-40.3,0.0,461,,,,,,,True
resnet18,recon,adaround,L-A32--w-int4--a-fp32--mse_per_layer--fit-mse_per_layer-fp32in-s1,N-nobc--w-int4--a-int8--default_no_bias_correction,68.8,53.466667,0.574037,0.598268,-15.333333,-17.9,-12.766667,-15.2,0.0,210,-24.541667,-27.591667,-21.508125,-24.4,0.0,300,True
resnet18,recon,adaround,L-A32--w-int4--a-fp32--mse_per_layer--fit-mse_per_layer-fp32in-s1,N-nobc--w-int4--a-int8--default_no_bias_correction--mse_per_layer,68.8,18.983333,0.365408,0.261319,-49.816667,-52.975,-46.683125,-49.7,0.0,521,-66.941667,-69.95,-64.04125,-66.7,0.0,671,True
resnet18,recon,adaround,L-A32--w-int4--a-fp32--mse_per_layer--fit-mse_per_layer-fp32in-s1,N-nobc--w-int6--a-int6--default_no_bias_correction,68.8,66.503333,0.703704,0.744389,-2.296667,-4.116708,-0.51325,-2.0,0.072126,112,-2.838333,-5.090042,-0.608333,,,,True
resnet18,recon,adaround,L-A32--w-int4--a-fp32--mse_per_layer--fit-mse_per_layer-fp32in-s1,N-nobc--w-int8--a-int8--default_no_bias_correction,68.8,69.316667,0.80814,0.846005,0.516667,-1.0,1.983333,0.2,0.902159,66,8.566667,6.55,10.633333,8.5,0.0,129,True
resnet18,recon,adaround,L-A32--w-int4--a-fp32--mse_per_layer--fit-mse_per_layer-fp32in-s1,N-nobc--w-posit8_es1--a-posit8_es1--default_no_bias_correction,68.8,69.241667,0.807018,0.845537,0.441667,-0.95,1.858542,0.6,0.538583,66,5.45,3.425,7.441667,,,,True
resnet18,recon,adaround,L-A32--w-int4--a-fp32--mse_per_layer--fit-mse_per_layer-fp32in-s2,L-A32--w-int6--a-fp32--mse_per_channel--fit-mse_per_channel-fp32in-s0,69.3,69.5,0.826866,0.863452,0.2,-1.3,1.7,0.2,0.895683,58,10.3,8.3,12.4,10.3,0.0,117,True
resnet18,recon,adaround,L-A32--w-int4--a-fp32--mse_per_layer--fit-mse_per_layer-fp32in-s2,L-A32--w-int8--a-fp32--mse_per_channel--fit-mse_per_channel-fp32in-s0,69.3,69.9,0.820359,0.858305,0.6,-0.9,2.1,0.6,0.518958,60,11.6,9.6,13.7,11.6,0.0,120,True
resnet18,recon,adaround,L-A32--w-int4--a-fp32--mse_per_layer--fit-mse_per_layer-fp32in-s2,L-A32--w-posit8_es1--a-fp32--mse_per_channel--fit-mse_per_channel-fp32in-s0,69.3,70.0,0.81194,0.85111,0.7,-0.8,2.3,0.7,0.449963,63,12.1,10.0,14.3,12.1,0.0,129,True
resnet18,recon,adaround,L-A32--w-int4--a-fp32--mse_per_layer--fit-mse_per_layer-fp32in-s2,L-bc--w-fp6_e2m3--a-fp6_e2m3--default--fit-mse_per_channel-fp32in-s0,69.3,67.836667,0.745856,0.787941,-1.463333,-3.12175,0.191833,-1.8,0.07576,92,-2.404881,-4.548932,-0.198988,,,,True
resnet18,recon,adaround,L-A32--w-int4--a-fp32--mse_per_layer--fit-mse_per_layer-fp32in-s2,L-bc--w-int4--a-int8--default--fit-mse_per_channel-fp32in-s0,69.3,67.758333,0.769663,0.810601,-1.541667,-3.266875,0.158333,-1.6,0.097031,82,-0.141667,-2.341667,2.033542,0.6,0.66117,130,True
resnet18,recon,adaround,L-A32--w-int4--a-fp32--mse_per_layer--fit-mse_per_layer-fp32in-s2,L-bc--w-int6--a-int6--default--fit-mse_per_channel-fp32in-s0,69.3,68.125,0.759003,0.800297,-1.175,-2.775,0.416667,-2.1,0.031418,87,1.073333,-0.935042,3.125,,,,True
resnet18,recon,adaround,L-A32--w-int4--a-fp32--mse_per_layer--fit-mse_per_layer-fp32in-s2,L-bc--w-int8--a-int8--default--fit-mse_per_channel-fp32in-s0,69.3,69.533333,0.814159,0.852076,0.233333,-1.25,1.733333,-0.1,1.0,63,9.466667,7.516667,11.516667,9.5,0.0,121,True
resnet18,recon,adaround,L-A32--w-int4--a-fp32--mse_per_layer--fit-mse_per_layer-fp32in-s2,L-bc--w-posit8_es1--a-posit8_es1--default--fit-mse_per_channel-fp32in-s0,69.3,69.553333,0.810651,0.849325,0.253333,-1.183333,1.7,0.2,0.900653,64,5.645,3.726667,7.67,6.7,0.0,121,True
resnet18,recon,adaround,L-A32--w-int4--a-fp32--mse_per_layer--fit-mse_per_layer-fp32in-s2,L-nobc--w-fp6_e2m3--a-fp6_e2m3--default_no_bias_correction--fit-mse_per_channel-fp32in-s0,69.3,67.656667,0.725067,0.767175,-1.643333,-3.236708,-0.016625,-2.6,0.01292,102,-1.7,-3.781708,0.446667,,,,True
resnet18,recon,adaround,L-A32--w-int4--a-fp32--mse_per_layer--fit-mse_per_layer-fp32in-s2,L-nobc--w-int4--a-int4--default_no_bias_correction--fit-mse_per_channel-fp32in-s0,69.3,24.825755,0.356147,0.238393,-44.474245,-47.217081,-41.643592,-45.6,0.0,508,,,,,,,True
resnet18,recon,adaround,L-A32--w-int4--a-fp32--mse_per_layer--fit-mse_per_layer-fp32in-s2,L-nobc--w-int4--a-int8--default_no_bias_correction--fit-mse_per_channel-fp32in-s0,69.3,70.433333,0.814925,0.853578,1.133333,-0.316667,2.683333,0.6,0.525773,62,4.3,2.35,6.25,4.5,1.3e-05,105,True
resnet18,recon,adaround,L-A32--w-int4--a-fp32--mse_per_layer--fit-mse_per_layer-fp32in-s2,L-nobc--w-int4--a-int8--default_no_bias_correction--mse_per_layer--fit-mse_per_layer-fp32in-s0,69.3,69.4,0.867069,0.897006,0.1,-1.083333,1.283333,-0.4,0.651588,44,-0.4,-1.883333,1.05,-0.9,0.342471,71,True
resnet18,recon,adaround,L-A32--w-int4--a-fp32--mse_per_layer--fit-mse_per_layer-fp32in-s2,L-nobc--w-int4--a-int8--default_no_bias_correction--mse_per_layer--fit-mse_per_layer-fp32in-s1,69.3,68.6,0.873874,0.902425,-0.7,-1.9,0.5,-1.0,0.164149,42,-0.65,-2.1,0.85,-0.9,0.328432,67,True
resnet18,recon,adaround,L-A32--w-int4--a-fp32--mse_per_layer--fit-mse_per_layer-fp32in-s2,L-nobc--w-int4--a-int8--default_no_bias_correction--mse_per_layer--fit-mse_per_layer-fp32in-s2,69.3,69.4,0.958991,0.96977,0.1,-0.566667,0.783333,-0.7,0.092285,13,-0.566667,-1.45,0.3,-1.1,0.043285,25,True
resnet18,recon,adaround,L-A32--w-int4--a-fp32--mse_per_layer--fit-mse_per_layer-fp32in-s2,L-nobc--w-int6--a-int6--default_no_bias_correction--fit-mse_per_channel-fp32in-s0,69.3,65.981667,0.698953,0.740405,-3.318333,-5.111708,-1.546542,-3.5,0.001413,115,-1.41,-3.553417,0.803333,,,,True
resnet18,recon,adaround,L-A32--w-int4--a-fp32--mse_per_layer--fit-mse_per_layer-fp32in-s2,L-nobc--w-int8--a-int8--default_no_bias_correction--fit-mse_per_channel-fp32in-s0,69.3,69.666667,0.813056,0.851557,0.366667,-1.05,1.816667,0.3,0.801306,63,8.783333,6.866667,10.800417,8.5,0.0,117,True
resnet18,recon,adaround,L-A32--w-int4--a-fp32--mse_per_layer--fit-mse_per_layer-fp32in-s2,L-nobc--w-posit8_es1--a-posit8_es1--default_no_bias_correction--fit-mse_per_channel-fp32in-s0,69.3,68.975,0.804665,0.843308,-0.325,-1.750208,1.116667,-0.5,0.625407,67,5.636667,3.674958,7.631708,6.3,0.0,125,True
resnet18,recon,adaround,L-A32--w-int4--a-fp32--mse_per_layer--fit-mse_per_layer-fp32in-s2,LQ-bc--w-int6--a-int6--default--fit-mse_per_channel-b2in-int6-s0,69.3,68.125,0.763231,0.804396,-1.175,-2.708333,0.383333,-1.9,0.050251,85,1.734286,-0.25506,3.783333,,,,True
resnet18,recon,adaround,L-A32--w-int4--a-fp32--mse_per_layer--fit-mse_per_layer-fp32in-s2,LQ-nobc--w-int4--a-int4--default_no_bias_correction--fit-mse_per_channel-b2in-int4-s0,69.3,27.757018,0.370861,0.275292,-41.542982,-44.35073,-38.760834,-42.1,0.0,475,,,,,,,True
resnet18,recon,adaround,L-A32--w-int4--a-fp32--mse_per_layer--fit-mse_per_layer-fp32in-s2,LQ-nobc--w-int6--a-int6--default_no_bias_correction--fit-mse_per_channel-b2in-int6-s0,69.3,65.953333,0.730458,0.772397,-3.346667,-5.041667,-1.666667,-2.8,0.006637,100,-0.351667,-2.430125,1.786667,,,,True
resnet18,recon,adaround,L-A32--w-int4--a-fp32--mse_per_layer--fit-mse_per_layer-fp32in-s2,N-A32--w-fp6_e2m3--a-fp32--mse_per_channel,69.3,69.8,0.79646,0.837158,0.5,-1.1,2.1,0.5,0.630456,69,7.1,5.0,9.3,7.1,0.0,127,True
resnet18,recon,adaround,L-A32--w-int4--a-fp32--mse_per_layer--fit-mse_per_layer-fp32in-s2,N-A32--w-int4--a-fp32--mse_per_channel,69.3,53.9,0.580247,0.610959,-15.4,-18.0,-12.8,-15.4,0.0,204,-24.3,-27.3,-21.3,-24.3,0.0,289,True
resnet18,recon,adaround,L-A32--w-int4--a-fp32--mse_per_layer--fit-mse_per_layer-fp32in-s2,N-A32--w-int4--a-fp32--mse_per_layer,69.3,19.0,0.362195,0.267092,-50.3,-53.5,-47.1,-50.3,0.0,523,-67.0,-70.0,-64.0,-67.0,0.0,676,True
resnet18,recon,adaround,L-A32--w-int4--a-fp32--mse_per_layer--fit-mse_per_layer-fp32in-s2,N-A32--w-int6--a-fp32--mse_per_channel,69.3,69.4,0.787172,0.828284,0.1,-1.6,1.7,0.1,1.0,73,5.1,2.9975,7.3,5.1,6e-06,125,True
resnet18,recon,adaround,L-A32--w-int4--a-fp32--mse_per_layer--fit-mse_per_layer-fp32in-s2,N-A32--w-int8--a-fp32--mse_per_channel,69.3,69.0,0.798834,0.838299,-0.3,-1.9,1.3,-0.3,0.809949,69,9.5,7.4,11.7,9.5,0.0,127,True
resnet18,recon,adaround,L-A32--w-int4--a-fp32--mse_per_layer--fit-mse_per_layer-fp32in-s2,N-A32--w-posit8_es1--a-fp32--mse_per_channel,69.3,69.8,0.79646,0.837158,0.5,-1.1,2.1,0.5,0.630456,69,9.4,7.3,11.6,9.4,0.0,130,True
resnet18,recon,adaround,L-A32--w-int4--a-fp32--mse_per_layer--fit-mse_per_layer-fp32in-s2,N-default--w-fp6_e2m3--a-fp6_e2m3--default,69.3,66.656667,0.727027,0.769168,-2.643333,-4.425083,-0.918333,-2.5,0.016506,101,,,,,,,True
resnet18,recon,adaround,L-A32--w-int4--a-fp32--mse_per_layer--fit-mse_per_layer-fp32in-s2,N-default--w-int6--a-int6--default,69.3,65.891667,0.701299,0.742634,-3.408333,-5.275,-1.599792,-4.1,0.000166,115,,,,,,,True
resnet18,recon,adaround,L-A32--w-int4--a-fp32--mse_per_layer--fit-mse_per_layer-fp32in-s2,N-default--w-int8--a-int8--default,69.3,69.216667,0.805233,0.843645,-0.083333,-1.583333,1.383333,-0.7,0.463818,67,8.791667,6.816667,10.883333,8.7,0.0,129,True
resnet18,recon,adaround,L-A32--w-int4--a-fp32--mse_per_layer--fit-mse_per_layer-fp32in-s2,N-default--w-posit8_es1--a-posit8_es1--default,69.3,69.633333,0.806452,0.845179,0.333333,-1.133333,1.816667,-0.2,0.902159,66,5.5,3.566667,7.516667,,,,True
resnet18,recon,adaround,L-A32--w-int4--a-fp32--mse_per_layer--fit-mse_per_layer-fp32in-s2,N-minimal--w-fp6_e2m3--a-fp6_e2m3--minimal,69.3,68.000952,0.735695,0.777784,-1.299048,-2.915143,0.35194,-2.3,0.024991,97,-3.395714,-5.411851,-1.359744,,,,True
resnet18,recon,adaround,L-A32--w-int4--a-fp32--mse_per_layer--fit-mse_per_layer-fp32in-s2,N-minimal--w-int4--a-int4--minimal,69.3,17.139623,0.346476,0.215907,-52.160377,-55.042503,-49.245034,-51.3,0.0,547,,,,,,,True
resnet18,recon,adaround,L-A32--w-int4--a-fp32--mse_per_layer--fit-mse_per_layer-fp32in-s2,N-minimal--w-int4--a-int8--minimal,69.3,46.483333,0.463415,0.444847,-22.816667,-25.883333,-19.716667,-22.6,0.0,308,-38.55,-41.850417,-35.2,-38.2,0.0,436,True
resnet18,recon,adaround,L-A32--w-int4--a-fp32--mse_per_layer--fit-mse_per_layer-fp32in-s2,N-minimal--w-int6--a-int6--minimal,69.3,65.831667,0.713158,0.754827,-3.468333,-5.265083,-1.731625,-3.7,0.000505,109,-5.326667,-7.538333,-3.126417,,,,True
resnet18,recon,adaround,L-A32--w-int4--a-fp32--mse_per_layer--fit-mse_per_layer-fp32in-s2,N-minimal--w-int8--a-int8--minimal,69.3,69.72,0.813609,0.851808,0.42,-0.993333,1.856667,0.1,1.0,63,7.72,5.783333,9.753333,8.0,0.0,122,True
resnet18,recon,adaround,L-A32--w-int4--a-fp32--mse_per_layer--fit-mse_per_layer-fp32in-s2,N-nobc--w-fp6_e2m3--a-fp6_e2m3--default_no_bias_correction,69.3,67.978333,0.733696,0.775774,-1.321667,-2.888417,0.273333,-2.4,0.01969,98,,,,,,,True
resnet18,recon,adaround,L-A32--w-int4--a-fp32--mse_per_layer--fit-mse_per_layer-fp32in-s2,N-nobc--w-int4--a-int4--default_no_bias_correction,69.3,27.783477,0.375505,0.285739,-41.516523,-44.377137,-38.684756,-40.8,0.0,464,,,,,,,True
resnet18,recon,adaround,L-A32--w-int4--a-fp32--mse_per_layer--fit-mse_per_layer-fp32in-s2,N-nobc--w-int4--a-int8--default_no_bias_correction,69.3,53.466667,0.576687,0.606679,-15.833333,-18.416667,-13.25,-15.7,0.0,207,-24.741667,-27.716667,-21.774792,-24.6,0.0,290,True
resnet18,recon,adaround,L-A32--w-int4--a-fp32--mse_per_layer--fit-mse_per_layer-fp32in-s2,N-nobc--w-int4--a-int8--default_no_bias_correction--mse_per_layer,69.3,18.983333,0.359318,0.257219,-50.316667,-53.475,-47.183125,-50.2,0.0,526,-67.141667,-70.066667,-64.216667,-66.9,0.0,675,True
resnet18,recon,adaround,L-A32--w-int4--a-fp32--mse_per_layer--fit-mse_per_layer-fp32in-s2,N-nobc--w-int6--a-int6--default_no_bias_correction,69.3,66.503333,0.704,0.746149,-2.796667,-4.646708,-0.908333,-2.5,0.022298,111,-3.038333,-5.301667,-0.741667,,,,True
resnet18,recon,adaround,L-A32--w-int4--a-fp32--mse_per_layer--fit-mse_per_layer-fp32in-s2,N-nobc--w-int8--a-int8--default_no_bias_correction,69.3,69.316667,0.804094,0.842987,0.016667,-1.5,1.55,-0.3,0.807195,67,8.366667,6.383333,10.466667,8.3,0.0,127,True
resnet18,recon,adaround,L-A32--w-int4--a-fp32--mse_per_layer--fit-mse_per_layer-fp32in-s2,N-nobc--w-posit8_es1--a-posit8_es1--default_no_bias_correction,69.3,69.241667,0.80826,0.847103,-0.058333,-1.483333,1.4,0.1,1.0,65,5.25,3.25,7.333333,,,,True
resnet18,recon,adaround,L-A32--w-int6--a-fp32--mse_per_channel--fit-mse_per_channel-fp32in-s0,L-A32--w-int8--a-fp32--mse_per_channel--fit-mse_per_channel-fp32in-s0,69.5,69.9,0.961165,0.971634,0.4,-0.3,1.1,0.4,0.387695,12,1.3,0.3,2.3,1.3,0.014633,25,True
resnet18,recon,adaround,L-A32--w-int6--a-fp32--mse_per_channel--fit-mse_per_channel-fp32in-s0,L-A32--w-posit8_es1--a-fp32--mse_per_channel--fit-mse_per_channel-fp32in-s0,69.5,70.0,0.964286,0.974002,0.5,-0.1,1.2,0.5,0.226562,11,1.8,0.9,2.7,1.8,0.000121,22,True
resnet18,recon,adaround,L-A32--w-int6--a-fp32--mse_per_channel--fit-mse_per_channel-fp32in-s0,L-bc--w-fp6_e2m3--a-fp6_e2m3--default--fit-mse_per_channel-fp32in-s0,69.5,67.836667,0.789773,0.829495,-1.663333,-3.125042,-0.2165,-2.0,0.026517,74,-12.704881,-14.626708,-10.853679,,,,True
resnet18,recon,adaround,L-A32--w-int6--a-fp32--mse_per_channel--fit-mse_per_channel-fp32in-s0,L-bc--w-int4--a-int8--default--fit-mse_per_channel-fp32in-s0,69.5,67.758333,0.82029,0.856886,-1.741667,-3.300208,-0.233333,-1.8,0.030016,62,-10.441667,-12.408333,-8.591458,-9.7,0.0,113,True
resnet18,recon,adaround,L-A32--w-int6--a-fp32--mse_per_channel--fit-mse_per_channel-fp32in-s0,L-bc--w-int6--a-int6--default--fit-mse_per_channel-fp32in-s0,69.5,68.125,0.824207,0.860311,-1.375,-2.625,-0.15,-2.3,0.004444,61,-9.226667,-10.855,-7.688292,,,,True
resnet18,recon,adaround,L-A32--w-int6--a-fp32--mse_per_channel--fit-mse_per_channel-fp32in-s0,L-bc--w-int8--a-int8--default--fit-mse_per_channel-fp32in-s0,69.5,69.533333,0.939873,0.955331,0.033333,-0.7,0.75,-0.3,0.647606,19,-0.833333,-1.916667,0.233333,-0.8,0.268187,40,True
resnet18,recon,adaround,L-A32--w-int6--a-fp32--mse_per_channel--fit-mse_per_channel-fp32in-s0,L-bc--w-posit8_es1--a-posit8_es1--default--fit-mse_per_channel-fp32in-s0,69.5,69.553333,0.888545,0.915084,0.053333,-0.976667,1.1,0.0,1.0,36,-4.655,-5.963333,-3.375,-3.6,5e-06,62,True
resnet18,recon,adaround,L-A32--w-int6--a-fp32--mse_per_channel--fit-mse_per_channel-fp32in-s0,L-nobc--w-fp6_e2m3--a-fp6_e2m3--default_no_bias_correction--fit-mse_per_channel-fp32in-s0,69.5,67.656667,0.757576,0.799299,-1.843333,-3.268333,-0.456667,-2.8,0.003747,88,-12.0,-13.85675,-10.218333,,,,True
resnet18,recon,adaround,L-A32--w-int6--a-fp32--mse_per_channel--fit-mse_per_channel-fp32in-s0,L-nobc--w-int4--a-int4--default_no_bias_correction--fit-mse_per_channel-fp32in-s0,69.5,24.825755,0.351899,0.2313,-44.674245,-47.451002,-41.728162,-45.8,0.0,512,,,,,,,True
resnet18,recon,adaround,L-A32--w-int6--a-fp32--mse_per_channel--fit-mse_per_channel-fp32in-s0,L-nobc--w-int4--a-int8--default_no_bias_correction--fit-mse_per_channel-fp32in-s0,69.5,70.433333,0.858896,0.891136,0.933333,-0.4,2.283333,0.4,0.658738,46,-6.0,-7.7,-4.35,-5.8,0.0,84,True
resnet18,recon,adaround,L-A32--w-int6--a-fp32--mse_per_channel--fit-mse_per_channel-fp32in-s0,L-nobc--w-int4--a-int8--default_no_bias_correction--mse_per_layer--fit-mse_per_layer-fp32in-s0,69.5,69.4,0.822485,0.859336,-0.1,-1.55,1.333333,-0.6,0.518958,60,-10.7,-12.75,-8.816667,-11.2,0.0,124,True
resnet18,recon,adaround,L-A32--w-int6--a-fp32--mse_per_channel--fit-mse_per_channel-fp32in-s0,L-nobc--w-int4--a-int8--default_no_bias_correction--mse_per_layer--fit-mse_per_layer-fp32in-s1,69.5,68.6,0.834808,0.869692,-0.9,-2.3,0.55,-1.2,0.140895,56,-10.95,-12.95,-9.05,-11.2,0.0,120,True
resnet18,recon,adaround,L-A32--w-int6--a-fp32--mse_per_channel--fit-mse_per_channel-fp32in-s0,L-nobc--w-int4--a-int8--default_no_bias_correction--mse_per_layer--fit-mse_per_layer-fp32in-s2,69.5,69.4,0.809942,0.848127,-0.1,-1.55,1.366667,-0.9,0.321084,65,-10.866667,-12.9,-8.916667,-11.4,0.0,126,True
resnet18,recon,adaround,L-A32--w-int6--a-fp32--mse_per_channel--fit-mse_per_channel-fp32in-s0,L-nobc--w-int6--a-int6--default_no_bias_correction--fit-mse_per_channel-fp32in-s0,69.5,65.981667,0.748649,0.790677,-3.518333,-5.05,-1.968333,-3.7,0.000158,93,-11.71,-13.546708,-9.938333,,,,True
resnet18,recon,adaround,L-A32--w-int6--a-fp32--mse_per_channel--fit-mse_per_channel-fp32in-s0,L-nobc--w-int8--a-int8--default_no_bias_correction--fit-mse_per_channel-fp32in-s0,69.5,69.666667,0.909091,0.931535,0.166667,-0.65,1.0,0.1,1.0,29,-1.516667,-2.616667,-0.45,-1.8,0.013283,48,True
resnet18,recon,adaround,L-A32--w-int6--a-fp32--mse_per_channel--fit-mse_per_channel-fp32in-s0,L-nobc--w-posit8_es1--a-posit8_es1--default_no_bias_correction--fit-mse_per_channel-fp32in-s0,69.5,68.975,0.88685,0.913407,-0.525,-1.508333,0.466667,-0.7,0.324009,37,-4.663333,-6.021667,-3.366667,-4.0,1e-06,66,True
resnet18,recon,adaround,L-A32--w-int6--a-fp32--mse_per_channel--fit-mse_per_channel-fp32in-s0,LQ-bc--w-int6--a-int6--default--fit-mse_per_channel-b2in-int6-s0,69.5,68.125,0.823699,0.859858,-1.375,-2.6,-0.175,-2.1,0.009853,61,-8.565714,-10.153815,-7.052381,,,,True
resnet18,recon,adaround,L-A32--w-int6--a-fp32--mse_per_channel--fit-mse_per_channel-fp32in-s0,LQ-nobc--w-int4--a-int4--default_no_bias_correction--fit-mse_per_channel-b2in-int4-s0,69.5,27.757018,0.370027,0.278021,-41.742982,-44.465989,-38.925458,-42.3,0.0,475,,,,,,,True
resnet18,recon,adaround,L-A32--w-int6--a-fp32--mse_per_channel--fit-mse_per_channel-fp32in-s0,LQ-nobc--w-int6--a-int6--default_no_bias_correction--fit-mse_per_channel-b2in-int6-s0,69.5,65.953333,0.777778,0.818309,-3.546667,-4.975,-2.134958,-3.0,0.001053,80,-10.651667,-12.470042,-8.871667,,,,True
resnet18,recon,adaround,L-A32--w-int6--a-fp32--mse_per_channel--fit-mse_per_channel-fp32in-s0,N-A32--w-fp6_e2m3--a-fp32--mse_per_channel,69.5,69.8,0.914826,0.936161,0.3,-0.7,1.3025,0.3,0.701108,27,-3.2,-4.6,-1.8,-3.2,1.4e-05,54,True
resnet18,recon,adaround,L-A32--w-int6--a-fp32--mse_per_channel--fit-mse_per_channel-fp32in-s0,N-A32--w-int4--a-fp32--mse_per_channel,69.5,53.9,0.582645,0.616094,-15.6,-18.2,-13.1,-15.6,0.0,202,-34.6,-37.6,-31.6975,-34.6,0.0,354,True
resnet18,recon,adaround,L-A32--w-int6--a-fp32--mse_per_channel--fit-mse_per_channel-fp32in-s0,N-A32--w-int4--a-fp32--mse_per_layer,69.5,19.0,0.361416,0.271014,-50.5,-53.7,-47.3,-50.5,0.0,523,-77.3,-79.9,-74.7,-77.3,0.0,775,True
resnet18,recon,adaround,L-A32--w-int6--a-fp32--mse_per_channel--fit-mse_per_channel-fp32in-s0,N-A32--w-int6--a-fp32--mse_per_channel,69.5,69.4,0.897516,0.922235,-0.1,-1.3,1.0,-0.1,1.0,33,-5.2,-6.8,-3.7,-5.2,0.0,64,True
resnet18,recon,adaround,L-A32--w-int6--a-fp32--mse_per_channel--fit-mse_per_channel-fp32in-s0,N-A32--w-int8--a-fp32--mse_per_channel,69.5,69.0,0.921875,0.941366,-0.5,-1.5,0.5,-0.5,0.424356,25,-0.8,-2.0,0.4,-0.8,0.255875,38,True
resnet18,recon,adaround,L-A32--w-int6--a-fp32--mse_per_channel--fit-mse_per_channel-fp32in-s0,N-A32--w-posit8_es1--a-fp32--mse_per_channel,69.5,69.8,0.933121,0.950353,0.3,-0.6,1.2,0.3,0.663624,21,-0.9,-2.2,0.4,-0.9,0.211024,41,True
resnet18,recon,adaround,L-A32--w-int6--a-fp32--mse_per_channel--fit-mse_per_channel-fp32in-s0,N-default--w-fp6_e2m3--a-fp6_e2m3--default,69.5,66.656667,0.764543,0.805921,-2.843333,-4.443333,-1.321667,-2.7,0.004512,85,,,,,,,True
resnet18,recon,adaround,L-A32--w-int6--a-fp32--mse_per_channel--fit-mse_per_channel-fp32in-s0,N-default--w-int6--a-int6--default,69.5,65.891667,0.75067,0.792764,-3.608333,-5.233542,-2.025,-4.3,9e-06,93,,,,,,,True
resnet18,recon,adaround,L-A32--w-int6--a-fp32--mse_per_channel--fit-mse_per_channel-fp32in-s0,N-default--w-int8--a-int8--default,69.5,69.216667,0.928349,0.946404,-0.283333,-1.033333,0.433333,-0.9,0.09314,23,-1.508333,-2.541667,-0.5,-1.6,0.016589,40,True
resnet18,recon,adaround,L-A32--w-int6--a-fp32--mse_per_channel--fit-mse_per_channel-fp32in-s0,N-default--w-posit8_es1--a-posit8_es1--default,69.5,69.633333,0.895062,0.920137,0.133333,-0.866667,1.116667,-0.4,0.607591,34,-4.8,-6.108333,-3.575,,,,True
resnet18,recon,adaround,L-A32--w-int6--a-fp32--mse_per_channel--fit-mse_per_channel-fp32in-s0,N-minimal--w-fp6_e2m3--a-fp6_e2m3--minimal,69.5,68.000952,0.744505,0.786874,-1.499048,-3.055036,0.068613,-2.5,0.012401,93,-13.695714,-15.713583,-11.793208,,,,True
resnet18,recon,adaround,L-A32--w-int6--a-fp32--mse_per_channel--fit-mse_per_channel-fp32in-s0,N-minimal--w-int4--a-int4--minimal,69.5,17.139623,0.336105,0.185999,-52.360377,-55.277197,-49.38718,-51.5,0.0,559,,,,,,,True
resnet18,recon,adaround,L-A32--w-int6--a-fp32--mse_per_channel--fit-mse_per_channel-fp32in-s0,N-minimal--w-int4--a-int8--minimal,69.5,46.483333,0.467601,0.454655,-23.016667,-26.083333,-19.916667,-22.8,0.0,304,-48.85,-51.950417,-45.85,-48.5,0.0,489,True
resnet18,recon,adaround,L-A32--w-int6--a-fp32--mse_per_channel--fit-mse_per_channel-fp32in-s0,N-minimal--w-int6--a-int6--minimal,69.5,65.831667,0.712401,0.754781,-3.668333,-5.425042,-1.948167,-3.9,0.000237,109,-15.626667,-17.693375,-13.56,,,,True
resnet18,recon,adaround,L-A32--w-int6--a-fp32--mse_per_channel--fit-mse_per_channel-fp32in-s0,N-minimal--w-int8--a-int8--minimal,69.5,69.72,0.921384,0.941088,0.22,-0.663333,1.083333,-0.1,1.0,25,-2.58,-3.8,-1.38,-2.3,0.001089,47,True
resnet18,recon,adaround,L-A32--w-int6--a-fp32--mse_per_channel--fit-mse_per_channel-fp32in-s0,N-nobc--w-fp6_e2m3--a-fp6_e2m3--default_no_bias_correction,69.5,67.978333,0.761773,0.803327,-1.521667,-3.005042,-0.076625,-2.6,0.006674,86,,,,,,,True
resnet18,recon,adaround,L-A32--w-int6--a-fp32--mse_per_channel--fit-mse_per_channel-fp32in-s0,N-nobc--w-int4--a-int4--default_no_bias_correction,69.5,27.783477,0.382114,0.307576,-41.716523,-44.518153,-38.874717,-41.0,0.0,456,,,,,,,True
resnet18,recon,adaround,L-A32--w-int6--a-fp32--mse_per_channel--fit-mse_per_channel-fp32in-s0,N-nobc--w-int4--a-int8--default_no_bias_correction,69.5,53.466667,0.579055,0.61183,-16.033333,-18.566667,-13.516667,-15.9,0.0,205,-35.041667,-37.975208,-32.108125,-34.9,0.0,357,True
resnet18,recon,adaround,L-A32--w-int6--a-fp32--mse_per_channel--fit-mse_per_channel-fp32in-s0,N-nobc--w-int4--a-int8--default_no_bias_correction--mse_per_layer,69.5,18.983333,0.358537,0.261105,-50.516667,-53.65,-47.325,-50.4,0.0,526,-77.441667,-80.0,-74.908125,-77.2,0.0,774,True
resnet18,recon,adaround,L-A32--w-int6--a-fp32--mse_per_channel--fit-mse_per_channel-fp32in-s0,N-nobc--w-int6--a-int6--default_no_bias_correction,69.5,66.503333,0.740437,0.782861,-2.996667,-4.63,-1.388333,-2.7,0.007313,95,-13.338333,-15.330042,-11.48,,,,True
resnet18,recon,adaround,L-A32--w-int6--a-fp32--mse_per_channel--fit-mse_per_channel-fp32in-s0,N-nobc--w-int8--a-int8--default_no_bias_correction,69.5,69.316667,0.909938,0.931973,-0.183333,-1.1,0.716667,-0.5,0.458258,29,-1.933333,-3.133333,-0.76625,-2.0,0.0066,50,True
resnet18,recon,adaround,L-A32--w-int6--a-fp32--mse_per_channel--fit-mse_per_channel-fp32in-s0,N-nobc--w-posit8_es1--a-posit8_es1--default_no_bias_correction,69.5,69.241667,0.88,0.908095,-0.258333,-1.316667,0.8,-0.1,1.0,39,-5.05,-6.458333,-3.691667,,,,True
resnet18,recon,adaround,L-A32--w-int8--a-fp32--mse_per_channel--fit-mse_per_channel-fp32in-s0,L-A32--w-posit8_es1--a-fp32--mse_per_channel--fit-mse_per_channel-fp32in-s0,69.9,70.0,0.983498,0.988109,0.1,-0.3,0.5,0.1,1.0,5,0.5,-0.1,1.2,0.5,0.226562,11,True
resnet18,recon,adaround,L-A32--w-int8--a-fp32--mse_per_channel--fit-mse_per_channel-fp32in-s0,L-bc--w-fp6_e2m3--a-fp6_e2m3--default--fit-mse_per_channel-fp32in-s0,69.9,67.836667,0.798851,0.838647,-2.063333,-3.508375,-0.658292,-2.4,0.005583,70,-14.004881,-15.905039,-12.162342,,,,True
resnet18,recon,adaround,L-A32--w-int8--a-fp32--mse_per_channel--fit-mse_per_channel-fp32in-s0,L-bc--w-int4--a-int8--default--fit-mse_per_channel-fp32in-s0,69.9,67.758333,0.813953,0.852127,-2.141667,-3.741667,-0.6,-2.2,0.008147,64,-11.741667,-13.733333,-9.85,-11.0,0.0,118,True
resnet18,recon,adaround,L-A32--w-int8--a-fp32--mse_per_channel--fit-mse_per_channel-fp32in-s0,L-bc--w-int6--a-int6--default--fit-mse_per_channel-fp32in-s0,69.9,68.125,0.81268,0.851045,-1.775,-3.108542,-0.483333,-2.7,0.00109,65,-10.526667,-12.205,-8.951625,,,,True
resnet18,recon,adaround,L-A32--w-int8--a-fp32--mse_per_channel--fit-mse_per_channel-fp32in-s0,L-bc--w-int8--a-int8--default--fit-mse_per_channel-fp32in-s0,69.9,69.533333,0.951923,0.96472,-0.366667,-1.0,0.23375,-0.7,0.118469,15,-2.133333,-2.966667,-1.366667,-2.1,1.9e-05,25,True
resnet18,recon,adaround,L-A32--w-int8--a-fp32--mse_per_channel--fit-mse_per_channel-fp32in-s0,L-bc--w-posit8_es1--a-posit8_es1--default--fit-mse_per_channel-fp32in-s0,69.9,69.553333,0.899687,0.924282,-0.346667,-1.293333,0.633333,-0.4,0.596615,32,-5.955,-7.175042,-4.776667,-4.9,0.0,57,True
resnet18,recon,adaround,L-A32--w-int8--a-fp32--mse_per_channel--fit-mse_per_channel-fp32in-s0,L-nobc--w-fp6_e2m3--a-fp6_e2m3--default_no_bias_correction--fit-mse_per_channel-fp32in-s0,69.9,67.656667,0.751381,0.794571,-2.243333,-3.646708,-0.865,-3.2,0.000973,90,-13.3,-15.038333,-11.606667,,,,True
resnet18,recon,adaround,L-A32--w-int8--a-fp32--mse_per_channel--fit-mse_per_channel-fp32in-s0,L-nobc--w-int4--a-int4--default_no_bias_correction--fit-mse_per_channel-fp32in-s0,69.9,24.825755,0.350254,0.237558,-45.074245,-47.831238,-42.21355,-46.2,0.0,512,,,,,,,True
resnet18,recon,adaround,L-A32--w-int8--a-fp32--mse_per_channel--fit-mse_per_channel-fp32in-s0,L-nobc--w-int4--a-int8--default_no_bias_correction--fit-mse_per_channel-fp32in-s0,69.9,70.433333,0.88125,0.909695,0.533333,-0.65,1.733333,0.0,1.0,38,-7.3,-8.9,-5.75,-7.1,0.0,75,True
resnet18,recon,adaround,L-A32--w-int8--a-fp32--mse_per_channel--fit-mse_per_channel-fp32in-s0,L-nobc--w-int4--a-int8--default_no_bias_correction--mse_per_layer--fit-mse_per_layer-fp32in-s0,69.9,69.4,0.810651,0.849569,-0.5,-1.966667,0.95,-1.0,0.260435,64,-12.0,-14.05,-10.033333,-12.5,0.0,133,True
resnet18,recon,adaround,L-A32--w-int8--a-fp32--mse_per_channel--fit-mse_per_channel-fp32in-s0,L-nobc--w-int4--a-int8--default_no_bias_correction--mse_per_layer--fit-mse_per_layer-fp32in-s1,69.9,68.6,0.823009,0.860143,-1.3,-2.75,0.2,-1.6,0.051894,60,-12.25,-14.3,-10.3,-12.5,0.0,129,True
resnet18,recon,adaround,L-A32--w-int8--a-fp32--mse_per_channel--fit-mse_per_channel-fp32in-s0,L-nobc--w-int4--a-int8--default_no_bias_correction--mse_per_layer--fit-mse_per_layer-fp32in-s2,69.9,69.4,0.803519,0.843105,-0.5,-1.966667,1.0,-1.3,0.142071,67,-12.166667,-14.233333,-10.166667,-12.7,0.0,131,True
resnet18,recon,adaround,L-A32--w-int8--a-fp32--mse_per_channel--fit-mse_per_channel-fp32in-s0,L-nobc--w-int6--a-int6--default_no_bias_correction--fit-mse_per_channel-fp32in-s0,69.9,65.981667,0.752044,0.795324,-3.918333,-5.401667,-2.43825,-4.1,2e-05,91,-13.01,-14.760042,-11.331542,,,,True
resnet18,recon,adaround,L-A32--w-int8--a-fp32--mse_per_channel--fit-mse_per_channel-fp32in-s0,L-nobc--w-int8--a-int8--default_no_bias_correction--fit-mse_per_channel-fp32in-s0,69.9,69.666667,0.939103,0.955,-0.233333,-0.9,0.433333,-0.3,0.647606,19,-2.816667,-3.716667,-2.0,-3.1,0.0,33,True
resnet18,recon,adaround,L-A32--w-int8--a-fp32--mse_per_channel--fit-mse_per_channel-fp32in-s0,L-nobc--w-posit8_es1--a-posit8_es1--default_no_bias_correction--fit-mse_per_channel-fp32in-s0,69.9,68.975,0.897833,0.922694,-0.925,-1.858333,-0.008333,-1.1,0.080143,33,-5.963333,-7.168333,-4.804917,-5.3,0.0,61,True
resnet18,recon,adaround,L-A32--w-int8--a-fp32--mse_per_channel--fit-mse_per_channel-fp32in-s0,LQ-bc--w-int6--a-int6--default--fit-mse_per_channel-b2in-int6-s0,69.9,68.125,0.822674,0.859835,-1.775,-3.0,-0.575,-2.5,0.001868,61,-9.865714,-11.482381,-8.271661,,,,True
resnet18,recon,adaround,L-A32--w-int8--a-fp32--mse_per_channel--fit-mse_per_channel-fp32in-s0,LQ-nobc--w-int4--a-int4--default_no_bias_correction--fit-mse_per_channel-b2in-int4-s0,69.9,27.757018,0.368351,0.283528,-42.142982,-44.840139,-39.357479,-42.7,0.0,475,,,,,,,True
resnet18,recon,adaround,L-A32--w-int8--a-fp32--mse_per_channel--fit-mse_per_channel-fp32in-s0,LQ-nobc--w-int6--a-int6--default_no_bias_correction--fit-mse_per_channel-b2in-int6-s0,69.9,65.953333,0.776536,0.818319,-3.946667,-5.36675,-2.529958,-3.4,0.000183,80,-11.951667,-13.656833,-10.3,,,,True
resnet18,recon,adaround,L-A32--w-int8--a-fp32--mse_per_channel--fit-mse_per_channel-fp32in-s0,N-A32--w-fp6_e2m3--a-fp32--mse_per_channel,69.9,69.8,0.920382,0.940648,-0.1,-1.1,0.9,-0.1,1.0,25,-4.5,-5.9,-3.1,-4.5,0.0,55,True
resnet18,recon,adaround,L-A32--w-int8--a-fp32--mse_per_channel--fit-mse_per_channel-fp32in-s0,N-A32--w-int4--a-fp32--mse_per_channel,69.9,53.9,0.57438,0.608968,-16.0,-18.6,-13.4,-16.0,0.0,206,-35.9,-38.9,-33.0,-35.9,0.0,361,True
resnet18,recon,adaround,L-A32--w-int8--a-fp32--mse_per_channel--fit-mse_per_channel-fp32in-s0,N-A32--w-int4--a-fp32--mse_per_layer,69.9,19.0,0.356532,0.267803,-50.9,-54.1,-47.7,-50.9,0.0,527,-78.6,-81.1,-76.1,-78.6,0.0,786,True
resnet18,recon,adaround,L-A32--w-int8--a-fp32--mse_per_channel--fit-mse_per_channel-fp32in-s0,N-A32--w-int6--a-fp32--mse_per_channel,69.9,69.4,0.902821,0.926742,-0.5,-1.6,0.6,-0.5,0.47313,31,-6.5,-8.2,-4.9,-6.5,0.0,73,True
resnet18,recon,adaround,L-A32--w-int8--a-fp32--mse_per_channel--fit-mse_per_channel-fp32in-s0,N-A32--w-int8--a-fp32--mse_per_channel,69.9,69.0,0.933544,0.95073,-0.9,-1.8,0.0,-0.9,0.078354,21,-2.1,-3.1,-1.1,-2.1,4.9e-05,27,True
resnet18,recon,adaround,L-A32--w-int8--a-fp32--mse_per_channel--fit-mse_per_channel-fp32in-s0,N-A32--w-posit8_es1--a-fp32--mse_per_channel,69.9,69.8,0.945161,0.959641,-0.1,-0.9,0.7,-0.1,1.0,17,-2.2,-3.3,-1.2,-2.2,5.9e-05,30,True
resnet18,recon,adaround,L-A32--w-int8--a-fp32--mse_per_channel--fit-mse_per_channel-fp32in-s0,N-default--w-fp6_e2m3--a-fp6_e2m3--default,69.9,66.656667,0.763231,0.805823,-3.243333,-4.848417,-1.704958,-3.1,0.001016,85,,,,,,,True
resnet18,recon,adaround,L-A32--w-int8--a-fp32--mse_per_channel--fit-mse_per_channel-fp32in-s0,N-default--w-int6--a-int6--default,69.9,65.891667,0.749326,0.792945,-4.008333,-5.65,-2.383125,-4.7,1e-06,93,,,,,,,True
resnet18,recon,adaround,L-A32--w-int8--a-fp32--mse_per_channel--fit-mse_per_channel-fp32in-s0,N-default--w-int8--a-int8--default,69.9,69.216667,0.933962,0.951144,-0.683333,-1.433333,0.03375,-1.3,0.007197,21,-2.808333,-3.791667,-1.866667,-2.9,0.0,35,True
resnet18,recon,adaround,L-A32--w-int8--a-fp32--mse_per_channel--fit-mse_per_channel-fp32in-s0,N-default--w-posit8_es1--a-posit8_es1--default,69.9,69.633333,0.90625,0.929408,-0.266667,-1.25,0.666667,-0.8,0.200488,30,-6.1,-7.4,-4.866667,,,,True
resnet18,recon,adaround,L-A32--w-int8--a-fp32--mse_per_channel--fit-mse_per_channel-fp32in-s0,N-minimal--w-fp6_e2m3--a-fp6_e2m3--minimal,69.9,68.000952,0.76257,0.805209,-1.899048,-3.352446,-0.435696,-2.9,0.002195,85,-14.995714,-16.883101,-13.21,,,,True
resnet18,recon,adaround,L-A32--w-int8--a-fp32--mse_per_channel--fit-mse_per_channel-fp32in-s0,N-minimal--w-int4--a-int4--minimal,69.9,17.139623,0.334524,0.193958,-52.760377,-55.692712,-49.805468,-51.9,0.0,559,,,,,,,True
resnet18,recon,adaround,L-A32--w-int8--a-fp32--mse_per_channel--fit-mse_per_channel-fp32in-s0,N-minimal--w-int4--a-int8--minimal,69.9,46.483333,0.463158,0.452561,-23.416667,-26.433333,-20.316667,-23.2,0.0,306,-50.15,-53.233333,-47.15,-49.8,0.0,500,True
resnet18,recon,adaround,L-A32--w-int8--a-fp32--mse_per_channel--fit-mse_per_channel-fp32in-s0,N-minimal--w-int6--a-int6--minimal,69.9,65.831667,0.706349,0.75015,-4.068333,-5.836708,-2.366625,-4.3,5.5e-05,111,-16.926667,-19.026875,-14.868333,,,,True
resnet18,recon,adaround,L-A32--w-int8--a-fp32--mse_per_channel--fit-mse_per_channel-fp32in-s0,N-minimal--w-int8--a-int8--minimal,69.9,69.72,0.920886,0.940935,-0.18,-1.11,0.720083,-0.5,0.424356,25,-3.88,-5.05,-2.733333,-3.6,0.0,42,True
resnet18,recon,adaround,L-A32--w-int8--a-fp32--mse_per_channel--fit-mse_per_channel-fp32in-s0,N-nobc--w-fp6_e2m3--a-fp6_e2m3--default_no_bias_correction,69.9,67.978333,0.765363,0.807831,-1.921667,-3.366708,-0.48825,-3.0,0.001404,84,,,,,,,True
resnet18,recon,adaround,L-A32--w-int8--a-fp32--mse_per_channel--fit-mse_per_channel-fp32in-s0,N-nobc--w-int4--a-int4--default_no_bias_correction,69.9,27.783477,0.378562,0.30805,-42.116523,-44.92757,-39.281521,-41.4,0.0,458,,,,,,,True
resnet18,recon,adaround,L-A32--w-int8--a-fp32--mse_per_channel--fit-mse_per_channel-fp32in-s0,N-nobc--w-int4--a-int8--default_no_bias_correction,69.9,53.466667,0.570842,0.604745,-16.433333,-19.0,-13.91625,-16.3,0.0,209,-36.341667,-39.3,-33.466667,-36.2,0.0,364,True
resnet18,recon,adaround,L-A32--w-int8--a-fp32--mse_per_channel--fit-mse_per_channel-fp32in-s0,N-nobc--w-int4--a-int8--default_no_bias_correction--mse_per_layer,69.9,18.983333,0.353659,0.257843,-50.916667,-54.075,-47.725,-50.8,0.0,530,-78.741667,-81.258542,-76.266667,-78.5,0.0,785,True
resnet18,recon,adaround,L-A32--w-int8--a-fp32--mse_per_channel--fit-mse_per_channel-fp32in-s0,N-nobc--w-int6--a-int6--default_no_bias_correction,69.9,66.503333,0.753463,0.796565,-3.396667,-4.955083,-1.904875,-3.1,0.001335,89,-14.638333,-16.601833,-12.776667,,,,True
resnet18,recon,adaround,L-A32--w-int8--a-fp32--mse_per_channel--fit-mse_per_channel-fp32in-s0,N-nobc--w-int8--a-int8--default_no_bias_correction,69.9,69.316667,0.915361,0.936588,-0.583333,-1.466667,0.266667,-0.9,0.122078,27,-3.233333,-4.283333,-2.266667,-3.3,0.0,39,True
resnet18,recon,adaround,L-A32--w-int8--a-fp32--mse_per_channel--fit-mse_per_channel-fp32in-s0,N-nobc--w-posit8_es1--a-posit8_es1--default_no_bias_correction,69.9,69.241667,0.896875,0.922011,-0.658333,-1.666667,0.3,-0.5,0.48685,33,-6.35,-7.65,-5.091458,,,,True
resnet18,recon,adaround,L-A32--w-posit8_es1--a-fp32--mse_per_channel--fit-mse_per_channel-fp32in-s0,L-bc--w-fp6_e2m3--a-fp6_e2m3--default--fit-mse_per_channel-fp32in-s0,70.0,67.836667,0.801153,0.840957,-2.163333,-3.571667,-0.773333,-2.5,0.003545,69,-14.504881,-16.350497,-12.736646,,,,True
resnet18,recon,adaround,L-A32--w-posit8_es1--a-fp32--mse_per_channel--fit-mse_per_channel-fp32in-s0,L-bc--w-int4--a-int8--default--fit-mse_per_channel-fp32in-s0,70.0,67.758333,0.816327,0.854443,-2.241667,-3.816667,-0.725,-2.3,0.005152,63,-12.241667,-14.25,-10.366458,-11.5,0.0,119,True
resnet18,recon,adaround,L-A32--w-posit8_es1--a-fp32--mse_per_channel--fit-mse_per_channel-fp32in-s0,L-bc--w-int6--a-int6--default--fit-mse_per_channel-fp32in-s0,70.0,68.125,0.815029,0.853378,-1.875,-3.183333,-0.6,-2.8,0.000617,64,-11.026667,-12.700042,-9.429958,,,,True
resnet18,recon,adaround,L-A32--w-posit8_es1--a-fp32--mse_per_channel--fit-mse_per_channel-fp32in-s0,L-bc--w-int8--a-int8--default--fit-mse_per_channel-fp32in-s0,70.0,69.533333,0.948718,0.962365,-0.466667,-1.1,0.15,-0.8,0.076813,16,-2.633333,-3.566667,-1.766667,-2.6,1e-06,30,True
resnet18,recon,adaround,L-A32--w-posit8_es1--a-fp32--mse_per_channel--fit-mse_per_channel-fp32in-s0,L-bc--w-posit8_es1--a-posit8_es1--default--fit-mse_per_channel-fp32in-s0,70.0,69.553333,0.902516,0.926605,-0.446667,-1.396667,0.533333,-0.5,0.47313,31,-6.455,-7.65,-5.33,-5.4,0.0,54,True
resnet18,recon,adaround,L-A32--w-posit8_es1--a-fp32--mse_per_channel--fit-mse_per_channel-fp32in-s0,L-nobc--w-fp6_e2m3--a-fp6_e2m3--default_no_bias_correction--fit-mse_per_channel-fp32in-s0,70.0,67.656667,0.753463,0.796868,-2.343333,-3.743458,-0.955,-3.3,0.00061,89,-13.8,-15.561708,-12.131583,,,,True
resnet18,recon,adaround,L-A32--w-posit8_es1--a-fp32--mse_per_channel--fit-mse_per_channel-fp32in-s0,L-nobc--w-int4--a-int4--default_no_bias_correction--fit-mse_per_channel-fp32in-s0,70.0,24.825755,0.348985,0.236567,-45.174245,-47.939496,-42.299165,-46.3,0.0,513,,,,,,,True
resnet18,recon,adaround,L-A32--w-posit8_es1--a-fp32--mse_per_channel--fit-mse_per_channel-fp32in-s0,L-nobc--w-int4--a-int8--default_no_bias_correction--fit-mse_per_channel-fp32in-s0,70.0,70.433333,0.872274,0.902476,0.433333,-0.783333,1.65,-0.1,1.0,41,-7.8,-9.5,-6.2,-7.6,0.0,82,True
resnet18,recon,adaround,L-A32--w-posit8_es1--a-fp32--mse_per_channel--fit-mse_per_channel-fp32in-s0,L-nobc--w-int4--a-int8--default_no_bias_correction--mse_per_layer--fit-mse_per_layer-fp32in-s0,70.0,69.4,0.807692,0.847127,-0.6,-2.066667,0.85,-1.1,0.214539,65,-12.5,-14.583333,-10.5,-13.0,0.0,136,True
resnet18,recon,adaround,L-A32--w-posit8_es1--a-fp32--mse_per_channel--fit-mse_per_channel-fp32in-s0,L-nobc--w-int4--a-int8--default_no_bias_correction--mse_per_layer--fit-mse_per_layer-fp32in-s1,70.0,68.6,0.814706,0.853067,-1.4,-2.9,0.1,-1.7,0.042957,63,-12.75,-14.8,-10.75,-13.0,0.0,136,True
resnet18,recon,adaround,L-A32--w-posit8_es1--a-fp32--mse_per_channel--fit-mse_per_channel-fp32in-s0,L-nobc--w-int4--a-int8--default_no_bias_correction--mse_per_layer--fit-mse_per_layer-fp32in-s2,70.0,69.4,0.795322,0.835979,-0.6,-2.08375,0.9,-1.4,0.119609,70,-12.666667,-14.766667,-10.6,-13.2,0.0,140,True
resnet18,recon,adaround,L-A32--w-posit8_es1--a-fp32--mse_per_channel--fit-mse_per_channel-fp32in-s0,L-nobc--w-int6--a-int6--default_no_bias_correction--fit-mse_per_channel-fp32in-s0,70.0,65.981667,0.744565,0.788452,-4.018333,-5.535042,-2.499917,-4.2,1.7e-05,94,-13.51,-15.318375,-11.776625,,,,True
resnet18,recon,adaround,L-A32--w-posit8_es1--a-fp32--mse_per_channel--fit-mse_per_channel-fp32in-s0,L-nobc--w-int8--a-int8--default_no_bias_correction--fit-mse_per_channel-fp32in-s0,70.0,69.666667,0.923567,0.943116,-0.333333,-1.083333,0.416667,-0.4,0.541256,24,-3.316667,-4.316667,-2.383333,-3.6,0.0,42,True
resnet18,recon,adaround,L-A32--w-posit8_es1--a-fp32--mse_per_channel--fit-mse_per_channel-fp32in-s0,L-nobc--w-posit8_es1--a-posit8_es1--default_no_bias_correction--fit-mse_per_channel-fp32in-s0,70.0,68.975,0.900621,0.92504,-1.025,-1.941875,-0.1,-1.2,0.050102,32,-6.463333,-7.643417,-5.354917,-5.8,0.0,58,True
resnet18,recon,adaround,L-A32--w-posit8_es1--a-fp32--mse_per_channel--fit-mse_per_channel-fp32in-s0,LQ-bc--w-int6--a-int6--default--fit-mse_per_channel-b2in-int6-s0,70.0,68.125,0.819767,0.857514,-1.875,-3.091875,-0.683333,-2.6,0.001299,62,-10.365714,-11.939786,-8.86903,,,,True
resnet18,recon,adaround,L-A32--w-posit8_es1--a-fp32--mse_per_channel--fit-mse_per_channel-fp32in-s0,LQ-nobc--w-int4--a-int4--default_no_bias_correction--fit-mse_per_channel-b2in-int4-s0,70.0,27.757018,0.367021,0.282464,-42.242982,-44.962029,-39.459123,-42.8,0.0,476,,,,,,,True
resnet18,recon,adaround,L-A32--w-posit8_es1--a-fp32--mse_per_channel--fit-mse_per_channel-fp32in-s0,LQ-nobc--w-int6--a-int6--default_no_bias_correction--fit-mse_per_channel-b2in-int6-s0,70.0,65.953333,0.773743,0.816022,-4.046667,-5.466667,-2.644958,-3.5,0.000127,81,-12.451667,-14.105,-10.801667,,,,True
resnet18,recon,adaround,L-A32--w-posit8_es1--a-fp32--mse_per_channel--fit-mse_per_channel-fp32in-s0,N-A32--w-fp6_e2m3--a-fp32--mse_per_channel,70.0,69.8,0.923323,0.942976,-0.2,-1.2,0.8,-0.2,0.83882,24,-5.0,-6.4,-3.6,-5.0,0.0,54,True
resnet18,recon,adaround,L-A32--w-posit8_es1--a-fp32--mse_per_channel--fit-mse_per_channel-fp32in-s0,N-A32--w-int4--a-fp32--mse_per_channel,70.0,53.9,0.569072,0.602809,-16.1,-18.8,-13.5,-16.1,0.0,209,-36.4,-39.4,-33.5,-36.4,0.0,368,True
resnet18,recon,adaround,L-A32--w-posit8_es1--a-fp32--mse_per_channel--fit-mse_per_channel-fp32in-s0,N-A32--w-int4--a-fp32--mse_per_layer,70.0,19.0,0.355311,0.267001,-51.0,-54.2,-47.8,-51.0,0.0,528,-79.1,-81.6,-76.6,-79.1,0.0,791,True
resnet18,recon,adaround,L-A32--w-posit8_es1--a-fp32--mse_per_channel--fit-mse_per_channel-fp32in-s0,N-A32--w-int6--a-fp32--mse_per_channel,70.0,69.4,0.899687,0.924336,-0.6,-1.7,0.5,-0.6,0.377086,32,-7.0,-8.7,-5.4,-7.0,0.0,72,True
resnet18,recon,adaround,L-A32--w-posit8_es1--a-fp32--mse_per_channel--fit-mse_per_channel-fp32in-s0,N-A32--w-int8--a-fp32--mse_per_channel,70.0,69.0,0.93038,0.948377,-1.0,-1.9,-0.1,-1.0,0.052479,22,-2.6,-3.7,-1.6,-2.6,1e-06,30,True
resnet18,recon,adaround,L-A32--w-posit8_es1--a-fp32--mse_per_channel--fit-mse_per_channel-fp32in-s0,N-A32--w-posit8_es1--a-fp32--mse_per_channel,70.0,69.8,0.94822,0.961988,-0.2,-1.0,0.6,-0.2,0.803619,16,-2.7,-3.8,-1.7,-2.7,0.0,29,True
resnet18,recon,adaround,L-A32--w-posit8_es1--a-fp32--mse_per_channel--fit-mse_per_channel-fp32in-s0,N-default--w-fp6_e2m3--a-fp6_e2m3--default,70.0,66.656667,0.765363,0.808127,-3.343333,-4.933375,-1.81,-3.2,0.000628,84,,,,,,,True
resnet18,recon,adaround,L-A32--w-posit8_es1--a-fp32--mse_per_channel--fit-mse_per_channel-fp32in-s0,N-default--w-int6--a-int6--default,70.0,65.891667,0.751351,0.795292,-4.108333,-5.725,-2.508333,-4.8,1e-06,92,,,,,,,True
resnet18,recon,adaround,L-A32--w-posit8_es1--a-fp32--mse_per_channel--fit-mse_per_channel-fp32in-s0,N-default--w-int8--a-int8--default,70.0,69.216667,0.936909,0.953524,-0.783333,-1.467083,-0.116667,-1.4,0.002577,20,-3.308333,-4.316667,-2.358333,-3.4,0.0,38,True
resnet18,recon,adaround,L-A32--w-posit8_es1--a-fp32--mse_per_channel--fit-mse_per_channel-fp32in-s0,N-default--w-posit8_es1--a-posit8_es1--default,70.0,69.633333,0.909091,0.93175,-0.366667,-1.316667,0.583333,-0.9,0.136046,29,-6.6,-7.841667,-5.441667,,,,True
resnet18,recon,adaround,L-A32--w-posit8_es1--a-fp32--mse_per_channel--fit-mse_per_channel-fp32in-s0,N-minimal--w-fp6_e2m3--a-fp6_e2m3--minimal,70.0,68.000952,0.759777,0.802864,-1.999048,-3.505036,-0.510655,-3.0,0.001606,86,-15.495714,-17.36753,-13.686351,,,,True
resnet18,recon,adaround,L-A32--w-posit8_es1--a-fp32--mse_per_channel--fit-mse_per_channel-fp32in-s0,N-minimal--w-int4--a-int4--minimal,70.0,17.139623,0.333333,0.193119,-52.860377,-55.781291,-49.89476,-52.0,0.0,560,,,,,,,True
resnet18,recon,adaround,L-A32--w-posit8_es1--a-fp32--mse_per_channel--fit-mse_per_channel-fp32in-s0,N-minimal--w-int4--a-int8--minimal,70.0,46.483333,0.458844,0.446575,-23.516667,-26.516667,-20.416667,-23.3,0.0,309,-50.65,-53.717083,-47.65,-50.3,0.0,503,True
resnet18,recon,adaround,L-A32--w-posit8_es1--a-fp32--mse_per_channel--fit-mse_per_channel-fp32in-s0,N-minimal--w-int6--a-int6--minimal,70.0,65.831667,0.703704,0.747848,-4.168333,-5.906708,-2.455,-4.4,3.9e-05,112,-17.426667,-19.535,-15.366667,,,,True
resnet18,recon,adaround,L-A32--w-posit8_es1--a-fp32--mse_per_channel--fit-mse_per_channel-fp32in-s0,N-minimal--w-int8--a-int8--minimal,70.0,69.72,0.917722,0.938542,-0.28,-1.183333,0.633333,-0.6,0.32694,26,-4.38,-5.583333,-3.219917,-4.1,0.0,45,True
resnet18,recon,adaround,L-A32--w-posit8_es1--a-fp32--mse_per_channel--fit-mse_per_channel-fp32in-s0,N-nobc--w-fp6_e2m3--a-fp6_e2m3--default_no_bias_correction,70.0,67.978333,0.76257,0.805495,-2.021667,-3.458333,-0.606542,-3.1,0.001016,85,,,,,,,True
resnet18,recon,adaround,L-A32--w-posit8_es1--a-fp32--mse_per_channel--fit-mse_per_channel-fp32in-s0,N-nobc--w-int4--a-int4--default_no_bias_correction,70.0,27.783477,0.377205,0.306965,-42.216523,-45.0515,-39.377288,-41.5,0.0,459,,,,,,,True
resnet18,recon,adaround,L-A32--w-posit8_es1--a-fp32--mse_per_channel--fit-mse_per_channel-fp32in-s0,N-nobc--w-int4--a-int8--default_no_bias_correction,70.0,53.466667,0.565574,0.598598,-16.533333,-19.15,-13.966667,-16.4,0.0,212,-36.841667,-39.808333,-33.958125,-36.7,0.0,371,True
resnet18,recon,adaround,L-A32--w-posit8_es1--a-fp32--mse_per_channel--fit-mse_per_channel-fp32in-s0,N-nobc--w-int4--a-int8--default_no_bias_correction--mse_per_layer,70.0,18.983333,0.352439,0.257028,-51.016667,-54.150208,-47.85,-50.9,0.0,531,-79.241667,-81.7,-76.799792,-79.0,0.0,790,True
resnet18,recon,adaround,L-A32--w-posit8_es1--a-fp32--mse_per_channel--fit-mse_per_channel-fp32in-s0,N-nobc--w-int6--a-int6--default_no_bias_correction,70.0,66.503333,0.750693,0.794226,-3.496667,-5.068417,-1.963333,-3.2,0.000973,90,-15.138333,-17.088417,-13.316583,,,,True
resnet18,recon,adaround,L-A32--w-posit8_es1--a-fp32--mse_per_channel--fit-mse_per_channel-fp32in-s0,N-nobc--w-int8--a-int8--default_no_bias_correction,70.0,69.316667,0.912226,0.934222,-0.683333,-1.583333,0.2,-1.0,0.087159,28,-3.733333,-4.866667,-2.716667,-3.8,0.0,44,True
resnet18,recon,adaround,L-A32--w-posit8_es1--a-fp32--mse_per_channel--fit-mse_per_channel-fp32in-s0,N-nobc--w-posit8_es1--a-posit8_es1--default_no_bias_correction,70.0,69.241667,0.89375,0.9196,-0.758333,-1.758333,0.233333,-0.6,0.391528,34,-6.85,-8.15,-5.625,,,,True
resnet18,recon,adaround,L-bc--w-fp6_e2m3--a-fp6_e2m3--default--fit-mse_per_channel-fp32in-s0,L-bc--w-int4--a-int8--default--fit-mse_per_channel-fp32in-s0,67.836667,67.758333,0.810056,0.844775,-0.078333,-1.395,1.26,0.2,0.903597,68,2.263214,0.587339,3.969205,,,,True
resnet18,recon,adaround,L-bc--w-fp6_e2m3--a-fp6_e2m3--default--fit-mse_per_channel-fp32in-s0,L-bc--w-int6--a-int6--default--fit-mse_per_channel-fp32in-s0,67.836667,68.125,0.83427,0.865868,0.288333,-0.85,1.391792,-0.3,0.794844,59,3.478214,2.05331,4.929062,,,,True
resnet18,recon,adaround,L-bc--w-fp6_e2m3--a-fp6_e2m3--default--fit-mse_per_channel-fp32in-s0,L-bc--w-int8--a-int8--default--fit-mse_per_channel-fp32in-s0,67.836667,69.533333,0.82948,0.864345,1.696667,0.416667,3.013375,1.7,0.036343,59,11.871548,10.161548,13.678351,,,,True
resnet18,recon,adaround,L-bc--w-fp6_e2m3--a-fp6_e2m3--default--fit-mse_per_channel-fp32in-s0,L-bc--w-posit8_es1--a-posit8_es1--default--fit-mse_per_channel-fp32in-s0,67.836667,69.553333,0.852941,0.885142,1.716667,0.563333,2.89,2.0,0.0066,50,8.049881,6.51403,9.655039,,,,True
resnet18,recon,adaround,L-bc--w-fp6_e2m3--a-fp6_e2m3--default--fit-mse_per_channel-fp32in-s0,L-nobc--w-fp6_e2m3--a-fp6_e2m3--default_no_bias_correction--fit-mse_per_channel-fp32in-s0,67.836667,67.656667,0.797814,0.832545,-0.18,-1.373417,1.038458,-0.8,0.415985,74,0.704881,-0.905003,2.338345,,,,True
resnet18,recon,adaround,L-bc--w-fp6_e2m3--a-fp6_e2m3--default--fit-mse_per_channel-fp32in-s0,L-nobc--w-int4--a-int4--default_no_bias_correction--fit-mse_per_channel-fp32in-s0,67.836667,24.825755,0.366834,0.221039,-43.010911,-45.712987,-40.20108,-43.8,0.0,504,,,,,,,True
resnet18,recon,adaround,L-bc--w-fp6_e2m3--a-fp6_e2m3--default--fit-mse_per_channel-fp32in-s0,L-nobc--w-int4--a-int8--default_no_bias_correction--fit-mse_per_channel-fp32in-s0,67.836667,70.433333,0.783476,0.824683,2.596667,1.146667,4.06,2.4,0.007905,76,6.704881,4.734125,8.693348,,,,True
resnet18,recon,adaround,L-bc--w-fp6_e2m3--a-fp6_e2m3--default--fit-mse_per_channel-fp32in-s0,L-nobc--w-int4--a-int8--default_no_bias_correction--mse_per_layer--fit-mse_per_layer-fp32in-s0,67.836667,69.4,0.756906,0.79758,1.563333,-0.041667,3.201708,1.4,0.165441,88,2.004881,-0.10278,4.072405,,,,True
resnet18,recon,adaround,L-bc--w-fp6_e2m3--a-fp6_e2m3--default--fit-mse_per_channel-fp32in-s0,L-nobc--w-int4--a-int8--default_no_bias_correction--mse_per_layer--fit-mse_per_layer-fp32in-s1,67.836667,68.6,0.749319,0.7891,0.763333,-0.856708,2.451667,0.8,0.465707,92,1.754881,-0.365182,3.862536,,,,True
resnet18,recon,adaround,L-bc--w-fp6_e2m3--a-fp6_e2m3--default--fit-mse_per_channel-fp32in-s0,L-nobc--w-int4--a-int8--default_no_bias_correction--mse_per_layer--fit-mse_per_layer-fp32in-s2,67.836667,69.4,0.750685,0.79101,1.563333,-0.016667,3.163417,1.1,0.29447,91,1.838214,-0.329187,3.957152,,,,True
resnet18,recon,adaround,L-bc--w-fp6_e2m3--a-fp6_e2m3--default--fit-mse_per_channel-fp32in-s0,L-nobc--w-int6--a-int6--default_no_bias_correction--fit-mse_per_channel-fp32in-s0,67.836667,65.981667,0.732468,0.768945,-1.855,-3.38175,-0.301667,-1.7,0.114468,103,0.994881,-0.965994,2.942702,,,,True
resnet18,recon,adaround,L-bc--w-fp6_e2m3--a-fp6_e2m3--default--fit-mse_per_channel-fp32in-s0,L-nobc--w-int8--a-int8--default_no_bias_correction--fit-mse_per_channel-fp32in-s0,67.836667,69.666667,0.807471,0.845694,1.83,0.50825,3.196667,2.1,0.013934,67,11.188214,9.430536,13.023,,,,True
resnet18,recon,adaround,L-bc--w-fp6_e2m3--a-fp6_e2m3--default--fit-mse_per_channel-fp32in-s0,L-nobc--w-posit8_es1--a-posit8_es1--default_no_bias_correction--fit-mse_per_channel-fp32in-s0,67.836667,68.975,0.83046,0.864505,1.138333,-0.095,2.415042,1.3,0.117477,59,8.041548,6.329027,9.73933,,,,True
resnet18,recon,adaround,L-bc--w-fp6_e2m3--a-fp6_e2m3--default--fit-mse_per_channel-fp32in-s0,LQ-bc--w-int6--a-int6--default--fit-mse_per_channel-b2in-int6-s0,67.836667,68.125,0.798343,0.833753,0.288333,-0.981708,1.543333,-0.1,1.0,73,4.139167,2.58914,5.74867,,,,True
resnet18,recon,adaround,L-bc--w-fp6_e2m3--a-fp6_e2m3--default--fit-mse_per_channel-fp32in-s0,LQ-nobc--w-int4--a-int4--default_no_bias_correction--fit-mse_per_channel-b2in-int4-s0,67.836667,27.757018,0.396552,0.299392,-40.079648,-42.701696,-37.384051,-40.3,0.0,455,,,,,,,True
resnet18,recon,adaround,L-bc--w-fp6_e2m3--a-fp6_e2m3--default--fit-mse_per_channel-fp32in-s0,LQ-nobc--w-int6--a-int6--default_no_bias_correction--fit-mse_per_channel-b2in-int6-s0,67.836667,65.953333,0.750663,0.787652,-1.883333,-3.433333,-0.326667,-1.0,0.353328,94,2.053214,0.124976,4.065973,,,,True
resnet18,recon,adaround,L-bc--w-fp6_e2m3--a-fp6_e2m3--default--fit-mse_per_channel-fp32in-s0,N-A32--w-fp6_e2m3--a-fp32--mse_per_channel,67.836667,69.8,0.771186,0.813094,1.963333,0.43,3.505083,2.3,0.013999,81,9.504881,7.491485,11.536768,,,,True
resnet18,recon,adaround,L-bc--w-fp6_e2m3--a-fp6_e2m3--default--fit-mse_per_channel-fp32in-s0,N-A32--w-int4--a-fp32--mse_per_channel,67.836667,53.9,0.578313,0.591822,-13.936667,-16.448375,-11.47325,-13.6,0.0,210,-21.895119,-24.886688,-18.951762,,,,True
resnet18,recon,adaround,L-bc--w-fp6_e2m3--a-fp6_e2m3--default--fit-mse_per_channel-fp32in-s0,N-A32--w-int4--a-fp32--mse_per_layer,67.836667,19.0,0.374092,0.248988,-48.836667,-51.916667,-45.701625,-48.5,0.0,517,-64.595119,-67.434304,-61.773315,,,,True
resnet18,recon,adaround,L-bc--w-fp6_e2m3--a-fp6_e2m3--default--fit-mse_per_channel-fp32in-s0,N-A32--w-int6--a-fp32--mse_per_channel,67.836667,69.4,0.777465,0.817963,1.563333,0.066667,3.083375,1.9,0.042165,79,7.504881,5.444979,9.504881,,,,True
resnet18,recon,adaround,L-bc--w-fp6_e2m3--a-fp6_e2m3--default--fit-mse_per_channel-fp32in-s0,N-A32--w-int8--a-fp32--mse_per_channel,67.836667,69.0,0.803977,0.841334,1.163333,-0.27,2.625042,1.5,0.091186,69,11.904881,9.946509,13.900601,,,,True
resnet18,recon,adaround,L-bc--w-fp6_e2m3--a-fp6_e2m3--default--fit-mse_per_channel-fp32in-s0,N-A32--w-posit8_es1--a-fp32--mse_per_channel,67.836667,69.8,0.796562,0.836345,1.963333,0.496583,3.425125,2.3,0.008555,71,11.804881,9.954083,13.731652,,,,True
resnet18,recon,adaround,L-bc--w-fp6_e2m3--a-fp6_e2m3--default--fit-mse_per_channel-fp32in-s0,N-default--w-fp6_e2m3--a-fp6_e2m3--default,67.836667,66.656667,0.835196,0.866383,-1.18,-2.30175,-0.094917,-0.7,0.434993,59,,,,,,,True
resnet18,recon,adaround,L-bc--w-fp6_e2m3--a-fp6_e2m3--default--fit-mse_per_channel-fp32in-s0,N-default--w-int6--a-int6--default,67.836667,65.891667,0.818919,0.851173,-1.945,-3.16675,-0.741667,-2.3,0.006741,67,,,,,,,True
resnet18,recon,adaround,L-bc--w-fp6_e2m3--a-fp6_e2m3--default--fit-mse_per_channel-fp32in-s0,N-default--w-int8--a-int8--default,67.836667,69.216667,0.836207,0.869213,1.38,0.076667,2.705,1.1,0.18485,57,11.196548,9.514747,12.961336,,,,True
resnet18,recon,adaround,L-bc--w-fp6_e2m3--a-fp6_e2m3--default--fit-mse_per_channel-fp32in-s0,N-default--w-posit8_es1--a-posit8_es1--default,67.836667,69.633333,0.853801,0.885171,1.796667,0.591583,3.013375,1.6,0.032839,50,7.904881,6.313327,9.509068,,,,True
resnet18,recon,adaround,L-bc--w-fp6_e2m3--a-fp6_e2m3--default--fit-mse_per_channel-fp32in-s0,N-minimal--w-fp6_e2m3--a-fp6_e2m3--minimal,67.836667,68.000952,0.779891,0.816171,0.164286,-1.204768,1.595042,-0.5,0.656992,81,-0.990833,-2.789423,0.770077,,,,True
resnet18,recon,adaround,L-bc--w-fp6_e2m3--a-fp6_e2m3--default--fit-mse_per_channel-fp32in-s0,N-minimal--w-int4--a-int4--minimal,67.836667,17.139623,0.363095,0.213956,-50.697044,-53.497795,-47.884231,-49.5,0.0,535,,,,,,,True
resnet18,recon,adaround,L-bc--w-fp6_e2m3--a-fp6_e2m3--default--fit-mse_per_channel-fp32in-s0,N-minimal--w-int4--a-int8--minimal,67.836667,46.483333,0.481865,0.452655,-21.353333,-24.228417,-18.472917,-20.8,0.0,300,-36.145119,-39.177568,-33.186586,,,,True
resnet18,recon,adaround,L-bc--w-fp6_e2m3--a-fp6_e2m3--default--fit-mse_per_channel-fp32in-s0,N-minimal--w-int6--a-int6--minimal,67.836667,65.831667,0.724227,0.760459,-2.005,-3.566708,-0.43,-1.9,0.081353,107,-2.921786,-4.937842,-0.892565,,,,True
resnet18,recon,adaround,L-bc--w-fp6_e2m3--a-fp6_e2m3--default--fit-mse_per_channel-fp32in-s0,N-minimal--w-int8--a-int8--minimal,67.836667,69.72,0.802857,0.841128,1.883333,0.524958,3.241708,1.9,0.029493,69,10.124881,8.38164,11.981667,,,,True
resnet18,recon,adaround,L-bc--w-fp6_e2m3--a-fp6_e2m3--default--fit-mse_per_channel-fp32in-s0,N-nobc--w-fp6_e2m3--a-fp6_e2m3--default_no_bias_correction,67.836667,67.978333,0.772973,0.809534,0.141667,-1.195042,1.525,-0.6,0.585647,84,,,,,,,True
resnet18,recon,adaround,L-bc--w-fp6_e2m3--a-fp6_e2m3--default--fit-mse_per_channel-fp32in-s0,N-nobc--w-int4--a-int4--default_no_bias_correction,67.836667,27.783477,0.414966,0.343492,-40.05319,-42.712565,-37.364292,-39.0,0.0,430,,,,,,,True
resnet18,recon,adaround,L-bc--w-fp6_e2m3--a-fp6_e2m3--default--fit-mse_per_channel-fp32in-s0,N-nobc--w-int4--a-int8--default_no_bias_correction,67.836667,53.466667,0.578,0.591661,-14.37,-16.825208,-11.969958,-13.9,0.0,211,-22.336786,-25.253455,-19.447616,,,,True
resnet18,recon,adaround,L-bc--w-fp6_e2m3--a-fp6_e2m3--default--fit-mse_per_channel-fp32in-s0,N-nobc--w-int4--a-int8--default_no_bias_correction--mse_per_layer,67.836667,18.983333,0.372881,0.244822,-48.853333,-51.908375,-45.761625,-48.4,0.0,518,-64.736786,-67.541476,-61.968253,,,,True
resnet18,recon,adaround,L-bc--w-fp6_e2m3--a-fp6_e2m3--default--fit-mse_per_channel-fp32in-s0,N-nobc--w-int6--a-int6--default_no_bias_correction,67.836667,66.503333,0.733509,0.771176,-1.333333,-2.905,0.29,-0.7,0.550709,101,-0.633452,-2.645274,1.353351,,,,True
resnet18,recon,adaround,L-bc--w-fp6_e2m3--a-fp6_e2m3--default--fit-mse_per_channel-fp32in-s0,N-nobc--w-int8--a-int8--default_no_bias_correction,67.836667,69.316667,0.814286,0.850567,1.48,0.121667,2.875,1.5,0.081682,65,10.771548,8.964976,12.643333,,,,True
resnet18,recon,adaround,L-bc--w-fp6_e2m3--a-fp6_e2m3--default--fit-mse_per_channel-fp32in-s0,N-nobc--w-posit8_es1--a-posit8_es1--default_no_bias_correction,67.836667,69.241667,0.818444,0.855027,1.405,0.134958,2.713333,1.9,0.022575,63,7.654881,5.938307,9.366491,,,,True
resnet18,recon,adaround,L-bc--w-int4--a-int8--default--fit-mse_per_channel-fp32in-s0,L-bc--w-int6--a-int6--default--fit-mse_per_channel-fp32in-s0,67.758333,68.125,0.844193,0.874804,0.366667,-0.85,1.575,-0.5,0.590053,55,1.215,-0.348333,2.810042,,,,True
resnet18,recon,adaround,L-bc--w-int4--a-int8--default--fit-mse_per_channel-fp32in-s0,L-bc--w-int8--a-int8--default--fit-mse_per_channel-fp32in-s0,67.758333,69.533333,0.823699,0.859325,1.775,0.333333,3.275,1.5,0.072177,61,9.608333,7.808333,11.475,8.9,0.0,111,True
resnet18,recon,adaround,L-bc--w-int4--a-int8--default--fit-mse_per_channel-fp32in-s0,L-bc--w-posit8_es1--a-posit8_es1--default--fit-mse_per_channel-fp32in-s0,67.758333,69.553333,0.82029,0.856886,1.795,0.45,3.175083,1.8,0.030016,62,5.786667,4.083333,7.528333,6.1,0.0,115,True
resnet18,recon,adaround,L-bc--w-int4--a-int8--default--fit-mse_per_channel-fp32in-s0,L-nobc--w-fp6_e2m3--a-fp6_e2m3--default_no_bias_correction--fit-mse_per_channel-fp32in-s0,67.758333,67.656667,0.749333,0.786993,-0.101667,-1.606792,1.411667,-1.0,0.353328,94,-1.558333,-3.561708,0.463375,,,,True
resnet18,recon,adaround,L-bc--w-int4--a-int8--default--fit-mse_per_channel-fp32in-s0,L-nobc--w-int4--a-int4--default_no_bias_correction--fit-mse_per_channel-fp32in-s0,67.758333,24.825755,0.359199,0.203925,-42.932578,-45.751615,-39.9702,-44.0,0.0,512,,,,,,,True
resnet18,recon,adaround,L-bc--w-int4--a-int8--default--fit-mse_per_channel-fp32in-s0,L-nobc--w-int4--a-int8--default_no_bias_correction--fit-mse_per_channel-fp32in-s0,67.758333,70.433333,0.851632,0.884761,2.675,1.4,4.008333,2.2,0.002602,50,4.441667,2.783125,6.158542,3.9,1.7e-05,81,True
resnet18,recon,adaround,L-bc--w-int4--a-int8--default--fit-mse_per_channel-fp32in-s0,L-nobc--w-int4--a-int8--default_no_bias_correction--mse_per_layer--fit-mse_per_layer-fp32in-s0,67.758333,69.4,0.766017,0.806356,1.641667,-0.008542,3.283542,1.2,0.229864,84,-0.258333,-2.283542,1.841667,-1.5,0.217561,129,True
resnet18,recon,adaround,L-bc--w-int4--a-int8--default--fit-mse_per_channel-fp32in-s0,L-nobc--w-int4--a-int8--default_no_bias_correction--mse_per_layer--fit-mse_per_layer-fp32in-s1,67.758333,68.6,0.78273,0.820857,0.841667,-0.833542,2.55,0.6,0.571587,78,-0.508333,-2.558333,1.591667,-1.5,0.206647,123,True
resnet18,recon,adaround,L-bc--w-int4--a-int8--default--fit-mse_per_channel-fp32in-s0,L-nobc--w-int4--a-int8--default_no_bias_correction--mse_per_layer--fit-mse_per_layer-fp32in-s2,67.758333,69.4,0.769444,0.808998,1.641667,-0.033333,3.325208,0.9,0.379999,83,-0.425,-2.558333,1.741667,-1.7,0.168259,135,True
resnet18,recon,adaround,L-bc--w-int4--a-int8--default--fit-mse_per_channel-fp32in-s0,L-nobc--w-int6--a-int6--default_no_bias_correction--fit-mse_per_channel-fp32in-s0,67.758333,65.981667,0.705128,0.74171,-1.776667,-3.538375,0.011667,-1.9,0.092816,115,-1.268333,-3.426708,0.885,,,,True
resnet18,recon,adaround,L-bc--w-int4--a-int8--default--fit-mse_per_channel-fp32in-s0,L-nobc--w-int8--a-int8--default_no_bias_correction--fit-mse_per_channel-fp32in-s0,67.758333,69.666667,0.796562,0.835934,1.908333,0.433333,3.45,1.9,0.031927,71,8.925,7.058333,10.858333,7.9,0.0,127,True
resnet18,recon,adaround,L-bc--w-int4--a-int8--default--fit-mse_per_channel-fp32in-s0,L-nobc--w-posit8_es1--a-posit8_es1--default_no_bias_correction--fit-mse_per_channel-fp32in-s0,67.758333,68.975,0.809117,0.845698,1.216667,-0.158333,2.683333,1.1,0.221549,67,5.778333,3.964917,7.65,5.7,0.0,125,True
resnet18,recon,adaround,L-bc--w-int4--a-int8--default--fit-mse_per_channel-fp32in-s0,LQ-bc--w-int6--a-int6--default--fit-mse_per_channel-b2in-int6-s0,67.758333,68.125,0.797784,0.833506,0.366667,-0.966667,1.725,-0.3,0.815121,73,1.875952,0.261488,3.511905,,,,True
resnet18,recon,adaround,L-bc--w-int4--a-int8--default--fit-mse_per_channel-fp32in-s0,LQ-nobc--w-int4--a-int4--default_no_bias_correction--fit-mse_per_channel-b2in-int4-s0,67.758333,27.757018,0.375654,0.249203,-40.001315,-42.771023,-37.164216,-40.5,0.0,477,,,,,,,True
resnet18,recon,adaround,L-bc--w-int4--a-int8--default--fit-mse_per_channel-fp32in-s0,LQ-nobc--w-int6--a-int6--default_no_bias_correction--fit-mse_per_channel-b2in-int6-s0,67.758333,65.953333,0.722513,0.760239,-1.805,-3.525042,-0.041667,-1.2,0.285284,106,-0.21,-2.366708,1.915,,,,True
resnet18,recon,adaround,L-bc--w-int4--a-int8--default--fit-mse_per_channel-fp32in-s0,N-A32--w-fp6_e2m3--a-fp32--mse_per_channel,67.758333,69.8,0.775568,0.817215,2.041667,0.358333,3.775,2.1,0.02382,79,7.241667,5.116667,9.466667,6.5,0.0,137,True
resnet18,recon,adaround,L-bc--w-int4--a-int8--default--fit-mse_per_channel-fp32in-s0,N-A32--w-int4--a-fp32--mse_per_channel,67.758333,53.9,0.590264,0.609599,-13.858333,-16.483333,-11.283333,-13.8,0.0,202,-24.158333,-27.2,-21.174792,-24.9,0.0,303,True
resnet18,recon,adaround,L-bc--w-int4--a-int8--default--fit-mse_per_channel-fp32in-s0,N-A32--w-int4--a-fp32--mse_per_layer,67.758333,19.0,0.376671,0.26367,-48.758333,-51.941667,-45.566458,-48.7,0.0,513,-66.858333,-69.833333,-63.924792,-67.6,0.0,690,True
resnet18,recon,adaround,L-bc--w-int4--a-int8--default--fit-mse_per_channel-fp32in-s0,N-A32--w-int6--a-fp32--mse_per_channel,67.758333,69.4,0.792023,0.8314,1.641667,0.016667,3.283333,1.7,0.06037,73,5.241667,3.166667,7.358333,4.5,8.1e-05,127,True
resnet18,recon,adaround,L-bc--w-int4--a-int8--default--fit-mse_per_channel-fp32in-s0,N-A32--w-int8--a-fp32--mse_per_channel,67.758333,69.0,0.813754,0.850178,1.241667,-0.35,2.816667,1.3,0.136032,65,9.641667,7.658333,11.675,8.9,0.0,119,True
resnet18,recon,adaround,L-bc--w-int4--a-int8--default--fit-mse_per_channel-fp32in-s0,N-A32--w-posit8_es1--a-fp32--mse_per_channel,67.758333,69.8,0.811594,0.849819,2.041667,0.491667,3.658333,2.1,0.012503,65,9.541667,7.6,11.575,8.8,0.0,118,True
resnet18,recon,adaround,L-bc--w-int4--a-int8--default--fit-mse_per_channel-fp32in-s0,N-default--w-fp6_e2m3--a-fp6_e2m3--default,67.758333,66.656667,0.775068,0.811759,-1.101667,-2.565,0.318333,-0.9,0.379999,83,,,,,,,True
resnet18,recon,adaround,L-bc--w-int4--a-int8--default--fit-mse_per_channel-fp32in-s0,N-default--w-int6--a-int6--default,67.758333,65.891667,0.794118,0.82873,-1.866667,-3.2,-0.533125,-2.5,0.005871,77,,,,,,,True
resnet18,recon,adaround,L-bc--w-int4--a-int8--default--fit-mse_per_channel-fp32in-s0,N-default--w-int8--a-int8--default,67.758333,69.216667,0.84104,0.873505,1.458333,0.074792,2.908333,0.9,0.28061,55,8.933333,7.183333,10.783333,8.1,0.0,107,True
resnet18,recon,adaround,L-bc--w-int4--a-int8--default--fit-mse_per_channel-fp32in-s0,N-default--w-posit8_es1--a-posit8_es1--default,67.758333,69.633333,0.82659,0.861687,1.875,0.508125,3.283333,1.4,0.092461,60,5.641667,3.883333,7.416667,,,,True
resnet18,recon,adaround,L-bc--w-int4--a-int8--default--fit-mse_per_channel-fp32in-s0,N-minimal--w-fp6_e2m3--a-fp6_e2m3--minimal,67.758333,68.000952,0.727513,0.76591,0.242619,-1.437417,1.961905,-0.7,0.554601,103,-3.254048,-5.395042,-1.160696,,,,True
resnet18,recon,adaround,L-bc--w-int4--a-int8--default--fit-mse_per_channel-fp32in-s0,N-minimal--w-int4--a-int4--minimal,67.758333,17.139623,0.355872,0.195597,-50.618711,-53.59919,-47.642557,-49.7,0.0,543,,,,,,,True
resnet18,recon,adaround,L-bc--w-int4--a-int8--default--fit-mse_per_channel-fp32in-s0,N-minimal--w-int4--a-int8--minimal,67.758333,46.483333,0.475862,0.445093,-21.275,-24.325,-18.233333,-21.0,0.0,304,-38.408333,-41.633333,-35.199792,-38.8,0.0,442,True
resnet18,recon,adaround,L-bc--w-int4--a-int8--default--fit-mse_per_channel-fp32in-s0,N-minimal--w-int6--a-int6--minimal,67.758333,65.831667,0.688608,0.724264,-1.926667,-3.758375,-0.133333,-2.1,0.070902,123,-5.185,-7.440042,-2.928333,,,,True
resnet18,recon,adaround,L-bc--w-int4--a-int8--default--fit-mse_per_channel-fp32in-s0,N-minimal--w-int8--a-int8--minimal,67.758333,69.72,0.792023,0.8314,1.961667,0.416542,3.525,1.7,0.06037,73,7.861667,5.958333,9.836667,7.4,0.0,128,True
resnet18,recon,adaround,L-bc--w-int4--a-int8--default--fit-mse_per_channel-fp32in-s0,N-nobc--w-fp6_e2m3--a-fp6_e2m3--default_no_bias_correction,67.758333,67.978333,0.734748,0.772945,0.22,-1.416708,1.853333,-0.8,0.484118,100,,,,,,,True
resnet18,recon,adaround,L-bc--w-int4--a-int8--default--fit-mse_per_channel-fp32in-s0,N-nobc--w-int4--a-int4--default_no_bias_correction,67.758333,27.783477,0.398922,0.308184,-39.974856,-42.76983,-37.125304,-39.2,0.0,446,,,,,,,True
resnet18,recon,adaround,L-bc--w-int4--a-int8--default--fit-mse_per_channel-fp32in-s0,N-nobc--w-int4--a-int8--default_no_bias_correction,67.758333,53.466667,0.586694,0.605168,-14.291667,-16.866667,-11.741667,-14.1,0.0,205,-24.6,-27.575,-21.674792,-25.2,0.0,306,True
resnet18,recon,adaround,L-bc--w-int4--a-int8--default--fit-mse_per_channel-fp32in-s0,N-nobc--w-int4--a-int8--default_no_bias_correction--mse_per_layer,67.758333,18.983333,0.375456,0.259459,-48.775,-51.9,-45.641667,-48.6,0.0,514,-67.0,-69.866667,-64.133333,-67.5,0.0,689,True
resnet18,recon,adaround,L-bc--w-int4--a-int8--default--fit-mse_per_channel-fp32in-s0,N-nobc--w-int6--a-int6--default_no_bias_correction,67.758333,66.503333,0.688144,0.725481,-1.255,-3.046667,0.556708,-0.9,0.467207,121,-2.896667,-5.141792,-0.691625,,,,True
resnet18,recon,adaround,L-bc--w-int4--a-int8--default--fit-mse_per_channel-fp32in-s0,N-nobc--w-int8--a-int8--default_no_bias_correction,67.758333,69.316667,0.808571,0.845554,1.558333,0.05,3.100208,1.3,0.142071,67,8.508333,6.583333,10.525,7.7,0.0,125,True
resnet18,recon,adaround,L-bc--w-int4--a-int8--default--fit-mse_per_channel-fp32in-s0,N-nobc--w-posit8_es1--a-posit8_es1--default_no_bias_correction,67.758333,69.241667,0.797143,0.83604,1.483333,0.025,2.950208,1.7,0.056815,71,5.391667,3.508333,7.283542,,,,True
resnet18,recon,adaround,L-bc--w-int6--a-int6--default--fit-mse_per_channel-fp32in-s0,L-bc--w-int8--a-int8--default--fit-mse_per_channel-fp32in-s0,68.125,69.533333,0.83815,0.87188,1.408333,0.258333,2.591667,2.0,0.010455,56,8.393333,6.933292,9.938333,,,,True
resnet18,recon,adaround,L-bc--w-int6--a-int6--default--fit-mse_per_channel-fp32in-s0,L-bc--w-posit8_es1--a-posit8_es1--default--fit-mse_per_channel-fp32in-s0,68.125,69.553333,0.845481,0.878817,1.428333,0.433333,2.468375,2.3,0.00219,53,4.571667,3.301625,5.92175,,,,True
resnet18,recon,adaround,L-bc--w-int6--a-int6--default--fit-mse_per_channel-fp32in-s0,L-nobc--w-fp6_e2m3--a-fp6_e2m3--default_no_bias_correction--fit-mse_per_channel-fp32in-s0,68.125,67.656667,0.820937,0.853179,-0.468333,-1.635042,0.723333,-0.5,0.620145,65,-2.773333,-4.353375,-1.179958,,,,True
resnet18,recon,adaround,L-bc--w-int6--a-int6--default--fit-mse_per_channel-fp32in-s0,L-nobc--w-int4--a-int4--default_no_bias_correction--fit-mse_per_channel-fp32in-s0,68.125,24.825755,0.368883,0.219069,-43.299245,-45.982093,-40.397409,-43.5,0.0,503,,,,,,,True
resnet18,recon,adaround,L-bc--w-int6--a-int6--default--fit-mse_per_channel-fp32in-s0,L-nobc--w-int4--a-int8--default_no_bias_correction--fit-mse_per_channel-fp32in-s0,68.125,70.433333,0.802292,0.841758,2.308333,0.966667,3.700208,2.7,0.00155,69,3.226667,1.488208,5.043333,,,,True
resnet18,recon,adaround,L-bc--w-int6--a-int6--default--fit-mse_per_channel-fp32in-s0,L-nobc--w-int4--a-int8--default_no_bias_correction--mse_per_layer--fit-mse_per_layer-fp32in-s0,68.125,69.4,0.775,0.814408,1.275,-0.233333,2.8,1.7,0.074788,81,-1.473333,-3.443375,0.481708,,,,True
resnet18,recon,adaround,L-bc--w-int6--a-int6--default--fit-mse_per_channel-fp32in-s0,L-nobc--w-int4--a-int8--default_no_bias_correction--mse_per_layer--fit-mse_per_layer-fp32in-s1,68.125,68.6,0.767123,0.805769,0.475,-1.025,2.0,1.1,0.277999,85,-1.723333,-3.690042,0.220042,,,,True
resnet18,recon,adaround,L-bc--w-int6--a-int6--default--fit-mse_per_channel-fp32in-s0,L-nobc--w-int4--a-int8--default_no_bias_correction--mse_per_layer--fit-mse_per_layer-fp32in-s2,68.125,69.4,0.763736,0.803174,1.275,-0.225,2.791667,1.4,0.160578,86,-1.64,-3.653333,0.348375,,,,True
resnet18,recon,adaround,L-bc--w-int6--a-int6--default--fit-mse_per_channel-fp32in-s0,L-nobc--w-int6--a-int6--default_no_bias_correction--fit-mse_per_channel-fp32in-s0,68.125,65.981667,0.786667,0.820891,-2.143333,-3.501708,-0.749917,-1.4,0.145635,80,-2.483333,-4.16,-0.766583,,,,True
resnet18,recon,adaround,L-bc--w-int6--a-int6--default--fit-mse_per_channel-fp32in-s0,L-nobc--w-int8--a-int8--default_no_bias_correction--fit-mse_per_channel-fp32in-s0,68.125,69.666667,0.842566,0.876517,1.541667,0.358333,2.758333,2.4,0.001496,54,7.71,6.164958,9.313375,,,,True
resnet18,recon,adaround,L-bc--w-int6--a-int6--default--fit-mse_per_channel-fp32in-s0,L-nobc--w-posit8_es1--a-posit8_es1--default_no_bias_correction--fit-mse_per_channel-fp32in-s0,68.125,68.975,0.83908,0.871951,0.85,-0.208542,1.975,1.6,0.044047,56,4.563333,3.155,6.066667,,,,True
resnet18,recon,adaround,L-bc--w-int6--a-int6--default--fit-mse_per_channel-fp32in-s0,LQ-bc--w-int6--a-int6--default--fit-mse_per_channel-b2in-int6-s0,68.125,68.125,0.873926,0.900042,-0.0,-0.950208,0.966667,0.2,0.880396,44,0.660952,-0.669071,2.036244,,,,True
resnet18,recon,adaround,L-bc--w-int6--a-int6--default--fit-mse_per_channel-fp32in-s0,LQ-nobc--w-int4--a-int4--default_no_bias_correction--fit-mse_per_channel-b2in-int4-s0,68.125,27.757018,0.391304,0.278657,-40.367982,-42.950236,-37.65799,-40.0,0.0,462,,,,,,,True
resnet18,recon,adaround,L-bc--w-int6--a-int6--default--fit-mse_per_channel-fp32in-s0,LQ-nobc--w-int6--a-int6--default_no_bias_correction--fit-mse_per_channel-b2in-int6-s0,68.125,65.953333,0.80163,0.835408,-2.171667,-3.53,-0.8,-0.7,0.482789,73,-1.425,-3.133375,0.291708,,,,True
resnet18,recon,adaround,L-bc--w-int6--a-int6--default--fit-mse_per_channel-fp32in-s0,N-A32--w-fp6_e2m3--a-fp32--mse_per_channel,68.125,69.8,0.779661,0.820886,1.675,0.25,3.116667,2.6,0.004335,78,6.026667,4.206625,7.893458,,,,True
resnet18,recon,adaround,L-bc--w-int6--a-int6--default--fit-mse_per_channel-fp32in-s0,N-A32--w-int4--a-fp32--mse_per_channel,68.125,53.9,0.584337,0.597332,-14.225,-16.775208,-11.733333,-13.3,0.0,207,-25.373333,-28.341875,-22.434958,,,,True
resnet18,recon,adaround,L-bc--w-int6--a-int6--default--fit-mse_per_channel-fp32in-s0,N-A32--w-int4--a-fp32--mse_per_layer,68.125,19.0,0.376058,0.246065,-49.125,-52.166875,-46.033333,-48.2,0.0,516,-68.073333,-70.848375,-65.29,,,,True
resnet18,recon,adaround,L-bc--w-int6--a-int6--default--fit-mse_per_channel-fp32in-s0,N-A32--w-int6--a-fp32--mse_per_channel,68.125,69.4,0.785915,0.825652,1.275,-0.158542,2.716875,2.2,0.01544,76,4.026667,2.096583,5.910042,,,,True
resnet18,recon,adaround,L-bc--w-int6--a-int6--default--fit-mse_per_channel-fp32in-s0,N-A32--w-int8--a-fp32--mse_per_channel,68.125,69.0,0.82808,0.862695,0.875,-0.433333,2.233333,1.8,0.02734,60,8.426667,6.788333,10.108458,,,,True
resnet18,recon,adaround,L-bc--w-int6--a-int6--default--fit-mse_per_channel-fp32in-s0,N-A32--w-posit8_es1--a-fp32--mse_per_channel,68.125,69.8,0.805158,0.844083,1.675,0.341667,3.033333,2.6,0.002186,68,8.326667,6.614958,10.073333,,,,True
resnet18,recon,adaround,L-bc--w-int6--a-int6--default--fit-mse_per_channel-fp32in-s0,N-default--w-fp6_e2m3--a-fp6_e2m3--default,68.125,66.656667,0.808219,0.841738,-1.468333,-2.751667,-0.235,-0.4,0.720203,70,,,,,,,True
resnet18,recon,adaround,L-bc--w-int6--a-int6--default--fit-mse_per_channel-fp32in-s0,N-default--w-int6--a-int6--default,68.125,65.891667,0.807487,0.840021,-2.233333,-3.416667,-1.075,-2.0,0.024461,72,,,,,,,True
resnet18,recon,adaround,L-bc--w-int6--a-int6--default--fit-mse_per_channel-fp32in-s0,N-default--w-int8--a-int8--default,68.125,69.216667,0.850144,0.881193,1.091667,-0.041667,2.241667,1.4,0.070394,52,7.718333,6.314958,9.215208,,,,True
resnet18,recon,adaround,L-bc--w-int6--a-int6--default--fit-mse_per_channel-fp32in-s0,N-default--w-posit8_es1--a-posit8_es1--default,68.125,69.633333,0.851744,0.883414,1.508333,0.449792,2.6,1.9,0.010974,51,4.426667,3.063333,5.871667,,,,True
resnet18,recon,adaround,L-bc--w-int6--a-int6--default--fit-mse_per_channel-fp32in-s0,N-minimal--w-fp6_e2m3--a-fp6_e2m3--minimal,68.125,68.000952,0.788043,0.823346,-0.124048,-1.544089,1.320238,-0.2,0.909946,78,-4.469048,-6.288369,-2.647339,,,,True
resnet18,recon,adaround,L-bc--w-int6--a-int6--default--fit-mse_per_channel-fp32in-s0,N-minimal--w-int4--a-int4--minimal,68.125,17.139623,0.365042,0.2109,-50.985377,-53.771163,-48.116999,-49.2,0.0,534,,,,,,,True
resnet18,recon,adaround,L-bc--w-int6--a-int6--default--fit-mse_per_channel-fp32in-s0,N-minimal--w-int4--a-int8--minimal,68.125,46.483333,0.474315,0.43622,-21.641667,-24.600208,-18.7,-20.5,0.0,307,-39.623333,-42.731667,-36.599917,,,,True
resnet18,recon,adaround,L-bc--w-int6--a-int6--default--fit-mse_per_channel-fp32in-s0,N-minimal--w-int6--a-int6--minimal,68.125,65.831667,0.75,0.78542,-2.293333,-3.781792,-0.788333,-1.6,0.125346,96,-6.4,-8.2385,-4.48325,,,,True
resnet18,recon,adaround,L-bc--w-int6--a-int6--default--fit-mse_per_channel-fp32in-s0,N-minimal--w-int8--a-int8--minimal,68.125,69.72,0.83237,0.867251,1.595,0.395,2.833333,2.2,0.005355,58,6.646667,5.083333,8.288333,,,,True
resnet18,recon,adaround,L-bc--w-int6--a-int6--default--fit-mse_per_channel-fp32in-s0,N-nobc--w-fp6_e2m3--a-fp6_e2m3--default_no_bias_correction,68.125,67.978333,0.79564,0.830284,-0.146667,-1.471667,1.216667,-0.3,0.817554,75,,,,,,,True
resnet18,recon,adaround,L-bc--w-int6--a-int6--default--fit-mse_per_channel-fp32in-s0,N-nobc--w-int4--a-int4--default_no_bias_correction,68.125,27.783477,0.411367,0.327841,-40.341523,-42.990463,-37.626074,-38.7,0.0,435,,,,,,,True
resnet18,recon,adaround,L-bc--w-int6--a-int6--default--fit-mse_per_channel-fp32in-s0,N-nobc--w-int4--a-int8--default_no_bias_correction,68.125,53.466667,0.580838,0.592859,-14.658333,-17.166667,-12.233333,-13.6,0.0,210,-25.815,-28.706667,-22.936583,,,,True
resnet18,recon,adaround,L-bc--w-int6--a-int6--default--fit-mse_per_channel-fp32in-s0,N-nobc--w-int4--a-int8--default_no_bias_correction--mse_per_layer,68.125,18.983333,0.374849,0.24193,-49.141667,-52.200208,-46.066667,-48.1,0.0,517,-68.215,-70.956708,-65.47,,,,True
resnet18,recon,adaround,L-bc--w-int6--a-int6--default--fit-mse_per_channel-fp32in-s0,N-nobc--w-int6--a-int6--default_no_bias_correction,68.125,66.503333,0.774194,0.810077,-1.621667,-3.116667,-0.11325,-0.4,0.743644,84,-4.111667,-5.905042,-2.311667,,,,True
resnet18,recon,adaround,L-bc--w-int6--a-int6--default--fit-mse_per_channel-fp32in-s0,N-nobc--w-int8--a-int8--default_no_bias_correction,68.125,69.316667,0.838617,0.871906,1.191667,-0.008333,2.416667,1.8,0.022241,56,7.293333,5.738292,8.908375,,,,True
resnet18,recon,adaround,L-bc--w-int6--a-int6--default--fit-mse_per_channel-fp32in-s0,N-nobc--w-posit8_es1--a-posit8_es1--default_no_bias_correction,68.125,69.241667,0.806268,0.844141,1.116667,-0.066667,2.325,2.2,0.010338,68,4.176667,2.649958,5.735,,,,True
resnet18,recon,adaround,L-bc--w-int8--a-int8--default--fit-mse_per_channel-fp32in-s0,L-bc--w-posit8_es1--a-posit8_es1--default--fit-mse_per_channel-fp32in-s0,69.533333,69.553333,0.92163,0.941217,0.02,-0.803417,0.866667,0.3,0.690038,25,-3.821667,-4.938333,-2.73,-2.8,6.2e-05,48,True
resnet18,recon,adaround,L-bc--w-int8--a-int8--default--fit-mse_per_channel-fp32in-s0,L-nobc--w-fp6_e2m3--a-fp6_e2m3--default_no_bias_correction--fit-mse_per_channel-fp32in-s0,69.533333,67.656667,0.785515,0.8247,-1.876667,-3.180042,-0.60825,-2.5,0.005871,77,-11.166667,-12.828333,-9.565,,,,True
resnet18,recon,adaround,L-bc--w-int8--a-int8--default--fit-mse_per_channel-fp32in-s0,L-nobc--w-int4--a-int4--default_no_bias_correction--fit-mse_per_channel-fp32in-s0,69.533333,24.825755,0.357414,0.239385,-44.707578,-47.461853,-41.885442,-45.5,0.0,507,,,,,,,True
resnet18,recon,adaround,L-bc--w-int8--a-int8--default--fit-mse_per_channel-fp32in-s0,L-nobc--w-int4--a-int8--default_no_bias_correction--fit-mse_per_channel-fp32in-s0,69.533333,70.433333,0.873846,0.90333,0.9,-0.233333,2.1,0.7,0.348889,41,-5.166667,-6.716667,-3.683333,-5.0,0.0,72,True
resnet18,recon,adaround,L-bc--w-int8--a-int8--default--fit-mse_per_channel-fp32in-s0,L-nobc--w-int4--a-int8--default_no_bias_correction--mse_per_layer--fit-mse_per_layer-fp32in-s0,69.533333,69.4,0.804665,0.843268,-0.133333,-1.533333,1.283333,-0.3,0.807195,67,-9.866667,-11.883333,-7.933333,-10.4,0.0,130,True
resnet18,recon,adaround,L-bc--w-int8--a-int8--default--fit-mse_per_channel-fp32in-s0,L-nobc--w-int4--a-int8--default_no_bias_correction--mse_per_layer--fit-mse_per_layer-fp32in-s1,69.533333,68.6,0.81686,0.853583,-0.933333,-2.333333,0.5,-0.9,0.313503,63,-10.116667,-12.067083,-8.233333,-10.4,0.0,124,True
resnet18,recon,adaround,L-bc--w-int8--a-int8--default--fit-mse_per_channel-fp32in-s0,L-nobc--w-int4--a-int8--default_no_bias_correction--mse_per_layer--fit-mse_per_layer-fp32in-s2,69.533333,69.4,0.802899,0.841417,-0.133333,-1.583333,1.3,-0.6,0.544612,68,-10.033333,-12.083333,-8.083333,-10.6,0.0,130,True
resnet18,recon,adaround,L-bc--w-int8--a-int8--default--fit-mse_per_channel-fp32in-s0,L-nobc--w-int6--a-int6--default_no_bias_correction--fit-mse_per_channel-fp32in-s0,69.533333,65.981667,0.771117,0.811232,-3.551667,-4.990083,-2.093333,-3.4,0.000266,84,-10.876667,-12.598333,-9.218292,,,,True
resnet18,recon,adaround,L-bc--w-int8--a-int8--default--fit-mse_per_channel-fp32in-s0,L-nobc--w-int8--a-int8--default_no_bias_correction--fit-mse_per_channel-fp32in-s0,69.533333,69.666667,0.949045,0.962372,0.133333,-0.416667,0.7,0.4,0.454498,16,-0.683333,-1.433333,0.033333,-1.0,0.098737,30,True
resnet18,recon,adaround,L-bc--w-int8--a-int8--default--fit-mse_per_channel-fp32in-s0,L-nobc--w-posit8_es1--a-posit8_es1--default_no_bias_correction--fit-mse_per_channel-fp32in-s0,69.533333,68.975,0.931464,0.948617,-0.558333,-1.35,0.25,-0.4,0.523467,22,-3.83,-4.951667,-2.738333,-3.2,3e-06,48,True
resnet18,recon,adaround,L-bc--w-int8--a-int8--default--fit-mse_per_channel-fp32in-s0,LQ-bc--w-int6--a-int6--default--fit-mse_per_channel-b2in-int6-s0,69.533333,68.125,0.83237,0.866856,-1.408333,-2.575,-0.258333,-1.8,0.024746,58,-7.732381,-9.257405,-6.237339,,,,True
resnet18,recon,adaround,L-bc--w-int8--a-int8--default--fit-mse_per_channel-fp32in-s0,LQ-nobc--w-int4--a-int4--default_no_bias_correction--fit-mse_per_channel-b2in-int4-s0,69.533333,27.757018,0.37583,0.286102,-41.776315,-44.465607,-39.037674,-42.0,0.0,470,,,,,,,True
resnet18,recon,adaround,L-bc--w-int8--a-int8--default--fit-mse_per_channel-fp32in-s0,LQ-nobc--w-int6--a-int6--default_no_bias_correction--fit-mse_per_channel-b2in-int6-s0,69.533333,65.953333,0.80112,0.839,-3.58,-4.966667,-2.213208,-2.7,0.00182,71,-9.818333,-11.505042,-8.21,,,,True
resnet18,recon,adaround,L-bc--w-int8--a-int8--default--fit-mse_per_channel-fp32in-s0,N-A32--w-fp6_e2m3--a-fp32--mse_per_channel,69.533333,69.8,0.900312,0.924615,0.266667,-0.716667,1.25,0.6,0.377086,32,-2.366667,-3.783333,-0.95,-2.4,0.003156,62,True
resnet18,recon,adaround,L-bc--w-int8--a-int8--default--fit-mse_per_channel-fp32in-s0,N-A32--w-int4--a-fp32--mse_per_channel,69.533333,53.9,0.57582,0.604059,-15.633333,-18.25,-13.033333,-15.3,0.0,207,-33.766667,-36.716667,-30.816667,-33.8,0.0,354,True
resnet18,recon,adaround,L-bc--w-int8--a-int8--default--fit-mse_per_channel-fp32in-s0,N-A32--w-int4--a-fp32--mse_per_layer,69.533333,19.0,0.363415,0.2679,-50.533333,-53.683333,-47.35,-50.2,0.0,522,-76.466667,-79.0,-73.9,-76.5,0.0,767,True
resnet18,recon,adaround,L-bc--w-int8--a-int8--default--fit-mse_per_channel-fp32in-s0,N-A32--w-int6--a-fp32--mse_per_channel,69.533333,69.4,0.877676,0.906004,-0.133333,-1.266667,0.966667,0.2,0.874629,40,-4.366667,-6.05,-2.783333,-4.4,1e-06,80,True
resnet18,recon,adaround,L-bc--w-int8--a-int8--default--fit-mse_per_channel-fp32in-s0,N-A32--w-int8--a-fp32--mse_per_channel,69.533333,69.0,0.925234,0.94381,-0.533333,-1.45,0.35,-0.2,0.83882,24,0.033333,-1.033333,1.083333,0.0,1.0,34,True
resnet18,recon,adaround,L-bc--w-int8--a-int8--default--fit-mse_per_channel-fp32in-s0,N-A32--w-posit8_es1--a-fp32--mse_per_channel,69.533333,69.8,0.93038,0.948204,0.266667,-0.533333,1.1,0.6,0.286279,22,-0.066667,-1.1,0.966667,-0.1,1.0,33,True
resnet18,recon,adaround,L-bc--w-int8--a-int8--default--fit-mse_per_channel-fp32in-s0,N-default--w-fp6_e2m3--a-fp6_e2m3--default,69.533333,66.656667,0.78273,0.82214,-2.876667,-4.368333,-1.451583,-2.4,0.008772,78,,,,,,,True
resnet18,recon,adaround,L-bc--w-int8--a-int8--default--fit-mse_per_channel-fp32in-s0,N-default--w-int6--a-int6--default,69.533333,65.891667,0.772973,0.813139,-3.641667,-5.191667,-2.116667,-4.0,1.5e-05,84,,,,,,,True
resnet18,recon,adaround,L-bc--w-int8--a-int8--default--fit-mse_per_channel-fp32in-s0,N-default--w-int8--a-int8--default,69.533333,69.216667,0.962145,0.972096,-0.316667,-0.866667,0.233333,-0.6,0.145996,12,-0.675,-1.391667,0.016667,-0.8,0.15159,24,True
resnet18,recon,adaround,L-bc--w-int8--a-int8--default--fit-mse_per_channel-fp32in-s0,N-default--w-posit8_es1--a-posit8_es1--default,69.533333,69.633333,0.934169,0.950783,0.1,-0.716667,0.9,-0.1,1.0,21,-3.966667,-5.083542,-2.891667,,,,True
resnet18,recon,adaround,L-bc--w-int8--a-int8--default--fit-mse_per_channel-fp32in-s0,N-minimal--w-fp6_e2m3--a-fp6_e2m3--minimal,69.533333,68.000952,0.772222,0.812414,-1.532381,-2.99078,-0.074976,-2.2,0.019827,82,-12.862381,-14.745738,-11.065655,,,,True
resnet18,recon,adaround,L-bc--w-int8--a-int8--default--fit-mse_per_channel-fp32in-s0,N-minimal--w-int4--a-int4--minimal,69.533333,17.139623,0.344458,0.20545,-52.393711,-55.289917,-49.452176,-51.2,0.0,550,,,,,,,True
resnet18,recon,adaround,L-bc--w-int8--a-int8--default--fit-mse_per_channel-fp32in-s0,N-minimal--w-int4--a-int8--minimal,69.533333,46.483333,0.467714,0.450814,-23.05,-26.067083,-20.0,-22.5,0.0,305,-48.016667,-51.03375,-45.033333,-47.7,0.0,485,True
resnet18,recon,adaround,L-bc--w-int8--a-int8--default--fit-mse_per_channel-fp32in-s0,N-minimal--w-int6--a-int6--minimal,69.533333,65.831667,0.729443,0.770816,-3.701667,-5.375,-2.059917,-3.6,0.000469,102,-14.793333,-16.766708,-12.831625,,,,True
resnet18,recon,adaround,L-bc--w-int8--a-int8--default--fit-mse_per_channel-fp32in-s0,N-minimal--w-int8--a-int8--minimal,69.533333,69.72,0.924765,0.943607,0.186667,-0.650167,1.033333,0.2,0.83882,24,-1.746667,-2.796667,-0.716667,-1.5,0.023703,39,True
resnet18,recon,adaround,L-bc--w-int8--a-int8--default--fit-mse_per_channel-fp32in-s0,N-nobc--w-fp6_e2m3--a-fp6_e2m3--default_no_bias_correction,69.533333,67.978333,0.779944,0.81958,-1.555,-2.916667,-0.208333,-2.3,0.012812,79,,,,,,,True
resnet18,recon,adaround,L-bc--w-int8--a-int8--default--fit-mse_per_channel-fp32in-s0,N-nobc--w-int4--a-int4--default_no_bias_correction,69.533333,27.783477,0.38806,0.315639,-41.749856,-44.526768,-38.938841,-40.7,0.0,451,,,,,,,True
resnet18,recon,adaround,L-bc--w-int8--a-int8--default--fit-mse_per_channel-fp32in-s0,N-nobc--w-int4--a-int8--default_no_bias_correction,69.533333,53.466667,0.572301,0.599772,-16.066667,-18.6,-13.55,-15.6,0.0,210,-34.208333,-37.141667,-31.3,-34.1,0.0,357,True
resnet18,recon,adaround,L-bc--w-int8--a-int8--default--fit-mse_per_channel-fp32in-s0,N-nobc--w-int4--a-int8--default_no_bias_correction--mse_per_layer,69.533333,18.983333,0.360536,0.25804,-50.55,-53.683542,-47.416667,-50.1,0.0,525,-76.608333,-79.133333,-74.116458,-76.4,0.0,766,True
resnet18,recon,adaround,L-bc--w-int8--a-int8--default--fit-mse_per_channel-fp32in-s0,N-nobc--w-int6--a-int6--default_no_bias_correction,69.533333,66.503333,0.758242,0.799142,-3.03,-4.550042,-1.525,-2.4,0.01375,88,-12.505,-14.401708,-10.693292,,,,True
resnet18,recon,adaround,L-bc--w-int8--a-int8--default--fit-mse_per_channel-fp32in-s0,N-nobc--w-int8--a-int8--default_no_bias_correction,69.533333,69.316667,0.943396,0.95786,-0.216667,-0.95,0.516667,-0.2,0.814529,18,-1.1,-2.016667,-0.2,-1.2,0.050102,32,True
resnet18,recon,adaround,L-bc--w-int8--a-int8--default--fit-mse_per_channel-fp32in-s0,N-nobc--w-posit8_es1--a-posit8_es1--default_no_bias_correction,69.533333,69.241667,0.906832,0.929506,-0.291667,-1.141667,0.550208,0.2,0.855536,30,-4.216667,-5.408333,-3.033333,,,,True
resnet18,recon,adaround,L-bc--w-posit8_es1--a-posit8_es1--default--fit-mse_per_channel-fp32in-s0,L-nobc--w-fp6_e2m3--a-fp6_e2m3--default_no_bias_correction--fit-mse_per_channel-fp32in-s0,69.553333,67.656667,0.797183,0.836168,-1.896667,-3.091667,-0.691667,-2.8,0.001294,72,-7.345,-8.885042,-5.823292,,,,True
resnet18,recon,adaround,L-bc--w-posit8_es1--a-posit8_es1--default--fit-mse_per_channel-fp32in-s0,L-nobc--w-int4--a-int4--default_no_bias_correction--fit-mse_per_channel-fp32in-s0,69.553333,24.825755,0.35019,0.226192,-44.727578,-47.388487,-41.916853,-45.8,0.0,514,,,,,,,True
resnet18,recon,adaround,L-bc--w-posit8_es1--a-posit8_es1--default--fit-mse_per_channel-fp32in-s0,L-nobc--w-int4--a-int8--default_no_bias_correction--fit-mse_per_channel-fp32in-s0,69.553333,70.433333,0.847561,0.881666,0.88,-0.366667,2.130083,0.4,0.671811,50,-1.345,-2.961792,0.288333,-2.2,0.028017,92,True
resnet18,recon,adaround,L-bc--w-posit8_es1--a-posit8_es1--default--fit-mse_per_channel-fp32in-s0,L-nobc--w-int4--a-int8--default_no_bias_correction--mse_per_layer--fit-mse_per_layer-fp32in-s0,69.553333,69.4,0.795918,0.835875,-0.153333,-1.616667,1.28,-0.6,0.550413,70,-6.045,-7.973333,-4.145,-7.6,0.0,124,True
resnet18,recon,adaround,L-bc--w-posit8_es1--a-posit8_es1--default--fit-mse_per_channel-fp32in-s0,L-nobc--w-int4--a-int8--default_no_bias_correction--mse_per_layer--fit-mse_per_layer-fp32in-s1,69.553333,68.6,0.802899,0.841685,-0.953333,-2.366667,0.446667,-1.2,0.18181,68,-6.295,-8.17,-4.459958,-7.6,0.0,120,True
resnet18,recon,adaround,L-bc--w-posit8_es1--a-posit8_es1--default--fit-mse_per_channel-fp32in-s0,L-nobc--w-int4--a-int8--default_no_bias_correction--mse_per_layer--fit-mse_per_layer-fp32in-s2,69.553333,69.4,0.804665,0.843447,-0.153333,-1.553333,1.233333,-0.9,0.328432,67,-6.211667,-8.153333,-4.299958,-7.8,0.0,124,True
resnet18,recon,adaround,L-bc--w-posit8_es1--a-posit8_es1--default--fit-mse_per_channel-fp32in-s0,L-nobc--w-int6--a-int6--default_no_bias_correction--fit-mse_per_channel-fp32in-s0,69.553333,65.981667,0.758152,0.799834,-3.571667,-4.935042,-2.179917,-3.7,0.00011,89,-7.055,-8.685042,-5.454958,,,,True
resnet18,recon,adaround,L-bc--w-posit8_es1--a-posit8_es1--default--fit-mse_per_channel-fp32in-s0,L-nobc--w-int8--a-int8--default_no_bias_correction--fit-mse_per_channel-fp32in-s0,69.553333,69.666667,0.897196,0.922092,0.113333,-0.766667,0.993333,0.1,1.0,33,3.138333,2.033333,4.275042,1.8,0.022241,56,True
resnet18,recon,adaround,L-bc--w-posit8_es1--a-posit8_es1--default--fit-mse_per_channel-fp32in-s0,L-nobc--w-posit8_es1--a-posit8_es1--default_no_bias_correction--fit-mse_per_channel-fp32in-s0,69.553333,68.975,0.940252,0.955599,-0.578333,-1.278333,0.113333,-0.7,0.167068,19,-0.008333,-0.901708,0.86,-0.4,0.607591,34,True
resnet18,recon,adaround,L-bc--w-posit8_es1--a-posit8_es1--default--fit-mse_per_channel-fp32in-s0,LQ-bc--w-int6--a-int6--default--fit-mse_per_channel-b2in-int6-s0,69.553333,68.125,0.845029,0.878392,-1.428333,-2.436667,-0.425,-2.1,0.005486,53,-3.910714,-5.243202,-2.58856,,,,True
resnet18,recon,adaround,L-bc--w-posit8_es1--a-posit8_es1--default--fit-mse_per_channel-fp32in-s0,LQ-nobc--w-int4--a-int4--default_no_bias_correction--fit-mse_per_channel-b2in-int4-s0,69.553333,27.757018,0.371846,0.282902,-41.796315,-44.43449,-39.115707,-42.3,0.0,473,,,,,,,True
resnet18,recon,adaround,L-bc--w-posit8_es1--a-posit8_es1--default--fit-mse_per_channel-fp32in-s0,LQ-nobc--w-int6--a-int6--default_no_bias_correction--fit-mse_per_channel-b2in-int6-s0,69.553333,65.953333,0.802817,0.841318,-3.6,-4.911708,-2.283333,-3.0,0.00044,70,-5.996667,-7.59175,-4.439917,,,,True
resnet18,recon,adaround,L-bc--w-posit8_es1--a-posit8_es1--default--fit-mse_per_channel-fp32in-s0,N-A32--w-fp6_e2m3--a-fp32--mse_per_channel,69.553333,69.8,0.856269,0.888853,0.246667,-0.936667,1.433333,0.3,0.770867,47,1.455,-0.128333,3.026792,0.4,0.737554,80,True
resnet18,recon,adaround,L-bc--w-posit8_es1--a-posit8_es1--default--fit-mse_per_channel-fp32in-s0,N-A32--w-int4--a-fp32--mse_per_channel,69.553333,53.9,0.563265,0.58995,-15.653333,-18.203417,-13.153333,-15.6,0.0,214,-29.945,-32.940125,-26.984958,-31.0,0.0,352,True
resnet18,recon,adaround,L-bc--w-posit8_es1--a-posit8_es1--default--fit-mse_per_channel-fp32in-s0,N-A32--w-int4--a-fp32--mse_per_layer,69.553333,19.0,0.3581,0.259941,-50.553333,-53.636667,-47.47,-50.5,0.0,527,-72.645,-75.22,-70.056583,-73.7,0.0,743,True
resnet18,recon,adaround,L-bc--w-posit8_es1--a-posit8_es1--default--fit-mse_per_channel-fp32in-s0,N-A32--w-int6--a-fp32--mse_per_channel,69.553333,69.4,0.840361,0.875103,-0.153333,-1.39,1.066667,-0.1,1.0,53,-0.545,-2.251708,1.098375,-1.6,0.121371,94,True
resnet18,recon,adaround,L-bc--w-posit8_es1--a-posit8_es1--default--fit-mse_per_channel-fp32in-s0,N-A32--w-int8--a-fp32--mse_per_channel,69.553333,69.0,0.886503,0.913188,-0.553333,-1.586667,0.466667,-0.5,0.511376,37,3.855,2.605,5.108333,2.8,0.000394,60,True
resnet18,recon,adaround,L-bc--w-posit8_es1--a-posit8_es1--default--fit-mse_per_channel-fp32in-s0,N-A32--w-posit8_es1--a-fp32--mse_per_channel,69.553333,69.8,0.890966,0.917238,0.246667,-0.783333,1.246667,0.3,0.735879,35,3.755,2.496583,5.03,2.7,0.00073,61,True
resnet18,recon,adaround,L-bc--w-posit8_es1--a-posit8_es1--default--fit-mse_per_channel-fp32in-s0,N-default--w-fp6_e2m3--a-fp6_e2m3--default,69.553333,66.656667,0.794366,0.833594,-2.896667,-4.306667,-1.556583,-2.7,0.002118,73,,,,,,,True
resnet18,recon,adaround,L-bc--w-posit8_es1--a-posit8_es1--default--fit-mse_per_channel-fp32in-s0,N-default--w-int6--a-int6--default,69.553333,65.891667,0.764865,0.806443,-3.661667,-5.053542,-2.303333,-4.3,4e-06,87,,,,,,,True
resnet18,recon,adaround,L-bc--w-posit8_es1--a-posit8_es1--default--fit-mse_per_channel-fp32in-s0,N-default--w-int8--a-int8--default,69.553333,69.216667,0.934375,0.951083,-0.336667,-1.183333,0.493333,-0.9,0.078354,21,3.146667,2.141583,4.188333,2.0,0.002221,40,True
resnet18,recon,adaround,L-bc--w-posit8_es1--a-posit8_es1--default--fit-mse_per_channel-fp32in-s0,N-default--w-posit8_es1--a-posit8_es1--default,69.553333,69.633333,0.967949,0.976542,0.08,-0.533333,0.7,-0.4,0.34375,10,-0.145,-1.02,0.715,,,,True
resnet18,recon,adaround,L-bc--w-posit8_es1--a-posit8_es1--default--fit-mse_per_channel-fp32in-s0,N-minimal--w-fp6_e2m3--a-fp6_e2m3--minimal,69.553333,68.000952,0.798867,0.837685,-1.552381,-2.878375,-0.218774,-2.5,0.004065,71,-9.040714,-10.725,-7.358327,,,,True
resnet18,recon,adaround,L-bc--w-posit8_es1--a-posit8_es1--default--fit-mse_per_channel-fp32in-s0,N-minimal--w-int4--a-int4--minimal,69.553333,17.139623,0.342482,0.208613,-52.413711,-55.191346,-49.570549,-51.5,0.0,551,,,,,,,True
resnet18,recon,adaround,L-bc--w-posit8_es1--a-posit8_es1--default--fit-mse_per_channel-fp32in-s0,N-minimal--w-int4--a-int8--minimal,69.553333,46.483333,0.465035,0.450301,-23.07,-26.023333,-20.09,-22.8,0.0,306,-44.195,-47.16675,-41.225,-44.9,0.0,467,True
resnet18,recon,adaround,L-bc--w-posit8_es1--a-posit8_es1--default--fit-mse_per_channel-fp32in-s0,N-minimal--w-int6--a-int6--minimal,69.553333,65.831667,0.721485,0.763925,-3.721667,-5.341708,-2.146625,-3.9,0.000178,105,-10.971667,-12.940083,-9.068292,,,,True
resnet18,recon,adaround,L-bc--w-posit8_es1--a-posit8_es1--default--fit-mse_per_channel-fp32in-s0,N-minimal--w-int8--a-int8--minimal,69.553333,69.72,0.903427,0.926948,0.166667,-0.79,1.133417,-0.1,1.0,31,2.075,0.866667,3.330042,1.3,0.111161,57,True
resnet18,recon,adaround,L-bc--w-posit8_es1--a-posit8_es1--default--fit-mse_per_channel-fp32in-s0,N-nobc--w-fp6_e2m3--a-fp6_e2m3--default_no_bias_correction,69.553333,67.978333,0.8017,0.840252,-1.575,-2.836667,-0.295,-2.6,0.002548,70,,,,,,,True
resnet18,recon,adaround,L-bc--w-posit8_es1--a-posit8_es1--default--fit-mse_per_channel-fp32in-s0,N-nobc--w-int4--a-int4--default_no_bias_correction,69.553333,27.783477,0.382114,0.307576,-41.769856,-44.494452,-39.012871,-41.0,0.0,456,,,,,,,True
resnet18,recon,adaround,L-bc--w-posit8_es1--a-posit8_es1--default--fit-mse_per_channel-fp32in-s0,N-nobc--w-int4--a-int8--default_no_bias_correction,69.553333,53.466667,0.559838,0.585698,-16.086667,-18.593333,-13.603333,-15.9,0.0,217,-30.386667,-33.331792,-27.501625,-31.3,0.0,355,True
resnet18,recon,adaround,L-bc--w-posit8_es1--a-posit8_es1--default--fit-mse_per_channel-fp32in-s0,N-nobc--w-int4--a-int8--default_no_bias_correction--mse_per_layer,69.553333,18.983333,0.356882,0.255579,-50.57,-53.61675,-47.52,-50.4,0.0,528,-72.786667,-75.345167,-70.261625,-73.6,0.0,740,True
resnet18,recon,adaround,L-bc--w-posit8_es1--a-posit8_es1--default--fit-mse_per_channel-fp32in-s0,N-nobc--w-int6--a-int6--default_no_bias_correction,69.553333,66.503333,0.759669,0.801309,-3.05,-4.520042,-1.599958,-2.7,0.005014,87,-8.683333,-10.526708,-6.948292,,,,True
resnet18,recon,adaround,L-bc--w-posit8_es1--a-posit8_es1--default--fit-mse_per_channel-fp32in-s0,N-nobc--w-int8--a-int8--default_no_bias_correction,69.553333,69.316667,0.909938,0.931973,-0.236667,-1.173333,0.676667,-0.5,0.458258,29,2.721667,1.516667,3.960083,1.6,0.040224,54,True
resnet18,recon,adaround,L-bc--w-posit8_es1--a-posit8_es1--default--fit-mse_per_channel-fp32in-s0,N-nobc--w-posit8_es1--a-posit8_es1--default_no_bias_correction,69.553333,69.241667,0.921384,0.941088,-0.311667,-1.098375,0.451667,-0.1,1.0,25,-0.395,-1.38675,0.593333,,,,True
resnet18,recon,adaround,L-nobc--w-fp6_e2m3--a-fp6_e2m3--default_no_bias_correction--fit-mse_per_channel-fp32in-s0,L-nobc--w-int4--a-int4--default_no_bias_correction--fit-mse_per_channel-fp32in-s0,67.656667,24.825755,0.387342,0.259073,-42.830911,-45.449989,-40.09927,-43.0,0.0,484,,,,,,,True
resnet18,recon,adaround,L-nobc--w-fp6_e2m3--a-fp6_e2m3--default_no_bias_correction--fit-mse_per_channel-fp32in-s0,L-nobc--w-int4--a-int8--default_no_bias_correction--fit-mse_per_channel-fp32in-s0,67.656667,70.433333,0.77095,0.813075,2.776667,1.393333,4.19,3.2,0.000535,82,6.0,4.19325,7.818417,,,,True
resnet18,recon,adaround,L-nobc--w-fp6_e2m3--a-fp6_e2m3--default_no_bias_correction--fit-mse_per_channel-fp32in-s0,L-nobc--w-int4--a-int8--default_no_bias_correction--mse_per_layer--fit-mse_per_layer-fp32in-s0,67.656667,69.4,0.75,0.790416,1.743333,0.255,3.278375,2.2,0.028017,92,1.3,-0.721708,3.300083,,,,True
resnet18,recon,adaround,L-nobc--w-fp6_e2m3--a-fp6_e2m3--default_no_bias_correction--fit-mse_per_channel-fp32in-s0,L-nobc--w-int4--a-int8--default_no_bias_correction--mse_per_layer--fit-mse_per_layer-fp32in-s1,67.656667,68.6,0.747312,0.78634,0.943333,-0.523375,2.476667,1.6,0.121371,94,1.05,-0.946667,3.010125,,,,True
resnet18,recon,adaround,L-nobc--w-fp6_e2m3--a-fp6_e2m3--default_no_bias_correction--fit-mse_per_channel-fp32in-s0,L-nobc--w-int4--a-int8--default_no_bias_correction--mse_per_layer--fit-mse_per_layer-fp32in-s2,67.656667,69.4,0.743935,0.783782,1.743333,0.216667,3.246708,1.9,0.064213,95,1.133333,-0.963375,3.215042,,,,True
resnet18,recon,adaround,L-nobc--w-fp6_e2m3--a-fp6_e2m3--default_no_bias_correction--fit-mse_per_channel-fp32in-s0,L-nobc--w-int6--a-int6--default_no_bias_correction--fit-mse_per_channel-fp32in-s0,67.656667,65.981667,0.795213,0.827996,-1.675,-2.93175,-0.371667,-0.9,0.362032,77,0.29,-1.341708,1.878333,,,,True
resnet18,recon,adaround,L-nobc--w-fp6_e2m3--a-fp6_e2m3--default_no_bias_correction--fit-mse_per_channel-fp32in-s0,L-nobc--w-int8--a-int8--default_no_bias_correction--fit-mse_per_channel-fp32in-s0,67.656667,69.666667,0.799435,0.838477,2.01,0.78,3.30175,2.9,0.000767,71,10.483333,8.906625,12.093333,,,,True
resnet18,recon,adaround,L-nobc--w-fp6_e2m3--a-fp6_e2m3--default_no_bias_correction--fit-mse_per_channel-fp32in-s0,L-nobc--w-posit8_es1--a-posit8_es1--default_no_bias_correction--fit-mse_per_channel-fp32in-s0,67.656667,68.975,0.811798,0.847733,1.318333,0.174958,2.49675,2.1,0.013934,67,7.336667,5.856625,8.838375,,,,True
resnet18,recon,adaround,L-nobc--w-fp6_e2m3--a-fp6_e2m3--default_no_bias_correction--fit-mse_per_channel-fp32in-s0,LQ-bc--w-int6--a-int6--default--fit-mse_per_channel-b2in-int6-s0,67.656667,68.125,0.830556,0.862063,0.468333,-0.643333,1.571792,0.7,0.442626,61,3.434286,1.854286,4.968333,,,,True
resnet18,recon,adaround,L-nobc--w-fp6_e2m3--a-fp6_e2m3--default_no_bias_correction--fit-mse_per_channel-fp32in-s0,LQ-nobc--w-int4--a-int4--default_no_bias_correction--fit-mse_per_channel-b2in-int4-s0,67.656667,27.757018,0.414667,0.326992,-39.899648,-42.477134,-37.31724,-39.5,0.0,439,,,,,,,True
resnet18,recon,adaround,L-nobc--w-fp6_e2m3--a-fp6_e2m3--default_no_bias_correction--fit-mse_per_channel-fp32in-s0,LQ-nobc--w-int6--a-int6--default_no_bias_correction--fit-mse_per_channel-b2in-int6-s0,67.656667,65.953333,0.815217,0.847162,-1.703333,-3.001667,-0.4,-0.2,0.903597,68,1.348333,-0.325,3.010042,,,,True
resnet18,recon,adaround,L-nobc--w-fp6_e2m3--a-fp6_e2m3--default_no_bias_correction--fit-mse_per_channel-fp32in-s0,N-A32--w-fp6_e2m3--a-fp32--mse_per_channel,67.656667,69.8,0.739726,0.783041,2.143333,0.694958,3.620083,3.1,0.001924,95,8.8,7.035,10.63,,,,True
resnet18,recon,adaround,L-nobc--w-fp6_e2m3--a-fp6_e2m3--default_no_bias_correction--fit-mse_per_channel-fp32in-s0,N-A32--w-int4--a-fp32--mse_per_channel,67.656667,53.9,0.566075,0.56821,-13.756667,-16.243375,-11.243333,-12.8,0.0,220,-22.6,-25.611708,-19.706625,,,,True
resnet18,recon,adaround,L-nobc--w-fp6_e2m3--a-fp6_e2m3--default_no_bias_correction--fit-mse_per_channel-fp32in-s0,N-A32--w-int4--a-fp32--mse_per_layer,67.656667,19.0,0.382104,0.250262,-48.656667,-51.698375,-45.583333,-47.7,0.0,511,-65.3,-68.090042,-62.509958,,,,True
resnet18,recon,adaround,L-nobc--w-fp6_e2m3--a-fp6_e2m3--default_no_bias_correction--fit-mse_per_channel-fp32in-s0,N-A32--w-int6--a-fp32--mse_per_channel,67.656667,69.4,0.736413,0.778616,1.743333,0.241625,3.196667,2.7,0.007959,97,6.8,4.843333,8.743417,,,,True
resnet18,recon,adaround,L-nobc--w-fp6_e2m3--a-fp6_e2m3--default_no_bias_correction--fit-mse_per_channel-fp32in-s0,N-A32--w-int8--a-fp32--mse_per_channel,67.656667,69.0,0.77135,0.810995,1.343333,-0.070083,2.76,2.3,0.015232,83,11.2,9.448333,13.0085,,,,True
resnet18,recon,adaround,L-nobc--w-fp6_e2m3--a-fp6_e2m3--default_no_bias_correction--fit-mse_per_channel-fp32in-s0,N-A32--w-posit8_es1--a-fp32--mse_per_channel,67.656667,69.8,0.754144,0.796905,2.143333,0.733292,3.588333,3.1,0.001335,89,11.1,9.361625,12.90675,,,,True
resnet18,recon,adaround,L-nobc--w-fp6_e2m3--a-fp6_e2m3--default_no_bias_correction--fit-mse_per_channel-fp32in-s0,N-default--w-fp6_e2m3--a-fp6_e2m3--default,67.656667,66.656667,0.768617,0.804007,-1.0,-2.380042,0.341708,0.1,1.0,87,,,,,,,True
resnet18,recon,adaround,L-nobc--w-fp6_e2m3--a-fp6_e2m3--default_no_bias_correction--fit-mse_per_channel-fp32in-s0,N-default--w-int6--a-int6--default,67.656667,65.891667,0.741688,0.775604,-1.765,-3.236708,-0.306667,-1.5,0.163279,101,,,,,,,True
resnet18,recon,adaround,L-nobc--w-fp6_e2m3--a-fp6_e2m3--default_no_bias_correction--fit-mse_per_channel-fp32in-s0,N-default--w-int8--a-int8--default,67.656667,69.216667,0.797222,0.834072,1.56,0.276667,2.868333,1.9,0.034416,73,10.491667,8.884958,12.140042,,,,True
resnet18,recon,adaround,L-nobc--w-fp6_e2m3--a-fp6_e2m3--default_no_bias_correction--fit-mse_per_channel-fp32in-s0,N-default--w-posit8_es1--a-posit8_es1--default,67.656667,69.633333,0.808451,0.845391,1.976667,0.821667,3.166667,2.4,0.004903,68,7.2,5.715,8.715,,,,True
resnet18,recon,adaround,L-nobc--w-fp6_e2m3--a-fp6_e2m3--default_no_bias_correction--fit-mse_per_channel-fp32in-s0,N-minimal--w-fp6_e2m3--a-fp6_e2m3--minimal,67.656667,68.000952,0.846797,0.875928,0.344286,-0.717423,1.476714,0.3,0.787706,55,-1.695714,-3.11,-0.247339,,,,True
resnet18,recon,adaround,L-nobc--w-fp6_e2m3--a-fp6_e2m3--default_no_bias_correction--fit-mse_per_channel-fp32in-s0,N-minimal--w-int4--a-int4--minimal,67.656667,17.139623,0.372619,0.220587,-50.517044,-53.221535,-47.716385,-48.7,0.0,527,,,,,,,True
resnet18,recon,adaround,L-nobc--w-fp6_e2m3--a-fp6_e2m3--default_no_bias_correction--fit-mse_per_channel-fp32in-s0,N-minimal--w-int4--a-int8--minimal,67.656667,46.483333,0.472789,0.427471,-21.173333,-24.06,-18.206667,-20.0,0.0,310,-36.85,-39.873542,-33.858333,,,,True
resnet18,recon,adaround,L-nobc--w-fp6_e2m3--a-fp6_e2m3--default_no_bias_correction--fit-mse_per_channel-fp32in-s0,N-minimal--w-int6--a-int6--minimal,67.656667,65.831667,0.767624,0.801535,-1.825,-3.261708,-0.448292,-1.1,0.289096,89,-3.626667,-5.455042,-1.828333,,,,True
resnet18,recon,adaround,L-nobc--w-fp6_e2m3--a-fp6_e2m3--default_no_bias_correction--fit-mse_per_channel-fp32in-s0,N-minimal--w-int8--a-int8--minimal,67.656667,69.72,0.8,0.838473,2.063333,0.799958,3.363458,2.7,0.00182,71,9.42,7.841667,11.083375,,,,True
resnet18,recon,adaround,L-nobc--w-fp6_e2m3--a-fp6_e2m3--default_no_bias_correction--fit-mse_per_channel-fp32in-s0,N-nobc--w-fp6_e2m3--a-fp6_e2m3--default_no_bias_correction,67.656667,67.978333,0.849582,0.878265,0.321667,-0.648333,1.331667,0.2,0.891923,54,,,,,,,True
resnet18,recon,adaround,L-nobc--w-fp6_e2m3--a-fp6_e2m3--default_no_bias_correction--fit-mse_per_channel-fp32in-s0,N-nobc--w-int4--a-int4--default_no_bias_correction,67.656667,27.783477,0.421981,0.342686,-39.87319,-42.473764,-37.194677,-38.2,0.0,426,,,,,,,True
resnet18,recon,adaround,L-nobc--w-fp6_e2m3--a-fp6_e2m3--default_no_bias_correction--fit-mse_per_channel-fp32in-s0,N-nobc--w-int4--a-int8--default_no_bias_correction,67.656667,53.466667,0.568898,0.572212,-14.19,-16.64675,-11.746583,-13.1,0.0,219,-23.041667,-25.965,-20.203292,,,,True
resnet18,recon,adaround,L-nobc--w-fp6_e2m3--a-fp6_e2m3--default_no_bias_correction--fit-mse_per_channel-fp32in-s0,N-nobc--w-int4--a-int8--default_no_bias_correction--mse_per_layer,67.656667,18.983333,0.382567,0.251558,-48.673333,-51.74,-45.619917,-47.6,0.0,510,-65.441667,-68.143417,-62.714875,,,,True
resnet18,recon,adaround,L-nobc--w-fp6_e2m3--a-fp6_e2m3--default_no_bias_correction--fit-mse_per_channel-fp32in-s0,N-nobc--w-int6--a-int6--default_no_bias_correction,67.656667,66.503333,0.802168,0.835546,-1.153333,-2.455042,0.148333,0.1,1.0,73,-1.338333,-3.063333,0.370083,,,,True
resnet18,recon,adaround,L-nobc--w-fp6_e2m3--a-fp6_e2m3--default_no_bias_correction--fit-mse_per_channel-fp32in-s0,N-nobc--w-int8--a-int8--default_no_bias_correction,67.656667,69.316667,0.796089,0.833934,1.66,0.411625,2.938333,2.3,0.009542,73,10.066667,8.466667,11.736708,,,,True
resnet18,recon,adaround,L-nobc--w-fp6_e2m3--a-fp6_e2m3--default_no_bias_correction--fit-mse_per_channel-fp32in-s0,N-nobc--w-posit8_es1--a-posit8_es1--default_no_bias_correction,67.656667,69.241667,0.8,0.838473,1.585,0.416625,2.771667,2.7,0.00182,71,6.95,5.41,8.506708,,,,True
resnet18,recon,adaround,L-nobc--w-int4--a-int4--default_no_bias_correction--fit-mse_per_channel-fp32in-s0,L-nobc--w-int4--a-int8--default_no_bias_correction--fit-mse_per_channel-fp32in-s0,24.825755,70.433333,0.348542,0.232431,45.607578,42.715216,48.360712,46.2,0.0,514,,,,,,,True
resnet18,recon,adaround,L-nobc--w-int4--a-int4--default_no_bias_correction--fit-mse_per_channel-fp32in-s0,L-nobc--w-int4--a-int8--default_no_bias_correction--mse_per_layer--fit-mse_per_layer-fp32in-s0,24.825755,69.4,0.356061,0.227117,44.574245,41.722096,47.27358,45.2,0.0,510,,,,,,,True
resnet18,recon,adaround,L-nobc--w-int4--a-int4--default_no_bias_correction--fit-mse_per_channel-fp32in-s0,L-nobc--w-int4--a-int8--default_no_bias_correction--mse_per_layer--fit-mse_per_layer-fp32in-s1,24.825755,68.6,0.360202,0.223022,43.774245,40.885315,46.522634,44.6,0.0,508,,,,,,,True
resnet18,recon,adaround,L-nobc--w-int4--a-int4--default_no_bias_correction--fit-mse_per_channel-fp32in-s0,L-nobc--w-int4--a-int8--default_no_bias_correction--mse_per_layer--fit-mse_per_layer-fp32in-s2,24.825755,69.4,0.361568,0.235192,44.574245,41.750815,47.291026,44.9,0.0,505,,,,,,,True
resnet18,recon,adaround,L-nobc--w-int4--a-int4--default_no_bias_correction--fit-mse_per_channel-fp32in-s0,L-nobc--w-int6--a-int6--default_no_bias_correction--fit-mse_per_channel-fp32in-s0,24.825755,65.981667,0.400507,0.272914,41.155911,38.433595,43.802294,42.1,0.0,473,,,,,,,True
resnet18,recon,adaround,L-nobc--w-int4--a-int4--default_no_bias_correction--fit-mse_per_channel-fp32in-s0,L-nobc--w-int8--a-int8--default_no_bias_correction--fit-mse_per_channel-fp32in-s0,24.825755,69.666667,0.354061,0.240527,44.840911,42.026595,47.557625,45.9,0.0,509,,,,,,,True
resnet18,recon,adaround,L-nobc--w-int4--a-int4--default_no_bias_correction--fit-mse_per_channel-fp32in-s0,L-nobc--w-posit8_es1--a-posit8_es1--default_no_bias_correction--fit-mse_per_channel-fp32in-s0,24.825755,68.975,0.359039,0.233196,44.149245,41.393582,46.839776,45.1,0.0,507,,,,,,,True
resnet18,recon,adaround,L-nobc--w-int4--a-int4--default_no_bias_correction--fit-mse_per_channel-fp32in-s0,LQ-bc--w-int6--a-int6--default--fit-mse_per_channel-b2in-int6-s0,24.825755,68.125,0.366374,0.217036,43.299245,40.47376,46.009728,43.7,0.0,505,,,,,,,True
resnet18,recon,adaround,L-nobc--w-int4--a-int4--default_no_bias_correction--fit-mse_per_channel-fp32in-s0,LQ-nobc--w-int4--a-int4--default_no_bias_correction--fit-mse_per_channel-b2in-int4-s0,24.825755,27.757018,0.818293,0.610563,2.931263,1.295656,4.548271,3.5,0.005172,149,,,,,,,True
resnet18,recon,adaround,L-nobc--w-int4--a-int4--default_no_bias_correction--fit-mse_per_channel-fp32in-s0,LQ-nobc--w-int6--a-int6--default_no_bias_correction--fit-mse_per_channel-b2in-int6-s0,24.825755,65.953333,0.395172,0.275995,41.127578,38.396166,43.744615,42.8,0.0,476,,,,,,,True
resnet18,recon,adaround,L-nobc--w-int4--a-int4--default_no_bias_correction--fit-mse_per_channel-fp32in-s0,N-A32--w-fp6_e2m3--a-fp32--mse_per_channel,24.825755,69.8,0.348101,0.228304,44.974245,42.088588,47.789626,46.1,0.0,515,,,,,,,True
resnet18,recon,adaround,L-nobc--w-int4--a-int4--default_no_bias_correction--fit-mse_per_channel-fp32in-s0,N-A32--w-int4--a-fp32--mse_per_channel,24.825755,53.9,0.462366,0.166328,29.074245,25.869931,32.210381,30.2,0.0,450,,,,,,,True
resnet18,recon,adaround,L-nobc--w-int4--a-int4--default_no_bias_correction--fit-mse_per_channel-fp32in-s0,N-A32--w-int4--a-fp32--mse_per_layer,24.825755,19.0,0.650577,0.011809,-5.825755,-8.83982,-2.878125,-4.7,0.011597,333,,,,,,,True
resnet18,recon,adaround,L-nobc--w-int4--a-int4--default_no_bias_correction--fit-mse_per_channel-fp32in-s0,N-A32--w-int6--a-fp32--mse_per_channel,24.825755,69.4,0.344654,0.206783,44.574245,41.626584,47.395779,45.7,0.0,521,,,,,,,True
resnet18,recon,adaround,L-nobc--w-int4--a-int4--default_no_bias_correction--fit-mse_per_channel-fp32in-s0,N-A32--w-int8--a-fp32--mse_per_channel,24.825755,69.0,0.356511,0.231197,44.174245,41.155499,46.960725,45.3,0.0,509,,,,,,,True
resnet18,recon,adaround,L-nobc--w-int4--a-int4--default_no_bias_correction--fit-mse_per_channel-fp32in-s0,N-A32--w-posit8_es1--a-fp32--mse_per_channel,24.825755,69.8,0.351523,0.238548,44.974245,42.096755,47.719515,46.1,0.0,511,,,,,,,True
resnet18,recon,adaround,L-nobc--w-int4--a-int4--default_no_bias_correction--fit-mse_per_channel-fp32in-s0,N-default--w-fp6_e2m3--a-fp6_e2m3--default,24.825755,66.656667,0.36875,0.20815,41.830911,39.00732,44.52565,43.1,0.0,505,,,,,,,True
resnet18,recon,adaround,L-nobc--w-int4--a-int4--default_no_bias_correction--fit-mse_per_channel-fp32in-s0,N-default--w-int6--a-int6--default,24.825755,65.891667,0.385287,0.214635,41.065911,38.198093,43.84883,41.5,0.0,493,,,,,,,True
resnet18,recon,adaround,L-nobc--w-int4--a-int4--default_no_bias_correction--fit-mse_per_channel-fp32in-s0,N-default--w-int8--a-int8--default,24.825755,69.216667,0.359848,0.230125,44.390911,41.521614,47.165949,44.9,0.0,507,,,,,,,True
resnet18,recon,adaround,L-nobc--w-int4--a-int4--default_no_bias_correction--fit-mse_per_channel-fp32in-s0,N-default--w-posit8_es1--a-posit8_es1--default,24.825755,69.633333,0.353535,0.225108,44.807578,42.016342,47.52381,45.4,0.0,512,,,,,,,True
resnet18,recon,adaround,L-nobc--w-int4--a-int4--default_no_bias_correction--fit-mse_per_channel-fp32in-s0,N-minimal--w-fp6_e2m3--a-fp6_e2m3--minimal,24.825755,68.000952,0.381795,0.251107,43.175197,40.494711,45.836975,43.3,0.0,489,,,,,,,True
resnet18,recon,adaround,L-nobc--w-int4--a-int4--default_no_bias_correction--fit-mse_per_channel-fp32in-s0,N-minimal--w-int4--a-int4--minimal,24.825755,17.139623,0.705819,0.179589,-7.686133,-10.002665,-5.3889,-5.7,0.000673,273,,,,,,,True
resnet18,recon,adaround,L-nobc--w-int4--a-int4--default_no_bias_correction--fit-mse_per_channel-fp32in-s0,N-minimal--w-int4--a-int8--minimal,24.825755,46.483333,0.506977,0.138204,21.657578,18.350578,24.891166,23.0,0.0,424,,,,,,,True
resnet18,recon,adaround,L-nobc--w-int4--a-int4--default_no_bias_correction--fit-mse_per_channel-fp32in-s0,N-minimal--w-int6--a-int6--minimal,24.825755,65.831667,0.394207,0.250129,41.005911,38.244644,43.660612,41.9,0.0,481,,,,,,,True
resnet18,recon,adaround,L-nobc--w-int4--a-int4--default_no_bias_correction--fit-mse_per_channel-fp32in-s0,N-minimal--w-int8--a-int8--minimal,24.825755,69.72,0.356599,0.242503,44.894245,42.0684,47.641581,45.7,0.0,507,,,,,,,True
resnet18,recon,adaround,L-nobc--w-int4--a-int4--default_no_bias_correction--fit-mse_per_channel-fp32in-s0,N-nobc--w-fp6_e2m3--a-fp6_e2m3--default_no_bias_correction,24.825755,67.978333,0.38481,0.257097,43.152578,40.463428,45.780895,43.2,0.0,486,,,,,,,True
resnet18,recon,adaround,L-nobc--w-int4--a-int4--default_no_bias_correction--fit-mse_per_channel-fp32in-s0,N-nobc--w-int4--a-int4--default_no_bias_correction,24.825755,27.783477,0.689143,0.299306,2.957722,0.608006,5.230529,4.8,0.004289,272,,,,,,,True
resnet18,recon,adaround,L-nobc--w-int4--a-int4--default_no_bias_correction--fit-mse_per_channel-fp32in-s0,N-nobc--w-int4--a-int8--default_no_bias_correction,24.825755,53.466667,0.46595,0.169605,28.640911,25.481585,31.732057,29.9,0.0,447,,,,,,,True
resnet18,recon,adaround,L-nobc--w-int4--a-int4--default_no_bias_correction--fit-mse_per_channel-fp32in-s0,N-nobc--w-int4--a-int8--default_no_bias_correction--mse_per_layer,24.825755,18.983333,0.652997,0.022332,-5.842422,-8.838747,-2.936147,-4.6,0.013123,330,,,,,,,True
resnet18,recon,adaround,L-nobc--w-int4--a-int4--default_no_bias_correction--fit-mse_per_channel-fp32in-s0,N-nobc--w-int6--a-int6--default_no_bias_correction,24.825755,66.503333,0.386076,0.258085,41.677578,38.92517,44.29591,43.1,0.0,485,,,,,,,True
resnet18,recon,adaround,L-nobc--w-int4--a-int4--default_no_bias_correction--fit-mse_per_channel-fp32in-s0,N-nobc--w-int8--a-int8--default_no_bias_correction,24.825755,69.316667,0.356511,0.231197,44.490911,41.627811,47.249147,45.3,0.0,509,,,,,,,True
resnet18,recon,adaround,L-nobc--w-int4--a-int4--default_no_bias_correction--fit-mse_per_channel-fp32in-s0,N-nobc--w-posit8_es1--a-posit8_es1--default_no_bias_correction,24.825755,69.241667,0.35488,0.2374,44.415911,41.652387,47.126294,45.7,0.0,509,,,,,,,True
resnet18,recon,adaround,L-nobc--w-int4--a-int8--default_no_bias_correction--fit-mse_per_channel-fp32in-s0,L-nobc--w-int4--a-int8--default_no_bias_correction--mse_per_layer--fit-mse_per_layer-fp32in-s0,70.433333,69.4,0.80531,0.844859,-1.033333,-2.45,0.333333,-1.0,0.267812,66,-4.7,-6.566667,-2.9,-5.4,0.0,112,True
resnet18,recon,adaround,L-nobc--w-int4--a-int8--default_no_bias_correction--fit-mse_per_channel-fp32in-s0,L-nobc--w-int4--a-int8--default_no_bias_correction--mse_per_layer--fit-mse_per_layer-fp32in-s1,70.433333,68.6,0.823009,0.860143,-1.833333,-3.233333,-0.5,-1.6,0.051894,60,-4.95,-6.75125,-3.2,-5.4,0.0,106,True
resnet18,recon,adaround,L-nobc--w-int4--a-int8--default_no_bias_correction--fit-mse_per_channel-fp32in-s0,L-nobc--w-int4--a-int8--default_no_bias_correction--mse_per_layer--fit-mse_per_layer-fp32in-s2,70.433333,69.4,0.808824,0.847803,-1.033333,-2.516667,0.366667,-1.3,0.136032,65,-4.866667,-6.733333,-3.05,-5.6,0.0,108,True
resnet18,recon,adaround,L-nobc--w-int4--a-int8--default_no_bias_correction--fit-mse_per_channel-fp32in-s0,L-nobc--w-int6--a-int6--default_no_bias_correction--fit-mse_per_channel-fp32in-s0,70.433333,65.981667,0.761644,0.804515,-4.451667,-5.930083,-2.96,-4.1,1.3e-05,87,-5.71,-7.53,-3.863333,,,,True
resnet18,recon,adaround,L-nobc--w-int4--a-int8--default_no_bias_correction--fit-mse_per_channel-fp32in-s0,L-nobc--w-int8--a-int8--default_no_bias_correction--fit-mse_per_channel-fp32in-s0,70.433333,69.666667,0.884735,0.912344,-0.766667,-1.883333,0.35,-0.3,0.742829,37,4.483333,3.016667,6.0,4.0,2e-06,72,True
resnet18,recon,adaround,L-nobc--w-int4--a-int8--default_no_bias_correction--fit-mse_per_channel-fp32in-s0,L-nobc--w-posit8_es1--a-posit8_es1--default_no_bias_correction--fit-mse_per_channel-fp32in-s0,70.433333,68.975,0.857576,0.889755,-1.458333,-2.625,-0.275,-1.1,0.143865,47,1.336667,-0.258375,2.973333,1.8,0.07255,90,True
resnet18,recon,adaround,L-nobc--w-int4--a-int8--default_no_bias_correction--fit-mse_per_channel-fp32in-s0,LQ-bc--w-int6--a-int6--default--fit-mse_per_channel-b2in-int6-s0,70.433333,68.125,0.801724,0.841232,-2.308333,-3.65,-0.991667,-2.5,0.003545,69,-2.565714,-4.304065,-0.888304,,,,True
resnet18,recon,adaround,L-nobc--w-int4--a-int8--default_no_bias_correction--fit-mse_per_channel-fp32in-s0,LQ-nobc--w-int4--a-int4--default_no_bias_correction--fit-mse_per_channel-b2in-int4-s0,70.433333,27.757018,0.362914,0.268831,-42.676315,-45.375503,-39.944661,-42.7,0.0,481,,,,,,,True
resnet18,recon,adaround,L-nobc--w-int4--a-int8--default_no_bias_correction--fit-mse_per_channel-fp32in-s0,LQ-nobc--w-int6--a-int6--default_no_bias_correction--fit-mse_per_channel-b2in-int6-s0,70.433333,65.953333,0.781513,0.822938,-4.48,-5.98,-2.988333,-3.4,0.000149,78,-4.651667,-6.540083,-2.789958,,,,True
resnet18,recon,adaround,L-nobc--w-int4--a-int8--default_no_bias_correction--fit-mse_per_channel-fp32in-s0,N-A32--w-fp6_e2m3--a-fp32--mse_per_channel,70.433333,69.8,0.844037,0.878919,-0.633333,-2.0,0.716667,-0.1,1.0,51,2.8,1.0,4.6,2.6,0.008781,92,True
resnet18,recon,adaround,L-nobc--w-int4--a-int8--default_no_bias_correction--fit-mse_per_channel-fp32in-s0,N-A32--w-int4--a-fp32--mse_per_channel,70.433333,53.9,0.567901,0.600221,-16.533333,-19.183333,-13.933333,-16.0,0.0,210,-28.6,-31.6,-25.65,-28.8,0.0,320,True
resnet18,recon,adaround,L-nobc--w-int4--a-int8--default_no_bias_correction--fit-mse_per_channel-fp32in-s0,N-A32--w-int4--a-fp32--mse_per_layer,70.433333,19.0,0.351582,0.251132,-51.433333,-54.633333,-48.2,-50.9,0.0,533,-71.3,-74.1,-68.5,-71.5,0.0,725,True
resnet18,recon,adaround,L-nobc--w-int4--a-int8--default_no_bias_correction--fit-mse_per_channel-fp32in-s0,N-A32--w-int6--a-fp32--mse_per_channel,70.433333,69.4,0.844985,0.879434,-1.033333,-2.416667,0.316667,-0.5,0.575849,51,0.8,-1.1,2.6,0.6,0.610068,96,True
resnet18,recon,adaround,L-nobc--w-int4--a-int8--default_no_bias_correction--fit-mse_per_channel-fp32in-s0,N-A32--w-int8--a-fp32--mse_per_channel,70.433333,69.0,0.885802,0.913019,-1.433333,-2.65,-0.26625,-0.9,0.187742,37,5.2,3.65,6.8,5.0,0.0,72,True
resnet18,recon,adaround,L-nobc--w-int4--a-int8--default_no_bias_correction--fit-mse_per_channel-fp32in-s0,N-A32--w-posit8_es1--a-fp32--mse_per_channel,70.433333,69.8,0.861111,0.893164,-0.633333,-1.933333,0.633333,-0.1,1.0,45,5.1,3.45,6.85,4.9,0.0,85,True
resnet18,recon,adaround,L-nobc--w-int4--a-int8--default_no_bias_correction--fit-mse_per_channel-fp32in-s0,N-default--w-fp6_e2m3--a-fp6_e2m3--default,70.433333,66.656667,0.739011,0.782677,-3.776667,-5.471708,-2.149958,-3.1,0.001924,95,,,,,,,True
resnet18,recon,adaround,L-nobc--w-int4--a-int8--default_no_bias_correction--fit-mse_per_channel-fp32in-s0,N-default--w-int6--a-int6--default,70.433333,65.891667,0.739946,0.783791,-4.541667,-6.241875,-2.866667,-4.7,2e-06,97,,,,,,,True
resnet18,recon,adaround,L-nobc--w-int4--a-int8--default_no_bias_correction--fit-mse_per_channel-fp32in-s0,N-default--w-int8--a-int8--default,70.433333,69.216667,0.875,0.904171,-1.216667,-2.43375,-0.05,-1.3,0.059584,41,4.491667,2.966667,6.058333,4.2,1e-06,76,True
resnet18,recon,adaround,L-nobc--w-int4--a-int8--default_no_bias_correction--fit-mse_per_channel-fp32in-s0,N-default--w-posit8_es1--a-posit8_es1--default,70.433333,69.633333,0.865443,0.896382,-0.8,-2.016667,0.4,-0.8,0.291215,44,1.2,-0.358542,2.758333,,,,True
resnet18,recon,adaround,L-nobc--w-int4--a-int8--default_no_bias_correction--fit-mse_per_channel-fp32in-s0,N-minimal--w-fp6_e2m3--a-fp6_e2m3--minimal,70.433333,68.000952,0.747922,0.7913,-2.432381,-3.933369,-0.921411,-2.9,0.003113,91,-7.695714,-9.645714,-5.788292,,,,True
resnet18,recon,adaround,L-nobc--w-int4--a-int8--default_no_bias_correction--fit-mse_per_channel-fp32in-s0,N-minimal--w-int4--a-int4--minimal,70.433333,17.139623,0.334524,0.193958,-53.293711,-56.183973,-50.347338,-51.9,0.0,559,,,,,,,True
resnet18,recon,adaround,L-nobc--w-int4--a-int8--default_no_bias_correction--fit-mse_per_channel-fp32in-s0,N-minimal--w-int4--a-int8--minimal,70.433333,46.483333,0.455497,0.439452,-23.95,-26.933333,-20.866667,-23.2,0.0,312,-42.85,-46.016667,-39.732917,-42.7,0.0,459,True
resnet18,recon,adaround,L-nobc--w-int4--a-int8--default_no_bias_correction--fit-mse_per_channel-fp32in-s0,N-minimal--w-int6--a-int6--minimal,70.433333,65.831667,0.729223,0.773096,-4.601667,-6.298375,-2.905,-4.3,2.2e-05,101,-9.626667,-11.625042,-7.591667,,,,True
resnet18,recon,adaround,L-nobc--w-int4--a-int8--default_no_bias_correction--fit-mse_per_channel-fp32in-s0,N-minimal--w-int8--a-int8--minimal,70.433333,69.72,0.873457,0.903088,-0.713333,-1.933333,0.473583,-0.5,0.532709,41,3.42,1.833083,5.016667,3.5,0.000103,79,True
resnet18,recon,adaround,L-nobc--w-int4--a-int8--default_no_bias_correction--fit-mse_per_channel-fp32in-s0,N-nobc--w-fp6_e2m3--a-fp6_e2m3--default_no_bias_correction,70.433333,67.978333,0.785311,0.826362,-2.455,-3.913375,-1.00825,-3.0,0.000765,76,,,,,,,True
resnet18,recon,adaround,L-nobc--w-int4--a-int8--default_no_bias_correction--fit-mse_per_channel-fp32in-s0,N-nobc--w-int4--a-int4--default_no_bias_correction,70.433333,27.783477,0.378562,0.30805,-42.649856,-45.428903,-39.845584,-41.4,0.0,458,,,,,,,True
resnet18,recon,adaround,L-nobc--w-int4--a-int8--default_no_bias_correction--fit-mse_per_channel-fp32in-s0,N-nobc--w-int4--a-int8--default_no_bias_correction,70.433333,53.466667,0.564417,0.596001,-16.966667,-19.566667,-14.4,-16.3,0.0,213,-29.041667,-31.966875,-26.174792,-29.1,0.0,323,True
resnet18,recon,adaround,L-nobc--w-int4--a-int8--default_no_bias_correction--fit-mse_per_channel-fp32in-s0,N-nobc--w-int4--a-int8--default_no_bias_correction--mse_per_layer,70.433333,18.983333,0.350365,0.246751,-51.45,-54.625,-48.274792,-50.8,0.0,534,-71.441667,-74.216875,-68.675,-71.4,0.0,724,True
resnet18,recon,adaround,L-nobc--w-int4--a-int8--default_no_bias_correction--fit-mse_per_channel-fp32in-s0,N-nobc--w-int6--a-int6--default_no_bias_correction,70.433333,66.503333,0.748619,0.791935,-3.93,-5.496667,-2.338208,-3.1,0.001517,91,-7.338333,-9.343417,-5.366667,,,,True
resnet18,recon,adaround,L-nobc--w-int4--a-int8--default_no_bias_correction--fit-mse_per_channel-fp32in-s0,N-nobc--w-int8--a-int8--default_no_bias_correction,70.433333,69.316667,0.88,0.908306,-1.116667,-2.300417,0.05,-0.9,0.199591,39,4.066667,2.533333,5.633333,3.8,1.1e-05,74,True
resnet18,recon,adaround,L-nobc--w-int4--a-int8--default_no_bias_correction--fit-mse_per_channel-fp32in-s0,N-nobc--w-posit8_es1--a-posit8_es1--default_no_bias_correction,70.433333,69.241667,0.861963,0.893626,-1.191667,-2.35,-0.05,-0.5,0.551484,45,0.95,-0.7,2.566667,,,,True
resnet18,recon,adaround,L-nobc--w-int4--a-int8--default_no_bias_correction--mse_per_layer--fit-mse_per_layer-fp32in-s0,L-nobc--w-int4--a-int8--default_no_bias_correction--mse_per_layer--fit-mse_per_layer-fp32in-s1,69.4,68.6,0.891566,0.916528,-0.8,-1.866667,0.233333,-0.6,0.405032,36,-0.25,-1.533333,1.083333,0.0,1.0,58,True
resnet18,recon,adaround,L-nobc--w-int4--a-int8--default_no_bias_correction--mse_per_layer--fit-mse_per_layer-fp32in-s0,L-nobc--w-int4--a-int8--default_no_bias_correction--mse_per_layer--fit-mse_per_layer-fp32in-s2,69.4,69.4,0.871257,0.89995,0.0,-1.05,1.1,-0.3,0.760792,43,-0.166667,-1.583333,1.233333,-0.2,0.904975,70,True
resnet18,recon,adaround,L-nobc--w-int4--a-int8--default_no_bias_correction--mse_per_layer--fit-mse_per_layer-fp32in-s0,L-nobc--w-int6--a-int6--default_no_bias_correction--fit-mse_per_channel-fp32in-s0,69.4,65.981667,0.722955,0.763408,-3.418333,-5.085,-1.775,-3.1,0.003221,105,-1.01,-3.010042,1.020042,,,,True
resnet18,recon,adaround,L-nobc--w-int4--a-int8--default_no_bias_correction--mse_per_layer--fit-mse_per_layer-fp32in-s0,L-nobc--w-int8--a-int8--default_no_bias_correction--fit-mse_per_channel-fp32in-s0,69.4,69.666667,0.803519,0.842804,0.266667,-1.116667,1.666667,0.7,0.463818,67,9.183333,7.283333,11.15,9.4,0.0,126,True
resnet18,recon,adaround,L-nobc--w-int4--a-int8--default_no_bias_correction--mse_per_layer--fit-mse_per_layer-fp32in-s0,L-nobc--w-posit8_es1--a-posit8_es1--default_no_bias_correction--fit-mse_per_channel-fp32in-s0,69.4,68.975,0.79023,0.829814,-0.425,-1.825,0.983542,-0.1,1.0,73,6.036667,4.116667,7.973333,7.2,0.0,128,True
resnet18,recon,adaround,L-nobc--w-int4--a-int8--default_no_bias_correction--mse_per_layer--fit-mse_per_layer-fp32in-s0,LQ-bc--w-int6--a-int6--default--fit-mse_per_channel-b2in-int6-s0,69.4,68.125,0.769444,0.809339,-1.275,-2.75,0.158333,-1.5,0.123853,83,2.134286,0.251506,4.026923,,,,True
resnet18,recon,adaround,L-nobc--w-int4--a-int8--default_no_bias_correction--mse_per_layer--fit-mse_per_layer-fp32in-s0,LQ-nobc--w-int4--a-int4--default_no_bias_correction--fit-mse_per_channel-b2in-int4-s0,69.4,27.757018,0.368906,0.260172,-41.642982,-44.403951,-38.842615,-41.7,0.0,479,,,,,,,True
resnet18,recon,adaround,L-nobc--w-int4--a-int8--default_no_bias_correction--mse_per_layer--fit-mse_per_layer-fp32in-s0,LQ-nobc--w-int6--a-int6--default_no_bias_correction--fit-mse_per_channel-b2in-int6-s0,69.4,65.953333,0.736559,0.777236,-3.446667,-5.058333,-1.821583,-2.4,0.01969,98,0.048333,-1.931792,2.123333,,,,True
resnet18,recon,adaround,L-nobc--w-int4--a-int8--default_no_bias_correction--mse_per_layer--fit-mse_per_layer-fp32in-s0,N-A32--w-fp6_e2m3--a-fp32--mse_per_channel,69.4,69.8,0.776812,0.819074,0.4,-1.183333,2.016667,0.9,0.362032,77,7.5,5.45,9.633333,8.0,0.0,134,True
resnet18,recon,adaround,L-nobc--w-int4--a-int8--default_no_bias_correction--mse_per_layer--fit-mse_per_layer-fp32in-s0,N-A32--w-int4--a-fp32--mse_per_channel,69.4,53.9,0.57551,0.600785,-15.5,-18.1,-12.933333,-15.0,0.0,208,-23.9,-26.883333,-20.949583,-23.4,0.0,294,True
resnet18,recon,adaround,L-nobc--w-int4--a-int8--default_no_bias_correction--mse_per_layer--fit-mse_per_layer-fp32in-s0,N-A32--w-int4--a-fp32--mse_per_layer,69.4,19.0,0.368742,0.27583,-50.4,-53.516667,-47.25,-49.9,0.0,517,-66.6,-69.566667,-63.7,-66.1,0.0,667,True
resnet18,recon,adaround,L-nobc--w-int4--a-int8--default_no_bias_correction--mse_per_layer--fit-mse_per_layer-fp32in-s0,N-A32--w-int6--a-fp32--mse_per_channel,69.4,69.4,0.798834,0.838339,0.0,-1.517083,1.55,0.5,0.630456,69,5.5,3.482917,7.6,6.0,0.0,126,True
resnet18,recon,adaround,L-nobc--w-int4--a-int8--default_no_bias_correction--mse_per_layer--fit-mse_per_layer-fp32in-s0,N-A32--w-int8--a-fp32--mse_per_channel,69.4,69.0,0.815789,0.852868,-0.4,-1.9,1.083333,0.1,1.0,63,9.9,7.916667,11.983333,10.4,0.0,126,True
resnet18,recon,adaround,L-nobc--w-int4--a-int8--default_no_bias_correction--mse_per_layer--fit-mse_per_layer-fp32in-s0,N-A32--w-posit8_es1--a-fp32--mse_per_channel,69.4,69.8,0.792398,0.833189,0.4,-1.15,1.966667,0.9,0.342471,71,9.8,7.7,11.95,10.3,0.0,135,True
resnet18,recon,adaround,L-nobc--w-int4--a-int8--default_no_bias_correction--mse_per_layer--fit-mse_per_layer-fp32in-s0,N-default--w-fp6_e2m3--a-fp6_e2m3--default,69.4,66.656667,0.723861,0.764916,-2.743333,-4.505,-1.056625,-2.1,0.048234,103,,,,,,,True
resnet18,recon,adaround,L-nobc--w-int4--a-int8--default_no_bias_correction--mse_per_layer--fit-mse_per_layer-fp32in-s0,N-default--w-int6--a-int6--default,69.4,65.891667,0.702842,0.742739,-3.508333,-5.35,-1.725,-3.7,0.000717,115,,,,,,,True
resnet18,recon,adaround,L-nobc--w-int4--a-int8--default_no_bias_correction--mse_per_layer--fit-mse_per_layer-fp32in-s0,N-default--w-int8--a-int8--default,69.4,69.216667,0.81686,0.853404,-0.183333,-1.58375,1.18375,-0.3,0.801306,63,9.191667,7.308333,11.208333,9.6,0.0,126,True
resnet18,recon,adaround,L-nobc--w-int4--a-int8--default_no_bias_correction--mse_per_layer--fit-mse_per_layer-fp32in-s0,N-default--w-posit8_es1--a-posit8_es1--default,69.4,69.633333,0.797101,0.836382,0.233333,-1.216667,1.667083,0.2,0.904975,70,5.9,4.016667,7.841667,,,,True
resnet18,recon,adaround,L-nobc--w-int4--a-int8--default_no_bias_correction--mse_per_layer--fit-mse_per_layer-fp32in-s0,N-minimal--w-fp6_e2m3--a-fp6_e2m3--minimal,69.4,68.000952,0.723118,0.764347,-1.399048,-3.027423,0.236673,-1.9,0.075619,103,-2.995714,-4.979071,-0.979976,,,,True
resnet18,recon,adaround,L-nobc--w-int4--a-int8--default_no_bias_correction--mse_per_layer--fit-mse_per_layer-fp32in-s0,N-minimal--w-int4--a-int4--minimal,69.4,17.139623,0.348033,0.207938,-52.260377,-55.13491,-49.332484,-50.9,0.0,547,,,,,,,True
resnet18,recon,adaround,L-nobc--w-int4--a-int8--default_no_bias_correction--mse_per_layer--fit-mse_per_layer-fp32in-s0,N-minimal--w-int4--a-int8--minimal,69.4,46.483333,0.472949,0.455676,-22.916667,-25.9,-19.85,-22.2,0.0,302,-38.15,-41.383333,-34.933333,-37.3,0.0,423,True
resnet18,recon,adaround,L-nobc--w-int4--a-int8--default_no_bias_correction--mse_per_layer--fit-mse_per_layer-fp32in-s0,N-minimal--w-int6--a-int6--minimal,69.4,65.831667,0.696891,0.736779,-3.568333,-5.405083,-1.73,-3.3,0.002928,117,-4.926667,-7.155083,-2.721583,,,,True
resnet18,recon,adaround,L-nobc--w-int4--a-int8--default_no_bias_correction--mse_per_layer--fit-mse_per_layer-fp32in-s0,N-minimal--w-int8--a-int8--minimal,69.4,69.72,0.820059,0.857091,0.32,-1.033333,1.653333,0.5,0.608921,61,8.12,6.283333,10.070083,8.9,0.0,125,True
resnet18,recon,adaround,L-nobc--w-int4--a-int8--default_no_bias_correction--mse_per_layer--fit-mse_per_layer-fp32in-s0,N-nobc--w-fp6_e2m3--a-fp6_e2m3--default_no_bias_correction,69.4,67.978333,0.72118,0.762334,-1.421667,-3.013417,0.153333,-2.0,0.061926,104,,,,,,,True
resnet18,recon,adaround,L-nobc--w-int4--a-int8--default_no_bias_correction--mse_per_layer--fit-mse_per_layer-fp32in-s0,N-nobc--w-int4--a-int4--default_no_bias_correction,69.4,27.783477,0.379032,0.285388,-41.616523,-44.418525,-38.717295,-40.4,0.0,462,,,,,,,True
resnet18,recon,adaround,L-nobc--w-int4--a-int8--default_no_bias_correction--mse_per_layer--fit-mse_per_layer-fp32in-s0,N-nobc--w-int4--a-int8--default_no_bias_correction,69.4,53.466667,0.572008,0.596472,-15.933333,-18.483333,-13.4,-15.3,0.0,211,-24.341667,-27.266667,-21.466667,-23.7,0.0,295,True
resnet18,recon,adaround,L-nobc--w-int4--a-int8--default_no_bias_correction--mse_per_layer--fit-mse_per_layer-fp32in-s0,N-nobc--w-int4--a-int8--default_no_bias_correction--mse_per_layer,69.4,18.983333,0.365854,0.265995,-50.416667,-53.516875,-47.299792,-49.8,0.0,520,-66.741667,-69.633333,-63.883333,-66.0,0.0,668,True
resnet18,recon,adaround,L-nobc--w-int4--a-int8--default_no_bias_correction--mse_per_layer--fit-mse_per_layer-fp32in-s0,N-nobc--w-int6--a-int6--default_no_bias_correction,69.4,66.503333,0.710106,0.751154,-2.896667,-4.635083,-1.133333,-2.1,0.054909,109,-2.638333,-4.75175,-0.454917,,,,True
resnet18,recon,adaround,L-nobc--w-int4--a-int8--default_no_bias_correction--mse_per_layer--fit-mse_per_layer-fp32in-s0,N-nobc--w-int8--a-int8--default_no_bias_correction,69.4,69.316667,0.810496,0.848197,-0.083333,-1.5,1.333333,0.1,1.0,65,8.766667,6.866667,10.766667,9.2,0.0,128,True
resnet18,recon,adaround,L-nobc--w-int4--a-int8--default_no_bias_correction--mse_per_layer--fit-mse_per_layer-fp32in-s0,N-nobc--w-posit8_es1--a-posit8_es1--default_no_bias_correction,69.4,69.241667,0.798834,0.838339,-0.158333,-1.583333,1.266875,0.5,0.630456,69,5.65,3.7,7.641667,,,,True
resnet18,recon,adaround,L-nobc--w-int4--a-int8--default_no_bias_correction--mse_per_layer--fit-mse_per_layer-fp32in-s1,L-nobc--w-int4--a-int8--default_no_bias_correction--mse_per_layer--fit-mse_per_layer-fp32in-s2,68.6,69.4,0.872404,0.900467,0.8,-0.3,1.916667,0.3,0.760792,43,0.083333,-1.316667,1.45,-0.2,0.900653,64,True
resnet18,recon,adaround,L-nobc--w-int4--a-int8--default_no_bias_correction--mse_per_layer--fit-mse_per_layer-fp32in-s1,L-nobc--w-int6--a-int6--default_no_bias_correction--fit-mse_per_channel-fp32in-s0,68.6,65.981667,0.720627,0.759227,-2.618333,-4.248375,-0.96,-2.5,0.0199,107,-0.76,-2.805083,1.280042,,,,True
resnet18,recon,adaround,L-nobc--w-int4--a-int8--default_no_bias_correction--mse_per_layer--fit-mse_per_layer-fp32in-s1,L-nobc--w-int8--a-int8--default_no_bias_correction--fit-mse_per_channel-fp32in-s0,68.6,69.666667,0.815789,0.853288,1.066667,-0.283333,2.433333,1.3,0.129918,63,9.433333,7.633333,11.333333,9.4,0.0,124,True
resnet18,recon,adaround,L-nobc--w-int4--a-int8--default_no_bias_correction--mse_per_layer--fit-mse_per_layer-fp32in-s1,L-nobc--w-posit8_es1--a-posit8_es1--default_no_bias_correction--fit-mse_per_channel-fp32in-s0,68.6,68.975,0.792023,0.830758,0.375,-1.025,1.766667,0.5,0.639973,73,6.286667,4.411583,8.225042,7.2,0.0,134,True
resnet18,recon,adaround,L-nobc--w-int4--a-int8--default_no_bias_correction--mse_per_layer--fit-mse_per_layer-fp32in-s1,LQ-bc--w-int6--a-int6--default--fit-mse_per_channel-b2in-int6-s0,68.6,68.125,0.781163,0.819113,-0.475,-1.95,0.983333,-0.9,0.368188,79,2.384286,0.498298,4.301905,,,,True
resnet18,recon,adaround,L-nobc--w-int4--a-int8--default_no_bias_correction--mse_per_layer--fit-mse_per_layer-fp32in-s1,LQ-nobc--w-int4--a-int4--default_no_bias_correction--fit-mse_per_channel-b2in-int4-s0,68.6,27.757018,0.376812,0.266709,-40.842982,-43.576858,-38.034086,-41.1,0.0,473,,,,,,,True
resnet18,recon,adaround,L-nobc--w-int4--a-int8--default_no_bias_correction--mse_per_layer--fit-mse_per_layer-fp32in-s1,LQ-nobc--w-int6--a-int6--default_no_bias_correction--fit-mse_per_channel-b2in-int6-s0,68.6,65.953333,0.738667,0.777727,-2.646667,-4.283333,-1.013333,-1.8,0.085411,98,0.298333,-1.71,2.346708,,,,True
resnet18,recon,adaround,L-nobc--w-int4--a-int8--default_no_bias_correction--mse_per_layer--fit-mse_per_layer-fp32in-s1,N-A32--w-fp6_e2m3--a-fp32--mse_per_channel,68.6,69.8,0.804665,0.843806,1.2,-0.4,2.8,1.5,0.086437,67,7.75,5.7,9.85,8.0,0.0,126,True
resnet18,recon,adaround,L-nobc--w-int4--a-int8--default_no_bias_correction--mse_per_layer--fit-mse_per_layer-fp32in-s1,N-A32--w-int4--a-fp32--mse_per_channel,68.6,53.9,0.584521,0.607312,-14.7,-17.3,-12.2,-14.4,0.0,204,-23.65,-26.65,-20.65,-23.4,0.0,298,True
resnet18,recon,adaround,L-nobc--w-int4--a-int8--default_no_bias_correction--mse_per_layer--fit-mse_per_layer-fp32in-s1,N-A32--w-int4--a-fp32--mse_per_layer,68.6,19.0,0.371046,0.264215,-49.6,-52.75,-46.4,-49.3,0.0,517,-66.35,-69.3,-63.45,-66.1,0.0,669,True
resnet18,recon,adaround,L-nobc--w-int4--a-int8--default_no_bias_correction--mse_per_layer--fit-mse_per_layer-fp32in-s1,N-A32--w-int6--a-fp32--mse_per_channel,68.6,69.4,0.805797,0.844099,0.8,-0.8,2.35,1.1,0.221549,67,5.75,3.7,7.9,6.0,0.0,130,True
resnet18,recon,adaround,L-nobc--w-int4--a-int8--default_no_bias_correction--mse_per_layer--fit-mse_per_layer-fp32in-s1,N-A32--w-int8--a-fp32--mse_per_channel,68.6,69.0,0.812139,0.849111,0.4,-1.15,1.95,0.7,0.457021,65,10.15,8.15,12.25,10.4,0.0,130,True
resnet18,recon,adaround,L-nobc--w-int4--a-int8--default_no_bias_correction--mse_per_layer--fit-mse_per_layer-fp32in-s1,N-A32--w-posit8_es1--a-fp32--mse_per_channel,68.6,69.8,0.809942,0.848487,1.2,-0.35,2.7,1.5,0.081682,65,10.05,8.05,12.15,10.3,0.0,131,True
resnet18,recon,adaround,L-nobc--w-int4--a-int8--default_no_bias_correction--mse_per_layer--fit-mse_per_layer-fp32in-s1,N-default--w-fp6_e2m3--a-fp6_e2m3--default,68.6,66.656667,0.712401,0.751872,-1.943333,-3.73,-0.21325,-1.5,0.179671,109,,,,,,,True
resnet18,recon,adaround,L-nobc--w-int4--a-int8--default_no_bias_correction--mse_per_layer--fit-mse_per_layer-fp32in-s1,N-default--w-int6--a-int6--default,68.6,65.891667,0.705128,0.743016,-2.708333,-4.558333,-0.899792,-3.1,0.004928,115,,,,,,,True
resnet18,recon,adaround,L-nobc--w-int4--a-int8--default_no_bias_correction--mse_per_layer--fit-mse_per_layer-fp32in-s1,N-default--w-int8--a-int8--default,68.6,69.216667,0.823699,0.858792,0.616667,-0.816667,2.033333,0.3,0.798153,61,9.441667,7.574792,11.408333,9.6,0.0,124,True
resnet18,recon,adaround,L-nobc--w-int4--a-int8--default_no_bias_correction--mse_per_layer--fit-mse_per_layer-fp32in-s1,N-default--w-posit8_es1--a-posit8_es1--default,68.6,69.633333,0.804035,0.842041,1.033333,-0.4,2.45,0.8,0.396125,68,6.15,4.308333,8.025,,,,True
resnet18,recon,adaround,L-nobc--w-int4--a-int8--default_no_bias_correction--mse_per_layer--fit-mse_per_layer-fp32in-s1,N-minimal--w-fp6_e2m3--a-fp6_e2m3--minimal,68.6,68.000952,0.729947,0.76963,-0.599048,-2.214321,1.020256,-1.3,0.2323,101,-2.745714,-4.793369,-0.71,,,,True
resnet18,recon,adaround,L-nobc--w-int4--a-int8--default_no_bias_correction--mse_per_layer--fit-mse_per_layer-fp32in-s1,N-minimal--w-int4--a-int4--minimal,68.6,17.139623,0.351962,0.201717,-51.460377,-54.336064,-48.555694,-50.3,0.0,545,,,,,,,True
resnet18,recon,adaround,L-nobc--w-int4--a-int8--default_no_bias_correction--mse_per_layer--fit-mse_per_layer-fp32in-s1,N-minimal--w-int4--a-int8--minimal,68.6,46.483333,0.473137,0.448161,-22.116667,-25.13375,-19.033333,-21.6,0.0,304,-37.9,-41.166667,-34.6,-37.3,0.0,427,True
resnet18,recon,adaround,L-nobc--w-int4--a-int8--default_no_bias_correction--mse_per_layer--fit-mse_per_layer-fp32in-s1,N-minimal--w-int6--a-int6--minimal,68.6,65.831667,0.690537,0.728157,-2.768333,-4.581708,-0.973333,-2.7,0.01773,121,-4.676667,-6.996792,-2.379875,,,,True
resnet18,recon,adaround,L-nobc--w-int4--a-int8--default_no_bias_correction--mse_per_layer--fit-mse_per_layer-fp32in-s1,N-minimal--w-int8--a-int8--minimal,68.6,69.72,0.837758,0.87208,1.12,-0.216667,2.453333,1.1,0.177001,55,8.37,6.55,10.25,8.9,0.0,119,True
resnet18,recon,adaround,L-nobc--w-int4--a-int8--default_no_bias_correction--mse_per_layer--fit-mse_per_layer-fp32in-s1,N-nobc--w-fp6_e2m3--a-fp6_e2m3--default_no_bias_correction,68.6,67.978333,0.737265,0.776727,-0.621667,-2.19675,0.966667,-1.4,0.188847,98,,,,,,,True
resnet18,recon,adaround,L-nobc--w-int4--a-int8--default_no_bias_correction--mse_per_layer--fit-mse_per_layer-fp32in-s1,N-nobc--w-int4--a-int4--default_no_bias_correction,68.6,27.783477,0.385235,0.287294,-40.816523,-43.610025,-37.957187,-39.8,0.0,458,,,,,,,True
resnet18,recon,adaround,L-nobc--w-int4--a-int8--default_no_bias_correction--mse_per_layer--fit-mse_per_layer-fp32in-s1,N-nobc--w-int4--a-int8--default_no_bias_correction,68.6,53.466667,0.577778,0.59863,-15.133333,-17.68375,-12.616667,-14.7,0.0,209,-24.091667,-27.041667,-21.15,-23.7,0.0,301,True
resnet18,recon,adaround,L-nobc--w-int4--a-int8--default_no_bias_correction--mse_per_layer--fit-mse_per_layer-fp32in-s1,N-nobc--w-int4--a-int8--default_no_bias_correction--mse_per_layer,68.6,18.983333,0.36983,0.259951,-49.616667,-52.716875,-46.475,-49.2,0.0,518,-66.491667,-69.4,-63.583333,-66.0,0.0,666,True
resnet18,recon,adaround,L-nobc--w-int4--a-int8--default_no_bias_correction--mse_per_layer--fit-mse_per_layer-fp32in-s1,N-nobc--w-int6--a-int6--default_no_bias_correction,68.6,66.503333,0.712401,0.751872,-2.096667,-3.871667,-0.341583,-1.5,0.179671,109,-2.388333,-4.626667,-0.2,,,,True
resnet18,recon,adaround,L-nobc--w-int4--a-int8--default_no_bias_correction--mse_per_layer--fit-mse_per_layer-fp32in-s1,N-nobc--w-int8--a-int8--default_no_bias_correction,68.6,69.316667,0.812139,0.849111,0.716667,-0.766667,2.183333,0.7,0.457021,65,9.016667,7.1,11.0,9.2,0.0,130,True
resnet18,recon,adaround,L-nobc--w-int4--a-int8--default_no_bias_correction--mse_per_layer--fit-mse_per_layer-fp32in-s1,N-nobc--w-posit8_es1--a-posit8_es1--default_no_bias_correction,68.6,69.241667,0.811047,0.848763,0.641667,-0.683333,1.983333,1.1,0.214539,65,5.9,4.058333,7.766875,,,,True
resnet18,recon,adaround,L-nobc--w-int4--a-int8--default_no_bias_correction--mse_per_layer--fit-mse_per_layer-fp32in-s2,L-nobc--w-int6--a-int6--default_no_bias_correction--fit-mse_per_channel-fp32in-s0,69.4,65.981667,0.712794,0.75221,-3.418333,-5.118417,-1.763333,-2.8,0.009722,110,-0.843333,-2.948375,1.311708,,,,True
resnet18,recon,adaround,L-nobc--w-int4--a-int8--default_no_bias_correction--mse_per_layer--fit-mse_per_layer-fp32in-s2,L-nobc--w-int8--a-int8--default_no_bias_correction--fit-mse_per_channel-fp32in-s0,69.4,69.666667,0.807018,0.845697,0.266667,-1.1,1.666667,1.0,0.267812,66,9.35,7.45,11.3,9.6,0.0,124,True
resnet18,recon,adaround,L-nobc--w-int4--a-int8--default_no_bias_correction--mse_per_layer--fit-mse_per_layer-fp32in-s2,L-nobc--w-posit8_es1--a-posit8_es1--default_no_bias_correction--fit-mse_per_channel-fp32in-s0,69.4,68.975,0.809249,0.846544,-0.425,-1.783333,0.941667,0.2,0.902159,66,6.203333,4.274958,8.161667,7.4,0.0,126,True
resnet18,recon,adaround,L-nobc--w-int4--a-int8--default_no_bias_correction--mse_per_layer--fit-mse_per_layer-fp32in-s2,LQ-bc--w-int6--a-int6--default--fit-mse_per_channel-b2in-int6-s0,69.4,68.125,0.772853,0.811921,-1.275,-2.725,0.166667,-1.2,0.224245,82,2.300952,0.41019,4.205952,,,,True
resnet18,recon,adaround,L-nobc--w-int4--a-int8--default_no_bias_correction--mse_per_layer--fit-mse_per_layer-fp32in-s2,LQ-nobc--w-int4--a-int4--default_no_bias_correction--fit-mse_per_channel-b2in-int4-s0,69.4,27.757018,0.37467,0.268284,-41.642982,-44.401415,-38.886461,-41.4,0.0,474,,,,,,,True
resnet18,recon,adaround,L-nobc--w-int4--a-int8--default_no_bias_correction--mse_per_layer--fit-mse_per_layer-fp32in-s2,LQ-nobc--w-int6--a-int6--default_no_bias_correction--fit-mse_per_channel-b2in-int6-s0,69.4,65.953333,0.744624,0.784311,-3.446667,-5.041708,-1.863333,-2.1,0.039608,95,0.215,-1.816667,2.295,,,,True
resnet18,recon,adaround,L-nobc--w-int4--a-int8--default_no_bias_correction--mse_per_layer--fit-mse_per_layer-fp32in-s2,N-A32--w-fp6_e2m3--a-fp32--mse_per_channel,69.4,69.8,0.785507,0.826759,0.4,-1.183333,2.016667,1.2,0.200678,74,7.666667,5.6,9.833333,8.2,0.0,132,True
resnet18,recon,adaround,L-nobc--w-int4--a-int8--default_no_bias_correction--mse_per_layer--fit-mse_per_layer-fp32in-s2,N-A32--w-int4--a-fp32--mse_per_channel,69.4,53.9,0.584867,0.610526,-15.5,-18.1,-12.916667,-14.7,0.0,203,-23.733333,-26.683333,-20.716667,-23.2,0.0,288,True
resnet18,recon,adaround,L-nobc--w-int4--a-int8--default_no_bias_correction--mse_per_layer--fit-mse_per_layer-fp32in-s2,N-A32--w-int4--a-fp32--mse_per_layer,69.4,19.0,0.369062,0.267255,-50.4,-53.566667,-47.25,-49.6,0.0,518,-66.433333,-69.383333,-63.516667,-65.9,0.0,667,True
resnet18,recon,adaround,L-nobc--w-int4--a-int8--default_no_bias_correction--mse_per_layer--fit-mse_per_layer-fp32in-s2,N-A32--w-int6--a-fp32--mse_per_channel,69.4,69.4,0.776504,0.817828,0.0,-1.633333,1.583333,0.8,0.428207,78,5.666667,3.533333,7.833333,6.2,0.0,136,True
resnet18,recon,adaround,L-nobc--w-int4--a-int8--default_no_bias_correction--mse_per_layer--fit-mse_per_layer-fp32in-s2,N-A32--w-int8--a-fp32--mse_per_channel,69.4,69.0,0.798271,0.836988,-0.4,-1.983333,1.150417,0.4,0.720203,70,10.066667,8.033333,12.183333,10.6,0.0,130,True
resnet18,recon,adaround,L-nobc--w-int4--a-int8--default_no_bias_correction--mse_per_layer--fit-mse_per_layer-fp32in-s2,N-A32--w-posit8_es1--a-fp32--mse_per_channel,69.4,69.8,0.80117,0.840838,0.4,-1.1,1.95,1.2,0.18181,68,9.966667,7.9,12.116667,10.5,0.0,133,True
resnet18,recon,adaround,L-nobc--w-int4--a-int8--default_no_bias_correction--mse_per_layer--fit-mse_per_layer-fp32in-s2,N-default--w-fp6_e2m3--a-fp6_e2m3--default,69.4,66.656667,0.745946,0.78581,-2.743333,-4.415042,-1.083333,-1.8,0.078976,94,,,,,,,True
resnet18,recon,adaround,L-nobc--w-int4--a-int8--default_no_bias_correction--mse_per_layer--fit-mse_per_layer-fp32in-s2,N-default--w-int6--a-int6--default,69.4,65.891667,0.710594,0.749645,-3.508333,-5.275,-1.774792,-3.4,0.001695,112,,,,,,,True
resnet18,recon,adaround,L-nobc--w-int4--a-int8--default_no_bias_correction--mse_per_layer--fit-mse_per_layer-fp32in-s2,N-default--w-int8--a-int8--default,69.4,69.216667,0.804598,0.842157,-0.183333,-1.6,1.233333,0.0,1.0,68,9.358333,7.408333,11.383333,9.8,0.0,130,True
resnet18,recon,adaround,L-nobc--w-int4--a-int8--default_no_bias_correction--mse_per_layer--fit-mse_per_layer-fp32in-s2,N-default--w-posit8_es1--a-posit8_es1--default,69.4,69.633333,0.805797,0.843861,0.233333,-1.166667,1.617083,0.5,0.625407,67,6.066667,4.141667,8.000208,,,,True
resnet18,recon,adaround,L-nobc--w-int4--a-int8--default_no_bias_correction--mse_per_layer--fit-mse_per_layer-fp32in-s2,N-minimal--w-fp6_e2m3--a-fp6_e2m3--minimal,69.4,68.000952,0.75,0.789888,-1.399048,-2.971577,0.148607,-1.6,0.11737,92,-2.829048,-4.841708,-0.833226,,,,True
resnet18,recon,adaround,L-nobc--w-int4--a-int8--default_no_bias_correction--mse_per_layer--fit-mse_per_layer-fp32in-s2,N-minimal--w-int4--a-int4--minimal,69.4,17.139623,0.354839,0.221639,-52.260377,-55.12214,-49.365726,-50.6,0.0,540,,,,,,,True
resnet18,recon,adaround,L-nobc--w-int4--a-int8--default_no_bias_correction--mse_per_layer--fit-mse_per_layer-fp32in-s2,N-minimal--w-int4--a-int8--minimal,69.4,46.483333,0.470486,0.447579,-22.916667,-25.9,-19.85,-21.9,0.0,305,-37.983333,-41.2,-34.733333,-37.1,0.0,427,True
resnet18,recon,adaround,L-nobc--w-int4--a-int8--default_no_bias_correction--mse_per_layer--fit-mse_per_layer-fp32in-s2,N-minimal--w-int6--a-int6--minimal,69.4,65.831667,0.718016,0.757385,-3.568333,-5.28,-1.863333,-3.0,0.005024,108,-4.76,-6.90525,-2.606625,,,,True
resnet18,recon,adaround,L-nobc--w-int4--a-int8--default_no_bias_correction--mse_per_layer--fit-mse_per_layer-fp32in-s2,N-minimal--w-int8--a-int8--minimal,69.4,69.72,0.812865,0.850557,0.32,-1.063333,1.69,0.8,0.381733,64,8.286667,6.37,10.28675,9.1,0.0,127,True
resnet18,recon,adaround,L-nobc--w-int4--a-int8--default_no_bias_correction--mse_per_layer--fit-mse_per_layer-fp32in-s2,N-nobc--w-fp6_e2m3--a-fp6_e2m3--default_no_bias_correction,69.4,67.978333,0.743243,0.783267,-1.421667,-2.925,0.075,-1.7,0.100173,95,,,,,,,True
resnet18,recon,adaround,L-nobc--w-int4--a-int8--default_no_bias_correction--mse_per_layer--fit-mse_per_layer-fp32in-s2,N-nobc--w-int4--a-int4--default_no_bias_correction,69.4,27.783477,0.383065,0.288723,-41.616523,-44.429173,-38.818746,-40.1,0.0,459,,,,,,,True
resnet18,recon,adaround,L-nobc--w-int4--a-int8--default_no_bias_correction--mse_per_layer--fit-mse_per_layer-fp32in-s2,N-nobc--w-int4--a-int8--default_no_bias_correction,69.4,53.466667,0.584521,0.610501,-15.933333,-18.483333,-13.4,-15.0,0.0,204,-24.175,-27.066667,-21.266458,-23.5,0.0,285,True
resnet18,recon,adaround,L-nobc--w-int4--a-int8--default_no_bias_correction--mse_per_layer--fit-mse_per_layer-fp32in-s2,N-nobc--w-int4--a-int8--default_no_bias_correction--mse_per_layer,69.4,18.983333,0.36618,0.257478,-50.416667,-53.558542,-47.316667,-49.5,0.0,521,-66.575,-69.475,-63.716458,-65.8,0.0,666,True
resnet18,recon,adaround,L-nobc--w-int4--a-int8--default_no_bias_correction--mse_per_layer--fit-mse_per_layer-fp32in-s2,N-nobc--w-int6--a-int6--default_no_bias_correction,69.4,66.503333,0.718085,0.758359,-2.896667,-4.666708,-1.133333,-1.8,0.098243,106,-2.471667,-4.671667,-0.254917,,,,True
resnet18,recon,adaround,L-nobc--w-int4--a-int8--default_no_bias_correction--mse_per_layer--fit-mse_per_layer-fp32in-s2,N-nobc--w-int8--a-int8--default_no_bias_correction,69.4,69.316667,0.808696,0.846305,-0.083333,-1.55,1.366667,0.4,0.712231,66,8.933333,7.0,10.95,9.4,0.0,126,True
resnet18,recon,adaround,L-nobc--w-int4--a-int8--default_no_bias_correction--mse_per_layer--fit-mse_per_layer-fp32in-s2,N-nobc--w-posit8_es1--a-posit8_es1--default_no_bias_correction,69.4,69.241667,0.812865,0.850557,-0.158333,-1.475,1.191875,0.8,0.381733,64,5.816667,3.866667,7.841667,,,,True
resnet18,recon,adaround,L-nobc--w-int6--a-int6--default_no_bias_correction--fit-mse_per_channel-fp32in-s0,L-nobc--w-int8--a-int8--default_no_bias_correction--fit-mse_per_channel-fp32in-s0,65.981667,69.666667,0.78453,0.825054,3.685,2.321667,5.046708,3.8,2e-05,78,10.193333,8.648292,11.796667,,,,True
resnet18,recon,adaround,L-nobc--w-int6--a-int6--default_no_bias_correction--fit-mse_per_channel-fp32in-s0,L-nobc--w-posit8_es1--a-posit8_es1--default_no_bias_correction--fit-mse_per_channel-fp32in-s0,65.981667,68.975,0.777174,0.81578,2.993333,1.673333,4.301667,3.0,0.00122,82,7.046667,5.499958,8.641708,,,,True
resnet18,recon,adaround,L-nobc--w-int6--a-int6--default_no_bias_correction--fit-mse_per_channel-fp32in-s0,LQ-bc--w-int6--a-int6--default--fit-mse_per_channel-b2in-int6-s0,65.981667,68.125,0.810298,0.843247,2.143333,0.871625,3.390042,1.6,0.072238,70,3.144286,1.534262,4.750357,,,,True
resnet18,recon,adaround,L-nobc--w-int6--a-int6--default_no_bias_correction--fit-mse_per_channel-fp32in-s0,LQ-nobc--w-int4--a-int4--default_no_bias_correction--fit-mse_per_channel-b2in-int4-s0,65.981667,27.757018,0.424767,0.331719,-38.224648,-40.786121,-35.672813,-38.6,0.0,432,,,,,,,True
resnet18,recon,adaround,L-nobc--w-int6--a-int6--default_no_bias_correction--fit-mse_per_channel-fp32in-s0,LQ-nobc--w-int6--a-int6--default_no_bias_correction--fit-mse_per_channel-b2in-int6-s0,65.981667,65.953333,0.896359,0.917497,-0.028333,-0.936708,0.86,0.7,0.324009,37,1.058333,-0.205042,2.315042,,,,True
resnet18,recon,adaround,L-nobc--w-int6--a-int6--default_no_bias_correction--fit-mse_per_channel-fp32in-s0,N-A32--w-fp6_e2m3--a-fp32--mse_per_channel,65.981667,69.8,0.726542,0.770047,3.818333,2.209958,5.421708,4.0,9.3e-05,102,8.51,6.604958,10.470167,,,,True
resnet18,recon,adaround,L-nobc--w-int6--a-int6--default_no_bias_correction--fit-mse_per_channel-fp32in-s0,N-A32--w-int4--a-fp32--mse_per_channel,65.981667,53.9,0.547206,0.534273,-12.081667,-14.8035,-9.378333,-11.9,0.0,235,-22.89,-26.023333,-19.823208,,,,True
resnet18,recon,adaround,L-nobc--w-int6--a-int6--default_no_bias_correction--fit-mse_per_channel-fp32in-s0,N-A32--w-int4--a-fp32--mse_per_layer,65.981667,19.0,0.37799,0.209458,-46.981667,-50.145,-43.813292,-46.8,0.0,520,-65.59,-68.515042,-62.685,,,,True
resnet18,recon,adaround,L-nobc--w-int6--a-int6--default_no_bias_correction--fit-mse_per_channel-fp32in-s0,N-A32--w-int6--a-fp32--mse_per_channel,65.981667,69.4,0.741935,0.783813,3.418333,1.811667,4.978333,3.6,0.000306,96,6.51,4.56825,8.406792,,,,True
resnet18,recon,adaround,L-nobc--w-int6--a-int6--default_no_bias_correction--fit-mse_per_channel-fp32in-s0,N-A32--w-int8--a-fp32--mse_per_channel,65.981667,69.0,0.771739,0.811222,3.018333,1.50325,4.505042,3.2,0.000628,84,10.91,9.188333,12.705,,,,True
resnet18,recon,adaround,L-nobc--w-int6--a-int6--default_no_bias_correction--fit-mse_per_channel-fp32in-s0,N-A32--w-posit8_es1--a-fp32--mse_per_channel,65.981667,69.8,0.735849,0.77923,3.818333,2.216625,5.385042,4.0,6.6e-05,98,10.81,9.013333,12.651708,,,,True
resnet18,recon,adaround,L-nobc--w-int6--a-int6--default_no_bias_correction--fit-mse_per_channel-fp32in-s0,N-default--w-fp6_e2m3--a-fp6_e2m3--default,65.981667,66.656667,0.723785,0.758532,0.675,-1.000042,2.276708,1.0,0.386573,108,,,,,,,True
resnet18,recon,adaround,L-nobc--w-int6--a-int6--default_no_bias_correction--fit-mse_per_channel-fp32in-s0,N-default--w-int6--a-int6--default,65.981667,65.891667,0.707921,0.738985,-0.09,-1.815,1.61175,-0.6,0.645497,118,,,,,,,True
resnet18,recon,adaround,L-nobc--w-int6--a-int6--default_no_bias_correction--fit-mse_per_channel-fp32in-s0,N-default--w-int8--a-int8--default,65.981667,69.216667,0.768194,0.806714,3.235,1.765,4.678375,2.8,0.003353,86,10.201667,8.578333,11.886708,,,,True
resnet18,recon,adaround,L-nobc--w-int6--a-int6--default_no_bias_correction--fit-mse_per_channel-fp32in-s0,N-default--w-posit8_es1--a-posit8_es1--default,65.981667,69.633333,0.778689,0.818068,3.651667,2.261625,5.035083,3.3,0.000317,81,6.91,5.286625,8.588375,,,,True
resnet18,recon,adaround,L-nobc--w-int6--a-int6--default_no_bias_correction--fit-mse_per_channel-fp32in-s0,N-minimal--w-fp6_e2m3--a-fp6_e2m3--minimal,65.981667,68.000952,0.754569,0.789655,2.019286,0.568292,3.43694,1.2,0.256442,94,-1.985714,-3.771762,-0.161393,,,,True
resnet18,recon,adaround,L-nobc--w-int6--a-int6--default_no_bias_correction--fit-mse_per_channel-fp32in-s0,N-minimal--w-int4--a-int4--minimal,65.981667,17.139623,0.37841,0.211577,-48.842044,-51.645146,-46.001755,-47.8,0.0,524,,,,,,,True
resnet18,recon,adaround,L-nobc--w-int6--a-int6--default_no_bias_correction--fit-mse_per_channel-fp32in-s0,N-minimal--w-int4--a-int8--minimal,65.981667,46.483333,0.468121,0.40864,-19.498333,-22.56,-16.436667,-19.1,0.0,317,-37.14,-40.382125,-33.965,,,,True
resnet18,recon,adaround,L-nobc--w-int6--a-int6--default_no_bias_correction--fit-mse_per_channel-fp32in-s0,N-minimal--w-int6--a-int6--minimal,65.981667,65.831667,0.805263,0.835821,-0.15,-1.541667,1.183333,-0.2,0.907561,74,-3.916667,-5.575,-2.25,,,,True
resnet18,recon,adaround,L-nobc--w-int6--a-int6--default_no_bias_correction--fit-mse_per_channel-fp32in-s0,N-minimal--w-int8--a-int8--minimal,65.981667,69.72,0.795014,0.834132,3.738333,2.373292,5.101708,3.6,3.4e-05,74,9.13,7.5,10.795042,,,,True
resnet18,recon,adaround,L-nobc--w-int6--a-int6--default_no_bias_correction--fit-mse_per_channel-fp32in-s0,N-nobc--w-fp6_e2m3--a-fp6_e2m3--default_no_bias_correction,65.981667,67.978333,0.766404,0.800958,1.996667,0.551667,3.433333,1.1,0.289096,89,,,,,,,True
resnet18,recon,adaround,L-nobc--w-int6--a-int6--default_no_bias_correction--fit-mse_per_channel-fp32in-s0,N-nobc--w-int4--a-int4--default_no_bias_correction,65.981667,27.783477,0.428378,0.338421,-38.19819,-40.973192,-35.400591,-37.3,0.0,423,,,,,,,True
resnet18,recon,adaround,L-nobc--w-int6--a-int6--default_no_bias_correction--fit-mse_per_channel-fp32in-s0,N-nobc--w-int4--a-int8--default_no_bias_correction,65.981667,53.466667,0.547025,0.533921,-12.515,-15.181667,-9.873208,-12.2,0.0,236,-23.331667,-26.440083,-20.298167,,,,True
resnet18,recon,adaround,L-nobc--w-int6--a-int6--default_no_bias_correction--fit-mse_per_channel-fp32in-s0,N-nobc--w-int4--a-int8--default_no_bias_correction--mse_per_layer,65.981667,18.983333,0.378443,0.210872,-46.998333,-50.131708,-43.833292,-46.7,0.0,519,-65.731667,-68.603417,-62.881583,,,,True
resnet18,recon,adaround,L-nobc--w-int6--a-int6--default_no_bias_correction--fit-mse_per_channel-fp32in-s0,N-nobc--w-int6--a-int6--default_no_bias_correction,65.981667,66.503333,0.856749,0.883867,0.521667,-0.51175,1.566708,1.0,0.211609,52,-1.628333,-2.981708,-0.298292,,,,True
resnet18,recon,adaround,L-nobc--w-int6--a-int6--default_no_bias_correction--fit-mse_per_channel-fp32in-s0,N-nobc--w-int8--a-int8--default_no_bias_correction,65.981667,69.316667,0.781421,0.820338,3.335,1.918333,4.755042,3.2,0.000452,80,9.776667,8.163208,11.461708,,,,True
resnet18,recon,adaround,L-nobc--w-int6--a-int6--default_no_bias_correction--fit-mse_per_channel-fp32in-s0,N-nobc--w-posit8_es1--a-posit8_es1--default_no_bias_correction,65.981667,69.241667,0.770492,0.81126,3.26,1.911625,4.610042,3.6,0.000107,84,6.66,5.021458,8.348417,,,,True
resnet18,recon,adaround,L-nobc--w-int8--a-int8--default_no_bias_correction--fit-mse_per_channel-fp32in-s0,L-nobc--w-posit8_es1--a-posit8_es1--default_no_bias_correction--fit-mse_per_channel-fp32in-s0,69.666667,68.975,0.913043,0.934484,-0.691667,-1.483333,0.083333,-0.8,0.184933,28,-3.146667,-4.188333,-2.125,-2.2,0.001641,46,True
resnet18,recon,adaround,L-nobc--w-int8--a-int8--default_no_bias_correction--fit-mse_per_channel-fp32in-s0,LQ-bc--w-int6--a-int6--default--fit-mse_per_channel-b2in-int6-s0,69.666667,68.125,0.847507,0.880716,-1.541667,-2.683333,-0.441667,-2.2,0.003185,52,-7.049048,-8.560756,-5.579744,,,,True
resnet18,recon,adaround,L-nobc--w-int8--a-int8--default_no_bias_correction--fit-mse_per_channel-fp32in-s0,LQ-nobc--w-int4--a-int4--default_no_bias_correction--fit-mse_per_channel-b2in-int4-s0,69.666667,27.757018,0.370518,0.281834,-41.909648,-44.590912,-39.178339,-42.4,0.0,474,,,,,,,True
resnet18,recon,adaround,L-nobc--w-int8--a-int8--default_no_bias_correction--fit-mse_per_channel-fp32in-s0,LQ-nobc--w-int6--a-int6--default_no_bias_correction--fit-mse_per_channel-b2in-int6-s0,69.666667,65.953333,0.810198,0.848244,-3.713333,-5.083333,-2.393333,-3.1,0.000194,67,-9.135,-10.738375,-7.576667,,,,True
resnet18,recon,adaround,L-nobc--w-int8--a-int8--default_no_bias_correction--fit-mse_per_channel-fp32in-s0,N-A32--w-fp6_e2m3--a-fp32--mse_per_channel,69.666667,69.8,0.881988,0.910045,0.133333,-0.933333,1.183333,0.2,0.871415,38,-1.683333,-3.166667,-0.21625,-1.4,0.108857,66,True
resnet18,recon,adaround,L-nobc--w-int8--a-int8--default_no_bias_correction--fit-mse_per_channel-fp32in-s0,N-A32--w-int4--a-fp32--mse_per_channel,69.666667,53.9,0.570842,0.601228,-15.766667,-18.4,-13.216667,-15.7,0.0,209,-33.083333,-36.05,-30.166667,-32.8,0.0,352,True
resnet18,recon,adaround,L-nobc--w-int8--a-int8--default_no_bias_correction--fit-mse_per_channel-fp32in-s0,N-A32--w-int4--a-fp32--mse_per_layer,69.666667,19.0,0.355231,0.253586,-50.666667,-53.816667,-47.5,-50.6,0.0,530,-75.783333,-78.4,-73.216667,-75.5,0.0,761,True
resnet18,recon,adaround,L-nobc--w-int8--a-int8--default_no_bias_correction--fit-mse_per_channel-fp32in-s0,N-A32--w-int6--a-fp32--mse_per_channel,69.666667,69.4,0.871166,0.900942,-0.266667,-1.366667,0.8,-0.2,0.877614,42,-3.683333,-5.283333,-2.183333,-3.4,9.6e-05,74,True
resnet18,recon,adaround,L-nobc--w-int8--a-int8--default_no_bias_correction--fit-mse_per_channel-fp32in-s0,N-A32--w-int8--a-fp32--mse_per_channel,69.666667,69.0,0.91875,0.938992,-0.666667,-1.533333,0.2,-0.6,0.32694,26,0.716667,-0.266667,1.733333,1.0,0.15386,40,True
resnet18,recon,adaround,L-nobc--w-int8--a-int8--default_no_bias_correction--fit-mse_per_channel-fp32in-s0,N-A32--w-posit8_es1--a-fp32--mse_per_channel,69.666667,69.8,0.911672,0.93372,0.133333,-0.75,0.983333,0.2,0.850554,28,0.616667,-0.466667,1.733333,0.9,0.222053,43,True
resnet18,recon,adaround,L-nobc--w-int8--a-int8--default_no_bias_correction--fit-mse_per_channel-fp32in-s0,N-default--w-fp6_e2m3--a-fp6_e2m3--default,69.666667,66.656667,0.756906,0.798966,-3.01,-4.583333,-1.493208,-2.8,0.003747,88,,,,,,,True
resnet18,recon,adaround,L-nobc--w-int8--a-int8--default_no_bias_correction--fit-mse_per_channel-fp32in-s0,N-default--w-int6--a-int6--default,69.666667,65.891667,0.757412,0.799648,-3.775,-5.366667,-2.225,-4.4,4e-06,90,,,,,,,True
resnet18,recon,adaround,L-nobc--w-int8--a-int8--default_no_bias_correction--fit-mse_per_channel-fp32in-s0,N-default--w-int8--a-int8--default,69.666667,69.216667,0.93125,0.948748,-0.45,-1.116667,0.183333,-1.0,0.052479,22,0.008333,-0.766667,0.833333,0.2,0.864166,34,True
resnet18,recon,adaround,L-nobc--w-int8--a-int8--default_no_bias_correction--fit-mse_per_channel-fp32in-s0,N-default--w-posit8_es1--a-posit8_es1--default,69.666667,69.633333,0.915625,0.936554,-0.033333,-0.9,0.833333,-0.5,0.442068,27,-3.283333,-4.466667,-2.133333,,,,True
resnet18,recon,adaround,L-nobc--w-int8--a-int8--default_no_bias_correction--fit-mse_per_channel-fp32in-s0,N-minimal--w-fp6_e2m3--a-fp6_e2m3--minimal,69.666667,68.000952,0.796034,0.835361,-1.665714,-3.048244,-0.28331,-2.6,0.002943,72,-12.179048,-13.969048,-10.457363,,,,True
resnet18,recon,adaround,L-nobc--w-int8--a-int8--default_no_bias_correction--fit-mse_per_channel-fp32in-s0,N-minimal--w-int4--a-int4--minimal,69.666667,17.139623,0.33969,0.202128,-52.527044,-55.444897,-49.608928,-51.6,0.0,554,,,,,,,True
resnet18,recon,adaround,L-nobc--w-int8--a-int8--default_no_bias_correction--fit-mse_per_channel-fp32in-s0,N-minimal--w-int4--a-int8--minimal,69.666667,46.483333,0.460733,0.444325,-23.183333,-26.216667,-20.149583,-22.9,0.0,309,-47.333333,-50.4,-44.316667,-46.7,0.0,483,True
resnet18,recon,adaround,L-nobc--w-int8--a-int8--default_no_bias_correction--fit-mse_per_channel-fp32in-s0,N-minimal--w-int6--a-int6--minimal,69.666667,65.831667,0.741935,0.784511,-3.835,-5.448375,-2.244958,-4.0,5.5e-05,96,-14.11,-16.110083,-12.138333,,,,True
resnet18,recon,adaround,L-nobc--w-int8--a-int8--default_no_bias_correction--fit-mse_per_channel-fp32in-s0,N-minimal--w-int8--a-int8--minimal,69.666667,69.72,0.942675,0.957553,0.053333,-0.73,0.8,-0.2,0.814529,18,-1.063333,-1.976667,-0.14,-0.5,0.47313,31,True
resnet18,recon,adaround,L-nobc--w-int8--a-int8--default_no_bias_correction--fit-mse_per_channel-fp32in-s0,N-nobc--w-fp6_e2m3--a-fp6_e2m3--default_no_bias_correction,69.666667,67.978333,0.798867,0.837937,-1.688333,-3.02675,-0.383333,-2.7,0.00182,71,,,,,,,True
resnet18,recon,adaround,L-nobc--w-int8--a-int8--default_no_bias_correction--fit-mse_per_channel-fp32in-s0,N-nobc--w-int4--a-int4--default_no_bias_correction,69.666667,27.783477,0.37889,0.301672,-41.88319,-44.672629,-39.114423,-41.1,0.0,459,,,,,,,True
resnet18,recon,adaround,L-nobc--w-int8--a-int8--default_no_bias_correction--fit-mse_per_channel-fp32in-s0,N-nobc--w-int4--a-int8--default_no_bias_correction,69.666667,53.466667,0.567347,0.596981,-16.2,-18.766667,-13.683333,-16.0,0.0,212,-33.525,-36.433542,-30.633333,-33.1,0.0,355,True
resnet18,recon,adaround,L-nobc--w-int8--a-int8--default_no_bias_correction--fit-mse_per_channel-fp32in-s0,N-nobc--w-int4--a-int8--default_no_bias_correction--mse_per_layer,69.666667,18.983333,0.354015,0.249228,-50.683333,-53.800208,-47.541667,-50.5,0.0,531,-75.925,-78.458333,-73.391458,-75.4,0.0,758,True
resnet18,recon,adaround,L-nobc--w-int8--a-int8--default_no_bias_correction--fit-mse_per_channel-fp32in-s0,N-nobc--w-int6--a-int6--default_no_bias_correction,69.666667,66.503333,0.786517,0.826664,-3.163333,-4.633375,-1.799917,-2.8,0.001762,76,-11.821667,-13.616708,-10.109958,,,,True
resnet18,recon,adaround,L-nobc--w-int8--a-int8--default_no_bias_correction--fit-mse_per_channel-fp32in-s0,N-nobc--w-int8--a-int8--default_no_bias_correction,69.666667,69.316667,0.943038,0.957794,-0.35,-1.05,0.316667,-0.6,0.237885,18,-0.416667,-1.25,0.4,-0.2,0.855536,30,True
resnet18,recon,adaround,L-nobc--w-int8--a-int8--default_no_bias_correction--fit-mse_per_channel-fp32in-s0,N-nobc--w-posit8_es1--a-posit8_es1--default_no_bias_correction,69.666667,69.241667,0.90625,0.929248,-0.425,-1.25,0.366875,-0.2,0.855536,30,-3.533333,-4.691667,-2.4,,,,True
resnet18,recon,adaround,L-nobc--w-posit8_es1--a-posit8_es1--default_no_bias_correction--fit-mse_per_channel-fp32in-s0,LQ-bc--w-int6--a-int6--default--fit-mse_per_channel-b2in-int6-s0,68.975,68.125,0.843931,0.876196,-0.85,-1.891667,0.166667,-1.4,0.075905,54,-3.902381,-5.318351,-2.501667,,,,True
resnet18,recon,adaround,L-nobc--w-posit8_es1--a-posit8_es1--default_no_bias_correction--fit-mse_per_channel-fp32in-s0,LQ-nobc--w-int4--a-int4--default_no_bias_correction--fit-mse_per_channel-b2in-int4-s0,68.975,27.757018,0.381142,0.290365,-41.217982,-43.850665,-38.541433,-41.6,0.0,466,,,,,,,True
resnet18,recon,adaround,L-nobc--w-posit8_es1--a-posit8_es1--default_no_bias_correction--fit-mse_per_channel-fp32in-s0,LQ-nobc--w-int6--a-int6--default_no_bias_correction--fit-mse_per_channel-b2in-int6-s0,68.975,65.953333,0.807263,0.843615,-3.021667,-4.3,-1.775,-2.3,0.007621,69,-5.988333,-7.521667,-4.441667,,,,True
resnet18,recon,adaround,L-nobc--w-posit8_es1--a-posit8_es1--default_no_bias_correction--fit-mse_per_channel-fp32in-s0,N-A32--w-fp6_e2m3--a-fp32--mse_per_channel,68.975,69.8,0.860606,0.892151,0.825,-0.35,1.983333,1.0,0.183925,46,1.463333,-0.068375,2.99675,0.8,0.445205,84,True
resnet18,recon,adaround,L-nobc--w-posit8_es1--a-posit8_es1--default_no_bias_correction--fit-mse_per_channel-fp32in-s0,N-A32--w-int4--a-fp32--mse_per_channel,68.975,53.9,0.567951,0.589602,-15.075,-17.7,-12.533333,-14.9,0.0,213,-29.936667,-32.906708,-26.978333,-30.6,0.0,344,True
resnet18,recon,adaround,L-nobc--w-posit8_es1--a-posit8_es1--default_no_bias_correction--fit-mse_per_channel-fp32in-s0,N-A32--w-int4--a-fp32--mse_per_layer,68.975,19.0,0.366626,0.26563,-49.975,-53.066667,-46.883333,-49.8,0.0,520,-72.636667,-75.22,-70.058292,-73.3,0.0,737,True
resnet18,recon,adaround,L-nobc--w-posit8_es1--a-posit8_es1--default_no_bias_correction--fit-mse_per_channel-fp32in-s0,N-A32--w-int6--a-fp32--mse_per_channel,68.975,69.4,0.850299,0.883006,0.425,-0.775,1.591875,0.6,0.479888,50,-0.536667,-2.195,1.066667,-1.2,0.23538,86,True
resnet18,recon,adaround,L-nobc--w-posit8_es1--a-posit8_es1--default_no_bias_correction--fit-mse_per_channel-fp32in-s0,N-A32--w-int8--a-fp32--mse_per_channel,68.975,69.0,0.896341,0.920675,0.025,-1.016667,1.041667,0.2,0.864166,34,3.863333,2.605,5.13,3.2,4.2e-05,60,True
resnet18,recon,adaround,L-nobc--w-posit8_es1--a-posit8_es1--default_no_bias_correction--fit-mse_per_channel-fp32in-s0,N-A32--w-posit8_es1--a-fp32--mse_per_channel,68.975,69.8,0.895062,0.920358,0.825,-0.183542,1.85,1.0,0.121449,34,3.763333,2.529917,5.016708,3.1,6.5e-05,59,True
resnet18,recon,adaround,L-nobc--w-posit8_es1--a-posit8_es1--default_no_bias_correction--fit-mse_per_channel-fp32in-s0,N-default--w-fp6_e2m3--a-fp6_e2m3--default,68.975,66.656667,0.788889,0.826887,-2.318333,-3.771708,-0.921583,-2.0,0.028627,76,,,,,,,True
resnet18,recon,adaround,L-nobc--w-posit8_es1--a-posit8_es1--default_no_bias_correction--fit-mse_per_channel-fp32in-s0,N-default--w-int6--a-int6--default,68.975,65.891667,0.769437,0.808478,-3.083333,-4.508333,-1.691667,-3.6,0.00013,86,,,,,,,True
resnet18,recon,adaround,L-nobc--w-posit8_es1--a-posit8_es1--default_no_bias_correction--fit-mse_per_channel-fp32in-s0,N-default--w-int8--a-int8--default,68.975,69.216667,0.932099,0.948855,0.241667,-0.591667,1.033333,-0.2,0.831812,22,3.155,2.088333,4.250125,2.4,0.000388,44,True
resnet18,recon,adaround,L-nobc--w-posit8_es1--a-posit8_es1--default_no_bias_correction--fit-mse_per_channel-fp32in-s0,N-default--w-posit8_es1--a-posit8_es1--default,68.975,69.633333,0.946708,0.960321,0.658333,-0.058333,1.400208,0.3,0.629059,17,-0.136667,-1.1,0.79675,,,,True
resnet18,recon,adaround,L-nobc--w-posit8_es1--a-posit8_es1--default_no_bias_correction--fit-mse_per_channel-fp32in-s0,N-minimal--w-fp6_e2m3--a-fp6_e2m3--minimal,68.975,68.000952,0.798319,0.835605,-0.974048,-2.289762,0.32694,-1.8,0.044371,72,-9.032381,-10.728107,-7.408333,,,,True
resnet18,recon,adaround,L-nobc--w-posit8_es1--a-posit8_es1--default_no_bias_correction--fit-mse_per_channel-fp32in-s0,N-minimal--w-int4--a-int4--minimal,68.975,17.139623,0.350835,0.214385,-51.835377,-54.647932,-48.993998,-50.8,0.0,544,,,,,,,True
resnet18,recon,adaround,L-nobc--w-posit8_es1--a-posit8_es1--default_no_bias_correction--fit-mse_per_channel-fp32in-s0,N-minimal--w-int4--a-int8--minimal,68.975,46.483333,0.469565,0.448644,-22.491667,-25.441875,-19.55,-22.1,0.0,305,-44.186667,-47.220125,-41.166667,-44.5,0.0,463,True
resnet18,recon,adaround,L-nobc--w-posit8_es1--a-posit8_es1--default_no_bias_correction--fit-mse_per_channel-fp32in-s0,N-minimal--w-int6--a-int6--minimal,68.975,65.831667,0.73545,0.77546,-3.143333,-4.723333,-1.61325,-3.2,0.00179,100,-10.963333,-12.871708,-9.074875,,,,True
resnet18,recon,adaround,L-nobc--w-posit8_es1--a-posit8_es1--default_no_bias_correction--fit-mse_per_channel-fp32in-s0,N-minimal--w-int8--a-int8--minimal,68.975,69.72,0.913313,0.934527,0.745,-0.141667,1.628333,0.6,0.344928,28,2.083333,0.95325,3.230083,1.7,0.024093,51,True
resnet18,recon,adaround,L-nobc--w-posit8_es1--a-posit8_es1--default_no_bias_correction--fit-mse_per_channel-fp32in-s0,N-nobc--w-fp6_e2m3--a-fp6_e2m3--default_no_bias_correction,68.975,67.978333,0.80618,0.842707,-0.996667,-2.238333,0.228333,-1.9,0.029493,69,,,,,,,True
resnet18,recon,adaround,L-nobc--w-posit8_es1--a-posit8_es1--default_no_bias_correction--fit-mse_per_channel-fp32in-s0,N-nobc--w-int4--a-int4--default_no_bias_correction,68.975,27.783477,0.393487,0.31997,-41.191523,-43.94145,-38.436341,-40.3,0.0,447,,,,,,,True
resnet18,recon,adaround,L-nobc--w-posit8_es1--a-posit8_es1--default_no_bias_correction--fit-mse_per_channel-fp32in-s0,N-nobc--w-int4--a-int8--default_no_bias_correction,68.975,53.466667,0.564516,0.585284,-15.508333,-18.05,-13.041667,-15.2,0.0,216,-30.378333,-33.291667,-27.493292,-30.9,0.0,347,True
resnet18,recon,adaround,L-nobc--w-posit8_es1--a-posit8_es1--default_no_bias_correction--fit-mse_per_channel-fp32in-s0,N-nobc--w-int4--a-int8--default_no_bias_correction--mse_per_layer,68.975,18.983333,0.363747,0.255828,-49.991667,-53.083333,-46.958333,-49.7,0.0,523,-72.778333,-75.298333,-70.251667,-73.2,0.0,736,True
resnet18,recon,adaround,L-nobc--w-posit8_es1--a-posit8_es1--default_no_bias_correction--fit-mse_per_channel-fp32in-s0,N-nobc--w-int6--a-int6--default_no_bias_correction,68.975,66.503333,0.783934,0.822304,-2.471667,-3.85,-1.108333,-2.0,0.030786,78,-8.675,-10.4,-7.003333,,,,True
resnet18,recon,adaround,L-nobc--w-posit8_es1--a-posit8_es1--default_no_bias_correction--fit-mse_per_channel-fp32in-s0,N-nobc--w-int8--a-int8--default_no_bias_correction,68.975,69.316667,0.919753,0.939342,0.341667,-0.533333,1.191875,0.2,0.845019,26,2.73,1.554917,3.941667,2.0,0.009073,54,True
resnet18,recon,adaround,L-nobc--w-posit8_es1--a-posit8_es1--default_no_bias_correction--fit-mse_per_channel-fp32in-s0,N-nobc--w-posit8_es1--a-posit8_es1--default_no_bias_correction,68.975,69.241667,0.919255,0.939211,0.266667,-0.491667,1.016667,0.6,0.32694,26,-0.386667,-1.33675,0.575042,,,,True
resnet18,recon,adaround,LQ-bc--w-int6--a-int6--default--fit-mse_per_channel-b2in-int6-s0,LQ-nobc--w-int4--a-int4--default_no_bias_correction--fit-mse_per_channel-b2in-int4-s0,68.125,27.757018,0.396026,0.295664,-40.367982,-42.964644,-37.714707,-40.2,0.0,456,,,,,,,True
resnet18,recon,adaround,LQ-bc--w-int6--a-int6--default--fit-mse_per_channel-b2in-int6-s0,LQ-nobc--w-int6--a-int6--default_no_bias_correction--fit-mse_per_channel-b2in-int6-s0,68.125,65.953333,0.831025,0.86235,-2.171667,-3.355,-0.999917,-0.9,0.305677,61,-2.085952,-3.59669,-0.575232,,,,True
resnet18,recon,adaround,LQ-bc--w-int6--a-int6--default--fit-mse_per_channel-b2in-int6-s0,N-A32--w-fp6_e2m3--a-fp32--mse_per_channel,68.125,69.8,0.794286,0.834278,1.675,0.308333,3.108333,2.4,0.00631,72,5.365714,3.618292,7.16253,,,,True
resnet18,recon,adaround,LQ-bc--w-int6--a-int6--default--fit-mse_per_channel-b2in-int6-s0,N-A32--w-int4--a-fp32--mse_per_channel,68.125,53.9,0.574,0.585099,-14.225,-16.833333,-11.683125,-13.5,0.0,213,-26.034286,-29.111964,-23.111631,,,,True
resnet18,recon,adaround,LQ-bc--w-int6--a-int6--default--fit-mse_per_channel-b2in-int6-s0,N-A32--w-int4--a-fp32--mse_per_layer,68.125,19.0,0.37364,0.244385,-49.125,-52.233333,-45.966667,-48.4,0.0,518,-68.734286,-71.467744,-65.953274,,,,True
resnet18,recon,adaround,LQ-bc--w-int6--a-int6--default--fit-mse_per_channel-b2in-int6-s0,N-A32--w-int6--a-fp32--mse_per_channel,68.125,69.4,0.785311,0.825155,1.275,-0.116667,2.633333,2.0,0.028627,76,3.365714,1.552363,5.166667,,,,True
resnet18,recon,adaround,LQ-bc--w-int6--a-int6--default--fit-mse_per_channel-b2in-int6-s0,N-A32--w-int8--a-fp32--mse_per_channel,68.125,69.0,0.817143,0.853074,0.875,-0.425,2.183333,1.6,0.059941,64,7.765714,6.08569,9.446476,,,,True
resnet18,recon,adaround,LQ-bc--w-int6--a-int6--default--fit-mse_per_channel-b2in-int6-s0,N-A32--w-posit8_es1--a-fp32--mse_per_channel,68.125,69.8,0.815029,0.852864,1.675,0.425,2.975,2.4,0.00369,64,7.665714,6.03325,9.28575,,,,True
resnet18,recon,adaround,LQ-bc--w-int6--a-int6--default--fit-mse_per_channel-b2in-int6-s0,N-default--w-fp6_e2m3--a-fp6_e2m3--default,68.125,66.656667,0.764075,0.80077,-1.468333,-2.885,-0.104958,-0.6,0.594288,88,,,,,,,True
resnet18,recon,adaround,LQ-bc--w-int6--a-int6--default--fit-mse_per_channel-b2in-int6-s0,N-default--w-int6--a-int6--default,68.125,65.891667,0.755208,0.790716,-2.233333,-3.600208,-0.858333,-2.2,0.029766,94,,,,,,,True
resnet18,recon,adaround,LQ-bc--w-int6--a-int6--default--fit-mse_per_channel-b2in-int6-s0,N-default--w-int8--a-int8--default,68.125,69.216667,0.849711,0.880869,1.091667,-0.008542,2.191667,1.2,0.126347,52,7.057381,5.63331,8.506435,,,,True
resnet18,recon,adaround,LQ-bc--w-int6--a-int6--default--fit-mse_per_channel-b2in-int6-s0,N-default--w-posit8_es1--a-posit8_es1--default,68.125,69.633333,0.856725,0.887658,1.508333,0.483333,2.566667,1.7,0.021294,49,3.765714,2.421411,5.144048,,,,True
resnet18,recon,adaround,LQ-bc--w-int6--a-int6--default--fit-mse_per_channel-b2in-int6-s0,N-minimal--w-fp6_e2m3--a-fp6_e2m3--minimal,68.125,68.000952,0.812155,0.845784,-0.124048,-1.395714,1.179351,-0.4,0.716301,68,-5.13,-6.877006,-3.404917,,,,True
resnet18,recon,adaround,LQ-bc--w-int6--a-int6--default--fit-mse_per_channel-b2in-int6-s0,N-minimal--w-int4--a-int4--minimal,68.125,17.139623,0.361045,0.20368,-50.985377,-53.821216,-48.115239,-49.4,0.0,538,,,,,,,True
resnet18,recon,adaround,LQ-bc--w-int6--a-int6--default--fit-mse_per_channel-b2in-int6-s0,N-minimal--w-int4--a-int8--minimal,68.125,46.483333,0.468376,0.428636,-21.641667,-24.575208,-18.666667,-20.7,0.0,311,-40.284286,-43.39272,-37.206524,,,,True
resnet18,recon,adaround,LQ-bc--w-int6--a-int6--default--fit-mse_per_channel-b2in-int6-s0,N-minimal--w-int6--a-int6--minimal,68.125,65.831667,0.772487,0.807709,-2.293333,-3.8,-0.804875,-1.8,0.066153,86,-7.060952,-8.921798,-5.164518,,,,True
resnet18,recon,adaround,LQ-bc--w-int6--a-int6--default--fit-mse_per_channel-b2in-int6-s0,N-minimal--w-int8--a-int8--minimal,68.125,69.72,0.842566,0.876078,1.595,0.459958,2.745,2.0,0.009073,54,5.985714,4.466625,7.536488,,,,True
resnet18,recon,adaround,LQ-bc--w-int6--a-int6--default--fit-mse_per_channel-b2in-int6-s0,N-nobc--w-fp6_e2m3--a-fp6_e2m3--default_no_bias_correction,68.125,67.978333,0.825,0.857259,-0.146667,-1.365,1.078333,-0.5,0.614655,63,,,,,,,True
resnet18,recon,adaround,LQ-bc--w-int6--a-int6--default--fit-mse_per_channel-b2in-int6-s0,N-nobc--w-int4--a-int4--default_no_bias_correction,68.125,27.783477,0.402965,0.311485,-40.341523,-43.098739,-37.541935,-38.9,0.0,443,,,,,,,True
resnet18,recon,adaround,LQ-bc--w-int6--a-int6--default--fit-mse_per_channel-b2in-int6-s0,N-nobc--w-int4--a-int8--default_no_bias_correction,68.125,53.466667,0.570577,0.580651,-14.658333,-17.208333,-12.15,-13.8,0.0,216,-26.475952,-29.495024,-23.589452,,,,True
resnet18,recon,adaround,LQ-bc--w-int6--a-int6--default--fit-mse_per_channel-b2in-int6-s0,N-nobc--w-int4--a-int8--default_no_bias_correction--mse_per_layer,68.125,18.983333,0.374092,0.245665,-49.141667,-52.225208,-46.008333,-48.3,0.0,517,-68.875952,-71.55947,-66.153565,,,,True
resnet18,recon,adaround,LQ-bc--w-int6--a-int6--default--fit-mse_per_channel-b2in-int6-s0,N-nobc--w-int6--a-int6--default_no_bias_correction,68.125,66.503333,0.797814,0.83248,-1.621667,-2.98,-0.271667,-0.6,0.561381,74,-4.772619,-6.452643,-3.103315,,,,True
resnet18,recon,adaround,LQ-bc--w-int6--a-int6--default--fit-mse_per_channel-b2in-int6-s0,N-nobc--w-int8--a-int8--default_no_bias_correction,68.125,69.316667,0.848837,0.88075,1.191667,0.083333,2.333333,1.6,0.036483,52,6.632381,5.082321,8.160018,,,,True
resnet18,recon,adaround,LQ-bc--w-int6--a-int6--default--fit-mse_per_channel-b2in-int6-s0,N-nobc--w-posit8_es1--a-posit8_es1--default_no_bias_correction,68.125,69.241667,0.82659,0.86219,1.116667,0.016667,2.2,2.0,0.013489,60,3.515714,2.073089,4.990714,,,,True
resnet18,recon,adaround,LQ-nobc--w-int4--a-int4--default_no_bias_correction--fit-mse_per_channel-b2in-int4-s0,LQ-nobc--w-int6--a-int6--default_no_bias_correction--fit-mse_per_channel-b2in-int6-s0,27.757018,65.953333,0.415446,0.324333,38.196315,35.657108,40.755731,39.3,0.0,439,,,,,,,True
resnet18,recon,adaround,LQ-nobc--w-int4--a-int4--default_no_bias_correction--fit-mse_per_channel-b2in-int4-s0,N-A32--w-fp6_e2m3--a-fp32--mse_per_channel,27.757018,69.8,0.367862,0.279698,42.042982,39.290009,44.813331,42.6,0.0,476,,,,,,,True
resnet18,recon,adaround,LQ-nobc--w-int4--a-int4--default_no_bias_correction--fit-mse_per_channel-b2in-int4-s0,N-A32--w-int4--a-fp32--mse_per_channel,27.757018,53.9,0.467901,0.195621,26.142982,22.982167,29.263831,26.7,0.0,431,,,,,,,True
resnet18,recon,adaround,LQ-nobc--w-int4--a-int4--default_no_bias_correction--fit-mse_per_channel-b2in-int4-s0,N-A32--w-int4--a-fp32--mse_per_layer,27.757018,19.0,0.63617,0.04766,-8.757018,-11.709252,-5.826107,-8.2,1.1e-05,342,,,,,,,True
resnet18,recon,adaround,LQ-nobc--w-int4--a-int4--default_no_bias_correction--fit-mse_per_channel-b2in-int4-s0,N-A32--w-int6--a-fp32--mse_per_channel,27.757018,69.4,0.365918,0.264463,41.642982,38.828361,44.424281,42.2,0.0,480,,,,,,,True
resnet18,recon,adaround,LQ-nobc--w-int4--a-int4--default_no_bias_correction--fit-mse_per_channel-b2in-int4-s0,N-A32--w-int8--a-fp32--mse_per_channel,27.757018,69.0,0.369393,0.263939,41.242982,38.331211,44.053998,41.8,0.0,478,,,,,,,True
resnet18,recon,adaround,LQ-nobc--w-int4--a-int4--default_no_bias_correction--fit-mse_per_channel-b2in-int4-s0,N-A32--w-posit8_es1--a-fp32--mse_per_channel,27.757018,69.8,0.369681,0.284593,42.042982,39.260885,44.781033,42.6,0.0,474,,,,,,,True
resnet18,recon,adaround,LQ-nobc--w-int4--a-int4--default_no_bias_correction--fit-mse_per_channel-b2in-int4-s0,N-default--w-fp6_e2m3--a-fp6_e2m3--default,27.757018,66.656667,0.394737,0.278222,38.899648,36.18398,41.498732,39.6,0.0,460,,,,,,,True
resnet18,recon,adaround,LQ-nobc--w-int4--a-int4--default_no_bias_correction--fit-mse_per_channel-b2in-int4-s0,N-default--w-int6--a-int6--default,27.757018,65.891667,0.408377,0.276725,38.134648,35.389037,40.796484,38.0,0.0,452,,,,,,,True
resnet18,recon,adaround,LQ-nobc--w-int4--a-int4--default_no_bias_correction--fit-mse_per_channel-b2in-int4-s0,N-default--w-int8--a-int8--default,27.757018,69.216667,0.380132,0.28281,41.459648,38.712825,44.150924,41.4,0.0,468,,,,,,,True
resnet18,recon,adaround,LQ-nobc--w-int4--a-int4--default_no_bias_correction--fit-mse_per_channel-b2in-int4-s0,N-default--w-posit8_es1--a-posit8_es1--default,27.757018,69.633333,0.378989,0.292032,41.876315,39.22057,44.530358,41.9,0.0,467,,,,,,,True
resnet18,recon,adaround,LQ-nobc--w-int4--a-int4--default_no_bias_correction--fit-mse_per_channel-b2in-int4-s0,N-minimal--w-fp6_e2m3--a-fp6_e2m3--minimal,27.757018,68.000952,0.406915,0.31428,40.243934,37.58796,42.82923,39.8,0.0,446,,,,,,,True
resnet18,recon,adaround,LQ-nobc--w-int4--a-int4--default_no_bias_correction--fit-mse_per_channel-b2in-int4-s0,N-minimal--w-int4--a-int4--minimal,27.757018,17.139623,0.67714,0.164015,-10.617396,-12.991126,-8.280113,-9.2,0.0,298,,,,,,,True
resnet18,recon,adaround,LQ-nobc--w-int4--a-int4--default_no_bias_correction--fit-mse_per_channel-b2in-int4-s0,N-minimal--w-int4--a-int8--minimal,27.757018,46.483333,0.490544,0.121508,18.726315,15.436966,21.969708,19.5,0.0,431,,,,,,,True
resnet18,recon,adaround,LQ-nobc--w-int4--a-int4--default_no_bias_correction--fit-mse_per_channel-b2in-int4-s0,N-minimal--w-int6--a-int6--minimal,27.757018,65.831667,0.417989,0.310178,38.074648,35.492174,40.632594,38.4,0.0,440,,,,,,,True
resnet18,recon,adaround,LQ-nobc--w-int4--a-int4--default_no_bias_correction--fit-mse_per_channel-b2in-int4-s0,N-minimal--w-int8--a-int8--minimal,27.757018,69.72,0.375,0.288846,41.962982,39.204677,44.673586,42.2,0.0,470,,,,,,,True
resnet18,recon,adaround,LQ-nobc--w-int4--a-int4--default_no_bias_correction--fit-mse_per_channel-b2in-int4-s0,N-nobc--w-fp6_e2m3--a-fp6_e2m3--default_no_bias_correction,27.757018,67.978333,0.412,0.32489,40.221315,37.655245,42.760827,39.7,0.0,441,,,,,,,True
resnet18,recon,adaround,LQ-nobc--w-int4--a-int4--default_no_bias_correction--fit-mse_per_channel-b2in-int4-s0,N-nobc--w-int4--a-int4--default_no_bias_correction,27.757018,27.783477,0.674014,0.301083,0.026459,-2.291255,2.400318,1.3,0.474142,281,,,,,,,True
resnet18,recon,adaround,LQ-nobc--w-int4--a-int4--default_no_bias_correction--fit-mse_per_channel-b2in-int4-s0,N-nobc--w-int4--a-int8--default_no_bias_correction,27.757018,53.466667,0.46798,0.190197,25.709648,22.562494,28.822001,26.4,0.0,432,,,,,,,True
resnet18,recon,adaround,LQ-nobc--w-int4--a-int4--default_no_bias_correction--fit-mse_per_channel-b2in-int4-s0,N-nobc--w-int4--a-int8--default_no_bias_correction--mse_per_layer,27.757018,18.983333,0.633369,0.040293,-8.773685,-11.709962,-5.891917,-8.1,1.5e-05,345,,,,,,,True
resnet18,recon,adaround,LQ-nobc--w-int4--a-int4--default_no_bias_correction--fit-mse_per_channel-b2in-int4-s0,N-nobc--w-int6--a-int6--default_no_bias_correction,27.757018,66.503333,0.411451,0.321169,38.746315,36.201489,41.316706,39.6,0.0,442,,,,,,,True
resnet18,recon,adaround,LQ-nobc--w-int4--a-int4--default_no_bias_correction--fit-mse_per_channel-b2in-int4-s0,N-nobc--w-int8--a-int8--default_no_bias_correction,27.757018,69.316667,0.378486,0.288234,41.559648,38.818879,44.294023,41.8,0.0,468,,,,,,,True
resnet18,recon,adaround,LQ-nobc--w-int4--a-int4--default_no_bias_correction--fit-mse_per_channel-b2in-int4-s0,N-nobc--w-posit8_es1--a-posit8_es1--default_no_bias_correction,27.757018,69.241667,0.375,0.288846,41.484648,38.834217,44.148059,42.2,0.0,470,,,,,,,True
resnet18,recon,adaround,LQ-nobc--w-int6--a-int6--default_no_bias_correction--fit-mse_per_channel-b2in-int6-s0,N-A32--w-fp6_e2m3--a-fp32--mse_per_channel,65.953333,69.8,0.754821,0.797544,3.846667,2.301625,5.418333,3.3,0.00061,89,7.451667,5.54,9.415042,,,,True
resnet18,recon,adaround,LQ-nobc--w-int6--a-int6--default_no_bias_correction--fit-mse_per_channel-b2in-int6-s0,N-A32--w-int4--a-fp32--mse_per_channel,65.953333,53.9,0.554688,0.550693,-12.053333,-14.7285,-9.40325,-12.6,0.0,228,-23.948333,-27.056667,-20.883208,,,,True
resnet18,recon,adaround,LQ-nobc--w-int6--a-int6--default_no_bias_correction--fit-mse_per_channel-b2in-int6-s0,N-A32--w-int4--a-fp32--mse_per_layer,65.953333,19.0,0.371257,0.208736,-46.953333,-50.061792,-43.7715,-47.5,0.0,525,-66.648333,-69.575167,-63.749958,,,,True
resnet18,recon,adaround,LQ-nobc--w-int6--a-int6--default_no_bias_correction--fit-mse_per_channel-b2in-int6-s0,N-A32--w-int6--a-fp32--mse_per_channel,65.953333,69.4,0.751366,0.793031,3.446667,1.91325,4.980083,2.9,0.003113,91,5.451667,3.469958,7.391708,,,,True
resnet18,recon,adaround,LQ-nobc--w-int6--a-int6--default_no_bias_correction--fit-mse_per_channel-b2in-int6-s0,N-A32--w-int8--a-fp32--mse_per_channel,65.953333,69.0,0.796657,0.834431,3.046667,1.61,4.488333,2.5,0.004626,73,9.851667,8.156625,11.593333,,,,True
resnet18,recon,adaround,LQ-nobc--w-int6--a-int6--default_no_bias_correction--fit-mse_per_channel-b2in-int6-s0,N-A32--w-posit8_es1--a-fp32--mse_per_channel,65.953333,69.8,0.774373,0.816003,3.846667,2.396667,5.305,3.3,0.000317,81,9.751667,8.061667,11.51175,,,,True
resnet18,recon,adaround,LQ-nobc--w-int6--a-int6--default_no_bias_correction--fit-mse_per_channel-b2in-int6-s0,N-default--w-fp6_e2m3--a-fp6_e2m3--default,65.953333,66.656667,0.723514,0.75933,0.703333,-0.985,2.356708,0.3,0.846802,107,,,,,,,True
resnet18,recon,adaround,LQ-nobc--w-int6--a-int6--default_no_bias_correction--fit-mse_per_channel-b2in-int6-s0,N-default--w-int6--a-int6--default,65.953333,65.891667,0.694789,0.726873,-0.061667,-1.841708,1.675042,-1.3,0.279199,123,,,,,,,True
resnet18,recon,adaround,LQ-nobc--w-int6--a-int6--default_no_bias_correction--fit-mse_per_channel-b2in-int6-s0,N-default--w-int8--a-int8--default,65.953333,69.216667,0.802778,0.839091,3.263333,1.921667,4.621667,2.1,0.016995,71,9.143333,7.546625,10.800042,,,,True
resnet18,recon,adaround,LQ-nobc--w-int6--a-int6--default_no_bias_correction--fit-mse_per_channel-b2in-int6-s0,N-default--w-posit8_es1--a-posit8_es1--default,65.953333,69.633333,0.819209,0.855052,3.68,2.391625,5.010083,2.6,0.001563,64,5.851667,4.263333,7.478375,,,,True
resnet18,recon,adaround,LQ-nobc--w-int6--a-int6--default_no_bias_correction--fit-mse_per_channel-b2in-int6-s0,N-minimal--w-fp6_e2m3--a-fp6_e2m3--minimal,65.953333,68.000952,0.763926,0.799555,2.047619,0.586649,3.512893,0.5,0.671809,89,-3.044048,-4.885036,-1.168988,,,,True
resnet18,recon,adaround,LQ-nobc--w-int6--a-int6--default_no_bias_correction--fit-mse_per_channel-b2in-int6-s0,N-minimal--w-int4--a-int4--minimal,65.953333,17.139623,0.373365,0.216729,-48.813711,-51.596696,-45.958505,-48.5,0.0,527,,,,,,,True
resnet18,recon,adaround,LQ-nobc--w-int6--a-int6--default_no_bias_correction--fit-mse_per_channel-b2in-int6-s0,N-minimal--w-int4--a-int8--minimal,65.953333,46.483333,0.466216,0.413813,-19.47,-22.531708,-16.366542,-19.8,0.0,316,-38.198333,-41.441708,-35.009958,,,,True
resnet18,recon,adaround,LQ-nobc--w-int6--a-int6--default_no_bias_correction--fit-mse_per_channel-b2in-int6-s0,N-minimal--w-int6--a-int6--minimal,65.953333,65.831667,0.805851,0.837411,-0.121667,-1.5,1.271708,-0.9,0.349182,73,-4.975,-6.796833,-3.139958,,,,True
resnet18,recon,adaround,LQ-nobc--w-int6--a-int6--default_no_bias_correction--fit-mse_per_channel-b2in-int6-s0,N-minimal--w-int8--a-int8--minimal,65.953333,69.72,0.821023,0.857397,3.766667,2.473292,5.105,2.9,0.000337,63,8.071667,6.46,9.730042,,,,True
resnet18,recon,adaround,LQ-nobc--w-int6--a-int6--default_no_bias_correction--fit-mse_per_channel-b2in-int6-s0,N-nobc--w-fp6_e2m3--a-fp6_e2m3--default_no_bias_correction,65.953333,67.978333,0.8,0.833453,2.025,0.67325,3.403333,0.4,0.727547,74,,,,,,,True
resnet18,recon,adaround,LQ-nobc--w-int6--a-int6--default_no_bias_correction--fit-mse_per_channel-b2in-int6-s0,N-nobc--w-int4--a-int4--default_no_bias_correction,65.953333,27.783477,0.420839,0.335464,-38.169856,-40.939899,-35.352265,-38.0,0.0,428,,,,,,,True
resnet18,recon,adaround,LQ-nobc--w-int6--a-int6--default_no_bias_correction--fit-mse_per_channel-b2in-int6-s0,N-nobc--w-int4--a-int8--default_no_bias_correction,65.953333,53.466667,0.551456,0.546174,-12.486667,-15.128417,-9.874875,-12.9,0.0,231,-24.39,-27.486708,-21.323167,,,,True
resnet18,recon,adaround,LQ-nobc--w-int6--a-int6--default_no_bias_correction--fit-mse_per_channel-b2in-int6-s0,N-nobc--w-int4--a-int8--default_no_bias_correction--mse_per_layer,65.953333,18.983333,0.371703,0.210123,-46.97,-50.075083,-43.836583,-47.4,0.0,524,-66.79,-69.623417,-63.953333,,,,True
resnet18,recon,adaround,LQ-nobc--w-int6--a-int6--default_no_bias_correction--fit-mse_per_channel-b2in-int6-s0,N-nobc--w-int6--a-int6--default_no_bias_correction,65.953333,66.503333,0.832418,0.862805,0.55,-0.605,1.711667,0.3,0.798153,61,-2.686667,-4.256667,-1.12825,,,,True
resnet18,recon,adaround,LQ-nobc--w-int6--a-int6--default_no_bias_correction--fit-mse_per_channel-b2in-int6-s0,N-nobc--w-int8--a-int8--default_no_bias_correction,65.953333,69.316667,0.822034,0.857336,3.363333,2.038333,4.755042,2.5,0.002228,63,8.718333,7.135,10.375,,,,True
resnet18,recon,adaround,LQ-nobc--w-int6--a-int6--default_no_bias_correction--fit-mse_per_channel-b2in-int6-s0,N-nobc--w-posit8_es1--a-posit8_es1--default_no_bias_correction,65.953333,69.241667,0.800562,0.839007,3.288333,1.961625,4.638333,2.9,0.000767,71,5.601667,3.961667,7.240042,,,,True
resnet18,recon,adaround,N-A32--w-fp6_e2m3--a-fp32--mse_per_channel,N-A32--w-int4--a-fp32--mse_per_channel,69.8,53.9,0.566735,0.597641,-15.9,-18.5,-13.3,-15.9,0.0,211,-31.4,-34.4,-28.3,-31.4,0.0,344,True
resnet18,recon,adaround,N-A32--w-fp6_e2m3--a-fp32--mse_per_channel,N-A32--w-int4--a-fp32--mse_per_layer,69.8,19.0,0.356098,0.263054,-50.8,-54.0,-47.6,-50.8,0.0,528,-74.1,-76.9,-71.3,-74.1,0.0,747,True
resnet18,recon,adaround,N-A32--w-fp6_e2m3--a-fp32--mse_per_channel,N-A32--w-int6--a-fp32--mse_per_channel,69.8,69.4,0.882353,0.910244,-0.4,-1.7,0.8,-0.4,0.627103,38,-2.0,-3.8,-0.2,-2.0,0.035241,82,True
resnet18,recon,adaround,N-A32--w-fp6_e2m3--a-fp32--mse_per_channel,N-A32--w-int8--a-fp32--mse_per_channel,69.8,69.0,0.888889,0.915409,-0.8,-2.0,0.4,-0.8,0.242985,36,2.4,0.8,4.0,2.4,0.004272,66,True
resnet18,recon,adaround,N-A32--w-fp6_e2m3--a-fp32--mse_per_channel,N-A32--w-posit8_es1--a-fp32--mse_per_channel,69.8,69.8,0.91746,0.938329,0.0,-1.0,1.0,0.0,1.0,26,2.3,0.8,3.8,2.3,0.003202,57,True
resnet18,recon,adaround,N-A32--w-fp6_e2m3--a-fp32--mse_per_channel,N-default--w-fp6_e2m3--a-fp6_e2m3--default,69.8,66.656667,0.761111,0.803529,-3.143333,-4.776667,-1.605,-3.0,0.001606,86,,,,,,,True
resnet18,recon,adaround,N-A32--w-fp6_e2m3--a-fp32--mse_per_channel,N-default--w-int6--a-int6--default,69.8,65.891667,0.742627,0.786034,-3.908333,-5.625208,-2.224792,-4.6,3e-06,96,,,,,,,True
resnet18,recon,adaround,N-A32--w-fp6_e2m3--a-fp32--mse_per_channel,N-default--w-int8--a-int8--default,69.8,69.216667,0.889571,0.915924,-0.583333,-1.65,0.483333,-1.2,0.065245,36,1.691667,0.183333,3.191667,1.6,0.068119,68,True
resnet18,recon,adaround,N-A32--w-fp6_e2m3--a-fp32--mse_per_channel,N-default--w-posit8_es1--a-posit8_es1--default,69.8,69.633333,0.88,0.908221,-0.166667,-1.25,0.9,-0.7,0.336784,39,-1.6,-3.125,-0.083333,,,,True
resnet18,recon,adaround,N-A32--w-fp6_e2m3--a-fp32--mse_per_channel,N-minimal--w-fp6_e2m3--a-fp6_e2m3--minimal,69.8,68.000952,0.745856,0.789026,-1.799048,-3.335756,-0.274048,-2.8,0.004609,92,-10.495714,-12.41175,-8.581393,,,,True
resnet18,recon,adaround,N-A32--w-fp6_e2m3--a-fp32--mse_per_channel,N-minimal--w-int4--a-int4--minimal,69.8,17.139623,0.334126,0.189126,-52.660377,-55.58117,-49.704309,-51.8,0.0,560,,,,,,,True
resnet18,recon,adaround,N-A32--w-fp6_e2m3--a-fp32--mse_per_channel,N-minimal--w-int4--a-int8--minimal,69.8,46.483333,0.457243,0.441077,-23.316667,-26.35,-20.216667,-23.1,0.0,311,-45.65,-48.866667,-42.449583,-45.3,0.0,475,True
resnet18,recon,adaround,N-A32--w-fp6_e2m3--a-fp32--mse_per_channel,N-minimal--w-int6--a-int6--minimal,69.8,65.831667,0.7,0.743281,-3.968333,-5.728375,-2.236542,-4.2,0.000104,114,-12.426667,-14.563333,-10.289958,,,,True
resnet18,recon,adaround,N-A32--w-fp6_e2m3--a-fp32--mse_per_channel,N-minimal--w-int8--a-int8--minimal,69.8,69.72,0.894081,0.919696,-0.08,-1.193417,1.04,-0.4,0.607591,34,0.62,-0.956667,2.21675,0.9,0.328432,67,True
resnet18,recon,adaround,N-A32--w-fp6_e2m3--a-fp32--mse_per_channel,N-nobc--w-fp6_e2m3--a-fp6_e2m3--default_no_bias_correction,69.8,67.978333,0.77809,0.819423,-1.821667,-3.196667,-0.434958,-2.9,0.001466,79,,,,,,,True
resnet18,recon,adaround,N-A32--w-fp6_e2m3--a-fp32--mse_per_channel,N-nobc--w-int4--a-int4--default_no_bias_correction,69.8,27.783477,0.379919,0.309135,-42.016523,-44.888188,-39.163239,-41.3,0.0,457,,,,,,,True
resnet18,recon,adaround,N-A32--w-fp6_e2m3--a-fp32--mse_per_channel,N-nobc--w-int4--a-int8--default_no_bias_correction,69.8,53.466667,0.566462,0.597781,-16.333333,-18.9,-13.75,-16.2,0.0,212,-31.841667,-34.875,-28.824792,-31.7,0.0,349,True
resnet18,recon,adaround,N-A32--w-fp6_e2m3--a-fp32--mse_per_channel,N-nobc--w-int4--a-int8--default_no_bias_correction--mse_per_layer,69.8,18.983333,0.353228,0.253118,-50.816667,-54.025,-47.6,-50.7,0.0,531,-74.241667,-76.941667,-71.516667,-74.0,0.0,746,True
resnet18,recon,adaround,N-A32--w-fp6_e2m3--a-fp32--mse_per_channel,N-nobc--w-int6--a-int6--default_no_bias_correction,69.8,66.503333,0.73224,0.775779,-3.296667,-4.955,-1.666667,-3.0,0.003189,98,-10.138333,-12.191667,-8.158333,,,,True
resnet18,recon,adaround,N-A32--w-fp6_e2m3--a-fp32--mse_per_channel,N-nobc--w-int8--a-int8--default_no_bias_correction,69.8,69.316667,0.888889,0.915409,-0.483333,-1.6,0.633333,-0.8,0.242985,36,1.266667,-0.266667,2.8,1.2,0.18181,68,True
resnet18,recon,adaround,N-A32--w-fp6_e2m3--a-fp32--mse_per_channel,N-nobc--w-posit8_es1--a-posit8_es1--default_no_bias_correction,69.8,69.241667,0.870769,0.900791,-0.558333,-1.700208,0.575,-0.4,0.643969,42,-1.85,-3.416667,-0.3,,,,True
resnet18,recon,adaround,N-A32--w-int4--a-fp32--mse_per_channel,N-A32--w-int4--a-fp32--mse_per_layer,53.9,19.0,0.529483,0.340522,-34.9,-38.1,-31.7,-34.9,0.0,391,-42.7,-46.1,-39.3,-42.7,0.0,467,True
resnet18,recon,adaround,N-A32--w-int4--a-fp32--mse_per_channel,N-A32--w-int6--a-fp32--mse_per_channel,53.9,69.4,0.565306,0.591756,15.5,12.8,18.2,15.5,0.0,213,29.4,26.3,32.5,29.4,0.0,332,True
resnet18,recon,adaround,N-A32--w-int4--a-fp32--mse_per_channel,N-A32--w-int8--a-fp32--mse_per_channel,53.9,69.0,0.579918,0.607655,15.1,12.5,17.7,15.1,0.0,205,33.8,30.9,36.8,33.8,0.0,352,True
resnet18,recon,adaround,N-A32--w-int4--a-fp32--mse_per_channel,N-A32--w-posit8_es1--a-fp32--mse_per_channel,53.9,69.8,0.569959,0.60201,15.9,13.3,18.5,15.9,0.0,209,33.7,30.7,36.7,33.7,0.0,355,True
resnet18,recon,adaround,N-A32--w-int4--a-fp32--mse_per_channel,N-default--w-fp6_e2m3--a-fp6_e2m3--default,53.9,66.656667,0.576541,0.583383,12.756667,10.19325,15.303375,12.9,0.0,213,,,,,,,True
resnet18,recon,adaround,N-A32--w-int4--a-fp32--mse_per_channel,N-default--w-int6--a-int6--default,53.9,65.891667,0.605159,0.608872,11.991667,9.516458,14.533333,11.3,0.0,199,,,,,,,True
resnet18,recon,adaround,N-A32--w-int4--a-fp32--mse_per_channel,N-default--w-int8--a-int8--default,53.9,69.216667,0.584867,0.610526,15.316667,12.783333,17.9,14.7,0.0,203,33.091667,30.199792,36.05,33.0,0.0,348,True
resnet18,recon,adaround,N-A32--w-int4--a-fp32--mse_per_channel,N-default--w-posit8_es1--a-posit8_es1--default,53.9,69.633333,0.568228,0.592832,15.733333,13.25,18.283333,15.2,0.0,212,29.8,26.883333,32.775417,,,,True
resnet18,recon,adaround,N-A32--w-int4--a-fp32--mse_per_channel,N-minimal--w-fp6_e2m3--a-fp6_e2m3--minimal,53.9,68.000952,0.554028,0.554076,14.100952,11.466631,16.759351,13.1,0.0,227,20.904286,17.925929,23.960065,,,,True
resnet18,recon,adaround,N-A32--w-int4--a-fp32--mse_per_channel,N-minimal--w-int4--a-int4--minimal,53.9,17.139623,0.503521,0.266202,-36.760377,-39.768204,-33.718659,-35.9,0.0,423,,,,,,,True
resnet18,recon,adaround,N-A32--w-int4--a-fp32--mse_per_channel,N-minimal--w-int4--a-int8--minimal,53.9,46.483333,0.587859,0.491715,-7.416667,-10.433333,-4.4,-7.2,9e-06,258,-14.25,-17.666667,-10.9,-13.9,0.0,329,True
resnet18,recon,adaround,N-A32--w-int4--a-fp32--mse_per_channel,N-minimal--w-int6--a-int6--minimal,53.9,65.831667,0.560078,0.55075,11.931667,9.271625,14.66675,11.7,0.0,227,18.973333,15.874875,22.120042,,,,True
resnet18,recon,adaround,N-A32--w-int4--a-fp32--mse_per_channel,N-minimal--w-int8--a-int8--minimal,53.9,69.72,0.578189,0.609169,15.82,13.30325,18.373583,15.5,0.0,205,32.02,29.086667,35.023333,32.3,0.0,349,True
resnet18,recon,adaround,N-A32--w-int4--a-fp32--mse_per_channel,N-nobc--w-fp6_e2m3--a-fp6_e2m3--default_no_bias_correction,53.9,67.978333,0.565217,0.568739,14.078333,11.549875,16.635042,13.0,0.0,220,,,,,,,True
resnet18,recon,adaround,N-A32--w-int4--a-fp32--mse_per_channel,N-nobc--w-int4--a-int4--default_no_bias_correction,53.9,27.783477,0.570093,0.432785,-26.116523,-28.740815,-23.4548,-25.4,0.0,322,,,,,,,True
resnet18,recon,adaround,N-A32--w-int4--a-fp32--mse_per_channel,N-nobc--w-int4--a-int8--default_no_bias_correction,53.9,53.466667,0.955603,0.95778,-0.433333,-1.116667,0.233333,-0.3,0.663624,21,-0.441667,-1.175,0.241875,-0.3,0.663624,21,True
resnet18,recon,adaround,N-A32--w-int4--a-fp32--mse_per_channel,N-nobc--w-int4--a-int8--default_no_bias_correction--mse_per_layer,53.9,18.983333,0.526442,0.331985,-34.916667,-38.083542,-31.75,-34.8,0.0,394,-42.841667,-46.091667,-39.591458,-42.6,0.0,466,True
resnet18,recon,adaround,N-A32--w-int4--a-fp32--mse_per_channel,N-nobc--w-int6--a-int6--default_no_bias_correction,53.9,66.503333,0.545809,0.540784,12.603333,9.925,15.31525,12.9,0.0,233,21.261667,18.166667,24.453333,,,,True
resnet18,recon,adaround,N-A32--w-int4--a-fp32--mse_per_channel,N-nobc--w-int8--a-int8--default_no_bias_correction,53.9,69.316667,0.576687,0.603317,15.416667,12.85,18.000417,15.1,0.0,207,32.666667,29.733333,35.683333,32.6,0.0,354,True
resnet18,recon,adaround,N-A32--w-int4--a-fp32--mse_per_channel,N-nobc--w-posit8_es1--a-posit8_es1--default_no_bias_correction,53.9,69.241667,0.568507,0.596109,15.341667,12.808333,17.933333,15.5,0.0,211,29.55,26.575,32.6,,,,True
resnet18,recon,adaround,N-A32--w-int4--a-fp32--mse_per_layer,N-A32--w-int6--a-fp32--mse_per_channel,19.0,69.4,0.360976,0.266285,50.4,47.1,53.6,50.4,0.0,524,72.1,69.2,74.9,72.1,0.0,727,True
resnet18,recon,adaround,N-A32--w-int4--a-fp32--mse_per_layer,N-A32--w-int8--a-fp32--mse_per_channel,19.0,69.0,0.36253,0.258493,50.0,46.7,53.2,50.0,0.0,524,76.5,73.9,79.2,76.5,0.0,771,True
resnet18,recon,adaround,N-A32--w-int4--a-fp32--mse_per_layer,N-A32--w-posit8_es1--a-fp32--mse_per_channel,19.0,69.8,0.354446,0.257502,50.8,47.5,54.0,50.8,0.0,530,76.4,73.8,79.1,76.4,0.0,768,True
resnet18,recon,adaround,N-A32--w-int4--a-fp32--mse_per_layer,N-default--w-fp6_e2m3--a-fp6_e2m3--default,19.0,66.656667,0.385922,0.265661,47.656667,44.605,50.728333,47.8,0.0,506,,,,,,,True
resnet18,recon,adaround,N-A32--w-int4--a-fp32--mse_per_layer,N-default--w-int6--a-int6--default,19.0,65.891667,0.400242,0.262861,46.891667,43.741667,50.016667,46.2,0.0,496,,,,,,,True
resnet18,recon,adaround,N-A32--w-int4--a-fp32--mse_per_layer,N-default--w-int8--a-int8--default,19.0,69.216667,0.367397,0.261763,50.216667,47.0,53.366667,49.6,0.0,520,75.791667,73.191667,78.408333,75.7,0.0,765,True
resnet18,recon,adaround,N-A32--w-int4--a-fp32--mse_per_layer,N-default--w-posit8_es1--a-posit8_es1--default,19.0,69.633333,0.361314,0.257675,50.633333,47.5,53.766667,50.1,0.0,525,72.5,69.825,75.125,,,,True
resnet18,recon,adaround,N-A32--w-int4--a-fp32--mse_per_layer,N-minimal--w-fp6_e2m3--a-fp6_e2m3--minimal,19.0,68.000952,0.373494,0.23148,49.000952,45.900929,52.134435,48.0,0.0,520,63.604286,60.698565,66.463399,,,,True
resnet18,recon,adaround,N-A32--w-int4--a-fp32--mse_per_layer,N-minimal--w-int4--a-int4--minimal,19.0,17.139623,0.739594,0.191086,-1.860377,-4.433175,0.729995,-1.0,0.564593,244,,,,,,,True
resnet18,recon,adaround,N-A32--w-int4--a-fp32--mse_per_layer,N-minimal--w-int4--a-int8--minimal,19.0,46.483333,0.583726,0.323263,27.483333,24.216667,30.667083,27.7,0.0,353,28.45,25.2,31.75,28.8,0.0,380,True
resnet18,recon,adaround,N-A32--w-int4--a-fp32--mse_per_layer,N-minimal--w-int6--a-int6--minimal,19.0,65.831667,0.387019,0.232669,46.831667,43.663292,49.980042,46.6,0.0,510,61.673333,58.654875,64.718375,,,,True
resnet18,recon,adaround,N-A32--w-int4--a-fp32--mse_per_layer,N-minimal--w-int8--a-int8--minimal,19.0,69.72,0.357664,0.255222,50.72,47.566667,53.856917,50.4,0.0,528,74.72,72.09975,77.373333,75.0,0.0,756,True
resnet18,recon,adaround,N-A32--w-int4--a-fp32--mse_per_layer,N-nobc--w-fp6_e2m3--a-fp6_e2m3--default_no_bias_correction,19.0,67.978333,0.376357,0.237749,48.978333,45.886583,52.075083,47.9,0.0,517,,,,,,,True
resnet18,recon,adaround,N-A32--w-int4--a-fp32--mse_per_layer,N-nobc--w-int4--a-int4--default_no_bias_correction,19.0,27.783477,0.677668,0.208086,8.783477,6.102012,11.53425,9.5,0.0,293,,,,,,,True
resnet18,recon,adaround,N-A32--w-int4--a-fp32--mse_per_layer,N-nobc--w-int4--a-int8--default_no_bias_correction,19.0,53.466667,0.53494,0.348393,34.466667,31.333333,37.633333,34.6,0.0,386,42.258333,38.975,45.53375,42.4,0.0,462,True
resnet18,recon,adaround,N-A32--w-int4--a-fp32--mse_per_layer,N-nobc--w-int4--a-int8--default_no_bias_correction--mse_per_layer,19.0,18.983333,0.98164,0.95137,-0.016667,-0.575,0.55,0.1,1.0,15,-0.141667,-0.733333,0.466667,0.1,1.0,15,True
resnet18,recon,adaround,N-A32--w-int4--a-fp32--mse_per_layer,N-nobc--w-int6--a-int6--default_no_bias_correction,19.0,66.503333,0.372596,0.222359,47.503333,44.34,50.641667,47.8,0.0,522,63.961667,61.028333,66.891667,,,,True
resnet18,recon,adaround,N-A32--w-int4--a-fp32--mse_per_layer,N-nobc--w-int8--a-int8--default_no_bias_correction,19.0,69.316667,0.36253,0.258493,50.316667,47.083333,53.5,50.0,0.0,524,75.366667,72.766667,77.967083,75.3,0.0,759,True
resnet18,recon,adaround,N-A32--w-int4--a-fp32--mse_per_layer,N-nobc--w-posit8_es1--a-posit8_es1--default_no_bias_correction,19.0,69.241667,0.357664,0.255222,50.241667,47.116667,53.35,50.4,0.0,528,72.25,69.608333,74.925,,,,True
resnet18,recon,adaround,N-A32--w-int6--a-fp32--mse_per_channel,N-A32--w-int8--a-fp32--mse_per_channel,69.4,69.0,0.889571,0.915589,-0.4,-1.6,0.8,-0.4,0.617719,36,4.4,2.8,6.1,4.4,0.0,74,True
resnet18,recon,adaround,N-A32--w-int6--a-fp32--mse_per_channel,N-A32--w-posit8_es1--a-fp32--mse_per_channel,69.4,69.8,0.876543,0.905517,0.4,-0.8,1.6,0.4,0.635828,40,4.3,2.6,6.1,4.3,1e-06,77,True
resnet18,recon,adaround,N-A32--w-int6--a-fp32--mse_per_channel,N-default--w-fp6_e2m3--a-fp6_e2m3--default,69.4,66.656667,0.747945,0.78983,-2.743333,-4.428375,-1.129917,-2.6,0.008781,92,,,,,,,True
resnet18,recon,adaround,N-A32--w-int6--a-fp32--mse_per_channel,N-default--w-int6--a-int6--default,69.4,65.891667,0.772358,0.81323,-3.508333,-5.116667,-1.95,-4.2,5e-06,84,,,,,,,True
resnet18,recon,adaround,N-A32--w-int6--a-fp32--mse_per_channel,N-default--w-int8--a-int8--default,69.4,69.216667,0.873112,0.901988,-0.183333,-1.316667,0.95,-0.8,0.279956,42,3.691667,2.141667,5.358333,3.6,7e-05,80,True
resnet18,recon,adaround,N-A32--w-int6--a-fp32--mse_per_channel,N-default--w-posit8_es1--a-posit8_es1--default,69.4,69.633333,0.863636,0.894362,0.233333,-0.950417,1.45,-0.3,0.765992,45,0.4,-1.266667,2.108333,,,,True
resnet18,recon,adaround,N-A32--w-int6--a-fp32--mse_per_channel,N-minimal--w-fp6_e2m3--a-fp6_e2m3--minimal,69.4,68.000952,0.747253,0.789245,-1.399048,-2.910125,0.173607,-2.4,0.01602,92,-8.495714,-10.443435,-6.54331,,,,True
resnet18,recon,adaround,N-A32--w-int6--a-fp32--mse_per_channel,N-minimal--w-int4--a-int4--minimal,69.4,17.139623,0.340476,0.198142,-52.260377,-55.157817,-49.34701,-51.4,0.0,554,,,,,,,True
resnet18,recon,adaround,N-A32--w-int6--a-fp32--mse_per_channel,N-minimal--w-int4--a-int8--minimal,69.4,46.483333,0.469352,0.456269,-22.916667,-25.916667,-19.816667,-22.7,0.0,303,-43.65,-46.8,-40.516667,-43.3,0.0,449,True
resnet18,recon,adaround,N-A32--w-int6--a-fp32--mse_per_channel,N-minimal--w-int6--a-int6--minimal,69.4,65.831667,0.710526,0.752518,-3.568333,-5.340042,-1.769958,-3.8,0.000371,110,-10.426667,-12.580125,-8.266667,,,,True
resnet18,recon,adaround,N-A32--w-int6--a-fp32--mse_per_channel,N-minimal--w-int8--a-int8--minimal,69.4,69.72,0.888889,0.91524,0.32,-0.783333,1.453333,0.0,1.0,36,2.62,1.053333,4.3,2.9,0.00108,75,True
resnet18,recon,adaround,N-A32--w-int6--a-fp32--mse_per_channel,N-nobc--w-fp6_e2m3--a-fp6_e2m3--default_no_bias_correction,69.4,67.978333,0.745205,0.78723,-1.421667,-2.901667,0.111667,-2.5,0.012401,93,,,,,,,True
resnet18,recon,adaround,N-A32--w-int6--a-fp32--mse_per_channel,N-nobc--w-int4--a-int4--default_no_bias_correction,69.4,27.783477,0.385346,0.313472,-41.616523,-44.433376,-38.783011,-40.9,0.0,453,,,,,,,True
resnet18,recon,adaround,N-A32--w-int6--a-fp32--mse_per_channel,N-nobc--w-int4--a-int8--default_no_bias_correction,69.4,53.466667,0.561866,0.587494,-15.933333,-18.566667,-13.3,-15.8,0.0,216,-29.841667,-32.841667,-26.833333,-29.7,0.0,335,True
resnet18,recon,adaround,N-A32--w-int6--a-fp32--mse_per_channel,N-nobc--w-int4--a-int8--default_no_bias_correction--mse_per_layer,69.4,18.983333,0.3581,0.256399,-50.416667,-53.55,-47.2,-50.3,0.0,527,-72.241667,-75.041875,-69.425,-72.0,0.0,726,True
resnet18,recon,adaround,N-A32--w-int6--a-fp32--mse_per_channel,N-nobc--w-int6--a-int6--default_no_bias_correction,69.4,66.503333,0.772222,0.812869,-2.896667,-4.291708,-1.516583,-2.6,0.005436,82,-8.138333,-9.866708,-6.496458,,,,True
resnet18,recon,adaround,N-A32--w-int6--a-fp32--mse_per_channel,N-nobc--w-int8--a-int8--default_no_bias_correction,69.4,69.316667,0.866667,0.896821,-0.083333,-1.217083,1.066667,-0.4,0.651588,44,3.266667,1.7,4.916667,3.2,0.000452,80,True
resnet18,recon,adaround,N-A32--w-int6--a-fp32--mse_per_channel,N-nobc--w-posit8_es1--a-posit8_es1--default_no_bias_correction,69.4,69.241667,0.865854,0.896404,-0.158333,-1.291667,1.0,0.0,1.0,44,0.15,-1.491667,1.816667,,,,True
resnet18,recon,adaround,N-A32--w-int8--a-fp32--mse_per_channel,N-A32--w-posit8_es1--a-fp32--mse_per_channel,69.0,69.8,0.930599,0.948374,0.8,-0.1,1.7,0.8,0.133801,22,-0.1,-1.3,1.1,-0.1,1.0,37,True
resnet18,recon,adaround,N-A32--w-int8--a-fp32--mse_per_channel,N-default--w-fp6_e2m3--a-fp6_e2m3--default,69.0,66.656667,0.758904,0.799257,-2.343333,-4.071667,-0.726583,-2.2,0.024623,88,,,,,,,True
resnet18,recon,adaround,N-A32--w-int8--a-fp32--mse_per_channel,N-default--w-int6--a-int6--default,69.0,65.891667,0.759358,0.799447,-3.108333,-4.775,-1.466667,-3.8,7.7e-05,90,,,,,,,True
resnet18,recon,adaround,N-A32--w-int8--a-fp32--mse_per_channel,N-default--w-int8--a-int8--default,69.0,69.216667,0.931889,0.948797,0.216667,-0.583333,1.033333,-0.4,0.523467,22,-0.708333,-1.733333,0.308333,-0.8,0.229481,34,True
resnet18,recon,adaround,N-A32--w-int8--a-fp32--mse_per_channel,N-default--w-posit8_es1--a-posit8_es1--default,69.0,69.633333,0.898773,0.922795,0.633333,-0.433333,1.683333,0.1,1.0,33,-4.0,-5.333333,-2.683333,,,,True
resnet18,recon,adaround,N-A32--w-int8--a-fp32--mse_per_channel,N-minimal--w-fp6_e2m3--a-fp6_e2m3--minimal,69.0,68.000952,0.758242,0.79873,-0.999048,-2.5455,0.555952,-2.0,0.042211,88,-12.895714,-14.845714,-10.966643,,,,True
resnet18,recon,adaround,N-A32--w-int8--a-fp32--mse_per_channel,N-minimal--w-int4--a-int4--minimal,69.0,17.139623,0.345238,0.201481,-51.860377,-54.784845,-48.865692,-51.0,0.0,550,,,,,,,True
resnet18,recon,adaround,N-A32--w-int8--a-fp32--mse_per_channel,N-minimal--w-int4--a-int8--minimal,69.0,46.483333,0.473776,0.45839,-22.516667,-25.566667,-19.466667,-22.3,0.0,301,-48.05,-51.166667,-45.033333,-47.7,0.0,485,True
resnet18,recon,adaround,N-A32--w-int8--a-fp32--mse_per_channel,N-minimal--w-int6--a-int6--minimal,69.0,65.831667,0.707572,0.7481,-3.168333,-4.975083,-1.388333,-3.4,0.001695,112,-14.826667,-17.005042,-12.699958,,,,True
resnet18,recon,adaround,N-A32--w-int8--a-fp32--mse_per_channel,N-minimal--w-int8--a-int8--minimal,69.0,69.72,0.925,0.943741,0.72,-0.233333,1.660167,0.4,0.541256,24,-1.78,-2.920167,-0.666667,-1.5,0.023703,39,True
resnet18,recon,adaround,N-A32--w-int8--a-fp32--mse_per_channel,N-nobc--w-fp6_e2m3--a-fp6_e2m3--default_no_bias_correction,69.0,67.978333,0.756164,0.796694,-1.021667,-2.580083,0.548333,-2.1,0.033417,89,,,,,,,True
resnet18,recon,adaround,N-A32--w-int8--a-fp32--mse_per_channel,N-nobc--w-int4--a-int4--default_no_bias_correction,69.0,27.783477,0.390773,0.317805,-41.216523,-44.046064,-38.27727,-40.5,0.0,449,,,,,,,True
resnet18,recon,adaround,N-A32--w-int8--a-fp32--mse_per_channel,N-nobc--w-int4--a-int8--default_no_bias_correction,69.0,53.466667,0.576375,0.603348,-15.533333,-18.133333,-12.983333,-15.4,0.0,208,-34.241667,-37.216667,-31.333333,-34.1,0.0,355,True
resnet18,recon,adaround,N-A32--w-int8--a-fp32--mse_per_channel,N-nobc--w-int4--a-int8--default_no_bias_correction--mse_per_layer,69.0,18.983333,0.35966,0.248678,-50.016667,-53.2,-46.774792,-49.9,0.0,527,-76.641667,-79.216875,-74.016667,-76.4,0.0,772,True
resnet18,recon,adaround,N-A32--w-int8--a-fp32--mse_per_channel,N-nobc--w-int6--a-int6--default_no_bias_correction,69.0,66.503333,0.754098,0.794665,-2.496667,-4.068417,-0.943292,-2.2,0.026302,90,-12.538333,-14.516667,-10.675,,,,True
resnet18,recon,adaround,N-A32--w-int8--a-fp32--mse_per_channel,N-nobc--w-int8--a-int8--default_no_bias_correction,69.0,69.316667,0.9375,0.953249,0.316667,-0.433333,1.066667,0.0,1.0,20,-1.133333,-2.05,-0.216667,-1.2,0.042774,30,True
resnet18,recon,adaround,N-A32--w-int8--a-fp32--mse_per_channel,N-nobc--w-posit8_es1--a-posit8_es1--default_no_bias_correction,69.0,69.241667,0.901235,0.924973,0.241667,-0.75,1.216667,0.4,0.596615,32,-4.25,-5.558333,-2.95,,,,True
resnet18,recon,adaround,N-A32--w-posit8_es1--a-fp32--mse_per_channel,N-default--w-fp6_e2m3--a-fp6_e2m3--default,69.8,66.656667,0.746556,0.789654,-3.143333,-4.815,-1.551625,-3.0,0.002315,92,,,,,,,True
resnet18,recon,adaround,N-A32--w-posit8_es1--a-fp32--mse_per_channel,N-default--w-int6--a-int6--default,69.8,65.891667,0.742627,0.786034,-3.908333,-5.616667,-2.208333,-4.6,3e-06,96,,,,,,,True
resnet18,recon,adaround,N-A32--w-posit8_es1--a-fp32--mse_per_channel,N-default--w-int8--a-int8--default,69.8,69.216667,0.931034,0.948774,-0.583333,-1.366667,0.183333,-1.2,0.016901,22,-0.608333,-1.65,0.433333,-0.7,0.324009,37,True
resnet18,recon,adaround,N-A32--w-posit8_es1--a-fp32--mse_per_channel,N-default--w-posit8_es1--a-posit8_es1--default,69.8,69.633333,0.903427,0.927076,-0.166667,-1.166667,0.8,-0.7,0.281042,31,-3.9,-5.141667,-2.683333,,,,True
resnet18,recon,adaround,N-A32--w-posit8_es1--a-fp32--mse_per_channel,N-minimal--w-fp6_e2m3--a-fp6_e2m3--minimal,69.8,68.000952,0.755556,0.79829,-1.799048,-3.30506,-0.282363,-2.8,0.003747,88,-12.795714,-14.718351,-10.907339,,,,True
resnet18,recon,adaround,N-A32--w-posit8_es1--a-fp32--mse_per_channel,N-minimal--w-int4--a-int4--minimal,69.8,17.139623,0.334126,0.189126,-52.660377,-55.616574,-49.6944,-51.8,0.0,560,,,,,,,True
resnet18,recon,adaround,N-A32--w-posit8_es1--a-fp32--mse_per_channel,N-minimal--w-int4--a-int8--minimal,69.8,46.483333,0.462347,0.449808,-23.316667,-26.33375,-20.216667,-23.1,0.0,307,-47.95,-51.083333,-44.9,-47.6,0.0,486,True
resnet18,recon,adaround,N-A32--w-posit8_es1--a-fp32--mse_per_channel,N-minimal--w-int6--a-int6--minimal,69.8,65.831667,0.704485,0.747866,-3.968333,-5.705042,-2.23,-4.2,9e-05,112,-14.726667,-16.8685,-12.605,,,,True
resnet18,recon,adaround,N-A32--w-posit8_es1--a-fp32--mse_per_channel,N-minimal--w-int8--a-int8--minimal,69.8,69.72,0.917981,0.938602,-0.08,-0.996667,0.856667,-0.4,0.557197,26,-1.68,-2.890083,-0.496667,-1.4,0.038477,40,True
resnet18,recon,adaround,N-A32--w-posit8_es1--a-fp32--mse_per_channel,N-nobc--w-fp6_e2m3--a-fp6_e2m3--default_no_bias_correction,69.8,67.978333,0.763231,0.805538,-1.821667,-3.281708,-0.366583,-2.9,0.002195,85,,,,,,,True
resnet18,recon,adaround,N-A32--w-posit8_es1--a-fp32--mse_per_channel,N-nobc--w-int4--a-int4--default_no_bias_correction,69.8,27.783477,0.379919,0.309135,-42.016523,-44.858515,-39.158726,-41.3,0.0,457,,,,,,,True
resnet18,recon,adaround,N-A32--w-posit8_es1--a-fp32--mse_per_channel,N-nobc--w-int4--a-int8--default_no_bias_correction,69.8,53.466667,0.566462,0.597781,-16.333333,-18.916667,-13.766667,-16.2,0.0,212,-34.141667,-37.1,-31.2,-34.0,0.0,358,True
resnet18,recon,adaround,N-A32--w-posit8_es1--a-fp32--mse_per_channel,N-nobc--w-int4--a-int8--default_no_bias_correction--mse_per_layer,69.8,18.983333,0.351582,0.247577,-50.816667,-54.033542,-47.566667,-50.7,0.0,533,-76.541667,-79.15,-73.966458,-76.3,0.0,767,True
resnet18,recon,adaround,N-A32--w-posit8_es1--a-fp32--mse_per_channel,N-nobc--w-int6--a-int6--default_no_bias_correction,69.8,66.503333,0.741758,0.785029,-3.296667,-4.888333,-1.716667,-3.0,0.002587,94,-12.438333,-14.438375,-10.5,,,,True
resnet18,recon,adaround,N-A32--w-posit8_es1--a-fp32--mse_per_channel,N-nobc--w-int8--a-int8--default_no_bias_correction,69.8,69.316667,0.930599,0.948374,-0.483333,-1.316667,0.35,-0.8,0.133801,22,-1.033333,-2.116667,0.016667,-1.1,0.108129,39,True
resnet18,recon,adaround,N-A32--w-posit8_es1--a-fp32--mse_per_channel,N-nobc--w-posit8_es1--a-posit8_es1--default_no_bias_correction,69.8,69.241667,0.91195,0.933875,-0.558333,-1.466667,0.35,-0.4,0.571588,28,-4.15,-5.308333,-3.041667,,,,True
resnet18,recon,adaround,N-default--w-fp6_e2m3--a-fp6_e2m3--default,N-default--w-int6--a-int6--default,66.656667,65.891667,0.818182,0.849067,-0.765,-1.92,0.418333,-1.6,0.068119,68,,,,,,,True
resnet18,recon,adaround,N-default--w-fp6_e2m3--a-fp6_e2m3--default,N-default--w-int8--a-int8--default,66.656667,69.216667,0.779614,0.817837,2.56,1.121667,4.083375,1.8,0.056664,80,,,,,,,True
resnet18,recon,adaround,N-default--w-fp6_e2m3--a-fp6_e2m3--default,N-default--w-posit8_es1--a-posit8_es1--default,66.656667,69.633333,0.790503,0.829067,2.976667,1.601667,4.408375,2.3,0.010582,75,,,,,,,True
resnet18,recon,adaround,N-default--w-fp6_e2m3--a-fp6_e2m3--default,N-minimal--w-fp6_e2m3--a-fp6_e2m3--minimal,66.656667,68.000952,0.751323,0.787761,1.344286,-0.226435,2.946667,0.2,0.917923,94,,,,,,,True
resnet18,recon,adaround,N-default--w-fp6_e2m3--a-fp6_e2m3--default,N-minimal--w-int4--a-int4--minimal,66.656667,17.139623,0.374702,0.230813,-49.517044,-52.26844,-46.711894,-48.8,0.0,524,,,,,,,True
resnet18,recon,adaround,N-default--w-fp6_e2m3--a-fp6_e2m3--default,N-minimal--w-int4--a-int8--minimal,66.656667,46.483333,0.501736,0.47688,-20.173333,-22.996708,-17.308333,-20.1,0.0,287,,,,,,,True
resnet18,recon,adaround,N-default--w-fp6_e2m3--a-fp6_e2m3--default,N-minimal--w-int6--a-int6--minimal,66.656667,65.831667,0.69,0.723217,-0.825,-2.51,0.881708,-1.2,0.323248,124,,,,,,,True
resnet18,recon,adaround,N-default--w-fp6_e2m3--a-fp6_e2m3--default,N-minimal--w-int8--a-int8--minimal,66.656667,69.72,0.757576,0.799045,3.063333,1.536625,4.691667,2.6,0.007343,88,,,,,,,True
resnet18,recon,adaround,N-default--w-fp6_e2m3--a-fp6_e2m3--default,N-nobc--w-fp6_e2m3--a-fp6_e2m3--default_no_bias_correction,66.656667,67.978333,0.758621,0.794685,1.321667,-0.060042,2.783333,0.1,1.0,91,,,,,,,True
resnet18,recon,adaround,N-default--w-fp6_e2m3--a-fp6_e2m3--default,N-nobc--w-int4--a-int4--default_no_bias_correction,66.656667,27.783477,0.414865,0.327492,-38.87319,-41.526584,-36.154701,-38.3,0.0,433,,,,,,,True
resnet18,recon,adaround,N-default--w-fp6_e2m3--a-fp6_e2m3--default,N-nobc--w-int4--a-int8--default_no_bias_correction,66.656667,53.466667,0.579365,0.587394,-13.19,-15.673375,-10.711667,-13.2,0.0,212,,,,,,,True
resnet18,recon,adaround,N-default--w-fp6_e2m3--a-fp6_e2m3--default,N-nobc--w-int4--a-int8--default_no_bias_correction--mse_per_layer,66.656667,18.983333,0.38303,0.256118,-47.673333,-50.768375,-44.654958,-47.7,0.0,509,,,,,,,True
resnet18,recon,adaround,N-default--w-fp6_e2m3--a-fp6_e2m3--default,N-nobc--w-int6--a-int6--default_no_bias_correction,66.656667,66.503333,0.706941,0.742984,-0.153333,-1.876792,1.623375,0.0,1.0,114,,,,,,,True
resnet18,recon,adaround,N-default--w-fp6_e2m3--a-fp6_e2m3--default,N-nobc--w-int8--a-int8--default_no_bias_correction,66.656667,69.316667,0.763736,0.803848,2.66,1.106667,4.291667,2.2,0.022983,86,,,,,,,True
resnet18,recon,adaround,N-default--w-fp6_e2m3--a-fp6_e2m3--default,N-nobc--w-posit8_es1--a-posit8_es1--default_no_bias_correction,66.656667,69.241667,0.777159,0.817477,2.585,1.158292,4.085042,2.6,0.004868,80,,,,,,,True
resnet18,recon,adaround,N-default--w-int6--a-int6--default,N-default--w-int8--a-int8--default,65.891667,69.216667,0.774799,0.812972,3.325,1.833125,4.85,3.4,0.000266,84,,,,,,,True
resnet18,recon,adaround,N-default--w-int6--a-int6--default,N-default--w-posit8_es1--a-posit8_es1--default,65.891667,69.633333,0.775676,0.815371,3.741667,2.366667,5.191667,3.9,2.2e-05,83,,,,,,,True
resnet18,recon,adaround,N-default--w-int6--a-int6--default,N-minimal--w-fp6_e2m3--a-fp6_e2m3--minimal,65.891667,68.000952,0.725191,0.759713,2.109286,0.500929,3.772155,1.8,0.101433,108,,,,,,,True
resnet18,recon,adaround,N-default--w-int6--a-int6--default,N-minimal--w-int4--a-int4--minimal,65.891667,17.139623,0.385528,0.216609,-48.752044,-51.529401,-45.937839,-47.2,0.0,518,,,,,,,True
resnet18,recon,adaround,N-default--w-int6--a-int6--default,N-minimal--w-int4--a-int8--minimal,65.891667,46.483333,0.505983,0.465039,-19.408333,-22.275208,-16.508125,-18.5,0.0,289,,,,,,,True
resnet18,recon,adaround,N-default--w-int6--a-int6--default,N-minimal--w-int6--a-int6--minimal,65.891667,65.831667,0.708642,0.739299,-0.06,-1.755,1.595,0.4,0.782556,118,,,,,,,True
resnet18,recon,adaround,N-default--w-int6--a-int6--default,N-minimal--w-int8--a-int8--minimal,65.891667,69.72,0.748663,0.790452,3.828333,2.261583,5.436792,4.2,1.7e-05,94,,,,,,,True
resnet18,recon,adaround,N-default--w-int6--a-int6--default,N-nobc--w-fp6_e2m3--a-fp6_e2m3--default_no_bias_correction,65.891667,67.978333,0.718987,0.753118,2.086667,0.533208,3.67,1.7,0.128475,111,,,,,,,True
resnet18,recon,adaround,N-default--w-int6--a-int6--default,N-nobc--w-int4--a-int4--default_no_bias_correction,65.891667,27.783477,0.43843,0.349634,-38.10819,-40.82604,-35.346654,-36.7,0.0,415,,,,,,,True
resnet18,recon,adaround,N-default--w-int6--a-int6--default,N-nobc--w-int4--a-int8--default_no_bias_correction,65.891667,53.466667,0.604743,0.608411,-12.425,-14.891667,-10.016458,-11.6,0.0,200,,,,,,,True
resnet18,recon,adaround,N-default--w-int6--a-int6--default,N-nobc--w-int4--a-int8--default_no_bias_correction--mse_per_layer,65.891667,18.983333,0.397343,0.253511,-46.908333,-49.975,-43.808333,-46.1,0.0,499,,,,,,,True
resnet18,recon,adaround,N-default--w-int6--a-int6--default,N-nobc--w-int6--a-int6--default_no_bias_correction,65.891667,66.503333,0.712846,0.746536,0.611667,-1.146667,2.358333,1.6,0.159762,114,,,,,,,True
resnet18,recon,adaround,N-default--w-int6--a-int6--default,N-nobc--w-int8--a-int8--default_no_bias_correction,65.891667,69.316667,0.759358,0.799447,3.425,1.858333,5.008542,3.8,7.7e-05,90,,,,,,,True
resnet18,recon,adaround,N-default--w-int6--a-int6--default,N-nobc--w-posit8_es1--a-posit8_es1--default_no_bias_correction,65.891667,69.241667,0.748663,0.790452,3.35,1.866667,4.85,4.2,1.7e-05,94,,,,,,,True
resnet18,recon,adaround,N-default--w-int8--a-int8--default,N-default--w-posit8_es1--a-posit8_es1--default,69.216667,69.633333,0.94081,0.955771,0.416667,-0.433333,1.23375,0.5,0.359283,19,-3.291667,-4.383333,-2.225,,,,True
resnet18,recon,adaround,N-default--w-int8--a-int8--default,N-minimal--w-fp6_e2m3--a-fp6_e2m3--minimal,69.216667,68.000952,0.779006,0.817382,-1.215714,-2.668101,0.248333,-1.6,0.092912,80,-12.187381,-14.024048,-10.440714,,,,True
resnet18,recon,adaround,N-default--w-int8--a-int8--default,N-minimal--w-int4--a-int4--minimal,69.216667,17.139623,0.35,0.204815,-52.077044,-54.964458,-49.141593,-50.6,0.0,546,,,,,,,True
resnet18,recon,adaround,N-default--w-int8--a-int8--default,N-minimal--w-int4--a-int8--minimal,69.216667,46.483333,0.473043,0.451898,-22.733333,-25.75,-19.699583,-21.9,0.0,303,-47.341667,-50.4,-44.375,-46.9,0.0,479,True
resnet18,recon,adaround,N-default--w-int8--a-int8--default,N-minimal--w-int6--a-int6--minimal,69.216667,65.831667,0.722513,0.761921,-3.385,-5.016708,-1.779958,-3.0,0.004619,106,-14.118333,-16.118375,-12.183333,,,,True
resnet18,recon,adaround,N-default--w-int8--a-int8--default,N-minimal--w-int8--a-int8--minimal,69.216667,69.72,0.919505,0.939393,0.503333,-0.29,1.303333,0.8,0.168638,26,-1.071667,-2.093333,-0.116667,-0.7,0.336784,39,True
resnet18,recon,adaround,N-default--w-int8--a-int8--default,N-nobc--w-fp6_e2m3--a-fp6_e2m3--default_no_bias_correction,69.216667,67.978333,0.781768,0.819897,-1.238333,-2.616667,0.148417,-1.7,0.071163,79,,,,,,,True
resnet18,recon,adaround,N-default--w-int8--a-int8--default,N-nobc--w-int4--a-int4--default_no_bias_correction,69.216667,27.783477,0.394309,0.317361,-41.43319,-44.186098,-38.621819,-40.1,0.0,447,,,,,,,True
resnet18,recon,adaround,N-default--w-int8--a-int8--default,N-nobc--w-int4--a-int8--default_no_bias_correction,69.216667,53.466667,0.581301,0.60618,-15.75,-18.3,-13.282917,-15.0,0.0,206,-33.533333,-36.433542,-30.7,-33.3,0.0,351,True
resnet18,recon,adaround,N-default--w-int8--a-int8--default,N-nobc--w-int4--a-int8--default_no_bias_correction--mse_per_layer,69.216667,18.983333,0.36618,0.257478,-50.233333,-53.333542,-47.05,-49.5,0.0,521,-75.933333,-78.483333,-73.408333,-75.6,0.0,762,True
resnet18,recon,adaround,N-default--w-int8--a-int8--default,N-nobc--w-int6--a-int6--default_no_bias_correction,69.216667,66.503333,0.760218,0.799536,-2.713333,-4.228375,-1.216667,-1.8,0.069346,88,-11.83,-13.725125,-10.008333,,,,True
resnet18,recon,adaround,N-default--w-int8--a-int8--default,N-nobc--w-int8--a-int8--default_no_bias_correction,69.216667,69.316667,0.956113,0.967432,0.1,-0.5,0.7,0.4,0.42395,14,-0.425,-1.275,0.425,-0.4,0.541256,24,True
resnet18,recon,adaround,N-default--w-int8--a-int8--default,N-nobc--w-posit8_es1--a-posit8_es1--default_no_bias_correction,69.216667,69.241667,0.91358,0.934717,0.025,-0.825,0.866875,0.8,0.184933,28,-3.541667,-4.708333,-2.4,,,,True
resnet18,recon,adaround,N-default--w-posit8_es1--a-posit8_es1--default,N-minimal--w-fp6_e2m3--a-fp6_e2m3--minimal,69.633333,68.000952,0.805085,0.842383,-1.632381,-2.948815,-0.319024,-2.1,0.015432,69,-8.895714,-10.578351,-7.189958,,,,True
resnet18,recon,adaround,N-default--w-posit8_es1--a-posit8_es1--default,N-minimal--w-int4--a-int4--minimal,69.633333,17.139623,0.344048,0.200647,-52.493711,-55.282901,-49.652811,-51.1,0.0,551,,,,,,,True
resnet18,recon,adaround,N-default--w-posit8_es1--a-posit8_es1--default,N-minimal--w-int4--a-int8--minimal,69.633333,46.483333,0.472028,0.456773,-23.15,-26.066667,-20.183333,-22.4,0.0,302,-44.05,-47.058333,-41.075,,,,True
resnet18,recon,adaround,N-default--w-posit8_es1--a-posit8_es1--default,N-minimal--w-int6--a-int6--minimal,69.633333,65.831667,0.732095,0.773112,-3.801667,-5.430042,-2.203292,-3.5,0.000641,101,-10.826667,-12.815042,-8.891667,,,,True
resnet18,recon,adaround,N-default--w-posit8_es1--a-posit8_es1--default,N-minimal--w-int8--a-int8--minimal,69.633333,69.72,0.921875,0.941323,0.086667,-0.816667,1.006667,0.3,0.690038,25,2.22,0.991625,3.478333,,,,True
resnet18,recon,adaround,N-default--w-posit8_es1--a-posit8_es1--default,N-nobc--w-fp6_e2m3--a-fp6_e2m3--default_no_bias_correction,69.633333,67.978333,0.813031,0.849515,-1.655,-2.86,-0.45,-2.2,0.00921,66,,,,,,,True
resnet18,recon,adaround,N-default--w-posit8_es1--a-posit8_es1--default,N-nobc--w-int4--a-int4--default_no_bias_correction,69.633333,27.783477,0.389417,0.316722,-41.849856,-44.589805,-39.110743,-40.6,0.0,450,,,,,,,True
resnet18,recon,adaround,N-default--w-posit8_es1--a-posit8_es1--default,N-nobc--w-int4--a-int8--default_no_bias_correction,69.633333,53.466667,0.564777,0.588541,-16.166667,-18.683333,-13.7,-15.5,0.0,215,-30.241667,-33.183333,-27.333125,,,,True
resnet18,recon,adaround,N-default--w-posit8_es1--a-posit8_es1--default,N-nobc--w-int4--a-int8--default_no_bias_correction--mse_per_layer,69.633333,18.983333,0.358445,0.247849,-50.65,-53.708333,-47.574792,-50.0,0.0,528,-72.641667,-75.216667,-70.075,,,,True
resnet18,recon,adaround,N-default--w-posit8_es1--a-posit8_es1--default,N-nobc--w-int6--a-int6--default_no_bias_correction,69.633333,66.503333,0.775623,0.815281,-3.13,-4.588417,-1.699958,-2.3,0.013999,81,-8.538333,-10.34675,-6.733333,,,,True
resnet18,recon,adaround,N-default--w-posit8_es1--a-posit8_es1--default,N-nobc--w-int8--a-int8--default_no_bias_correction,69.633333,69.316667,0.928349,0.946191,-0.316667,-1.216667,0.566667,-0.1,1.0,23,2.866667,1.633333,4.116667,,,,True
resnet18,recon,adaround,N-default--w-posit8_es1--a-posit8_es1--default,N-nobc--w-posit8_es1--a-posit8_es1--default_no_bias_correction,69.633333,69.241667,0.933962,0.950715,-0.391667,-1.133333,0.341667,0.3,0.663624,21,-0.25,-1.2,0.733333,,,,True
resnet18,recon,adaround,N-minimal--w-fp6_e2m3--a-fp6_e2m3--minimal,N-minimal--w-int4--a-int4--minimal,68.000952,17.139623,0.370679,0.223637,-50.86133,-53.602483,-48.12284,-49.0,0.0,528,,,,,,,True
resnet18,recon,adaround,N-minimal--w-fp6_e2m3--a-fp6_e2m3--minimal,N-minimal--w-int4--a-int8--minimal,68.000952,46.483333,0.472696,0.431,-21.517619,-24.430399,-18.614982,-20.3,0.0,309,-35.154286,-38.185,-32.154518,,,,True
resnet18,recon,adaround,N-minimal--w-fp6_e2m3--a-fp6_e2m3--minimal,N-minimal--w-int6--a-int6--minimal,68.000952,65.831667,0.728205,0.763217,-2.169286,-3.768357,-0.663333,-1.4,0.206498,106,-1.930952,-3.893357,-0.034982,,,,True
resnet18,recon,adaround,N-minimal--w-fp6_e2m3--a-fp6_e2m3--minimal,N-minimal--w-int8--a-int8--minimal,68.000952,69.72,0.79661,0.835395,1.719048,0.333244,3.108393,2.4,0.00631,72,11.115714,9.37306,12.918179,,,,True
resnet18,recon,adaround,N-minimal--w-fp6_e2m3--a-fp6_e2m3--minimal,N-nobc--w-fp6_e2m3--a-fp6_e2m3--default_no_bias_correction,68.000952,67.978333,0.831025,0.862162,-0.022619,-1.176268,1.122381,-0.1,1.0,61,,,,,,,True
resnet18,recon,adaround,N-minimal--w-fp6_e2m3--a-fp6_e2m3--minimal,N-nobc--w-int4--a-int4--default_no_bias_correction,68.000952,27.783477,0.412162,0.325307,-40.217475,-42.933143,-37.500051,-38.5,0.0,435,,,,,,,True
resnet18,recon,adaround,N-minimal--w-fp6_e2m3--a-fp6_e2m3--minimal,N-nobc--w-int4--a-int8--default_no_bias_correction,68.000952,53.466667,0.556863,0.558133,-14.534286,-17.133333,-11.962857,-13.4,0.0,226,-21.345952,-24.313375,-18.418315,,,,True
resnet18,recon,adaround,N-minimal--w-fp6_e2m3--a-fp6_e2m3--minimal,N-nobc--w-int4--a-int8--default_no_bias_correction--mse_per_layer,68.000952,18.983333,0.373945,0.232802,-49.017619,-52.086756,-45.965845,-47.9,0.0,519,-63.745952,-66.560042,-60.952595,,,,True
resnet18,recon,adaround,N-minimal--w-fp6_e2m3--a-fp6_e2m3--minimal,N-nobc--w-int6--a-int6--default_no_bias_correction,68.000952,66.503333,0.784367,0.819373,-1.497619,-2.956964,-0.036899,-0.2,0.911072,80,0.357381,-1.459304,2.141494,,,,True
resnet18,recon,adaround,N-minimal--w-fp6_e2m3--a-fp6_e2m3--minimal,N-nobc--w-int8--a-int8--default_no_bias_correction,68.000952,69.316667,0.78273,0.821722,1.315714,-0.059577,2.726435,2.0,0.030786,78,11.762381,10.029917,13.578815,,,,True
resnet18,recon,adaround,N-minimal--w-fp6_e2m3--a-fp6_e2m3--minimal,N-nobc--w-posit8_es1--a-posit8_es1--default_no_bias_correction,68.000952,69.241667,0.791549,0.83078,1.240714,-0.081673,2.542167,2.4,0.007084,74,8.645714,6.964952,10.367423,,,,True
resnet18,recon,adaround,N-minimal--w-int4--a-int4--minimal,N-minimal--w-int4--a-int8--minimal,17.139623,46.483333,0.604982,0.38054,29.343711,26.696052,32.041569,28.7,0.0,333,,,,,,,True
resnet18,recon,adaround,N-minimal--w-int4--a-int4--minimal,N-minimal--w-int6--a-int6--minimal,17.139623,65.831667,0.382423,0.218734,48.692044,45.926814,51.554643,47.6,0.0,520,,,,,,,True
resnet18,recon,adaround,N-minimal--w-int4--a-int4--minimal,N-minimal--w-int8--a-int8--minimal,17.139623,69.72,0.340476,0.198142,52.580377,49.679964,55.449764,51.4,0.0,554,,,,,,,True
resnet18,recon,adaround,N-minimal--w-int4--a-int4--minimal,N-nobc--w-fp6_e2m3--a-fp6_e2m3--default_no_bias_correction,17.139623,67.978333,0.370238,0.21893,50.838711,48.084399,53.539477,48.9,0.0,529,,,,,,,True
resnet18,recon,adaround,N-minimal--w-int4--a-int4--minimal,N-nobc--w-int4--a-int4--default_no_bias_correction,17.139623,27.783477,0.709354,0.292341,10.643854,8.351697,12.979451,10.5,0.0,261,,,,,,,True
resnet18,recon,adaround,N-minimal--w-int4--a-int4--minimal,N-nobc--w-int4--a-int8--default_no_bias_correction,17.139623,53.466667,0.507042,0.2689,36.327044,33.302841,39.267083,35.6,0.0,420,,,,,,,True
resnet18,recon,adaround,N-minimal--w-int4--a-int4--minimal,N-nobc--w-int4--a-int8--default_no_bias_correction--mse_per_layer,17.139623,18.983333,0.742246,0.202755,1.843711,-0.665106,4.400538,1.1,0.519559,241,,,,,,,True
resnet18,recon,adaround,N-minimal--w-int4--a-int4--minimal,N-nobc--w-int6--a-int6--default_no_bias_correction,17.139623,66.503333,0.369798,0.214231,49.363711,46.524813,52.192164,48.8,0.0,530,,,,,,,True
resnet18,recon,adaround,N-minimal--w-int4--a-int4--minimal,N-nobc--w-int8--a-int8--default_no_bias_correction,17.139623,69.316667,0.345238,0.201481,52.177044,49.262996,55.035893,51.0,0.0,550,,,,,,,True
resnet18,recon,adaround,N-minimal--w-int4--a-int4--minimal,N-nobc--w-posit8_es1--a-posit8_es1--default_no_bias_correction,17.139623,69.241667,0.342074,0.20379,52.102044,49.29623,54.901529,51.4,0.0,552,,,,,,,True
resnet18,recon,adaround,N-minimal--w-int4--a-int8--minimal,N-minimal--w-int6--a-int6--minimal,46.483333,65.831667,0.47395,0.416232,19.348333,16.281458,22.381792,18.9,0.0,313,33.223333,30.09825,36.44175,,,,True
resnet18,recon,adaround,N-minimal--w-int4--a-int8--minimal,N-minimal--w-int8--a-int8--minimal,46.483333,69.72,0.469352,0.456269,23.236667,20.233,26.2435,22.7,0.0,303,46.27,43.306667,49.336667,46.2,0.0,470,True
resnet18,recon,adaround,N-minimal--w-int4--a-int8--minimal,N-nobc--w-fp6_e2m3--a-fp6_e2m3--default_no_bias_correction,46.483333,67.978333,0.469388,0.424141,21.495,18.508292,24.38175,20.2,0.0,312,,,,,,,True
resnet18,recon,adaround,N-minimal--w-int4--a-int8--minimal,N-nobc--w-int4--a-int4--default_no_bias_correction,46.483333,27.783477,0.558052,0.292631,-18.699856,-21.699903,-15.753577,-18.2,0.0,354,,,,,,,True
resnet18,recon,adaround,N-minimal--w-int4--a-int8--minimal,N-nobc--w-int4--a-int8--default_no_bias_correction,46.483333,53.466667,0.585056,0.485066,6.983333,3.933333,10.017083,6.9,2.3e-05,261,13.808333,10.483125,17.2,13.6,0.0,332,True
resnet18,recon,adaround,N-minimal--w-int4--a-int8--minimal,N-nobc--w-int4--a-int8--default_no_bias_correction--mse_per_layer,46.483333,18.983333,0.578824,0.310036,-27.5,-30.666875,-24.266667,-27.6,0.0,358,-28.591667,-31.908333,-25.358333,-28.7,0.0,383,True
resnet18,recon,adaround,N-minimal--w-int4--a-int8--minimal,N-nobc--w-int6--a-int6--default_no_bias_correction,46.483333,66.503333,0.451342,0.391756,20.02,16.884958,23.12,20.1,0.0,327,35.511667,32.306583,38.733333,,,,True
resnet18,recon,adaround,N-minimal--w-int4--a-int8--minimal,N-nobc--w-int8--a-int8--default_no_bias_correction,46.483333,69.316667,0.468641,0.449722,22.833333,19.783333,25.85,22.3,0.0,305,46.916667,43.916667,49.983333,46.5,0.0,481,True
resnet18,recon,adaround,N-minimal--w-int4--a-int8--minimal,N-nobc--w-posit8_es1--a-posit8_es1--default_no_bias_correction,46.483333,69.241667,0.477113,0.469318,22.758333,19.833333,25.65,22.7,0.0,297,43.8,40.816667,46.858333,,,,True
resnet18,recon,adaround,N-minimal--w-int6--a-int6--minimal,N-minimal--w-int8--a-int8--minimal,65.831667,69.72,0.728723,0.77079,3.888333,2.243333,5.536667,3.8,0.000213,102,13.046667,11.078292,15.051667,,,,True
resnet18,recon,adaround,N-minimal--w-int6--a-int6--minimal,N-nobc--w-fp6_e2m3--a-fp6_e2m3--default_no_bias_correction,65.831667,67.978333,0.762402,0.796881,2.146667,0.728333,3.628375,1.3,0.208174,91,,,,,,,True
resnet18,recon,adaround,N-minimal--w-int6--a-int6--minimal,N-nobc--w-int4--a-int4--default_no_bias_correction,65.831667,27.783477,0.434959,0.349934,-38.04819,-40.756902,-35.309583,-37.1,0.0,417,,,,,,,True
resnet18,recon,adaround,N-minimal--w-int6--a-int6--minimal,N-nobc--w-int4--a-int8--default_no_bias_correction,65.831667,53.466667,0.562863,0.554587,-12.365,-15.028417,-9.734958,-12.0,0.0,226,-19.415,-22.56,-16.313083,,,,True
resnet18,recon,adaround,N-minimal--w-int6--a-int6--minimal,N-nobc--w-int4--a-int8--default_no_bias_correction--mse_per_layer,65.831667,18.983333,0.387485,0.234045,-46.848333,-49.935125,-43.736625,-46.5,0.0,509,-61.815,-64.810125,-58.851542,,,,True
resnet18,recon,adaround,N-minimal--w-int6--a-int6--minimal,N-nobc--w-int6--a-int6--default_no_bias_correction,65.831667,66.503333,0.802667,0.834968,0.671667,-0.733333,2.121667,1.2,0.200678,74,2.288333,0.533333,4.03,,,,True
resnet18,recon,adaround,N-minimal--w-int6--a-int6--minimal,N-nobc--w-int8--a-int8--default_no_bias_correction,65.831667,69.316667,0.734748,0.775409,3.485,1.863333,5.108375,3.4,0.000874,100,13.693333,11.726667,15.705,,,,True
resnet18,recon,adaround,N-minimal--w-int6--a-int6--minimal,N-nobc--w-posit8_es1--a-posit8_es1--default_no_bias_correction,65.831667,69.241667,0.724138,0.766222,3.41,1.801542,5.021667,3.8,0.000247,104,10.576667,8.603292,12.635,,,,True
resnet18,recon,adaround,N-minimal--w-int8--a-int8--minimal,N-nobc--w-fp6_e2m3--a-fp6_e2m3--default_no_bias_correction,69.72,67.978333,0.799435,0.837955,-1.741667,-3.101667,-0.416667,-2.5,0.004065,71,,,,,,,True
resnet18,recon,adaround,N-minimal--w-int8--a-int8--minimal,N-nobc--w-int4--a-int4--default_no_bias_correction,69.72,27.783477,0.383469,0.308665,-41.936523,-44.711677,-39.151251,-40.9,0.0,455,,,,,,,True
resnet18,recon,adaround,N-minimal--w-int8--a-int8--minimal,N-nobc--w-int4--a-int8--default_no_bias_correction,69.72,53.466667,0.574642,0.604899,-16.253333,-18.79,-13.77325,-15.8,0.0,208,-32.461667,-35.425042,-29.558333,-32.6,0.0,350,True
resnet18,recon,adaround,N-minimal--w-int8--a-int8--minimal,N-nobc--w-int4--a-int8--default_no_bias_correction--mse_per_layer,69.72,18.983333,0.356448,0.250879,-50.736667,-53.858333,-47.609833,-50.3,0.0,529,-74.861667,-77.450083,-72.27325,-74.9,0.0,753,True
resnet18,recon,adaround,N-minimal--w-int8--a-int8--minimal,N-nobc--w-int6--a-int6--default_no_bias_correction,69.72,66.503333,0.782123,0.822085,-3.216667,-4.695042,-1.758333,-2.6,0.004335,78,-10.758333,-12.596667,-9.025,,,,True
resnet18,recon,adaround,N-minimal--w-int8--a-int8--minimal,N-nobc--w-int8--a-int8--default_no_bias_correction,69.72,69.316667,0.943218,0.957816,-0.403333,-1.193417,0.366667,-0.4,0.480682,18,0.646667,-0.3,1.55675,0.3,0.728332,33,True
resnet18,recon,adaround,N-minimal--w-int8--a-int8--minimal,N-nobc--w-posit8_es1--a-posit8_es1--default_no_bias_correction,69.72,69.241667,0.9125,0.934075,-0.478333,-1.378333,0.413333,0.0,1.0,28,-2.47,-3.7,-1.249958,,,,True
resnet18,recon,adaround,N-nobc--w-fp6_e2m3--a-fp6_e2m3--default_no_bias_correction,N-nobc--w-int4--a-int4--default_no_bias_correction,67.978333,27.783477,0.423129,0.349938,-40.194856,-42.872709,-37.496787,-38.4,0.0,424,,,,,,,True
resnet18,recon,adaround,N-nobc--w-fp6_e2m3--a-fp6_e2m3--default_no_bias_correction,N-nobc--w-int4--a-int8--default_no_bias_correction,67.978333,53.466667,0.571146,0.577034,-14.511667,-17.01175,-12.033333,-13.3,0.0,217,,,,,,,True
resnet18,recon,adaround,N-nobc--w-fp6_e2m3--a-fp6_e2m3--default_no_bias_correction,N-nobc--w-int4--a-int8--default_no_bias_correction--mse_per_layer,67.978333,18.983333,0.375151,0.233656,-48.995,-52.066667,-45.923333,-47.8,0.0,518,,,,,,,True
resnet18,recon,adaround,N-nobc--w-fp6_e2m3--a-fp6_e2m3--default_no_bias_correction,N-nobc--w-int6--a-int6--default_no_bias_correction,67.978333,66.503333,0.787062,0.821759,-1.475,-2.9,-0.066667,-0.1,1.0,79,,,,,,,True
resnet18,recon,adaround,N-nobc--w-fp6_e2m3--a-fp6_e2m3--default_no_bias_correction,N-nobc--w-int8--a-int8--default_no_bias_correction,67.978333,69.316667,0.790503,0.828858,1.338333,-0.036667,2.705042,2.1,0.020298,75,,,,,,,True
resnet18,recon,adaround,N-nobc--w-fp6_e2m3--a-fp6_e2m3--default_no_bias_correction,N-nobc--w-posit8_es1--a-posit8_es1--default_no_bias_correction,67.978333,69.241667,0.794366,0.833344,1.263333,0.016583,2.513333,2.5,0.004626,73,,,,,,,True
resnet18,recon,adaround,N-nobc--w-int4--a-int4--default_no_bias_correction,N-nobc--w-int4--a-int8--default_no_bias_correction,27.783477,53.466667,0.574099,0.436387,25.68319,23.089404,28.239355,25.1,0.0,319,,,,,,,True
resnet18,recon,adaround,N-nobc--w-int4--a-int4--default_no_bias_correction,N-nobc--w-int4--a-int8--default_no_bias_correction--mse_per_layer,27.783477,18.983333,0.676568,0.206063,-8.800144,-11.529977,-6.117938,-9.4,0.0,294,,,,,,,True
resnet18,recon,adaround,N-nobc--w-int4--a-int4--default_no_bias_correction,N-nobc--w-int6--a-int6--default_no_bias_correction,27.783477,66.503333,0.42449,0.351012,38.719856,35.97808,41.418601,38.3,0.0,423,,,,,,,True
resnet18,recon,adaround,N-nobc--w-int4--a-int4--default_no_bias_correction,N-nobc--w-int8--a-int8--default_no_bias_correction,27.783477,69.316667,0.388889,0.313015,41.53319,38.67279,44.309539,40.5,0.0,451,,,,,,,True
resnet18,recon,adaround,N-nobc--w-int4--a-int4--default_no_bias_correction,N-nobc--w-posit8_es1--a-posit8_es1--default_no_bias_correction,27.783477,69.241667,0.385346,0.313472,41.45819,38.702377,44.17641,40.9,0.0,453,,,,,,,True
resnet18,recon,adaround,N-nobc--w-int4--a-int8--default_no_bias_correction,N-nobc--w-int4--a-int8--default_no_bias_correction--mse_per_layer,53.466667,18.983333,0.533735,0.34496,-34.483333,-37.566875,-31.358125,-34.5,0.0,387,-42.4,-45.641667,-39.183333,-42.3,0.0,461,True
resnet18,recon,adaround,N-nobc--w-int4--a-int8--default_no_bias_correction,N-nobc--w-int6--a-int6--default_no_bias_correction,53.466667,66.503333,0.542636,0.536298,13.036667,10.361583,15.74175,13.2,0.0,236,21.703333,18.589917,24.825083,,,,True
resnet18,recon,adaround,N-nobc--w-int4--a-int8--default_no_bias_correction,N-nobc--w-int8--a-int8--default_no_bias_correction,53.466667,69.316667,0.573171,0.599012,15.85,13.35,18.383333,15.4,0.0,210,33.108333,30.175,36.05,32.9,0.0,357,True
resnet18,recon,adaround,N-nobc--w-int4--a-int8--default_no_bias_correction,N-nobc--w-posit8_es1--a-posit8_es1--default_no_bias_correction,53.466667,69.241667,0.565041,0.591845,15.775,13.291667,18.3,15.8,0.0,214,29.991667,27.058125,32.966667,,,,True
resnet18,recon,adaround,N-nobc--w-int4--a-int8--default_no_bias_correction--mse_per_layer,N-nobc--w-int6--a-int6--default_no_bias_correction,18.983333,66.503333,0.373045,0.223706,47.52,44.394917,50.620083,47.7,0.0,521,64.103333,61.241625,66.995083,,,,True
resnet18,recon,adaround,N-nobc--w-int4--a-int8--default_no_bias_correction--mse_per_layer,N-nobc--w-int8--a-int8--default_no_bias_correction,18.983333,69.316667,0.361314,0.254179,50.333333,47.166667,53.475,49.9,0.0,525,75.508333,72.95,78.058333,75.2,0.0,758,True
resnet18,recon,adaround,N-nobc--w-int4--a-int8--default_no_bias_correction--mse_per_layer,N-nobc--w-posit8_es1--a-posit8_es1--default_no_bias_correction,18.983333,69.241667,0.3548,0.245359,50.258333,47.191667,53.383333,50.3,0.0,531,72.391667,69.799792,75.033333,,,,True
resnet18,recon,adaround,N-nobc--w-int6--a-int6--default_no_bias_correction,N-nobc--w-int8--a-int8--default_no_bias_correction,66.503333,69.316667,0.768595,0.808439,2.813333,1.343292,4.326667,2.2,0.021383,84,11.405,9.609958,13.305,,,,True
resnet18,recon,adaround,N-nobc--w-int6--a-int6--default_no_bias_correction,N-nobc--w-posit8_es1--a-posit8_es1--default_no_bias_correction,66.503333,69.241667,0.767313,0.808261,2.738333,1.341625,4.175042,2.6,0.006038,84,8.288333,6.525,10.063375,,,,True
resnet18,recon,adaround,N-nobc--w-int8--a-int8--default_no_bias_correction,N-nobc--w-posit8_es1--a-posit8_es1--default_no_bias_correction,69.316667,69.241667,0.919003,0.939049,-0.075,-0.908333,0.741875,0.4,0.557197,26,-3.116667,-4.35,-1.933333,,,,True
resnet18,sweep,resnet18-fp6_e2m3-default-b2,control,f21,66.528333,66.86,0.877493,0.902686,0.331667,-0.571667,1.246667,-0.1,1.0,43,-0.074167,-1.190833,1.073333,-0.7,0.470369,69,True
resnet18,sweep,resnet18-fp6_e2m3-default-b2,control,fp16.x-1,66.528333,66.833333,0.856742,0.884778,0.305,-0.695,1.346708,-0.3,0.779768,51,0.115,-1.120042,1.375,-0.7,0.488683,75,True
resnet18,sweep,resnet18-fp6_e2m3-default-b2,control,sat.w15,66.528333,58.442619,0.648352,0.674605,-8.085714,-10.062167,-6.10544,-9.2,0.0,160,-14.264762,-16.554774,-11.968101,-15.8,0.0,222,True
resnet18,sweep,resnet18-fp6_e2m3-default-b2,control,sat.w16,66.528333,65.203333,0.817942,0.849385,-1.325,-2.51,-0.13325,-3.1,0.000244,69,-1.951667,-3.37,-0.524958,-3.4,0.000874,100,True
resnet18,sweep,resnet18-fp6_e2m3-default-b2,control,sat.w17,66.528333,66.511667,0.908046,0.927943,-0.016667,-0.775,0.735,-0.6,0.377086,32,-0.593333,-1.593375,0.388375,-0.5,0.590053,55,True
resnet18,sweep,resnet18-fp6_e2m3-default-b2,control,sat.w18,66.528333,66.528333,1.0,1.0,0.0,0.0,0.0,0.0,1.0,0,0.0,0.0,0.0,0.0,1.0,0,True
resnet18,sweep,resnet18-fp6_e2m3-default-b2,control,sat.w19,66.528333,66.528333,1.0,1.0,0.0,0.0,0.0,0.0,1.0,0,0.0,0.0,0.0,0.0,1.0,0,True
resnet18,sweep,resnet18-fp6_e2m3-default-b2,control,wide,66.528333,66.528333,1.0,1.0,0.0,0.0,0.0,0.0,1.0,0,0.0,0.0,0.0,0.0,1.0,0,True
resnet18,sweep,resnet18-fp6_e2m3-default-b2,f21,fp16.x-1,66.86,66.833333,0.859551,0.887112,-0.026667,-0.965,0.915125,-0.2,0.887725,50,0.189167,-0.931687,1.311729,0.0,1.0,74,True
resnet18,sweep,resnet18-fp6_e2m3-default-b2,f21,sat.w15,66.86,58.442619,0.668889,0.698117,-8.417381,-10.411518,-6.439994,-9.1,0.0,149,-14.190595,-16.496387,-11.923929,-15.1,0.0,215,True
resnet18,sweep,resnet18-fp6_e2m3-default-b2,f21,sat.w16,66.86,65.203333,0.825397,0.855996,-1.656667,-2.855042,-0.445,-3.0,0.000287,66,-1.8775,-3.318333,-0.475792,-2.7,0.008634,99,True
resnet18,sweep,resnet18-fp6_e2m3-default-b2,f21,sat.w17,66.86,66.511667,0.894587,0.916706,-0.348333,-1.241708,0.545042,-0.5,0.511376,37,-0.519167,-1.57925,0.568354,0.2,0.899076,62,True
resnet18,sweep,resnet18-fp6_e2m3-default-b2,f21,sat.w18,66.86,66.528333,0.877493,0.902686,-0.331667,-1.246667,0.571667,0.1,1.0,43,0.074167,-1.073333,1.190833,0.7,0.470369,69,True
resnet18,sweep,resnet18-fp6_e2m3-default-b2,f21,sat.w19,66.86,66.528333,0.877493,0.902686,-0.331667,-1.246667,0.571667,0.1,1.0,43,0.074167,-1.073333,1.190833,0.7,0.470369,69,True
resnet18,sweep,resnet18-fp6_e2m3-default-b2,f21,wide,66.86,66.528333,0.877493,0.902686,-0.331667,-1.246667,0.571667,0.1,1.0,43,0.074167,-1.073333,1.190833,0.7,0.470369,69,True
resnet18,sweep,resnet18-fp6_e2m3-default-b2,fp16.x-1,sat.w15,66.833333,58.442619,0.665929,0.69343,-8.390714,-10.448143,-6.402381,-8.9,0.0,151,-14.379762,-16.681917,-12.069976,-15.1,0.0,217,True
resnet18,sweep,resnet18-fp6_e2m3-default-b2,fp16.x-1,sat.w16,66.833333,65.203333,0.821053,0.851505,-1.63,-2.840042,-0.433333,-2.8,0.000914,68,-2.066667,-3.44675,-0.658292,-2.7,0.006695,93,True
resnet18,sweep,resnet18-fp6_e2m3-default-b2,fp16.x-1,sat.w17,66.833333,66.511667,0.868347,0.894298,-0.321667,-1.263417,0.623375,-0.3,0.770867,47,-0.708333,-1.875,0.491667,0.2,0.904975,70,True
resnet18,sweep,resnet18-fp6_e2m3-default-b2,fp16.x-1,sat.w18,66.833333,66.528333,0.856742,0.884778,-0.305,-1.346708,0.695,0.3,0.779768,51,-0.115,-1.375,1.120042,0.7,0.488683,75,True
resnet18,sweep,resnet18-fp6_e2m3-default-b2,fp16.x-1,sat.w19,66.833333,66.528333,0.856742,0.884778,-0.305,-1.346708,0.695,0.3,0.779768,51,-0.115,-1.375,1.120042,0.7,0.488683,75,True
resnet18,sweep,resnet18-fp6_e2m3-default-b2,fp16.x-1,wide,66.833333,66.528333,0.856742,0.884778,-0.305,-1.346708,0.695,0.3,0.779768,51,-0.115,-1.375,1.120042,0.7,0.488683,75,True
resnet18,sweep,resnet18-fp6_e2m3-default-b2,sat.w15,sat.w16,58.442619,65.203333,0.701525,0.7192,6.760714,4.882363,8.628351,6.1,0.0,137,12.313095,10.197042,14.444101,12.4,0.0,196,True
resnet18,sweep,resnet18-fp6_e2m3-default-b2,sat.w15,sat.w17,58.442619,66.511667,0.661538,0.686454,8.069048,6.082113,10.071446,8.6,0.0,154,13.671429,11.42381,15.971804,15.3,0.0,227,True
resnet18,sweep,resnet18-fp6_e2m3-default-b2,sat.w15,sat.w18,58.442619,66.528333,0.648352,0.674605,8.085714,6.10544,10.062167,9.2,0.0,160,14.264762,11.968101,16.554774,15.8,0.0,222,True
resnet18,sweep,resnet18-fp6_e2m3-default-b2,sat.w15,sat.w19,58.442619,66.528333,0.648352,0.674605,8.085714,6.10544,10.062167,9.2,0.0,160,14.264762,11.968101,16.554774,15.8,0.0,222,True
resnet18,sweep,resnet18-fp6_e2m3-default-b2,sat.w15,wide,58.442619,66.528333,0.648352,0.674605,8.085714,6.10544,10.062167,9.2,0.0,160,14.264762,11.968101,16.554774,15.8,0.0,222,True
resnet18,sweep,resnet18-fp6_e2m3-default-b2,sat.w16,sat.w17,65.203333,66.511667,0.833773,0.862482,1.308333,0.191625,2.425,2.5,0.002228,63,1.358333,0.024917,2.711708,2.9,0.003462,93,True
resnet18,sweep,resnet18-fp6_e2m3-default-b2,sat.w16,sat.w18,65.203333,66.528333,0.817942,0.849385,1.325,0.13325,2.51,3.1,0.000244,69,1.951667,0.524958,3.37,3.4,0.000874,100,True
resnet18,sweep,resnet18-fp6_e2m3-default-b2,sat.w16,sat.w19,65.203333,66.528333,0.817942,0.849385,1.325,0.13325,2.51,3.1,0.000244,69,1.951667,0.524958,3.37,3.4,0.000874,100,True
resnet18,sweep,resnet18-fp6_e2m3-default-b2,sat.w16,wide,65.203333,66.528333,0.817942,0.849385,1.325,0.13325,2.51,3.1,0.000244,69,1.951667,0.524958,3.37,3.4,0.000874,100,True
resnet18,sweep,resnet18-fp6_e2m3-default-b2,sat.w17,sat.w18,66.511667,66.528333,0.908046,0.927943,0.016667,-0.735,0.775,0.6,0.377086,32,0.593333,-0.388375,1.593375,0.5,0.590053,55,True
resnet18,sweep,resnet18-fp6_e2m3-default-b2,sat.w17,sat.w19,66.511667,66.528333,0.908046,0.927943,0.016667,-0.735,0.775,0.6,0.377086,32,0.593333,-0.388375,1.593375,0.5,0.590053,55,True
resnet18,sweep,resnet18-fp6_e2m3-default-b2,sat.w17,wide,66.511667,66.528333,0.908046,0.927943,0.016667,-0.735,0.775,0.6,0.377086,32,0.593333,-0.388375,1.593375,0.5,0.590053,55,True
resnet18,sweep,resnet18-fp6_e2m3-default-b2,sat.w18,sat.w19,66.528333,66.528333,1.0,1.0,0.0,0.0,0.0,0.0,1.0,0,0.0,0.0,0.0,0.0,1.0,0,True
resnet18,sweep,resnet18-fp6_e2m3-default-b2,sat.w18,wide,66.528333,66.528333,1.0,1.0,0.0,0.0,0.0,0.0,1.0,0,0.0,0.0,0.0,0.0,1.0,0,True
resnet18,sweep,resnet18-fp6_e2m3-default-b2,sat.w19,wide,66.528333,66.528333,1.0,1.0,0.0,0.0,0.0,0.0,1.0,0,0.0,0.0,0.0,0.0,1.0,0,True
resnet18,sweep,resnet18-fp7_e3m3-default-b2,control,f21,67.289167,67.287619,0.892128,0.915605,-0.001548,-0.839881,0.813494,0.1,1.0,37,-0.476548,-1.50825,0.548723,-0.5,0.596642,57,True
resnet18,sweep,resnet18-fp7_e3m3-default-b2,control,fp16.x-5,67.289167,67.280833,0.889535,0.91339,-0.008333,-0.875,0.841708,0.0,1.0,38,-0.2425,-1.330021,0.879167,0.5,0.620145,65,True
resnet18,sweep,resnet18-fp7_e3m3-default-b2,control,sat.w21,67.289167,16.304286,0.370414,0.241997,-50.984881,-53.996682,-47.925655,-50.8,0.0,532,-69.959881,-72.502571,-67.392432,-70.6,0.0,716,True
resnet18,sweep,resnet18-fp7_e3m3-default-b2,control,sat.w22,67.289167,61.77,0.682353,0.714599,-5.519167,-7.336708,-3.726667,-6.5,0.0,135,-14.365833,-16.542542,-12.1825,-14.9,0.0,201,True
resnet18,sweep,resnet18-fp7_e3m3-default-b2,control,sat.w23,67.289167,67.200952,0.871795,0.898118,-0.088214,-1.066452,0.891673,-0.7,0.371298,45,-1.651548,-2.880833,-0.407301,-1.9,0.024812,65,True
resnet18,sweep,resnet18-fp7_e3m3-default-b2,control,sat.w24,67.289167,67.394444,0.889855,0.913538,0.105278,-0.758333,0.948611,-0.2,0.871415,38,-0.894722,-1.894451,0.115319,-1.2,0.148006,58,True
resnet18,sweep,resnet18-fp7_e3m3-default-b2,control,sat.w25,67.289167,66.955833,0.984848,0.988713,-0.333333,-0.616667,-0.1,-0.5,0.0625,5,-0.166667,-0.483333,0.116667,0.0,1.0,6,True
resnet18,sweep,resnet18-fp7_e3m3-default-b2,control,sat.w26,67.289167,67.289167,1.0,1.0,0.0,0.0,0.0,0.0,1.0,0,0.0,0.0,0.0,0.0,1.0,0,True
resnet18,sweep,resnet18-fp7_e3m3-default-b2,control,wide,67.289167,67.289167,1.0,1.0,0.0,0.0,0.0,0.0,1.0,0,0.0,0.0,0.0,0.0,1.0,0,True
resnet18,sweep,resnet18-fp7_e3m3-default-b2,f21,fp16.x-5,67.287619,67.280833,0.903226,0.924729,-0.006786,-0.810506,0.795,-0.1,1.0,33,0.234048,-0.871789,1.348238,1.0,0.252854,62,True
resnet18,sweep,resnet18-fp7_e3m3-default-b2,f21,sat.w21,67.287619,16.304286,0.365998,0.229776,-50.983333,-53.99175,-47.879179,-50.9,0.0,537,-69.483333,-72.047387,-66.89547,-70.1,0.0,715,True
resnet18,sweep,resnet18-fp7_e3m3-default-b2,f21,sat.w22,67.287619,61.77,0.68,0.712499,-5.517619,-7.360994,-3.683256,-6.6,0.0,136,-13.889286,-16.118333,-11.634244,-14.4,0.0,208,True
resnet18,sweep,resnet18-fp7_e3m3-default-b2,f21,sat.w23,67.287619,67.200952,0.863636,0.89127,-0.086667,-1.074286,0.930256,-0.8,0.312327,48,-1.175,-2.430952,0.08028,-1.4,0.119609,70,True
resnet18,sweep,resnet18-fp7_e3m3-default-b2,f21,sat.w24,67.287619,67.394444,0.892442,0.915759,0.106825,-0.7217,0.948839,-0.3,0.742829,37,-0.418175,-1.484845,0.640351,-0.7,0.427043,57,True
resnet18,sweep,resnet18-fp7_e3m3-default-b2,f21,sat.w25,67.287619,66.955833,0.890173,0.913753,-0.331786,-1.150006,0.512979,-0.6,0.417692,38,0.309881,-0.718333,1.343256,0.5,0.596642,57,True
resnet18,sweep,resnet18-fp7_e3m3-default-b2,f21,sat.w26,67.287619,67.289167,0.892128,0.915605,0.001548,-0.813494,0.839881,-0.1,1.0,37,0.476548,-0.548723,1.50825,0.5,0.596642,57,True
resnet18,sweep,resnet18-fp7_e3m3-default-b2,f21,wide,67.287619,67.289167,0.892128,0.915605,0.001548,-0.813494,0.839881,-0.1,1.0,37,0.476548,-0.548723,1.50825,0.5,0.596642,57,True
resnet18,sweep,resnet18-fp7_e3m3-default-b2,fp16.x-5,sat.w21,67.280833,16.304286,0.368794,0.236272,-50.976548,-53.987982,-47.913247,-50.8,0.0,534,-69.717381,-72.255021,-67.167259,-71.1,0.0,719,True
resnet18,sweep,resnet18-fp7_e3m3-default-b2,fp16.x-5,sat.w22,67.280833,61.77,0.682353,0.714599,-5.510833,-7.365,-3.654979,-6.5,0.0,135,-14.123333,-16.335854,-11.939083,-15.4,0.0,202,True
resnet18,sweep,resnet18-fp7_e3m3-default-b2,fp16.x-5,sat.w23,67.280833,67.200952,0.866477,0.893585,-0.079881,-1.113929,0.978702,-0.7,0.381693,47,-1.409048,-2.740818,-0.108333,-2.4,0.008772,78,True
resnet18,sweep,resnet18-fp7_e3m3-default-b2,fp16.x-5,sat.w24,67.280833,67.394444,0.923304,0.940845,0.113611,-0.664444,0.891944,-0.2,0.845019,26,-0.652222,-1.693368,0.324465,-1.7,0.018624,47,True
resnet18,sweep,resnet18-fp7_e3m3-default-b2,fp16.x-5,sat.w25,67.280833,66.955833,0.893064,0.916064,-0.325,-1.188375,0.548333,-0.5,0.511376,37,0.075833,-1.05,1.145,-0.5,0.614655,63,True
resnet18,sweep,resnet18-fp7_e3m3-default-b2,fp16.x-5,sat.w26,67.280833,67.289167,0.889535,0.91339,0.008333,-0.841708,0.875,0.0,1.0,38,0.2425,-0.879167,1.330021,-0.5,0.620145,65,True
resnet18,sweep,resnet18-fp7_e3m3-default-b2,fp16.x-5,wide,67.280833,67.289167,0.889535,0.91339,0.008333,-0.841708,0.875,0.0,1.0,38,0.2425,-0.879167,1.330021,-0.5,0.620145,65,True
resnet18,sweep,resnet18-fp7_e3m3-default-b2,sat.w21,sat.w22,16.304286,61.77,0.450771,0.303047,45.465714,42.557149,48.456589,44.3,0.0,463,55.594048,52.723071,58.466708,55.7,0.0,575,True
resnet18,sweep,resnet18-fp7_e3m3-default-b2,sat.w21,sat.w23,16.304286,67.200952,0.373821,0.230259,50.896667,47.818167,53.961685,50.1,0.0,531,68.308333,65.73422,70.87025,68.7,0.0,699,True
resnet18,sweep,resnet18-fp7_e3m3-default-b2,sat.w21,sat.w24,16.304286,67.394444,0.371158,0.237807,51.090159,48.072825,54.081825,50.6,0.0,532,69.065159,66.479972,71.587796,69.4,0.0,704,True
resnet18,sweep,resnet18-fp7_e3m3-default-b2,sat.w21,sat.w25,16.304286,66.955833,0.376331,0.245812,50.651548,47.603798,53.667577,50.3,0.0,527,69.793214,67.240711,72.323955,70.6,0.0,716,True
resnet18,sweep,resnet18-fp7_e3m3-default-b2,sat.w21,sat.w26,16.304286,67.289167,0.370414,0.241997,50.984881,47.925655,53.996682,50.8,0.0,532,69.959881,67.392432,72.502571,70.6,0.0,716,True
resnet18,sweep,resnet18-fp7_e3m3-default-b2,sat.w21,wide,16.304286,67.289167,0.370414,0.241997,50.984881,47.925655,53.996682,50.8,0.0,532,69.959881,67.392432,72.502571,70.6,0.0,716,True
resnet18,sweep,resnet18-fp7_e3m3-default-b2,sat.w22,sat.w23,61.77,67.200952,0.70283,0.733664,5.430952,3.696649,7.153458,5.8,0.0,126,12.714286,10.605911,14.805952,13.0,0.0,184,True
resnet18,sweep,resnet18-fp7_e3m3-default-b2,sat.w22,sat.w24,61.77,67.394444,0.691038,0.72317,5.624444,3.822222,7.418889,6.3,0.0,131,13.471111,11.32775,15.618417,13.7,0.0,193,True
resnet18,sweep,resnet18-fp7_e3m3-default-b2,sat.w22,sat.w25,61.77,66.955833,0.690141,0.720744,5.185833,3.404125,6.965833,6.0,0.0,132,14.199167,12.016646,16.385854,14.9,0.0,199,True
resnet18,sweep,resnet18-fp7_e3m3-default-b2,sat.w22,sat.w26,61.77,67.289167,0.682353,0.714599,5.519167,3.726667,7.336708,6.5,0.0,135,14.365833,12.1825,16.542542,14.9,0.0,201,True
resnet18,sweep,resnet18-fp7_e3m3-default-b2,sat.w22,wide,61.77,67.289167,0.682353,0.714599,5.519167,3.726667,7.336708,6.5,0.0,135,14.365833,12.1825,16.542542,14.9,0.0,201,True
resnet18,sweep,resnet18-fp7_e3m3-default-b2,sat.w23,sat.w24,67.200952,67.394444,0.861582,0.889165,0.193492,-0.825565,1.215177,0.5,0.568172,49,0.756825,-0.408607,1.959617,0.7,0.476688,71,True
resnet18,sweep,resnet18-fp7_e3m3-default-b2,sat.w23,sat.w25,67.200952,66.955833,0.864789,0.891628,-0.245119,-1.25028,0.747054,0.2,0.885433,48,1.484881,0.22556,2.701685,1.9,0.029493,69,True
resnet18,sweep,resnet18-fp7_e3m3-default-b2,sat.w23,sat.w26,67.200952,67.289167,0.871795,0.898118,0.088214,-0.891673,1.066452,0.7,0.371298,45,1.651548,0.407301,2.880833,1.9,0.024812,65,True
resnet18,sweep,resnet18-fp7_e3m3-default-b2,sat.w23,wide,67.200952,67.289167,0.871795,0.898118,0.088214,-0.891673,1.066452,0.7,0.371298,45,1.651548,0.407301,2.880833,1.9,0.024812,65,True
resnet18,sweep,resnet18-fp7_e3m3-default-b2,sat.w24,sat.w25,67.394444,66.955833,0.893372,0.916155,-0.438611,-1.270278,0.399729,-0.3,0.742829,37,0.728056,-0.271958,1.704444,1.2,0.140895,56,True
resnet18,sweep,resnet18-fp7_e3m3-default-b2,sat.w24,sat.w26,67.394444,67.289167,0.889855,0.913538,-0.105278,-0.948611,0.758333,0.2,0.871415,38,0.894722,-0.115319,1.894451,1.2,0.148006,58,True
resnet18,sweep,resnet18-fp7_e3m3-default-b2,sat.w24,wide,67.394444,67.289167,0.889855,0.913538,-0.105278,-0.948611,0.758333,0.2,0.871415,38,0.894722,-0.115319,1.894451,1.2,0.148006,58,True
resnet18,sweep,resnet18-fp7_e3m3-default-b2,sat.w25,sat.w26,66.955833,67.289167,0.984848,0.988713,0.333333,0.1,0.616667,0.5,0.0625,5,0.166667,-0.116667,0.483333,0.0,1.0,6,True
resnet18,sweep,resnet18-fp7_e3m3-default-b2,sat.w25,wide,66.955833,67.289167,0.984848,0.988713,0.333333,0.1,0.616667,0.5,0.0625,5,0.166667,-0.116667,0.483333,0.0,1.0,6,True
resnet18,sweep,resnet18-fp7_e3m3-default-b2,sat.w26,wide,67.289167,67.289167,1.0,1.0,0.0,0.0,0.0,0.0,1.0,0,0.0,0.0,0.0,0.0,1.0,0,True
resnet18,sweep,resnet18-fp8_e4m3fn-default-b2,control,f21,67.5275,67.603333,0.942943,0.956593,0.075833,-0.669167,0.815854,-0.1,1.0,19,0.394167,-0.613354,1.430854,1.2,0.11892,50,True
resnet18,sweep,resnet18-fp8_e4m3fn-default-b2,control,fp16.x-13,67.5275,67.431667,0.914201,0.933746,-0.095833,-0.923354,0.745,-0.1,1.0,29,0.4725,-0.538354,1.481708,0.4,0.677809,52,True
resnet18,sweep,resnet18-fp8_e4m3fn-default-b2,control,sat.w37,67.5275,25.475,0.406045,0.333115,-42.0525,-45.068417,-39.043292,-42.4,0.0,452,-58.7075,-61.501708,-55.818333,-59.1,0.0,609,True
resnet18,sweep,resnet18-fp8_e4m3fn-default-b2,control,sat.w38,67.5275,62.012619,0.686461,0.720045,-5.514881,-7.377521,-3.641542,-6.4,0.0,132,-13.601548,-15.910798,-11.336667,-14.4,0.0,202,True
resnet18,sweep,resnet18-fp8_e4m3fn-default-b2,control,sat.w39,67.5275,66.939167,0.874286,0.900432,-0.588333,-1.529187,0.359187,-1.0,0.174171,44,-1.915833,-3.153458,-0.714958,-1.8,0.047393,74,True
resnet18,sweep,resnet18-fp8_e4m3fn-default-b2,control,sat.w40,67.5275,67.868333,0.913433,0.933482,0.340833,-0.423333,1.1125,0.5,0.458258,29,0.5175,-0.438396,1.495,1.0,0.193413,48,True
resnet18,sweep,resnet18-fp8_e4m3fn-default-b2,control,sat.w41,67.5275,67.5525,0.978528,0.983984,0.025,-0.275,0.316667,0.1,1.0,7,-0.441667,-0.808333,-0.108333,-0.5,0.226562,11,True
resnet18,sweep,resnet18-fp8_e4m3fn-default-b2,control,sat.w42,67.5275,67.6025,0.990741,0.993137,0.075,-0.133333,0.3,0.1,1.0,3,-0.458333,-0.766667,-0.183333,-0.7,0.015625,7,True
resnet18,sweep,resnet18-fp8_e4m3fn-default-b2,control,wide,67.5275,67.6025,0.990741,0.993137,0.075,-0.133333,0.3,0.1,1.0,3,-0.458333,-0.766667,-0.183333,-0.7,0.015625,7,True
resnet18,sweep,resnet18-fp8_e4m3fn-default-b2,f21,fp16.x-13,67.603333,67.431667,0.911504,0.931514,-0.171667,-1.008333,0.653333,0.0,1.0,30,0.078333,-0.988375,1.115042,-0.8,0.33175,52,True
resnet18,sweep,resnet18-fp8_e4m3fn-default-b2,f21,sat.w37,67.603333,25.475,0.405512,0.329175,-42.128333,-45.150042,-39.114875,-42.3,0.0,453,-59.101667,-61.871667,-56.321625,-60.3,0.0,619,True
resnet18,sweep,resnet18-fp8_e4m3fn-default-b2,f21,sat.w38,67.603333,62.012619,0.653488,0.682671,-5.590714,-7.500042,-3.680631,-6.3,0.0,149,-13.995714,-16.309821,-11.718268,-15.6,0.0,216,True
resnet18,sweep,resnet18-fp8_e4m3fn-default-b2,f21,sat.w39,67.603333,66.939167,0.855932,0.884594,-0.664167,-1.680833,0.345042,-0.9,0.262438,51,-2.31,-3.595,-1.0125,-3.0,0.001404,84,True
resnet18,sweep,resnet18-fp8_e4m3fn-default-b2,f21,sat.w40,67.603333,67.868333,0.916418,0.935859,0.265,-0.578333,1.096708,0.6,0.344928,28,0.123333,-0.988375,1.236708,-0.2,0.891923,54,True
resnet18,sweep,resnet18-fp8_e4m3fn-default-b2,f21,sat.w41,67.603333,67.5525,0.93994,0.954279,-0.050833,-0.795833,0.706667,0.2,0.823803,20,-0.835833,-1.899167,0.188354,-1.7,0.024093,51,True
resnet18,sweep,resnet18-fp8_e4m3fn-default-b2,f21,sat.w42,67.603333,67.6025,0.93994,0.954279,-0.000833,-0.755021,0.75,0.2,0.823803,20,-0.8525,-1.900833,0.178354,-1.9,0.010974,51,True
resnet18,sweep,resnet18-fp8_e4m3fn-default-b2,f21,wide,67.603333,67.6025,0.93994,0.954279,-0.000833,-0.755021,0.75,0.2,0.823803,20,-0.8525,-1.900833,0.178354,-1.9,0.010974,51,True
resnet18,sweep,resnet18-fp8_e4m3fn-default-b2,fp16.x-13,sat.w37,67.431667,25.475,0.409211,0.339005,-41.956667,-44.915,-39.01325,-42.3,0.0,449,-59.18,-61.961708,-56.373333,-59.5,0.0,615,True
resnet18,sweep,resnet18-fp8_e4m3fn-default-b2,fp16.x-13,sat.w38,67.431667,62.012619,0.661215,0.691445,-5.419048,-7.310738,-3.527321,-6.3,0.0,145,-14.074048,-16.365185,-11.800399,-14.8,0.0,212,True
resnet18,sweep,resnet18-fp8_e4m3fn-default-b2,fp16.x-13,sat.w39,67.431667,66.939167,0.850704,0.880061,-0.4925,-1.501667,0.529167,-0.9,0.271679,53,-2.388333,-3.658354,-1.070813,-2.2,0.029766,94,True
resnet18,sweep,resnet18-fp8_e4m3fn-default-b2,fp16.x-13,sat.w40,67.431667,67.868333,0.905045,0.926683,0.436667,-0.420042,1.32,0.6,0.377086,32,0.045,-1.013375,1.138375,0.6,0.525773,62,True
resnet18,sweep,resnet18-fp8_e4m3fn-default-b2,fp16.x-13,sat.w41,67.431667,67.5525,0.905605,0.926841,0.120833,-0.736708,0.968375,0.2,0.86005,32,-0.914167,-1.937521,0.145833,-0.9,0.28061,55,True
resnet18,sweep,resnet18-fp8_e4m3fn-default-b2,fp16.x-13,sat.w42,67.431667,67.6025,0.911243,0.931414,0.170833,-0.680854,1.004167,0.2,0.855536,30,-0.930833,-1.948354,0.107542,-1.1,0.16078,51,True
resnet18,sweep,resnet18-fp8_e4m3fn-default-b2,fp16.x-13,wide,67.431667,67.6025,0.911243,0.931414,0.170833,-0.680854,1.004167,0.2,0.855536,30,-0.930833,-1.948354,0.107542,-1.1,0.16078,51,True
resnet18,sweep,resnet18-fp8_e4m3fn-default-b2,sat.w37,sat.w38,25.475,62.012619,0.498018,0.41518,36.537619,33.685929,39.480298,36.0,0.0,380,45.105952,42.175214,48.053381,44.7,0.0,465,True
resnet18,sweep,resnet18-fp8_e4m3fn-default-b2,sat.w37,sat.w39,25.475,66.939167,0.419185,0.342874,41.464167,38.503271,44.500021,41.4,0.0,442,56.791667,53.99325,59.61,57.3,0.0,595,True
resnet18,sweep,resnet18-fp8_e4m3fn-default-b2,sat.w37,sat.w40,25.475,67.868333,0.395806,0.318364,42.393333,39.3665,45.416667,42.9,0.0,461,59.225,56.416625,61.981667,60.1,0.0,619,True
resnet18,sweep,resnet18-fp8_e4m3fn-default-b2,sat.w37,sat.w41,25.475,67.5525,0.404731,0.33214,42.0775,39.09825,45.089271,42.5,0.0,453,58.265833,55.369938,61.047625,58.6,0.0,604,True
resnet18,sweep,resnet18-fp8_e4m3fn-default-b2,sat.w37,sat.w42,25.475,67.6025,0.404731,0.33214,42.1275,39.149146,45.142521,42.5,0.0,453,58.249167,55.334167,61.065188,58.4,0.0,602,True
resnet18,sweep,resnet18-fp8_e4m3fn-default-b2,sat.w37,wide,25.475,67.6025,0.404731,0.33214,42.1275,39.149146,45.142521,42.5,0.0,453,58.249167,55.334167,61.065188,58.4,0.0,602,True
resnet18,sweep,resnet18-fp8_e4m3fn-default-b2,sat.w38,sat.w39,62.012619,66.939167,0.714286,0.745509,4.926548,3.258333,6.689185,5.4,1e-06,120,11.685714,9.561563,13.830717,12.6,0.0,182,True
resnet18,sweep,resnet18-fp8_e4m3fn-default-b2,sat.w38,sat.w40,62.012619,67.868333,0.662736,0.69628,5.855714,3.97069,7.724768,6.9,0.0,143,14.119048,11.89306,16.379762,15.4,0.0,206,True
resnet18,sweep,resnet18-fp8_e4m3fn-default-b2,sat.w38,sat.w41,62.012619,67.5525,0.680095,0.713543,5.539881,3.668313,7.429902,6.5,0.0,135,13.159881,10.871583,15.454292,13.9,0.0,201,True
resnet18,sweep,resnet18-fp8_e4m3fn-default-b2,sat.w38,sat.w42,62.012619,67.6025,0.684086,0.717937,5.589881,3.712497,7.474905,6.5,0.0,133,13.143214,10.888286,15.446729,13.7,0.0,199,True
resnet18,sweep,resnet18-fp8_e4m3fn-default-b2,sat.w38,wide,62.012619,67.6025,0.684086,0.717937,5.589881,3.712497,7.474905,6.5,0.0,133,13.143214,10.888286,15.446729,13.7,0.0,199,True
resnet18,sweep,resnet18-fp8_e4m3fn-default-b2,sat.w39,sat.w40,66.939167,67.868333,0.87069,0.898068,0.929167,0.026646,1.836687,1.5,0.035698,45,2.433333,1.275813,3.625021,2.8,0.001762,76,True
resnet18,sweep,resnet18-fp8_e4m3fn-default-b2,sat.w39,sat.w41,66.939167,67.5525,0.871429,0.898135,0.613333,-0.354167,1.552521,1.1,0.135156,45,1.474167,0.268333,2.665854,1.3,0.159712,73,True
resnet18,sweep,resnet18-fp8_e4m3fn-default-b2,sat.w39,sat.w42,66.939167,67.6025,0.866097,0.893593,0.663333,-0.291667,1.6125,1.1,0.143865,47,1.4575,0.260813,2.654188,1.1,0.241645,73,True
resnet18,sweep,resnet18-fp8_e4m3fn-default-b2,sat.w39,wide,66.939167,67.6025,0.866097,0.893593,0.663333,-0.291667,1.6125,1.1,0.143865,47,1.4575,0.260813,2.654188,1.1,0.241645,73,True
resnet18,sweep,resnet18-fp8_e4m3fn-default-b2,sat.w40,sat.w41,67.868333,67.5525,0.916168,0.935702,-0.315833,-1.077521,0.436687,-0.4,0.571588,28,-0.959167,-1.946667,0.004167,-1.5,0.044384,49,True
resnet18,sweep,resnet18-fp8_e4m3fn-default-b2,sat.w40,sat.w42,67.868333,67.6025,0.910448,0.931107,-0.265833,-1.032521,0.493354,-0.4,0.584665,30,-0.975833,-1.955854,-0.013313,-1.7,0.021294,49,True
resnet18,sweep,resnet18-fp8_e4m3fn-default-b2,sat.w40,wide,67.868333,67.6025,0.910448,0.931107,-0.265833,-1.032521,0.493354,-0.4,0.584665,30,-0.975833,-1.955854,-0.013313,-1.7,0.021294,49,True
resnet18,sweep,resnet18-fp8_e4m3fn-default-b2,sat.w41,sat.w42,67.5525,67.6025,0.987654,0.990839,0.05,-0.133333,0.266667,0.0,1.0,4,-0.016667,-0.216667,0.216667,-0.2,0.6875,6,True
resnet18,sweep,resnet18-fp8_e4m3fn-default-b2,sat.w41,wide,67.5525,67.6025,0.987654,0.990839,0.05,-0.133333,0.266667,0.0,1.0,4,-0.016667,-0.216667,0.216667,-0.2,0.6875,6,True
resnet18,sweep,resnet18-fp8_e4m3fn-default-b2,sat.w42,wide,67.6025,67.6025,1.0,1.0,0.0,0.0,0.0,0.0,1.0,0,0.0,0.0,0.0,0.0,1.0,0,True
resnet18,sweep,resnet18-fp8_e5m2-default-b2,control,f21,60.89167,60.223333,0.874126,0.887816,-0.668337,-1.765448,0.405603,-0.8,0.340891,54,-0.783099,-2.013642,0.471929,-1.2,0.194505,72,True
resnet18,sweep,resnet18-fp8_e5m2-default-b2,control,fp16.x-27,60.89167,60.107097,0.853547,0.867599,-0.784573,-1.895757,0.312099,-1.4,0.103422,64,-0.566002,-1.832981,0.685648,-0.5,0.671809,89,True
resnet18,sweep,resnet18-fp8_e5m2-default-b2,control,wide,60.89167,60.908337,1.0,1.0,0.016667,0.0,0.05,0.0,1.0,0,0.025,0.0,0.075,0.1,1.0,1,True
resnet18,sweep,resnet18-fp8_e5m2-default-b2,f21,fp16.x-27,60.223333,60.107097,0.859091,0.871824,-0.116236,-1.192927,0.914221,-0.6,0.525773,62,0.217097,-0.964457,1.385513,0.7,0.515426,85,True
resnet18,sweep,resnet18-fp8_e5m2-default-b2,f21,wide,60.223333,60.908337,0.874126,0.887816,0.685004,-0.390533,1.779219,0.8,0.340891,54,0.808099,-0.442536,2.029408,1.3,0.153913,71,True
resnet18,sweep,resnet18-fp8_e5m2-default-b2,fp16.x-27,wide,60.107097,60.908337,0.853547,0.867599,0.80124,-0.298692,1.915283,1.4,0.103422,64,0.591002,-0.659785,1.857483,0.6,0.594288,88,True
resnet18,sweep,resnet18-int6-default-b2,control,f21,65.908333,65.979286,0.915068,0.931825,0.070952,-0.815732,0.956673,0.1,1.0,31,-0.265,-1.358333,0.79597,-0.4,0.671811,50,True
resnet18,sweep,resnet18-int6-default-b2,control,fp16.x-7,65.908333,65.842619,0.928177,0.942791,-0.065714,-0.827405,0.678571,0.2,0.845019,26,-0.115714,-1.177405,0.941685,-0.3,0.783846,53,True
resnet18,sweep,resnet18-int6-default-b2,control,sat.w14,65.908333,59.126667,0.70045,0.722856,-6.781667,-8.656875,-4.963292,-5.5,2e-06,133,-10.361667,-12.468375,-8.232345,-10.6,0.0,180,True
resnet18,sweep,resnet18-int6-default-b2,control,sat.w15,65.908333,65.343333,0.897574,0.916738,-0.565,-1.478375,0.353333,-0.4,0.627103,38,0.175,-0.968095,1.342387,-0.6,0.538583,66,True
resnet18,sweep,resnet18-int6-default-b2,control,sat.w16,65.908333,66.356667,0.963277,0.971393,0.448333,0.02,0.891708,0.5,0.266846,13,0.399048,-0.155024,0.96025,0.5,0.38331,21,True
resnet18,sweep,resnet18-int6-default-b2,control,sat.w17,65.908333,65.908333,1.0,1.0,0.0,0.0,0.0,0.0,1.0,0,0.0,0.0,0.0,0.0,1.0,0,True
resnet18,sweep,resnet18-int6-default-b2,control,wide,65.908333,65.908333,1.0,1.0,0.0,0.0,0.0,0.0,1.0,0,0.0,0.0,0.0,0.0,1.0,0,True
resnet18,sweep,resnet18-int6-default-b2,f21,fp16.x-7,65.979286,65.842619,0.909589,0.92733,-0.136667,-0.957625,0.66525,0.1,1.0,33,0.149286,-0.878125,1.187619,0.1,1.0,55,True
resnet18,sweep,resnet18-int6-default-b2,f21,sat.w14,65.979286,59.126667,0.698198,0.720792,-6.852619,-8.788821,-4.956881,-5.6,1e-06,134,-10.096667,-12.198363,-7.978524,-10.2,0.0,178,True
resnet18,sweep,resnet18-int6-default-b2,f21,sat.w15,65.979286,65.343333,0.889785,0.910124,-0.635952,-1.599286,0.311476,-0.5,0.532709,41,0.44,-0.757405,1.64147,-0.2,0.904975,70,True
resnet18,sweep,resnet18-int6-default-b2,f21,sat.w16,65.979286,66.356667,0.906593,0.925012,0.377381,-0.5,1.219107,0.4,0.607591,34,0.664048,-0.388333,1.734089,0.9,0.28061,55,True
resnet18,sweep,resnet18-int6-default-b2,f21,sat.w17,65.979286,65.908333,0.915068,0.931825,-0.070952,-0.956673,0.815732,-0.1,1.0,31,0.265,-0.79597,1.358333,0.4,0.671811,50,True
resnet18,sweep,resnet18-int6-default-b2,f21,wide,65.979286,65.908333,0.915068,0.931825,-0.070952,-0.956673,0.815732,-0.1,1.0,31,0.265,-0.79597,1.358333,0.4,0.671811,50,True
resnet18,sweep,resnet18-int6-default-b2,fp16.x-7,sat.w14,65.842619,59.126667,0.711364,0.735835,-6.715952,-8.563363,-4.886607,-5.7,0.0,127,-10.245952,-12.332381,-8.118214,-10.3,0.0,169,True
resnet18,sweep,resnet18-int6-default-b2,fp16.x-7,sat.w15,65.842619,65.343333,0.897297,0.916676,-0.499286,-1.43169,0.463351,-0.6,0.417692,38,0.290714,-0.891708,1.480738,-0.3,0.807195,67,True
resnet18,sweep,resnet18-int6-default-b2,fp16.x-7,sat.w16,65.842619,66.356667,0.919668,0.935986,0.514048,-0.223589,1.274089,0.3,0.711071,29,0.514762,-0.495256,1.53153,0.8,0.340891,54,True
resnet18,sweep,resnet18-int6-default-b2,fp16.x-7,sat.w17,65.842619,65.908333,0.928177,0.942791,0.065714,-0.678571,0.827405,-0.2,0.845019,26,0.115714,-0.941685,1.177405,0.3,0.783846,53,True
resnet18,sweep,resnet18-int6-default-b2,fp16.x-7,wide,65.842619,65.908333,0.928177,0.942791,0.065714,-0.678571,0.827405,-0.2,0.845019,26,0.115714,-0.941685,1.177405,0.3,0.783846,53,True
resnet18,sweep,resnet18-int6-default-b2,sat.w14,sat.w15,59.126667,65.343333,0.717195,0.739641,6.216667,4.413292,8.058375,5.1,6e-06,125,10.536667,8.48825,12.589345,10.0,0.0,164,True
resnet18,sweep,resnet18-int6-default-b2,sat.w14,sat.w16,59.126667,66.356667,0.685393,0.708257,7.23,5.361625,9.178417,6.0,0.0,140,10.760714,8.617363,12.88481,11.1,0.0,185,True
resnet18,sweep,resnet18-int6-default-b2,sat.w14,sat.w17,59.126667,65.908333,0.70045,0.722856,6.781667,4.963292,8.656875,5.5,2e-06,133,10.361667,8.232345,12.468375,10.6,0.0,180,True
resnet18,sweep,resnet18-int6-default-b2,sat.w14,wide,59.126667,65.908333,0.70045,0.722856,6.781667,4.963292,8.656875,5.5,2e-06,133,10.361667,8.232345,12.468375,10.6,0.0,180,True
resnet18,sweep,resnet18-int6-default-b2,sat.w15,sat.w16,65.343333,66.356667,0.884097,0.905618,1.013333,0.086625,1.963375,0.9,0.222053,43,0.224048,-0.964286,1.38744,1.1,0.2284,69,True
resnet18,sweep,resnet18-int6-default-b2,sat.w15,sat.w17,65.343333,65.908333,0.897574,0.916738,0.565,-0.353333,1.478375,0.4,0.627103,38,-0.175,-1.342387,0.968095,0.6,0.538583,66,True
resnet18,sweep,resnet18-int6-default-b2,sat.w15,wide,65.343333,65.908333,0.897574,0.916738,0.565,-0.353333,1.478375,0.4,0.627103,38,-0.175,-1.342387,0.968095,0.6,0.538583,66,True
resnet18,sweep,resnet18-int6-default-b2,sat.w16,sat.w17,66.356667,65.908333,0.963277,0.971393,-0.448333,-0.891708,-0.02,-0.5,0.266846,13,-0.399048,-0.96025,0.155024,-0.5,0.38331,21,True
resnet18,sweep,resnet18-int6-default-b2,sat.w16,wide,66.356667,65.908333,0.963277,0.971393,-0.448333,-0.891708,-0.02,-0.5,0.266846,13,-0.399048,-0.96025,0.155024,-0.5,0.38331,21,True
resnet18,sweep,resnet18-int6-default-b2,sat.w17,wide,65.908333,65.908333,1.0,1.0,0.0,0.0,0.0,0.0,1.0,0,0.0,0.0,0.0,0.0,1.0,0,True
resnet18,sweep,resnet18-int8-default-b2,control,f21,69.05,69.433333,0.958991,0.969706,0.383333,-0.1,0.9,0.5,0.266846,13,-0.083333,-0.766667,0.583333,-0.5,0.404873,23,True
resnet18,sweep,resnet18-int8-default-b2,control,fp16.x-11,69.05,69.341667,0.962264,0.972059,0.291667,-0.3,0.883333,0.2,0.774414,12,-0.283333,-1.066667,0.475,0.1,1.0,25,True
resnet18,sweep,resnet18-int8-default-b2,control,sat.w17,69.05,24.016667,0.368153,0.25691,-45.033333,-48.316667,-41.699583,-44.8,0.0,496,-71.383333,-74.15,-68.583333,-71.3,0.0,727,True
resnet18,sweep,resnet18-int8-default-b2,control,sat.w18,69.05,67.6,0.79661,0.834247,-1.45,-3.0,0.05,-1.0,0.288784,72,-8.791667,-10.783333,-6.891667,-8.8,0.0,120,True
resnet18,sweep,resnet18-int8-default-b2,control,sat.w19,69.05,69.033333,0.928793,0.946403,-0.016667,-0.8,0.766667,0.3,0.677639,23,-1.45,-2.383333,-0.533333,-1.2,0.042774,30,True
resnet18,sweep,resnet18-int8-default-b2,control,sat.w20,69.05,69.15,0.993631,0.99535,0.1,-0.1,0.35125,0.0,1.0,2,0.2,-0.1,0.55,0.1,1.0,5,True
resnet18,sweep,resnet18-int8-default-b2,control,sat.w21,69.05,69.05,1.0,1.0,0.0,0.0,0.0,0.0,1.0,0,0.0,0.0,0.0,0.0,1.0,0,True
resnet18,sweep,resnet18-int8-default-b2,control,wide,69.05,69.05,1.0,1.0,0.0,0.0,0.0,0.0,1.0,0,0.0,0.0,0.0,0.0,1.0,0,True
resnet18,sweep,resnet18-int8-default-b2,f21,fp16.x-11,69.433333,69.341667,0.946541,0.960251,-0.091667,-0.733333,0.533333,-0.3,0.629059,17,-0.2,-0.975,0.583542,0.6,0.361595,30,True
resnet18,sweep,resnet18-int8-default-b2,f21,sat.w17,69.433333,24.016667,0.365262,0.262139,-45.416667,-48.683333,-42.066667,-45.3,0.0,497,-71.3,-74.066667,-68.51625,-70.8,0.0,718,True
resnet18,sweep,resnet18-int8-default-b2,f21,sat.w18,69.433333,67.6,0.787535,0.8269,-1.833333,-3.383333,-0.316667,-1.5,0.105342,75,-8.708333,-10.716667,-6.799792,-8.3,0.0,123,True
resnet18,sweep,resnet18-int8-default-b2,f21,sat.w19,69.433333,69.033333,0.919255,0.939126,-0.4,-1.233333,0.416667,-0.2,0.845019,26,-1.366667,-2.333333,-0.416667,-0.7,0.281042,31,True
resnet18,sweep,resnet18-int8-default-b2,f21,sat.w20,69.433333,69.15,0.958991,0.969706,-0.283333,-0.816667,0.216667,-0.5,0.266846,13,0.283333,-0.366667,0.983333,0.6,0.286279,22,True
resnet18,sweep,resnet18-int8-default-b2,f21,sat.w21,69.433333,69.05,0.958991,0.969706,-0.383333,-0.9,0.1,-0.5,0.266846,13,0.083333,-0.583333,0.766667,0.5,0.404873,23,True
resnet18,sweep,resnet18-int8-default-b2,f21,wide,69.433333,69.05,0.958991,0.969706,-0.383333,-0.9,0.1,-0.5,0.266846,13,0.083333,-0.583333,0.766667,0.5,0.404873,23,True
resnet18,sweep,resnet18-int8-default-b2,fp16.x-11,sat.w17,69.341667,24.016667,0.369093,0.26507,-45.325,-48.641667,-42.007917,-45.0,0.0,494,-71.1,-73.816667,-68.241667,-71.4,0.0,724,True
resnet18,sweep,resnet18-int8-default-b2,fp16.x-11,sat.w18,69.341667,67.6,0.806268,0.843314,-1.741667,-3.241875,-0.233333,-1.2,0.18181,68,-8.508333,-10.541667,-6.541667,-8.9,0.0,121,True
resnet18,sweep,resnet18-int8-default-b2,fp16.x-11,sat.w19,69.341667,69.033333,0.928571,0.946287,-0.308333,-1.133333,0.525208,0.1,1.0,23,-1.166667,-2.175,-0.175,-1.3,0.04096,35,True
resnet18,sweep,resnet18-int8-default-b2,fp16.x-11,sat.w20,69.341667,69.15,0.962264,0.972059,-0.191667,-0.800208,0.425,-0.2,0.774414,12,0.483333,-0.283333,1.283333,0.0,1.0,26,True
resnet18,sweep,resnet18-int8-default-b2,fp16.x-11,sat.w21,69.341667,69.05,0.962264,0.972059,-0.291667,-0.883333,0.3,-0.2,0.774414,12,0.283333,-0.475,1.066667,-0.1,1.0,25,True
resnet18,sweep,resnet18-int8-default-b2,fp16.x-11,wide,69.341667,69.05,0.962264,0.972059,-0.291667,-0.883333,0.3,-0.2,0.774414,12,0.283333,-0.475,1.066667,-0.1,1.0,25,True
resnet18,sweep,resnet18-int8-default-b2,sat.w17,sat.w18,24.016667,67.6,0.389744,0.291819,43.583333,40.25,46.883333,43.8,0.0,476,62.591667,59.508333,65.616667,62.5,0.0,639,True
resnet18,sweep,resnet18-int8-default-b2,sat.w17,sat.w19,24.016667,69.033333,0.367816,0.264093,45.016667,41.7,48.316667,45.1,0.0,495,69.933333,67.066667,72.716667,70.1,0.0,711,True
resnet18,sweep,resnet18-int8-default-b2,sat.w17,sat.w20,24.016667,69.15,0.368153,0.25691,45.133333,41.8,48.433333,44.8,0.0,496,71.583333,68.782917,74.333333,71.4,0.0,728,True
resnet18,sweep,resnet18-int8-default-b2,sat.w17,sat.w21,24.016667,69.05,0.368153,0.25691,45.033333,41.699583,48.316667,44.8,0.0,496,71.383333,68.583333,74.15,71.3,0.0,727,True
resnet18,sweep,resnet18-int8-default-b2,sat.w17,wide,24.016667,69.05,0.368153,0.25691,45.033333,41.699583,48.316667,44.8,0.0,496,71.383333,68.583333,74.15,71.3,0.0,727,True
resnet18,sweep,resnet18-int8-default-b2,sat.w18,sat.w19,67.6,69.033333,0.824207,0.859426,1.433333,0.05,2.85,1.3,0.123731,61,7.341667,5.5,9.241667,7.6,0.0,106,True
resnet18,sweep,resnet18-int8-default-b2,sat.w18,sat.w20,67.6,69.15,0.791549,0.829636,1.55,0.05,3.1,1.0,0.295413,74,8.991667,7.075,11.0,8.9,0.0,121,True
resnet18,sweep,resnet18-int8-default-b2,sat.w18,sat.w21,67.6,69.05,0.79661,0.834247,1.45,-0.05,3.0,1.0,0.288784,72,8.791667,6.891667,10.783333,8.8,0.0,120,True
resnet18,sweep,resnet18-int8-default-b2,sat.w18,wide,67.6,69.05,0.79661,0.834247,1.45,-0.05,3.0,1.0,0.288784,72,8.791667,6.891667,10.783333,8.8,0.0,120,True
resnet18,sweep,resnet18-int8-default-b2,sat.w19,sat.w20,69.033333,69.15,0.934783,0.951065,0.116667,-0.616667,0.866667,-0.3,0.663624,21,1.65,0.766667,2.566667,1.3,0.02412,29,True
resnet18,sweep,resnet18-int8-default-b2,sat.w19,sat.w21,69.033333,69.05,0.928793,0.946403,0.016667,-0.766667,0.8,-0.3,0.677639,23,1.45,0.533333,2.383333,1.2,0.042774,30,True
resnet18,sweep,resnet18-int8-default-b2,sat.w19,wide,69.033333,69.05,0.928793,0.946403,0.016667,-0.766667,0.8,-0.3,0.677639,23,1.45,0.533333,2.383333,1.2,0.042774,30,True
resnet18,sweep,resnet18-int8-default-b2,sat.w20,sat.w21,69.15,69.05,0.993631,0.99535,-0.1,-0.35125,0.1,0.0,1.0,2,-0.2,-0.55,0.1,-0.1,1.0,5,True
resnet18,sweep,resnet18-int8-default-b2,sat.w20,wide,69.15,69.05,0.993631,0.99535,-0.1,-0.35125,0.1,0.0,1.0,2,-0.2,-0.55,0.1,-0.1,1.0,5,True
resnet18,sweep,resnet18-int8-default-b2,sat.w21,wide,69.05,69.05,1.0,1.0,0.0,0.0,0.0,0.0,1.0,0,0.0,0.0,0.0,0.0,1.0,0,True
resnet18,sweep,resnet18-int8-default_signed-b2,control,f21,69.058333,68.9,0.941176,0.955861,-0.158333,-0.8,0.458333,0.1,1.0,19,0.075,-0.675,0.825,0.5,0.442068,27,True
resnet18,sweep,resnet18-int8-default_signed-b2,control,fp16.x-10,69.058333,68.908333,0.950156,0.962807,-0.15,-0.7,0.40125,0.2,0.803619,16,0.166667,-0.583333,0.925,0.4,0.596615,32,True
resnet18,sweep,resnet18-int8-default_signed-b2,control,sat.w17,69.058333,48.666667,0.515539,0.518595,-20.391667,-23.333333,-17.516667,-20.1,0.0,265,-39.213333,-42.225083,-36.233333,-39.1,0.0,407,True
resnet18,sweep,resnet18-int8-default_signed-b2,control,sat.w18,69.058333,68.166667,0.861357,0.891206,-0.891667,-2.175208,0.391667,-0.3,0.770867,47,-6.966667,-8.725208,-5.266667,-6.8,0.0,92,True
resnet18,sweep,resnet18-int8-default_signed-b2,control,sat.w19,69.058333,68.77,0.950464,0.962935,-0.288333,-0.971667,0.415,-0.2,0.803619,16,-0.93,-1.908333,0.053333,-0.5,0.47313,31,True
resnet18,sweep,resnet18-int8-default_signed-b2,control,sat.w20,69.058333,68.941667,0.987342,0.990715,-0.116667,-0.416667,0.15,0.0,1.0,4,-0.166667,-0.566667,0.233333,-0.4,0.34375,10,True
resnet18,sweep,resnet18-int8-default_signed-b2,control,sat.w21,69.058333,69.058333,1.0,1.0,0.0,0.0,0.0,0.0,1.0,0,0.0,0.0,0.0,0.0,1.0,0,True
resnet18,sweep,resnet18-int8-default_signed-b2,control,wide,69.058333,69.058333,1.0,1.0,0.0,0.0,0.0,0.0,1.0,0,0.0,0.0,0.0,0.0,1.0,0,True
resnet18,sweep,resnet18-int8-default_signed-b2,f21,fp16.x-10,68.9,68.908333,0.965409,0.974403,0.008333,-0.566667,0.583333,0.1,1.0,11,0.091667,-0.625,0.808333,-0.1,1.0,23,True
resnet18,sweep,resnet18-int8-default_signed-b2,f21,sat.w17,68.9,48.666667,0.510949,0.512637,-20.233333,-23.208542,-17.375,-20.2,0.0,268,-39.288333,-42.330083,-36.28,-39.6,0.0,414,True
resnet18,sweep,resnet18-int8-default_signed-b2,f21,sat.w18,68.9,68.166667,0.847507,0.879544,-0.733333,-2.041667,0.575,-0.4,0.677809,52,-7.041667,-8.866667,-5.3,-7.3,0.0,99,True
resnet18,sweep,resnet18-int8-default_signed-b2,f21,sat.w19,68.9,68.77,0.941358,0.955958,-0.13,-0.855,0.62,-0.3,0.647606,19,-1.005,-1.955,-0.085,-1.0,0.110184,32,True
resnet18,sweep,resnet18-int8-default_signed-b2,f21,sat.w20,68.9,68.941667,0.947205,0.960508,0.041667,-0.55,0.641875,-0.1,1.0,17,-0.241667,-1.041667,0.533333,-0.9,0.136046,29,True
resnet18,sweep,resnet18-int8-default_signed-b2,f21,sat.w21,68.9,69.058333,0.941176,0.955861,0.158333,-0.458333,0.8,-0.1,1.0,19,-0.075,-0.825,0.675,-0.5,0.442068,27,True
resnet18,sweep,resnet18-int8-default_signed-b2,f21,wide,68.9,69.058333,0.941176,0.955861,0.158333,-0.458333,0.8,-0.1,1.0,19,-0.075,-0.825,0.675,-0.5,0.442068,27,True
resnet18,sweep,resnet18-int8-default_signed-b2,fp16.x-10,sat.w17,68.908333,48.666667,0.509124,0.51099,-20.241667,-23.175208,-17.366667,-20.3,0.0,269,-39.38,-42.391792,-36.404875,-39.5,0.0,411,True
resnet18,sweep,resnet18-int8-default_signed-b2,fp16.x-10,sat.w18,68.908333,68.166667,0.860947,0.89106,-0.741667,-2.075208,0.533333,-0.5,0.560065,47,-7.133333,-8.975,-5.391458,-7.2,0.0,96,True
resnet18,sweep,resnet18-int8-default_signed-b2,fp16.x-10,sat.w19,68.908333,68.77,0.956386,0.967545,-0.138333,-0.871667,0.595,-0.4,0.42395,14,-1.096667,-2.13,-0.066667,-0.9,0.187742,37,True
resnet18,sweep,resnet18-int8-default_signed-b2,fp16.x-10,sat.w20,68.908333,68.941667,0.95625,0.967457,0.033333,-0.516667,0.583333,-0.2,0.790527,14,-0.333333,-1.1,0.441667,-0.8,0.215327,32,True
resnet18,sweep,resnet18-int8-default_signed-b2,fp16.x-10,sat.w21,68.908333,69.058333,0.950156,0.962807,0.15,-0.40125,0.7,-0.2,0.803619,16,-0.166667,-0.925,0.583333,-0.4,0.596615,32,True
resnet18,sweep,resnet18-int8-default_signed-b2,fp16.x-10,wide,68.908333,69.058333,0.950156,0.962807,0.15,-0.40125,0.7,-0.2,0.803619,16,-0.166667,-0.925,0.583333,-0.4,0.596615,32,True
resnet18,sweep,resnet18-int8-default_signed-b2,sat.w17,sat.w18,48.666667,68.166667,0.529412,0.536425,19.5,16.732917,22.333333,19.8,0.0,256,32.246667,29.349917,35.190083,32.3,0.0,351,True
resnet18,sweep,resnet18-int8-default_signed-b2,sat.w17,sat.w19,48.666667,68.77,0.513661,0.513273,20.103333,17.239917,23.016667,19.9,0.0,267,38.283333,35.286667,41.286667,38.6,0.0,406,True
resnet18,sweep,resnet18-int8-default_signed-b2,sat.w17,sat.w20,48.666667,68.941667,0.515539,0.518595,20.275,17.408333,23.216667,20.1,0.0,265,39.046667,36.08325,42.038417,38.7,0.0,403,True
resnet18,sweep,resnet18-int8-default_signed-b2,sat.w17,sat.w21,48.666667,69.058333,0.515539,0.518595,20.391667,17.516667,23.333333,20.1,0.0,265,39.213333,36.233333,42.225083,39.1,0.0,407,True
resnet18,sweep,resnet18-int8-default_signed-b2,sat.w17,wide,48.666667,69.058333,0.515539,0.518595,20.391667,17.516667,23.333333,20.1,0.0,265,39.213333,36.233333,42.225083,39.1,0.0,407,True
resnet18,sweep,resnet18-int8-default_signed-b2,sat.w18,sat.w19,68.166667,68.77,0.883929,0.909862,0.603333,-0.566667,1.783333,0.1,1.0,39,6.036667,4.466417,7.70675,6.3,0.0,83,True
resnet18,sweep,resnet18-int8-default_signed-b2,sat.w18,sat.w20,68.166667,68.941667,0.866864,0.895837,0.775,-0.500208,2.05,0.3,0.765992,45,6.8,5.1,8.566667,6.4,0.0,86,True
resnet18,sweep,resnet18-int8-default_signed-b2,sat.w18,sat.w21,68.166667,69.058333,0.861357,0.891206,0.891667,-0.391667,2.175208,0.3,0.770867,47,6.966667,5.266667,8.725208,6.8,0.0,92,True
resnet18,sweep,resnet18-int8-default_signed-b2,sat.w18,wide,68.166667,69.058333,0.861357,0.891206,0.891667,-0.391667,2.175208,0.3,0.770867,47,6.966667,5.266667,8.725208,6.8,0.0,92,True
resnet18,sweep,resnet18-int8-default_signed-b2,sat.w19,sat.w20,68.77,68.941667,0.950464,0.962935,0.171667,-0.533333,0.858333,0.2,0.803619,16,0.763333,-0.17,1.696792,0.1,1.0,29,True
resnet18,sweep,resnet18-int8-default_signed-b2,sat.w19,sat.w21,68.77,69.058333,0.950464,0.962935,0.288333,-0.415,0.971667,0.2,0.803619,16,0.93,-0.053333,1.908333,0.5,0.47313,31,True
resnet18,sweep,resnet18-int8-default_signed-b2,sat.w19,wide,68.77,69.058333,0.950464,0.962935,0.288333,-0.415,0.971667,0.2,0.803619,16,0.93,-0.053333,1.908333,0.5,0.47313,31,True
resnet18,sweep,resnet18-int8-default_signed-b2,sat.w20,sat.w21,68.941667,69.058333,0.987342,0.990715,0.116667,-0.15,0.416667,0.0,1.0,4,0.166667,-0.233333,0.566667,0.4,0.34375,10,True
resnet18,sweep,resnet18-int8-default_signed-b2,sat.w20,wide,68.941667,69.058333,0.987342,0.990715,0.116667,-0.15,0.416667,0.0,1.0,4,0.166667,-0.233333,0.566667,0.4,0.34375,10,True
resnet18,sweep,resnet18-int8-default_signed-b2,sat.w21,wide,69.058333,69.058333,1.0,1.0,0.0,0.0,0.0,0.0,1.0,0,0.0,0.0,0.0,0.0,1.0,0,True
resnet18,sweep,resnet18-posit8_es1-default-b2,control,f21,69.653333,69.317619,0.968051,0.976584,-0.335714,-0.843333,0.152857,-0.4,0.34375,10,-0.232381,-0.874071,0.409286,0.0,1.0,22,True
resnet18,sweep,resnet18-posit8_es1-default-b2,control,fp16.x-10,69.653333,70.286667,0.93949,0.955167,0.633333,0.029917,1.246667,0.3,0.647606,19,-0.296667,-1.095042,0.528333,-0.2,0.864166,34,True
resnet18,sweep,resnet18-posit8_es1-default-b2,control,sat.w31,69.653333,51.44,0.513359,0.52088,-18.213333,-20.971708,-15.466542,-18.1,0.0,255,-34.301667,-37.207,-31.399917,-35.2,0.0,378,True
resnet18,sweep,resnet18-posit8_es1-default-b2,control,sat.w32,69.653333,68.825,0.867868,0.897586,-0.828333,-1.941667,0.273375,-1.0,0.174171,44,-4.741667,-6.216667,-3.308333,-4.9,0.0,91,True
resnet18,sweep,resnet18-posit8_es1-default-b2,control,sat.w33,69.653333,69.345,0.943396,0.957946,-0.308333,-0.928333,0.278333,-0.6,0.237885,18,-0.821667,-1.641667,-0.038333,-1.4,0.024307,34,True
resnet18,sweep,resnet18-posit8_es1-default-b2,control,sat.w34,69.653333,69.536667,0.983871,0.988284,-0.116667,-0.416667,0.183333,-0.3,0.375,5,-0.316667,-0.666667,0.016667,-0.3,0.453125,7,True
resnet18,sweep,resnet18-posit8_es1-default-b2,control,sat.w35,69.653333,69.653333,1.0,1.0,0.0,0.0,0.0,0.0,1.0,0,0.0,0.0,0.0,0.0,1.0,0,True
resnet18,sweep,resnet18-posit8_es1-default-b2,control,wide,69.653333,69.653333,1.0,1.0,0.0,0.0,0.0,0.0,1.0,0,0.0,0.0,0.0,0.0,1.0,0,True
resnet18,sweep,resnet18-posit8_es1-default-b2,f21,fp16.x-10,69.317619,70.286667,0.958466,0.969553,0.969048,0.368095,1.593345,0.7,0.092285,13,-0.064286,-0.846679,0.715714,-0.2,0.855536,30,True
resnet18,sweep,resnet18-posit8_es1-default-b2,f21,sat.w31,69.317619,51.44,0.512334,0.514906,-17.877619,-20.660952,-15.116821,-17.7,0.0,257,-34.069286,-37.019286,-31.12325,-35.2,0.0,384,True
resnet18,sweep,resnet18-posit8_es1-default-b2,f21,sat.w32,69.317619,68.825,0.852071,0.883829,-0.492619,-1.656036,0.660821,-0.6,0.479888,50,-4.509286,-6.028613,-3.020232,-4.9,1e-06,97,True
resnet18,sweep,resnet18-posit8_es1-default-b2,f21,sat.w33,69.317619,69.345,0.949843,0.962676,0.027381,-0.644286,0.682405,-0.2,0.803619,16,-0.589286,-1.445006,0.261679,-1.4,0.020062,32,True
resnet18,sweep,resnet18-posit8_es1-default-b2,f21,sat.w34,69.317619,69.536667,0.965079,0.974267,0.219048,-0.280952,0.732381,0.1,1.0,11,-0.084286,-0.758357,0.593411,-0.3,0.690038,25,True
resnet18,sweep,resnet18-posit8_es1-default-b2,f21,sat.w35,69.317619,69.653333,0.968051,0.976584,0.335714,-0.152857,0.843333,0.4,0.34375,10,0.232381,-0.409286,0.874071,0.0,1.0,22,True
resnet18,sweep,resnet18-posit8_es1-default-b2,f21,wide,69.317619,69.653333,0.968051,0.976584,0.335714,-0.152857,0.843333,0.4,0.34375,10,0.232381,-0.409286,0.874071,0.0,1.0,22,True
resnet18,sweep,resnet18-posit8_es1-default-b2,fp16.x-10,sat.w31,70.286667,51.44,0.499051,0.502564,-18.846667,-21.630083,-16.101667,-18.4,0.0,264,-34.005,-36.941667,-31.083333,-35.0,0.0,384,True
resnet18,sweep,resnet18-posit8_es1-default-b2,fp16.x-10,sat.w32,70.286667,68.825,0.831361,0.867069,-1.461667,-2.666667,-0.289833,-1.3,0.111161,57,-4.445,-5.961667,-2.995,-4.7,1e-06,95,True
resnet18,sweep,resnet18-posit8_es1-default-b2,fp16.x-10,sat.w33,70.286667,69.345,0.940063,0.955605,-0.941667,-1.608333,-0.325,-0.9,0.063568,19,-0.525,-1.358333,0.308333,-1.2,0.057613,34,True
resnet18,sweep,resnet18-posit8_es1-default-b2,fp16.x-10,sat.w34,70.286667,69.536667,0.936709,0.953008,-0.75,-1.380083,-0.123333,-0.6,0.263176,20,-0.02,-0.843375,0.788333,-0.1,1.0,33,True
resnet18,sweep,resnet18-posit8_es1-default-b2,fp16.x-10,sat.w35,70.286667,69.653333,0.93949,0.955167,-0.633333,-1.246667,-0.029917,-0.3,0.647606,19,0.296667,-0.528333,1.095042,0.2,0.864166,34,True
resnet18,sweep,resnet18-posit8_es1-default-b2,fp16.x-10,wide,70.286667,69.653333,0.93949,0.955167,-0.633333,-1.246667,-0.029917,-0.3,0.647606,19,0.296667,-0.528333,1.095042,0.2,0.864166,34,True
resnet18,sweep,resnet18-posit8_es1-default-b2,sat.w31,sat.w32,51.44,68.825,0.544231,0.555595,17.385,14.713333,20.070083,17.1,0.0,237,29.56,26.816583,32.365042,30.3,0.0,329,True
resnet18,sweep,resnet18-posit8_es1-default-b2,sat.w31,sat.w33,51.44,69.345,0.516129,0.518429,17.905,15.168292,20.658333,17.5,0.0,255,33.48,30.583083,36.360042,33.8,0.0,374,True
resnet18,sweep,resnet18-posit8_es1-default-b2,sat.w31,sat.w34,51.44,69.536667,0.51619,0.521803,18.096667,15.376625,20.8335,17.8,0.0,254,33.985,31.065,36.921667,34.9,0.0,381,True
resnet18,sweep,resnet18-posit8_es1-default-b2,sat.w31,sat.w35,51.44,69.653333,0.513359,0.52088,18.213333,15.466542,20.971708,18.1,0.0,255,34.301667,31.399917,37.207,35.2,0.0,378,True
resnet18,sweep,resnet18-posit8_es1-default-b2,sat.w31,wide,51.44,69.653333,0.513359,0.52088,18.213333,15.466542,20.971708,18.1,0.0,255,34.301667,31.399917,37.207,35.2,0.0,378,True
resnet18,sweep,resnet18-posit8_es1-default-b2,sat.w32,sat.w33,68.825,69.345,0.869048,0.897907,0.52,-0.546667,1.603333,0.4,0.651588,44,3.92,2.569917,5.303417,3.5,0.000103,79,True
resnet18,sweep,resnet18-posit8_es1-default-b2,sat.w32,sat.w34,68.825,69.536667,0.865672,0.895398,0.711667,-0.355042,1.816667,0.7,0.371298,45,4.425,3.016667,5.875,4.6,1e-06,90,True
resnet18,sweep,resnet18-posit8_es1-default-b2,sat.w32,sat.w35,68.825,69.653333,0.867868,0.897586,0.828333,-0.273375,1.941667,1.0,0.174171,44,4.741667,3.308333,6.216667,4.9,0.0,91,True
resnet18,sweep,resnet18-posit8_es1-default-b2,sat.w32,wide,68.825,69.653333,0.867868,0.897586,0.828333,-0.273375,1.941667,1.0,0.174171,44,4.741667,3.308333,6.216667,4.9,0.0,91,True
resnet18,sweep,resnet18-posit8_es1-default-b2,sat.w33,sat.w34,69.345,69.536667,0.946708,0.960321,0.191667,-0.366667,0.773375,0.3,0.629059,17,0.505,-0.233333,1.275,1.1,0.070756,31,True
resnet18,sweep,resnet18-posit8_es1-default-b2,sat.w33,sat.w35,69.345,69.653333,0.943396,0.957946,0.308333,-0.278333,0.928333,0.6,0.237885,18,0.821667,0.038333,1.641667,1.4,0.024307,34,True
resnet18,sweep,resnet18-posit8_es1-default-b2,sat.w33,wide,69.345,69.653333,0.943396,0.957946,0.308333,-0.278333,0.928333,0.6,0.237885,18,0.821667,0.038333,1.641667,1.4,0.024307,34,True
resnet18,sweep,resnet18-posit8_es1-default-b2,sat.w34,sat.w35,69.536667,69.653333,0.983871,0.988284,0.116667,-0.183333,0.416667,0.3,0.375,5,0.316667,-0.016667,0.666667,0.3,0.453125,7,True
resnet18,sweep,resnet18-posit8_es1-default-b2,sat.w34,wide,69.536667,69.653333,0.983871,0.988284,0.116667,-0.183333,0.416667,0.3,0.375,5,0.316667,-0.016667,0.666667,0.3,0.453125,7,True
resnet18,sweep,resnet18-posit8_es1-default-b2,sat.w35,wide,69.653333,69.653333,1.0,1.0,0.0,0.0,0.0,0.0,1.0,0,0.0,0.0,0.0,0.0,1.0,0,True
