file_name	image_id	width	height	sha256
000000289180.jpg	289180	640	435	965272b67880bbab4f9c3b664948f98f88f37624e0f32a19c3bc249fbab49958
000000227952.jpg	227952	640	426	9020b6a4d65a3cd8f6b6c68bbc465bf2320dd275ae36a19e95b413503ea64d17
000000146871.jpg	146871	640	432	f51d988df82b5e2a72933dc15ebff651711f1753fe7cf97163750f23623c163d
000000236990.jpg	236990	640	480	63f3301d2e3580db69abce069e4e46d7c743f93cfe20806bbb71f2a7fc66ce1e
000000298443.jpg	298443	640	427	a65255331041262a5685cac15a774e3dc8e0f863a3a9c712ab04a754052f2f94
000000388807.jpg	388807	500	337	80490aeaf795855ef5a16f0d30fd0e635b67c9b0183db32fb7c3d325da8cd64b
000000450314.jpg	450314	640	480	b904e7403bdc9a1b55d67e354ddd326a479b2d5034e916d6728e3713daadebc8
000000194231.jpg	194231	640	424	d619f9cc031dab86d5a6c8910ddbff1f2d1fdb03f884aa85ea58e28992dc25f2
000000531032.jpg	531032	640	424	79dff36cf7b75ad55bef8ff8926713e5aff0aae3f727fd66a5f14f8c3736786a
000000527446.jpg	527446	640	480	51099fcdffb74e6e391e7f1f14ebe5f082ae9775526c83da3718f74a1149c4b4
000000332543.jpg	332543	500	400	51668a4c7aadf7b502782abbbd7648b995ae0703ffb810e60f2bdc6b07aec002
000000268122.jpg	268122	640	526	d630335a4d8c46dc059c22b5409144b8bdf976fe0b94bbd60f790144f7cb282f
000000405742.jpg	405742	612	612	7aac7205f8c39155480df7227a31d5c194f5467d7290a36aced6b7fcb2e1ec43
000000240434.jpg	240434	640	427	9c1c8da8bf43d42f311c80a9dc5aa0fd4f5761764b86171b5ce21d944f1013c8
000000300264.jpg	300264	640	427	67a2060914c9fb2a1cfe6beb670eaa027483f0de33cb8e5221a0e36ce7b178ff
000000395192.jpg	395192	640	428	947c765707756d53176fa040ad88a3400aa01ba5f65a09a0182a26ec6121c1fd
000000316059.jpg	316059	375	500	bbeec9f2f40219d5db06cb15169a9dd529be37742ea0d7d7bcd9cd1e6e237537
000000557955.jpg	557955	500	334	e25992e80b91b028d0001105a00a79b7374d15c14923471d43521b76c6fa9538
000000211172.jpg	211172	640	366	8344756ee7de5ba98d1cfb9f2db0cd21c442dfe7ccfb09bcf28fe10ec642c6b0
000000056594.jpg	56594	640	504	9fbe9d2d409296d36bbba62afbfb996e0ad3e952c7a0346967c3407a4b70f19b
000000064116.jpg	64116	640	360	2c3ce7233dbc7480fa06ce709e9a319b8f1807fb56c20647f71f63f73c890b4d
000000397433.jpg	397433	640	480	e2f1e9586abfb8d609a99fc1c8c638a5009174914295d1e75a97daece7d34fea
000000445397.jpg	445397	640	480	1f587cf1041bab20c864e7252809e5a53030bd0245556c97e7a91f498748a1da
000000337517.jpg	337517	640	480	a7b1a55c5aac8021b0261765ba9658757b398bada10857a5519a37fa97ce2116
000000524110.jpg	524110	640	427	a312c406da7101c4ebd05e7396de8de8e4cf70eba35c2997370450a76e05ce67
000000414421.jpg	414421	640	480	537bf54b4a81c3a328966dea4fe28d52d8a16ecd5591f5a869cf75c931784dc9
000000464312.jpg	464312	640	436	7c5268167e79428e90591bec31082be66b0b6a961ea5cb7b56c047913f902d9e
000000263512.jpg	263512	640	480	263777d086d89823b8d729559024ec3e0807de01220b73ee17254f64550c4a30
000000313948.jpg	313948	640	480	a6eecb661a346205de2f29c006a0cfc282be02e7ab00fbe6079da40245b005bd
000000233900.jpg	233900	640	480	4bfb5fee714d008e7595479f0ba5edb44968dbbb761a08f08833f7620cafbdb6
000000187099.jpg	187099	640	280	6005a3c4f58b05011c25b42ee94986d1278dc29bf06148a0d825a125dd64a512
000000132883.jpg	132883	480	640	c46a361395ddacfebc67d9e16c7a401cf43c7bd6e933f099bcceca4de40e285a
000000099041.jpg	99041	640	640	efb169ccd74a6e718d0a73287fb4819003a9b7af87f107464f6b6e0080f639b0
000000506058.jpg	506058	612	612	260e8a66d2eb07f0cb4bf638682a1ba7bcd4fd70ad1cca38f4fcc8051d29029c
000000201662.jpg	201662	375	500	362fc667f2e5af6721352eef98238b99a76ef04588d3107f286dbe354a3e0374
000000087141.jpg	87141	428	640	96bc486e9a1bd3ae0c46c0f6d287fdebb1267ba5cd6163b0302f80061f98becd
000000118974.jpg	118974	480	640	cf5c6c4d95f2dc0799b48ffee99d6c9383bd3ea02019926230f8fa9be291cbbb
000000216817.jpg	216817	640	480	e7f4fcfdf5d36262fa06af4b5a4e11eef322bb3cf40a5c88dce44b3b959e3491
000000145101.jpg	145101	500	375	322c40b06e710d45c9360ba8336970620607f50586a478616443ea5d8e829af5
000000427756.jpg	427756	370	500	55ee017c9b3d09892cdf86cac430bfa1c70834547f4bc6e59d7536c90191cbc2
000000078320.jpg	78320	480	640	3f10388bd7001a1cebb19b5016354fca2c10f9c423254d4be9528ede0a765315
000000053426.jpg	53426	480	640	7e0fd575b23f827a6e2c23c766b147730040c26d5ca4e2d6d5618db44a4453b6
000000038073.jpg	38073	640	480	f3727eb93462d03bc684cb4625df27f0c6617a8114efb04d5369c1963a1c24d8
000000435795.jpg	435795	640	485	2aca37bb43f64e04cfdb18f813db47f3c821ee9964b319f502c23f72b22524aa
000000445745.jpg	445745	640	426	ddc19bde811db8dc5e30bbe73900b5ed7d60749c2be0e520488241b8eb6dbc8c
000000058364.jpg	58364	640	428	78c6482a2a133cffbf2cf2ff1d0174da22332bf9c3e9c1599117d898adead73b
000000098987.jpg	98987	480	640	637028dab0fbfb8aaec90c723bb0f0853ccc916c8e5c18dcfe16e667731ac205
000000141166.jpg	141166	640	428	8e52896ca7c5ba1bd263d3cafc7a92a6568f07286d268b5ba47305071711455d
000000400475.jpg	400475	640	429	17f82eb7da4a966c264f83f2b0f71c0827b4d9f72fb1448b51796a37695ba37d
000000299305.jpg	299305	500	325	5ed1b8089d42b58063dc57c35eafa6e313b1b79415bd3c668779d44bad84fa96
000000239235.jpg	239235	640	425	5ab5337b110f2d07614dbf4f4e32bcc94631ecaf5ab9651eb0ddfd26ebb8f883
000000219442.jpg	219442	640	428	57e0ed5b3ecfb848b50a65c09685533cef29be5f2f92c15e53fed4dc290b0081
000000002217.jpg	2217	640	480	27454b6c7b842d837fa3d813c626d7ea51a436760c189aff0da9277030f50b09
000000446481.jpg	446481	640	427	5b856e243f36478b8d5a6b72cb7f6173c2fe253b4746bcf36b4b4ab49cdf5e48
000000394175.jpg	394175	640	457	9cdba264e7accadb95ae3f12839b27baf9cdb69a853d950d2a40c0d6958a1306
000000286569.jpg	286569	480	640	8e4cd50ffc5adc623c09f48ca5c4e895f82d891bc3b74018e22882a30e6bb04f
000000540564.jpg	540564	590	640	25d1f4cd13c9c0412fd5984d0558c60c0612e89f15730181f70c52618c6ecd9f
000000335839.jpg	335839	640	480	fc46f46949b1c5a3a17fbfd32adac1e7147f8ec97b89228d43c56ccc1749cd5b
000000037433.jpg	37433	640	426	b62e2d512770687af5a1331c6fc3fc0c8a53daf2bb38906403fdf94e4c2a1730
000000494794.jpg	494794	640	427	9d8b820be84ffa414c579ae70166402a920f6c53cb17aedbd2ada6ed7985c46c
000000225479.jpg	225479	480	640	096d427f44b308811054006e2f2d2058894d8d803854ea3ae04955d0b7275f9d
000000160102.jpg	160102	640	427	c6f72018c10d393fb77e2b2436ef8778453e81c7997a25909b9be78b16d80cfe
000000402855.jpg	402855	425	640	b2fc54c2517e77a42fc5c3d157ef960386eccac9c8f867c7f5232506568cb3ad
000000070657.jpg	70657	640	480	1bd45b7800bf54b515093d09c5703d8cdbd9a2a725d822e70841a0cef0155f64
000000412090.jpg	412090	640	428	8e748b039221891afe8c03a2ac68957af29b36dd26c43e20079effc88c06b1bd
000000352748.jpg	352748	640	425	ab4dde6c910613397b79b321735cdc73c00f9291b99010690fd201beafd370ef
000000050972.jpg	50972	640	483	57e5ca9cab8fd7d6ea27218196d7be6320e409e3755b9d6186024cb2a9d1c440
000000261541.jpg	261541	500	352	deb1240509f10cd1241dd442eae951c66a1ae4deffebb7a81b4b8fcae58fa57f
000000338989.jpg	338989	640	424	0d5866d75af206b18c88851aab9d9416a57842c0552494a19bb00efc72592108
000000121326.jpg	121326	640	268	21b14e3afe49f7fef41c4533e4b3870c9b95f6f4c22175fb21fab2476b48a7f1
000000421406.jpg	421406	532	640	0349d488b0daec3733f9d4fa3602f07827371f1b50ec776722b840c9d24348d1
000000456652.jpg	456652	640	427	f62afe5017fc5aa79bf152866b5b679c644c1ad17c2844756d57847c45bbc24f
000000059870.jpg	59870	480	640	4960ec8ae73c31f0d54ecea387deed579709a8d53f8a552a2ef9e55170dd1a2b
000000318405.jpg	318405	425	640	4c99448306fe26d04b2d95334b3ca72368ea16f34b3ddf4f07332a29a9598478
000000217156.jpg	217156	640	480	717dc2b8f76b5f70e9e5158a56973efc121bb799a121aeb80d2ae4e60e1542c5
000000189583.jpg	189583	640	480	62be381c58ab0e4993f671f5cf00f43f56efa17bebf871fabb1fd175523078e9
000000131884.jpg	131884	480	640	aecefd5c25b8ea654920da9e1795dd30185c99dfbbbe428169442246653a8989
000000511254.jpg	511254	600	441	2166ad0a55cf9925da6ed5595650c09bb336d778ff511fa374bcfadd7d7d9649
000000423935.jpg	423935	640	434	9175fcda3e96909012d6735a7d98fff6378e17f1c4f51a913ed29df957faa89c
000000158432.jpg	158432	640	480	3c71aa9e2b23a83bcc2f14095b998c74518f75f79e1fb4bfd5834f43caf9b181
000000087227.jpg	87227	480	640	2f4a365807c5fda67570879f9de2564d551a38285f6f458180a017e031efc52f
000000517958.jpg	517958	500	500	47d90acf20c676bc45483cfc66b6283337441a80ff48310364d9c1efa4f4465e
000000538006.jpg	538006	640	425	c74f853160b8d0914c8c23b072a0fc3e2c56a201508d0e39b571cd6ee46a7e4d
000000129566.jpg	129566	640	484	a3a4166502af02355eaa19922363e6a4637c0a80e1e74dba5faf58b19ba31113
000000469777.jpg	469777	640	480	5576d4fe3d619a88cb2f94e49e20cbca7febf877514bc655c6f1c2541eb64b8d
000000528966.jpg	528966	640	486	57d53c991fe4c1b7aea07014b95dc85b1c03bf120f6748dfde0a8026963ce28a
000000531967.jpg	531967	640	480	2591037974374d39c36de2937cafb495fa81ddf57aeca4808108baf38acb7267
000000324584.jpg	324584	640	430	05a2474b0771cc1ca860e0936abdd16b0aed001f24dfff933d54e206003a5d08
000000324916.jpg	324916	500	273	e9e4c4b0598fc27f2198286c1a2d27d88eba27bfc626f5dd3355c4561c1f4ea3
000000417478.jpg	417478	426	640	8dc8e1e7b3b741eeb0240b471518cdebb20f60f99f7014f99afccd11dcad4836
000000417627.jpg	417627	640	431	622849104bb73bbccea032b0ace6bcc15bc02cbf38472c5b0c82748333e05b1c
000000175954.jpg	175954	640	480	98c25169d4f90ff0c139673eabe4268c95854bfcd4e0ac4973d5b06790c57708
000000000192.jpg	192	640	480	146520b06866c3b199697a6525a3d3d86cd6a5a99d175d7fc887319fafd7b62c
000000505814.jpg	505814	430	640	a189244687874e7bff03ad21e04f6a2bb6e12ef1f42b82a35f52a86e50b31442
000000438432.jpg	438432	640	407	7dec9e73dce08267434628c1a5ef148e255561106797b490f9ea25cda44ad621
000000280643.jpg	280643	640	425	9db3c9894181bd5e3d419b2f6111a73346f49f19770c3479bc24bb0b817e7b1b
000000260094.jpg	260094	600	400	ea0c88001286731d8948717bd5553a9bb9b51f1e97364cf4684a91a03455067f
000000443634.jpg	443634	640	640	2395e52f739553b0839b6fd92e1dac1c0a720987b05e7887d32a4e299769e2c7
000000386012.jpg	386012	640	350	5f5c71bb4559048098e9c54f678c1aaa6f09b15dbe2578e51a189166d5589610
000000279931.jpg	279931	500	333	36ce4bae033fcb0c662a8f862928e40f0dfa3e51af6b5cbb802631003ef77659
000000398175.jpg	398175	640	448	2409defd84130344d4b0883b240c62a6666a9aac78363fac6817fe6773bb17c3
000000009488.jpg	9488	500	375	d47c5eeab9aaaa4e76ba532b0e0ac0f2e2c36ae5a8b72623d9f8f2d3768a5dcf
000000009820.jpg	9820	640	381	460d4812bdfe7f0afaf884db198d93cf67f612e676abaa3f52157f560b3bd964
000000193452.jpg	193452	640	480	bdd50d7e8df231e642503a55b89c62fce8f5154d09d1fdb7fcd3a2e7a813edae
000000002444.jpg	2444	640	427	f3393cc16a3fce9be9a85501a048ba34fc8f04cbd3fbd7f66a14c9ed9bc8ad20
000000209513.jpg	209513	480	640	080cf430acc3dc8bcce8622688bba63946bd552a5caa833f5e0ebd940cf65935
000000288246.jpg	288246	257	362	fc96af24fddedd90013e0de5606c3fe7c6802bc2a0b9ff78421bb935bee3072a
000000050980.jpg	50980	480	640	0a5e4d70e44fb2f876f716a6b6e97043eeb5e43bbc825a7022f3213b182641a4
000000210795.jpg	210795	640	480	9687d7f5e17af9652deb73e31a37e3d0974d626740a453d1d8628a440d6530f7
000000184123.jpg	184123	640	480	5e302ca95a62382a87362ec5d7b5c1ceb534ed016eae90d904d99cc2bb65b631
000000543268.jpg	543268	640	360	ec242c476b828a222168eb9aab038824f8be8bae3b5fb8a4b058bda6dc3f472f
000000426853.jpg	426853	640	427	48b175d4fcae2fbd63b25592a5eb59cf4f2d2882243c05103fbc81b153626def
000000329502.jpg	329502	640	480	ed38b4445fbe9e067a7bc9fbb1669ffcb6af11219566275638733a9bea1b6adb
000000551175.jpg	551175	500	333	85f370c5d3d157461b16400a2377fe25d15e25f41520f5671af0190f6f7496dd
000000268856.jpg	268856	640	427	7d035edff45d63bc98b27240583d372855c5eb68f7eaa7aa29b4eb0df043fc75
000000380920.jpg	380920	640	456	4954ce165aaea97c3bead09340e3fae69ac54e4d7f8ce2f97c75374d6832c36a
000000127278.jpg	127278	428	640	8d18cc30519cceed0b728f3ed5a0b4a28878e93a8df02d2ddc6851cb4c9e89b4
000000407291.jpg	407291	640	428	d444430511f992cffdea538b4d1e3140aa0aba8097fbc3a635d07e41b652a98e
000000288025.jpg	288025	640	480	ee499f637744218fdc3a7b094a7a52169bc48a1254206f2917bb5e6e98b9bdc9
000000008520.jpg	8520	478	640	fce59aa75db43bf638964a8f85ec29465ebedcdf94b82f904270835343484e7f
000000214009.jpg	214009	640	480	feca55a300fe6557adf7c63a87f4e13b0b62b770e97411296731187b08f48cca
000000101694.jpg	101694	640	427	3b62010eb0bbb16c14d1fac4bf8c802283541f4ce3bcb6f7f5e6befe39e121b6
000000472394.jpg	472394	500	333	4c7fc431751dafbcc1da960429f83b63d0cab44cafd602ffcd4b0524eacd8a3d
000000019198.jpg	19198	640	424	44426850815f28ef7022f4527758005ccd4ffe1d9ac200281204beec2f277547
000000507886.jpg	507886	640	424	ac966d0a057fa1742c1089b6684009810cc5c558443c57bcd117b05951e244e4
000000499537.jpg	499537	480	640	d034896d4dd9302c05fb5e4b584d6baba4576135a959cb2e714d07805bfa804e
000000130192.jpg	130192	480	640	6522784f0cedf0d25c7e11c86f850de24ee749e027d6c53c1fcbd0ca47e949ea
000000322121.jpg	322121	640	426	1741b3a99eeeb79bcbbfb0d14a0a07049b45240ec048bef5923d84dd3f287503
000000103332.jpg	103332	640	480	b960c3defa5ea246c9a166b7541b08e2d6973edd0da930bf50049312bb39f7cb
000000189356.jpg	189356	640	424	866995938f16166da818bb96864cd9e5efe3ff01d2ac4df362750bc14b4e321c
000000141414.jpg	141414	640	426	ab9347f1ce81fd8642765631d45d61768af77707057efc69e1bcbee11606faf1
000000149155.jpg	149155	640	435	09dcbe24536bfae886e4b3542fc59c15d2f5c479e175c0de3ace994fd3ea1349
000000053965.jpg	53965	500	375	3407e237d1106918da2ba028635240860f42f9e88c938d66e31e7db5097c914b
000000253362.jpg	253362	640	428	414aa61d31f4c951aa9b593e58dd7567fc677c558473c84f322b9b83d70608b3
000000524611.jpg	524611	640	427	3d48a0375cc0e1acd8f5d71560f9be39821516fbbe9728411ee41a8cc0f4d13c
000000196453.jpg	196453	640	384	ea9ba63ada8934ef901779a0581445aeee04b3402404d0205a4a78e2c7b9f531
000000411815.jpg	411815	640	420	6028f970844154c29f0d83464ec5358096466c3942a7b81811b5e18ea63686f4
000000495457.jpg	495457	640	438	c30770a58ea89624ded86e130b751e2063e7c64940aa4ffaf66e235e35195529
000000308610.jpg	308610	640	480	7d5dcd89bc342fae4741c31f26ab9d4ab4021f4f20353db3ba380b10c5fe5632
000000308996.jpg	308996	640	427	5e185b61f419604773563940431c89a9f9eba58b50154ecbff19eba04e642068
000000513765.jpg	513765	640	414	ffdc30dbcbd8846b80c4a39fc952362b4e1ca443b852ca4f6a0d4ec57a10e9bd
000000279421.jpg	279421	640	427	cd04d255ad85720bb20fc93162378333525860416a176a7334c445377b255a9a
000000399547.jpg	399547	480	640	148c4324bf328746ed7c3f93b60e886b92e4bf4e0332378a2845eff82b214a9e
000000091195.jpg	91195	600	480	4385ff6ba488adcd0176607526f5ce6f8c184f1955b61db02939ed648034294c
000000301169.jpg	301169	500	375	cf25da08eaedbeb7675e3628b7e46c05922ad1aecf6c50463f462481af14a59b
000000030049.jpg	30049	500	333	0e85eb43327396ecb207d226f4056eb968cf6cc3e6f06dd7be4ff8ae1da4f35c
000000024181.jpg	24181	426	640	936b564d1931cc1c457e600b4404d4fb89254ed09ab0d2453c0a303a8ae74dcc
000000226378.jpg	226378	640	479	2d5703f37ccf05afb868220d081648c28a5402e3d25e43b8418c3ddd7f022797
000000215223.jpg	215223	640	427	203afb84fca199092282bd7a007b1988403b36b7823596d3639ab4f74893b64b
000000560566.jpg	560566	612	612	0206c74060c0f150e0c4ec2d71f07ae5698fa61d25e521b1c699a8b3a7dcf3f7
000000531963.jpg	531963	640	427	9daafb0944774a73cfb518d9cb644bb3c7bb68db0ec02252bbea8bb07a80d56d
000000418057.jpg	418057	640	427	c4c50c58699c4282b290137d49eb7cea0f98f507233eae5f6956ff6de82875df
000000408111.jpg	408111	640	427	83977c2160b24cb228247f5754150521576633c3987ce7090cfea65f3bd0ecd6
000000402505.jpg	402505	640	480	4156d24fb5ab50cb87002e255928f080e97f6e6f2bb27ff95cef68e2d7672c60
000000141709.jpg	141709	640	480	76a56a08daeb30c78c8816467f1c109ed213563558a0b8bf8d438ab0d6bcf4ee
000000224476.jpg	224476	640	428	a7407ce0cbb25a2e2e686cc6776913d15598770221cd9b091ffe966dfff00fd7
000000154648.jpg	154648	426	640	01293329d0c29391fab4dafffca204053bd50bd5bfe70214087bc813f83e0194
000000108326.jpg	108326	640	425	652f6585db61f998f250f62c80e4f98c05db812a9a550c1953b156f508b75420
000000157424.jpg	157424	640	427	871b0a76cbeb4a38b7066945a0f2accf94a3984c1af21fd1a046f50b79a06d21
000000537258.jpg	537258	640	426	a53cf593e2ae3418e22d1ddd05550e697ece4a4639127f18b55aae983cd55680
000000458168.jpg	458168	640	425	9264b24b826189e09bb8a4f4d21e330e598093d016b738c32eed31c943df8607
000000216468.jpg	216468	480	640	476afb68222cbce047819f08db4d73035a84f6ec08900e3dcf7c9034adbce8d8
000000390001.jpg	390001	640	480	82ee4ffe8004e623a7491d44006803c8173026ae1f04cb9e94231e6cf1531b67
000000363991.jpg	363991	640	386	2508fdca90a5c90146b6c765ec9fa23fe264501c905b5db0ec92a5be26cc2f54
000000512547.jpg	512547	640	640	efe4c0b50ce26090d47af4a8976a5ad96e1104d6e325306a2dfac586049f6655
000000259498.jpg	259498	500	333	4c8efb35f7cb413fe028fbf9c1e06e1fb93521e426576abcca8722864d6a59e1
000000067948.jpg	67948	640	425	10e690258d9c3494761d30634b425de59b6bc5b5e521966cb635d617583d6b90
000000053088.jpg	53088	640	427	3c39c5948dd91a83e7a9e1f95948e533a12d33a1339d0dd57f0563a8af13b955
000000550787.jpg	550787	500	428	67fb7aa65c398530f6e2bdfde4bdd7da182cd6b5804a99e500ae60afd59522ec
000000572608.jpg	572608	640	513	80142f378db15fbbc160fcaae024a3e51f1b2d92d53c265393a9a0786cf435c5
000000372258.jpg	372258	624	416	22aa6ccff26ca579183b5a09c04b3d00af4c9a75fabc940132da403058a7f692
000000456356.jpg	456356	640	480	2a51f0752acc55b6ad073412732fdeb6d5a33834c91a481a8e412b9ec9ccba8f
000000534751.jpg	534751	640	480	49a0621440899e021903d3b05f43279cc9eb82514dc092a5e46f5a6141a5c381
000000537304.jpg	537304	640	425	8758db86a960a478373a3ca934785fbbe5edc22fdf57766762b0a24d97dc1f09
000000465779.jpg	465779	640	480	9cf58cc5fa72789837af1e72d603b840c774e26be8d33785d3a25156e7137f8b
000000483771.jpg	483771	427	640	8a5fe0db1984f0d3e7af1aa56fe8cb80caa0f298515751dddf01569f0d1f460a
000000130984.jpg	130984	640	264	a871c46198f9d3b6cfc644a3a86b3050b4335f63877fafc686b07eb67772774c
000000223598.jpg	223598	640	480	21e8b380c832fb9429f9f5dcd3d080c26a6bf28d7a027be4da3ec54b2ebcd5f3
000000176271.jpg	176271	640	396	706927557a0e3d186fdf7ed49d0fba344c3d39325d59576be0497e0226e49d57
000000171875.jpg	171875	480	640	3be534ee096318b4bce1d548913eaf86fc12000fffe355e2dd5013c2630c8fac
000000256778.jpg	256778	640	427	aba538e785e629d69e6bee010cb9e28921bd2e18bb5d6a05307d7a801882b801
000000459093.jpg	459093	640	427	48c5a645f59b983496a94c8b3acb68e8f0c53bd7945bcbf4afad537f22053262
000000367952.jpg	367952	640	425	a4b8a413516fd9e9891ee504680349c370134f8a6c69445e5438947e2e5c031e
000000293368.jpg	293368	640	426	24ebc11c2d154182eede7db5828e04182dfc2c8ec55acfc84904aae054b9ec39
000000156503.jpg	156503	640	480	527b3fc3e6b70026b8eed7fb2a5beebda71089391a110b250e1ee89e8da44d23
000000119015.jpg	119015	640	478	88dbcdfda34a1de6aae113f432facf9fbd5d0b38d049c2046ebfcc8db6919595
000000216432.jpg	216432	612	612	77ee33f9b2a33419dc61ba42e22ff4ef769e710d53bdb6ded13553b56071d34f
000000177255.jpg	177255	424	640	1b71cf0045672678736a2027b71374c722de8affc8fd3c791a0f5ee3a8f7fd73
000000393432.jpg	393432	500	400	7fea17a4554e3680b35256dc12ccbd9059427c88020677281d625d046f7c158d
000000185760.jpg	185760	640	480	15bc8aa96d217c54e134bc32495c307fe68d6cd99f24610bf8f17b3ba36407f5
000000103556.jpg	103556	640	427	463f0872a3c8e942a3d9b14ed5cafb33c7c1d115b161706a33ba925c307fd263
000000026676.jpg	26676	640	427	2395ef91051c9b46ef5badc7e7abf1f2b591ef8912a5185fc4bc7055ead12a09
000000547597.jpg	547597	640	361	1a7eb8bd9d3c6b43e57bada734879c1f0e38986b4913f0dabcfa16be8a2e4bdb
000000513136.jpg	513136	640	480	8f62a2b4469947a7f75275c132478a0eaba07197f763ac7b6e896021df89aeb0
000000013490.jpg	13490	640	480	79cc37c3c7ce17401c2cb7cafe985c4ba88361abb40d4bef2a9289c43dabadf1
000000416651.jpg	416651	640	523	e18ac1f3fff7128cb51ca012f44ef23341ede624e8ede6c9fac55a4e3969d014
000000045573.jpg	45573	640	426	c0a2ca717fc53761fbfa488731b89a657be2a1801f346d5fda9692f4deec6712
000000161924.jpg	161924	500	333	b657b82348cb5fa67bbd9f13895b767137fc9ccd1184636dc8a15b7360c9e45a
000000545671.jpg	545671	500	324	d2de89e44c1e854d07df39d5644113649f1befdc16d9764c336a2020aa543bae
000000333049.jpg	333049	427	640	365540004df8aebde0efa4baaefc885d522ea7bc627ba11087fe217e9938eacd
000000374946.jpg	374946	640	480	25ed530e546386fcbc7fa2da5842ac3dfdb0713f10c731abee849180a95b59de
000000378747.jpg	378747	640	359	ce12771631e88006bcc00c8cbc8d936d2ea8ae1e542724e59f86885905a8e088
000000353206.jpg	353206	640	480	b967f7e4b70dac185d3abf754a676be3e84cd8b320f06c5202d966b3718f83b1
000000409736.jpg	409736	640	480	777f3600d0c179e624e8da89e1dde3075fa106e28d9d2d5e211941a69839cef8
000000193062.jpg	193062	500	481	af3b3d24ff0b34d51ad1fb8662952f3a7c6b1a901c73b6469ccf6a3c567fec89
000000399465.jpg	399465	640	331	b5b05cc22c8aa9e586fe07587415e835df301c920f4b55927813c56fbc1a856c
000000050778.jpg	50778	640	426	71fb932975a48b1fadfebeb761949c36b060abf6cf8de9a0d50cce1201dcc6ad
000000125512.jpg	125512	640	427	08303832287992b1b05d5da317e174fdd75af6fc450deac9a656fb4e5109e900
000000301261.jpg	301261	640	480	acd81f8eded69092c68df536f65d435a5ec10b5a35c373ce29016b2c3cd4afe6
000000297314.jpg	297314	640	423	3006a1e043bbfa5f85ef8f2e33b99a56206afddd3ac043794ae4df921c6dd3ea
000000483378.jpg	483378	640	480	bf5618caa7c3227ddedfe0a5827566cdece78393d51b7f60269311643a81bea8
000000438867.jpg	438867	640	478	c617a0fd29a3d8b8784e6b6dbea8eb006392cdb57ecd43cf472fd4b0269445a5
000000493321.jpg	493321	640	431	90700ebec885be2eeebf9f07d8329c6d04d4800e54f6a368d2fe10f230fe9caa
000000469914.jpg	469914	640	480	3e62dc44a8b4a2970ec59c51f3aabf8b6ba08d84a3445a595a72b7745f372d5a
000000487718.jpg	487718	480	640	e35946a251d3357f7c00b03eb0c5d336f03dd76812706d9557bebf4a6d384b88
000000257426.jpg	257426	480	640	b8c50f9e159ecdb65bc12ba94d9c81ac7d6d1a46da55121ba78e9b65a28079ee
000000546279.jpg	546279	333	500	0e6d7c7d40d11e01005e6cf0a17bc44f298dcaac5407252c2da2550db300ca06
000000331339.jpg	331339	640	359	f9fd1f2d53dbb7056e86f211c9ada4b0aff3bb143a08547f3221a32fef34ec6b
000000476360.jpg	476360	640	640	eead7bce95116cecd8f46f5ca4cefca4250c0619f5132843d9d91fad112b280b
000000101952.jpg	101952	640	425	3888dd4653c7e901307a53fd5eb1d72f6b57c701657fa82afcc79791aaeb1b42
000000443635.jpg	443635	375	500	66a55ba6d5b7fc83458d915a3361c640541eea5f86af9198ddf8c220cc277a23
000000551472.jpg	551472	500	333	e3b5ad72e99b6a70d870c0aa7630e6a1c67e924494996280dc602e41721af55e
000000071754.jpg	71754	640	480	d7cf39b7cc69bbc7153c2b67ac539a836c4e345ddb8ee625a9768c2904ddab6d
000000229262.jpg	229262	640	427	34050a897563050ae48565e1e9d37fad84d12149a90433d6569502266f362e2b
000000100337.jpg	100337	640	484	304d0d06f835def18c2d1e39475d0f7b2756da3002db9210981db08a268e268a
000000502816.jpg	502816	640	427	68df8d8abac866d35f11aabe1156f1d84f5d42fd30d2d8d0d6bf7d8bc689d554
000000295695.jpg	295695	476	640	c634e16093b309da18eb792a0305cf774cef71e0a662c58a47933fb232c88555
000000073602.jpg	73602	480	640	1d1bad82fea202d71066433975eae2dd245be8374b5ec78a10c526a492508812
000000379343.jpg	379343	640	427	3d93e9c926a70ee57dd0db00bdb5078112775a712ca0d2818cd087abb8fbf298
000000456251.jpg	456251	640	480	9cecf6fd676199be5a5224d12cb7bee8476550607da31f0224a372c4b93509e5
000000307662.jpg	307662	375	500	efd38792328100ec10b2aa1375872c7db7cb3bbf4814771175aca353857b7e50
000000408571.jpg	408571	640	480	ac1f6e39905224c5a0e390f2413f6a9b73500a71ae46c0b7a80db8f40fea94a2
000000089359.jpg	89359	640	480	cda2badcb81499b30610bece4ba0db79c01a640d12b8f4a2ffdfe07adf803277
000000290618.jpg	290618	640	426	603436bc57f8f43dd7aa87ae3e38bbdf032eaf54501fe1dd2045894381ed1f27
000000184159.jpg	184159	640	427	2622e0a01d93f248a1cac20b06c6348e3a4114379d657899b8042ccd4d7987c5
000000208594.jpg	208594	640	426	1e9ad7a6e9e7db476dcf88d123a9a50f029d51effcea2a035b8a2f00b25e9b22
000000084758.jpg	84758	640	480	32587465ce03acbfa20f20ab580ed9346c0cfbd1288d911251ab6825e63eebb2
000000021968.jpg	21968	640	571	ae35b62a3e037a8dffd2b39afc43a0d8de7d3a52934ea15001b9e07d5d6204ce
000000398172.jpg	398172	427	640	c0227c8ddca9222de3a389df6f245a21b26e70f79b7fbbb80e8ed11560aa9063
000000194722.jpg	194722	640	427	c84636b017c9d6a83628aea7284b7ce7eae8eda945dde1320c22eaa2f421fdf0
000000077222.jpg	77222	640	457	9289d93338df89768f94f6dc89f91e61fa981eeeb275fd61fb75bb70ebe42641
000000199404.jpg	199404	480	640	9f338169d98f9ff730d446544d6a3c4bfcab8be4c891280c103b602c97a011c6
000000093391.jpg	93391	640	480	d1f9b3fb10e6c0963a2e192dbfe2bcffd399e24dd4aefc18bccd612b1a52955f
000000212914.jpg	212914	640	480	d8b5aeb92a87da2470d04a4475e8954c998327da5e91bf9ea6ff67d0fad955ab
000000000897.jpg	897	640	427	c5b2778eb3e7b36b7e6d9366c83086e7a9317a6fc2bb27be4216baa37eb2fd06
000000050429.jpg	50429	500	375	709e0914cccba5cb3aa4dea7dd9ca0c736c0626c56d7508c27e600ea79f0b02e
000000171103.jpg	171103	640	427	509fde75efe5e2180a9f5ae0ad520c62fd7d9999a26138e50422d6d348d5f802
000000232344.jpg	232344	480	640	2ea177db2850083e05fbba7198a627131ab9f8e4605d0683063e6a6cae53548f
000000187654.jpg	187654	500	333	9abaafee9e3a1327842ca20b54747e0bbf65bad29b4f82845b1341f2a3b60950
000000543566.jpg	543566	476	640	4e7f2fb4999204e8d9a50a4a11900e9d784207872b78439ea22fb5dd7142c849
000000319043.jpg	319043	640	480	1bc5c2e3cf2787c505d78afa935593f2c0128ab3a561ba510b8c609d1a391a60
000000172733.jpg	172733	640	480	1527eb693330cc06ad8a97a73fc61cefb36e3f95dd48c834d551b8be83dfff22
000000242074.jpg	242074	640	427	f20e29b1dd129b8d6e70de9d30727e4745d3c2dc2891cff90ae18a3f0098187e
000000534559.jpg	534559	425	640	04aab878c393d47812983a60f0c452428b1d3494a01496658b8edff4c3aab82b
000000029014.jpg	29014	500	245	3e91815279964a3e53bfaadb6d3c4c771bdb67a4eaebc26961525c57eefc0312
000000454814.jpg	454814	427	640	7b376741ecf7d0452eed540b73504d7bef5109c93c9b97c9747995b71928457b
000000262845.jpg	262845	375	500	d38f9bc0d4d2870c123ab0cbf011979977f48a82e7d4b3e54587c9a75795a764
000000421146.jpg	421146	427	640	024723168471d9da00fc9fa7afe15a1296934d8273f351ff224b7d953c63509d
000000175162.jpg	175162	640	480	4033711a7fb2f21b40b5061976301beaa1f95a977360d7907c9f6a66376801c1
000000483971.jpg	483971	500	375	766455da95b713d14030238d1517353a530eb03b944529c62fb5c1f392a31a9a
000000370120.jpg	370120	640	480	a2e5518a1653edb8f51158c2b6ba7f2f990bb580b87ee2f5b52c35d884d4458f
000000163085.jpg	163085	640	480	b8227eed56821f9a335bb92a737591e5f41ef42bcfb4ca716ef3b21d2dcc3e70
000000397613.jpg	397613	565	640	2cb6e26f759d10e81db6ef0c7a6596ed6fedcfd35e1e414491a0571028efd76a
000000291098.jpg	291098	537	427	8a59fec4409a2318e3bf70456a4a30788c5eaaa20127c51291bb91a84ddaf9cb
000000152774.jpg	152774	640	426	2d10fbca467595f36573f69b0f23f98ef8612531add12cc3a7d2f58c361a7202
000000435069.jpg	435069	612	612	95fcb91150f23ca673cccc58dcfdf40b9e52718d20972247d6f0a3e312fefeba
000000137408.jpg	137408	640	504	ef9038e75e7c5544f37e611c0808988192ecc5e77087bb985aa76e180d1b494c
000000024734.jpg	24734	640	425	fad46f13e991343a8b6be8e3ce29b11ed274e60207296bb34b0e8e9db3c06412
000000365306.jpg	365306	485	640	174a030c116024a6b63cb8b57374a91f1f539c49ec9f538a0fcc2c4a1c45b6f4
000000565996.jpg	565996	640	349	b862c0037b90af598e7d6fa8f33329555fbbf744a794d34462ea6509ddcd6553
000000537132.jpg	537132	478	640	afce5bd9ac3ff5cebe5497ca25f128438cbb9f9c8cfce0458e9e9b7ddd19d0e8
000000027538.jpg	27538	640	428	a2f6233e4cbf2b2df18a857122bd344b9653b1cc3cae72a5d29daffffe72ebb9
000000496018.jpg	496018	427	640	84ed2d28c2d2c855558ae3286d8bd1ceec6e515039b8587883abb041e94abcc6
000000473896.jpg	473896	640	427	e15249d85bd1219312d19ffa99d2928b5c117555ce2dea2792c449149ed92a8a
000000249609.jpg	249609	457	640	c07fd88f2b6af93c28d936393bb853fcff9c78cf5fec834d47553a3677b5b0b0
000000206256.jpg	206256	640	480	8cdc2c59348e1081bc94ff5a11a71d1d1876159fa609b3f43bdf3da68a8d680a
000000363718.jpg	363718	640	427	d88f62d24d69b8575a6a343c6217ab4bb33f6e87caa97d16b566e645699f3893
000000369633.jpg	369633	640	422	95ee95fefb48520cdfaf46dafd17001e836debbe7ef81d3673e6ba2f1db7c323
000000307318.jpg	307318	426	640	465750cbc6c76560d21c758cbaf6b3044ebef80218f0756f8b5deaae3e324382
000000147823.jpg	147823	640	360	2e2a8c67187516f34770ab116878ce743871b580c925c35267f1c041686c128b
000000037286.jpg	37286	640	480	c6299372b07f7680f09f35b00fe24e4769239b5ebd2e3c80c53e7d76dd1486df
000000524881.jpg	524881	640	480	905709c79285db26f4d52c42be37130d94cf1d8fdb9311c9b373a2ecede30291
000000553471.jpg	553471	427	640	557bbf41841b1f97dde29adeee22efc58ba0178eb2d0fa163a910f883a21b3c0
000000427239.jpg	427239	612	612	a011f31e1696170591862d20bbdc8962436ed43636791290993802bead26ac5d
000000372634.jpg	372634	640	425	303a686b0cb1e249b6e4365977059c309b563121cca5ced0d03e8cfd8e896e82
000000186060.jpg	186060	640	427	e5f7cc250238da347f2cd5fce847131ed60fdf27781990560966fd611c859465
000000005314.jpg	5314	480	640	f3207f0fc8f2b6f6c06476608972b8d7062dfce779f8fa4858d279bd7a8ebc82
000000579859.jpg	579859	413	640	6c768110f61549c52ad110ae0f6fe500269715f8cf0415b709b7c8e15ee4cd18
000000462516.jpg	462516	640	427	92cd350cb611306faf8ed6fa1b48c0894897bd9ad7301d9528d2186e83210ab8
000000520694.jpg	520694	640	535	cb70096f9ec3f195ecf92d35c4730aec2d2dbaa63f3d397e52c1dd161b96e977
000000332459.jpg	332459	478	640	44041850070a6785b0034f00e032d9f6c8b1821d64b467a3275488a570dfe1cc
000000411666.jpg	411666	640	480	1c79e8c972f5b78848bd2893b8dec1dffebb7a4377e24a908059e80b786de8fc
000000209292.jpg	209292	640	428	00b51a3a20c1c4d23bf366f5a12bfa5232bb47ee7f305f80112a7b635b183454
000000405852.jpg	405852	480	640	08b5a5fdb8f4903dc356429543436ec6c282c651bb04ac525ce7c7177e935091
000000200149.jpg	200149	640	416	929c4af25363bb553b946c12dbd92f4602b2a2e443dac8567f348788820c38ce
000000531730.jpg	531730	640	600	2e570de7f1bad7da7184f07e91c557c563e3f49fcdda10c721678ea108616854
000000496765.jpg	496765	640	403	d4dcf1e48174efd594a928c08352399b71ecc7e0ba18830566193c9568941142
000000203744.jpg	203744	640	382	7929ddddb5335cffbb8c5c0a47fe459efa34540c023cad4ba3c66139b4621a9b
000000294437.jpg	294437	500	374	b0fc0c0bd0f16f9b100f9017574918b23d4d19d638b569e5538019c35caf7cd2
000000480087.jpg	480087	500	281	8e90fc6def108b413217f67365535b8a12dfe37589d2810c0669693b9e8121b5
000000407220.jpg	407220	427	640	b148325a13b6559d96afc5f8cd2eb436af4b68b09a3ad1b502c2a0e7297685da
000000546242.jpg	546242	426	640	6be308b077e27587d0fdfe63147691426b8b98b8c688161105b811dedc831d69
000000169282.jpg	169282	640	480	f16f9d7fa5433fab5d81a1b414dc0286b01a1aab576f176a555dddae3fdd4a84
000000356623.jpg	356623	640	427	1f5958c1289c8c8592fb55bea364fe0a669b442901227d2892f556304e17228c
000000337691.jpg	337691	375	500	9587d925c8c462de03ec6ad138ebae5b3a5782f8715b68d66e394f8408fbd7d9
000000026185.jpg	26185	640	226	fc30a77731c0f208c9322ae39dbfa56323865c8029d47f9730338efb6e6927e6
000000327551.jpg	327551	500	333	80e354c4212ee5b104d55d0c76a01246dc7f8268fe583daaf0d1f3643a78cde2
000000541859.jpg	541859	640	618	d0f7287494f0a314f7fec6e3af2364fde74ed6bfdef7043e74cd079eede7cbfb
000000043417.jpg	43417	500	333	030f24ada6284ba7101ef20e81a8ef04b65190e3dc6679176704a18809b48801
000000147537.jpg	147537	427	640	487157a3fb070009456297eab29f72432bc0118242310fe0dbafdcdbfedfe3ef
000000330181.jpg	330181	640	480	8f2186ac2b1220b28acc9610c660fef7b6a94e65e1072832306d013061705b13
000000097998.jpg	97998	640	480	1a8a71d0822c0084345fced1dc7205c290b9b9a7a90b097e2b2f0c00d2cd4a47
000000028903.jpg	28903	640	640	49274b91364512e030a44ee708ba27aa5bf7f713376dd73c9097bac0e6819f5e
000000185666.jpg	185666	640	469	a7a53af3274e2dab46cfafdd89419afe983c0b164a5618b187cb7882afe1e009
000000390817.jpg	390817	640	360	0ec4106decdc4f77ab1cfa3219b6fae348300fa807888849f2a196d15ba21c2b
000000551757.jpg	551757	414	640	ccf9dc71416a7c94967d317366991dba8133857333cfa73b75b6529e988a1890
000000128695.jpg	128695	383	640	87935474982639040ad67b1e9c45bb103e74ddc32fd3053a05874b2a322a9cdc
000000483534.jpg	483534	640	427	3d11e4db884c87d37bd523476eb28094fcd3fc4b63a4cef423e545d085c20646
000000119166.jpg	119166	500	500	ab450d3803533b1a90964f55760000d7b1fd7d6ade39081d9ced40188b6d217b
000000167574.jpg	167574	640	480	1793ba5bf99cfbd340da1179fd1c62e672c0e3687da6c6f746da39c69251f17b
000000058735.jpg	58735	480	640	f970428c528b4b911d20a61adc099d1899e06b337a455d112ebf62b01f25289f
000000365011.jpg	365011	640	480	fc742aa0ae52e9e894b347b38ffba88c2980da6a643a27f39ff478ee34a8ee87
000000040621.jpg	40621	640	480	ba9a8530dc024efaf96486ffa713a06cb4ef7aff7b2f5ec4ff8137f364056e21
000000268710.jpg	268710	553	371	fc16b451774778cadd7dbb6ce0d7c6387e0bc598096a96b4535982a3b5ba2405
000000456176.jpg	456176	640	512	610e44da82e2bf216fe4280f14afee8e11129960817c8061cde80d6a40c39ab2
000000083490.jpg	83490	640	427	aad20a2fc4545c49eb296d46aa2199f8e318578d0cc3946be9af90c9e4068625
000000569931.jpg	569931	500	332	1f5687ee4ed2d1c8ebd756bfb912e766ca13bca6f3de1458482f5240cd9c444a
000000522020.jpg	522020	640	427	1bff6e495bb54a3d8277957c4e77c5ce24aff19746743ca679ce810e6374a42c
000000137154.jpg	137154	640	453	1389b7be9d75a324d27be1a5ab143c94e38da16ff4f0367dd71b70450f7cc493
000000007839.jpg	7839	500	375	210b87ac033e0472810efad84ba8dae0dc53d407204224ce1370be7ed64afeb4
000000161947.jpg	161947	481	640	9ec277323033f19d4102f0fe3ce50af3038b86bef4c2632837cb640f454a65cf
000000269975.jpg	269975	640	424	4ec3a5036d25c5a33f2f86a7f95767d5dc552fac0de23b037407424f3770113e
000000336340.jpg	336340	640	427	ac299d299cf00a72ec2beb29919712c2c2e0ea669850c23267a1607b609a09da
000000181128.jpg	181128	640	480	6d5e5fe425dfcffde4f1aea527273a03b44dc2604432c8a4e0313ef09850e180
000000098276.jpg	98276	640	480	c2e0d748199880ca7e61be2b1e03cc43c75a06b06f68f36f462155d06a752459
000000432414.jpg	432414	480	640	c15e59815fe650a57c45f991dd66ad062353b3223d02fbe86de9643c9ed4fc7e
000000505024.jpg	505024	400	366	2b32f03b674f10fb4e976d7f786a0e0bf76ef0ce360282731c4e778a9896c54b
000000335928.jpg	335928	640	480	2810b40603636e93d2053099c874495603ece8e031778317557ef9a6117a782f
000000254615.jpg	254615	500	375	eb3ffb8ab3cf865378eaa50921b071840d01f816d92462167314c2cc467f7276
000000063689.jpg	63689	640	360	989ad0d5db5b82bf070134e34b5b018ec5ebca76ca52a1601eebb62f44c28e2b
000000079196.jpg	79196	640	480	09f5d7f2fc930592b015812933f5985f345f335bcc6031babad3ead685cbaf7a
000000366470.jpg	366470	640	426	9805872c3488d5391f596338737b5239660b9fec236e7f8d07b6a3739988ebc8
000000577240.jpg	577240	640	424	60913a350a3079b09b4eb719a47ef69c770102e1db958ac796baff6f5fb63238
000000256946.jpg	256946	500	409	ea349d37f9d28b84e13889d99b8ffe4b5817a49db00a782d3f91b9682d0fb594
000000546499.jpg	546499	640	480	17624fcb1965ee07cc31349aceaea224b898b195a90eb3afa324faf7b130ec83
000000434891.jpg	434891	424	640	f4e1e045774f3070828c4075f77d83db9377956cc4dde5bb3df640027854d3fc
000000537035.jpg	537035	640	478	7782ddb8d9dc213c1499828de45124324bd64cfc1069ae164c6e9d7994b1bce8
000000141986.jpg	141986	640	480	ca4d76856c9abcbd2da6bdc8d486968ae020c68c789200758a1f586256fcc596
000000100404.jpg	100404	427	640	ecb8968362e650b5b0f504c1bcc5d9de56b12978474b3df5755e95edfca5ec97
000000528667.jpg	528667	480	640	0c50256380c448ceee30f33b7553e863f556ab451cf7430e3f0df2f3bd25f8d2
000000130413.jpg	130413	427	640	74fe62bf02c060f17d45b534c41a02fb86670ead7925d09791194ff9ae4bf029
000000078200.jpg	78200	482	482	05b27608d0844304a091b6a577fc62001ac3c77a1892f6b5a1801010f3799c4c
000000491168.jpg	491168	500	334	547b632fa2b167d97143427f3f2b5f1f57f51b5d015b885978f0d43eb48e1133
000000151521.jpg	151521	640	480	68bed4520b6a206ca15a342ef77a00526db5eb106bf2ddd3491213adf68c6ecf
000000285603.jpg	285603	640	427	e75fe992da0b82605bbb11df25576342ceb754144892bdf6bb3fa9720921432e
000000487025.jpg	487025	640	425	3127d26f0e86507b940030655d2339c0010a30c4b72b934033289a13364ef5ad
000000067446.jpg	67446	640	426	c1c92d9d33165ec6ae3a2b8a318401031af535f86a8412f0d928b253b103cd4f
000000550702.jpg	550702	478	640	d243eddd403eacd50d9df487177c11aa4c5e6ead977cfe61ce6997a81f9a79e6
000000354094.jpg	354094	427	640	1032b79c31034f43fc989880800b3f07084f4225f6911ec55376849d61a1d1f1
000000398382.jpg	398382	640	426	41b051259eadf629d00a621a2938e51d5963a0c1e0a070cd8e71ca7c71947d62
000000314904.jpg	314904	500	333	822a79d697758dc9ed2f0a9abebb318a695df01a35a6e7946abf2d410bcbc30b
000000064339.jpg	64339	480	640	5b951c107594596704a8d87ea23a987b508047d348f6855b86bfa90603ad6058
000000518686.jpg	518686	640	427	020e7f642edf60a34a288f7ed98573113cf752243da5dcc706d3c647f45e5dfd
000000429283.jpg	429283	640	480	55e9f1c21539d3d68bd5c0642062d66ac70ca94896353d32c18163e25f0acd8e
000000544373.jpg	544373	428	640	91f0c57f4c3be6db141cbd7c1c216fac3bd0c569b620c2221cd1e7bfc3b03798
000000327754.jpg	327754	640	396	4986aaf8a3e9e91cbad0598ec1f41163c7bf012f5683ec80e56a62915734ab5f
000000513604.jpg	513604	500	375	4fb3f081020773d654b00d1c6a4ee0d3f48eb0a645b938832e896c68a50cdef4
000000450434.jpg	450434	640	480	a6df17d3fe559c9faa30724246c66ce33d321d3281a075d068e4a9b6096433d6
000000153394.jpg	153394	640	427	25b69208c58612a18cd1f55e957dbf691fb502ab13ccd73731d3cb0d67d364ec
000000364299.jpg	364299	640	303	61b4cf2ff9bffb9c0e21f1c0239ce17d6a76d7c9da0110ad86fc423a890e21ef
000000362114.jpg	362114	640	619	a981e78c09c856d8a4711ebfe1059a3550762c1e707cbb07b1722f9977dff964
000000083393.jpg	83393	426	640	063150d8e1e4f7786694273b87c90660215bb51dcd541ab59ebc8b2fb235cc58
000000549936.jpg	549936	640	389	12e5f0ffbf2ebb5fe4d89df8af33391e38ea95f240b3515a3c7f441e2ef142a5
000000055776.jpg	55776	426	640	3ea71d63977c436d2926aa8f1cddd8c1060d4653d6f808fd3e1f0c5e7803a4d3
000000528720.jpg	528720	640	516	47a5b89ac06aaa3df2beb6996bb3d0cce7951257b963e0402b577555189d6554
000000568878.jpg	568878	480	640	051b7551fdea78c7bf1ffef0f72c0b25b443fa16e84bdf094a0f1eb3f57a2952
000000051474.jpg	51474	640	480	dc8562f429a440bca415e74917664ab87b3038b2ac5dff17b096ff7b66538402
000000514173.jpg	514173	640	426	0e3aa3a5e95be329a5d728a4e7f1067bb30c828d44e55950651935eb86fda3b3
000000387358.jpg	387358	640	427	f943630aa2182a46d46f511a024cf813693b7003e97f4d44416c4f7bb3db0602
000000302543.jpg	302543	640	441	01854a6a3bcb9896cb4c972cf74431bc7d6b41f483571a3132b97d505041035f
000000450561.jpg	450561	640	480	788aea94ce4951cf68a63cb25676aecfeb4448d4912e7a80b01a08cb256e2616
000000302065.jpg	302065	640	427	538ce49ef70ac4dab1caaea0ba0906129a31eaff9c39b42acb8e72f71029e416
000000275263.jpg	275263	640	424	16177cb78106d52d7e92909708bd375f888f5c1460255b5569192a0e9a9f8c1c
000000127284.jpg	127284	640	427	8ddea0e7c4f9ff4568a2e19ad3225970d11d0d3468952d2f33815efd6cebb03c
000000422193.jpg	422193	478	640	ac307bf3a029c275c56c3ce796f12463daef8af594d3d33b52f3460880765a40
000000211737.jpg	211737	640	400	5d2e2f15b70f495835fe747f9c7c001a38b22592d273953ec9c0af3f5647c3b2
000000326919.jpg	326919	640	427	bbdd4476c3adc340689d81331e6117364df1a04213d1cfa906cc24cc4c4fbf98
000000524929.jpg	524929	480	640	ec13ef53a915bde9b1cf8a80527dc4560a3ab33dc274008e61b203fcdb9f6a32
000000461172.jpg	461172	612	612	5f4a6991ca6e5a1e21285d5bc9ab3b9cebb39b132b0275a07dccb4ad2af9f9b7
000000045195.jpg	45195	640	428	f2ef4264a1bdbb1ee2deba8ceb7436251f2d68f50edca0cd059a4523245f6459
000000219174.jpg	219174	612	612	d5868439d5f499032e914999b73c1fbbeb705d6441d7f82ba77dd3adf6c43534
000000114414.jpg	114414	500	334	67f24b3b9ab3fcb751ce8718552404438d0b8d597a081ab77b9c13ce82958ab9
000000327450.jpg	327450	640	500	700b7c2422d68afe053dcdf445e83e195ce0f95b2b08447ceb192da82a39a9b5
000000014869.jpg	14869	640	480	5048d3be8b7ee30b94203b30d2acdbc6db55f19cee4e489543483a0788822246
000000445113.jpg	445113	480	640	89481c0d1b52ce582b3be644989e48f62a8313c0287619b6e7de3cac31357b17
000000326582.jpg	326582	640	426	ceea863503c632cc70afbeb39655e9861e801734bc0a1da2cb3e9b6cdd140cc0
000000318708.jpg	318708	500	375	ae70f00367aa9d4da726ce21248ff527f89f56ed7227072e9aced5adb5cd62a8
000000078068.jpg	78068	480	640	7379d5bad803ccb3b69c622f50b84feb74f4d557dfcf65b75d6ae909fbd0bfad
000000220502.jpg	220502	480	640	b7078442b5ab98d14fa839b47bf352b3564bcf53ebf7b6348d487c7fabc9c429
000000250920.jpg	250920	640	428	978a37c1ed3c9af14991253c5ea3bb8bfeaafd78cda44d563add7ce22aa75082
000000325149.jpg	325149	500	375	e9ace79fcd76778e257cb097e060a0f2cbfbb1056864aae5cfa998c8a364a6ae
000000264767.jpg	264767	490	640	aef6be0c1165507e0f4a1c14d8519dae6c1be49642c184b82df53556f867e2a8
000000309521.jpg	309521	640	425	88e8cf8fd97b3f0d84a2ac7bd2355875583307bb01e2be9971ebdaced54404f9
000000111742.jpg	111742	640	406	5dbcca23371b8242ada0b532f17c33b91d5f59ccef165b4a2b45640c3724a5c9
000000254301.jpg	254301	640	327	ad7163126b465ad90dc455ff4c7897d222d16876bc8a74f2d1e082a36a30063b
000000004947.jpg	4947	640	480	819c120d836180f5f4faf08d968d98268db6ccd752340fc7ce785ca9a79b36c2
000000003131.jpg	3131	640	421	0d7de9e1dd40c9fb3541652d15d221d4cafb47dd0d3dbf050e99b4b081f84727
000000089978.jpg	89978	640	480	6203d7c1cac7373177ed81da6e480cc02d091f7d893d9583cde038b61cdeae59
000000060496.jpg	60496	640	640	f75db9d84223fb4064906ec09aca855d272853988be04cb5b7b709e239b5b910
000000504039.jpg	504039	375	500	0231bf25cbc23d02d0821e6b49de68efe97b777b13dd3175df8904e83ab176a0
000000342135.jpg	342135	424	640	c261899ae159c738c187610ad035e00ef57cb974d5e3cc6c2be7dc09fc908832
000000082721.jpg	82721	426	640	bc9833da774d997e58b1065e2ae8ae5e32e35318246fd530479448cfdaa39166
000000114474.jpg	114474	640	409	3f806481ecced8ab8d895c47f89948d179fd129280fe95159cb36651c4c718b7
000000359085.jpg	359085	640	426	7451ed251b131afaa3f8dc859b196625489e2abe4a5b39cc237f5f894d659a59
000000037513.jpg	37513	426	640	8121b46c76e8797b311911a02e5490746b9662c9c7d54f3ae45b633cd3232cdb
000000012790.jpg	12790	500	500	aee1ba47def23fb463492d42fc23799bb14c68ae4809c117f8b599091620f135
000000196168.jpg	196168	480	640	5f02507eec6991c12ac05f756f8c28b50bf447271769974c74556ae8f3a77519
000000385346.jpg	385346	640	428	26d055be7b1d424a6cc83fff3739fddac7a3dcd1eb25fe1fe964cb5c3127a2bb
000000490097.jpg	490097	640	444	70b9223597e4f950d7ab12ee1ab369d7efa1215e2bbe0f21f991ee2ded6026fc
000000496089.jpg	496089	480	640	18f47cfc7c7f001d626af4dbff435e325857c3bbed771a656ae4ddb1333f9b67
000000066348.jpg	66348	640	427	f059e9cda6bf93bd5127053627753e72f4d2c373e45c5f3d0d4b9e9d291e2097
000000287219.jpg	287219	640	427	94691eed9610cea684afc75e63d69f2938e815efd4acbad3a84ef9cdf9f88649
000000109403.jpg	109403	469	640	80125ea10028c798e27a4bdcf617fdfe2d55516b6781853395b0576165ed4abd
000000357247.jpg	357247	640	442	3c710c7b1573286fb0b622f8b1f9329e94f5459b72d9ef0f599bc9e3446238ca
000000343193.jpg	343193	640	480	641d1becf33f64bed940fd49a204dff8c860d0bce605719eeaf2b51bca41ea02
000000210189.jpg	210189	480	566	d738d28559722fa6c6ae8a899d4a139a08758f103ddb6463fd1a8c3998a38fc3
000000045367.jpg	45367	480	640	b411e48487d76888f4eb25d89cea0a405b37514b23cac50c9aa2e3dc3567f7e0
000000539915.jpg	539915	480	640	8892329dd5fc79526e3878523dd5d150684abbd5beaffd392ef97be86d2c7809
000000075213.jpg	75213	425	567	729440e2f128e6f1639c84c709d225529f571925b4b0adb1f358296eda985b83
000000006306.jpg	6306	640	427	16b26eef2ebe9e37b06a84faceba5d5c3488bba9ea6cb2ba1484817a0729557b
000000408099.jpg	408099	383	640	ee31e102b4ee049aeca255710283c80347466b2f48958cee7d7de282e0e5d992
000000258158.jpg	258158	427	640	992ad24b3ba44eff4f184a2e95dd33cf60cfd1d7f128c870cc21822ac90476da
000000536972.jpg	536972	640	427	20c3e57407725e57e8531807f66f9438d9849d21fa32affe1621f65297297059
000000529827.jpg	529827	640	427	d92af677dbe068472a0252d1d2d83be79240e525cdc55ceb88ba6359bdbd95ce
000000144725.jpg	144725	640	424	78c930264380c1bb0fc7014f58f9f49472a242866f91908967eae3bb8db0f048
000000044093.jpg	44093	427	640	80f614652234cfeca24f74660d5c367bd85c195da4c4a7bd490ef21142dcf0de
000000562851.jpg	562851	640	382	7fafacde35cb51ed645f9e51cb10ede42391c90f158b45bc3dd006b304d0ce60
000000437994.jpg	437994	640	359	7601e3bf512bb2ec0e45d4877c9395f2a32a714b039a2d45f74d1105c5b84e8e
000000514147.jpg	514147	640	339	8bf78c00ad2bf43e95e2973cba89a4464804132b3169e2e95876e288a4d87dc0
000000366005.jpg	366005	640	428	428d70a0961ca44b6cf9444b28e2a0c0a73b7b1c24d122b0cd2e36a591f632ff
000000381377.jpg	381377	640	426	b451d48845fc5dad70f072c9e34c50e04e8b0f86f53ebac74a03efa88a893e6f
000000452224.jpg	452224	640	425	001f11bbf43162922e64eb9428c7874ab5d915b9684897ed71f3d5d3a69154a7
000000367611.jpg	367611	640	427	014e42e28df4b8618ce9a3323d0032d09a49e4b7ef74b49c4096755ee6a28f9a
000000089603.jpg	89603	640	480	7be2a274b6cebf44ddaedeb4ab165a48047c5fefdc025f9939d29dc2ac7d2662
000000299244.jpg	299244	640	425	1a529314c4a084030d9f91ace95f3388b12dd6e023fe4fdf9d5aea294cd5e2dd
000000015610.jpg	15610	640	480	2cba3395d2bf4bfe29404714d04a635943f3fb906dfb1af5510f1d4c08ed0d29
000000345499.jpg	345499	640	425	4133f5260bfcc5944507d8ca4d28030fae938f1c880b5cf9802aa82edd88a73f
000000208244.jpg	208244	640	480	27c2195fd729736a144ec283ece7324331c59f2d9fabbf4ec783d425f04d839d
000000026828.jpg	26828	640	640	d8767bfbd70acbf0e5a2fae397391fb80f2ee54912ca4d46ee35bf2f21073228
000000096101.jpg	96101	640	426	61c87d43a7f243449469e354894f0232cbb6869117fb1ddbc64291952580c66f
000000145480.jpg	145480	361	500	8da9771f365a9566077e2187de8f2ccd627a5a143008ca061cccd7fbba4ca441
000000300943.jpg	300943	640	512	670be70f71ff6313ab56d31dc082ef1d0730dbc023c510675358d6bb8581cd4b
000000184405.jpg	184405	640	512	8afca7aebfb029094f1a997ce8b2845e2bb7182eca0b676322639045d9fd9a6f
000000150462.jpg	150462	640	427	8902ab9dc31126df58ca26989b9d7a19415a6ef21686e6360e77bdebbb4bf42e
000000502949.jpg	502949	640	427	e811dca1e9651bc4a88e8a3df1ece91ea1e46dac80fca1d02ec009af7db23c93
000000141616.jpg	141616	500	454	05f2fce4051d0342c019f8715d15434f80131745e100dffa7181c23b62aa6784
000000534517.jpg	534517	500	375	7fb6b21a6f3b8934da08188dc145aef5a075b889a17eebf3bba6bfe038f8c0c8
000000123849.jpg	123849	427	640	61d608a7cdb350d6bb272962f153da8030bc6b3ba78d506d04b505984df3607e
000000490643.jpg	490643	640	427	441193ba24d965a83db7bc13ee4b9cf30350ffa7334d2dfd85fcc6490536db79
000000091719.jpg	91719	397	640	516b3d56cf938d8807c66ad2e8a3333b7aa4e6c83420ddebf42ad9bd00c036ac
000000037437.jpg	37437	640	480	e8be05faa5d200f32b21dbd0654dc1e17651fe5e53eeea1f5e990f7bec853dd0
000000153219.jpg	153219	427	640	aee8fd50bd0063c741b4a24dba028faa81b80b7f68549228816eaa3a0e869549
000000537548.jpg	537548	640	480	d06438a5c4d17b5932d72aa76eac20760c32b075eb834c96b14402561d58cf75
000000066369.jpg	66369	640	425	6aa13275554e3cf6edde116d232af6d75fc4ea01ba16b1704ee1b7ab72ba8267
000000158302.jpg	158302	640	444	f9d23a317bae95c083dbc7bdfa8b9215f16413121034578a22423b2145e85feb
000000023098.jpg	23098	640	480	b678e12a22ef7a1715764338dda9fa20450fc3a09b544108792551b7d5a64a5c
000000105622.jpg	105622	640	429	724b68c17f86e4091b881c515f7386c5949186e1c67530c2b65c6afbaf30cf4a
000000295940.jpg	295940	640	426	ab4ce22429f596f9d9dd965d7da11b7d9ecc6db4bd9e22044f379a354f1a3d75
000000016025.jpg	16025	500	375	186e6e118ced53a60f5a41fe514006ef0c4b37349346d52b970556db7510cfb3
000000198196.jpg	198196	480	640	60914dfe35fed33b68cd55fa42d85f09dd6b875c5b79752269c7a1680baded47
000000486250.jpg	486250	640	640	d09900689b717e169ac82da0634e5dbc593d42e0fb269d96654af88d3238d2c2
000000170077.jpg	170077	480	640	aedd6e45f1a9f79aa108c22d65fb61dffc2eedd906d3e18f2671df44e943722a
000000026725.jpg	26725	375	500	bfdc0d35af0f2db744d75db3627f5e2ffcb48e104b81fb643882b890edf7221f
000000544717.jpg	544717	399	640	73fbca77501f044ed4ce54f21ab6a23184465673f621f46b751bb701487fb322
000000260126.jpg	260126	640	480	4a901e258d067246ee3e790ff2cceee6e5c9bdac83e770c8def6858c7c571cb0
000000285258.jpg	285258	640	480	f6212fc58d1966ed021bed6867ac34f9292314642b963eaa438e60c0b138142e
000000479620.jpg	479620	640	464	5ebd33b8a0189a158563fc46bbe6c04e74cac033db4f3af76a00249caaa63c30
000000291560.jpg	291560	640	541	97e66969309e638fedce16c7fab19218c60b96734698e616e25395d964c4e950
000000478537.jpg	478537	640	480	78ae4fdd36561209e19b567e44cf25db855569d68350259bede8aa1cdb140fc8
000000572907.jpg	572907	476	640	d7ccc3a383583a5e08322cf409fed5fbd0b57a544899af08fd185c84a267054e
000000081116.jpg	81116	480	640	48fa2fc43b8eccfa99d76bff3db0660550b87e0a0a3f61d56a7cd53f962da345
000000460728.jpg	460728	640	480	a91ed5505717a54a1f3af544a14dbfdc207dab7a4884dcc8b3557dc78d774f54
000000194456.jpg	194456	640	508	ff1040f5896a2302927b58eb871afbb1f4fb43273523ee8fdbb4ea254f23d5a1
000000255546.jpg	255546	425	640	f84fa67a8f96c202426dc49e33211b27004fa0e229f67cf0cba170b02579a13f
000000202799.jpg	202799	640	424	51c3855c2c22b19f595a6c285e4c8db10b1856fead10959ccb2c357eb6055d81
000000075423.jpg	75423	640	491	b2fbd3641b218add1e0b481e782a0ace77f5d169a9a48411fdc2dadd5826450c
000000015151.jpg	15151	426	640	2c02079d2e655383d35ff0f62387afb0fcc61f41215e4dbe37503654871d4092
000000205279.jpg	205279	480	640	ae4b864ca0bb68221c361893abe88ebc9c27ed08a2314bce1085eabca315a62d
000000350414.jpg	350414	640	428	074084828059074967ccc5eedf05443d7a846e7dcf9152a6ce5ee30ad7698f74
000000178494.jpg	178494	640	426	d15ca72679ae8b7bdd5a0497a27d4d554a49d6e2885ec61fb7d1ae8d968cd503
000000112269.jpg	112269	640	427	db5faa691269ab0e0cb165e7e0b9f1d962f5c9a59b4ad8a521af27e9d528e6f5
000000405188.jpg	405188	640	480	89927b920cde03a9e5022b686eee00da82f9e40dd15839a687620b0b0719bf32
000000374485.jpg	374485	640	427	48ce60e904369dc6bbae4f0247a6911c6b6328e0a46970edda245a733daea21a
000000455529.jpg	455529	426	640	596edb0196df7b7c35b6ff950e0a7fe537c8c2a201b0f498dd2de185c157fa48
000000048850.jpg	48850	640	544	3b1cd0aa49adaac12cb12d275ab424b97861126f3814d8cbbc526fd01fc55d98
000000137385.jpg	137385	500	333	2a26f9b31c002a43b4862cef4f03ed9a87b42a09206b2d5bb7b37a0fc44b2c27
000000414539.jpg	414539	480	640	818f306331efb2e3553325dbecc6bb268f893446b7375c18498fc21f3d7cbab3
000000570783.jpg	570783	640	427	eb53a0edf16949dba427d595c202dc578989c08fea09dbaa23cd03ed10e44c51
000000152483.jpg	152483	640	640	a694e5083fbe79ee0d39b6d01e69a1c843329b4d9c1f8439a85c69888ce63eef
000000058101.jpg	58101	640	480	264fd4531d537c95701b13cd214a887520062cd4ae227cbbe861eb40a372c87e
000000198415.jpg	198415	640	424	0f8a7fac77c7ba4c53336bd797d8730625ac5ed1e27f24477b8dd6f43e67ec44
000000081372.jpg	81372	640	427	d971acc76f9393327f8d0b501a3cc38d8665d7a53fb567f3bc80992add10f57c
000000487559.jpg	487559	640	480	51cb6a15535f267aaeb2799f8a79abb4c58cd560721bdefc40aea69bf229c6f4
000000431997.jpg	431997	640	480	74ce14c59992577d23c2a97e032e85c10dcd6aa5c358d5a57c1d706539b3b485
000000011260.jpg	11260	640	509	e268b26ee46c1fb36275fb98baeac36bcbf53a06b4d4a631d6e1819b5cdbd356
000000361205.jpg	361205	500	348	b370689c6c3a97ec4d522d15ebb989ab5c88ac6ca1eb7edbb8b44d36627fb392
000000237129.jpg	237129	640	427	eaddc65eb60a4d1da43d3aca263929b5953b0f7d72c20efabac97a9f091529cf
000000299974.jpg	299974	640	480	50e88845068697f3127ea57e378e08acac93955bfa6733b39f55c5296497dd87
000000153572.jpg	153572	640	426	3c7a5cbde9aa63259fdbdfb9240217b4b3af995681f88a98f08b48b4df57fc3a
000000036773.jpg	36773	512	640	36ce33d5b560754ee3f4a21f09d1b7d4ae8ebf61fd84beca6431bece0eb3de8d
000000146627.jpg	146627	640	427	f399665f4a64bee94addfbcc9223774561bf5d18ba63eaffbd979eb3df485db7
000000263784.jpg	263784	640	396	2e767cc289c659bab85bf8bbc991c3c9dd7c0bf3aa313d1bdbb48e53323a9580
000000249076.jpg	249076	640	427	8441cff31903778a3fbcc19a8b2a63085a50da22f3988d2a046d05c2dd7009e4
000000199304.jpg	199304	640	428	b55c6f1cdf78adea03a846a9fc18db96dc73dd7d50472432262f17c3996ec27e
000000502015.jpg	502015	432	591	ff51101914cbec895c0de387fecc0488e2549ecf20c6b269a0c5ebc4aea8ab9a
000000224848.jpg	224848	640	425	d35f9607cd1db3d7529f3f11d3b351530087c274f5daab47285b0cf4cde19972
000000413971.jpg	413971	640	425	61b6395213d65956f3dc04db574f2b84f1c4e07570d02268b094701728bb884b
000000059933.jpg	59933	640	480	4e8fe0fa32d0f17a399cab099393a3093a6c5152c10b2d1c990581051655108d
000000355968.jpg	355968	640	426	1b133e970d26a5b304420b6d5766f59834e5a03906e011a33263c1699d868d5a
000000031904.jpg	31904	500	441	0ed98f5b10a80ca155aef7409e1b37b6fcb4d4fae776fbbe69bb43f2c9abe431
000000173258.jpg	173258	640	480	b87434224ce2ee11e14ae9ec791b49816cb0ba8dd487e60f86ba0937ddf45d50
000000441263.jpg	441263	640	640	a30b0f89a54779e9513e144183bc6ed70fdc6f332ca6dd299e840d94bbda46c0
000000451960.jpg	451960	428	640	872d803647a8acb0471c91a81c90de522072df11266629bf8cb766c8ff2ae236
000000243823.jpg	243823	640	307	7e078dab02c8b3f065cb829cbf8eff4b367a8bf27b60420a381a9b8516fc921b
000000297380.jpg	297380	640	426	1681425170cc593e1f0ac9d8afff252e4b935a7f3172abeebfbde8d528b4e88a
000000050637.jpg	50637	640	498	b1d743f1939c53185e4aa1eaa31fe039f313caf717daf75e64e1ef434e807d7b
000000031621.jpg	31621	640	478	34fe61e5edb0525c72d9196ccb307dbe3f45eda991c220ddf0958b40123b5fec
000000377703.jpg	377703	480	640	c4133b98307aa6e6a1cfcb7154341f5e38576bbf9335c6eff14b3bcc594e1416
000000150797.jpg	150797	425	640	27c3c7f9e7bfa8e55d40ba961b88acad852511856656890b7fb3b55255bb4547
000000359399.jpg	359399	480	640	023c1fa4edc2fe2b0c8d031218cbfd5ed926b45b927fbcb7f4b05ee99a7d469e
000000297764.jpg	297764	640	427	f64b365685a2908a1e70224f342983d8635f8e0221237fea8af864ca483c5594
000000483059.jpg	483059	480	640	f5b119d67c4f65343ec0ab66f7b62fbe5344b550c8bdf0eeb5e47daf0474b292
000000100316.jpg	100316	480	640	a6f0c0afffadd21c8429652b049eb58740b01ceb2d4fe96385068344c3ede714
000000413172.jpg	413172	500	375	1fefedb45cc2a67cd9742e1a836aceca1ffd5db8a7ba2158ae9baf6aed75e3bb
000000403868.jpg	403868	612	612	6e61ed601a6999cea57906759fd2efc2858c34754a49d541f4572911f1a42386
000000504341.jpg	504341	640	480	1fdd4117557aab58aecc003ee74f86093460903386f09a8b00b391dd64e07093
000000321713.jpg	321713	500	375	851e0e8a202595a2afe49de8e386021ce6c7b3c60b45f58ea9970db6d7a3fc58
000000363336.jpg	363336	427	640	e70fbf6e267bde68b10d8c6621b61369178c641bf6b75d6dc7c50bdbae358899
000000550431.jpg	550431	640	426	33edc7aec4cabd5c20723726db794d854cb9ff184902b05a276ff0cc438334cd
000000032818.jpg	32818	640	480	1941b3c852a39b8c82706ec635c1c8f84a36395a2cf95b1848834405a82cc60d
000000189469.jpg	189469	640	427	86e002ceebaf45c78861e67aafac9d084982fe493f6e8f6944ea2b681728a0da
000000511854.jpg	511854	480	640	967560f9bbfec1166bd535adb6082e86191955e3e4babafdc97a897118e1c64e
000000059816.jpg	59816	640	425	af9eb9dfef82707efdeb0e9d32a764a761d2c714fb6ae09509723efaa158e3c5
000000217623.jpg	217623	500	334	8fc8883475d1d3a60ebab15d684b3a49298dfcc17f61ee6441d9d1f56cf42ef8
000000524551.jpg	524551	381	640	4007fedf1f813b9105a07fc71c8d20397194bf67b10f028a32480487363e33bd
000000150129.jpg	150129	640	426	124fe0fbccc601ea78561b60b5fef6f73f8e62fa0215b02006fda9dbf71e7daf
000000188771.jpg	188771	640	427	344dc38f176444e3c17c3ef34a9bc3f416913262c2c53c411c59f4b0a33106c0
000000104403.jpg	104403	640	480	96823eccd6b27f3dc80feea3fdae23a6d52ba7e188e034545b5b3a323151237c
000000025708.jpg	25708	640	502	fbb909502b133392d29070039c3ab347ef2e10d02b625657d0f1c5672f89002a
000000431847.jpg	431847	640	480	9abd15544e5cf21c70ff8618298b16e59f9bf7a88717bd926fa690a443005835
000000509772.jpg	509772	640	424	c7cd1f9e7de41f00116485dd5efe44f7bc758426e99fa61344772ba8a221c66c
000000470937.jpg	470937	640	480	7250cf5d9a27135834f3a26f745b49a6b1f1095de77574a6340b4d10374af0bb
000000532793.jpg	532793	640	427	44861b6b360a121b77450eb51c8529671dfdf7df6df027aa7c07b2a2f5e1a5ff
000000234515.jpg	234515	640	533	52905c86b35542edc5d462a246990618b1ecd739a8d251844e66357d6638faaf
000000402668.jpg	402668	640	425	228a6214d7b5969153e831ac2a9bee6676bc2df55a100467ee3d04653554e3b3
000000088817.jpg	88817	640	427	9675d9a9d25b112b754cc909baf454849228abfd4fa0901d68c5a5a5d24db266
000000084396.jpg	84396	480	640	19a4a88fdc006f5689e83c1572b371b35004efa6a3726e9da9f756c121d997d4
000000372620.jpg	372620	640	427	8c5c8b9d43cc3ad9c92c0f6de65477e9916bca9da8de9b3f5a62efd2bcf55732
000000125707.jpg	125707	640	425	1b54d03bfe9a031850128903cb98dbcdaa1beb24e878b8c5e4af036c5d7af101
000000301187.jpg	301187	401	640	174498e869b54e4df6539b5eab24dce696af8bf8e1ac38db253df02379acbefc
000000476947.jpg	476947	640	425	3beca81d6c6397fcb18bc7296a56c1207fa34d79e2c541ba56cc3e16b469c73d
000000252178.jpg	252178	640	480	29030bd22e5cdcd0ee6adc1fb4c47d43c89ca950f394310ae31a112c25c64129
000000101091.jpg	101091	500	333	92afbfde39004d78af6275584849fa523d401ac180f11fd752890383a4c0bacd
000000428576.jpg	428576	510	640	bd895e57dd44918679db5b82828c7c8d4cbd839d586d71d8b279da941a7d7c0e
000000524724.jpg	524724	480	640	ae8d7876cb4d83e15c3e81effe268430d24bd7e383d05df4a852d2c4083e59a6
000000488374.jpg	488374	640	428	4fa4107a041e9fc324bdd733f7ca41f4a22c871969dd9811012d479be10e2b8b
000000058597.jpg	58597	469	640	8db04b12297e5ae182a540762e687f90b6ca298700dcb617eb9a4597bb1ece1d
000000543657.jpg	543657	640	480	6b1bc8970c3cd8a5b37f5efc3b06751d6c210f1ca67fc7fd7e7ad9c4aaf81ffe
000000149223.jpg	149223	640	427	cc09b9a88fcf604917f89a69f16b142814620908833f47208f00812a3dba1285
000000153667.jpg	153667	612	612	0dcc539227e54e4de9faa12731620ee9da40e7cd8cd86761a2a27519a9f992dc
000000435468.jpg	435468	640	640	b310fa16832ec5aec531d5daee52079bbc4f8c73a0abfbee576a1d5277222101
000000544606.jpg	544606	640	480	16634eb15205eec82008211cff0d5fa0901d6d8fc028ee305380ece8fced256b
000000477061.jpg	477061	480	640	1a07f4e8b85458c7496837d43380e41d886826792ddc534d45bc298f332367b7
000000572270.jpg	572270	640	425	b1c6fd40224fe10977086988824b2895472d7258670f05a7236206ffcc78c448
000000089355.jpg	89355	640	516	cb970bf135543ebc858576c84ccef7b14651c035749e8383b4c8b522b1b00ef3
000000106003.jpg	106003	640	425	2155842e4848954c6e46369c69bb13a0ed4448123679e4b5eeb6008be2ca1766
000000490908.jpg	490908	640	480	99ce68e35973c697b79e45eac25019ac04dd368b397fee4ce059dfd5931b04a6
000000004489.jpg	4489	640	427	ed3d281a380efe3c5ed56ed482da0745278c0b366c41ec469cbfc9908f7c113f
000000028069.jpg	28069	640	480	c8202f61755b6b916fa556ecbbebbf2be64f678c9d1a3d26e617555aeaa4cbfc
000000231846.jpg	231846	640	427	293b4e5232579b109130c9b8c8190497a891eed69132fa4dddc76ee897eccf33
000000046889.jpg	46889	640	427	da524dcb787c2b5787eb1114faa1a39696d97013232e8c4caf3ad0c148a3099d
000000222600.jpg	222600	640	480	e88655af32068e24bba7a45baeb713f59a5ec90b8e2be62dcf607c416544882b
000000296151.jpg	296151	640	481	83c7c12de340b5e8d30314df59d983322884c96e0fc5c828504ff0997d895471
000000281168.jpg	281168	640	480	e0a824cdf549a6a657e671530d92fec205124d6a56cc42cbea6974c0052dfef4
000000045622.jpg	45622	500	375	7abd73cfe55ac15792fb0d1e4d9c04582a2651c9a159aa4b2d600528448bb518
000000367171.jpg	367171	640	480	a2e9c827f09f9d46bda2c92d2934a63858dc17b01d78a2ce7e31d5046a3c3da5
000000168190.jpg	168190	640	480	06d0b78defc416b50567e366fd41fc51cdc9c2b7aec154ef1c590f8eb1e26422
000000302349.jpg	302349	374	500	8f26d9f9c18f2c4cff5f760398057921f1d362b7ea03efcd809ef7e9a04138fb
000000556622.jpg	556622	640	427	dc0e7f69d2a40d47b6be2e5dda4e48577beae2076dccb1e835f45e11f33fadfe
000000514392.jpg	514392	640	396	585668f95996d85197a028fe84976af5590402370342c1529c2a7f1bcef995c0
000000176211.jpg	176211	612	612	fc78563f0efc970bdbaffcec0897055a30f194bfbc5d498f8a30cf04dd3aaf4a
000000572172.jpg	572172	640	426	a3327408673f725b157f52f32c3e7024bdcf88eca23806a15179819dea9fe660
000000346412.jpg	346412	640	480	64adc568a22a19ddadad9064a723d35fab1c042b37672128fe66d7c3919feee6
000000095793.jpg	95793	640	480	b494e8a6d27249083f2efd1d9835d7e437a1545250f3742375055d89d77d398d
000000560111.jpg	560111	640	351	cce4f8fd36ebe67c30ebf6b0b4ea118a51481f9ea1b89808f12d89e583a4d8de
000000083254.jpg	83254	640	480	0f0811d3db2f18a4783c55d595d96a5be4685650524b24e343310385f057f757
000000013290.jpg	13290	640	426	437b541a36e9dbed10e871b78fd85ef9113eb94da3680c031da312f574533b57
000000368918.jpg	368918	467	640	041dacf3c31ef35f244e097186c8c4da83619a9d20d109e3d9ca49874eb3fd4e
000000557186.jpg	557186	640	480	9508be440b9aa47f6112c8e58241b2814f52ed93c420c26793fc6ed681f75d2a
000000130324.jpg	130324	640	480	ebba4c523b247f49ce36939152d99266505c388eb401f64071dff275b1a1af5b
000000470516.jpg	470516	640	480	d17fd2709b4196911cd7be9f7ea6fa3244fd4990f61dd5a695d204e24be039fc
000000101033.jpg	101033	640	480	60ac7762d4b0325330773d6aacac784bfd783ec365d04920e7305fe6cd66cd0d
000000545832.jpg	545832	640	485	8c6e634aa7d1407caca03ed1952d069544a6333193050141c93954d0f7375c5f
000000064425.jpg	64425	426	640	a2db72ef9e72f51b8c61e371cbf85b10bf9ab71deff72994268ba5a7999e4ddb
000000445127.jpg	445127	640	480	1d9c24edc49d842409217d7be571c923789ec0b3f5ae8d7b9fa0b8a744b624ec
000000474506.jpg	474506	480	640	2e3425c5a93b4c5d5896714d4fa14b7a9a70583a8916de033b8397f665dd1eae
000000502183.jpg	502183	480	384	bae056d16e8908c5b9e13d73f46ede1769e8326107884bbe8fee41c1743af4ee
000000326433.jpg	326433	500	375	35fab75edce73a501a7cf5962c86144e25421aeefaf19296d317b430a011e3a8
000000431197.jpg	431197	427	640	f3b13185bb092d60131d5a5fef541738ab66de3088e7957814d7ae7731ef680b
000000529877.jpg	529877	640	360	e32d5599ed44c138e3985e58eaf79bdc36a04b2f06d8e47b3cb923739056271b
000000006512.jpg	6512	333	500	091ee996df4faf967bc101a556351a010cc1d2dfe637fabb5c5e414a71cb6779
000000108056.jpg	108056	426	640	e2030e0c04cedd64e93df691e9c2a91876ef4adce9cbc657da414c87b09c54b6
000000156869.jpg	156869	640	360	8dea7ed5438e78a387085c661cba2bc21c646370b1481dfa91cec76ddcbd2cf4
000000133482.jpg	133482	427	640	719be02cac06bc4734e5a3fd639340714ce8bb96efd2fe8f60fcf9929fc2e341
000000074415.jpg	74415	480	640	295f16041dd27be721d3a3ce8a9f76cd3aed85708c638e9e8e146f1625b8de49
000000558835.jpg	558835	640	480	1df1f43443116d9cc7cfa213d6b9387969f4d3c1280e8ddc758273eefdb29e1e
000000254670.jpg	254670	640	427	8f5e3841f12fba6a9b39e5a598ff0be7f7728ff341291357840e69f26866767b
000000393664.jpg	393664	640	427	b6e8696732cbd99dfdf5013430e68b26cdce99ac0fbbefe4eb9f6a271f0fdfea
000000295828.jpg	295828	612	612	bb2799e564d121a887b3a038657d63a571dee9c7ec201c4f3bc0511dfab6963e
000000354631.jpg	354631	640	427	68f2547ecfb9c488853b5776172bf1d33e43400d55b1cdd063128cec2d4e569c
000000209046.jpg	209046	416	640	d5dda43dd8a43ae89b82b7f22638f45cb214fee1c683966c5f60c1292059d9a2
000000496339.jpg	496339	640	460	e2856bba1004b30fca7d9c252c1d1e4e501ab5658bf8db9fa10df2792a62ecec
000000329784.jpg	329784	409	640	6dd270e72a0dba3040fdc62505de1e8437ec719479a519d1ade2d8f979482019
000000356740.jpg	356740	500	333	85cf35e2938a21f9d7f0970cff7f55c18ad64d41c9668c98aad3b29908d1817f
000000571653.jpg	571653	640	360	f1a597e80c65757d8653d7d7dc0d4a1624e209809012691ab4607865d73e8797
000000399330.jpg	399330	640	427	da3217c31bcf9c550dfac7030792c95320f99824ed74e3e09e27c9c01dfa54ea
000000506007.jpg	506007	640	508	98336b0aa17c8c2b4ef6f1c3028778d978f38a3b560956bcd3ed4c0110994dde
000000216150.jpg	216150	500	407	9d09053a8d66bfa542069ce4d657782c53fe89b89ccb14855bf4a7f624302cac
000000212239.jpg	212239	425	640	c200af3c0d7d34a271cd59bdc79af9c03be87b66bbb9b637c2b5817001e9d3da
000000559163.jpg	559163	640	427	36077dd3a2546cc7e60e2e13c53945ad5c7dac27bb295859e72edf5891e05992
000000405752.jpg	405752	338	450	7cff1a4940565610a8d3158d1a0f442650e1fa6ccd49a1dd339f7c9b94e441f7
000000552052.jpg	552052	640	428	1c2a643b9b45fae0bfa4c0f9a145b377345b3053d5c442d3f8d19ec31f0511af
000000570395.jpg	570395	640	480	ae0b9ddc1af24f2c9d4db3573ad9edd1a23b490df9700d24c6862e2200bd13cc
000000034120.jpg	34120	640	480	1a18fa46d7757977c302c732f3afd0cb558bdbcf987bc5c8d72a1d3be403614f
000000201862.jpg	201862	640	427	7b43a693e96eee49aa734f633720e6e2fb60770cab3113bfda79b30b8681dcc0
000000080599.jpg	80599	640	428	1899a5f012e0d7304a4e48445cdba9b557b0a750a2ae50113b9c68e83137c647
000000473793.jpg	473793	640	480	2d0a77c01d5ddc583f0dfca703f3a55cc6723c4c16b1d973a74648804cc344e6
000000254845.jpg	254845	640	396	19ee075fd8fee14a848c5ab59d0814c23d8272d258f264382f765ec304a79545
000000274331.jpg	274331	464	640	f5353119cd09c2721b3d289c3efb8673a31c8d83759338932999fe9d5d5dfa12
000000345863.jpg	345863	640	426	c838552e2485ccfe718028841e3893638a63ba2cc131aced62cd3d47dcfafafd
000000061559.jpg	61559	640	427	7465a039c4c5920f5bbd86ebc7cb9e53868d005c501d4fc6955c1b7daf361065
000000469492.jpg	469492	640	640	83a9e9d5b224bc793113c045d937eee412a271a75bc4dafeb5d19dc6df7fcf8d
000000180460.jpg	180460	480	640	9a38dc2d3824755dd8d8fbda60ca40f1df42fb6715b3e45f54ae1934c95b3872
000000491666.jpg	491666	640	427	4007618bc33b56186e07950bd54cce9f4933fa89fda3e34966baddee5733d741
000000133939.jpg	133939	640	480	1f4c8a17dc9fe9863b252caae3d7edcf94dea24a80e2b8aa765adf79355a8883
000000033731.jpg	33731	512	640	1f3c283ba238b9169923f43ba81b71fe794858b628c7e879613e2443c1451441
000000373063.jpg	373063	285	640	76dc4f2ac7ace772a5598be8516a9a3d64705b49ca3c7cef62db79548be2b254
000000457732.jpg	457732	427	640	ec662f884414b2f3f5d931b16200715dd6c52707c2ecfe82c09290e263e1c30c
000000360730.jpg	360730	500	375	09ad0e5d00a971ea40df3f84e3041b272cd272f58249a343789d4dd38ab981f2
000000479612.jpg	479612	500	375	06f13f3378671ff7b78b0dd69ee313b0536f1982a8b2950ef112da4e1c6309e0
000000224470.jpg	224470	431	640	2b549b60092351542dcc47deb239f7765ef0b3630c35d33ac18a0243910719a0
000000227236.jpg	227236	640	427	4ed922b5d4f92cfbbe91ea16320aae542ee2c6232cd5765258326455733fa0a0
000000409069.jpg	409069	640	424	7f52cd14404217ec855d05f39b9a262f7504f4b6040488d0bf127b8ad8a2766a
000000209433.jpg	209433	640	480	d9f1441f615acff61938940c209b586fd55ec21efab5fb208e5c70e21a23e509
000000054411.jpg	54411	612	612	32e5f08e635c3208629c5b58e7785733dd7cb53f021f6a786e7ef512bbd7c2d6
000000351473.jpg	351473	640	480	84bb5d7babbe2c3a4e5518a4aa251a45b571af4f02ceca200afc8af85a77b772
000000358684.jpg	358684	640	440	e7029f2479dd28ca089325a1f4dac18273e3f9396f2d8c7176782fdd5375e810
000000479939.jpg	479939	640	480	8400858defec710136dd0a2d20c6fe9c80e706a97c58ffcf75d8ba7d82aebbfe
000000580960.jpg	580960	460	640	a493e8cb3aa34e473c641e58976cbc534c611e78cbbe44d2721e830fb6d95c69
000000417218.jpg	417218	427	640	902fa81596d2e9abc1f4805ccc2f694b39d91b15ed10a86169bef0bba2f10092
000000196377.jpg	196377	640	480	1831c5d55b6ea265904ddea3c85f48af8c56e79773bcdcc53f05efbe6e99a6d0
000000295505.jpg	295505	640	524	d61521521c13179cf09d3bc0a4d6c745e8dcd1ac396e89ed8d8d62b146357f36
000000469398.jpg	469398	640	426	e229b7f25c3d0126134390f29b256bb734e346f7d6baa0f0ce2f7ff7440216c1
000000011041.jpg	11041	425	640	7c4ca622ee60c5b23c40b9e176aaa631d01d538ba5bdf7409ecdee85cac887df
000000376572.jpg	376572	612	612	97595c1508244d262d6c5ca253eeafb20a65b661a8d118ce6b9d851afe17916c
000000470935.jpg	470935	640	480	e85cced333e0307b53aba5182cd818acb1f5b12dfdb6d66e5456986990e87260
000000348701.jpg	348701	427	640	d8f2de410f907ac13396143f955fbfb656e5d834150b406a81b5a8c45b3a3250
000000395346.jpg	395346	640	427	9603d2501b08c1fe1f9536a6a735314f1eb31a105353287c528b2da9361de143
000000507690.jpg	507690	500	375	f197e5623886ad4fbc8d45fc8112f372949ce962d2a1a06193182a6f79b32447
000000134233.jpg	134233	640	480	61a129ffe374d45258b20792894460067c1eb8bfaf770f4f74f89230a6ec131b
000000494548.jpg	494548	640	400	588f5090a8e6a090bef833084f42f8631626f566f82f155aefe3766745289083
000000275297.jpg	275297	375	500	c4ea6110c8de0c44c97c2ac9720908164a4e3eb8703ed10520f1577a626f89d7
000000146096.jpg	146096	640	311	074a0909d99bb454f97df2feb8e226a8abfcc98594b296e7248a31a2da9f8c6e
000000501225.jpg	501225	640	427	890ec3ff7dc0edb90a99c3d88f75d96f1501d0d6015b9e1152265f1ec7dcbc6f
000000559497.jpg	559497	640	478	e2e05d520683d3a7423f8ac46f02490bef7836c1e9d7b350c4880b216a5ce2c7
000000089520.jpg	89520	640	425	17760b49d8873bf46878f669adbc8fae26fc855b09381e7671268724d5273aca
000000342334.jpg	342334	640	416	c68a5d059c46bace7d54b26cc878c92520904802fe13b001342358c1df30d543
000000140976.jpg	140976	640	427	3bdcca1ca5416a4976fe1ae39f2d698b35069e5f12bf0b1f2233122f1a87df69
000000250289.jpg	250289	640	479	53495c14979eb9ea476ead57cfe59a058c325d1ba7df392d82b2518b93805a82
000000066241.jpg	66241	480	640	83287e970f2f69fcfa4ae8d528b2267d393e6e73e3458fc4b69254cdc095fe9d
000000156756.jpg	156756	640	427	5222bb2da19e59efb001039d69ed1f8475b179d7dfb5d622b0f8827a4d096b13
000000490624.jpg	490624	640	488	38d20a8720d248bf89f5526727e21fd87df4ecf9b1cd58eba858fcac54dc5122
000000519172.jpg	519172	418	640	3b885314c4cf3f5b06ebfaf88eedfba105a7374d900b97f780ac798926fa3658
000000420081.jpg	420081	640	480	27dc77c2989f0d621ac82b9e06699455637a7db4f459511fe70449b1d638de04
000000354409.jpg	354409	375	500	42dd7f2e6e39911096b1ba6531b651c852c59b4d1f5606b82cf7de93161ae90b
000000578990.jpg	578990	640	480	5b40b8d4cfcc74ccee5bfe398102ae6c03f6f02c854e1ac6e69e6259a6572317
000000189684.jpg	189684	640	425	7d5dff2e00dbfba9ff3a02495bc9d1766cb1af2225e548ed3a27935fe2e22eec
000000440771.jpg	440771	640	480	62171600d43cedcde542e1a1b9d1954ef214742ba394e940be93cf77c0485019
000000424658.jpg	424658	640	480	5a9ca32bc7a09ea13e785d305dc2cf15cfbe948322b7a23d8f744a35c16340d6
000000494599.jpg	494599	640	480	ff351936e9dd3089e87c8fac8e158429eddc12b727eebfe850ddf630c39d3f61
000000509891.jpg	509891	640	424	9431413e2ec1eeafebc98d54879b7a381bea84bd20bc2f7c2fdde3930f4502fb
000000518951.jpg	518951	379	640	9327a6210c01c09e1591dd8998980281419e2af2f110c572119bdcc058e743d8
000000567683.jpg	567683	480	640	44bf80de58431ab0e86322a75ac5672690d47f02176b6128910a04f9ada3c8fa
000000291126.jpg	291126	640	426	5b577760797f2cea9cc556f8ef53ec644aa612e949c394d628ec6622a901459d
000000240436.jpg	240436	640	480	0b1d376b952f5920d1ea3829eb53836b904971cf266483fc584cfea34065097d
000000243000.jpg	243000	640	427	d29187cf28a6c6ea8c7bde68fe2164de5b576791d0d5d364002fa1dd452e6721
000000135016.jpg	135016	640	480	74988af06eb79167ffac6d1f3c8f516109c90a5d27d0409c3bc1337dd74e9113
000000562002.jpg	562002	640	480	391afbf4df8663647ca8142dad8e5502331a8fbd6bcb70e8832c5892be03e996
000000034674.jpg	34674	500	375	796f25d0dadc1dff283d7774171189675a651c13a5f62c807e629f087d5baa7a
000000283129.jpg	283129	426	640	e29d1044480f6951c21f0f7f81234912a360b32128cf412506a1c18b02b8e385
000000067491.jpg	67491	640	427	c85d416f267c9e2e3117a253571e96656bed69d8f2c16b7dd0e2baa34ad83146
000000318225.jpg	318225	640	427	912784157d04adb569681609aeac2cdb193e8810c03b957d1adcbd203271f0fb
000000379172.jpg	379172	640	480	451d94b0588989887b3afd9f39675dc82cd644835e248aadf7081852c2fe95de
000000151583.jpg	151583	640	480	fe1b43309aa5f39bbf9fe640afc99309ff02ac87f83518a54a2c8f303199af7a
000000224304.jpg	224304	640	491	a27c908d34c21eedefec05d21a9ff33d509bf78d79d080b4e0186ab6590e22d4
000000581770.jpg	581770	640	428	bcce74aba46be0417fc7342526811c6ded849fec1174804b626136ec88df7007
000000030967.jpg	30967	500	333	0c9a559746df95cde793d2584f5fd33c4d354cdd691adbdc5f9ea3a2ed518e81
000000202850.jpg	202850	640	427	6c686361fbe722e8e7c74a54e304c3a036ba334f33ce168be9f28575d1f16600
000000343204.jpg	343204	640	480	1b91cf4b3d8e0a1d03625479db1135c4f0c0e372a9003e9d3a599ef77b59773f
000000119535.jpg	119535	640	480	7a59a0d864ebfccd1809979c9008b95ec8aa19cb928e11485ad0a9ba29aa97d1
000000460722.jpg	460722	500	500	70b429a285f8133e0be92cbb2fea47938357c80eeb6df238aa8d879a75671831
000000439141.jpg	439141	612	612	8998c3b84b6bfbfbaa419670f000f2ad5fd0c928f40e2ece97ee72b112ce213d
000000026946.jpg	26946	459	640	82341972ef6f712ed94e76235e4dac4935b7c8f28eb12b9a1ab2a0c9bb446429
000000564015.jpg	564015	640	480	a9c3d0011f9cd83a96673eb5a5cabf71d2976480750b33bb79c11d899ae15ba2
000000580608.jpg	580608	416	640	17c3378fc89b2b574ac382eb299adebc96a9fbace47b39773d86d6e04792be9b
000000292324.jpg	292324	640	427	b06f2c766eee89162364346d128f189a795c131292e858053f936f384cc8ff67
000000536198.jpg	536198	640	426	2cda689396a956d991e88a87c64f0aa816d44445ddf4045e0bbf48f1ac4ee3f4
000000486087.jpg	486087	640	426	6fe091f9f65073bcb91c85ba7024f35d8894b4e81af64afbe2dc2509bfe609cd
000000412794.jpg	412794	640	480	73fc3afc538c62d02b6614de9343124165b703fdd1c91fa5d988c94a501f1c8a
000000500058.jpg	500058	640	361	52cd2df2a89b510b07542a2fcb8eea62088cdea1a87271ef01edc0a86772623b
000000043579.jpg	43579	640	480	9ad9ae5947d281120ed13daf671ab52571072b5aa622a4969e951dc3aca83da5
000000239307.jpg	239307	500	375	cfecb90200e382215b9c6a2c6608c7b089b64429d4b401dda41a2b33ef7780d2
000000500019.jpg	500019	427	640	1394826e4f7e1c69b14e97a8b6c3ee67429ffd2f95a174b0070d25bcf0fc2937
000000200416.jpg	200416	454	640	3e71c414170305bb728f1bdaab6f4667729c97ce31dec1c9d4cf61118c63c659
000000031519.jpg	31519	640	480	b0de45730708214bce74f108c549e2260103fb44edde382b3e45c76398ad6266
000000544737.jpg	544737	640	427	e53f760a907b1982714b2864e94083f1d838b32208831039cf849f4b0ab629a9
000000103383.jpg	103383	640	480	8196636522b1dc2200004261dee129fd424a9dff67e3c88c6c4d4cc328e75112
000000287324.jpg	287324	480	640	f1a0e68d6b80152330d30c1e96829392e67c354ddcdc24790bea89edf18bf381
000000073427.jpg	73427	429	640	0ad4889d8327ca1fc9d6a46cf792d76de143a70aaa150e8aa6568d58dcdf2022
000000423341.jpg	423341	428	640	fc8bab9dda3f6c5eaac28ad93d45c65fcba0e97c21ee7044873f27eac1f249a4
000000062244.jpg	62244	640	448	e5c63e4e2b7dd86354ccae5ddc7635c0b1ea91b8dbaf81f8dc0052753d6db1c7
000000338987.jpg	338987	427	640	4ed194c42976dd483cebdb30935cdb6fd0648441bc5699e9735da0bc567927dc
000000537685.jpg	537685	564	640	9cd6f4341dc8714687cdc6f620990231b4e1a25bcdfceaec28955d66aa50eb87
000000138814.jpg	138814	427	640	17e83fa747ce513c3ae6e67e182323ba379b55103c19ab72c97bd4a6edf918b4
000000026943.jpg	26943	640	457	427ea9968e4e7efcc8e6caa0a920063ae9e2cb8f3c02c52eee5b23f87ddf327b
000000105113.jpg	105113	640	480	cbf967782a637a81461aaad816a366da55f248c8893a4b1f6d35b495e97877ee
000000424404.jpg	424404	640	480	2b7a6ac939e08efae1a06d0029513e50d7bae96cf7781d20c0b944572ac2ad47
000000155705.jpg	155705	427	640	1c59645d3b19a2b89d2c6691c16a7d46cd9d9f0806bebdd3aa8fcf75d74d5c51
000000499837.jpg	499837	640	403	ee49ced0e62cb6104155b312f3d24b1a29e3494c6487fe3b4469e1554881aa15
000000373583.jpg	373583	426	640	4a60d4cc4d6b1b02d64371faaa46b2862be16c696afae6ccd453e18dcaf1f914
000000229342.jpg	229342	640	480	9ebeef5cc2a34b20f13341a47cffc49afb6feeb8e674de383024a70229f52dac
000000010142.jpg	10142	640	480	0c562deb012354428349a44d12ed25e99ce5111bd0ab630d0572a15586ce3b38
000000372861.jpg	372861	640	480	cc2915c09ef50bb0f9ce1274288dcbf56758dab14acdf1ca797acc5f8bc64236
000000374326.jpg	374326	640	427	9837663dc77de51edc2ae04bf1cf07c07554ce7976afb9090830d74f5bea5479
000000575763.jpg	575763	612	612	4accbcebbe3e9ebfadc9a4c42ae0c4f04aa4d0a42e69287cd3d81dcae78368f9
000000215304.jpg	215304	640	427	1cccbd811d13bd7cd1fed6043cebbd32ba557ec38153d0117a9c6104b2d0daef
000000477263.jpg	477263	500	375	7cd125da8a5a6f852f33045cfc77552f294fbd5abfad869226667c7d69bb4e04
000000009226.jpg	9226	640	425	37956976fd6269c6f4569b426231bf0e4ba8c35983611285a3c708526dc2c77d
000000050158.jpg	50158	640	464	4036f692e371f63384c12c1bf89176fd3cd2f623e485a14a5ea9b065506a4930
000000125353.jpg	125353	640	383	ed122f04cb914cb6c9e3999a504d8fc4f096aeb78b39b6f2850524158fa2737b
000000104142.jpg	104142	640	351	a2a2146994465a64fdf80edcdb900eb0e924aef087d15b4b43160d22deae9886
000000188660.jpg	188660	640	480	5fb15fa839109cd1d3dae6b8cc8a453580dd3b936cf7926f595ac24ac21851f0
000000038490.jpg	38490	640	429	d6c6819646a94a35e9d51c921b8911f95d1c4062252c0d54c4a34c6d1bd0b90a
000000216083.jpg	216083	426	640	7da618215061d685ca8c8245c95df7fed5595f112a8090cd5f8bccfa49cc9a38
000000240043.jpg	240043	640	478	7e04b6e9b7ef894e87ecbbbf8c5f891fa119bd6fdf48dfb5afb9fa68a0dea615
000000314614.jpg	314614	480	640	a86411d7b7f9821dd1cff16155d3e961d31b05847230d012e0d00338dc6e392c
000000254800.jpg	254800	640	428	a4051591950d35ef9c7f2116cd02a3563fda64164319acc53c56126df9490225
000000115028.jpg	115028	640	361	635d6dd0be7623375398acc9e56d9fe745a6bb7385d54ad78187e21cbee16913
000000456082.jpg	456082	640	426	3b351dc884d8c6c74d58292fac77c2dee29d30c62ec7e348ec014f6b786ba5ec
000000461222.jpg	461222	640	424	9135929c00bad83e57fc7edf2f603399a3be348ba9209fb5253c8547faa1bbce
000000476910.jpg	476910	480	640	0f78da7ab8631461d40f86dd1a63312fab0ad10a06ffef79769d9ae3a858b76a
000000016486.jpg	16486	640	388	a05906eec775fb62907d7cb8602afc6cffc4ea902e3d33ceeacb5d167c48cb91
000000451240.jpg	451240	427	640	c7f35aba7973a6cd4904d5a257f2178313ec3186fc19bd41cdcb1daa244222c0
000000043049.jpg	43049	640	480	9158d6fee93d4a4c08381f2ce5a37f6af59069afc7cd8f594a93c176a9804461
000000176295.jpg	176295	640	300	046d6c7bd6396628163a33a4b56fd5b153c2818740f9c3b4bc61a1702c3b0aef
000000567812.jpg	567812	640	480	a0aa6b9e98a3ffcb58f9c9100163c5c640410d46537c219bd5d26db189bb9423
000000161917.jpg	161917	427	640	27e29b9615489bb4c489fe1938024726024d0a0584e4c30bf4e18756138a99bf
000000549933.jpg	549933	640	480	0431b78846eef1f328941a0f24652334d92440608f1869a80e9fb3c139b9abb0
000000142386.jpg	142386	500	375	2a3cdac029e51c7124075d9c561c22771637fb040c8e5482950df6e2b82b52ae
000000438738.jpg	438738	425	640	79da339a8bffbc7dd10f77df2c7ba87a79af416fb4ad561f1eefef7d1a9b2da7
000000368885.jpg	368885	640	480	bf1965d33106caea3573ea4264fa7cf545f1b9f1f96eac3df1b419101e1b6743
000000337219.jpg	337219	480	640	48c5239926a98c2b9fa1538dcca1c00d7b80612c5bf4e8799b8f5efbfa9bdb68
000000231630.jpg	231630	500	375	6701ad9b81fc493bbe91d3e5a525e286a091422d22565dd75536e74cc33aaade
000000519738.jpg	519738	426	640	249f91866c6ed7dfc6e2c35509188d6698d386aed00dc4045e63dd54636f0d48
000000327807.jpg	327807	640	480	32dd837fb0f012e168f8fe2ab3363c22ab4b3f9da81513edb58f7ccee21b1a2d
000000328783.jpg	328783	640	480	925916ac2c77bb9fd4a2b6a3f45beb28cfb8a960760f6448ef86d0d6d567d395
000000547080.jpg	547080	640	427	8b19a32a21f6ff3a4b6274e16c9d83a7a9f8a3edae7f923357fe94c1185610b1
000000008836.jpg	8836	640	480	6dee9529dcb424f4c18aa0f3c97bd59e55fd97d880f74a37477f59db89be24f6
000000527728.jpg	527728	640	427	19a8ff18ed0a564d76f5c8fe812c241affbe80851ed8a514e655ba6652b94cd8
000000378751.jpg	378751	480	640	23d3f6853f34dd20c973b76b7d50643e3f373a782646e783a6fbe90463910cdc
000000539808.jpg	539808	640	480	7533ac47408d7cd2d3d10bc15dcc294ab5e871b39263234c09182da53f3f6b03
000000569672.jpg	569672	612	612	e5ddee89d2f6cca5ca5ae60578315c88592fa6cd0bc932fdd8996912ac9aff13
000000049338.jpg	49338	640	361	fedacbfd2ebca493522b48bf9a7d041012ce6c6e47e525d3009627eff46b02f8
000000147961.jpg	147961	640	429	9dfbc6a71389141777ca27a735b6a00c43bc211151a5f9c2c8ef4ba0f20bd027
000000531488.jpg	531488	438	640	8999203a97357cf76bae3c06fee02b546ce532b8099a3f4466edd2fa4be946f1
000000176384.jpg	176384	500	333	1e426afc915924fd962e890cb48e81b52590175ec057b212a75a60eb200e62db
000000403999.jpg	403999	640	480	71c1f51935448dbb8d133d7dbcc322a4d8d4d4804899a04bf7067bc421d4c738
000000493067.jpg	493067	640	425	2b5011a096bd357c33bf8951a8d4cdf650521aac224d987827cd64e0d0057e33
000000001554.jpg	1554	640	427	d2229f0b08af341a899f6dd185d9042ba0b7c8df67394b5c99e01904344367a3
000000311173.jpg	311173	640	480	24facc6aa5b8c116f7c7af7238e8e5752e939b4321437b3721a1bb2689503a62
000000440991.jpg	440991	500	375	b306e66d232383d711aae95684fa691f97a1be8580b0568d31c6907c622cf3a9
000000460453.jpg	460453	480	640	cf446096ef000533bfe027e2ab71b0d7d03cea8affbe069b7db6d2a1ab1acf19
000000379579.jpg	379579	449	640	db55ece68f32cf8a01bf6314ec9aacf0c4f6f0bd501060261489c15067f00454
000000045701.jpg	45701	500	311	3141748c4ff794066a285dd9ceb805b3ec683a547454ca970b094bf97dab3dde
000000348982.jpg	348982	512	640	28db9518e0249bcb17202ca3d78a4fb5cbc63a89b3af188cd1e47f456357af24
000000024788.jpg	24788	640	480	c680494faf65bb80514581623723f3c9c4fabb7a8149eaa64268a3561dc90bc3
000000352188.jpg	352188	500	375	f82c4f381a1daceeeee227851e0a8db1f2bba39b8043fb181cf02c3e9b3c0c2c
000000065198.jpg	65198	480	640	b42b21ded512fff57aea8e918ad0fca082f2bba9ea0d044c152146acd53b2faf
000000365993.jpg	365993	622	640	ff678709fccc6d79900ea12001b8e581eef7358352a35fca311f965e71f64d95
000000324266.jpg	324266	640	425	8489ef2310fdd70446d3b2a9bbdfc399c03628af2cdfca00a694354540490cae
000000208621.jpg	208621	640	426	01436f184f19228439ef3f8b77dcafffa20f27b5927f24e82815c723900b3f99
000000387725.jpg	387725	640	424	9309831aa986e022fa72bce0e2ad2f9ad1c8f314cab3fb5bb8bdcb6554a0edff
000000516843.jpg	516843	640	338	3c2909efda7d542603f8fde6d2b4456cc4faee61a144ea83bedf528f4cf8d483
000000180386.jpg	180386	640	480	395056bd9eea4dd0c52aa97af4188b6d5230030084cc0bb33a49b9442e24acc2
000000443240.jpg	443240	640	480	0ab09fa97e104197ac24430343b6ec914edfe9d48ad113c75cb94491e7a5a575
000000305170.jpg	305170	640	480	4b19ea4b261049a2027f2a0d70f91dbb6cc9a3fdb29e9db4a30b83da8781e763
000000109700.jpg	109700	500	336	40495e636dbd9cbb296d1ba3d9b546df167247abe20ab2efcc702f311b30735a
000000316007.jpg	316007	640	428	a793e5b7f4fb86b30721174f87bf31a34184baa9ef049488964ca0ed9f944084
000000107670.jpg	107670	640	424	d80ad51066915f5c1dd401bb6ff6810cb002094794d1f9b3fd4a2b9d979be029
000000004731.jpg	4731	640	425	380bbbc8de969ec9d3dbe40f1ca3007d9106711ba111fdb58d8a02952c9be091
000000097683.jpg	97683	500	375	3b3bd88035dc01e4af38db1d59f06ba0afbd45c9ad4f8f5bb796fbaee9a7749d
000000492817.jpg	492817	640	426	adcbb46a6ac4e7778d79c21e02d179acee5ce78a57e9c5005929e1b089eb55ba
000000182785.jpg	182785	640	428	358d7ec7d3d93293794d1144926bc6dd5f0c3341be8918ffc42db1ef9e656493
000000568137.jpg	568137	480	640	e889f48f036738d6e5d62a734029e5dcecee07b1147846321b87b2e07c960e43
000000251696.jpg	251696	640	480	751deebfab69ad95f7fccafed479aa9ff44809c73f019d1ce2385778bb1c4690
000000075402.jpg	75402	640	425	6d91b541f56d1fa2273c7ba87ba656baee0bc8c6b59bc3b3cc50d2dd4952b24f
000000480379.jpg	480379	640	516	76e2d9f9c5b0e6a8437ce3eb30956d825953923b108b61986c032e75d6a06edf
000000557952.jpg	557952	640	480	2284c903a1684b6fbbd605cd10a82b0db3b7bf47871142614b006763bd88c198
000000112584.jpg	112584	500	375	8823f30298cee5a90dfa87b1b55ac3125fdd2751a37bc4cea6d682d186152524
000000221633.jpg	221633	640	427	7b644bb27c6d56a7b3fde6614158307e79fc9fbf586fa87157e580c37b47445b
000000134177.jpg	134177	480	640	b93979648918f918be46672972642f7109642b25d6cabc007cb9e9506a179b35
000000545324.jpg	545324	640	480	c798930d3ecedcd626f7b79b5b42961bf3ca6c1a769a0e06c7896b2cffbaacbd
000000328189.jpg	328189	640	426	00aa6561ec6c91704e4e9c358f1b34049ee9273731ff3f00dcce9ede87d11a4b
000000277200.jpg	277200	640	426	bd2dba60e1dee9a722baa55d9ffe1b1d518128157f9dfc2a70dd3e0968997394
000000531784.jpg	531784	640	480	ebd432a0abc0b053a60231404b035b1e89cdf0b8736a4cc305693cb73fc4239f
000000412036.jpg	412036	640	510	58c1c2cdd9e04c146d2e499b33161abe277fb7aa98763a5699f2cad12e4edb63
000000445857.jpg	445857	500	352	72e70cb549adbf942f38aa30705030508add077ffe98a53a7235d2865c1e6895
000000279986.jpg	279986	470	640	9f591b5c04425b2d4161a523296b57d6fc10ff0359efc4a972adb3cbd02ed891
000000442356.jpg	442356	480	640	c7128bbbaf150671d4f129f62888c3bb37a001bc988f46734ac834495d423334
000000507424.jpg	507424	640	375	67deca5ef84eccac6dae24803516582cb3667465b733a9a937af4bbe8f507b0f
000000016720.jpg	16720	640	424	7130ea0d50699c1596632f9180e5b7bded0df417009be27cdafc9bdf4a1bfbd2
000000263989.jpg	263989	640	443	c8b374e177aa34b2055983dd32945c021ec021f111d73a204ffdc4489dd13ce8
000000036028.jpg	36028	640	480	c8402dc45e456bf0080f19239e67b26b7372076ed31225ea0301ac3096e3481a
000000016327.jpg	16327	640	427	fe667f21c87515075fe1507a904dfbb7e3b1a7255b2e5a8f8924ea7f3f3cf4e4
000000463458.jpg	463458	640	480	580c9729d00fa851340501783f4f8f13b2db9997aa98185caa54b296a1031935
000000016839.jpg	16839	640	427	5d980fddb1a13439cdf2e7724d8de527546eb4418ac24d9684fb4ea57cba4a16
000000533502.jpg	533502	640	427	37aaa9313c6389313a3d4195f8c951a6574798575de83e2d0a2d25ae63f96507
000000016837.jpg	16837	431	640	9311ad1c0512d6c4cc884a33ed811c4bdbf824780a93ff5811136771a538dafc
000000306820.jpg	306820	640	427	f62d38d7c133f857de8566f3dc0bacf088e797c0c0c834870f606eca58eab419
000000377409.jpg	377409	640	427	d6c234543b058ab89c0119b83f7fb1d15a38aadfd37659aa078e28ade498c074
000000240376.jpg	240376	640	511	3145536ca7bcece00e6b1930db8aae865634069198294f9667cda9263c4d17e4
000000421128.jpg	421128	640	427	b782535ac41be620af4ead60d5cd1cc19aa05e7c8e0be386c8bbeae48118daee
000000305527.jpg	305527	640	428	a92d309f738eed5f7dafbf7497fc32527a318d9e03f564c1c7ed71df7cdec3b8
000000202531.jpg	202531	640	427	d9473d4772d84409685435db208ee5cd6c81d1ee1af460d986dbea8d65a16d04
000000447083.jpg	447083	640	361	113a43dca8a349d04e4769d021e9199cb302fc69fa615643c583a27fc1154186
000000366536.jpg	366536	640	480	7781886675bd8da3ccae90703cdc3e589b8a56595cff573a0cda3c990077e3ab
000000573483.jpg	573483	640	480	93e78cd0ef98be539514b7bf3acefd65f0df56ed24cfcb1a72e71eec228ac0e1
000000188505.jpg	188505	333	500	75d7719e75ceb764bb80260147eeb57a82d39cdadeefb70287342683aaf0ad1b
000000495695.jpg	495695	640	480	13abdc63c6b9aeec24b204c674425fc3d4fa3329140e29466db27c1f3f1da461
000000256353.jpg	256353	621	640	81aa49e243d8fe3f6475e48ddf641600ae859e210ab9ef8bdc1f83a8229ade28
000000235352.jpg	235352	480	640	085e2ebb7e2197350996b23c06a82948063622a273c5c7c738c70ff047ce73f5
000000196623.jpg	196623	640	480	ac001a3b21a16a48715f59d40716a90f67831dd6883f943d66b8642661d2a0cc
000000009830.jpg	9830	640	478	3fc08fd9234f0ef6fe02e94880752e72207e42eb84539da2de6707076bdcdeca
000000548821.jpg	548821	426	640	2cd3f919941b219d2ff2aea8594670d4a43f35786c72420281e193edbc6d91fa
000000210773.jpg	210773	640	400	e210d5792b7df71d33e056f074a6bb832f93c44cd06dc19d1b27f67bc11d52a0
000000195712.jpg	195712	375	500	099f5d6558b77766bc1a3d24355408c30f406fdae9a788ca651afc2231067df6
000000542450.jpg	542450	640	427	234f6dbe2627d6166af4c33c45b5e8bc9a3d7d09daf0ff68e01b7971ba4a1617
000000161163.jpg	161163	480	640	b9e56c2a4fbcf46435670781d2534a83478a554efb3be81d99ccdf60555706af
000000471256.jpg	471256	333	500	e66b06a59aa50b59131f3684d513afd4b50843d24ea7509744535bbd0182e5ec
000000208413.jpg	208413	640	425	11940b8fed322d9ac62c2f700627fa8a296a5e08a8846c58b2f92b2537b0bfaa
000000574402.jpg	574402	480	640	5c521d336bcfc8c04220ed7a5e4a622cd1ddc8565547e9a87a551d35c18207b2
000000391446.jpg	391446	640	427	97da89d8386779b7feb8e56cc636640d48a8677910aa3c19b427ab2a52f3c9bf
000000513657.jpg	513657	640	424	cf7ba803df523606067fcf2921229493f95674a01f85deebb04b70dd9e838431
000000146099.jpg	146099	640	478	8f4d360865281e28e244e1e92294acd675b5bf9b0744a79518df8a3fbeec40f7
000000095383.jpg	95383	622	640	13d1beca2eaf0e128039a346df63f8034a1e3195431b1108f7174960ae935735
000000306661.jpg	306661	640	427	9a779302d56037c64e2f95e3e070b53c2dfbe7c13a9ed6fdcd13f5c4848ffe76
000000359537.jpg	359537	427	640	de2da7a80e05775fc397f6e5852c8953727b9363b574692ed39b9b35dde9f1cb
000000321642.jpg	321642	640	480	06bf5454bccf0d57a3d313fc139d08d3c65a4eb024ab22ebf495f8db3cca862d
000000222026.jpg	222026	640	514	3101733c97ad0fcdad1bdc8d0e296b565e1f2364d6184cf89588e1acb701b9a6
000000204053.jpg	204053	640	427	8f66a44fad35d2381ab90407984cebc225d8267cb0e5903f5a41764d1a5d627a
000000325891.jpg	325891	640	480	675d8b715387e8a03da882768b24911158809bddae32539ad9bf6e9abcbd22c1
000000323418.jpg	323418	640	427	87950f6dbd205d08073e84420c019c8008cace1ae031fcaa68b354065f4cf8a4
000000014783.jpg	14783	640	427	ee8836f8342e6e78c8062c167f7151ef11ab27b9fc7adea639dbd238983a99b8
000000029587.jpg	29587	640	426	a26e113138624b76b0b6a11bfc5aa5553140452c715d54e20beecac081d4e6ff
000000224420.jpg	224420	640	427	352a36fad472fbf2b056423492a340e79c60ce33e34a5111b8c2fe448c289cc5
000000047667.jpg	47667	640	480	197a51722dbc36a8ebc664e0941260ef099c84d5b633f0dc86e0e466266c2fe5
000000077628.jpg	77628	640	313	293a9f97b2585e9f5a2c6e354bfeacff8cbd37ebfab5f62303917be472964793
000000533464.jpg	533464	640	483	3d47ebf826b8906d72e4ba39dde7565ddeb8cad6d28f0542e03983fdf952fd46
000000472349.jpg	472349	640	480	fb9f49ef9abe5f404a0585b246d473affbd3244a8d769f0af8ee105d7820f547
000000316014.jpg	316014	640	427	d4431dcf13583967cc28e67cd13ee378d9131ed4f68f39bf95b6f8cd5ce4aaa7
000000525510.jpg	525510	640	427	98c03ef80ea04b06585f9550ee53f988ff4b8791edca38fbccb004aa7c3df51c
000000260637.jpg	260637	640	427	b885053a179d07bfef2af7303a1d350480510d2b21c67389d5bbbccfad275d69
000000185041.jpg	185041	640	426	8e126e64bf236b0ce2299dd9ddf8885209a67be97233d4e93ab07ff673ae24fc
000000373792.jpg	373792	640	426	b33b673f64bcc33193278e3fb8063f87b1ced1980e1a6de5788fa08f7c2e1d5f
000000576817.jpg	576817	640	362	acaa1afbf9afa215bc608601d14da740fa3ef719d0714795c0206a3774e4c49c
000000128756.jpg	128756	479	640	10fc94df433518accd5ab50e39bc877dc1ee4b3575d0cf8dfc1d7a8f0a40e2a8
000000385744.jpg	385744	640	427	95aa43ecb5e76f7eeb6310bb9ede760389afdb69ad6f8c57f6148a404b7d3e49
000000267022.jpg	267022	640	428	012b67bd768338d85d2019ba2de9010d80fe5ec6d1e47ba1cdc0a82eeae69465
000000015778.jpg	15778	640	491	e4ae9d4e64332851af6e499e4b1d19964bf850a7a3ad989d56ef601a23161b98
000000519438.jpg	519438	500	334	ee092dc26223b284cc4d1a96cb3246af6a0ca2aa59435e2020360a7c4df18bb3
000000358158.jpg	358158	640	479	61d01ab8c43d3a52509ec58dac9ba4af3891c66ef7f2d4175b6c87c0d002f6d7
000000449108.jpg	449108	640	519	113e60ada5c345d70326b560ab26659d9c0c838df3573b6113eb17ca08c58f65
000000281394.jpg	281394	640	427	1953549076f3e90af392c002d2c9378f60174306301de990a813ea5a0799ec65
000000069311.jpg	69311	428	640	082d16d7a67cec44d63dbb5789f75155772fe37b0867b4d5d42e06d73001eae3
000000111195.jpg	111195	640	459	8381787321107b52eb57e9a3c1f3935e0b2ada6e6c73a80267bd5efdb1fbc8ea
000000249620.jpg	249620	640	312	f9487a067a9973ecc6574cb7c54fbb41d4cf5f62ea27c32066e4693929bf2a7f
000000511138.jpg	511138	240	320	3cb15c5d68d526bca8b4c9480c05fc588479455365df972123241a946b1216ce
000000079528.jpg	79528	476	640	60ea79bb799f549b49fca8332489df0886f4d8f65094c01dace93736a3287266
000000131087.jpg	131087	640	428	8d3d1ba2d7bb34c18998ed41a5b8737f9cf408cad6186f716bdcdb1e764f27a5
000000365133.jpg	365133	500	375	292c9220ab4adbebbaef7d570af9ebf1f276f8bc208d7f6db7512d99cb2c45f9
000000330881.jpg	330881	640	480	872b2ec8ccc8ebddd5ce7854fd1a785d65ca45fe4096767a598feac57f87ef36
000000194437.jpg	194437	500	375	02402bf1bb592395cca26432f86899aec65ddd62a0971572cfee8886265e7d18
000000274418.jpg	274418	640	640	7f76952bd0376eece036ac3569eb35bb604fbfe8ded8595782949bfadfb4da97
000000554842.jpg	554842	500	375	feb10adad2b0795268335d93c40f251c562d97168782941a6e8ac84f13605d01
000000421955.jpg	421955	640	425	0e38be14f9dcdfd7e8896ab0a36f0fdcfef620f6ce310e0361576b9bbfd1e6ad
000000269142.jpg	269142	640	426	71566a781178237e35f823e8dc32f717f7845f6d809bedc7fcdb53af7e3012d0
000000446597.jpg	446597	640	428	42ad49f9b6870cc6aa42c218c8b44d78b0e173d725cfbf50675fcda3d8df0f53
000000391525.jpg	391525	640	480	df6e184b1352f4c695e543701c0b2685893262f279e0d7d8f1abb6f72cc75b98
000000272863.jpg	272863	640	426	0c1c83cee6b6e7eaa65503bcfa33f819a64ae7694ffe0b55b18369fe4a130b34
000000524572.jpg	524572	427	640	50811c86fa6ef9bd861e02b0d3a1368eecb7745f49f6cf127d259233c8da4481
000000201919.jpg	201919	640	428	8dd4bee1d9479e8bbb60ea1abc7be02bce3c802f3216443335df83923e2a4e27
000000138027.jpg	138027	640	400	c65877b8ec1c583bb6734834f6a8603deaf94ab9ee6717078607f1fe960f29a4
000000069346.jpg	69346	640	480	38b153b2cb7c3e22069d5368b019cf7bfa53e4ed7e73ea98d7e65a5cc56df72f
000000448695.jpg	448695	480	640	12ffda41865dd48e1d2f4709df0ef1dd8a5db79bc5c5de8a6eb52b9c36ac2243
000000020671.jpg	20671	640	480	fcfd754f578e2b438ab48c91ed70bdc71fb72a3ad3dbd6345ac98a298ac8dd08
000000288714.jpg	288714	640	427	2a31dd0502297b64675432b93aab3a6f77c70204332cc9f3b456eb7c3ef5aecf
000000249807.jpg	249807	640	426	776e30be3f2b45fa098f74129ac2dc4bfac60ef834bbfba0c0fa4bb4076cdb90
000000224377.jpg	224377	427	640	be0476f68e6ff8e44116585751b0d317d88f61b7dff7ff5e79891e4f088fb17c
000000272255.jpg	272255	523	640	98a6624a0979ff507e7b6a27392631338fade2f803282117f26c93482fdacdbf
000000305351.jpg	305351	375	500	d97b5329f2a9441858e29d8473ad4e4c52469f2020182185c1716f730436002c
000000563615.jpg	563615	640	480	2407b92103ab76586b2f3283a4c3d509d512eac5f5253ad88b284dfd84e0558d
000000435785.jpg	435785	640	480	17401d0e0fbf1711590f59c05a838345bca20f79e8fa8fce5f7a62ef713bc1d6
000000232675.jpg	232675	640	575	e6bfd9b0f39127eb73c56920b2a7be5ecf0cdcec08ba3c753f33cb973eaa6693
000000210806.jpg	210806	640	427	88f57d9b20f0b8a4d8f951a98541616a7c24009276c1259fd7d25c7ae688265e
000000076004.jpg	76004	426	640	42acea0cd6dff569b02137f7827a6b3d50733f859da400aee797f786f408328c
000000578131.jpg	578131	600	400	989b2f879b3c88282b8d334d89de9870a971461b3ae3ffe3b2dc941f0a3a495e
000000076087.jpg	76087	640	425	c79925d43814b4646b2015004be71d5857618010b4c2932565eaa24ee9cdc40a
000000461501.jpg	461501	640	425	c4b094913452e695610c69e4f3403c2442867f87da66a4c4bc67362c8db7e8f2
000000315453.jpg	315453	500	375	d33ec78346637417424230435140a05a465553927d895fa3f150a716f890f9f7
000000526759.jpg	526759	640	426	c970bdbe99aad8e4ea5072c80d3afb7081f0aa8c3a7776a8c54a84b08b92efba
000000410531.jpg	410531	640	480	fe5c1cf7405cfeb2f51acc13ed01ee9944c67836ecba1eff3b04efd4e7f949dd
000000369126.jpg	369126	500	375	2ee6d59add7e29af93248cadcfd6f850a8498a2a1d9cd53af02a4df125269fe8
000000436791.jpg	436791	640	429	cf2dc4b9792140bead99762d29feb22e7074b3ad9f4a7c9214e2c1224094c362
000000324310.jpg	324310	640	427	f527ddb56ffcaaf68a1197126e3a472442508baa4387a827613aaa184caf7f46
000000186944.jpg	186944	640	428	69d8a33989bfeb53a18b11be9094756912c394ae13bacca4efdff9c0b7ecb996
000000421305.jpg	421305	480	640	ff3fe67dea42567797164d9ab27607c0ca52cd5fd71f7c5db9b1e19882988333
000000379162.jpg	379162	640	427	cf1ba63ded89c57147883f28e8ce63e3cd58f2dcb68729bfb77ee37a335fdb28
000000402167.jpg	402167	339	500	d3b346c9bb90469b76744df83b92321d0cc87d45f069dff004e758300e44f9ef
000000279917.jpg	279917	640	427	aa551ca3f5ecb7346a544ac981bd9edf505cc08f7c87d2680da1d6398d8fea57
000000121812.jpg	121812	500	375	f046171769dc6a962dd068404569c3e581316bcafbd8b73de382cd1c2a3b3935
000000532610.jpg	532610	640	427	5a1c0c3a70bf14a8261253437ff8e00b25c27ea914bfe9e78a2cfe1e110a0974
000000130206.jpg	130206	480	640	4c8b0f226b74930e47f8c2c33273191e523493b0b94d951338e2db9b6f16477f
000000375674.jpg	375674	640	427	752a0d0e7e593e40b767af34656992b9012d33f15f88999ca8091c6926f9f124
000000228297.jpg	228297	640	457	39ee40f0c9de74e71b3f0fde2dc034fd59f07b7f434cb49f72fa90d5b3dddcd4
000000063595.jpg	63595	640	427	d52ea6550e9c7f88f1ecd401a89b98f67df0a581d04baa185a63fb74f80c3e9e
000000333656.jpg	333656	640	480	6ba03d910f210168e4b78a4367d6c0ea6dc5de78c71302bcfe215aa9e01453ca
000000401071.jpg	401071	640	480	f1949eb7f6b36d426e60e7ad74aa51e235db5f45d0fa360eea3c763cf310e86e
000000374520.jpg	374520	640	430	e80abbb4ffd260d0846476d7183da2a263cdb266ab3afe0fa9d5de8e8f663266
000000504980.jpg	504980	567	567	5bb8843c93f583cfb69977359c706da5cbd632e68a0c79d54285755c3b05dd9f
000000112950.jpg	112950	640	427	68dfa06a7f05e9b0c0b3629e02027fad004d2d9c6826d6029036cdef62969fd4
000000110381.jpg	110381	640	480	c482752cbc2a73918a7fc6b753270606f5101424830345c86aacc0427cf7b1b8
000000332607.jpg	332607	480	640	8afad12a1ca16c3d764f35f2da777cbffd3d948bd4ca5292936839c380148a98
000000377097.jpg	377097	640	480	dc54af3ec54a322f891dbe49e4236e31655126342c444891ef668b222d963b15
000000568502.jpg	568502	640	480	2af258c6d65540517d37858813dbe1c5306bf180acda8b1cd9d6f394a9cce63a
000000554032.jpg	554032	612	612	da1fc35d28adc5c03e1362404c90322ef66e3ae4cf8f74c39f96c978be7e7aaf
000000110596.jpg	110596	640	416	77173172a9c11fb100f4d667f6c6d4094b3e07a3327886def33913584db90ead
000000176285.jpg	176285	640	480	f68d38e131a83897b259e89a4030ee69c6647c35c7aae9ede63b045e49e5042c
000000558826.jpg	558826	473	640	e435b0d5c000c6689609558d045a691edfda9d475074bb49f1342a2e60c0e136
000000204407.jpg	204407	640	480	cf5a5d940ecc048419e8a0a724171b590874c45faea65469ab002f0d7ba7b146
000000209256.jpg	209256	640	427	522c3cdd894b3594e9560939efdb38a02d348c598252aae70ddbc167aacf6056
000000033445.jpg	33445	500	332	b3fff635b12580d7de407865f2e6d8ae91ceb2bde1de09d2af0db6e2dc651780
000000518133.jpg	518133	640	427	8212671c30357f85b4d10782006d1b769647e8d4b4600dbdd6fdd04b600f3ab0
000000455358.jpg	455358	500	375	7a5cc6e208d757a8e45abf4246ebb2566c0cfb5959e3a086e36b4611ff6da549
000000412019.jpg	412019	640	427	078a8907c1f81770e14603fe905ee6e5ae7a9a8b276f84df2386801a0703aa04
000000578231.jpg	578231	640	427	af08fb02547ea8b7e607b99dae0ac58158b7508dd8fdbe8c628a29113c89ef6b
000000467071.jpg	467071	640	425	509af38671ddf4a8ba30ee2f3ff3efc417e0329ef8f5d2cd3276056633acfc83
000000513456.jpg	513456	427	640	09039bb09640a80945a276e53613876fcb578ff3ee6ce4a7f2e4a344dcdab1e1
000000308688.jpg	308688	640	425	2af5f5b8fbe8e705eff985c46f0f6e5d80dcb47df7175c921996192b4d9a4802
000000205473.jpg	205473	640	425	5f385eddd62a42e3561c6bf95c1e2ce7b4437289b4e6fca7d7f853a66585818b
000000315773.jpg	315773	426	640	0486dcd08386df1743250b49e603a2133a8bccb4eba2a2547015315ce5f57081
000000061260.jpg	61260	427	640	b771ead6a8caaabbf9cad321e467c484423fd1ad6274b5639100ad4490e8dbb6
000000393180.jpg	393180	640	427	e910578c2ac2ed45b8c8b8a4f587eedcd39e0d8146a02ec68b0199d75c7da827
000000505038.jpg	505038	612	612	85deaef3793cc50c99ffdfe4d1d14f6fdcc11b2d35b703d0625224cad1cc2aac
000000373713.jpg	373713	500	333	a4eae17ace75b3946ec579cc42efe5b36a3513aacf64eb5f305f9bf02d53ab63
000000242677.jpg	242677	640	480	6c75e74020e31478bab95781e3bc30274348fb4ec381a0c2880f8660aa9f7c5a
000000062251.jpg	62251	640	480	9436b757ec6a25769795e38b8a502e5a4392b2701f5c30cfe77e480207b60b7a
000000422516.jpg	422516	453	640	bc0c837de4194c607ea22d224b51355589906bef13f4e580a30a32167f2b4c46
000000398362.jpg	398362	500	292	cce9853948e205222573592f39d6f1c5dead285d219f8d2747fd66abd9bbcb91
000000560598.jpg	560598	640	404	f74dacb6fd79c1f8d47aec3882759540e8f91ab5fb0d3e218ade946e1a7fb8df
000000250893.jpg	250893	640	480	ae6400d513a58506d9bf10ad395b76dbdb251ed5a53ae0961e3b66cfdab8a920
000000566051.jpg	566051	640	480	82afca0a0bfd06386d1583139c44ee45a023422e51ed23f424ef088a2acb793f
000000170888.jpg	170888	375	500	3e04e4a300b2eeb44cbee3c4d8de9502c67d334b1db34c9c82ffee9a0b20a0e2
000000399650.jpg	399650	640	480	5891d533729b4537b88096cd9f60d4267db17d396626d21f914583e37dc82aa6
000000186045.jpg	186045	640	360	84cf1f81c3c419e65e6ed9e41eb615a1319fb1c5cef292187e4fdd238f53d05e
000000443988.jpg	443988	480	640	15baa79f16bda8f42a3b408fb2beb1797f74f5fc74ac53d68c714fe3e92842a0
000000116994.jpg	116994	640	427	73f208d8f51c26183618ed9bf2c0bc47a49ef3a04cab96b940a53fe847ce2906
000000543644.jpg	543644	472	640	14aa50d8f640e2d6017dbbf7b5040bcac644ed2dcff349ae51f625f20fa442af
000000505510.jpg	505510	640	426	68a26beed797c8c9f1c9b4c6c4a5eef11fe8591ec73e9f1d213266a33a8d51ec
000000146126.jpg	146126	640	358	87f1a0f59460e7614e28c507880b947d7b68cc128de2f1a6909f0488652fd142
000000386876.jpg	386876	640	480	9126e7943f4ccae11a9440eff205eceef99c43643429d6b255c8766db2ef2852
000000471799.jpg	471799	640	640	002632d085a7781edad81ab4a5487543e11a60fe1525a0abdacc9e7624757769
000000341996.jpg	341996	640	360	6660e4bd660d3c509c123633be2b992e6252799d801bba6cb150a6f654b67a1d
000000154173.jpg	154173	640	243	d41c5d620150d9afdee060fcccadfde207569a59bde378aeb94bfbcd9e61f656
000000466784.jpg	466784	640	426	91133380139078d5223d858a677de0798bf522cacfd7285ef2b59036f56fd9d6
000000191687.jpg	191687	640	404	4af2a9e3de7231eb5313c92df2420238facb8e205aa89b5a88546a0c39da09e7
000000164153.jpg	164153	640	480	0816c3a00a0eeba42110029ce0f5dafe0518c269ba7ed342f952f8fddb6cec03
000000200680.jpg	200680	640	480	d74e08c2257f0d5ee11dfe15bec4cca896a0aa2e14322ae85e73530f4f3047bd
000000197427.jpg	197427	640	480	1f89531ce7ba4c4d16208d1f848d1e86fee426f55fc53e8c304d9143b162786d
000000264733.jpg	264733	640	427	0f131e4efbfc7c00f90d9890c375b84459cc62063a5fce621522630ff7f7fbce
000000343543.jpg	343543	640	480	1bfbc31e78993d117c89be4fc05af7d3b7316b8b4056bfe0ebb1fb45d6a350cf
000000515421.jpg	515421	640	428	73b256972e155e13adc8cdde9734d748006bb38d74fb9aa13b73a1769e7d9a7a
000000408439.jpg	408439	640	480	cb02539b045a8c223392f0df6a309ae97a3a0d435d7ec036092acc134025b077
000000281663.jpg	281663	640	480	197aabcaaf83925d9653e261b9d092b91cd350a6191bae17500f6bf18ba9a82c
000000345136.jpg	345136	640	427	b9e7c2d41865748069a9ec083e93e191cbec2b94a61d54df36bff4708ab87751
000000273887.jpg	273887	500	375	42e94a27e56c3f77addc01efb6a10600234e0d1ccc8dcf610ae437e4472ae995
000000354831.jpg	354831	640	640	815cba7c744c9e3ad53538c84402b510da5fe03ad754789105ac15fb45c23e1d
000000098479.jpg	98479	640	426	3e442b2b09d1c8bc2c331a2cab405a0b97b0554a704347615776f3a660f88080
000000024792.jpg	24792	640	427	1ecdadda9ce398303f05e07cd4747a44862070edfb772ebc479d0a125017a70e
000000093883.jpg	93883	640	480	8846195edcaff06abe31f239bc06ff44f18c03990bd64699cf24e46db262d685
000000575601.jpg	575601	640	501	07a0e44a74575e25a0754c78eb92eb176eee9b773908220ca9ce6afd140dd1ab
000000325793.jpg	325793	640	427	a4071c112747328a99a1d9398d77aa56943c309bf2443c14a2f53518114397ef
000000142545.jpg	142545	500	375	871eb799698109d1217d25ad096ab492c4c8e5688195f99375b0ffe6bd05ac46
000000471245.jpg	471245	500	375	ced27135620503cc119d5a59b029f10ca943c2fd61fcaa910133e34a58b25ffe
000000378179.jpg	378179	500	334	eb77af14f8813e98d624f5c9b7e6e1453502744a23d26a79d2a7db6eab285358
000000095117.jpg	95117	640	475	718ae2ac39d9859c91047c36ea10671883a72a70c0edcf51de52a8cd00f83f71
000000123694.jpg	123694	500	335	e35da111af311646c708c8d8f369e0851b1ad6232892c524cf837db76fdf71c4
000000185221.jpg	185221	640	427	4992cb8636803849c78f0b26eea621162f32dedfa8247248102eeed2f6da46de
000000406215.jpg	406215	640	427	43699cfde4def519860c010e34a346a6641edc3c30c6c332fea88a437e689b19
000000359238.jpg	359238	430	640	8411ecd02cf86258dc9f821de05bc047a7609a95c7e81c6c646de12ae1312fee
000000069194.jpg	69194	640	453	d45567957e92c693a35e903652f5424dbda63b55857f712c280e84085bb6c6f3
000000355000.jpg	355000	640	497	98e7be8cf9f1784e8bcc329fd74726d12f63413375ae455fe7011281f7801ffe
000000036942.jpg	36942	640	428	76d1d869323214b49cc2ba1ab4df904259791cd23ace91dda01f4bd821a19b16
000000003637.jpg	3637	640	427	e0fa5f652addedfbab184a2f3ef2eb9cfc5b4aab57726d53a03d89dced1346ed
000000270071.jpg	270071	640	287	875530b609966cee5dccc49e986064edcb96f21fec9a7dba67afb9cf4f719937
000000017938.jpg	17938	640	640	3f9309e0266136cf1b39a5d297f90279a2b7612fc084adb4355614bb840a116f
000000368347.jpg	368347	480	640	b0aaaa64c86658a7c81c7fc653a7b0fd280eb62069107d6e62461ea56a9efa53
000000500207.jpg	500207	640	359	b1f0afde7b361c33de9fc81bb47308e1e6629769c7f2d35a11dd2b6f962ac9f6
000000087845.jpg	87845	427	640	449b58951e84341525ebb581ea9af2e10f5772d0893461d076e82a7a95ffbde8
000000350457.jpg	350457	480	640	5ab181273f99008b24e4ec7bc9b9721b1faaa5316bf920a35b71f72d2a1b0042
000000001216.jpg	1216	640	435	b9324d53c230fe0e6dbe7eee518c31aef2fdab18f6b73bb4eba0d250fb3c798e
000000483334.jpg	483334	500	375	1e39a0f061401080d4379b223da757566f5c9556877e1bd96a18c8fde2f56de6
000000452404.jpg	452404	640	426	462c0f4432fec8f70fe6d99642ff605f2aa1e42bc09fca8ebbc552e68a954639
000000521655.jpg	521655	640	376	56e059778a68a077a9d5061993118406df1fa6f847728e0beccfd7dcc9e23988
000000075871.jpg	75871	500	375	1a7da3b7e410367e3ea16d51c6364e8d500399dd3e59e911cebfe28ad902de55
000000097696.jpg	97696	640	480	b219574b8343dede5201b50d3c170188f84ff8976b7c9f19052ca402bd8841bc
000000322411.jpg	322411	500	375	593843d7b307ed34995f97241468fb244330e9fbe0bb080e98f1516c96ebf9bd
000000091442.jpg	91442	640	480	c663958b2c3a52088c9738ceaef811c6d966915530232da4a408f468069949c0
000000470423.jpg	470423	640	480	b903b0286606ca7c0002df2823d5fba38dfb05c819cb86fb98e5fb626ac665e9
000000528868.jpg	528868	640	424	460c64a19a56fa3137097676c2bfac8d3b015460b486295ba463121745b7c505
000000174698.jpg	174698	640	423	33147d304ee4dd9aeb52c5741e4685ba12d5759fa13bbef33aec67df8050ab65
000000410225.jpg	410225	640	480	9b66454d8ae629127aa5392554e800f47c6a1b208ba378b9b03a4eabed356c90
000000213537.jpg	213537	640	426	050f1b3cb21c806e32b363ebb69614aad61afcf514adf4bad6d1e54d86d7156d
000000157172.jpg	157172	640	427	33888e6604295552a37452f82e268457aad801e4e4b4be83dd4a545ef102d3b0
000000148862.jpg	148862	640	428	c33789ef1d9986cd435a5fce60e473fa73ee1ef2baf38c1d6f4480c688c58f73
000000163617.jpg	163617	418	640	b5bfec7b849b2f988503252b97aced7698e3cca0d3350ce7aa4624927b711453
000000157923.jpg	157923	640	416	69592aba79ac77f3022d69a570f3168bf55bb6d55fbcde3173a1b69d24d03bca
000000091839.jpg	91839	640	434	16c4526d189693aa3c2d1c7c66c6aec29615249e12d9161d074df542766b943a
000000376224.jpg	376224	334	500	deac415498f021b0c90cdc58d80f8f13d3a54886fd963d67689acfda4aa26567
000000480723.jpg	480723	640	480	59b92af4e304e738224ee982cc6d8a58fcb8a32a4b64244fbd0b501c942dc5d7
000000401707.jpg	401707	640	480	fa4629f02da737f543da3428a90b6b9b04c4372193af8795f46b03db4399d6ab
000000207898.jpg	207898	640	480	7effab36fa2f747187cd9a5fa253c0a4d8445dbd619505052d954e734045ffa8
000000008160.jpg	8160	640	353	461e471d7c610d23abfb0286a140e353985503d6ba2c06dc3f0c919f1f443cf0
000000557059.jpg	557059	480	640	242f24f2bee440be015b789af68b17b89a0138af849d79a8421e2b8f7bbaf285
000000430481.jpg	430481	500	375	2a4b63ddd87613f8399e8a5e4e428e6a268644daf828f1f9e72705439cb39c70
000000308110.jpg	308110	640	359	5ebd8981223055efcefcfc2fe5616d64986e3c931897d108186f32e52719ce1c
000000022775.jpg	22775	640	429	1eed7024d5c178eb83a59e0fce95140a32cdb1b7c75e317a1f65e3042b1527e4
000000358874.jpg	358874	500	332	142421f24df9d383aaebfef545a360a65c7ad6f6b1b6c36a5a7803e7ba70f0ca
000000321844.jpg	321844	640	427	41ec5bfc162264aa527c9eae504bd7eb3ef3a92058c3da5ea04437c67415251a
000000493956.jpg	493956	427	640	1c5ab1ecae6068a03ccf6b201f3f91d8636689cdc8e498294c76a833fdda1972
000000333198.jpg	333198	640	480	879ef0ab3fcf4902caa02eb5cc8c9fcd5e8f147e66bb8e4b92efd22ce142c10e
000000460761.jpg	460761	640	427	34b36a5d98a88290162399b672a74124ed8a1f68bc2dcb93460f03ff4a16d61b
000000420375.jpg	420375	640	480	6acc626d5d84f281a45102bc512b15e300691df2e8d92583e7f0d47940036c66
000000387087.jpg	387087	640	480	ed8e6432b079bd802b83fc31da7289c1552e0242e9c8445dffdc6350406de17b
000000261043.jpg	261043	640	400	0ab0f19e53bf52fcb2cf5d9c8a9ea283c0ba585f04c6ef8108bdeb3737a914ae
000000581582.jpg	581582	640	418	8b6986a840198232fd9866b61189e15f6bea2edcb3302cb26c5bd82ef756141b
000000316968.jpg	316968	640	429	fbbda12f81c1858aece6f5ea5627544d420168884bc58d6733c89963d477d05a
000000296987.jpg	296987	640	480	888abf4c135af9bab37ec440df40b86bbdfe3b60aa8be4ae30e0ea021ec8a571
000000034500.jpg	34500	640	480	72317ed90caaacbf871ca110369e36f7756a9271819c6f720be492f3e02b2f7b
000000412437.jpg	412437	640	480	d86d54ea5a1f27f73cd112e94935e8630b492afbb224868e3b541e94ff0807f9
000000405530.jpg	405530	640	270	285b19ad1d8baf7b5561fded59c9063b437452ad06b074a9b89dc29dbb240cea
000000466035.jpg	466035	640	427	34d790d56f3fb20278466bd73b1ee977991a48c26e1d2a7853af4450dbbf25c3
000000277422.jpg	277422	427	640	7920ae14cb7253bd002b69078ba29af4fc59e8dc590cc9f77aa4de286bd3e527
000000128312.jpg	128312	512	640	9a32b13f9fb9ee27a1e85c26556c0de141af96434992e915674fa1c7f65f4d6e
000000500944.jpg	500944	640	583	17b34fc377fea980a95ab55f9e1ab1ea36382e5e6108754929d788ee5700005d
000000060472.jpg	60472	375	500	65213f3ffe967c9efd93e0998858dd8ebdd11e63733b9193fe2997d1d6748229
000000333918.jpg	333918	640	428	2f917a31418c64df654ccff45ed3f51faec59bdf9af8a5f0f1f6155df85b0338
000000215872.jpg	215872	500	375	1e438975d75ac51a5bbac9efc4f179b0fdbdeaa0f4cedfddce473c2f44bdc049
000000190293.jpg	190293	480	640	04ac28cda7bd853298249432a72dabdb8d596df0e63c4fa56a1231e74b3aeea8
000000449394.jpg	449394	640	480	b6cec8c1811faba211e7fe5ff41a57a895f83867bc3fd178016dbc84be1da6ee
000000202583.jpg	202583	640	425	dc828933195579e26a1da8bfccaf0de59b26ef80fe194227022d77f5f512412a
000000313762.jpg	313762	424	640	08b2bb2406a8e5527150084e8fa492d163f77d59de3d01279af3baf12d11b18a
000000184698.jpg	184698	603	640	513e52ef7c7ea367bad046e6ce0b478cfe5bede629b6762ff7a3ffef7776a62c
000000299631.jpg	299631	640	434	cbfffbf70c8c425bb6cdd7ef84bfef540bfeb9b1314d0fb66f9d73a2a75fe7bb
000000558317.jpg	558317	640	480	c6dd5c2deebb63c206aca2ae2f5876485c70caf92fa8961c317b331a31cdeee3
000000517249.jpg	517249	500	333	3afb8759c95d4da45e59b1fc76c38eac960349570b40b1d9496bc79f1e25defb
000000304147.jpg	304147	478	640	63c337822b5f4bfea9f8b543d050437cc91f9f099aa6c2b93062b47340b9737b
000000342704.jpg	342704	640	427	c84a7734b36420ede817f6f69da39acaa17f48812815d4c34eea910789f584a2
000000581873.jpg	581873	480	640	2de40b3ce050434cacf16bc22570fe80763f6d573c395498e7c635194ad45fbd
000000151869.jpg	151869	640	480	4a5600ac91413feb734481a940a67465bd941f4801e48406bb1010f8c45318db
000000073973.jpg	73973	640	480	d5a03681e2b88df7ec1f7819976f292d5659a6ecbbe08724f839d85154236c3e
000000190585.jpg	190585	500	421	69f1ac4a0a480bb8dc325e5a5a4515d1c5f3f9de13d194b1d3b177a2e6f4b5fd
000000173491.jpg	173491	500	375	7110dbecf52351593414d8c2c103556ba3f848ce374b18cbd31d36131ed0b670
000000100560.jpg	100560	640	360	b6d8ce5df7878b48c1e85539a820e6a0afc8f5318ef85b8fd26b77093c69dd19
000000093579.jpg	93579	640	477	87d7a9fc7d04a973a9377aec2cc342c50a4343d2f5c1abede0b13741f4bee141
000000337806.jpg	337806	640	427	166060182f9978a34fa8f51f404e4d995fee0bcfca54058c7b7150257169e4c7
000000124893.jpg	124893	640	480	69b73e04f6c8ac7ed8def00c909785d5b7de6cb09c368854dbf015ab9a66e782
000000426209.jpg	426209	581	575	e5bc7f53ad737656f2c94f23e380a2dc397698c51ad02825da24e150ae5182c3
000000392058.jpg	392058	640	427	46b0126404e8866e20d7712af125c911bd66e0f2b9e4b26d529a7a98bf155fe8
000000264787.jpg	264787	640	478	fb8b5bce0c1304e459af693ad0ca892e7bcb5c0ef9755d4cb9462a9900aa6967
000000064103.jpg	64103	640	427	faaa29995c13c3c5a8a002393df3388a137e2feda27c964db35ad080985f9064
000000246833.jpg	246833	640	424	2f778993d639028dc25034fda58e3c4180359168e1435ac864912283b3eb6077
000000162227.jpg	162227	640	424	ee53177f238e3727bb8ccd5f6b50197065bbf593db6e1ca0546bd631c7b3aeb2
000000445103.jpg	445103	640	480	304a165305cd00a302825f0d1013d9dac43d3490a2aa039f7270712e66331679
000000160535.jpg	160535	640	426	465553674cf1b9640c436248d80417fb37fbedd18226447449f725e63ce8b523
000000055737.jpg	55737	640	426	2c5c4b10a89842a274df6cf1b0fb04db5bed0934aa516464d8a1a7e6b87468cc
000000461750.jpg	461750	640	480	ce1cc10a1539775f5028535f6d19f700d850510d1a3e520dfd375405fa23e4ac
000000340247.jpg	340247	640	480	bb9d4a8911c89642f1e5373c90fce891a50be0f552d9ae232a457713278dabce
000000105418.jpg	105418	630	640	a25e59ea5ec8670c8ac1e34204ee398c82a890e7c24e80721664851086901af5
000000345462.jpg	345462	480	640	24215d630a623ecdc952abf1358a0e2be124141109dd28637d049c4f2a85b874
000000081555.jpg	81555	640	480	af6bfdc47db7b47f762b20b4ef3f994e7af5aea878d32afaa38c3d2c641a51e9
000000216449.jpg	216449	640	480	a560874a7c6e4f80925b3886b2063835c5c4621e8f46c74f5d776111366ae84a
000000288589.jpg	288589	480	640	4bf58fd0b0de6ec3c630bc61788ac83ee0e3515dc3f0988542a8f2bb1ccc90f4
000000568203.jpg	568203	333	500	186329d45ab35f63b32e5da763e592ce445ecd4893e89df8a75bb53955ac335d
000000411093.jpg	411093	640	481	313b9e3c196c16789fc5289bfa1a6a7f9ec0b4210fb4d187df08841116b0eb0a
000000300811.jpg	300811	640	448	dc713bffc63f9d0d6b7ca3090770ececaf1ca0e5059393ab0568b9001a3d5559
000000355441.jpg	355441	640	477	72ebb8cfd64256a421c965fba70e74be75f76bc8d313b2a7b3a05400307b0732
000000183620.jpg	183620	640	480	890859040e1e860ba4398531e425284fa4784b3356771ea3cb1da4fb2dbb6090
000000149863.jpg	149863	500	375	bf792c22c114c589dd0d1cc0f6b16c6f0bffda3b3916837109c122836675e296
000000114759.jpg	114759	333	500	e927aebc631e2e50d0abe21bb612c33ef22db6625f323be8d557b3d6f0d77e80
000000551829.jpg	551829	426	640	5fe4eaed1ed86a2cb0ec2438eb58413e6f7cb0f0d288746a0dbdc715ceb1ee9e
000000181742.jpg	181742	480	640	2567287b870ff270497c918d48cdd5442a5d448526438229d7e730cec6a76805
000000579123.jpg	579123	640	421	4c5d1f86d7fa6654843f232c3e3d461a34b2675d68bfca1108ebae8a17a3c2e5
000000520842.jpg	520842	427	640	f367ab0a9817271a3fd27d67e65c59cd5f0337f590fa9d8cccd716019ed68baf
000000232894.jpg	232894	640	360	d2c6b5b80fc32b8ecf674c9f2ae23f38bd6071d61b1e6fbda473561c882c78ef
000000012864.jpg	12864	374	500	f02a8c748c9de8e69f6d63fea42c0e311e0b06896f0b3b1dfb88e5319832bb7a
000000558134.jpg	558134	640	426	39fea2ba1dda084db52384d761b76c3930da10c14ab4d472cdb3c4e7fab71bcf
000000505953.jpg	505953	500	334	bfac7953f23f62821039227f4f6805cff787d3902144fe71e1f8f14b9a3a7518
000000448849.jpg	448849	640	480	a3812e2b9f6b7a10751a66308dd7750c9969e1adab14ec102cac71c478dddd9d
000000336159.jpg	336159	399	600	5f600e73f900be03fbd4b50b5638be744179659bae6748a705bb297c9a8f58e1
000000091359.jpg	91359	640	427	9563436a52e4679b69f5e149b08ab224769ecd20f0f8665cfc9425f937b6f6c2
000000289242.jpg	289242	412	640	d225ca7ab619fa154bcd8a2dcc96cd65dcbd3dbb05f5253884a6a7f2e4ed1214
000000493295.jpg	493295	640	480	0f5f7eb1b9dc009bf5af855ba657a42100b166ffca0d021cf2c5c025d1b84c14
000000205355.jpg	205355	640	428	2da43ba212bbc585f67f007671204f46cb5130be33c8c2c5d0db5dbe4cd7e6b1
000000521649.jpg	521649	424	640	36cfeeab3075c1dad850a8d3114981d0c642c3fdd5f215b10d62d2dc1381d53d
000000085235.jpg	85235	640	427	b57f52ac57206e19aae80926f169debbc79eace3a09fe1e0c521dea7a940ee3f
000000443583.jpg	443583	500	375	4a0582434dab5a07597875f91f8f397e19add48d77b319166c735251e1b84821
000000462023.jpg	462023	480	640	157467e296feab82dc7de5720c498bbbc8c7122b87c07392c06de12de7a94a5e
000000044910.jpg	44910	640	456	d63463c2ff70078f112fc5b6d932a7d5ba10e60fe2f131fb0d92928ad51c616a
000000194820.jpg	194820	640	480	47f3e617304d3a75be93cedcbe1aa15a1ea5fa77d7a10ff9c2cf9ed5ba232a9e
000000576483.jpg	576483	399	500	e036c7aac0917d9603be90dbe9026dc341ce8a6ac03e0f9b18b823e2670ec9a1
000000190994.jpg	190994	640	480	20891ebecad48130dacdedcdf55ee9ed6b01b2f9e7944d55b79fcd26680bafdd
000000193853.jpg	193853	640	480	292bfef36b27650b0b781b3d5351eb27e55fb1cadf5e3108f9cb87829c1e6b32
000000282368.jpg	282368	640	427	f9b9763978a58c63a814d0a6a8faf4f055e1c434482db98194231546d1a868f2
000000105611.jpg	105611	640	428	7ef3552a11ca530e0040413461442ed3a50894af0724b554b77d860dac86f91f
000000364618.jpg	364618	640	480	ead877e50e2cbb7cf0f0c69941c3a0f7ebd4f59d6954d5ac93deec2e2273c9a2
000000264179.jpg	264179	640	640	0b7e635d5a828bbf81ee07563bb6521924f4a78d02c5567149be69b295cd48e6
000000209113.jpg	209113	640	429	2cd84f4d4e2f270db628a5197915d3d0b5c90e18d7ab772d6f9c50eb9859b597
000000176179.jpg	176179	640	480	2ac560d801ddd8c8dbca989033295298143de0322dbf4598082b6cd8de5650dc
000000192501.jpg	192501	500	375	6a9e260ab5660f7fe4c1c87d3ef306732fe2584bdac16a999d0327d3b539e241
000000215162.jpg	215162	427	640	b99c000f44f0ee17bee5c62becd0f0929f5aa0fed8849b15c07be250e194c9e5
000000028688.jpg	28688	500	333	9b1f4315aa91f5967940e70c6bc16d06ca6c02b397d917406f821db884e20fd9
000000189850.jpg	189850	478	640	fb9825b5478ee219ce3670a0fe6b001121c65756c07b8487e1c66f78015e5caa
000000160171.jpg	160171	640	465	6b576ab1845dafc33d235281c80c464dbd44b2cff19d8d96978ff71319b92795
000000333976.jpg	333976	640	426	e32d4e885c30208e4305eb2e3f357b15202bcfdd17a0e18c136774f29e9c5079
000000451842.jpg	451842	640	619	c3df11fd92b767294efb9f1a6fcbe35bc9342003cdda186af0298acadc279426
000000143168.jpg	143168	640	480	af60fd1b5ccf782fcc7a363de9bd2293d33db27393a60c26f1edce66e82983f7
000000553487.jpg	553487	640	480	5ec6668471dba80639b167a3bad838b3953096d0fc66352f881113c7dc894c48
000000393547.jpg	393547	375	500	b612a49af96bcd35a9efc8ccd48723b1e481eb13f4951e54bec36a558cc3d4bb
000000054803.jpg	54803	640	480	f9cd45e2debbe94e01c625482b64ecdea849f401d9e8b0cde99ee938eb3f2204
000000035107.jpg	35107	640	480	a9bc2869028eac038bcb1c3e3d5796366798a38ee2a3d952b744b1e6079ea23c
000000264098.jpg	264098	640	480	d2df414e0dd8df645d8eda63fd9d71a6b70a31b4b67ebd51d01aebc78307cfed
000000369529.jpg	369529	640	512	62a61f6ab833870f6085ffbea76a29f1b40134e303878e6a875a95ec6e4bc420
000000518156.jpg	518156	480	640	c0a643321c8b1b32e304e315f4aadf62da6a5261aa33bddb03e7fa366840813b
000000134551.jpg	134551	640	427	ac42f8bbc53e75733c37d1b79c0aee14cdd7fcf9748400ff87a5fbb136178e7c
000000351386.jpg	351386	458	640	a6979e6dc711ddaa5d2eb6765eccac093fe2abe65500ca8c5220647f187ac225
000000416076.jpg	416076	640	480	ec433eb68890ca96427c6c60e368813d5f27eb73d3e6262ebc9112481085a7f8
000000577968.jpg	577968	500	375	2b5a54dd5304b18a3f1211f74ce6bdfadcfb799be5a9c84935a83f2a8d2548eb
000000449466.jpg	449466	488	640	6366d6611beb6461fb0bf44a791048bb086b266b93fe324743f3a656d015e542
000000418143.jpg	418143	640	480	f0eaabecc191d3f80696b22330e4224f7160b7d986c0dd3c94519d575d917632
000000506183.jpg	506183	640	425	62c80356b4d7173812c8c2c2fb54962b02ac33d80952cf83def46e4f57dc1329
000000055288.jpg	55288	640	480	5acc08c932ded5ea9328acf1ef1b60897a5762d7e9f34aebf3642dcee1e368be
000000166126.jpg	166126	500	417	0e60fc3a208a5100751f399317d575cce7adbab2e35ee617b7f7784d20277b13
000000574357.jpg	574357	640	428	12dc6665ccb99a8dd33584f2c4dd0fa68ae348b469eabe6020cb897dc2a18cb4
000000169640.jpg	169640	640	427	ab28ca6c2ce03a5232da2400e8518c3787ba0dbb4d7fe2030a004354f41be9d7
000000518858.jpg	518858	640	480	82a137e99de0a53781c9ec4c00fdaaf2b910302ddd6626dc600524d3ebc4d074
000000581071.jpg	581071	640	427	46e7f5a19c6730d01a34d9d06d3b4b4dff645e7cb55d5b735b608721aa10c8e1
000000253528.jpg	253528	640	427	277a416ec60a70193e53286d46a5521678fc782ac66b1ba718666044a9ebe806
000000275710.jpg	275710	640	527	a22d09f3423e1bb6535c7805ddfdc2a4df1643a141953686df4e23be484326f9
000000136668.jpg	136668	640	512	31fc2689089507439ca119125595e8c145f036197d1bc87cf14be1729674408a
000000491449.jpg	491449	640	427	444b87fabf0a9033b0e364facf981fa32b251696f0fee010253856bbbb0190fd
000000283881.jpg	283881	479	640	559f64c2910c1e505b5b0df0014f82388d3c04153e5b9f353c16665df9f3b1b9
000000227582.jpg	227582	640	428	26d227343f0366c114b955bc9e3ba1333537c88c076e460b59c20e0d48fc9bf4
000000441382.jpg	441382	640	426	08015b3b2a36a39aa48c8c9c56f93e5dab365dbbea186eb87d6428bd6affb2f5
000000430522.jpg	430522	640	426	1989abefaf8f57f4b5acc467ba5fcf2f8c7f24228fb8b3c4069515d71168e4ab
000000289795.jpg	289795	640	480	2904e98750a10902741580d79b1d57fb570672a9ca2766eb48504b7525e688e2
000000497001.jpg	497001	500	375	80f347faf9cce839c338ed5713f1b57dc4b6018833e79834648e4d818883a746
000000372979.jpg	372979	640	480	51dd3974c2e2774360145c5387972806016cf691807fea376e4dd95631a1c7a7
000000025998.jpg	25998	500	375	2157d28ccaa6c40a34d3afd7be3e722361857a9ee19ba559cb3685928c298658
000000275210.jpg	275210	427	640	5bd1b12ad0ef6dc19f08c95cde209e86f6878d6e6ba71d5c9c12fd8cededaa58
000000046429.jpg	46429	640	425	29154eb97858c50c0c8afa77bdc8f3666623e418126846b1ac10476eb66114ce
000000160648.jpg	160648	469	279	e1647063ec1d1b8b5a41b8c8ea89fa67a133726650b68cef0772daca48f08579
000000502253.jpg	502253	640	427	8a7c6db21c5135a1b77025b1442166511a79a3b8efb5be5965d18528567f226b
000000366240.jpg	366240	640	427	f317fa337add5c5159999f2a7ee0e14c733e3c80715c3acb60c9b5e2bcb00a60
000000354936.jpg	354936	640	401	8146fb652117aeb811efd547651e30ae761d2004c87abfc2b9a11a664bf9d0f0
000000101038.jpg	101038	500	377	898b8b367a5ae82991aa66ff31eb4b98e5e43c2af5c4c699e516af12203e4b2e
000000150053.jpg	150053	640	480	cc475251d993f6a2d6dffa4d357be2cec0b70b53780ab0a835c78e3bb37fea6e
000000059123.jpg	59123	640	360	f16212659333587e549c01ca60d521dd4cdde5c678615a30de0f13aa35d812c0
000000469471.jpg	469471	480	640	6f67704b405cae9881a22d0bc9bcc8def3ef5833a5121e5b134cb7c5f1020cf1
000000249291.jpg	249291	640	480	3d0ee39688c2b006617036621e7eb443480d01b65934f8149e267fce812fb89e
000000038380.jpg	38380	640	368	8f0a05f4d0123a59272166bd7d34077af3566eb473cb34fbc0ef512866e2e726
000000101702.jpg	101702	640	477	1e6cb47b4917eaf3ebbda9e7cd8dae91d57b1ae5aa01cc2b22ad7980e809fa1f
000000526671.jpg	526671	640	426	5e52520515332f464dbf147d48e885ae614bf59c6774b91032a66e83e59c5602
000000327761.jpg	327761	427	640	9386b488b741ac6ac493dd6c61eb04eb88dcfa0d0c3295247e9806d942c79271
000000290113.jpg	290113	640	480	2fdeac314e4eb1bd57735f7226e4a25fb61cc7666a169fd2a462fb0ddc1166e0
000000084803.jpg	84803	640	428	cb60fec06440582ab7c84f364dcc47cfe9a09e50c4d0929df70588379f0ea3a5
000000295957.jpg	295957	640	427	8488b87842456640c66e2a82c9e427d263040733746bb8ce44843d85e82cc27f
000000151637.jpg	151637	425	640	5c652fff3bb864a25041439fd7009bb160f2229d99af264cb057ca4346ef7a2f
000000236323.jpg	236323	500	375	7e289aee5d84072e55981549a888e6407d3276c2212a0ef16cfb918ab7cc3a1b
000000551669.jpg	551669	500	339	6f4bb01cab2dcf62140cdff4de4c37175a38b07452a00905c7d0aa5c0968cc9d
000000234244.jpg	234244	640	480	99527dece0d9a587d5f88158b546ba5d6cf281ffb9876b462a0e7a5722341500
000000187235.jpg	187235	640	480	b4e401e255bd0780fe34d8353bf9a39a7266f65112d640126d1b6b60725fea0f
000000234676.jpg	234676	640	427	12eb5db43e607968640e4f6a8d9f28ad0180dc1e16bd169956b44ebd9e683704
000000375341.jpg	375341	640	427	3f4dc88a343b17356e689963b8918a5210605d69cc2a9d4704ad9f85b28b8020
000000498733.jpg	498733	640	480	b7b203e41a9e11deb44d7e31c0f6eb6cf0f78e90f273587e173904f828028b55
000000228794.jpg	228794	640	480	e0cf6d854734bd3e72f6f7f0ae28208624e5b97ddd67f047645f7b7b8f0a293c
000000003305.jpg	3305	640	448	bedc2a531e6fa3bf7b03e75bc573948ba152852def25d287ddfef96ca724f580
000000494224.jpg	494224	428	640	416a7913f3ff59f001def853b8b65494515c8f4c1467c219d492f462713f0dab
000000283611.jpg	283611	480	640	b040182c3db1ad8bbf7206e583523abb542846e1c2942310d5363ac726947f5f
000000166524.jpg	166524	333	500	b5b38802b688995291732f8e66fa9e8dfacb843e88be21a937f62c327313bd45
000000495570.jpg	495570	500	375	cc2fe7697cc90f2a90ad746eb6aed0463011a0d02d2f48791261bf8697c20ba9
000000192676.jpg	192676	640	480	8096ddeea4c3b34a6700b381b9a3ca110d64e9b17788042bb547050f6e9b7a95
000000543171.jpg	543171	425	640	9d50abd8f2ed7eed382c550d123c9e7a77bc68a8f1231afbb02b487201e8df85
000000257109.jpg	257109	480	640	f1a111047d02cbaffb604a0055cb88114d1d2ffa92a520a456689725a87f8900
000000054327.jpg	54327	480	640	2747b3073d4e97f6080437ca91cb7bf29cd535601ac5b254956d32ad02851f9a
000000090448.jpg	90448	425	640	8b6f40483b8f7081d8c863fb4d53d25d632088fcc30691ee9121ef2ba225e1de
000000318261.jpg	318261	640	426	79cab6634f741d9157b965bbe35c786b9ecf8f7da5499953e0c17304240f6830
000000544956.jpg	544956	640	631	03db8bf451de666506b096fc5c146688e43c87526a5394b6b5e79aee89440309
000000262492.jpg	262492	640	424	9298b7c2918137dc48daaffbac109cc9f61104801323bffbe268417f7582d72f
000000391829.jpg	391829	640	424	d0c2d99d7be73b624b48c6fedbd7bcd24282fbbe4d6f26084a6b0de78fbbbc01
000000569314.jpg	569314	640	480	2e421e2740a8db77ff331f614253c5efdd4ef7ac9a0d70a80674e05f6771b18d
000000380344.jpg	380344	640	480	79e255bb4cc15fd2a83420627c69ebaffd009979445bd627d670347eb8c7de58
000000043232.jpg	43232	500	333	06731489a23aff4d9ac9354f5a540d43121cb5aaf4ee28fe30181a59c539c754
000000303550.jpg	303550	500	348	73cc0b1b23d309bc183b8e27bf0cab103ec979610d0118dda58643ea01e09bbc
000000121716.jpg	121716	640	428	328236dddd6ced6e9a3602a62fae5c0c3068acb0d8131c3728d32ba725da183e
000000370561.jpg	370561	333	500	faebd9b42412728ce3b206f0854f5f6f2121dd18241ec51ae727474f88e18ec9
000000518974.jpg	518974	589	640	9eb6106c8d12e8fe088880b9440a6bbca266ce258303d02f5709d65056df640c
000000421673.jpg	421673	640	480	dd14ed9d3367a7e56d91bc445d7699521cbffc43e37d93fbae6c300e2607deae
000000199243.jpg	199243	640	425	cd19efd1a252bb84b5e719f22a2f6a55cc28e87477e6db65a483d41ec9479fc5
000000004647.jpg	4647	640	458	e939ae73baacf835fb9e7e91e6ee3ceee901cd6444f9166d08b3901d6a40e424
000000085446.jpg	85446	612	612	ec4ec7aa2642bd0c0982b1f3bfce680b88c1b5dc5fedc33fb76dfe9824272df9
000000324981.jpg	324981	640	427	6c272764316c8f0d38fbed27b6383d0dd8a03d2c41e0ab4c1d1ed68a78363049
000000477343.jpg	477343	600	450	00b6f07027efe5b9b85436db284ba437aa00b0cc921bb3a77cc769dde0d66527
000000219407.jpg	219407	640	427	00bcf02fbbf0acb0054300c6e006d5866843f09cf4ab8cad7dd74c7173630280
000000203370.jpg	203370	415	640	0b3193425678fdb2845a5a1cd7b97681d95592ff4b98eb1b78b9d7ddb37c02b0
000000385075.jpg	385075	429	640	accb27081621fb9391fb0f3313cce215f7a5df99480f356b34080ad82fee86a6
000000047588.jpg	47588	640	378	d909f2d52a967122d174c30c0de47140339c6d4c13e64a3181deeafd3f6d674a
000000404444.jpg	404444	640	480	99937d1a41d92a570c972b39db79ac11805954f96b13a8b7054ba4a8ec68cf4f
000000096056.jpg	96056	640	447	4cc23c1791edb18c9f054f266bd48bcb015532f1951461200cfa81d390678ea1
000000179409.jpg	179409	480	640	efe74576797be3aeb240f26cacbbc3397513d64e1d51eff296fff2390e2f09ca
000000489415.jpg	489415	375	500	bdccb8e07b29117747190ba33ef07c1e94bfda6d1d35307bbcb49818f7fef988
000000506085.jpg	506085	640	480	d8cf68321116a72e6e52331c6fa74fbe7d85fed74ae1443bcf8cd5a3a89895e4
000000106490.jpg	106490	500	375	073b690b6c8149270d7a3f20d2c8272f053d9d6db5b3c6d3646c17d85a08c013
000000314370.jpg	314370	640	427	4afa77bf8bc176de407eb5feb9bfda35a30dafaf1c15a81882fefdb66208c391
000000501814.jpg	501814	640	425	6c3f8af19afa7ab966b146a507b12020e4d244a3a58ca2516eff6ecf80773613
000000543494.jpg	543494	640	513	f46abbc32fcfef414a8527c944cc445a58948b8eb984638a8b29449fc9feebb8
000000267504.jpg	267504	500	375	5d9dc8e477453608ab371d9595b1d31c36f6d746913d6b4dd8f40472d1196e46
000000522704.jpg	522704	640	480	1e8e930bf562fab840ec90791f7db01b069de6cbe0a33dd5c10fc8ec21b055cd
000000138070.jpg	138070	640	427	8f4239391518197288573a15a5c1dd5ca537f949a01ff2c4982d1597000dabe9
000000526035.jpg	526035	640	425	8ca8a7baa1e846972765c1fee87bcd7a4711ff704c6dd46631e3fe2aa4776abd
000000488706.jpg	488706	640	424	a081419ccbc7555a6ab8f312890010f053423036f4f41edb631a38c0fb3dc373
000000141718.jpg	141718	640	480	fc1a7c6ed41f7e8b59e758f3d21df61a7f0019d849c9aa8bb480f1b5efbe501e
000000171785.jpg	171785	427	640	fdc040d13a710d4173174f69772ee227debd45bf63c725cb3bc0dda67461ffc6
000000471473.jpg	471473	640	427	d1c6515050815ea68fcab51c07daedd845b055d45f8f12df5daa74975dd20c2d
000000192974.jpg	192974	375	500	ff73c9349a3870214e2435b6db5dfd30dbd483ec0ef543e01b0cf145960c493e
000000524522.jpg	524522	640	480	e167f75951c3fd4fae80e57397298cb1811eebd1576cb2a6f1e201ef0e06f757
000000038701.jpg	38701	640	456	606fe1ee7668d594d04d801a862de4de4630ef302dd60e5d829fa45217304215
000000256819.jpg	256819	480	640	dd3a7c1f122d6796ca7915065d7f493b2a52efa912080398d1543bb82e516615
000000121869.jpg	121869	500	326	f261a5d9371b9fb2dc96c25bafd8d4358a9f22506c7c0eb73cb29b6c89897472
000000353937.jpg	353937	640	480	849ef149b1e3ce5f90949ee7ac841ea7a359968822abfe5318f132772b698633
000000279550.jpg	279550	640	427	485207592b17adcbacb2081fbc5170a57de149a17ec5ee6f2406599948c80485
000000112938.jpg	112938	500	310	052e8445b19d9a76a319cd17abe8a2ca93fef3e3c6733dd5bb31b11cdc6efaf7
000000383453.jpg	383453	640	480	271213a5b13e79641f2f173bf7ecde0a4774499abfe12cf36230f06f1f8f26de
000000233726.jpg	233726	480	640	df31afd4a981a28b488fd09cf09056be0d8576c5c93179ba3da14039a63000c7
000000430428.jpg	430428	640	480	972e4a2d613020a96996851af9cb1d2b796fdf418c2d52dd2fd13480ec99266d
000000519920.jpg	519920	370	500	020262bee6bf86795522072208e978ac9406445ed923afa927a137ace7ce45d5
000000123837.jpg	123837	640	426	3e45491ec42e5300783d2eb300dc9047e645ba43ca1b7a32b355cafb1d7d69cc
000000123028.jpg	123028	640	448	81b92da65531a4aabd9eb5069be44ae8237a7f283990136f11b0756023c337d1
000000380525.jpg	380525	513	640	294ed11825f7320fba0f6e79b12431f506ae6366310817dd7d5fa35d9fa39b11
000000336449.jpg	336449	640	478	21d3d5c9a78f2fca5f372edc85842e5e4fcc3a84855a16abf8e94b5063c1488f
000000040304.jpg	40304	640	480	eb3ab8b91db6409ab3bf42a56bc3904ddebe0d9f7277cf23b70c5217310d9d32
000000460342.jpg	460342	640	480	157bcee44bd609cc26a0ad8ce1fe8cefde17346a587e958a64b6c7e0c48f4d9e
000000309773.jpg	309773	425	640	4e802b85dee57bf11d0c8d0a0bf1c652230ad36548a6f9de89d72b69bf94c5cd
000000475635.jpg	475635	640	427	a1f95860cbae8378d8f8e18ea74c6d35dc472d9db2baab90fc71d47ce29e5d25
000000460937.jpg	460937	640	237	9dca51ef2be1104ab6076659453f3e9690043287ada595c56153960500f42875
000000004129.jpg	4129	428	640	aa037b610abcde8f1a6db03a266489f93408b71dde01e8f2f24c67c4249cbbd1
000000248029.jpg	248029	640	480	c8d264eac0afe377346b268821bf1950eacef56a5e2237a6521a9d1205a4199f
000000275380.jpg	275380	640	427	85ae948ac63de85c4b2e173db8547a89203f371c710d93aa7bf5e3f289f784d3
000000069512.jpg	69512	480	640	bc48742937dc5a159c178735602746700b4fd725d5e28111340c3db33a4e9ad2
000000553709.jpg	553709	409	640	8047678e9e01c45a8f71894521ae8a5f13efcfb62f7d1b42961ee90f049a6a3e
000000172800.jpg	172800	640	480	bdcfe11f8b23218d6542858dece711a17e53a9baf658d5816413125de2bfa0c4
000000450526.jpg	450526	640	480	2783170757b838ef01898ba357e1875a325a2979749367da0b636df52bae8355
000000014502.jpg	14502	640	480	aee5ce51f95b8340cf1d871d86c8d7b3f0bfb14c74e7b57fea5bd3dcad5c8a03
000000116083.jpg	116083	640	437	20f58e92fc6e449bea220063ee24032a2a1ad2179679e499da7af98e123a04f2
000000499788.jpg	499788	640	480	79d5bbaf89024ee6819d445051264a1824ba0dd8a2071f0675fd5bc9cf26f7de
000000105192.jpg	105192	640	480	4950b58e6590a5a9128bdd08b5e3e1839211c43df1a53cc19c27acee7b1b00a5
000000268395.jpg	268395	480	640	531cc060f29d3fdf437c35710476ad35820406882305392ef4cf4d40bc48b9b7
000000435075.jpg	435075	640	480	8caadfe36c2d1a24c0a5218c6e1729f864e7987c3d1a59bb1f73b270fc4e6830
000000534925.jpg	534925	640	383	88518660029458d8e174fbf185788cefd6af04a67754e95c5a72c8fe8cdf3045
000000129060.jpg	129060	640	480	77832b7ad7a8fa2fd7030ae2f3b325a60724cb6c07b74283d005aaaf96d079a1
000000529379.jpg	529379	640	427	9b40526edcfd518c45a5dd77a82d61eb388bf8c9846cf2bd1d7c1bf2b98271dd
000000117205.jpg	117205	500	640	3f246faf36ea143b60a2641dc439293d2907c7eee42202651b071693bec9b1a7
000000579664.jpg	579664	640	427	a1864784eba9f435f23bb24a5b777ac7ddaac7d0b80b7ddf49385f5232d9580d
000000257416.jpg	257416	480	640	4dc41856b74faa9f5892aae7ff71baf38b58fc7f4c7dda6e29dc7f8796a42c60
000000026035.jpg	26035	640	424	a7ee1e6bc0402d3ced3d762fac62885db2877791613aa7cb1f09eb0375a63459
000000276047.jpg	276047	640	427	bac5f34ce97570da99b4f07b37843ed664a202d14ff1ab82b04f932dc34a7536
000000276381.jpg	276381	640	480	6ff94244096825e5ea32429f555b82c073aa4f9715977e67773eae4aebf16faa
000000520449.jpg	520449	546	640	bf8b35e710b6357c62421ef1ac40314019b784e3bf0a6756d59de40e909d23a4
000000419978.jpg	419978	640	424	2d3354682dc7755027f8420d3b93d187c109afbcb52a31ece4cc8b90cd296f72
000000198327.jpg	198327	640	480	7eaf6c2d674c29d4d6047e7561e0efd4f3bdc9ef4c62226a710e873f67fbb5a8
000000047813.jpg	47813	640	480	c065f86d5af9e1ace270f060bc51d4d1bf273093717bed1c23bb72393792199a
000000543454.jpg	543454	640	427	f2422138c1c3f7f70fcf829cd05c86b9ccf8d020d9951aeeb8f5e1862fb91479
000000433985.jpg	433985	375	500	a1336cdf579ffbecbf7ca52119cc6ebb6a3d954e24cb2a39a3559aa9364b702e
000000308221.jpg	308221	500	375	2b02d4f07ccf7451000be146f6fe16d8a5fa456caf3a3930eb7a1686194c4f1d
000000388398.jpg	388398	640	415	7b65b5269b7371dd2a4750f18a4ff4b7347976a63ba9d13fb3a14869b4200f76
000000463004.jpg	463004	640	480	15bdce1cd05d1e1f1f27eb0412bcdda9790b27d83433e73a0d6f595e3644a8be
000000106191.jpg	106191	500	175	bb18e33cec8e93fa7589c1c4b9214197fc11961c103d1529c08bf317e7c37b2a
000000279850.jpg	279850	640	427	663b4e3ba5f96ba2fcf9cce4ef783064552231f1b03f0ee777a4706a84959873
000000091474.jpg	91474	640	425	854bd6b7beb0df9316c0cc785304d96c37b8b6ff2786249b5a8be07d5bef8d2e
000000151959.jpg	151959	640	427	b404db88672ae259b87dc1ad4b7ca7fb641f6608bd253b59bd4ef408326b36a4
000000023357.jpg	23357	427	640	9806314b67fb0ba5d27a8edd2fc8699eb713036cbcca6672cf2749607a3805cd
000000226455.jpg	226455	640	429	3ced0b271c0f979e81a3b186242cc52752a81271ad71bcb7e100973e4ba564b8
000000046059.jpg	46059	390	640	f96201a9601b94be3c4646e33e807a9cca4d53eda5ac7e1c6b51e7f3d3d9a221
000000351683.jpg	351683	640	427	54bdf9afece60a2f4f500c4e7c4fff68f8206028d1bceb06cd5847520ce84922
000000004760.jpg	4760	480	640	e7199ef76705d640b19fbf490f1af2e73c4e2c498caee5f6f9f64b841c50338c
000000265279.jpg	265279	480	640	c324f6551f62c4c147afd2824ee35c28ba4f0fa33d4704b28f4fdab42108b705
000000031135.jpg	31135	640	480	fefb25b30024e5ac3159480c43a70d70e59a740ef110909604aeb1c9cdf6e9d8
000000457460.jpg	457460	640	480	a528b2a6b9e1f2fdf880e8e88888d24a06c657b8fa7339ac53f518e83245ebed
000000320701.jpg	320701	640	427	6cf613b457db8c6b8fc18a4cc1b562e5aadffcac57fecca777f378abd7095671
000000104326.jpg	104326	640	480	f5cacd53d860e4cf08b99647d63b3b99401d010f821dcda1538998629f8c1f89
000000099245.jpg	99245	640	480	2d9b1f2c406c53a497b12009b63804eb92adc85efd9884e90c170649aae663cd
000000113211.jpg	113211	640	427	39b60cbe40d11fa3c5d77e912ab26fdbead4032c4ec53d6c5bb5ac3abd7b0088
000000378561.jpg	378561	426	640	138005692ec93f1c77c263c4050c808c917f50f650f865ad8695b192f48541f7
000000348111.jpg	348111	640	426	4d14ed49b96d06fdeb36ccdc7f7dc0071a12c9b31191ce768b63d337af2e7018
000000422583.jpg	422583	640	536	4927508860427c289dd1b4f83c8942d47eea4601ef9fafcbccce0b84a6c04835
000000490289.jpg	490289	612	612	177a3a33f6f12a84f273bb5e0f541ac50b4ce25ab6a2019708f10381e67fbd0f
000000433554.jpg	433554	640	427	7f2fbdfea6cadf7bbcc68204aae4f41c14f8ebb6c02d650896b8da770f3cf9bd
000000108283.jpg	108283	426	640	2b07c87ff8a53b27a17ec263d44565ce20c02631f105a80b287c9e5ad486b309
000000065231.jpg	65231	640	480	e7e02418c0d55c97ea0d853ac50e54c2b2c11dafed3a22574a3cf955cb44872a
000000052295.jpg	52295	500	332	12205c819997223818dc36da33fcaa591cdcb14bf5765c2f0e6798967f00a896
000000484651.jpg	484651	532	640	8aecd1859aec19cb2812b3b7661b9d2e9882a145bc18cae45339618bb32a562f
000000543672.jpg	543672	500	312	2d988065e1a0a3022b6a6cee1dee0ddbc37721551b0389fc81558cdb98be66ea
000000524773.jpg	524773	640	480	39cfbab133c8afc8068642bd97ce628267af6e77097438fd2ba6130ad59058b4
000000033663.jpg	33663	640	480	9ba53a95ce2c2c22da5f1b2606300ecffa020868ebafb26ec80ad80d75230bdc
000000134902.jpg	134902	620	413	67fe24388d89c0d39eb47d13211570b0e017731748e3c8b3838d5ba20f0021d2
000000012733.jpg	12733	640	427	59356bb8930a2385602f798356925cb4a64e0de8d257d35ce8eccb58498e8727
000000554744.jpg	554744	640	480	3a3683b56dc4cf7214dee7c49c7c56b76f9253760625040565d992f69a88d973
000000191251.jpg	191251	640	521	4fe213e6fb9932dbe3fdcf7e10b2b5254145b7ccf6e31f8c8460d7d55ee187a2
000000124174.jpg	124174	640	480	4e5eb01c44affc989310df59183f1417540a35afba7eefe18ed08f11f350b5f2
000000041843.jpg	41843	640	427	2b4265f5f3c8d3c5382accd67e5aebbe3b2de668a73233c08956e89b346adff4
000000397005.jpg	397005	333	500	34c8c727b19882877b6f3800ae2a5281f45e792c3b7d5d00d77479122a7e9c7e
000000370475.jpg	370475	640	480	13bc2f59c44a9d85dbfe833ff8f16ef2e7cad42962ab2d2de6a92415690c60be
000000389188.jpg	389188	640	360	371f8b3a88dcb3d89e91d98bfdf49eef6da0116f0aea7cdafa0fa92ccc12b408
000000357771.jpg	357771	640	480	1a6269a415cdc94cf397ecccf58a558c775736aee47b99752cb6db6b09e7e1b1
000000175881.jpg	175881	480	640	f1a8113bbc51a18fc3ace085cadac73234deb05adff43ba1f75d2ddc7c8fabbd
000000474390.jpg	474390	640	425	c57c4fa52386fb6a2b16fde7c30c30576b6174e247ca89883ee745c07d6050cf
000000566690.jpg	566690	640	426	6b5d49901ed796d2edf120d1c1dd4ab572a0a925297c1c0d8b1596901b324fed
000000333546.jpg	333546	640	434	22005491666b6a295b746ac41eaa38a1e829bf9444145d733010e1dc93549146
000000439710.jpg	439710	640	471	34fb9324a4306b5652482f8ff773c742a3ad733787b83c4af8fae95a7fbaea2a
000000572194.jpg	572194	427	640	80ffc1a9e092618fd6273d8063a1ac896be4415c2729576b98f4e59311dfd6bc
000000007096.jpg	7096	640	399	28eb065f03dcfbf20e981fd9f67a44cac056d207f49d889cf3e6474179fc49a0
000000397525.jpg	397525	480	640	f429a46f1f8eaeb5188f80ea5af8c1fb3998d70e5d5ac193cd4d95c29158e64c
000000119137.jpg	119137	480	640	8df4205377cde3c414ab97356edaf0caa99f170b9bd996596ebef4e7faaeb8c8
000000306705.jpg	306705	640	480	8b4c0c4f3d35bca67a5d5e22a4c37a55d48bc71a60cee769117bbbda7e0da14f
000000444160.jpg	444160	640	328	7e6f8f9365b40f508cb76aa6a95dcd69bff8bed251b359c9b6e9ea05cd147398
000000205866.jpg	205866	640	404	60bc4cd06d79a63b60491d18e98dc3422e3beece9625fa08d5714129231a0735
000000330420.jpg	330420	426	640	05922480266ae1e901943b0fb256b1503081314567fe736359afc668b201f5b9
000000197950.jpg	197950	640	426	b14361f7e285aedba60efa2bed117525775f8e070c3e3f5eb7446703e9ab1cf8
000000369476.jpg	369476	640	640	28df292d9e7802e5088acd64bf3a85e1a1826bd14bda030f176b898f7b22699c
000000239089.jpg	239089	465	640	9fd35ef7fa7dc35d6b7ca4c854bf5b0e93228a49278036b453b02ed990d31cd9
000000304361.jpg	304361	375	500	6f2a93bae103181f5269f066520aa859df01ca18f3f60647a814b276908176a9
000000356962.jpg	356962	500	375	c04df2a5e1178b93b46c223ddcd7c24f093798180d24ac3f82d58919b9d2a803
000000016823.jpg	16823	480	640	5ca8f81ba420742fc161106ebeb1bd68c54ecdeb61e69210bafa0575b5f4b2da
000000431173.jpg	431173	640	480	6cf349ee3ab8048cd2963510526629412238555bb9ba33faabc67a2bbe8765da
000000083869.jpg	83869	640	480	8561c0e9148bf204eb1cbd4f5380b8be541c0a93dda322582e21a0614b8435c9
000000303321.jpg	303321	612	612	07ca3ae2cf6d5ad05515fde0f3129c2ac8b71ddee356fd7092e48d0032a3cfd2
000000525884.jpg	525884	640	480	a560bfdd458dca721674cefed5a1d94b502f2f6b820ba20eafa426e30778bfa9
000000421243.jpg	421243	426	640	b860e1a51555ebf46f66f55d34ec552ea7d17ad6deba222e3446e1309256e3ad
000000144705.jpg	144705	427	640	cc799bee8933cdc9d8dc0fc008c21d6433b7c7b83d01db84986b54bfb637ffb8
000000378299.jpg	378299	347	640	4fd41a9660e6cab61000781346c72a1f5df84bea07f4e0e01e7cb9de9a29566e
000000246646.jpg	246646	500	400	477838af22369619baee28870d7e3034c83612b5a9e17ac991535597cd00dd55
000000053370.jpg	53370	640	480	745068cf9e3b9c29382dbd14792889b11a9d01732a8803d5fe0c3fd4d9fd64e6
000000031738.jpg	31738	512	640	aacab7609496b33ce93f3644d8ac24853473fdec1a2c2126d8d47dafc1c60b4a
000000374800.jpg	374800	640	480	4410f091bf60af7420ec931aa15625580ed73698538fe7fbe67e4f6b6d6942d0
000000095809.jpg	95809	427	640	3e0d4f53f1f1abbe17d6b40705a7f9b3fb00d2caece3e1fabd01b4fefb4cf616
000000197605.jpg	197605	500	375	b7e8b9edc4914dbdb4add5c17c7230a75603d201c03a892564f16b45628ab41b
000000296432.jpg	296432	640	480	47480749a31a0d710d2b2ad08e4ba7d8a35adf344af4b6784b1ce33695129a42
000000086654.jpg	86654	640	426	b3b08ed24320ae8f35746e55ff2f1ec99e442a82f38e667768949f7e9f9c3901
000000494251.jpg	494251	483	640	d5b2fea2a24f3bc343f0f3c566334be432f076c0172db7a151354e1d904fe1c2
000000390583.jpg	390583	500	333	652ca2adda79c4405a552c956d5fb6ec70f92eb4d08ec1f36af07d2cd6706eec
000000541478.jpg	541478	640	480	fcfcafc768cc848d80dc549f305a1a88ad552250d445296396f84f0a6c11843c
000000381368.jpg	381368	500	326	161e2f58bbc60d8178817f2968aa976862721d9c843973e919f7fb8bb9bc1ddc
000000467516.jpg	467516	640	426	b8927bfa9e2bf550639f2e792e676aca39cdb96fd6fbfb0c6a3dd7622d853e15
000000122159.jpg	122159	640	480	313e860bee7b99b1c7134725d1f7766c89730a41a8a961c086e773f9b2fcab69
000000252280.jpg	252280	480	640	63c53468a2d83e030f628a291a8fa59b90c2d9bae7c0bc221173f8d46311beb8
000000212766.jpg	212766	640	427	fb620c609a34ba110baf7c8ef45f2965cf143c209f9791502868ce11a0d16718
000000419748.jpg	419748	640	426	dd904943aa79eddb307a90b4cadcff2c9240b055f6de41141f7289d598675750
000000016098.jpg	16098	427	640	f4c0fa1893b178a4be24949fb94dbac51221294fd0ae5853403709627ab8555c
000000453286.jpg	453286	428	640	d76d977b27ed9f2d59ec554816a53fe5ad8f5b206212e2b4deffd6d430074010
000000131937.jpg	131937	500	375	b38f39a609885859b75c53a794a9055bb3a4ea3a44fdc0f3b24ff034c498fb13
000000382441.jpg	382441	640	426	aa8cba41ff629aa2a1ab92886a258473187621ab1ddd8fa18d3a7a6e72539fa7
000000022759.jpg	22759	640	480	7f534da2c0cd8d8d0c3efd921d09643ba504c0d13c6960197306ff0f35e9b028
000000481829.jpg	481829	640	524	9b4a0b1fbea2acb497203476b55abff4c5bdb6b696054b5706a7a0b8416caf8a
000000414868.jpg	414868	612	612	381c7307742795184e74135cec341f2d2f68660f1edae7a10a7856a855339747
000000372768.jpg	372768	480	640	fd5584d302523e186147994026720f56a5bc7a3b7e387814b65b5a34776a5db0
000000254050.jpg	254050	480	640	e73d3bc9f72e15c26cb89592f33fb368ca7dd831f2b0c235379fc0f5c036e52f
000000188976.jpg	188976	640	360	39afabda2a282beb79fcc5b3e6155c8dceac11b354db41244a16badc7440beab
000000524249.jpg	524249	435	640	d63d41ee495170742c063d025e2a2c9a61353a5c00c6bdc1a91089dcbfb88628
000000507266.jpg	507266	500	375	68a50df4098c18c55fd7954352d8ebbcad53380be3f197a8d6159a55066d454b
000000356967.jpg	356967	640	427	5f8376ef86208879999e3ccacc001da2868c271398bd60c7af57c9e65609d0a6
000000520209.jpg	520209	640	358	6a56a06cb8a7986d73d7c32cf5b595168b100d534fc7919e61dd835e13dd2666
000000127407.jpg	127407	319	500	3d162bcba3a18ec7a5d41a8e672ea14d70d87f8517df6f1bdfed15939528519f
000000545721.jpg	545721	640	427	915d73611e45c08e7677adbf2ab64be345b3af01c06b99a424fe0b0f3e11c3c8
000000486626.jpg	486626	480	640	f5236e1db559abf6c88980397a8d1d09d6c0c838c9f2ae75d9b171a1c6bce3b4
000000559884.jpg	559884	640	426	fb7f676f9352031b0936f168b7717d2c4fcac0056a23209cb95298ea87e85b19
000000238561.jpg	238561	640	480	c2f696a099b0850aac8df2febab305790680ccfa4dc04defc9aefe115dbc287c
000000398952.jpg	398952	500	375	fe45b23a41073c0d793dec288338e002f741671b0f1d7137ecc769e2a58d8520
000000206844.jpg	206844	640	458	94fca15a30d74288606eaf11f796717441ee8f82facdcce2c561db267059b3ca
000000356622.jpg	356622	640	513	0da2ab228768a3ae318033e51a2fc375cca853dedd3ef4d9a37d3ae58733f6f1
000000244349.jpg	244349	640	480	8f498bb2859d81e7b07888da257b3c6056365a6332c9679b10a6798bc328a577
000000237861.jpg	237861	480	273	76810c3bb4a786e693ad10ab94e5aa8f88e24b424a9e670475e169b10dc8a3fa
000000436579.jpg	436579	640	313	fbf77c3228f5d1c2c3724360d144eafcaf0815293978d169f4affab22e5db3eb
000000196099.jpg	196099	640	480	876de058c9a2ab25230e8df275909adb39e8524baf14ec89b2b3ef5c5805b782
000000101357.jpg	101357	640	480	396f1c69945e9eb525fbbf48f0635ccc3420130e7d65a94b887ae8e72174ff9a
000000315663.jpg	315663	640	436	f343df06e7bef6d264cedd63ae2d60e0f73d65058a3d063fb8bfa3d07be9f3c0
000000349919.jpg	349919	640	436	c92f8da737a54dfab080fc143fdfd546927c4a689e269388cf6bc93eae880b7b
000000467232.jpg	467232	500	334	e8549e5a2c24ac45f95e2b49e84410e01f5b41b5bea1165e964911bef11593a4
000000084873.jpg	84873	640	480	e6b703091f452ca3e259e1b1472bbff84da22836754e45983b58d133999ffdde
000000081283.jpg	81283	640	480	dcfd86062d77df6050f1953bfcffe9b9c3391da5b980f6bebb0f4c1c071b8a32
000000385913.jpg	385913	640	480	b3aa61fe6251e2a0806b8f004bf086b5ad8c361d727344871d368f1a05e3c576
000000501967.jpg	501967	640	480	dcec5aa24dc6fe9439fd4e1bbcc0190915ed61437186331dc14014871c2d3fbc
000000348522.jpg	348522	640	426	74421c6c1473bd1b7fc0daf8d3c264a7263056350a8873b17e64a3aabdf612c9
000000565699.jpg	565699	640	421	51ba7a29ee7bc544264dcc539cb0eb988e998e6d4cf334ca6fcb6d7d5a45ae81
000000440449.jpg	440449	480	640	eac17defb117319a4ddc4e4c0145e706269c5bce61ee19cb13bd3e16d0626658
000000095561.jpg	95561	640	480	3714cbab6cf2caebbd4711cb087e91aedc9d43296c0ddaad545359365e881472
000000406074.jpg	406074	640	481	806c4133bc50c4150eb2c1516ee3d2aea4c5767569b897e8a155e224ed53e42b
000000242731.jpg	242731	500	357	08b157e5be713813a55efd9329a3af2bf981f80c79e9fa58f32db1d47d7f1b96
000000335301.jpg	335301	640	480	42df207c82ccbb23929e8623fe7398b988b7a7a4cfbfdcae51262df5add62433
000000067573.jpg	67573	480	640	53896ca4b8908abf16882e93525d92b76f75a37adca887013c7ff4b2d18940d3
000000151822.jpg	151822	375	500	90f3efd8774048b00a64894af57b87c1d2c6d4982983ba9be8e35862ffd35ac8
000000186116.jpg	186116	640	427	abd7ecff37e6f540be0273457d90aa255b7b50338967f85785e0a0970f2818ad
000000037655.jpg	37655	480	640	267c7c53f9a6032c16c3b9e83579cf2b8320b05c34cec00fe50712764ed9ef24
000000146589.jpg	146589	640	609	dc3cce3d1f0e96d1f895fc69e2f261ef8bdf1f24c3ad41dbe4d6397cf6208d20
000000062685.jpg	62685	640	427	98ad5448ceab203614fbdfd8b72398dd87dfbee0d6ab98a8c0841ad2461f7a3e
000000425280.jpg	425280	640	428	f68f72285e662b43cf37d37188677b3c343623c2ab3f7af62e3856b768f1a35e
000000074572.jpg	74572	640	480	098c3826a99e7092adbb49195d1b7fac5687c5cffe25f847a1734025dba6a18c
000000353400.jpg	353400	640	480	051873c4423ab669e81e4a366b1e41469d8f067ff4eaa560451d7c685ec68669
000000402844.jpg	402844	480	640	c9894417161c13b10e9df7c3cca75471d5a0ef5d801036aa5097330296879412
000000216805.jpg	216805	427	640	fe05e1bbcc161fc7afc24264cd346ababf1d524cf18ade948bba51660bdc6b18
000000562150.jpg	562150	640	516	8f4e42be91ae244a95ea6dffc3dcedce947abb3971c0a098f85dd8e82724ffbe
000000407336.jpg	407336	480	640	8143bc7b1e50a50a1cf6265164f4128ac6eec29ef352699e682e5515d1b0f6f6
000000192043.jpg	192043	640	425	26229304a20af8ddea8acd76caa71810922d5162d3f29abc7770ee58aa57eb02
000000313673.jpg	313673	500	375	0e7685ccc75b5fd1c45873b64bd8a93421a7c862564956f574598210c72ee5b8
000000327157.jpg	327157	640	480	c48c1179e99cd4be2b9c94be4309a5f9f9d9a52a6f6f2f66178efbe30324544c
000000332613.jpg	332613	500	375	db0d56c636707fbac6d78a3e9c90958f424b559ebfb29f4ceb7029922d1e2cda
000000242246.jpg	242246	426	640	4cd5b8d9a24f504944274ce9c38a6d7686cdbe4cdd870cbbeb26f832bae9791c
000000346178.jpg	346178	640	427	b691eb634b53df3b50c9d72e8f8da1f260ea0c51877bd8912e8a84edb00e3106
000000494733.jpg	494733	640	428	db6ff80da32a79edc3a1772632e7e2a6c374ef913b4cc91b8cd9d47d5fd05a4a
000000150117.jpg	150117	640	426	2ee6f389f4b70dd95dc17b025989841922e50e580fea39e8597dd5c021649e0b
000000125259.jpg	125259	480	640	7b5aab4a17d331972c633a90065e553ac90e38dfb97dd26c0a64b546d419d3a4
000000107438.jpg	107438	640	426	2024f2e3778a1c977eed78834e04819b8f47631bdb07f693a0405c92dacabe49
000000429038.jpg	429038	640	480	9607d592e75f41e38b90ba1f6bcef7c629b7a61bd02283e444e99700fc5861a9
000000028343.jpg	28343	409	500	8eea4db534f7a545d93049aeb5d63af0367140cfe917573dd3c92de6476a122c
000000573961.jpg	573961	640	385	c04eefcb74e24096d37535f9c635e0cc02aa670b8ef16f123f2daa8de57577b5
000000559350.jpg	559350	425	640	b26bbbc5e22f7df5542dd8af62cfc716961fe2e869415a5a2a9762ad6887f9f6
000000401037.jpg	401037	640	426	bbb85d1939ff0233b6a254927f9c07334a83c80fe7f3f4f2fc7e8385f6e6ccda
000000069549.jpg	69549	375	500	ac30c7de84874b92a0b39e40f1a1906248f9d79c0543442506f54748ccb02a9d
000000253883.jpg	253883	640	480	a52b05adbe7e49bf97c138f28e3b490b01548a8322862df1f8d11156c1bee10f
000000102300.jpg	102300	626	526	de56f9c07d7d385621c3aaa019f0f7911e5e77725f090bde4cb3feaaa7f0697d
000000289912.jpg	289912	640	480	2212969f8b3cb92f023aeceae8a3ee6a1528ada6549c6d8879a3a3eaf30163b8
000000333482.jpg	333482	427	640	658094169599eda332aaaa72eb7f3fd2a5444472a118f172f5b271352619b9fc
000000056261.jpg	56261	640	481	0495079b4bda0724e71363964bde291eb710f0f9b0a75bcb6ae0cf40738b8b46
000000259446.jpg	259446	640	358	54cc2764a952d00a87e5f86cd294bfe2b7bfca2b9485409d02384811210fad60
000000514340.jpg	514340	640	426	ceb720e5cf85b4b2471bea2f0dc2b8eed4d227715c2ceab98f14c12afc24904d
000000342666.jpg	342666	640	480	be791b4c7cf640c88d57a9feef6c4cb285e75d752a3dcfd5c427938f8477be8d
000000363022.jpg	363022	640	428	b9ff122036b191a5b33e3b502b144d2d7157144b7aedb7dbd3f780a99e481c55
000000412222.jpg	412222	640	427	169ebe960484fa4ca27674fe42a3e0970b8658da2a013f2359ed261ff49a1785
000000155936.jpg	155936	426	640	cd503eed42e66c408af3d3324691eb7722fd281ad5441273180973d608c5705b
000000505911.jpg	505911	640	428	ec760e6e99e6560748cf4043517ab512b7ca6de359309dfd0bbe8436316f87ba
000000226814.jpg	226814	640	480	bd78da7441f050dd06daa22c1c4142475fa1a98a0aa94f77cac51b33d14793a4
000000179950.jpg	179950	640	426	28ca3a27fe756c5e0ceed121823f07af9e3e90fd11e9a6e3224d86c398a2e3f5
000000377395.jpg	377395	640	640	1586f08a2755472d4d86a34102938bf9165c489f91165a5a674a79234a24ca74
000000214055.jpg	214055	640	480	2fefd1c7bc198a3dae49a4a7f980e98f29654dad161a314a24a3aaa56b6a8083
000000544114.jpg	544114	640	480	c3919d7409bddf2058ca9b9cffc6eeb69967421d7fe62001ef4294193099dc52
000000376939.jpg	376939	427	640	adfc4297f01ae5bacdb90b750b8c1760507f3f8b83c67c48168f4ed4f3757453
000000487266.jpg	487266	640	428	e32dca6324859cffabecfb18ce3b992cf8e8a06db0ced0886b20a3f91f7fabe2
000000080911.jpg	80911	612	612	17afc244bef27a320d73862e4187362cbfd0dbe37d668e6770aec61024b8bc64
000000190338.jpg	190338	640	424	2bb1d2e7173052a45357850028edd6cc5f631fbddadc36accce5f0407b4a0562
000000494462.jpg	494462	640	320	cd73046ea2f229def4933498ae50ea4140fc4a38663f666f068cf6a04e48e3d5
000000022726.jpg	22726	640	451	c8089f1dbc48cac8ffcb922c0363cd6a797bc35d886192d5898dbe9710d3c543
000000342843.jpg	342843	427	640	d1ebe38a3c49bcf0540d294b9f082fdfde74d988b99589034c433e11be43265d
000000139083.jpg	139083	640	427	1a2b8b1c78a59f7af29a26b9fde5f38f9db0b2f7806e97cb66a7cefe43058363
000000502798.jpg	502798	640	427	0d5a975406c09456b22087c98a44fe63785df6da831cedde4cb174a05a745508
000000390999.jpg	390999	500	332	5cc66fb1d0c86564d2954bc1dd3e8804548e63f8eba2ff4c16df242d4abf35df
000000176009.jpg	176009	640	427	8a131d9e3f846b605475e22757c716ef36eb319adc29008335aeeea5ed2f0f3c
000000221540.jpg	221540	640	480	45269dfbaa79d7d3eeaf8f917120d441c67f38d15295a8894cd6f9862f86c768
000000257813.jpg	257813	640	360	d64819e2ba764c994de85174eaa36b4a1ffde873bb5a8e13d8fb8b9aec5f680b
000000159924.jpg	159924	640	480	4ffa3f83e3dfc8d6e27167cf1e2c2302f47d68342b1c48ff97bfcfeb57148c03
000000549718.jpg	549718	640	480	40e2171fcb64424736ee919af3c5b8d9d5e22746b71e835d6430d6ecffa4d0dc
000000348857.jpg	348857	640	427	005d9cb15aadf3fe3ec152879113618c52349cf6b3b31def0082e0196e91808c
000000143499.jpg	143499	640	480	2466e1f882ceaecf18a5e27b6357b979a42e88a2612ffa5890f5c23a19e766eb
000000236419.jpg	236419	640	428	bae2802b338b512c8fec1b9a4a32e0b561f7e9ef90e0237f726252b2add782a3
000000427245.jpg	427245	612	612	281dfceb95f453a8c2b29e0d4c7236d332cd3b6133ab3fceb19f17ed304b56a6
000000548772.jpg	548772	640	426	2e3e914c6415c984e2ecc73d0ddd6d795d7b0fda197ffd3dc5e62f788dc3fa6b
000000104943.jpg	104943	426	640	63f70528a11ae5f5fe39bee1fb92df96aec58b9303cc552519c3a69ea04ea533
000000211381.jpg	211381	640	427	35678842e693b5a6ccc275c29c7f266fe3f91d8dbc25eef0af8d19782d543a56
000000004265.jpg	4265	640	480	c5bc4e04c801278a8e7371b29811cd18449eaa5a9355f41eb3faa54f3caa0947
000000580718.jpg	580718	640	428	c18b8066069deef1c9356a763e9491ba75b6d7f4cd701d208dab03fe0eef1b10
000000052068.jpg	52068	480	640	5fb2d4b5f4be2a088505c6703d5e54cd2d56606981324e4529a1d49dea0bdfda
000000457514.jpg	457514	640	427	3f8c3d3cce1a82e63f7d8979f5e41de6b623809e88f395082c89f60e0d53b655
000000438769.jpg	438769	457	640	2453df78ab49055aef7bca15b22461b42f16d2f11df9a9aa76d491dab91bdf27
000000575496.jpg	575496	640	480	68035e136905ab6d5a5844b04766f5fdeb5daab1a61eadedfb8f23ca887f3151
000000299105.jpg	299105	500	375	925cd8ffe27ba064149c7bddb991a89973a09c54cf9b7cf7bbd512d126916fa6
000000557021.jpg	557021	424	640	7c9c5ec83497fdde9796f3f10d634af690a3fd582ae75c6c9d55d82ac34656e2
000000363113.jpg	363113	500	375	c3e9ef85d22c9278673e39d5126430d6734628182aae47a6c1faa89c18f46dea
000000326499.jpg	326499	640	426	d433c6de573feafda34661327e5718eb5179b8c55035d8e74571ce61c4612dc5
000000578903.jpg	578903	427	640	152ee42e10506dd33c6cda98f2f0b18481461e49dd05406eefde62feded249f6
000000417079.jpg	417079	640	427	f5923668adadaf08d0230c9a5afe3a5febd7302630bdb10d76e488427ebd8b96
000000367900.jpg	367900	640	423	dd227d077ecc908c4dde55bac8b4df99784c6532b7db34b776aec0b1396b8709
000000021329.jpg	21329	640	480	2f0ab901b02c553480139f66ba4a357e9d048ef594413cb5358993b81096379b
000000296699.jpg	296699	500	375	658df7b9b8623fd62b5b2d36d133d1aab8c3bbc70d403ef6b003436501f0e72b
000000581560.jpg	581560	453	640	bdde7834d19bfc0e75e32f7148eeda23a048d9fda154821623b11cdc03ce0671
000000235579.jpg	235579	427	640	5cb01361ef953e508acd3a72d7a153fb9cdf2dfbbf5ab09584572dc43a7152ac
000000318562.jpg	318562	640	428	de00a70254773a9b36fefc4bf4b7c62c207c0efebfc6396e224da3124a3ceb98
000000079305.jpg	79305	640	426	2715c42ec4371b1600a0eb8637c3d2c241a944b5224f22dae4c3b04315f3a20c
000000168703.jpg	168703	640	427	c8819dd6df896d99b2d0bc60c32dd0a76b4a965310f4b586704651793cb53c5f
000000309454.jpg	309454	640	457	f3bbd97aca61d7f92a1e621b21c51389f36333ddecba74598a2de87b9088331c
000000211054.jpg	211054	640	387	5164a4d17528d2783b0a7b57700d37081a776e70c29f36a5854ad1ce48e3d495
000000504284.jpg	504284	640	420	fcf6dc87d96bc93d87fa6b8125f8fc5cf578862fbbaa882bf0a6e539c2196035
000000500060.jpg	500060	640	359	9d9ff280e80d6b00c1420a84bfa15ae98717f63cceb84426d21df9a8f7e39a5d
000000286036.jpg	286036	640	480	88d044c642c389b2367bc2c69358248c7dbdac406c5725fb9f55ebb2331a0f4f
000000278966.jpg	278966	640	480	3fcd2150975e4915b058d922b8af94bddb4f6063d13060d2758b9d4d6cfb4233
000000250645.jpg	250645	640	504	ee8acfe51b478652e2982a62b439f014512d7b62e184c639ff5904a3c5904823
000000162031.jpg	162031	640	427	d1b558eb6043733cff87c92799120a62181fc65e6df8ca9449c8102d53a11ded
000000318937.jpg	318937	640	427	7a5c01394be7677b5544f6260c7b7f702a73676619cf06ef01c7e0fdf7bbfda2
000000283600.jpg	283600	640	427	cd438f0e03607c7cee2ddf5ae0798ef226d6c3da1168456243e2a2fb0b37f16d
000000475482.jpg	475482	640	427	8a0fb6cc514722d05187cc28153c73e0e7992ef0b91ea1c6844bd56f7bff0867
000000448507.jpg	448507	640	480	48a56717b9d7c9f3b623da9611be48e868d033a1752d92a1a1049cc1ed9482eb
000000386945.jpg	386945	640	360	04d7f56abd6cf18d53ed0260fc4d9e98e09d0e37155c51fbbbc1299ebe7a8ce0
000000423172.jpg	423172	640	432	6892cb14944dcf64b24616e40526430175742c0f2634beb7913da7f195248e79
000000174137.jpg	174137	640	480	4f4048b9739f5837194b9b6d62d72d966dda65774399b5921eb95e46eea174bc
000000209229.jpg	209229	640	480	c847e0d3fad97fa03812f99b6e319d17bf0e49d1e8aad4d03aab5774169d44cb
000000328758.jpg	328758	640	480	aef522124bdd56c6e8054d85fe2d8c4970ac04435061aecece402ae40ff4aaff
000000309635.jpg	309635	334	500	741dddf8756f305f0fe3d5232d843b70d012652ee5aa4860137194b596707644
000000347884.jpg	347884	339	500	68bc3c782d2d03d823d1dd9a51c36ce0077c2102d8f5bb5f2e82f537290792ac
000000027299.jpg	27299	640	443	d38802c7b7433414c193a570a0a50ed1ab78d0474ab83b6e9264f4c27b252038
000000499682.jpg	499682	480	640	83ffe0bbd7b5b8f5eaccabe3c45efd7eaab39e01dba630c8c0cca845466cc992
000000273119.jpg	273119	500	333	3ea0cf7a2ed7dc6a18a3c08b5a9ab50d5588b7506ef32da245a0f655cd509d2a
000000259614.jpg	259614	640	457	db80f00231e2e79bcf0150bff4248b740712c4bc5c5cc86bec2ef18207e2c6cd
000000157029.jpg	157029	426	640	81e6764b4a6cabc5edd15cc215b5a8348c1917361b7c30c438a89ef609eebfaa
000000481284.jpg	481284	640	426	90d0d4cb30a2db53bdd791c0a6d5fb2c61730124c83ad3f125f5d15d056a150c
000000260800.jpg	260800	480	640	b9c9a0ceb22cbc4f5fe891c4333de8cff8c53ec72ca447b7912114c6b376923b
000000510211.jpg	510211	640	512	819b37260acf488e1acff380ed6fd6ab70ac5026e03bedeb0230e5d54dd391e6
000000304052.jpg	304052	640	327	0a4edc65389764cdc65e63d1dfbfaabf1d0b655438c072a3004e6b77139f8c8d
000000278636.jpg	278636	500	335	28f9fb007c9959a37883d81128ef4aa882ba9bf940695ca51d8825635e9f35ef
000000275496.jpg	275496	427	640	ccfbc1aeeb264c3c659ef6e35823bffb30dc2024e542dee76bfbfbd3b7416658
000000158087.jpg	158087	640	426	d1b337270ac8a9196a2322c74c87bfe41210139b8ff8b758d4ed2e12299e8db9
000000066345.jpg	66345	640	454	1e062ee4a76852608df4a57c0d233620a5e8e69505148016adbcb79a2252b1aa
000000511148.jpg	511148	640	468	77b64450c021a399e9e65395b015c9a4c5fa62b4baa7e00f5e7b2ef1fd917df3
000000036017.jpg	36017	640	480	b628939fe6dfd40ce68e7fbb873f59be5632505a5c5c6f2ea630a183bd203db5
000000548939.jpg	548939	640	526	24ad4ad9cada3f361007a0b4b9db0234e122862281e144b0259d12ee0a9dc334
000000456917.jpg	456917	640	428	a47add868212d2c93848552cfcede616bad5339d529b0db45eab0b718397170e
000000017923.jpg	17923	640	427	2877ecbfb984be09734a42f4f2bf2828b66825b3ec29a925fa8b5b0c4863f50c
000000257219.jpg	257219	640	440	a3b26675133268bbe7cb75fdbbb9c49426fd2425f7a1633c1e1a99aa9658234b
000000516655.jpg	516655	480	640	64d357fdc6075383d8ed84ae27f8d7d36de20f7fc3bc8d5fa9fdd342ba405156
000000488688.jpg	488688	500	333	cffe2a5233b7324300fc4f81a63013413f5977cd351a9cbaaa2120b8085dc51c
000000107922.jpg	107922	640	640	59c4a2fec53c4944eac50423a22775e6dd16f87c809a4125ae8182cca4d12e78
000000171262.jpg	171262	640	469	7a67dd3f92dc84ccbdfc9314523ca4bd87724758302ccdf48c85cbc493bccbbe
000000362281.jpg	362281	460	640	e3488f89b5f8ff0d22f4af1681d33f6442c26657dff77b3fb2f8cc750fe7207b
000000240685.jpg	240685	640	359	52a848c33c2d8988bfae9f5c89e3ece7149ffd5ae7aeeeda72ee7c3fb362db7d
000000038027.jpg	38027	640	426	c8836367f7d5062c4b958695941d74d068453fa737402bbceb6ab57febf5a815
000000481064.jpg	481064	520	640	1576f15fa31ca1e979a1a27a1b9625714e81b85e0848e9a424c99c4b53326325
000000567652.jpg	567652	640	480	67f4e0f4604634a8764bd42181ddd8fff95ac37a4fa42064584efda02303ef61
000000171270.jpg	171270	640	640	f13ac35c59b56280295668ee587a1005d37e38a62091c679bcf3cdf305503a13
000000485947.jpg	485947	480	640	3e00d6e73fa26979d25ec26d9bb37e0afe6010236559c4b7c94a5fb8d493cd4e
000000260482.jpg	260482	640	485	7a3212cfd76d81acf13c999148e30c46a1e0582329fd1c03383329ad7010d601
000000570101.jpg	570101	444	295	c18f571022d2886947538d8fda4062b19a599e980139fd85b5209bc4200942b0
000000395169.jpg	395169	500	333	b4e34caacb95c39029d274ac3fa5b1c82fa4247b1d3dba760ef6e92e3e987646
000000099410.jpg	99410	512	640	f6e1b0ba6778ccebd9e0a005d0542c98a9fbd50f60e897d2179f82995e2ce5e0
000000382710.jpg	382710	640	427	11c984e111641e264a02ec9962a6aa1fc093d6675f81b634f334964363ccd785
000000179850.jpg	179850	640	480	b7bd0d47b6b7853cdb0205db1d671b69743eb32692258dad9575561dddd6d0dd
000000166551.jpg	166551	426	640	81ec346c7a1fd47f067840090f1b5829e047ebbe8605e7a4b86e1b67e1a3db10
000000072769.jpg	72769	640	272	5a043928f309173d51e121bac4693fab0a05da1837fbaf375321a0b13bffe823
000000079905.jpg	79905	500	375	181ed19729dc64ff956415761996ce323ac03f38b31ba83433c7c089500b6fbd
000000137420.jpg	137420	640	481	c88c3f6ad9f028f899f46a353441ff2915b463c00fabbfca7e6acfabcaae9f10
000000248419.jpg	248419	612	612	8f33bf10e9310a606c3db1098992a99df62b8011c7e1e024072374326b3e4e09
000000350170.jpg	350170	640	429	129efd8143c64c86ae416b044f37eed8b4ebb4f680d20094deff3ef9ed39347d
000000334373.jpg	334373	640	427	aa1f82d270083647146a7a0630eced8030e25b329cb450751438c7110eda6aa0
000000482474.jpg	482474	640	427	10c6dccf6b0c6f729a79f03c22b54212ba1bb91d9cf017bcbf3cfb85306544ba
000000489899.jpg	489899	640	480	6889f31ab942f0fd588c190023ee739135235cf6dde42d704ce1665c3cd316b0
000000180721.jpg	180721	640	427	d0983d9a242a465a1f7f5ce752cf29a31dd7a1fc2099dcdca76ac760bc831665
000000023424.jpg	23424	640	480	dd32e86cb8f89740ff7a009b39b4adb06f51ab3be09fd5b2db14c2900cbf836e
000000562679.jpg	562679	640	478	bfb96d194f048de47895e6cd3947d9845c460a24679adb94056d8670f8d6a36f
000000048604.jpg	48604	640	480	877243122a5b64fa27c0e4c17a3cdbbdf2c8461a3cf2eee9c0dbb3d39e190235
000000418440.jpg	418440	480	640	1c9d227ba107189491c538c6e6a75e557ca62b3848b8a105a6c209e4babf74ce
000000349425.jpg	349425	640	480	45f01f40a1013d0827f3380a72fe88f8864b7765b722bbbf56af267ebeddec93
000000174861.jpg	174861	640	483	811a7ada61b928940308d0cc6e4b5dc654166655d6e2d9262986721494472271
000000146773.jpg	146773	478	640	0972c810eaa8e5cf6e3957a83b3c2b2147a955e459250823e1252c006e887e9d
000000304159.jpg	304159	428	640	84625418f4a2f4b3ab200145e797aeeebc3db598aa3080b4e427e6bfdfc5f611
000000259858.jpg	259858	640	434	bc7c4fca2dfbff360343ca3b298757893d3bc817f69facd6c74eabe53912d1a4
000000430537.jpg	430537	640	480	20b34b7dc4e03e131bd3286570d3bead7a7ecc51939aef843c59916cafd1826a
000000371414.jpg	371414	640	359	848c99f2fd0efa49fcb6b78185e76c7960b1032760bef901d45a6366876a03e1
000000357859.jpg	357859	411	640	36a08233cbe41f7a638bf73230c0c10e5bf5f3b42ae5eeab1631f7691390c9dc
000000397101.jpg	397101	640	534	5ded26daf0273de120bd798e35f06c3aba7c2109620e0ec7e1aed95fd286453a
000000152677.jpg	152677	640	480	b16e7a8d9a57ca1f9abb9549d6e20746c9e5b5a0a12ce15fd64c113058bf8fce
000000107661.jpg	107661	640	428	be11cf9df47cb4c29ec09075e6f475d53b0e891679ed83c1b1d2d9f1598f6b36
000000153300.jpg	153300	640	501	4a6325492257bb02d33a22eb534941edb101a91b915004d7a560bfd66109f6d1
000000109334.jpg	109334	640	353	14e8893ae6a85032da613d08e888a53e6d79df05fa9a36f72b33e53020bbd12c
000000285376.jpg	285376	478	640	0847b55097f12e7ee5b394cd3f32f2f8ecdd68236c75fd04af126f65013ba662
000000041565.jpg	41565	500	333	e17850cc0a4c786ff5c9da25525330ccf8c9eb978edcf6c08ef4f9f9f4319b38
000000098493.jpg	98493	428	640	946bd844087010e8d5e2aaf6417610db4cc8e390824081da7baf56305e1d4d17
000000434700.jpg	434700	640	427	0933613739fd7e02db53bf4e83b29668085467bce85668826c6fd18ba13bbfde
000000544778.jpg	544778	640	360	b17dca0079c7e86ef211c8a369cd8ca4619a4a64f4e2314404d571b65be348ad
000000556617.jpg	556617	640	427	447ba66ba18e0056ab62335668ceeb31d1284b6fd790cf2091bef5c1b510656f
000000130292.jpg	130292	480	640	71ae585b4089364fd071855c455231d41f1a0e12ae01557a4763664183472b6a
000000241124.jpg	241124	640	479	213f07975ce7c92535d204c7f14a315419cb2298831343fc02af0d690e170699
000000382668.jpg	382668	640	480	ca6c97f130d69bc32aaf8be2506952ee224a23472e16e5817dea2001aa713789
000000492163.jpg	492163	428	640	017eb6d2fe53f31f41b011559e8b7d6d996fedccd02003f88d04b260ffbe4e2d
000000229315.jpg	229315	500	333	3ad0a713eab0221ba237165c7b41881f0e87144cb3140af435b42d09528c63f3
000000250451.jpg	250451	640	426	67a52ae66b0b61b03c1ee0914c39c37463f66c6549a9d98f849cf8a234adf216
000000255631.jpg	255631	640	366	cc19556eed1edd058303de61df5744575ecd5d12da9d849f4197bba4367ecf73
000000375846.jpg	375846	640	424	a766c43252f6e5f26c87d3475a116211bec6e55e2a6da062609815341a6d5302
000000355869.jpg	355869	640	427	92454bf7ab634d74f9e7e7cd860771912c83f82aaa628710caf6cdd001f533d1
000000570866.jpg	570866	640	427	0c577b5155d6931e5f0e67a82e8d4d84483607145561e3e2b08c4d0ff03084b0
000000149739.jpg	149739	500	500	91d4e163fdf791820df3c01921f77d260a128b9667e325eee97f6b0eb0f42941
000000177207.jpg	177207	448	299	cd247e865c65d8e8739a50df9a1aa7eeb55f5cfd753627aaf27e9646b223daba
000000049660.jpg	49660	334	500	8517d5cca9fb181ead74ac9a138873fb90929259ef71ca36eaa244ea799395f4
000000253049.jpg	253049	612	612	574134696819091cb769822caa6ef65ac124424fd686dd0fed2eebe680db0db2
000000568259.jpg	568259	640	400	c85e7b61510ab70fcd26799654b69187a1d9b566f9fd7820fecf0beff2076e1a
000000382617.jpg	382617	480	640	a5a0467d2373217873532ba44dfcc8bdc8245bd62f3b713e37a21f7c0646f888
000000002093.jpg	2093	640	480	4033306d9760ac9e26c4035fabe01d9f74c352e4bdc832f785582ff567d61be1
000000184531.jpg	184531	640	428	5a8f61cc8107ee8b14bafbd8da36d6b607812c2eaf7d00e6cdc175a162e5b2b8
000000029931.jpg	29931	640	480	1f3673c91191c43fa9bcfb27e38493bd89a49a4de549d758ba607da6455e8f3c
000000361085.jpg	361085	640	360	214d36fb4de5ad2c57eea484cc19856c4856f1a3d9a6194c9cc0041ff19f26e3
000000441071.jpg	441071	640	426	6ce913a7f9284eb97b17391c239c7b4f58d78c9f267c93ca892b0297e99faee1
000000201508.jpg	201508	500	375	564cac76e7f41600bdd043b9546a1e14d07170ae126bbb0348cf422568a77505
000000185902.jpg	185902	612	612	8740ba54e168601559330160dfaa44d7cae4cadfdad74593daa574d9b361b4f0
000000318245.jpg	318245	640	458	fe4648bb8ef6aa595568918a58c75f237a3e00d22be118c5c6a0abbcf96eb7ca
000000043546.jpg	43546	640	330	da8802d7d3d3feab28ff0af4b4ea480ba5e9e103053e1b94e7f6e5e4e50fb217
000000164292.jpg	164292	640	427	59508226653c71b1ddd523ad3dfb8de94f5a831ef1b2fefb77158851d5d20f55
000000081592.jpg	81592	480	640	28de49c804107d5c5e3583924b4eec6ed6e51e3bfc88080b2abaf42480c9bf7e
000000018864.jpg	18864	500	333	243c0769867ed1117c490063c7f0caac683069da8eeb6cd33a9d3815fffe512f
000000355786.jpg	355786	640	427	91a2292c8ed8bd7bacd06f33cacb684dbf912e78d9a8ad71e49f97071d2ef5c4
000000079545.jpg	79545	640	399	eab17e4eaaa629b25565ef3cd7e3f17d13caacf612b1e2854159d123d89b8722
000000526769.jpg	526769	640	427	0be5e61e5d52178aecad3462f755107d34104c2a35d44a426163fcb7e6bed0dd
000000147595.jpg	147595	640	480	f4f0d43d7078c837547b9d2a76c317998944fcc11007cb742f5eae80b8bb9ef8
000000013182.jpg	13182	500	375	42ecec614b648fcd918ec549f64904a6d1a1960aa572a504b54f9e30ec81d794
000000221711.jpg	221711	640	478	b6bc56e60132e10b89d219fea54f8acc8a94275b57d67b2f947ff496bcd3c43e
000000466210.jpg	466210	385	640	1366bf6efd38511e1f5921c0a5b3f72b012f919cc0f0ebca11c523b580715022
000000491282.jpg	491282	640	480	631abb44a3c69c19f9132f460f07daae4fd8076a1f03da7d18fb74c39e8f3fba
000000397135.jpg	397135	640	427	1c528ace70f4d56155d4c16bc6315d94f2c7101cd0eba1b06aa0ce4bc9f654cb
000000440694.jpg	440694	640	480	0591704494503d1aef55ec2e6478f90825a9d2c18aaf0b8792031e603f9b82db
000000542159.jpg	542159	640	429	54d19ba691e0b64c5b79981ae55f503543f194dbadd979f4e3b60c7235277080
000000005471.jpg	5471	640	427	a525505157c09e929a2aa57b1303202ec04a8419f8bceaae42c14688ad503238
000000420515.jpg	420515	640	360	acb802bf12b28666758929348bb47184ade1460ea8951ccb2a6c825278ffad6a
000000194725.jpg	194725	640	480	c98e52f8f29c1d469b2b28d3be5025305ae4707a53f43e6e544f5a89454367a6
000000132136.jpg	132136	640	466	b2b2d48cbd30037a7e406df1b8b3bc446fdfeba677501d15ae554045161bab68
000000110157.jpg	110157	375	500	46b2b3b22bbf063aa3bd13f9d740e2f2fff58588f465b959ec024b7b9def237b
000000316536.jpg	316536	427	640	a1f746591d439fde5eda872f9d9bcec8a851de44e39e19654bd5a995e2771092
000000255158.jpg	255158	640	435	e128b5688f8649cdcad63d7c5667bffd8ff0375ddf3dca64a0072fe3aa2249a8
000000009231.jpg	9231	640	427	00887f7ee5d01f1a18481c15c05805a812f36c9a25be2fcc29d75a1ddd142f4e
000000094174.jpg	94174	640	426	6fab212bdf772ae105cc2701caf0121dab9619dc95a54c477f02020fb531d228
000000217725.jpg	217725	640	480	5c8aec1e0115f9cb55e2f31b95c749a5bf407aa7dba09ebec0a77e87102e0eb0
000000126606.jpg	126606	640	360	bc29ac55b9254b6f0d3c89a1f6c79b842380b99fc5b0d2e6c3e05a73829278fa
000000069081.jpg	69081	612	612	2db2ae3898a9b6d669fffa28aedcd4c703962c3d4f3cf19a920f7dfb2b71be85
000000288580.jpg	288580	640	360	ec17613057822be0131db01b15bc7ba1dcbf43f1a62f26587618f087fa4c48a0
000000319259.jpg	319259	640	425	e0ac0441240ced0f181a1dcdd52ca7aa784606926d7323feccdb5fce9290ce5d
000000214478.jpg	214478	640	426	bc6f1559abf24059c3a4b94f5307288415b42de5c4c0651b18c3837028dc51be
000000056701.jpg	56701	640	427	2423f2f0b4bf65198ac4e7573bdfa5b082af4211b21acd6bccc7e8213976a5e4
000000010689.jpg	10689	640	480	88ef6714ff24cb4941601370323da840ecaafe81ca6e9b515767f9638d600208
000000561631.jpg	561631	640	428	03ba438a111b6a9b17e3ad62d080bc233dba7319e81f487a1a98b7e21079fde5
000000148584.jpg	148584	640	480	b172bf07941ebefeabcf6d4e43a2ce1d4d52a57325ef498c61097feaf5572435
000000414733.jpg	414733	480	640	ed666c5c15ea799808561ac151922aead1723e68491fdfdba3a862dd297eff54
000000356665.jpg	356665	640	480	fa68bedcea6252a8128aa8fd42993637c1f44b29d49a71806c8e65d5a052bec2
000000391568.jpg	391568	640	480	45190ad9eb59f8e260df5048bca4c3d59cbadd73789f1a360703802fb779dc05
000000304741.jpg	304741	640	360	f281d014abd88da31186d514bf2dfa7e31cb6201fab31527f71faa0b9fbbc442
000000355272.jpg	355272	500	332	f64eb59893acf7df709f2fef2890e65d04486467f36cc5dc4d321e3984fc0385
000000457906.jpg	457906	427	640	62b881abfaa69b460aac1fa6e49d1037a575714b8914e304e78c5701517df488
000000576026.jpg	576026	640	427	88a20d7fd091d08283da55a86cdca19760fd1246b772e5fb3749de0ac1861075
000000011282.jpg	11282	640	480	b0a96e4988a5bdc516ab7564348e15c083ca9a24564d65963e418c14fd23ef61
000000211436.jpg	211436	612	612	2c6ff2a3c20707221171c82a9fcca4d1f3e407178f1a7a24df4b1dcb43cf8579
000000476276.jpg	476276	640	422	a10fb1576485c2a4b5c9ff5a6b7764b2f4d3871e3ad27b8758611621fcb2dc0b
000000160428.jpg	160428	640	480	3f4287a11a420cc6bd494a806eb0addabbb67bba34fddb878be65b44c61644fa
000000372495.jpg	372495	640	480	5015be1d65156c810247d7c172aef51883a48437528414d09ec41ef5610087d2
000000139858.jpg	139858	640	427	3bb8116de950b4a3419054fd45e7587a6138ba7d48b078b591349b82aff17ec1
000000428019.jpg	428019	640	427	44663d5f55aa38f2e1266e1b22f2f1088426802fbc0cf8eefdeec58f278dcf7a
000000139787.jpg	139787	640	423	a7460b6d8aa2f24c6389576fbbb9bf0b032413e51dbb78253fc99ebe8853d92d
000000368220.jpg	368220	500	333	d56719ec67e5969aa65dc19bac8c8b08836f46aebcc869ace781a9be203a29b5
000000091544.jpg	91544	640	438	c0405e49d3beb915891b1e3b4a65b1ce4aac3ece88ea942c041a8ffa505b880a
000000150164.jpg	150164	640	426	5bcb76d01954fba05c82009ce790621f83d0625e9307e6f98829a58f0db8eaa9
000000555365.jpg	555365	480	640	44143abf99f720502a2e3e6886bf672e1931ca49ca36a66f4c35af210e45635e
000000237844.jpg	237844	509	640	17a387cc642372a80f8e0123efc2f0c4a905ea40db51b0ebe7fdbad84aa7e189
000000431573.jpg	431573	640	561	04e51837daf73e8a1a5207d52f6ee1dfde8af9c4d0505d55728bf248c33e7c5e
000000280354.jpg	280354	640	478	9cce4dc992a1abb96e5eaff876ebe75fb68f6f92f75167f0387b41a8b593625a
000000112747.jpg	112747	320	240	9db35a1ae62a565f9e16d3689fe244229fd8fca0523ddf78a8b835467260acec
000000332574.jpg	332574	640	480	aba9338d6b2e79d165388f139fb439108e1a2e9275166a6b89776f89cc9fb299
000000040228.jpg	40228	640	426	4f1b833398be4a7ad12fe7f81938d32343ad6f04e8915c6f3b2afdb1f061b3e6
000000188287.jpg	188287	480	640	20bfb6703c96e378c0c21601bef5903609f34cec0bd7a89b771a73622dee14b7
000000081416.jpg	81416	640	424	82378e850f758fca5593732863b052b24b64bf3e784145c8341e505134129556
000000324969.jpg	324969	640	427	a77ad60a87e786af3a130f3ca7640b8dbe2e92afba7521d99c059bd26bd76056
000000326420.jpg	326420	640	427	a39437111f6304bbf9970a68007839586cd746ddbba9bc1041a08da9a75b5152
000000211063.jpg	211063	640	614	c2387d108dd2bfbe73c66b6e66f41b127aff1452d61aa270a7a09d9bec0b6c99
000000468382.jpg	468382	477	640	763f46279ac0fea3f22f4db8a207eeb1d7cd367db498b51c626453d53980b80e
000000387075.jpg	387075	640	480	1fa3801a9b33b1d06e2695a9e18119269da2500809d242d91a097a1dd1101ccc
000000217700.jpg	217700	640	478	12e38465d31a70287f3f341fcecb9567af6358d30c4b3e19bbd48e8960d102bc
000000104340.jpg	104340	425	640	f1cd6dc4d55453d2a01b93aaa5022dd1e4248bf25585f9b10cbcf50aa2276237
000000254479.jpg	254479	480	640	0bcc12ca8a07da2226615734d4f5c80c89715adbe65d67b92efc66f7ab4ec12a
000000409125.jpg	409125	640	422	a5587027880046ada8936c829d9c646c2459316783e6a4bc50b5c919d0ad8d5e
000000262159.jpg	262159	640	480	551e42c0aa60f208ab0cfa58b0d9b1d7d85b196ed94b728e5f7073f44f7dee17
000000364203.jpg	364203	640	427	1b0449609b744e92842244aad0feef8720d01c15f543783cb55e951a5b6abfda
000000097857.jpg	97857	640	480	8e5081913c4b290c8dcac0cdc6bc61bdc89593765e17c90272f58f8c9e39e823
000000111371.jpg	111371	500	367	e5924bcd900e22a0b28bb4da847b553322cd9a4f8cced7e5a6566927ddd4fb6f
000000331780.jpg	331780	640	454	3d6de1fb6579990e8ae7ccc0b083de869354a29d783b4d6f356dd717e4789fbe
000000125201.jpg	125201	480	640	96e6b629926d88a8758d1869b071086af2b6ad1db753d5e9c392a3bfb8efd48b
000000153601.jpg	153601	640	427	66fac2d5547f9c129f8ce9fc3cbca1dd09771959ad80d459f6127ef376f027ea
000000193069.jpg	193069	640	231	ca31ef5991a09d4f8575a75f57975bee0456a2d609ee9f2d03207dbca310cf62
000000474012.jpg	474012	640	430	a3a44daa159e54d5e64db7e13c8517d6d5a95a005d167a6d9a4eddc21201ddb9
000000374046.jpg	374046	480	640	ceb5672b1601d5060d6c9b04ae8ef8af51f8a3998a2e4b58f0b6efc90912d989
000000544485.jpg	544485	427	640	07de1f3e1438a9791568d0de687537687472827c094af79dbef269ba8c52aa70
000000399534.jpg	399534	480	640	20d76dc9edd86e26b6fdcfcb054f762c382f3b410c5477e997a5cedf192c4927
000000521064.jpg	521064	640	480	7be632ba0bc482b82ca82bf6c4b2b8930ba8fa8fa988f1560c8bd70c66dc17f6
000000148852.jpg	148852	640	425	cc0d063d7553e67ee1a44a8531f7e33d33db3c0ec8253d2aeb89f4742bc9220f
000000239093.jpg	239093	516	640	f60c0b6111c9cf8863bd3d801db7ec09cb8a8ce0cce9e3b0a1015c0ab4b13af1
000000301908.jpg	301908	640	480	6a9c1caa7d2660f261ecaf3a43c8d2a28f8a7b9dc51d865c777fdd0e7601611e
000000171737.jpg	171737	640	512	d24e65aa7628f653264cabd1bc8106739ca359110907ed27660740ccfb1fde94
000000017972.jpg	17972	500	456	b6aafe7ef3b27a2beb3112e2703108cba1358a78916317ca1597c0c0cace4f83
000000142622.jpg	142622	640	427	0ae642782217a94f4fb5b5230d1b4dde4600bcb0ecd844bab1f5b90876992403
000000198079.jpg	198079	640	480	47e19ae612cbf2f578bbdda827c5ce9ff03ece7c2f04da3073ec64774855fb1b
000000437120.jpg	437120	640	486	fd1364b652eda68f7ab89cbe6b2cbde5c294911a6da304802dabc93c4608c50c
000000408289.jpg	408289	503	640	af29205fa6c4e9248844118fc531cf5478ba62cc8e42081225fa1a137caf9910
000000463507.jpg	463507	640	445	1774288e4dcaaff6dd23ba15403bd207d1a21bcc9c6012748ef457bdc4ad1fc1
000000181021.jpg	181021	640	424	6855399da406ba9195186aa37b61e635303a8fd6a7402c0782906e7ca208a464
000000251627.jpg	251627	640	480	ab3fab255c6a5e30ddcdcf53225b960ccf6e3531c85aebc34854dc5418cdc027
000000571803.jpg	571803	500	375	2bcb7f7902c69706f7671b7733cb183e3e417dc61f4f3a3c3e37e2f9279a22b3
000000071749.jpg	71749	640	426	16d70557573a5e756d44816f90d22035c4a246b661dfc60026d99758e1c49e09
000000561187.jpg	561187	387	500	b028cc65e4d01aa6d97ac9df59305867dff294c0250e75112ea77867949f9d77
000000201765.jpg	201765	500	334	cf163c5e8b178062be05e5010c4b037c276dbb6be5707f24e07046b3b0953cb5
000000424412.jpg	424412	612	612	7ff26b84e46ecdc1352d94e398f41b7b94874d6e6463727944ca44f8cd9d5c9c
000000356771.jpg	356771	640	480	f591f6f6c07aedcdac59745a90a7af46a2b4dae0c377dd79fcb1e8e61982d3fc
000000550761.jpg	550761	500	333	7b0417294a00fb6069af7972a28373e829f4c93b1c3e6ede6d37f9c1ee984a72
000000492055.jpg	492055	640	480	ee522cb3b4dd0b204e4bc20229366519feb66df43acb82856344531294590ac5
000000201526.jpg	201526	640	639	1dafee1a6dd6fc40656539a6c0dacbb86860026870b3657947339c1f598a50f8
000000329946.jpg	329946	640	480	eaa648b8dcbf6b8abf43ab45e61bdb37f1c55028ad27c2eeb371ddc7318ead7d
000000259542.jpg	259542	640	426	26153b31fb9ced7baef267e8ed38b3d21221798748fd17f35315e245e95c46dc
000000301604.jpg	301604	640	427	8f392ffa77fd0d22b484f8dc0db3c305db120f3ef918afa1186f5bd798d0b2e1
000000509267.jpg	509267	640	441	87c16b026feac0682d77c7608eb8a3b2c82dcdf62ebd270eaa584ef3409ae816
000000023419.jpg	23419	640	480	61346842757df2f7d73075dec51aec802fde66bcb5abeaa392c24e6259b4e480
000000086777.jpg	86777	640	480	f673e3c863e826a5deae63fc58bf3f05d5933783b2fe73dc4e9f23379e1dc20f
000000507876.jpg	507876	640	480	c9e01f5f620bad7e70aaca051023dc3a4753a49740d320435246e5a83ca82417
000000529968.jpg	529968	640	480	905dbb37c19c4d0fd53dff68b6dbe3203c42a0f855ac716a2a63dd3b2b9cc458
000000454830.jpg	454830	467	640	525d924a1dd08e2c905da972ef50b759f9cfc60100073e12b07b303a746183da
000000242907.jpg	242907	427	640	22847f1c8063edc940dcd4653068068699c27d8c6a8e1f90181fe751672395b0
000000575074.jpg	575074	640	420	602de480a6f3b0c387ebc48ae44f159be4012a22eb906136f72427d5f442d1b6
000000490062.jpg	490062	367	500	9038e4b3c7134caa6341f5bcee88b65bc8d19fe1d15ec61e6269d3d5a57bcf2b
000000027221.jpg	27221	500	374	606020463a7afd7ab1f24826c32e2f29c4dd6bb17ff0e36aebdc5fc54aae3ec5
000000358983.jpg	358983	640	330	03d8d9ddb068e394a1afadd49faecd3ddf07301afb1a48abb5a6a0598bed2097
000000399461.jpg	399461	640	480	582506bba56191fdbdeb51e31aa910cc1688a921c5fe0e00ec813cbaad61bc0a
000000039470.jpg	39470	640	640	91b0af16036f301c11c289dc29b6217882a90369198f609b376ac635fee5bed4
000000138131.jpg	138131	575	640	f6c1922ee41d41900593275306adeebf6a9c96851812e0062c73f67d125a40c9
000000481773.jpg	481773	500	375	a24621f9c87e0a7e1ca68eca3d807688c5d8909cceca118c28edbc03bceca4f1
000000431154.jpg	431154	640	427	e2c512aa06279343cb5f19c922ddfaf1ba7442d4f7e818e19486173ae71c09df
000000036732.jpg	36732	640	427	a4aeabcd26ec8aef4dfdd10a83466e45f1f310a796b36287021e226649899422
000000018040.jpg	18040	500	312	5689fea294a8925d9a42b3d915cc590cb3c156d13e1d9433da1af4f8857faa10
000000538779.jpg	538779	480	640	d7d399a3f554ca9ed41675f52e84582e73a305be5ed2199942e40cce8d185d4b
000000509582.jpg	509582	640	303	621b154cfd7f820b5163bec77b499a2708aab7fb97f3db5a348364281da12c6b
000000195955.jpg	195955	640	388	3d623991d1ef6eea3bb4a7e158b8587caf4ecbee59c212282462682ad591ccb7
000000259683.jpg	259683	500	348	3b8d39ec7f3650d4de2b46ba1b6235f25ebebbd5509d784ab560b3d915e305c6
000000472429.jpg	472429	427	640	b519e55eafe5e68601a2b47887b4423c3ae1e1a54b6f5ae9dc41b2dd2e992d48
000000286892.jpg	286892	425	640	265e2a95d1888f699f3aecd0963686d04453c2b8a4bb3bd02ac7bf3db8bf6f34
000000143612.jpg	143612	640	480	d75342c1216950740da396a739a5605109d355251d908431fd43ee401d84dce1
000000205677.jpg	205677	640	478	5e318c98c56bc13e34f41cf1af8aad7064de1771fd82787e100ec06bc04d46d5
000000251508.jpg	251508	480	640	392976e4c5c0e5171a1f66d31a645b6a5a651a7a8768605ad52cfe5abfe73040
000000138514.jpg	138514	383	640	cec54b2fbcc68f90a0b2473a6db5f8efbb97a91ce7a5da28187ee81aee535190
000000071006.jpg	71006	640	640	c372dd749d8ea4998a947d5a640f693a4d52fa6db0e76db053a2bef2adb7ae2c
000000555074.jpg	555074	640	426	5748f12bae126888aad1345e1b593d1297830609c69184026a8b2ee50b4286bc
000000539705.jpg	539705	640	427	508a70cb6595a50bff28e57a8ed3e1d8d0fcfc5a4d386f7738b8feb38cf6aef0
000000090365.jpg	90365	640	480	87cb81a1ead727f0afcb89f7509faaad2ff59f9d933b6e10813441a4d2efeeae
000000162908.jpg	162908	640	360	5ef261fb93c64cbd6f7a71730d895d3ff127efd6f99a10bc361ecf421d900a2d
000000204036.jpg	204036	640	480	8ebea564d1bade67ddbc51d0a9918b98520962f0f98e2d9d4471315fcc722e46
000000061503.jpg	61503	640	426	c8ced6a558f55266e3ba57dbe5c42eebe605b85669b80a9e350ab192628cc006
000000100319.jpg	100319	640	480	5f33e7dd4b1fd08473d36f20d224b01713d8ea4336e2efad72f49d8aab9c4e41
000000518116.jpg	518116	640	480	c1214ec7547813c49bdf34865a38897f0615793a00de26f02b2f1aedad27c968
000000378692.jpg	378692	640	360	83fe805fb20497ba4516886f566ed3d6789a2f725470c31421f188e25d15c123
000000186018.jpg	186018	424	640	cdf65a291408e9b31d2c1a1abd3f2f19499003bd1271b1c4e5c8d0b62acd66f6
000000236461.jpg	236461	640	480	3214d30881d717c26c9ba31761306f8e7c034453dbbdac9c850e4fe4be3e17b8
000000530202.jpg	530202	332	500	01b10b3f6b68b50330e2d2bf49e247b940c58824780ad63a11f58595a2c21fe2
000000036303.jpg	36303	640	480	5c34bd476ffb9821491701ff26567bbf15e59183821442eef8f97467c1f5aedd
000000337164.jpg	337164	426	640	45dc7288a62fa0b37646c06200a52e0d72caf66801f2b704763f6eda7b3139c7
000000201186.jpg	201186	480	640	e7251fdee2d5552cea1b3baef9144f7869aaa9289721842957633c424441960e
000000254079.jpg	254079	376	500	656a88d297570da2f6297169bc65152822e66c9fbfeb0a40f5e3f624d9e3278e
000000225337.jpg	225337	640	480	1d9d8170ad8bf61973a7b07365b02b68b40f4deb6ec9bff25c5febe55227b9bb
000000088116.jpg	88116	500	335	849958dfbb6777b78279e58711ea00ad6068c2cdda6d065b0ab66c008f0bed2d
000000248779.jpg	248779	640	480	16d11f4054d20376f0f12cb1b926a9586ad016da9ff2382ed902a27112729acf
000000362328.jpg	362328	640	262	4e503e67f8d2e0bdb83207070766a6855934e6c69b5bb3004129eb694b8c024f
000000186196.jpg	186196	640	480	37c3454f1fdff3910e131b54a82552890c7ef1a05969d8ae35744bd4bd2fa5d8
000000064733.jpg	64733	640	480	5bcad27a6394c9fe567f746bdb6accf326ca4d9dba3aa528b70c9e8770f277e7
000000416220.jpg	416220	640	515	4ee2f633c6650d3afb7f0e73ba6df762dbe1c136abe225680318c00e46746ddb
000000334868.jpg	334868	640	479	371f476654d577cf516932bae0de849e6488da9510e7148222bc89020748efb9
000000287221.jpg	287221	640	480	45a1dcca86f58df0e7064cd597c23a0754f9b9917d026b06d0ab2123da402b06
000000232760.jpg	232760	640	480	3391b48dcd43bd072437f7deb2d86aeb1c48d3ea675a41100da9a273a44f8a1b
000000464602.jpg	464602	640	427	c8ccfca5c301ec1e5d8247ca1f3666c410e1e00fe0519ee9e7d7a0ae32bc5287
000000068532.jpg	68532	375	500	bb574ca7b2a33f7b1763721802e67709c0c5a8621c976b2a102ee8a64d2018d0
000000359059.jpg	359059	640	383	73a32be37fc730c33d73ec05dc7650f5590905d57e0f24b919c9d4a03fca6e11
000000577975.jpg	577975	639	640	62c587d3346e242d74794abae56141f50c77424459b069669a0cdd6e5f350136
000000002764.jpg	2764	640	479	36a74a761a5ab5915fb3ef06d66d1e17086dc52afe9db26a810b40578b8e2ed2
000000193435.jpg	193435	640	427	fb9778048ff2e711f6afcafb9e9103f97aa8a3731b02a9ecac252da6caf69921
000000288383.jpg	288383	610	640	af5308e6cbc5c0c6b1a191597b191e55cc4e6ed9de3ceed5c01f0c65f70cd560
000000356414.jpg	356414	640	363	264b6f8ab303ba6bf711226ecc01c70150ec2d81bf6723ca9d5b4ee00d7decd7
000000504299.jpg	504299	427	640	10a82dd48ab91633258045acbcde0f573207230a290d1cf1fa3d857299202206
000000369596.jpg	369596	640	480	3a0271886aca692fdda332b16b7ec7f379546743f12414ac94cc1da32ce1e1d0
000000197568.jpg	197568	640	480	0ec06e79c5012181254f07bfad2956d4afd747f8a25896d4917aa2d9730409c8
000000436660.jpg	436660	640	480	022df998ca326793095156af3e68075f4be58bd039ad0591a2ef4985f8f6a00a
000000491836.jpg	491836	640	425	eb13d9106f6275375d5bd712a5af6d7d2047bf23027b1d6f55d2ba94d53887ef
000000519683.jpg	519683	640	427	0b5f477f3431235ed067c38323dc6649a9933a980296343fe48b01beafd7ba36
000000175197.jpg	175197	640	425	1699b772055403be627a1d6739f083bc7b139dde3560c1b4df0dcf4ea2131399
000000151299.jpg	151299	500	375	3fbf44bb8b10393487461b8d987f20fcd581b95100e7881048fc4d3b2f0ee3a7
000000409227.jpg	409227	500	333	c048631ca17b088ca39bda40a33386c53a5b29e49081d65dfc899e337eafdbbe
000000519168.jpg	519168	500	333	a5ecf8ed97339b7e308f9c59307d0d08e2fdd71c2d47ef815aa9f9047dc38c0a
000000511480.jpg	511480	640	426	86e69499a0391b0587ca213b0f70d28ace6fb73c32a2019fd7c8392a660250bb
000000286564.jpg	286564	640	424	392d7d7bbe5f191b487097fe6b601cc77c3dcc0c99504eb2bce171ad1dd6fbc2
000000517805.jpg	517805	640	480	0ce8e286f6613caee7948bf3d32ebef951ec7117ca02ffea9096ce56232f1e5c
000000070434.jpg	70434	426	640	30b897c60045a22ab68afbc4285756d759a9d572d288992298786a375e16dbfe
000000156128.jpg	156128	640	427	78954bd3036133f8d449188db1aeba0d00ad80dec858964cbaf63c4614e2f57a
000000403278.jpg	403278	640	427	6b0b2853d8183218be4e553c838110a9413770c71037fa7014a69384e7dce5d0
000000030142.jpg	30142	640	425	0a487eec55b2607c6f33ef9615c791299f213974a2cc40e074896477832fd612
000000433278.jpg	433278	640	427	dccf3f91c60e3be376c8125bcff7e9d7bf1164d8cb73d00b8d297ddc2c86b735
000000555062.jpg	555062	640	457	afde538a0c67c7a150c5b08b6df2a84d9bcb91c84485e9a4048453e1e34c6637
000000393634.jpg	393634	640	429	6078371479e215fa977b76d41045f15c9df07a714744fdea0000473e74f249c5
000000503311.jpg	503311	333	500	233a188afbb18eb410f3a21cfda5c99d4cfeef327f0503e2d88e15c311d428a7
000000349098.jpg	349098	640	407	0af67ee74e84aca8819458305894483fd536355b9b437e66a20ebda4b000b4b9
000000283107.jpg	283107	640	427	6affb30b86e5115f8fdadab54b492e817e8e11243bd17c49c8b09e1620ada977
000000166797.jpg	166797	324	640	73bcf9c411f79369e7fa093046e3980aa3f9848d8efa85a7b0c3804481795c38
000000575691.jpg	575691	500	338	cfe6188cc91124e42cd2d1f2d824d3b07d77a1a783a1d5b9b4163178e2d85e39
000000573647.jpg	573647	640	427	19a661d599fe1c98b300ee5315f214fc58fd7d18c7a161c73142c02e170ff420
000000439702.jpg	439702	640	426	8b1ab5f111769591804461c308ced7779a5b4c0c3fea6d49b66ecc77db7a650f
000000405283.jpg	405283	640	457	64e4f3cb5d62ec45f1e8f873bb5cc3f8bbc516684045a730c6f4a0479ae23f86
000000205671.jpg	205671	640	426	e00c108834c1bd938ef3b80e7fa32117d8004e0adfc53a6be19b3d783c991420
000000059281.jpg	59281	640	480	f327da70723d10a5b3c8c24c14eb7328a1688080bc9492e824d5af8303167274
000000548619.jpg	548619	640	427	19df8d11794b86ee20f7ccc6188b3504e608fb4f024357be401649ae618d3b98
000000531875.jpg	531875	283	424	cd179b0394998ee82b7a9838408ff63955e89161383efaeb12f477bd0ca4aacd
000000504893.jpg	504893	640	425	e2b221a2055c67173fc0879a1f7f1c238f3976f4186ece701ac8317fcb69517e
000000118627.jpg	118627	427	640	2fe956ec4502e241562a30f24dbdb9195d6a06dc94509cc9eb81a21738c92f2e
000000465579.jpg	465579	456	640	1eb068f797787f997f47a545e2268258965b6d401803eb0e3b8c6630ffc0a0ab
000000207926.jpg	207926	640	480	82d194bb1bf6eba89c6ef0e408b149b98ef2bcd0923a503e6f71931f313ccbd6
000000343878.jpg	343878	640	426	8a35daa41080aa543fd1978fab1be80a43ca59bcbcd584e9c002d0cf041b46b3
000000408801.jpg	408801	640	424	b6660c29cbc5ed1eb388d82a6ac16aee187de422b5c44588926de19b00ebe915
000000052626.jpg	52626	640	480	6473365008a7666eb0b00a9ab80a84c6f111a8d00aedc145959c4f92ee8daa44
000000309829.jpg	309829	640	480	0e5f3512345a381912e4439913dccddc6f44d983bd51bd692191dae747d8560c
000000009865.jpg	9865	640	480	5f7f4a09152b2b0a778008c9a7220eb050280d0c85918f3a0b65e27f88da2933
000000534070.jpg	534070	640	425	de88248d449214d5a7022d1e02e12876402ca849dd369bb728e8808750fa59ab
000000143510.jpg	143510	640	425	766fc2062189e0274a9e3751a006619f81b7789acf33637166bfdf921312b8c7
000000273029.jpg	273029	640	427	bd944903ba2113f03ec1bf45ab0dcbe8ba6ba55665afdecfbac9cc37e7211987
000000087382.jpg	87382	500	333	a3eccd7fd9e1119e5b4ed834739c129c271e08b31bbabb38c60c04ae67bb148c
000000219791.jpg	219791	640	424	54497d9269ecdccadd98730e4ef6cc0d4559ebf17cec015d6b009e89142528da
000000437423.jpg	437423	640	426	7df8465d28ac4471072bc6c426e82e6a35a2a578413a215a1a087a367cec4edb
000000373317.jpg	373317	640	427	063a8fcb03d67f8a4b82b900cd2f6ff094447950f2783e6ddcd2ed14eea802a2
000000299442.jpg	299442	640	424	decfeb55c0080fb7fa01c8ba27dd1dcc1097d78f50c0b362fde380aaea367451
000000156740.jpg	156740	640	428	c208ef2b06bb3ae29dbe7e6c4479a406f8659775cc0210bf879d29de3ef9dd92
000000283996.jpg	283996	640	480	522d74bf0572c9311be2f628a83b75132d2a0e7891dbb9d5d4e36fd9fc6a1573
000000032985.jpg	32985	640	360	de8a72d8f0dff1bd9371d2faf400b6ea902438abbf4328f75713c52f3627ef51
000000154179.jpg	154179	612	612	59a4d34875fb7449db4de84522fdfd886322d88ca6cdbc5a46a88d95f5a7880c
000000377003.jpg	377003	480	640	b5bd19c808a87c783bcb03a0af6dd5ff6c9504ab6f45daa7806bbdc9b65c5295
000000128463.jpg	128463	640	423	ad17cc8276287342ae255df1143a07ce1b2f95774affe2cd97ab505a85e6c751
000000211040.jpg	211040	500	427	0e583632ca1a3518361f81f90855fa005794f91ea497cac1d535f026310b1299
000000085472.jpg	85472	640	424	b92cd1915529cbd6a9e7c89d3fa3a6ee21ba30b249861850883451f27728fb31
000000231632.jpg	231632	480	640	d0089b87c6afc911e0b16df2c0982c11fcd4020bfc8e498612ca1da16132d6d1
000000219647.jpg	219647	640	426	784923680a231b9470b05e2e3f22deed133a61295fa20f036f87c74c6f16b348
000000245135.jpg	245135	640	401	ad28753423d4244e7144fa6bfcf65dcfcbfee38e328a4b5f48009132f46610c3
000000028658.jpg	28658	640	454	6191bd6f728ec91f9c1bc331546082e91974166408133e4398e7a18280da5855
000000383885.jpg	383885	640	480	12346eb786d70733eae20bf442aa03bd9313e186df8a84db6326b48af43cb9ef
000000087216.jpg	87216	640	480	f9203a4a90ff1805b843ccb6d446fda3638acf8f98ab7af40d6abf9d948564e8
000000260117.jpg	260117	500	375	4b1cc393fb3e0cb2cee29f3904b8ee9439110cf7e85bdc9ed87945904ebb4f05
000000163020.jpg	163020	640	492	ee9c78c8c141d1bb3cd064f2a003f0786a19c0b2cc54e0cfa2ee2459daf7bebe
000000142393.jpg	142393	640	480	bc3d30b55ea320137fa1cd27da14bf3d150cee98f0983e05613f93295b98da27
000000007159.jpg	7159	476	640	708b71009aac16fd7c640091e62662f77aabfa250ae78d814666141a36115141
000000575040.jpg	575040	640	425	f86a7c87ad755aacfde26b55584bd536cbda50eae7f040292ddd0f5080f9fae4
000000073437.jpg	73437	640	443	e04b73ded267f0994edb6795d9198bc79f79dc9c38941f77edb897e2660a310d
000000010856.jpg	10856	640	427	a192a0fc8c03d5004778094b36b0ae52dc0adbf89c89ed0e7ec15534024efde8
000000388123.jpg	388123	480	640	0069196275cee2cb967f72803cf27107e9f79de701ba671e3da1f3aa49f049b1
000000553422.jpg	553422	612	612	0ad781a5fd8f057c3e83ecf7068a306e052e1fc2ad79d52d9b1f39620f32cc68
000000131841.jpg	131841	640	426	4b845fdea631cf340886a95992717e6c379c6456d944e51a23eccd7413bf959e
000000525124.jpg	525124	640	480	116d483134d681e7cdc8a28edea51551e68dae05455a31a62f6d0534fb8c6a24
000000492435.jpg	492435	640	430	a601b6cd7e40e825a5efe3112acc67f008714f1412d9d51616e72eaaba30ccbd
000000526458.jpg	526458	640	478	6f02dabb12c80a57812da41b5b8668198dfd658e1009a54ec185878292ff0295
000000460931.jpg	460931	612	612	0ba17dd3438a4670404ec8aba5a0048c189bf4c409d2262e1152454f1adaa5fd
000000125829.jpg	125829	480	640	5c843412806681b701d819da9bc41d0160f2f6828a8470b11c9dfeb792d8eb66
000000497021.jpg	497021	375	500	da253fff01ec4decf0a85f06b798a99b2f383e237e38a225eee6b0425da3a79b
000000447902.jpg	447902	640	426	d49c83529eb1032f431a3a3c7bf69506ccdabe911ba4eadbf4140f0e968e4bc3
000000130897.jpg	130897	640	480	68934bcb35af7503ca982df4c424609aeee13ae09bce7b3259ec6001c92344a6
000000053147.jpg	53147	640	427	a7dfe70998ebfaf698552a8d7530772565171650abb59c9e18a91adada26da39
000000557725.jpg	557725	500	317	9ca8020432b06f1a75820973055ceea8914f8b91ebd815027ad6cec2ccfc33be
000000403263.jpg	403263	640	427	88c2eaa78ae0c3718e53f794f90e85a1e9dc5e31ad5b664ae8fb4a116a3e7e54
000000369438.jpg	369438	640	429	d4604b9000166077bbbdd6740a6a7b58dc9e6ad69ffef05ad9389f72724de39a
000000022729.jpg	22729	640	336	8bd455250f56ceefffa0962d09bbfebdecf3e0bedaf9575b6c5872c5058c4bbd
000000382148.jpg	382148	640	480	3f1337c01b6c972388fc53953b0e2e85581a3292458721cb9e3d1e1e3c712459
000000576996.jpg	576996	640	457	922db103ad9a3f6597934a31ce7d9c33e194a942168afad68a22a3c8d2a8c23a
000000095020.jpg	95020	425	640	e510dce762ca2d0aaaeb0ad3ef01db2b4ccce1076cde4a2b21e12634415bb32f
000000404753.jpg	404753	480	640	2d58e734e66d451cd5dda230f40f1f876b10d7082bdfa1a709da47fb1af00ca6
000000522034.jpg	522034	500	500	a71332f0036bbe60c2ad3658b164e221a37cf8096a0940bd73a47027fe4b6dd9
000000308197.jpg	308197	640	480	0338bc829d010b8b44e419ee657ddfe35b6c3be0e61fc6d9e740f10c92ba77d1
000000532644.jpg	532644	640	480	395f0af189e3a946125d8c014fa82ea67589f5e3c9ef3266976f67b9275444e4
000000065587.jpg	65587	480	640	fa521515411f86f22fa25aec818e37ebf77fbddff68cd49a90cee48c62ba3564
000000421775.jpg	421775	640	427	6e3771c8860a4d5d13f51288ed8199abb3748b8feae9b0e91a756c4797748397
000000084312.jpg	84312	640	480	0d5a9caf03d27253ae255279166646675cae1dba553a0ef2cf001f6c5d971763
000000312054.jpg	312054	640	507	0bfb3b9ce6239949d1a7140291f4d965d443e421cf21bc48fa549530e18e4fe3
000000454232.jpg	454232	640	358	5fe6ed42de47df8cc2f979bb96a2147cc147ba73c799a043bf444088667fd29a
000000516178.jpg	516178	640	480	2068ca1c52724643ed95f01d8ecf3c8e09a0cdba9fff77efe19157d07d23968f
000000501204.jpg	501204	640	426	a0c6c82aa17bcacb5dca0f0477e2113d2110f36f2b01277645d44db21e9a4358
000000098601.jpg	98601	640	480	6647a898cddcba0e4bc8eeedf232856ba9d81c3153778b9c5a243ce022111e9e
000000397190.jpg	397190	640	426	0070c7d3f22ade85f51b9d67d20104dcbc1ec94211e549a8d231a5f032ca8060
000000467204.jpg	467204	640	480	997ead6faa4917effae60b29ef9ced6055f83dbbc9b5770a720128fa8c252e80
000000194576.jpg	194576	640	480	5e15e69567d0bd0e8a90ac18e38e1db4ffb117ac32d26c6ff3e3b84e5fccce76
000000429638.jpg	429638	640	480	33a8eda9b96251ffd3b3aa5cabad479308e08fee291c2e64e31f7a414bd63314
000000098439.jpg	98439	600	450	4e997e368105cae84e3eb3cfe31797e157298705eeb12c217b91adfe1d3ddd0f
000000408981.jpg	408981	640	480	770098b53eb04f377a0fa72ad770e5bccae8a144def8ef3a15b10686e3897998
000000478979.jpg	478979	520	520	f2dc48b23cc7c1648959dcf129879b3ccfc2f289bd00d87529f98c3ba5a8c649
000000059106.jpg	59106	480	640	6b376686930dd49043c9f79d63193c5418ad9cee3053ca5f09766312b1cd3b83
000000365116.jpg	365116	480	640	a3c51e8588b64ad8fea3f02f9abe0e1dc4d027a6ac4395737d270b0866951c42
000000559935.jpg	559935	480	640	942aaf04c236416708c34f601a7230f020d4bc6371b05dcf46e14f61a53f4f9f
000000081397.jpg	81397	542	640	499f22fc12b35cc9851de9ef6980bd12601c5cfaae8e486c75399468862fa5fe
000000332182.jpg	332182	512	640	4afe96d78b222633f872c8a113ab71d09891c6088016b4c7299d33207119b517
000000346266.jpg	346266	640	426	d6aa396f4dbb012f7249f6bbeabf4e664ec331ae8a33876e0f651ddff1c65b97
000000544472.jpg	544472	640	480	677d4620f035ee328a3b91505fd2fd276fd622d1e0837d644fdf157100dc6b9f
000000446218.jpg	446218	640	512	e2090cf18b0750306749f56951576799ab992d195c1f300562917183b0f13b47
000000346849.jpg	346849	427	640	2e777472e2fcd61242d76fb25a11f591a9b2087fa1397d11e95198c7c23ba895
000000163332.jpg	163332	640	480	870271e1c2a52b02d742a6c1e42e95e284633cd2a873b762ac336816dc7d242c
000000581204.jpg	581204	640	480	9c59364afc946ec7cedeb3ca3c7b055745d8a580eea549526b5b56099e2ec79c
000000427308.jpg	427308	640	480	dc591a1a3593978d66cb4b521447bfdfdcd5152173a4a9b656535baea732cb4b
000000346341.jpg	346341	494	640	9ec3b719d3d3c5ab89d60a71283f301d2ca387e64f92a07dcc8c966eaa3511ff
000000202137.jpg	202137	612	612	046452e7e95f16f17f1a35c877edb14da027f4abbfedf0bb0770eb7563efeac6
000000264791.jpg	264791	600	600	d54a496e19906980b5379afe0f3d27822a77021fa4ec2ac2f6d4699c3013c491
000000198057.jpg	198057	640	480	9fdbcec5da445c7831cb2a0686ac51c3d294e300b0326560a75f496e75b5f09b
000000062937.jpg	62937	333	500	34f8be7124a75ab67e2cad7041dc53e53312b20abc2fd856e95321b90bc1307e
000000117836.jpg	117836	640	480	1904f672a26098622cc5453d7e7bb57b92f4cd774a719fe9ad2cea3f1070202e
000000494473.jpg	494473	480	640	a7c8167eb19212093c9d7bb02dcdff00b61a7efe467d9788a09ddce90c442ae6
000000169068.jpg	169068	640	514	e72a46d55f59ef6c4bc5648d99497891d107b87d3e23e9dd4feb53594a53d47c
000000553488.jpg	553488	640	427	f5e523e8a9e4ab9f5aaa7fc14f66c770a607183713421166972092b5b5e976c9
000000476851.jpg	476851	640	478	85a30b58587bce7e71711e2ed07816e79bab7a017c729f1bf17c398bb1e9b36a
000000240323.jpg	240323	612	612	a862cef3d4e1da186807371445ceaffc236d77516cc6ec232b78b60ee08ab68c
000000110626.jpg	110626	480	640	006a00ad41bce8766f4ede663ab91fa7a5726620d9cbab7108a639921c4c3d5a
000000277916.jpg	277916	640	480	67c73b22c8d2ccb10a677dbf456f415934191df9eb4c2369095435576b7e5511
000000285512.jpg	285512	640	524	e73d8080ecbf32bcddf617aeefabbc5478d560848d9c85ee6f178d0b40c5dcac
000000494584.jpg	494584	640	421	0219e247217ed8598090065fa10b1f739724c789d57ac29b671e3fabf5e0f9a8
000000331311.jpg	331311	640	640	1c6982be5704a1e4b5c32d4f050bf33facb672c1c27e17cb9b6088a7872eda4e
000000123935.jpg	123935	640	480	9a8c4dc7417b59ff6fb42055693d52212a2f4ec80edc347c08234ae0bfbcc6c2
000000474402.jpg	474402	426	640	50a41628779dc4521fffbe9315c72af32f810dd6a2e0d11d2d222b9265e1818c
000000266496.jpg	266496	500	500	9bf005df4e6974d58e6ef8d7d2952c274aa2227f43383af67db602b82f3e1761
000000481042.jpg	481042	427	640	bffa70e2c842d0eade29130d11f4a6548380e2d543b22db3c970fbbb2e1a9a51
000000220568.jpg	220568	640	480	1602c439b414f072061fa1716bd0ef96a214f0e249cf1786fc305dca979faa1e
000000431112.jpg	431112	640	427	1ab61d04882b8545a0e609d93c6c32868b8cee396c5cabbae4a2f0b5ef4fe5ae
000000524245.jpg	524245	427	640	0c09f416abad6f3af3cff66cad5777a09562b156bc1ba4564f840fd3b470556b
000000061054.jpg	61054	640	427	8c6a37592906da7ca2902d9382fe6d1bfc8bd1fea8b3a75e4bc2e18eb9f7afc0
000000014546.jpg	14546	640	427	cd07d31990dcc7fa1e24a68c9c79ef66b563460746e789a28071fc9d0d4a157c
000000549409.jpg	549409	500	375	2d168ac0f5fce24fe55a29885d21702b3ad68059df59c2568d18e0d20cc6e351
000000250952.jpg	250952	640	480	3d274cf48999ec48e14bac8aeaf21640fd193dfab728b2755f2b0b234e32459c
000000384822.jpg	384822	640	428	0af78a5ca7e94451711301a8a651dff8ca0fa750d40c9d2c44b15b831288267c
000000412406.jpg	412406	640	427	47f046cf9b3f414768fcad81787b7e4de1c2a15d7b65597deb0dc2b296fadf9d
000000466643.jpg	466643	375	500	0e1e70a4999d22caa5778b6d6245db9da3da3d03f6d3985c6f3c645013c23f7c
000000549575.jpg	549575	480	640	8deb879548734f8ca708f9d4fb7a8fd4c7c32a9f47a5b376af38798126366a86
000000517315.jpg	517315	640	426	2920d67c8341b2e954743047852cfd7f3663c1a7c5a8b91754ec08c64673d093
000000415771.jpg	415771	500	335	bf53eb6473d8f1776a57a2158c40310b46838989ab1aa9d132cf425b38c33609
000000342377.jpg	342377	350	263	2acb396b729f5540e434817a491dbc9b5c6c871fe1361321bd41807f104cca70
000000399045.jpg	399045	480	640	93a2e7a36479e8b618f72e08f94affb64739f6bafda0b1607c702ca0be19ddba
000000534733.jpg	534733	640	424	f97f29ab1445b125329f0772c5fe94d43f1a358639483a63f1c8eb690de23647
000000537968.jpg	537968	640	640	4522c482ebb22240f283fa682bbf176787263087d5e68e5c78d1d0952ba4a440
000000156985.jpg	156985	624	640	8314354ce3dfec9909d650ffe821893269a9fd3f07567c7a284a1f255262930a
000000364027.jpg	364027	640	426	2c386ef793088f5dae72ccaec565d765cbd339c1a0c52e379bb0d70e571e979a
000000330878.jpg	330878	640	480	d179d0c3d07cfce286e1248669b6fbbecbcf5dad3ee7a22ba8c70825355d7339
000000302885.jpg	302885	500	375	3551fe50ea9c5a2c82012d0b7aa298042301db2614d6affbac0edf50d0d488b8
000000290775.jpg	290775	640	480	aa264a62a2ad0b70278469b4fd398442daa297d634ab3ea6bb51f1c4ebefdba0
000000425690.jpg	425690	640	427	8dbe9bcc53f12b192a9f494f5803d71817e752059c0f4f98d9c94e8982f237f9
000000019079.jpg	19079	500	420	b4024f9261ef175413f23fe93be8df9a5735c4750a4a21aedaa553072a00f9c1
000000465140.jpg	465140	640	428	0abfb5f94409068c1ff1c776a39e270204b489c7e58ad6aeb90de5ca4de4363d
000000222358.jpg	222358	500	371	ae0ca5846dead050d0e34a3970f3225378ff9f983084ab9b795f4a695e9c101f
000000568572.jpg	568572	640	480	f6e3e33364fd2f6715a2499dbfa0247a3f82ba3ca0c9a58accefcaaebeb8521b
000000563986.jpg	563986	640	499	c02fd9077394cde99dcecca5c20d7b002f4deb0b8b123bcc7ada4e164350091d
000000563311.jpg	563311	478	640	61e561c7ee5d06c17d7ba1c05710cbacc4f43b5c623fc6e76e960f5f15e62f89
000000083959.jpg	83959	612	612	30d3215b3b49ee80deda06c196ed9a085763f13bf136a8508f3169fbee905c5b
000000330511.jpg	330511	640	425	a49d63fb2c604b3117a7e9a673b0e555eeccc2015b8007bcea3295d022fb08b1
000000477390.jpg	477390	500	375	664f2506a3e3b027a08999c392083f882e027383230e4009963efb512587cf8a
000000042641.jpg	42641	640	480	de744103a71f8cfb227872f89731b770070d8d98a4c128ea6cc71d41e9494827
000000013988.jpg	13988	640	451	57e9b978235dba6d5982dc12b236db452db148a2d4041f1235c981c8b2e6ac28
000000219099.jpg	219099	640	359	c68448edf5f608c9af4a30442c1d485f7ffb84059c804ce06ab9217d71ee3a75
000000510644.jpg	510644	640	459	4e2cecac66cd60aab7d5c7d5ba68ce510d24e78ce16d86805699105f31bfd917
000000394359.jpg	394359	640	427	f7f90bbf2abf95ded6d7bed43b86d37111a1f29422fd6f9f359ff3cec9ed51e0
000000056668.jpg	56668	480	640	cf3c5719a0a6b699728fb3ce8c5c7bf059b5ff294876a305f388b86432e498a9
000000458079.jpg	458079	402	640	73a095eeeade0ca4d30351c24e318c9feb4bbd8bedc3cc97c3b4b0771d3d21ad
000000080481.jpg	80481	640	427	0fad30b1fb6521b39bd183f50b9df86928cadfbef7fb052dc0350fcf657ce64b
000000581362.jpg	581362	640	480	262b66c18b1dcd043be1ff11417412dcaeaaf37698d2acb854da725868c19d5f
000000576743.jpg	576743	480	640	d60a3df15a5e7e06b9e9239e7550b591ebc98225851d1bc81015b58dc4b60859
000000510167.jpg	510167	640	480	1e28c993e86d5e935aa656ac5371f8a01da0e9709c5ac081b65a44ad0dab0603
000000161010.jpg	161010	640	480	c159d212baf0909e2a6581153bdcde106ec77cf155996c349ad661ee14fb6f47
000000085122.jpg	85122	500	375	a0be603dd7bc0de1033143ca56d7b6c323a48f9acfc88639cafc79270a329032
000000473230.jpg	473230	427	640	d69845bca647daa9c81c3fabb95a6c56aa541d93b5b796bfae4146c0d8257d27
000000572301.jpg	572301	427	640	1ef366c1b89676b74431404b5917a54883850e4a5d3b2a295c8a9722d07e4b11
000000078865.jpg	78865	640	480	ec5a73c2cd1b90282fdf815d441a9941ad0712867f9e7d15136a96ec1383007b
000000320682.jpg	320682	640	516	7c405e22025210e5bc13429f7d8f79f5fef444d53d59871561bda097b4361398
000000059776.jpg	59776	640	480	e6bc36c975b9ac8c7ca1b94d3f6eddfd5c7bcd1745bb29a96ba97c0d226afeb3
000000366085.jpg	366085	500	375	8e335e7c6e442fcece70870ae1abd55413193002bf3c5c63b0e13b874b7f6e11
000000377592.jpg	377592	640	427	76a67084230f22d6a10c7c94f7410d171109d6cb9a8c910ef4d2f91c7ae56a8b
000000297441.jpg	297441	640	427	7f1ef1e8fe8da1863d30ccc9c5bb7690dcf301f30f9ddc7e9008111632d66379
