relative_path	label	source_name	stream_position	sha256
0000/86050619d171299f6c54.JPEG	0	n01440764_172_n01440764.JPEG	1521	86050619d171299f6c54bd03010beff562e3c4f61d68aebd8322d8398580cce6
0000/fa7cb292d2e1fa657b6e.JPEG	0	n01440764_1310_n01440764.JPEG	236	fa7cb292d2e1fa657b6e44f4a09a2f57fcdd40538853f8cbf2f456f5b3eda071
0001/01f3255268400b87cbe5.JPEG	1	n01443537_10086_n01443537.JPEG	923	01f3255268400b87cbe542e9ad0dc5daaa60da06b50e2ea02a6dadf0bc8ee243
0001/9efc2fe8cc033aeabfe2.JPEG	1	n01443537_23649_n01443537.JPEG	4237	9efc2fe8cc033aeabfe2c4ba91c92c40dbac2e48bf4233e0f9b43cc7227b0980
0002/2243bd96d9c67536d29a.JPEG	2	n01484850_5338_n01484850.JPEG	1608	2243bd96d9c67536d29ac541901735e12829fddb83c8089ad392a4d3c5f7d393
0002/db3fc75afe99d1bb976d.JPEG	2	n01484850_16532_n01484850.JPEG	3617	db3fc75afe99d1bb976d930ed71019db712b1ca001458b4aae5d1c47e38b6239
0003/23f70c2ed66330502541.JPEG	3	n01491361_3217_n01491361.JPEG	297	23f70c2ed66330502541407e696f591e029ddcc3510a29fb96d43fd7633fda52
0003/cdd4131e29d90f6e3934.JPEG	3	n01491361_527_n01491361.JPEG	5082	cdd4131e29d90f6e3934dfdbc3e1031ac833a9d0d5c87757dfbc22618219848e
0004/b8d4e89ead324a48ed14.JPEG	4	n01494475_4876_n01494475.JPEG	224	b8d4e89ead324a48ed14180d16c378d07bbecd65018f3291a2092e2e9c1e6586
0004/f5ab0921ded18f451338.JPEG	4	n01494475_4004_n01494475.JPEG	1327	f5ab0921ded18f45133867aa93b5d4615df56eb6e491f05ffca54c8ab24bca78
0005/719de71218bb6cb81475.JPEG	5	n01496331_12133_n01496331.JPEG	873	719de71218bb6cb8147572b44eaf1e6285e6f77de1d770f1014288750d25d095
0005/afb6963858e01b696608.JPEG	5	n01496331_25306_n01496331.JPEG	2392	afb6963858e01b696608a59240d0563b5410ae203d6fcc23a20456d90b60e0c4
0006/6ceff9fbba0eed712e33.JPEG	6	n01498041_2755_n01498041.JPEG	2748	6ceff9fbba0eed712e33ab2b97cbfcd8091849490f983adc025c7bd49dc680a0
0006/6e682eed4907d551be76.JPEG	6	n01498041_10700_n01498041.JPEG	118	6e682eed4907d551be76f96202c664a93148ff3d860c2d3dd34b3995fa8f918b
0007/0e7aee9364e82f35ac42.JPEG	7	n01514668_3150_n01514668.JPEG	3945	0e7aee9364e82f35ac42b484661dd8ca04a08f1af121ca7fcc79ab72575bf79c
0007/758bd30bbc2c580b5376.JPEG	7	n01514668_16422_n01514668.JPEG	2125	758bd30bbc2c580b5376a01a3d4c5bb04d1cd9aa1f53ee756aca4ed12049384e
0008/41c764ad89688b1868a4.JPEG	8	n01514859_10417_n01514859.JPEG	705	41c764ad89688b1868a4424be6b2bac8acde873bf3d605bcd0ef64a6d832f20f
0008/bb9523e812073a73a63b.JPEG	8	n01514859_10056_n01514859.JPEG	629	bb9523e812073a73a63bec9a7b8670ba4541b58e06118e2ac2c5a5b131ddd111
0009/13337bc988617dddfa06.JPEG	9	n01518878_40640_n01518878.JPEG	4895	13337bc988617dddfa06698d5de0ca232eee876b764b550025896c9237916402
0009/8f9df823f721b9465bf7.JPEG	9	n01518878_4166_n01518878.JPEG	4896	8f9df823f721b9465bf794e16622983297f88916d28525d3c4dce68a35091be6
0010/23a6c46c6aeca9c2f6f4.JPEG	10	n01530575_35294_n01530575.JPEG	2663	23a6c46c6aeca9c2f6f42d9389052ea469d2532e0c2fbd7c875795f628d76864
0010/71082d5d442064ea6811.JPEG	10	n01530575_9897_n01530575.JPEG	425	71082d5d442064ea68116762709b8446f161fde0058d60d106ff2afd12b52114
0011/c526ed684f3813113887.JPEG	11	n01531178_6708_n01531178.JPEG	1113	c526ed684f3813113887ab28b6b6572f651bbeb29e4de83dace7e0ea195b00c3
0011/f034eb8f69f4bfa26136.JPEG	11	n01531178_23828_n01531178.JPEG	4015	f034eb8f69f4bfa26136e8d198472b2e8bd404b6c2e65b76556e6a1d88ce91cd
0012/4b4aacd57867c143d0e5.JPEG	12	n01532829_14804_n01532829.JPEG	605	4b4aacd57867c143d0e52e012c9b32d483d6f6bfcc424e045c47d74a549d5a4b
0012/76e294a71f9bcae389d8.JPEG	12	n01532829_9218_n01532829.JPEG	356	76e294a71f9bcae389d85a9f66f1f3bdbba727fc6a76dc8ac5a689ca3f0cc010
0013/132dd462004a16cbde87.JPEG	13	n01534433_4910_n01534433.JPEG	3920	132dd462004a16cbde8733f618ad36081e789e9d7f68f73205851189a88a8636
0013/1f78b81daef5cf337e39.JPEG	13	n01534433_2450_n01534433.JPEG	430	1f78b81daef5cf337e3947700857aaf68ba791ec639fa0d266d459b66bb2e13d
0014/94e2bd606f040d7b96b2.JPEG	14	n01537544_17152_n01537544.JPEG	2870	94e2bd606f040d7b96b22b38cc6cf2ad39deaca494b51e28ad4202913c05ca55
0014/aefcc2f356b335c6b487.JPEG	14	n01537544_19776_n01537544.JPEG	3923	aefcc2f356b335c6b487fb6d56ad933207d0fbc91265f1362c4e616e6f9f6bc3
0015/56cd4dc482a873fc0ffa.JPEG	15	n01558993_3674_n01558993.JPEG	2280	56cd4dc482a873fc0ffafa591d44b11ca15ff672ecdd43c49930e848e5120e8e
0015/c547caaa754954aeb08d.JPEG	15	n01558993_8499_n01558993.JPEG	927	c547caaa754954aeb08dc2fe64915fc6b31ae528efd7129c058c607fc6210e01
0016/1bd9b59e77a2cb5bdb24.JPEG	16	n01560419_12120_n01560419.JPEG	1695	1bd9b59e77a2cb5bdb2491af7d1d43e0ded688705680b26be718cffb2bffcf34
0016/6dfd9569cd52e7e89483.JPEG	16	n01560419_11002_n01560419.JPEG	4626	6dfd9569cd52e7e894839beb6931160063f242c83a134e6cd7dd20cddea4d4b2
0017/bf9bfdd4a5d24482185e.JPEG	17	n01580077_13507_n01580077.JPEG	1971	bf9bfdd4a5d24482185ee96fce075b9a39057231a75feccf7aeeedf2318c6016
0017/cbfc9c448969808fc64c.JPEG	17	n01580077_2519_n01580077.JPEG	1997	cbfc9c448969808fc64c35c7bca5ba13ec4b6d307b863dc0136f48351d071b37
0018/560489bf425e110283ee.JPEG	18	n01582220_11000_n01582220.JPEG	692	560489bf425e110283ee2fd89e4e425a419ce4cc80a2bc19a984867c98e20722
0018/8891a30fe69aceb008dd.JPEG	18	n01582220_9119_n01582220.JPEG	241	8891a30fe69aceb008ddf3c2d250f717e5a8b08772e301def3c1b91f9dfeb273
0019/38738daefab9bb7c355c.JPEG	19	n01592084_7207_n01592084.JPEG	466	38738daefab9bb7c355c417c6204e6ca8bbebdceec80e040f6435ef9bcc325dd
0019/4c1668a70aaa580852ab.JPEG	19	n01592084_3264_n01592084.JPEG	282	4c1668a70aaa580852ab0fba01c699daedc4621eee9e05e3db0666923aca254c
0020/19287bbdd5c574ae902d.JPEG	20	n01601694_22290_n01601694.JPEG	2317	19287bbdd5c574ae902db8092a625b17b732d3b834a2fba6fe30cafe15ae2d06
0020/b33b863fd910ddf1a60b.JPEG	20	n01601694_5612_n01601694.JPEG	5	b33b863fd910ddf1a60b2cccf38fcc711f6efb4a9bbfce854993494bcaa71680
0021/14f88f6c6987ec862d02.JPEG	21	n01608432_1889_n01608432.JPEG	2653	14f88f6c6987ec862d022362043491f3df73f32fff023241e97c41cb07aafd60
0021/22191ee99c8e864687eb.JPEG	21	n01608432_7099_n01608432.JPEG	1210	22191ee99c8e864687ebde7f61eef49647afe38369c155c2c51368c2a56429bc
0022/1628f5393c1761a13811.JPEG	22	n01614925_2527_n01614925.JPEG	2437	1628f5393c1761a138115a55a33d9d8d76ad278a7c19ad2cf2ee844e659d4424
0022/2ae2cc5a78f3fd6cfc9a.JPEG	22	n01614925_15477_n01614925.JPEG	2855	2ae2cc5a78f3fd6cfc9a74f42fe1ae00ff718be127e06d65d07ee39702388a74
0023/e1ddb4b36c82c6ac77ca.JPEG	23	n01616318_3354_n01616318.JPEG	4731	e1ddb4b36c82c6ac77ca1aecd4424557f7ff27af3deb488730eb955d2b0bc2be
0023/fe79dc117ea9eafebd1f.JPEG	23	n01616318_5185_n01616318.JPEG	1092	fe79dc117ea9eafebd1f7d97d3cefab5e0a44e58dba1d41c83c26dafe76e7aec
0024/820431189e0d9f53681f.JPEG	24	n01622779_15859_n01622779.JPEG	3313	820431189e0d9f53681f3af8e46238f196d71d2543457dce5de00e207163f3cc
0024/b446392c85747c3e9409.JPEG	24	n01622779_912_n01622779.JPEG	1370	b446392c85747c3e9409a3214210ea739d3212f9d49d056f1daa7c581835b298
0025/387369c70f185b4ee1a2.JPEG	25	n01629819_19265_n01629819.JPEG	2890	387369c70f185b4ee1a293250b829667f3f50b758af98a63f58e550cdddb393f
0025/55e240b8dd311d0e0424.JPEG	25	n01629819_29373_n01629819.JPEG	2210	55e240b8dd311d0e04246362c0d62754a1b76356fa3d7e840f37bf03b5634fde
0026/e480094b5de4fa986cb0.JPEG	26	n01630670_4077_n01630670.JPEG	579	e480094b5de4fa986cb06f697704eac5f2bcb3b4413462c190cc6aceff25037f
0026/f20ff032ba1fd49c39a1.JPEG	26	n01630670_5529_n01630670.JPEG	1523	f20ff032ba1fd49c39a10b88fa58a01ad8b53e04825d866ada3204974706a8cb
0027/859599909e9c5986744d.JPEG	27	n01631663_4725_n01631663.JPEG	2409	859599909e9c5986744d3cdf25a91b94daad8af52e4dd3904c308914969b4530
0027/878c450747ef267a5e59.JPEG	27	n01631663_7473_n01631663.JPEG	4923	878c450747ef267a5e59b1e23a24d2b9db88638092037037e0ad90069b57472d
0028/6bb2e88a4665984954b4.JPEG	28	n01632458_9082_n01632458.JPEG	1525	6bb2e88a4665984954b48add4bc3aa4b4e6346a83deeda17f333e4b0d9a54fde
0028/cb285ea6943d41a9679f.JPEG	28	n01632458_9226_n01632458.JPEG	1117	cb285ea6943d41a9679f083ac1e92a1836ec40bce62493b6fbdcec4b59e0fa55
0029/af2a268bddb45d116e90.JPEG	29	n01632777_1290_n01632777.JPEG	1434	af2a268bddb45d116e9068959684fe485250536e404b77446366ed460b6b2df8
0029/f0b0d809fb3c861e8910.JPEG	29	n01632777_7672_n01632777.JPEG	778	f0b0d809fb3c861e891049083a8d22cff46148d102edb5b5dbaaf7c542961103
0030/c0ebd7a9392198857001.JPEG	30	n01641577_18922_n01641577.JPEG	1552	c0ebd7a93921988570017f18ba5b4de72319311cae6c40576bad502dac2f840e
0030/e266c487bece7f24a901.JPEG	30	n01641577_17859_n01641577.JPEG	1204	e266c487bece7f24a901030fa3b726ab7f78ae69103b46b6b3f3ea541877196f
0031/8f5b67fe813b465370a4.JPEG	31	n01644373_6786_n01644373.JPEG	2542	8f5b67fe813b465370a4e60096b12d5dd2011efb4f18f442ad9e35caac54710b
0031/a07dc47fb22d17446301.JPEG	31	n01644373_1856_n01644373.JPEG	770	a07dc47fb22d174463011b7a7dfeec41cae9182b389c8381c26513f7236e94db
0032/401285833de1bf7ab8c3.JPEG	32	n01644900_22326_n01644900.JPEG	1855	401285833de1bf7ab8c384126499ae6a71ddd3cc1f76f32b0f87443c9197f44c
0032/c88e12a165d390adeb56.JPEG	32	n01644900_13391_n01644900.JPEG	2481	c88e12a165d390adeb563f40d7577bae629479300ebda5674fffbc0b635e17d8
0033/584a81e6306bccac11f4.JPEG	33	n01664065_2877_n01664065.JPEG	661	584a81e6306bccac11f4dee35acf5fd920d86073ad0ab1f75eee33c5c7ffb752
0033/5d92d3eb6f48a0598601.JPEG	33	n01664065_1371_n01664065.JPEG	283	5d92d3eb6f48a059860114b85b0a4c5b88133f87199baeb5305244dfaa56636d
0034/0257d535b058526facf5.JPEG	34	n01665541_3913_n01665541.JPEG	1319	0257d535b058526facf51a1b70838935bbbce79a27e3dd715766dfdbc942b740
0034/55c32a5323d146716a5c.JPEG	34	n01665541_5745_n01665541.JPEG	2061	55c32a5323d146716a5c9a7809a8722a8f968e510e375e00631bdcc010a0808c
0035/bb9b2e8683549c27f576.JPEG	35	n01667114_10673_n01667114.JPEG	677	bb9b2e8683549c27f576a6f731ceba1339aa74c41c6500d1426938df8a7dad1d
0035/e794e7e99b6cd5f9c552.JPEG	35	n01667114_1974_n01667114.JPEG	710	e794e7e99b6cd5f9c5521f21da2f2fc6988783cc6c46387400ac3ffed2d6cc41
0036/3f01e8834b254c189edb.JPEG	36	n01667778_10425_n01667778.JPEG	548	3f01e8834b254c189edbbc93a4d4df333e291823cb1af918c2162036bb9a34fe
0036/66f15c4729bb697d08b4.JPEG	36	n01667778_6552_n01667778.JPEG	169	66f15c4729bb697d08b4ef817a03aeab4c7f6f5e8ee5af65ddf49c050356a1ca
0037/29aaf3c98b61738f0cd7.JPEG	37	n01669191_3255_n01669191.JPEG	260	29aaf3c98b61738f0cd7c9742732af36d4f16a46573f5ffedf127ac76bb633f2
0037/b61765e6c9bf635c3844.JPEG	37	n01669191_9464_n01669191.JPEG	459	b61765e6c9bf635c3844467e70e52afa0ab35408f6fcb649fb55ae1a310a8543
0038/d05ec8536b2781af1fa9.JPEG	38	n01675722_2558_n01675722.JPEG	711	d05ec8536b2781af1fa9e5d1d77626119083869542364f6a20e5a13b35548178
0038/f3d6adcd0867ebb303d4.JPEG	38	n01675722_5240_n01675722.JPEG	723	f3d6adcd0867ebb303d4acaba3e1cdcc358c19ac9e2ad082d93bec6563e9d284
0039/5bd30340fc88d1473440.JPEG	39	n01677366_15981_n01677366.JPEG	706	5bd30340fc88d1473440e25056d328074ae3ceecf2f4e691f2fa8cb460a04039
0039/bd2d3506b5ed3eb19af9.JPEG	39	n01677366_6388_n01677366.JPEG	520	bd2d3506b5ed3eb19af939f2e27d53afd99e57f45baf5a717532464a24e8f961
0040/2c50ed2a62e1ea7054c6.JPEG	40	n01682714_7261_n01682714.JPEG	768	2c50ed2a62e1ea7054c69f34f71a8a47f58611742f73ca2eeb955b670d2346bc
0040/fa91e0e1eb6d45514665.JPEG	40	n01682714_15730_n01682714.JPEG	821	fa91e0e1eb6d45514665e70832da4b73fc884bf11cea5cc901859f58e6e6deaf
0041/75044dd08580f804db6f.JPEG	41	n01685808_3355_n01685808.JPEG	2696	75044dd08580f804db6f048c347ac9d5db14ee521fd13050f6d6cd4c0899ec8f
0041/bf221a2bea379dac5486.JPEG	41	n01685808_1702_n01685808.JPEG	2989	bf221a2bea379dac54866d7dee5cfa452a6c34aeaf19d44453d42a37b19d912c
0042/1113ca688976b0125b96.JPEG	42	n01687978_8726_n01687978.JPEG	339	1113ca688976b0125b967c555a37bc08951bfdb7a5b3a458c4162f63652b9764
0042/c249fead5fb234eeca07.JPEG	42	n01687978_8874_n01687978.JPEG	552	c249fead5fb234eeca070db74999d7196dd4ddf2395a6177b33925c249a0b7b7
0043/3588b65950bc42ac758d.JPEG	43	n01688243_2473_n01688243.JPEG	2018	3588b65950bc42ac758d0033c02b7a79c0167b02bc186f1c87fdae0eb5f5a3f0
0043/df10adc7f020ae587ea2.JPEG	43	n01688243_2174_n01688243.JPEG	2430	df10adc7f020ae587ea2f41801262c22b74b49e050a2ff16582eb56965aae0c5
0044/6e975f3f78205a307d63.JPEG	44	n01689811_3815_n01689811.JPEG	1398	6e975f3f78205a307d63ba14b44a37dbe92f4592127ff39f51667823490a5c41
0044/9d5c5880bdb8648ffc53.JPEG	44	n01689811_12848_n01689811.JPEG	1333	9d5c5880bdb8648ffc53a56d20827eec0699aa816cea6e3e18a53d26d586dc2f
0045/388186a3e4271eaa4421.JPEG	45	n01692333_15904_n01692333.JPEG	1040	388186a3e4271eaa44216104d8c0c1b20de0c317eee92de6327f70304c64d020
0045/898075d3453c68066030.JPEG	45	n01692333_1682_n01692333.JPEG	2064	898075d3453c68066030a1c21925ecc764a80014745a8b8396f7923ec9c596df
0046/61895fa6f16244faae55.JPEG	46	n01693334_7500_n01693334.JPEG	1885	61895fa6f16244faae55dca0c2fcc70e17db10c14f0f619d3f95d90dc32efdbe
0046/e138a88dc224c1fd8798.JPEG	46	n01693334_13937_n01693334.JPEG	1150	e138a88dc224c1fd8798c3a082b4b4efb1560d052b5f518e220e0d54d612bab1
0047/505a99ac6ebd87a31ee9.JPEG	47	n01694178_424_n01694178.JPEG	2137	505a99ac6ebd87a31ee9661f21b5a2afe7e6986f395d195c68ca38a38b79d793
0047/bf17fdb279c3eff09da0.JPEG	47	n01694178_3638_n01694178.JPEG	317	bf17fdb279c3eff09da0a4f058079370900b6251fe694ba3c47df13e7b999a6f
0048/23b9f23a4c49896f8eb5.JPEG	48	n01695060_26711_n01695060.JPEG	348	23b9f23a4c49896f8eb57ed43f6e90be39387e9142fca139ce15eb92ebfc6983
0048/96eb8193e6a1ac6d5ce5.JPEG	48	n01695060_1675_n01695060.JPEG	1758	96eb8193e6a1ac6d5ce54e888f3ebc36bf78ff3ece86ccc010b4391222787114
0049/39bed5f313c15cdbdc7b.JPEG	49	n01697457_732_n01697457.JPEG	2419	39bed5f313c15cdbdc7b956de19ac3a60954256f277db3355186e93bf3644803
0049/8987b6a700387f81509d.JPEG	49	n01697457_9081_n01697457.JPEG	469	8987b6a700387f81509dde4e04eef17f827dc90272cdc946fa0932d802834630
0050/201b767563600917c020.JPEG	50	n01698640_11057_n01698640.JPEG	686	201b767563600917c020e1fccf48833bf43e97ea1bd7e716bcfe5f61975225a1
0050/ee69390cfcfce1e0aab0.JPEG	50	n01698640_7569_n01698640.JPEG	2007	ee69390cfcfce1e0aab00bf1a6dce82b2afaaac6d15b985be58e33b8317848cb
0051/2a0a01e4d3217e597f37.JPEG	51	n01704323_7988_n01704323.JPEG	1861	2a0a01e4d3217e597f3702a4d182e18e2d721f2ed5bccf5600b1156bf821acd1
0051/8e09897eb7b017185f78.JPEG	51	n01704323_2717_n01704323.JPEG	429	8e09897eb7b017185f78c7d7a0bda0fd598c98c5e5ba6c8320f90bc8cb176ed0
0052/4a070050a9c05665ed0e.JPEG	52	n01728572_27819_n01728572.JPEG	2746	4a070050a9c05665ed0e62d1f53e6d0737e3c8933271c51d632f86da18184013
0052/5ea3f5632e75cef71aca.JPEG	52	n01728572_25965_n01728572.JPEG	1944	5ea3f5632e75cef71acae723aeda20583b9301b8c3909f2abca85add3bbd9390
0053/1f8d9fd7c77e66e2df56.JPEG	53	n01728920_22196_n01728920.JPEG	1751	1f8d9fd7c77e66e2df560138d03e35eb4fc0fa7a10eeea1c6378dc589a798795
0053/8598d97ab570c95aaaaf.JPEG	53	n01728920_7765_n01728920.JPEG	600	8598d97ab570c95aaaafb46bc141d4482c66147e5056e8caaae738352c5f509c
0054/17514348294fe2a4e4f3.JPEG	54	n01729322_11852_n01729322.JPEG	2923	17514348294fe2a4e4f393eab82b336dd47a94318d3b0ca1f01763401642c575
0054/2d95feb93755e522f95d.JPEG	54	n01729322_12281_n01729322.JPEG	396	2d95feb93755e522f95d4005bfa8fc272e2eac11286da7ba66870795a969b854
0055/4ed833a4800dcb104ffd.JPEG	55	n01729977_797_n01729977.JPEG	1017	4ed833a4800dcb104ffd43439e8bc6103761053de189f8bf8d1ceab45e423278
0055/715808c612c3be55a2cf.JPEG	55	n01729977_7784_n01729977.JPEG	303	715808c612c3be55a2cf5e732930cc0cc461125904d684b8f6faf8e8aa8a2c50
0056/41e028eee43cb780ca95.JPEG	56	n01734418_1702_n01734418.JPEG	0	41e028eee43cb780ca95d970422c0022f740e18a334f754e9ba21bab6bd47791
0056/fdf06b47bfbfdb9f29dd.JPEG	56	n01734418_5667_n01734418.JPEG	866	fdf06b47bfbfdb9f29dd738b160f810da8e4aafcd4fef69b36c4d1784c2db850
0057/2697df90116aff597219.JPEG	57	n01735189_12507_n01735189.JPEG	586	2697df90116aff597219b658db264ffbc3138f6f30f69f37aeb071bf75da3ac4
0057/f183fc69ed1a3da038ed.JPEG	57	n01735189_6891_n01735189.JPEG	407	f183fc69ed1a3da038ede8f8cafcfd1c102242333978c92de085950c8248c662
0058/2875a2407b506995ee02.JPEG	58	n01737021_3573_n01737021.JPEG	2195	2875a2407b506995ee0293fd16d9be797891eafe4cf2bc84f557d52a22257f05
0058/795f799443d6162af73e.JPEG	58	n01737021_15296_n01737021.JPEG	3213	795f799443d6162af73e7a38a74d9320e4f4ab93d4205ab8cab7b286b461b2c9
0059/35778849c87ab2322e48.JPEG	59	n01739381_3247_n01739381.JPEG	1332	35778849c87ab2322e484bccecccc5ceed0160e9eb518368eaa77c7fbd7443ff
0059/94cbed64aa4d9460912c.JPEG	59	n01739381_8222_n01739381.JPEG	3137	94cbed64aa4d9460912cb9c36a39224ca534084cbe0132889b2697900b86ad76
0060/68d742699001d6e80bf1.JPEG	60	n01740131_18100_n01740131.JPEG	4638	68d742699001d6e80bf16e0e9634f78e45a31199073e4f7dd93b6a53a604bff1
0060/8189ed50f395c87fc9a1.JPEG	60	n01740131_21069_n01740131.JPEG	432	8189ed50f395c87fc9a13b932d7c1816a15c447d6f7b0a0d266f4b4862b698ca
0061/16acec0d6978527ad351.JPEG	61	n01742172_3416_n01742172.JPEG	781	16acec0d6978527ad351a79b1d160b9fc41c2a0fe8b05da6de4e2f953cd67d31
0061/f6784606fdb142f8cafd.JPEG	61	n01742172_4689_n01742172.JPEG	4013	f6784606fdb142f8cafdd5b6ca7b15a666e1ecd17e790e7ce4f4f8abf20cb76b
0062/69fb8d8a32143a2de28e.JPEG	62	n01744401_9852_n01744401.JPEG	1887	69fb8d8a32143a2de28e3ee135d7ca9f4d45cc803e1baf95effbd25c5dfd98d3
0062/e68f37208066976bb6ea.JPEG	62	n01744401_3913_n01744401.JPEG	1121	e68f37208066976bb6ea48dd28324d176b5ada19702f50666a571272e449e575
0063/338344462e7bbbf08295.JPEG	63	n01748264_20568_n01748264.JPEG	1476	338344462e7bbbf08295ec0b5eaff28bca71e3861119a976ff9b2bb7b3d24cd4
0063/488898f50566175139da.JPEG	63	n01748264_15020_n01748264.JPEG	1005	488898f50566175139dab7207df31b878d0b0c093daf26718b31b61dcfdc6e5b
0064/6d77d5689662aa770b33.JPEG	64	n01749939_5872_n01749939.JPEG	12	6d77d5689662aa770b3338ea98072ea89eb5e24df033d14eaf0ae15ca98f7a9a
0064/795c94a86eadc4d94bb4.JPEG	64	n01749939_13580_n01749939.JPEG	1082	795c94a86eadc4d94bb43dc0440e62aeec59ce59ff61817bce523e19450c0b29
0065/31164ad1a5d244eb6129.JPEG	65	n01751748_286_n01751748.JPEG	793	31164ad1a5d244eb61291c0a8023a10a89549ad90733321b2879dd6963ed083c
0065/b6c3ab5954da3f974a3c.JPEG	65	n01751748_4390_n01751748.JPEG	712	b6c3ab5954da3f974a3cd9b6ca3728dbcebd20139b8e6fc4f82bb19e7426aa99
0066/2621bbc02ddf704b2b4f.JPEG	66	n01753488_13261_n01753488.JPEG	1851	2621bbc02ddf704b2b4f98ee86f28d9d9de0fe9de0c471328e4e19d58a371e2e
0066/99754a3de8bbac65707f.JPEG	66	n01753488_10629_n01753488.JPEG	225	99754a3de8bbac65707fd51adad30ac4797e6b9404176cc83ed7eeaa0d45bd9f
0067/5461b5f7f3e39f248ebb.JPEG	67	n01755581_329_n01755581.JPEG	637	5461b5f7f3e39f248ebbf27ed5792be83e825b1e3e2e6f01325e2d00cdc04f5b
0067/fca9592631ba24671384.JPEG	67	n01755581_10459_n01755581.JPEG	456	fca9592631ba2467138451536954ffadf2469420f68685fdda66122fa6d6b6ee
0068/36b593775c995cfb008b.JPEG	68	n01756291_5918_n01756291.JPEG	707	36b593775c995cfb008b1b085e7a7b74a3f4b3a9d6329840f3a2dd8db2d464ba
0068/804f1e662c0d18974263.JPEG	68	n01756291_6860_n01756291.JPEG	1232	804f1e662c0d1897426379206c81f57330a0015e882901a0493ff6db7ed7e7e3
0069/052fef1160536baaa5c8.JPEG	69	n01768244_8373_n01768244.JPEG	2826	052fef1160536baaa5c895bb92e37c123b2bb625a008396a09662bceac4a1e43
0069/5e985a4262a9556f7b92.JPEG	69	n01768244_422_n01768244.JPEG	1386	5e985a4262a9556f7b92389862beff347655b25b019dfc6dcf417f4c96d86df3
0070/1efc19183ee50b6cba8e.JPEG	70	n01770081_13343_n01770081.JPEG	2931	1efc19183ee50b6cba8eb29fd3af2ede8ed2a7ee21023062717aae8702aad636
0070/bf1278385b6a9cfff756.JPEG	70	n01770081_5846_n01770081.JPEG	2142	bf1278385b6a9cfff756217bc2990b79b5baa160b63b72bc82d18365b7086ef7
0071/3a63bc399f318e66db12.JPEG	71	n01770393_6917_n01770393.JPEG	979	3a63bc399f318e66db1289fcd27c89d4a8e44232934262197e5ced0f84151fd1
0071/c16c4cd7cd67a33311d7.JPEG	71	n01770393_11925_n01770393.JPEG	935	c16c4cd7cd67a33311d7004d0e2411253c636183522de5b5a8faf186bbb4c557
0072/4b3239d9ffaa4959354a.JPEG	72	n01773157_9606_n01773157.JPEG	2597	4b3239d9ffaa4959354a55b704cd4d6b337d27d2d26fb000f10489c0b0d42df3
0072/74c2a5bba9e1160f8a66.JPEG	72	n01773157_5449_n01773157.JPEG	1453	74c2a5bba9e1160f8a66a00f52bd78f3290131cc8d067e23de1008501a5a4c36
0073/7e5c495962d9d248d801.JPEG	73	n01773549_7955_n01773549.JPEG	267	7e5c495962d9d248d801f1d58a43f21425ce239292839c8c03171614be12379d
0073/c4d30e090e2ae11db333.JPEG	73	n01773549_3280_n01773549.JPEG	889	c4d30e090e2ae11db3330f9354acf572a2d212136755d28b6375d3aacc0eff60
0074/59f43d56417f5fae5edb.JPEG	74	n01773797_680_n01773797.JPEG	845	59f43d56417f5fae5edb8cdb36aaf7729ac060d75d0c06ca313ee1f58b7e5626
0074/9cc158cca78591f6b50d.JPEG	74	n01773797_344_n01773797.JPEG	52	9cc158cca78591f6b50de93f9e97e6b09b6bc437a9ba3c7ce39111cfad6e924a
0075/180a41dffec93429fb8c.JPEG	75	n01774384_12091_n01774384.JPEG	1812	180a41dffec93429fb8c97391ed1f5e288acc414614689a0c8c853a106be7020
0075/8b466c2cdf992078e2d0.JPEG	75	n01774384_10928_n01774384.JPEG	1213	8b466c2cdf992078e2d0760fd9d250fe079d58038b4a20efbc0acf752b846083
0076/265a4d94889faec87c16.JPEG	76	n01774750_12531_n01774750.JPEG	2122	265a4d94889faec87c16c36d5918210d9c901f233016489488c53cf5824aaea9
0076/53d5c795fa8f34b59322.JPEG	76	n01774750_738_n01774750.JPEG	6263	53d5c795fa8f34b59322fbbb58ffdb6dcaa6bfe05d99cf89b07f60b88854b863
0077/b545271f112ca25220ef.JPEG	77	n01775062_4677_n01775062.JPEG	503	b545271f112ca25220ef879be826fe0f73b41e005ceaa5e3a8a0f4f6075e8c1e
0077/f3187063d5a3c98d0b92.JPEG	77	n01775062_4869_n01775062.JPEG	505	f3187063d5a3c98d0b9212c048f0331f6e0f7f4e4b4d6f9b8a58618ac26caf1f
0078/d0d76d2a3228f8173820.JPEG	78	n01776313_10572_n01776313.JPEG	1969	d0d76d2a3228f8173820161986e92814d6e14ff0a7e5a528868ee9b309df8273
0078/ddb27034fa772374e891.JPEG	78	n01776313_7369_n01776313.JPEG	2873	ddb27034fa772374e891141ffdda44c19798dcf971567607d2f1fe962b7fad63
0079/5a68fefdf114b815b5a7.JPEG	79	n01784675_12151_n01784675.JPEG	1308	5a68fefdf114b815b5a7b6b574483f986ba0e8cb26e2831b4dcbd0d0032aa5ae
0079/a31b3fccb194eba5057e.JPEG	79	n01784675_13608_n01784675.JPEG	1801	a31b3fccb194eba5057e1a5711908081ace12a7cd3b6de952aa6752fc4032ae1
0080/66cbc8ecf75f7297fd51.JPEG	80	n01795545_6415_n01795545.JPEG	166	66cbc8ecf75f7297fd5160104ba80567c79bc96ba3ab3cf1b35c25a15b99019e
0080/d91397a4c8c41a8079e7.JPEG	80	n01795545_4304_n01795545.JPEG	888	d91397a4c8c41a8079e781475fd0bc184ca42c77cd3889daba45af5cfbc186b1
0081/7826781bd1cc9ac48d0a.JPEG	81	n01796340_4627_n01796340.JPEG	777	7826781bd1cc9ac48d0abc616f28b9de2560919cb69a90bc7fa4bf74add2a160
0081/d5ab90aaf2b3f2980b34.JPEG	81	n01796340_3074_n01796340.JPEG	837	d5ab90aaf2b3f2980b34aaac40c51e63ac22bd7d66b0258e128b5862d213862e
0082/29ac9c6c994b7c47e86f.JPEG	82	n01797886_6698_n01797886.JPEG	1252	29ac9c6c994b7c47e86fa4544e68a8624c50762e8030e602e59d017d2eda188e
0082/e7faa3bb1ebcb2a154e6.JPEG	82	n01797886_6018_n01797886.JPEG	2634	e7faa3bb1ebcb2a154e6b57c8d9960886575d7e9ca0883f28025baf583eef93d
0083/14a74e36b3914ef1782e.JPEG	83	n01798484_5655_n01798484.JPEG	75	14a74e36b3914ef1782ed65b21b346b892ede7bc24ab055f1d4243db462c1904
0083/a5a50eeebdeae86542f0.JPEG	83	n01798484_16449_n01798484.JPEG	855	a5a50eeebdeae86542f0dd37ab21d8bec33a52098927662114983e863f3b8a17
0084/53fae02531aae2e51e7c.JPEG	84	n01806143_11529_n01806143.JPEG	55	53fae02531aae2e51e7cd5d6728e99360d1483951d10fc771a4cedf0d0e6b946
0084/a923e7c5f8b146db728b.JPEG	84	n01806143_992_n01806143.JPEG	24	a923e7c5f8b146db728b8cddcfbce942bf6fd9665c434a5ffa29d851cd65b849
0085/04bc913f9788e2e2f27a.JPEG	85	n01806567_843_n01806567.JPEG	398	04bc913f9788e2e2f27a49e74bec13c12b403fe8c7a5941ba5d292cce39cec5e
0085/b03ada4eabea0d73377b.JPEG	85	n01806567_19613_n01806567.JPEG	922	b03ada4eabea0d73377bcfa14476cf969db7d14b2d571af1df896bd1dedb4f69
0086/04aa78bf33a78f08a7bd.JPEG	86	n01807496_6390_n01807496.JPEG	1902	04aa78bf33a78f08a7bdc2748e9335461a414ac28a16c80a4e35900fa7395185
0086/bcdc9cfef895688fa72b.JPEG	86	n01807496_10155_n01807496.JPEG	1848	bcdc9cfef895688fa72b2d305be6ab6057a4da22b4b4f46ed49260abe4484f5d
0087/82ac0107e3f9efc14c07.JPEG	87	n01817953_8850_n01817953.JPEG	2060	82ac0107e3f9efc14c0719bb60c0e409ffd3271221d27a4a5ee8033d28149cd8
0087/c125c4441a231db51761.JPEG	87	n01817953_13856_n01817953.JPEG	1481	c125c4441a231db51761e9a3fd99c7d6badd81a07acfa32fe5a14b125b878c10
0088/69c3a38b82f711c96ec9.JPEG	88	n01818515_9980_n01818515.JPEG	819	69c3a38b82f711c96ec93f56357d9d6f4ee148a414fb0c8c7a27b97b89bb348e
0088/e50f2c1d7f8ef4bfdfe5.JPEG	88	n01818515_1334_n01818515.JPEG	528	e50f2c1d7f8ef4bfdfe5730748037a284109bae1b9abca9c880c51d96df679d7
0089/224976eac184fcc78cd5.JPEG	89	n01819313_3334_n01819313.JPEG	57	224976eac184fcc78cd52315e37e5adcb8956bac488b6a5d517b536559d0f271
0089/be862a7ea44dba16ce89.JPEG	89	n01819313_18335_n01819313.JPEG	1010	be862a7ea44dba16ce89bb5b9469c5e1bfbf97f9fbb01864428f452c2ee18737
0090/2fbe2b0ac9912901db94.JPEG	90	n01820546_815_n01820546.JPEG	715	2fbe2b0ac9912901db94febf98d445a5bf161fe6bfb44e07c80b940f42b18b8b
0090/35f450d07f40bfdb1697.JPEG	90	n01820546_6240_n01820546.JPEG	811	35f450d07f40bfdb1697ce25df2b41652982a5196a66e440aef65e4452f7896b
0091/21ee590fa9798ddfea23.JPEG	91	n01824575_9764_n01824575.JPEG	1431	21ee590fa9798ddfea23d9e0b9b37c26fc4ceb64cddbeefccdbf58c55057f1b4
0091/8971541e61f053c6b8b9.JPEG	91	n01824575_8311_n01824575.JPEG	1993	8971541e61f053c6b8b934507d28e50abc4f96625c98816ef068130f94aeecad
0092/25706ed43c8fa0749811.JPEG	92	n01828970_9497_n01828970.JPEG	2189	25706ed43c8fa07498119e86c7c53b886a9c7138c8edadb04ff9c2007ade4f1c
0092/cebc2ec35139463d280f.JPEG	92	n01828970_5298_n01828970.JPEG	3076	cebc2ec35139463d280f157e47780dbd880904cf1391415fdd5ddae1c41fd476
0093/033dea2ac0588a7cfa30.JPEG	93	n01829413_3963_n01829413.JPEG	1178	033dea2ac0588a7cfa3086ef841c11590d8bd4f3664bdad559b9a29f942e6d11
0093/ccb58ecb4f45db4185c3.JPEG	93	n01829413_4199_n01829413.JPEG	104	ccb58ecb4f45db4185c3ff910df9309d004145fc48d04b5a3b38750164265545
0094/caa9a9472deec088117f.JPEG	94	n01833805_9049_n01833805.JPEG	200	caa9a9472deec088117f1bda76ced3e393aadae7881e609c61be13d5cb8680b6
0094/e6fc2ec37a4fc857071d.JPEG	94	n01833805_9102_n01833805.JPEG	516	e6fc2ec37a4fc857071dee37fb31ba262e21d4fc3644df26823ca9a1b3790273
0095/3fcf4b4e572c21f2e1fa.JPEG	95	n01843065_7324_n01843065.JPEG	2959	3fcf4b4e572c21f2e1fa73d493e3f60850e63398ceac6b3e10cce92e474b81f7
0095/54ba48452ee858aef094.JPEG	95	n01843065_5398_n01843065.JPEG	1996	54ba48452ee858aef09466a089a9727d85eb69c8aa655d8d8cf23292b3e551c5
0096/cb914b93d4d1bdae9154.JPEG	96	n01843383_1142_n01843383.JPEG	1128	cb914b93d4d1bdae91547393bdff60282b1689aba8af379e4670a7ae00b3df11
0096/e2c1ef8df387f75eadb8.JPEG	96	n01843383_948_n01843383.JPEG	122	e2c1ef8df387f75eadb8787375aa7ed6705561323ad5e75597b2de0e813592cc
0097/2063b2c6cc67b209986c.JPEG	97	n01847000_15109_n01847000.JPEG	2867	2063b2c6cc67b209986c60cc21a2d3d6d9b0b1d79cf26003dcedaa0e9ae0994c
0097/b5615a5589ff014a62f1.JPEG	97	n01847000_8443_n01847000.JPEG	2894	b5615a5589ff014a62f1dabe86edf8032ab2d2980f768e5ab2c0bdd0556f61c8
0098/4452411206c0e767dccd.JPEG	98	n01855032_3678_n01855032.JPEG	4211	4452411206c0e767dccd3a47e899ad0ca67285fcda0940839e6e31d4039602dd
0098/eccc5e7b0246161a0115.JPEG	98	n01855032_3870_n01855032.JPEG	4371	eccc5e7b0246161a01156216aed9111771d6ba3496a7ac4d456b35b534e7ead9
0099/7f436ef3348b7ab12ad4.JPEG	99	n01855672_3114_n01855672.JPEG	2313	7f436ef3348b7ab12ad45def015501d5596d7e5ed4c6e6ffee2369e805529017
0099/a057540ea3b285ecb614.JPEG	99	n01855672_7345_n01855672.JPEG	980	a057540ea3b285ecb614c370904186e09681cbab7c3648eb11820ae515565f75
0100/180720edde3338dafbf4.JPEG	100	n01860187_16342_n01860187.JPEG	183	180720edde3338dafbf47b99ad1437f5c486d7b27becce955f39a814aa799146
0100/ed533d34530718b2b42d.JPEG	100	n01860187_755_n01860187.JPEG	88	ed533d34530718b2b42d42b197a2b6acab536ea50de9dfe7acd5f7905781334d
0101/07923a2f0e77e2f7e48a.JPEG	101	n01871265_7328_n01871265.JPEG	908	07923a2f0e77e2f7e48ac14fe5572fa2116043f5602286f215cadc4e548f01ad
0101/521866707b4dfdad0301.JPEG	101	n01871265_128_n01871265.JPEG	737	521866707b4dfdad03019cbd1f28faf6c2613ef886d6c2adb94ecc268ee0dcf0
0102/3e74567db26ed1ebe5e1.JPEG	102	n01872401_4227_n01872401.JPEG	81	3e74567db26ed1ebe5e12a54261b4a6b3d8195ed7c0f96e791561f1d2a08b542
0102/ea15c8ef8e787d29fea8.JPEG	102	n01872401_2652_n01872401.JPEG	3634	ea15c8ef8e787d29fea86e2218b796f581f53a32c86dd4374e1fabfb2b510b12
0103/eb57e689017dc9d1fcef.JPEG	103	n01873310_14349_n01873310.JPEG	554	eb57e689017dc9d1fcef242c2d9af1e0bb2ca9e18710c596b5f848637a8d9c3c
0103/f9cede6f52ec0a61704f.JPEG	103	n01873310_26576_n01873310.JPEG	176	f9cede6f52ec0a61704fe3e4509ad342f94b938048d238712fc98ab66bbd221e
0104/3e5367f0b39f004225fa.JPEG	104	n01877812_4706_n01877812.JPEG	926	3e5367f0b39f004225fa2222c872b1f2fb059a1a8c48b6718e5cf7866efc33a6
0104/dee1c558a29964cb4e6d.JPEG	104	n01877812_11437_n01877812.JPEG	2397	dee1c558a29964cb4e6d6653039a7651bf47422587f9ffede767194072216d41
0105/4b9be9121b881f62e5c4.JPEG	105	n01882714_24022_n01882714.JPEG	581	4b9be9121b881f62e5c4dbe6d0188f701ea2b2396d02fbb697befd7e44b8d5c9
0105/52dcfb88cbdc28d3566e.JPEG	105	n01882714_14250_n01882714.JPEG	749	52dcfb88cbdc28d3566eab2f2abf5e3b24614eb37d9e195ab6e68ce6b2bafc3d
0106/8b262cf4c5cd95c5ffc5.JPEG	106	n01883070_27600_n01883070.JPEG	883	8b262cf4c5cd95c5ffc53ccd01cf883f2e76ed79239d91dda84dd0be7cc76fd4
0106/ea89475cf2ecb1e62193.JPEG	106	n01883070_731_n01883070.JPEG	864	ea89475cf2ecb1e621936009df4813c36a9be5e7987f1f3a024332ff3803676a
0107/759769dcc48ffb2222b1.JPEG	107	n01910747_13396_n01910747.JPEG	290	759769dcc48ffb2222b1a7e9ee8d95f557d5c428c6a6071e5a5f03c24d78451a
0107/fedf889f25654df866c1.JPEG	107	n01910747_19913_n01910747.JPEG	628	fedf889f25654df866c1ff5e0de5cbafdd4c35df7b95a9af3f870fbabaa6c262
0108/909626633b5a1329934e.JPEG	108	n01914609_6178_n01914609.JPEG	26	909626633b5a1329934e4130b837382f2258f934a04b90663e41095577f85352
0108/fe31d555a9e80ccd03a6.JPEG	108	n01914609_10009_n01914609.JPEG	3545	fe31d555a9e80ccd03a66de5f4a62999990a81bf0a91bd6e2147c66afcde8b1a
0109/b364724576339cb2249e.JPEG	109	n01917289_1557_n01917289.JPEG	974	b364724576339cb2249e9c020f61b7a4eaebbcc1e8d5516f669a34671494a1b8
0109/dd6b7c4f090f42369f58.JPEG	109	n01917289_1325_n01917289.JPEG	1772	dd6b7c4f090f42369f58b0d4a9afa3583a5a3c41f2f5162dc8118a8d85145056
0110/6f55516e12ba605500d4.JPEG	110	n01924916_7739_n01924916.JPEG	350	6f55516e12ba605500d4d0a859df16f5665ee4024b6126dd319581bc8def9295
0110/b4a021bf20be7322f32c.JPEG	110	n01924916_5893_n01924916.JPEG	98	b4a021bf20be7322f32c0d140b43bc66bb26356d39256c0fc1fe0f1bf435254a
0111/494fa7525afcd8b5d09f.JPEG	111	n01930112_14888_n01930112.JPEG	1461	494fa7525afcd8b5d09ffe1a97446c06f9fdb7283cd7b61299bd965b35ff5179
0111/f9c111eb61e23e478942.JPEG	111	n01930112_19750_n01930112.JPEG	3045	f9c111eb61e23e47894293dcaca3598331c070c5eb5072bb586a0c52c497d3e9
0112/7075cc351fe24051f50e.JPEG	112	n01943899_31195_n01943899.JPEG	850	7075cc351fe24051f50e4a4c9582b295878f398217ac3e11b07582b649d96c21
0112/76969ed16561b42d90d2.JPEG	112	n01943899_20097_n01943899.JPEG	375	76969ed16561b42d90d2bc4e8992f04a60246378338e951ee275c377b15610e9
0113/da4a1acdd7131b5a2293.JPEG	113	n01944390_11806_n01944390.JPEG	720	da4a1acdd7131b5a2293aa216aa2f11ed18cb06a1fb6e4aaa6e00bcee353a54c
0113/f900577c765fe535da04.JPEG	113	n01944390_1159_n01944390.JPEG	572	f900577c765fe535da048aeeb7e6a0855806d741f9abb8d419fb5b0a38d7d791
0114/abbd92ac03b73bf12c6f.JPEG	114	n01945685_5256_n01945685.JPEG	1818	abbd92ac03b73bf12c6fed5b873d6c5177d0403b111761d22fd5b51196d1f478
0114/b711ac095c518b89184d.JPEG	114	n01945685_4353_n01945685.JPEG	1683	b711ac095c518b89184d64f9187b23b20c8d66ad90bdae0a16d44174787507d7
0115/2c70e968b2fe42e43b1b.JPEG	115	n01950731_24414_n01950731.JPEG	121	2c70e968b2fe42e43b1b7450405fd820b30fd5ba75d61058f013ace77c58c5a0
0115/b8e2bbfedad873febb44.JPEG	115	n01950731_9220_n01950731.JPEG	1360	b8e2bbfedad873febb44f0d2eeb1f46093cc2a9c274af18777bebbc41acfdf02
0116/46b11ceb99ca374d3ecf.JPEG	116	n01955084_8631_n01955084.JPEG	940	46b11ceb99ca374d3ecf9e0fe20c32507702ae61cddb15937b93d6d8e0921bdf
0116/90b513ea8e3143c9280d.JPEG	116	n01955084_1227_n01955084.JPEG	1491	90b513ea8e3143c9280d53b7378d4d45e82d73a1d8639f89ccf6180f6a8f40aa
0117/646d6c65a0ed0fd89fe4.JPEG	117	n01968897_16551_n01968897.JPEG	229	646d6c65a0ed0fd89fe4a9cd56837082a1366273af1d086fa0b8a5d344707869
0117/9147e99c0ac9b93070de.JPEG	117	n01968897_21406_n01968897.JPEG	1910	9147e99c0ac9b93070dec0035d12645e90a6e5a51fbf9c3f45d53fadb316b2d1
0118/3bb5777f7d99ab5d6702.JPEG	118	n01978287_12322_n01978287.JPEG	2359	3bb5777f7d99ab5d6702267adb5c19a43c565b5be370b5aa5dcbb4209e8516c9
0118/3ea124d5a9d38611bca4.JPEG	118	n01978287_14_n01978287.JPEG	2423	3ea124d5a9d38611bca4bbc70c24f489aca32123e92df52b590673c69a0f2d91
0119/8b97b354940f266d02b6.JPEG	119	n01978455_8505_n01978455.JPEG	2769	8b97b354940f266d02b676b2641c8130b17713d4f8b00f55a1e43d2dcf420201
0119/c4d3f0e9a3fe87c586f4.JPEG	119	n01978455_12703_n01978455.JPEG	2936	c4d3f0e9a3fe87c586f4925319ac0541413f709e950c83ea8f19c2ef648c9a6b
0120/10156ec2c15cd7813bab.JPEG	120	n01980166_2205_n01980166.JPEG	536	10156ec2c15cd7813baba0833c26a7d3e4b84813905549a2b9a5e401b22e9bb3
0120/a9c26c1777a00c3a557e.JPEG	120	n01980166_717_n01980166.JPEG	1124	a9c26c1777a00c3a557e916629747e9bf61b51793ac9f5e289240e34a0cced15
0121/99da22150d524d7173c2.JPEG	121	n01981276_908_n01981276.JPEG	1668	99da22150d524d7173c27690f08ffade514cf3304632d018f05c7ff14167f3c8
0121/ec9597c7418c11056baa.JPEG	121	n01981276_8789_n01981276.JPEG	397	ec9597c7418c11056baa707e45440e4524b44da9cce6fcdae8e4a6e469febf63
0122/29585c614b7508e82cb4.JPEG	122	n01983481_12344_n01983481.JPEG	2463	29585c614b7508e82cb4d93372e8f2cd45bc50e17503563cce551a59648d27e9
0122/7a1fdaf7baa95ce2a8b7.JPEG	122	n01983481_22748_n01983481.JPEG	2697	7a1fdaf7baa95ce2a8b738c7a539e5452e65b57a7ca452d133662eb1eddb826d
0123/3e8c8ec96fe5e36ba745.JPEG	123	n01984695_19046_n01984695.JPEG	1145	3e8c8ec96fe5e36ba74589806082da92db8e30c9b1f3ce3586b375c6906f58b5
0123/9d7aa1ddbc2485ccc90c.JPEG	123	n01984695_30633_n01984695.JPEG	2099	9d7aa1ddbc2485ccc90cedfe3892ec1d2a596d95b6a751ed908afa5682e4bfa1
0124/2804a95e7577cc52a743.JPEG	124	n01985128_18232_n01985128.JPEG	584	2804a95e7577cc52a7436196a6578ac41e23b4bf20f2a2a8f7bdcc2f6b1502c3
0124/725897035bf2d097ee31.JPEG	124	n01985128_2159_n01985128.JPEG	2168	725897035bf2d097ee31b3b376b03b221ea22ec8c048940e06265399c3c758a1
0125/134c2f032000d57117bf.JPEG	125	n01986214_20285_n01986214.JPEG	1492	134c2f032000d57117bf072c1f0a60435a6b4b626cacfb41605eba808fb36d67
0125/897647d09ab74cd5f6d8.JPEG	125	n01986214_1802_n01986214.JPEG	4455	897647d09ab74cd5f6d8a158458251742d07e6bc082b2d0557059b0cd9f88bca
0126/672e8b9acdc8ea87b122.JPEG	126	n01990800_3640_n01990800.JPEG	500	672e8b9acdc8ea87b122f86ac629b536fa9c133580f7046f03f65d3d25bc9469
0126/dbf43a7a31f7e8074eab.JPEG	126	n01990800_3735_n01990800.JPEG	1914	dbf43a7a31f7e8074eabc6214c1a5c51cb304a86ad82bfaaacb1486a3e0fade8
0127/6bd34384bbbe2f990754.JPEG	127	n02002556_6050_n02002556.JPEG	1614	6bd34384bbbe2f990754166ba96d5f77fa23126d7e667fadae358e88872fc4bb
0127/814729dc87d422c437c4.JPEG	127	n02002556_1805_n02002556.JPEG	1798	814729dc87d422c437c4cb124c2bc714bf88aeb5fda7659b65356ed882363b0e
0128/7e711d9400c60319c414.JPEG	128	n02002724_6939_n02002724.JPEG	371	7e711d9400c60319c4142e410749e62b945ee6e56c96350ff025fbd52ccc5b56
0128/d041661b32dca75af5f5.JPEG	128	n02002724_2183_n02002724.JPEG	1151	d041661b32dca75af5f544c980ab56ce3581cfbdcb7ada1c3fba1d7862060f05
0129/ba38447a67f3ae50f388.JPEG	129	n02006656_11609_n02006656.JPEG	455	ba38447a67f3ae50f388a17804bfbb7f6c4d8c64e807b7cd565d488baff92c6f
0129/ef6660db539aff44d743.JPEG	129	n02006656_26934_n02006656.JPEG	674	ef6660db539aff44d743fd8bab00afae302cd54fd36920324b47d6d891b2ca8e
0130/300806b28820f1312f3c.JPEG	130	n02007558_12437_n02007558.JPEG	2661	300806b28820f1312f3c23c4bb7d1e52f010973d38ede8f4c49282afbb9df819
0130/a13bd8a833a51d4f6365.JPEG	130	n02007558_515_n02007558.JPEG	502	a13bd8a833a51d4f6365e915fbad743c6810890077a8de1f24511bc00a12405a
0131/98de44162e5ba5829ed8.JPEG	131	n02009229_1143_n02009229.JPEG	1487	98de44162e5ba5829ed875080afc240c041b61977f5dcd105d4d8f4d60b491cf
0131/eeb317d672b1cc139c4f.JPEG	131	n02009229_3271_n02009229.JPEG	761	eeb317d672b1cc139c4fcf711cd6b4d55406d566ed68d0485de90a9c3043da4e
0132/0823ddb94a0d2d864336.JPEG	132	n02009912_8858_n02009912.JPEG	1273	0823ddb94a0d2d8643360354b14b64d56299606719a99ae2d5d03b6095f70ce5
0132/b744f505cc867138d247.JPEG	132	n02009912_442_n02009912.JPEG	961	b744f505cc867138d247ab2c2651fb218337417a4ee178993c48e0523659a990
0133/5cbf6428f27091c8dd23.JPEG	133	n02011460_1576_n02011460.JPEG	848	5cbf6428f27091c8dd23f82d4713ac44d889313c1a69228733e26cb99d42508c
0133/c9cbe5d1543474db0261.JPEG	133	n02011460_1922_n02011460.JPEG	596	c9cbe5d1543474db02619263744f9470b4c4f51034cb552c4cb0ff84377fc2f3
0134/637d9d6d7850bb7d1e63.JPEG	134	n02012849_8942_n02012849.JPEG	3612	637d9d6d7850bb7d1e63522725634653d8c920b0374f774fa160e2a908b0825a
0134/e9c3771b1a5969b78e2f.JPEG	134	n02012849_13382_n02012849.JPEG	3441	e9c3771b1a5969b78e2facd703b6ec5596b5ffad2651c9042c6989ba28965cf8
0135/4e73285b4b2fe56b1238.JPEG	135	n02013706_10008_n02013706.JPEG	3024	4e73285b4b2fe56b1238b7d5484d516c7a83b5c753e3bb5db9001e7ab4578b17
0135/e7c5471ae7d4428a854c.JPEG	135	n02013706_15125_n02013706.JPEG	595	e7c5471ae7d4428a854c34cd1ed3d16b5656dd25cfc5b5fbd63c9350f9bb394b
0136/a2bc3b49186333e09d94.JPEG	136	n02017213_12160_n02017213.JPEG	139	a2bc3b49186333e09d94c8d1cbd7cb9b6876bf3071ed306f97eb680659dda7cb
0136/b044e501610542919657.JPEG	136	n02017213_7192_n02017213.JPEG	120	b044e5016105429196574dab642739ef6a950f7dccc4a4dccb1035d5950ee856
0137/ee02d2287092e58d382c.JPEG	137	n02018207_526_n02018207.JPEG	666	ee02d2287092e58d382cd9f2565f9b43c224668d96401ac731ae30f886211179
0137/ef5310bbffabbf635c30.JPEG	137	n02018207_699_n02018207.JPEG	1937	ef5310bbffabbf635c30e7ef278b3db45b3577ea5378db8b1feeeb8450730d60
0138/6d03e89ef43363680653.JPEG	138	n02018795_1610_n02018795.JPEG	495	6d03e89ef43363680653f2393293aefdef77bc64334db404f8caed12687e71eb
0138/c62cda16c19a0294edff.JPEG	138	n02018795_4055_n02018795.JPEG	327	c62cda16c19a0294edff42ed27e79863f05a781ec46e574fc34269c91b6d1caa
0139/6092984dedaf5610ed64.JPEG	139	n02025239_13252_n02025239.JPEG	3940	6092984dedaf5610ed6409a9b5121a09b76b06edd2314becbbb536b9f3a44959
0139/a8967ea11e928ee5210d.JPEG	139	n02025239_4387_n02025239.JPEG	1991	a8967ea11e928ee5210d0c14d1916eabc780fc52e4c8b6be4820c63e7e56c38e
0140/48875d7813a188166217.JPEG	140	n02027492_6579_n02027492.JPEG	1764	48875d7813a188166217ff6b10c051d8d595ef061fb94714ddfdd07df5fafa16
0140/8cdff240f626c860d679.JPEG	140	n02027492_20576_n02027492.JPEG	976	8cdff240f626c860d679d3061b8f4af668879ddc14b616b7689939ce26ea29ad
0141/b1a1a47ace8b2e88da56.JPEG	141	n02028035_24257_n02028035.JPEG	434	b1a1a47ace8b2e88da56929c87b46b07bc2e1fbc37aab6e83872098b5cbabd06
0141/e6c3d84469c17cc1c8c8.JPEG	141	n02028035_9698_n02028035.JPEG	279	e6c3d84469c17cc1c8c8298cf9907e13de357dc7786f298bccff93b975ff9a10
0142/ae99bd844be4e4788af1.JPEG	142	n02033041_9066_n02033041.JPEG	678	ae99bd844be4e4788af14dca8743d672c85f9944fbbe59d33ca8a1948b4cbf67
0142/c02f627f5c885f88366e.JPEG	142	n02033041_6694_n02033041.JPEG	477	c02f627f5c885f88366ebddcb5a87f887e1664ac21f943ac6f4eabcee2939ec4
0143/97bd547d3df629f227f1.JPEG	143	n02037110_7322_n02037110.JPEG	269	97bd547d3df629f227f1e9d5a71ca4e1a83e40743e12f1d77c1f541a9becf52d
0143/fb89444fed0170564f12.JPEG	143	n02037110_595_n02037110.JPEG	378	fb89444fed0170564f1219eecbf64ab3fdbd542a84bbc517c61af352a6dfd03d
0144/b784d88adcc17b714be2.JPEG	144	n02051845_596_n02051845.JPEG	2172	b784d88adcc17b714be27955441297ebc717665c6035d804de17c41a010c4565
0144/da264d6fa9ad7c8cd507.JPEG	144	n02051845_8211_n02051845.JPEG	2691	da264d6fa9ad7c8cd507189aac11adac99a177e566112b0a3e11b571f7bf0c5d
0145/147e2461096acef2ed73.JPEG	145	n02056570_1536_n02056570.JPEG	733	147e2461096acef2ed73ba850f37a6d3bd19bb79a93e9e6b6e7e609603bbec9f
0145/7124a3d680ab80c55af5.JPEG	145	n02056570_116_n02056570.JPEG	394	7124a3d680ab80c55af5833d384308c29238dfaadef6b8871be28db029840f81
0146/351b71b392012e0c5391.JPEG	146	n02058221_9430_n02058221.JPEG	1963	351b71b392012e0c53917c9b9a7bb1b86bd28fbba95e460186c1e5c4386d77f8
0146/f1ad96dc83bc3d774ce2.JPEG	146	n02058221_37635_n02058221.JPEG	2325	f1ad96dc83bc3d774ce283c160cd3b6f31110927077c4199fd469a6451057930
0147/9687e494cd6e09cccb78.JPEG	147	n02066245_13955_n02066245.JPEG	4182	9687e494cd6e09cccb78e84294e4895dc03d424dc3c31f992966a128ae7b63dc
0147/be211f0b2552bb0fc28f.JPEG	147	n02066245_3869_n02066245.JPEG	2021	be211f0b2552bb0fc28fe1ad58533fcbb47c1798aba6f92b3c95ae938d7c6fa8
0148/72359b27bcb36a03f0c2.JPEG	148	n02071294_2438_n02071294.JPEG	1417	72359b27bcb36a03f0c2d9de2df5dc9b144f8d57fa4fba2c688a084e846efc58
0148/f8986c7d8a7136010983.JPEG	148	n02071294_453_n02071294.JPEG	1242	f8986c7d8a71360109837c57b9603855ca98258c068121110d2ef271b759e622
0149/598dcbd56b79b69e20ab.JPEG	149	n02074367_4595_n02074367.JPEG	549	598dcbd56b79b69e20abbb99564fdc5861b6987fb2d22bc6e1e9c4d1ade97fab
0149/91bb6b27cdf7e6bec419.JPEG	149	n02074367_6191_n02074367.JPEG	497	91bb6b27cdf7e6bec4192413a52b001a7e0bcccd4d1f03c380aa3265c92e782b
0150/1eca0f3e30a9bb990f05.JPEG	150	n02077923_5532_n02077923.JPEG	1444	1eca0f3e30a9bb990f051ee9072862bd68d7e62b331cb1970e7d8d8d92dab6a2
0150/d76ef31c988a9f93cbf4.JPEG	150	n02077923_1536_n02077923.JPEG	1070	d76ef31c988a9f93cbf46ebceda63260ef86f4e477cf7e402b6645888a3c4dfd
0151/0a391b42f0d25cfb37a8.JPEG	151	n02085620_8412_n02085620.JPEG	1627	0a391b42f0d25cfb37a8693e0bcb0045e4f3f6cbdecfbdcdae23b91f61816336
0151/7e55e668a666de3c1d52.JPEG	151	n02085620_12954_n02085620.JPEG	2006	7e55e668a666de3c1d528cd24e6d564231913f9724fa4720886b88d4856bddb2
0152/ce4b6ea61f526fa7dc68.JPEG	152	n02085782_5807_n02085782.JPEG	5148	ce4b6ea61f526fa7dc68ac1126eb6bc56b9b428b408cac3ef4d86f4063e7b6f6
0152/e4c57f8ecf06d398a89c.JPEG	152	n02085782_625_n02085782.JPEG	3727	e4c57f8ecf06d398a89cbb355600a0351cda789b6a415c24664fdf3773f979cd
0153/3dda65b99c1ee08100fe.JPEG	153	n02085936_20239_n02085936.JPEG	1142	3dda65b99c1ee08100febce514daad4354e8a67d6e0d9bfdf87143ee4040baf0
0153/b1132f674b810629e165.JPEG	153	n02085936_15068_n02085936.JPEG	597	b1132f674b810629e16559947354ece92ae7a5299e44543e0ad830db66805afa
0154/935ae3e37e64197acdea.JPEG	154	n02086079_13354_n02086079.JPEG	1563	935ae3e37e64197acdea389446c4a818ace61204374a9c8fe953269d8b71a7f7
0154/e3679f8955890f0c4f59.JPEG	154	n02086079_36125_n02086079.JPEG	4075	e3679f8955890f0c4f59c690e07a891c4af508ffaa48a266f254098fa91d6f92
0155/1160f2711f81730044dc.JPEG	155	n02086240_7656_n02086240.JPEG	5279	1160f2711f81730044dc1cbddf4a516c2bb1187227a8b79f54e36663b1c6841c
0155/9f4ed885575f9c3ef0e7.JPEG	155	n02086240_5354_n02086240.JPEG	324	9f4ed885575f9c3ef0e7c77abda937abd90d42a2e8ce87272417155e81944dd6
0156/987eb53e86eab633ac27.JPEG	156	n02086646_3550_n02086646.JPEG	150	987eb53e86eab633ac271306c37016d0d2a3aee859a134cb55f9c6bdae8274b8
0156/e1491e3ea5e20ebea9d5.JPEG	156	n02086646_1091_n02086646.JPEG	1999	e1491e3ea5e20ebea9d589ec1ce4bfe12b592adc02a71b02dfdbedd9d96203b1
0157/2c55caea11bcbeeec467.JPEG	157	n02086910_9681_n02086910.JPEG	90	2c55caea11bcbeeec467e20a8540f720a4991ab00929cda4372aeb966a99e006
0157/7a5cefb0dc278b0dc063.JPEG	157	n02086910_11641_n02086910.JPEG	243	7a5cefb0dc278b0dc063623e40e7518f3b4742fb772181e202615932177fd6b7
0158/10926e5d8700b8513b29.JPEG	158	n02087046_6502_n02087046.JPEG	2377	10926e5d8700b8513b29ea02230eada3d6ef531b471047834909e89b748a6524
0158/8cff14d9522723ec754f.JPEG	158	n02087046_2485_n02087046.JPEG	181	8cff14d9522723ec754f5322442ec75e2c2464507a564395de87ff23cc61eab5
0159/77e89a6b1bb5c4d94a82.JPEG	159	n02087394_15915_n02087394.JPEG	1355	77e89a6b1bb5c4d94a8221d46e664a58d73cb9695a1966c5e406a79078627236
0159/8921a8bcc16ea34e9e29.JPEG	159	n02087394_7507_n02087394.JPEG	338	8921a8bcc16ea34e9e29d21ee626f430a9d5b348b4e35bfadbbfd2083c539af4
0160/1341034f3349f84ee51e.JPEG	160	n02088094_26_n02088094.JPEG	4569	1341034f3349f84ee51ecff700dacdbf196d7fc67d21be13d5f2fa6707cbf53c
0160/d08a2a77870d99812198.JPEG	160	n02088094_4145_n02088094.JPEG	4380	d08a2a77870d99812198a51f6950547caee43c1106ce36759d6240a5157e1afe
0161/70792663d0e9dc4b8d19.JPEG	161	n02088238_12469_n02088238.JPEG	5739	70792663d0e9dc4b8d19b4d78f580fab59311fd797388abf4edc1c36658bdd7a
0161/889cb1beb7d0eae94194.JPEG	161	n02088238_8751_n02088238.JPEG	4758	889cb1beb7d0eae94194391be2954ea43fbd91c82f8d12ff1b7863e460231eeb
0162/15eda041edafaa1804be.JPEG	162	n02088364_14487_n02088364.JPEG	16	15eda041edafaa1804beebf189b0d1474a45efc922e58998a8f6cc5360bdfd65
0162/7674d8ddc8642f9b28f7.JPEG	162	n02088364_6333_n02088364.JPEG	412	7674d8ddc8642f9b28f75b52640b128bcc66605d74e3a11c4d7a339b2642f0ac
0163/d758b0db58ff8fffd56b.JPEG	163	n02088466_2586_n02088466.JPEG	606	d758b0db58ff8fffd56bef36d36b164faf776490864b86f3adf8219fbe5689c9
0163/fbf5f909c377121214cf.JPEG	163	n02088466_8772_n02088466.JPEG	1105	fbf5f909c377121214cff283b9a80aa9e739627ad5288357d6a892c9de1f9970
0164/06af21c18c9b112b96b7.JPEG	164	n02088632_7469_n02088632.JPEG	2635	06af21c18c9b112b96b746851bebeb2fba4d8fc7e4946aca5f2e6edd3c36cf07
0164/d85b50e524baed59dd6f.JPEG	164	n02088632_419_n02088632.JPEG	3730	d85b50e524baed59dd6f13ee194836f3830dad39daf652bd1d25fd223c908686
0165/88112760d6937e7a598a.JPEG	165	n02089078_7328_n02089078.JPEG	977	88112760d6937e7a598a395d468cf88536448228bd72abc7b72b28f41b8bb625
0165/ae8b90da3964a1730086.JPEG	165	n02089078_2282_n02089078.JPEG	4366	ae8b90da3964a173008637023b8fc2bb864a0da6a953e3498e47b75e5c1ba40f
0166/968d6a53b9b3d91ac323.JPEG	166	n02089867_2723_n02089867.JPEG	507	968d6a53b9b3d91ac32376868ecb873ac1aac271e0203bb220fec3017c8757c7
0166/9a0610f90491d9b0d0fd.JPEG	166	n02089867_6677_n02089867.JPEG	800	9a0610f90491d9b0d0fde1f1ba112cb0010d249de183af71461d9a3b89432a24
0167/2e0e17da470fd581d593.JPEG	167	n02089973_5141_n02089973.JPEG	1148	2e0e17da470fd581d5936ac8c80518897c981dfa8f31471a071335ccd99d0574
0167/83942714615d17c5b2cb.JPEG	167	n02089973_11508_n02089973.JPEG	293	83942714615d17c5b2cbf6674211f9b48bcd6cb9266d7b9b594171dd3349f4e0
0168/5d5223cd73d5c4606b3b.JPEG	168	n02090379_3787_n02090379.JPEG	750	5d5223cd73d5c4606b3b149f4b911e97b55e6a2010f5940f599eb27af29fa3a8
0168/fa9e98507b21eacf9f1e.JPEG	168	n02090379_2263_n02090379.JPEG	611	fa9e98507b21eacf9f1e5ded66e21f6b992d54d600551b9d9207a53ecea2c299
0169/d8efd7069aeefe015aa7.JPEG	169	n02090622_4657_n02090622.JPEG	931	d8efd7069aeefe015aa784ea30954e94e5c92ebbf440108570978bb514f3988a
0169/f5e35cff3447da441616.JPEG	169	n02090622_1109_n02090622.JPEG	1079	f5e35cff3447da44161650145d7303638f9dc10c4da6a99668b83f4123c3bceb
0170/6492eb212b12756d5acc.JPEG	170	n02090721_5425_n02090721.JPEG	238	6492eb212b12756d5acca9a2a16f10edac1afe6ebc125c5187e27e4a3d0a600d
0170/d2a5f920127a86a55c0b.JPEG	170	n02090721_4061_n02090721.JPEG	622	d2a5f920127a86a55c0b5328173665d9f754b7b14cf871ebfcd45e346d5396a1
0171/4a1f8a8e1a700155b1f7.JPEG	171	n02091032_587_n02091032.JPEG	544	4a1f8a8e1a700155b1f7e3f45ae73efec9fcdad702bc12629762789df7ec4c2b
0171/b55ca3cf3934920a54a1.JPEG	171	n02091032_1857_n02091032.JPEG	426	b55ca3cf3934920a54a18c34d12cd55330155a3dcd0b5019f6bed204428b4450
0172/fc11fb732d60f8ceb420.JPEG	172	n02091134_6879_n02091134.JPEG	359	fc11fb732d60f8ceb4205d7e04b86d3f3765ab6adcfa7e81084c2c5bd1fee6eb
0172/fd3ebef640d5fad50a83.JPEG	172	n02091134_6981_n02091134.JPEG	1652	fd3ebef640d5fad50a83ab9862a0295208176c7b7869affa7e881d77293b0d08
0173/47484f9b4cbb6510a037.JPEG	173	n02091244_10611_n02091244.JPEG	1656	47484f9b4cbb6510a037542cd45af908d3bf348af6f8a37d7fab45110c22dd61
0173/59360e611f6c4ec04f58.JPEG	173	n02091244_4840_n02091244.JPEG	2874	59360e611f6c4ec04f58e985e6634e238babecdb2a6998870d48707cb1fc934f
0174/6c2fcaf5f60b05828519.JPEG	174	n02091467_13062_n02091467.JPEG	1688	6c2fcaf5f60b058285198cdea3d7c4386ada981750ea7ec609b6d380e85b9803
0174/aef1915c3cbe9f520e5d.JPEG	174	n02091467_499_n02091467.JPEG	3019	aef1915c3cbe9f520e5dda042252c82fb77a19d1f3ac74376d80f9cc1d0044e5
0175/a3f0db50698df08b47ec.JPEG	175	n02091635_7697_n02091635.JPEG	1075	a3f0db50698df08b47ecfc97a5f16c89a24a257d284884953605602c51cf506e
0175/c9183e9909eb1e09ae8b.JPEG	175	n02091635_5138_n02091635.JPEG	3458	c9183e9909eb1e09ae8b63359778788d27416ab4048a3a7de72e9fbb1fc75204
0176/3e82fe85b0d3860e5cd2.JPEG	176	n02091831_542_n02091831.JPEG	1215	3e82fe85b0d3860e5cd2f25b7a0c98255b223b8348d7d15bfe42959b0d5f487f
0176/9b4ada2014c60fe82fc5.JPEG	176	n02091831_11177_n02091831.JPEG	1051	9b4ada2014c60fe82fc5c6d223bcd1aa7068b0b76fce0faad120162eb8abcdbd
0177/853226dff81dbde3adb6.JPEG	177	n02092002_7753_n02092002.JPEG	1158	853226dff81dbde3adb6810a7f776e9be53b884d15a90d6454407e2aaa2ea42f
0177/ad70fe3d4cb284fe7659.JPEG	177	n02092002_13222_n02092002.JPEG	14	ad70fe3d4cb284fe76599608b9380485174b7f0b856d7759c9ccb9da2c5c8c71
0178/5261e8c471f1bb0d5a4b.JPEG	178	n02092339_5614_n02092339.JPEG	612	5261e8c471f1bb0d5a4bebbefa0ae267442e77e89153556a7c19eb2497c10c8a
0178/f34ab9f721f0e0fb20b8.JPEG	178	n02092339_2157_n02092339.JPEG	161	f34ab9f721f0e0fb20b8ae9743314293bf0f861de9a6791bdf87597d8f4be157
0179/093100631513577d0282.JPEG	179	n02093256_3582_n02093256.JPEG	934	093100631513577d02825f64e4f1e27b7bc48bdd42c62729241a18fae673f64f
0179/949a59df9df5bc7a4e5f.JPEG	179	n02093256_27559_n02093256.JPEG	1388	949a59df9df5bc7a4e5ff15a110d645da48538cd2f934c97aaa7a4df1816f907
0180/bc26539eb87c9916eb27.JPEG	180	n02093428_5248_n02093428.JPEG	362	bc26539eb87c9916eb27516d8ba75a15a34e7c98983dffbfb410ccd0f709658b
0180/c2d0b85c171c60ac7aff.JPEG	180	n02093428_2501_n02093428.JPEG	3196	c2d0b85c171c60ac7aff724fd9617d9d4aba98e0da25775103137a7fe65a4f2c
0181/54c7bac6e7dcf2426ee3.JPEG	181	n02093647_1393_n02093647.JPEG	3675	54c7bac6e7dcf2426ee368f5c201f138ce5f40ca3e5cbeccf51c9243e6358a79
0181/907af153c066e9b30e6c.JPEG	181	n02093647_6401_n02093647.JPEG	395	907af153c066e9b30e6ce0a548aed4ccbeb9894dec7c295fce02ae7821666385
0182/535644efd92101b466ac.JPEG	182	n02093754_6616_n02093754.JPEG	824	535644efd92101b466acd7c8bc62115c9fdb2cfeebe63df79c88693590cfb969
0182/e7af114de37def631456.JPEG	182	n02093754_6586_n02093754.JPEG	2620	e7af114de37def6314567a9841ff530d35f5265851b696d4e685135571a9ce80
0183/1012939ea4957968963a.JPEG	183	n02093859_3267_n02093859.JPEG	1423	1012939ea4957968963a8938221e8b905fab9bb6a2af9acbf90861199e965290
0183/c25ab67e5c2ee5e13d39.JPEG	183	n02093859_223_n02093859.JPEG	1382	c25ab67e5c2ee5e13d397ac0b7fcf3c459d1f6db5e116d1ed439787185b93748
0184/009d27711bef6e8ea70b.JPEG	184	n02093991_10532_n02093991.JPEG	1858	009d27711bef6e8ea70b7a8f342c187a2fe08141292f65dd9b07f4d3c02d3379
0184/a6c3c07eada5e4c32378.JPEG	184	n02093991_2997_n02093991.JPEG	467	a6c3c07eada5e4c32378674e06c0d96fcecbbf02d69911badda1a7e3538b2ba9
0185/4db9ce3b8bcbfd0f537c.JPEG	185	n02094114_8427_n02094114.JPEG	86	4db9ce3b8bcbfd0f537c195011f327c811e7a4ac02efd1ffa4871acff06863d6
0185/d094ff502dd8909e43b0.JPEG	185	n02094114_489_n02094114.JPEG	825	d094ff502dd8909e43b04d002e5ff2045b705d5a32b47b518cec3bf62692741c
0186/76295e3e76d9c7c18c68.JPEG	186	n02094258_4772_n02094258.JPEG	702	76295e3e76d9c7c18c686f4acd90e3c69e78fd84332ee0ba0dd0365e88aa6385
0186/d591f45764ccd52a9529.JPEG	186	n02094258_4972_n02094258.JPEG	851	d591f45764ccd52a95298d2576e4f2eb387d373dcd3f8fad9eef43c54e43212a
0187/36b13811a02f426a6ed1.JPEG	187	n02094433_4189_n02094433.JPEG	1613	36b13811a02f426a6ed11f1c462e7b72a61d79306960167a3a872dd87ef8e8cb
0187/4334b6512e6671b69320.JPEG	187	n02094433_6281_n02094433.JPEG	2465	4334b6512e6671b693200c2b17088899c2ef8f2c92b54c80d6a09393c979ad08
0188/06711e4ba4a3dcc28b11.JPEG	188	n02095314_3744_n02095314.JPEG	3214	06711e4ba4a3dcc28b11ec0a19201a389940dcce85f9fd7eee5922ced5f3fea2
0188/1bba027a734df4a536a9.JPEG	188	n02095314_5524_n02095314.JPEG	2134	1bba027a734df4a536a9610807672aac07c2d954d94748322a953bfd76c78f21
0189/c35da35c4ad3641222ec.JPEG	189	n02095570_7679_n02095570.JPEG	271	c35da35c4ad3641222ece3cfd16c9b88221ff62e164b0c84a98807f421aa3c2b
0189/ee41f7b71950e2321684.JPEG	189	n02095570_3405_n02095570.JPEG	753	ee41f7b71950e23216849663a46eaaad3afa9f09575bc64ccfd71b1e26ac9c47
0190/193f99de05b8bd1d20bb.JPEG	190	n02095889_4432_n02095889.JPEG	1791	193f99de05b8bd1d20bb5488b425e7c751380af671093a411f0b136f45c22ab0
0190/9d1683f3323bf660183b.JPEG	190	n02095889_4199_n02095889.JPEG	2787	9d1683f3323bf660183b6d85fbf4d9f3427c21beb7533b82d8d26c081b9afca5
0191/7ed33d588cd2b4a5f82b.JPEG	191	n02096051_1661_n02096051.JPEG	769	7ed33d588cd2b4a5f82bd8e7cace4bbaab1c04232fdfe4bb9201003fee41cb12
0191/821969c49ceb7a6a319d.JPEG	191	n02096051_7530_n02096051.JPEG	1565	821969c49ceb7a6a319dd2cb5e15d3c4c2822f587c339f588a80f8cc14ea35ed
0192/3ad684874b8923810a44.JPEG	192	n02096177_10458_n02096177.JPEG	2944	3ad684874b8923810a4434bc5470fe68093760640d63e246b9561bd63c4cdb1a
0192/d939a0666621800288dc.JPEG	192	n02096177_10241_n02096177.JPEG	1115	d939a0666621800288dcf311ee4e8072c8b2328c434746c8ba6336eaf311f193
0193/b716002d700bac7df04b.JPEG	193	n02096294_1424_n02096294.JPEG	2211	b716002d700bac7df04b518b9968526c912d6188754609acd5283ba5634e3f26
0193/f956c6f53c2705558a5e.JPEG	193	n02096294_6688_n02096294.JPEG	1871	f956c6f53c2705558a5e2bdb27b4b670b881105abdf7790486ce50edad4e95e2
0194/96e0f8a322f33adb586f.JPEG	194	n02096437_311_n02096437.JPEG	1663	96e0f8a322f33adb586fab8c79f9797e14ba35dd5143db11973da92918d378d8
0194/faf9e78e7282229d1353.JPEG	194	n02096437_553_n02096437.JPEG	334	faf9e78e7282229d1353c9ddf47f3ae8261a2dd037080708bf8897e4d38b7085
0195/fa1c51925488e90df6a9.JPEG	195	n02096585_358_n02096585.JPEG	96	fa1c51925488e90df6a90b085bd2d65a621aa80c87762ecee016812a56d13605
0195/fa8a38ace7fc641dbe53.JPEG	195	n02096585_2583_n02096585.JPEG	281	fa8a38ace7fc641dbe53476269ebda7d64bd2e26bfe8aae644ea340b95ab2e06
0196/4b09a4cf144f4bfe06a1.JPEG	196	n02097047_1451_n02097047.JPEG	2672	4b09a4cf144f4bfe06a16a60925531d384aa3a751bf94168c395ede3e32a3a5b
0196/607d978979ccc2a41dcd.JPEG	196	n02097047_3969_n02097047.JPEG	1225	607d978979ccc2a41dcdd330d3ff74024d13657803e461802b3d5b446027a16c
0197/36985d8001e5fe160fc5.JPEG	197	n02097130_7650_n02097130.JPEG	1540	36985d8001e5fe160fc5b684e08fddefc41a2c1c26f99c3b1f4430a3f0480101
0197/7d265ec80118f15f864c.JPEG	197	n02097130_1766_n02097130.JPEG	843	7d265ec80118f15f864c53bf20c24265049a17e5d704edfe2c5dd5903c7a6f35
0198/218b29770db8ee45b157.JPEG	198	n02097209_4036_n02097209.JPEG	189	218b29770db8ee45b157b683a28a1e08208b10e58271b9a67654318bf50b6c88
0198/87dbf871e24a16d4c77b.JPEG	198	n02097209_6432_n02097209.JPEG	286	87dbf871e24a16d4c77b92aa0bd4f3b229ca4839975d2268b9336221c1d115fc
0199/8884211d2f3c9345329a.JPEG	199	n02097298_3000_n02097298.JPEG	1328	8884211d2f3c9345329a744dc7ac0ddc90438fceb2a084322f6a152939ff2486
0199/df332643fbf69d180c36.JPEG	199	n02097298_10622_n02097298.JPEG	1416	df332643fbf69d180c3678a05135b43d8096f5d008c9f9281f5398ca0bf2f068
0200/6acafc03ef2b39112936.JPEG	200	n02097474_5173_n02097474.JPEG	717	6acafc03ef2b39112936eb46b5154e1741edc3b0592f9b3acc86d3888bb220d3
0200/bd18218053f0dfaecdb3.JPEG	200	n02097474_9085_n02097474.JPEG	2114	bd18218053f0dfaecdb3a1f7522a3cb1e5003cb42d634dbf68fa39d9fbc65308
0201/01633a9c3bb6aeeebbbc.JPEG	201	n02097658_1745_n02097658.JPEG	2005	01633a9c3bb6aeeebbbcc3518701223b46e3cd2eb2d2884dc47a817f527e0fbf
0201/582509d0e0f0bc3ee84f.JPEG	201	n02097658_3852_n02097658.JPEG	2201	582509d0e0f0bc3ee84faec4c9fa88a6cf22178a9b2c7cbb264a5350a82e7368
0202/9c12524130354629eed9.JPEG	202	n02098105_3355_n02098105.JPEG	1088	9c12524130354629eed9dbc210fccd23ccc235a4e2f5e3b3294c96c940af764e
0202/e7d797c1d14b0a90da67.JPEG	202	n02098105_9167_n02098105.JPEG	708	e7d797c1d14b0a90da673f0ac5b7c229b64ac030fd2889c5706d265dc38c51f3
0203/350e043c8460c683910a.JPEG	203	n02098286_1439_n02098286.JPEG	115	350e043c8460c683910ac1d8f5308ab4ccbaefbca43ef5f0efa6b3e1db6c0f42
0203/6daf8d8287687ef00016.JPEG	203	n02098286_3988_n02098286.JPEG	2344	6daf8d8287687ef0001658318c2ea42561216d7f67c068ecdd5f5d4fc2df16f9
0204/066c97b8723df3f35ed4.JPEG	204	n02098413_21231_n02098413.JPEG	1401	066c97b8723df3f35ed4eca16ebd3bf56ba4b01656cbc53b7949ff7e197de290
0204/374ef97eda4bc5df640a.JPEG	204	n02098413_8501_n02098413.JPEG	349	374ef97eda4bc5df640a873600595f8d0017f23d3d2fe076547ec42b182a7f9d
0205/2e507bcfaf30ed5d8b93.JPEG	205	n02099267_16011_n02099267.JPEG	1274	2e507bcfaf30ed5d8b93c9ac3c2c672b59115e7bfd57cc37e5d4afbbd66f4a44
0205/6819501e303089d1c36f.JPEG	205	n02099267_398_n02099267.JPEG	1122	6819501e303089d1c36f2602861eefb0085ec8f96aad51a0a583bb0efe99b4c9
0206/0f799dbad6608737a464.JPEG	206	n02099429_4433_n02099429.JPEG	1119	0f799dbad6608737a464a72a57a289e20bc37abb77d9be4abc72c6c281bb0546
0206/b4ac7f6ec4f3a7650204.JPEG	206	n02099429_266_n02099429.JPEG	1748	b4ac7f6ec4f3a765020409a4e4a8a493fd8a25f3e089555fd429b78807dc1018
0207/8f2b12d907a50a131ec5.JPEG	207	n02099601_340_n02099601.JPEG	3680	8f2b12d907a50a131ec589798fb579fb2de08f51ab2517ad43fb4bed6ba15ee5
0207/e0cf172afd0b9a095ce1.JPEG	207	n02099601_7075_n02099601.JPEG	2488	e0cf172afd0b9a095ce1acb6bf7758ae9a64e2329c5dde4b2d844d4216a72627
0208/393301b4ee68c958a7fe.JPEG	208	n02099712_1635_n02099712.JPEG	1093	393301b4ee68c958a7fee8c061f53ea219043c4dfa4f194b8cc8516fd89bd206
0208/a5784fda8e5f72dc6d9b.JPEG	208	n02099712_4477_n02099712.JPEG	2304	a5784fda8e5f72dc6d9bb733e76f9bc841df0c6b83555e34244fc50a475161b1
0209/dae7c0f292d685b7842c.JPEG	209	n02099849_3619_n02099849.JPEG	2698	dae7c0f292d685b7842cc06a62fd7f1469ef6cbf1f775013a9276d116c4fab26
0209/ff8a8d11dfc873b9caee.JPEG	209	n02099849_6395_n02099849.JPEG	2554	ff8a8d11dfc873b9caee59cecc9c916c5297888a994a690dcb82129669e31c08
0210/1f92850d2b1c6d981d18.JPEG	210	n02100236_44_n02100236.JPEG	1078	1f92850d2b1c6d981d18cbe16a8ca111186fd872292cbb808919034833c8766d
0210/50df0280907f9005a79a.JPEG	210	n02100236_9386_n02100236.JPEG	1344	50df0280907f9005a79a38778ddd3974b47ce07f88925b75193dec79892797c6
0211/97675cd086746f59f763.JPEG	211	n02100583_8107_n02100583.JPEG	223	97675cd086746f59f763f0ebbd0dbd1d0df2b1fc8bf18ed3aa062d0411e069d3
0211/c2ac24ab566fd14c2ae6.JPEG	211	n02100583_28429_n02100583.JPEG	638	c2ac24ab566fd14c2ae6083c39ec2276078e973ce83cadbbeead989b08222bf7
0212/94958cc4b85f40090d48.JPEG	212	n02100735_6086_n02100735.JPEG	284	94958cc4b85f40090d48e5de47b84cbd2074287fa94f0706e1e9445a94e12c4c
0212/c8a6ae99e9d55db57a17.JPEG	212	n02100735_3194_n02100735.JPEG	134	c8a6ae99e9d55db57a17d3f2928a256d5cc7b7530df5661607545314e6240397
0213/31e85e9d03ee8bfcc8e3.JPEG	213	n02100877_17309_n02100877.JPEG	513	31e85e9d03ee8bfcc8e3d01af1f936d11a56024e8e088b33b065ad00af720dc8
0213/d07e76e17b5916cbd048.JPEG	213	n02100877_11560_n02100877.JPEG	1329	d07e76e17b5916cbd0489b9f772a212c580f4c58a2be85c32c63226f8291f1d4
0214/7eb06952957d5e9a4540.JPEG	214	n02101006_5398_n02101006.JPEG	4734	7eb06952957d5e9a4540463fb0d88d66d2a69a99035d794023b1e8989336a24d
0214/e6633456ae8fb01e9bc3.JPEG	214	n02101006_528_n02101006.JPEG	6697	e6633456ae8fb01e9bc31e6b8f2e28e62fcff7009b73fb39ffc9f9c2ac4595d8
0215/54b92bd53c0c1f3b5c00.JPEG	215	n02101388_1840_n02101388.JPEG	1469	54b92bd53c0c1f3b5c00d7a840f67b8182e5a6fff6ceb9a4699cf802b6bc1996
0215/5db3d256dd7c27db4498.JPEG	215	n02101388_9655_n02101388.JPEG	576	5db3d256dd7c27db44981547d2e53a88bda1345bb61f210c651cbf8edb65ee0c
0216/182527900e05a71e9cbc.JPEG	216	n02101556_6691_n02101556.JPEG	1863	182527900e05a71e9cbcf9d95c9672eb67737c37c5a3fc777cf2236441411ed3
0216/2fd1222e6e9631c3234c.JPEG	216	n02101556_2622_n02101556.JPEG	1588	2fd1222e6e9631c3234c4e7fc037db79a85750d979474ab4e5f1182cb89bd646
0217/6b042ad3d748d96dd551.JPEG	217	n02102040_6347_n02102040.JPEG	1038	6b042ad3d748d96dd551573747c5376e80d1547d8024b9d75e46fa37e9e38c98
0217/ffec580faae85f45dbc8.JPEG	217	n02102040_7013_n02102040.JPEG	1785	ffec580faae85f45dbc89286a836a5428aafd3f5e1154bdd7b3afa4fe83f3bee
0218/52bda5e6d8f1901b0402.JPEG	218	n02102177_8329_n02102177.JPEG	361	52bda5e6d8f1901b04022e3e0c4a1fa1c59d4823551aeeb7b67aa740ba5cc49e
0218/6ca5003e2735f8fd5474.JPEG	218	n02102177_1504_n02102177.JPEG	1587	6ca5003e2735f8fd5474430f79d35baea70e735888a7c5762a3ca65a26b92398
0219/540e458bb0b90de704ff.JPEG	219	n02102318_9291_n02102318.JPEG	5219	540e458bb0b90de704ffbd079f3d0e01eda37aae5f9ee2ea742c22089ba9e0c9
0219/eed6897906516e6fec20.JPEG	219	n02102318_8821_n02102318.JPEG	415	eed6897906516e6fec209636433a506df65b8e23b5e7607f96bd01094a3543cf
0220/0d0ed9117a47d68ea1a6.JPEG	220	n02102480_10744_n02102480.JPEG	3008	0d0ed9117a47d68ea1a61d730a101eee461d958fd0b272cf2f19508182c03285
0220/dc29e63d4e864c284fe0.JPEG	220	n02102480_12814_n02102480.JPEG	3748	dc29e63d4e864c284fe07267be85b613170cdf79b22a8452b11c50f1ff7de8e0
0221/68f8319a958540626ffe.JPEG	221	n02102973_6724_n02102973.JPEG	3206	68f8319a958540626ffe26fcf887a016b47f245af8e1e1a3bb48a8de0cfcbdb8
0221/ed235232c6db577465fb.JPEG	221	n02102973_7014_n02102973.JPEG	154	ed235232c6db577465fb27284adb94d8eea5f599a54a50bea680690e350cc564
0222/a868dfdfada3b87702f2.JPEG	222	n02104029_5933_n02104029.JPEG	2892	a868dfdfada3b87702f2c0dde17f1bd1f3fd204a51784489f3a9060899d3fb45
0222/e96567dfeca5474ae1c0.JPEG	222	n02104029_7424_n02104029.JPEG	3592	e96567dfeca5474ae1c0c96400058c7d9d4d949a73e1da94dc8a93e262b264f9
0223/4f5c91ec7fce7ec14270.JPEG	223	n02104365_5216_n02104365.JPEG	1719	4f5c91ec7fce7ec14270e83c9d951016b94a0a6f365c765664061fac5e84937c
0223/5813a6330bb0af41296f.JPEG	223	n02104365_8533_n02104365.JPEG	2688	5813a6330bb0af41296f2d6734f783df96af7f3ddae4f317f871a5e6ff3e1829
0224/86c543ba29f14fe3d648.JPEG	224	n02105056_14852_n02105056.JPEG	2056	86c543ba29f14fe3d6488ef45b1190916a5bc4c5b2477883961d47186aa90fc7
0224/c8763c53ccae9d5cf08b.JPEG	224	n02105056_10688_n02105056.JPEG	1806	c8763c53ccae9d5cf08b2bed9c3779dd5539a6b5a916ae0497fd45f81b97522a
0225/64344b83cdbb8b441fbd.JPEG	225	n02105162_1710_n02105162.JPEG	219	64344b83cdbb8b441fbd03311a59dd641e5078c5763732c3bbfb37c89a481bd0
0225/cfe528c24b1c47ee0dde.JPEG	225	n02105162_8526_n02105162.JPEG	1348	cfe528c24b1c47ee0ddeb8d5fa5fbb217db083161c520bbd23348d6e6b05f0cb
0226/155a0d79f60396911a10.JPEG	226	n02105251_2626_n02105251.JPEG	2686	155a0d79f60396911a10c09504de9badd5d66c36482eb9f551d645cacd62c41c
0226/d7d4e338ec83adb7aecc.JPEG	226	n02105251_3557_n02105251.JPEG	1584	d7d4e338ec83adb7aecc2bf4936e23f9094da3b05aa2c3ba3800f646dc18c11c
0227/6353f3e67be51854e47a.JPEG	227	n02105412_4838_n02105412.JPEG	890	6353f3e67be51854e47a16abea925666080e7049042d0a327754df344b7783ce
0227/93be13336b92f313c24a.JPEG	227	n02105412_2440_n02105412.JPEG	1701	93be13336b92f313c24a0b25a0adf2b8ff5fcb4d67ab8ea7068977390e324f8c
0228/497012fb68ca9d94154b.JPEG	228	n02105505_4994_n02105505.JPEG	671	497012fb68ca9d94154b531875d0243aa33887e6b13d6ed6dcccffe8fff1141f
0228/a1f60d9ff3cc815d07a2.JPEG	228	n02105505_5977_n02105505.JPEG	64	a1f60d9ff3cc815d07a2140c7fe36e05471af882796aeb28c9afbe3534c7c707
0229/0f4f642811962ec162e2.JPEG	229	n02105641_3159_n02105641.JPEG	3500	0f4f642811962ec162e2c2a59bb6b68b0702d8183ed8edfecfa48fffc509b41d
0229/6afc5e7b69fb333643be.JPEG	229	n02105641_4415_n02105641.JPEG	205	6afc5e7b69fb333643be7f75482b18f245212a74ed1be5342ec9885530c7f5ad
0230/bdf788590a5c8503c2a2.JPEG	230	n02105855_10095_n02105855.JPEG	2027	bdf788590a5c8503c2a243874bbfad9171aedcaf74d9ada494eae83d4878d12f
0230/d79e70a83db59f5f961a.JPEG	230	n02105855_6506_n02105855.JPEG	37	d79e70a83db59f5f961a08d6be94a35773b02dc1ce17f9b337a2188d0c307f2f
0231/6e2a84d20d501e0f475f.JPEG	231	n02106030_7817_n02106030.JPEG	6956	6e2a84d20d501e0f475f5e8cabf9e989abf8f0213ad2c11265e461f4cd8ed7a6
0231/ac7a9d3bd3453c75eebb.JPEG	231	n02106030_1783_n02106030.JPEG	6339	ac7a9d3bd3453c75eebbcd2eefbd2d331b3ca01b3d238bf1989b94b37e472542
0232/05a8ca8a51ab96b5890f.JPEG	232	n02106166_22738_n02106166.JPEG	739	05a8ca8a51ab96b5890f79c2d4cb9c35aa85d6d3ce480ec3ffae5b2b883936b2
0232/c265fae4466d0427b7d3.JPEG	232	n02106166_10063_n02106166.JPEG	27	c265fae4466d0427b7d39ece396e5aff226ed876c23b65a256edecb9c7d52412
0233/95b80e049b8a0a474a36.JPEG	233	n02106382_2687_n02106382.JPEG	5950	95b80e049b8a0a474a36e98316691db68a62460b6fd84874b4da19f7503e89f7
0233/a5bdfa98773e31c38f07.JPEG	233	n02106382_3092_n02106382.JPEG	95	a5bdfa98773e31c38f07ee3a58c67b302b1203a138ab3f78eaab03468fa9b664
0234/6818df79ba343e1282f0.JPEG	234	n02106550_9836_n02106550.JPEG	2538	6818df79ba343e1282f03bffe6b72fa0fac336586ff2182aa7b1600fe8fe386b
0234/ad969d6fddbfe06bcf82.JPEG	234	n02106550_7165_n02106550.JPEG	1605	ad969d6fddbfe06bcf82b91ed116d29d6fdb3a30654aed12097531c6647e307d
0235/7287b3856084b6c6e325.JPEG	235	n02106662_7287_n02106662.JPEG	1207	7287b3856084b6c6e3257cd66472269cc3464e08334490544da5b0cf2e89edbd
0235/8925ac5028b1409e3e58.JPEG	235	n02106662_75283_n02106662.JPEG	1578	8925ac5028b1409e3e58e03ccd5ca3594df4d3b04d840ec7de86f3b1b65e2535
0236/3bd53c4d12c8b0e72877.JPEG	236	n02107142_1753_n02107142.JPEG	592	3bd53c4d12c8b0e72877f9d4a005b76b4ff0c08b75147978f4c2746a94e318e8
0236/abbd3c2467b2c9ef8dac.JPEG	236	n02107142_2511_n02107142.JPEG	565	abbd3c2467b2c9ef8dac32062b408a10c1e99035c337ae0def49502477f1e05b
0237/4bf1ef5c8f7b46cbb749.JPEG	237	n02107312_62_n02107312.JPEG	970	4bf1ef5c8f7b46cbb749859f7101b6eb9f5c1bc7e17c44c44f8242bd53b9a31f
0237/509f29fc4d155718e51e.JPEG	237	n02107312_5911_n02107312.JPEG	1424	509f29fc4d155718e51ecb12a4a8d9645f31eaeca5c011d3b87406bc4931b8ff
0238/c26b9cfc066156a6936e.JPEG	238	n02107574_3553_n02107574.JPEG	87	c26b9cfc066156a6936ec1a906319dcbd23a142cac5b1764adfcf10382d60f10
0238/ea8fc7cc271803726259.JPEG	238	n02107574_5112_n02107574.JPEG	1593	ea8fc7cc271803726259db38ad44cff3c7f44b09b7e2b9e7d1c45809a58f5f57
0239/bdb33afbd395120ff494.JPEG	239	n02107683_2609_n02107683.JPEG	201	bdb33afbd395120ff4946a99ac72266b421bda193a5afa85db957d5dcde7734f
0239/d201fd8a9c42637b8613.JPEG	239	n02107683_3568_n02107683.JPEG	1965	d201fd8a9c42637b8613e81000eca595605360fc3b823b9366a7d4f8d5c039a1
0240/06685cda011ab6cfc9f5.JPEG	240	n02107908_9759_n02107908.JPEG	2843	06685cda011ab6cfc9f5cea7919edadad6579f9fe9410575f5f9e769c4bb6953
0240/a6e1876d06173433b83d.JPEG	240	n02107908_5749_n02107908.JPEG	1454	a6e1876d06173433b83d44dbb16312ece46ac1ff9dfb9cb8968c4cdf602ebba9
0241/07ea286e6e41d4e46a2f.JPEG	241	n02108000_2433_n02108000.JPEG	1932	07ea286e6e41d4e46a2fd2882872053ea961ecb2683eae5a8bdb10aa78f39c55
0241/8d3d0c292c095ce47f5e.JPEG	241	n02108000_1207_n02108000.JPEG	1768	8d3d0c292c095ce47f5e901d741b68ea202e17610c9eb6aee79187954fc35b7e
0242/14826297b1ef7d2dbe8d.JPEG	242	n02108089_12598_n02108089.JPEG	1559	14826297b1ef7d2dbe8da56dc82bcf4405814b503a355030c9d75212f70faa6b
0242/ea9a16663f0da727f745.JPEG	242	n02108089_5753_n02108089.JPEG	441	ea9a16663f0da727f74568db4da6cece26a4d697099a1887e57c196bdd7a83f2
0243/0c9e3a3dbf4d0faebb01.JPEG	243	n02108422_809_n02108422.JPEG	557	0c9e3a3dbf4d0faebb01ebc8fd7c35c0cd60001eb2bc4d96e8bedd4b76f96c2c
0243/51bf70823e56a8379d0a.JPEG	243	n02108422_8190_n02108422.JPEG	296	51bf70823e56a8379d0aa854dde1b77bb44335d003df1c79f2de86690ed08378
0244/2f2b49e1704c42fd4b23.JPEG	244	n02108551_8499_n02108551.JPEG	4865	2f2b49e1704c42fd4b23525317ff73dc4015bdac31826d62f54539791a1fa0bb
0244/37932e730c8637e04300.JPEG	244	n02108551_7340_n02108551.JPEG	2164	37932e730c8637e04300a484fa2f87094dcc7955dbb23bb9cf0754f588a4061e
0245/2706f762b2cf78fced60.JPEG	245	n02108915_5116_n02108915.JPEG	1760	2706f762b2cf78fced602719e6fb46a185f00249650216c909b620db54063871
0245/4dfaf627de6e5f0cb5c9.JPEG	245	n02108915_713_n02108915.JPEG	295	4dfaf627de6e5f0cb5c925c10f2ff88d4a687f545b1ee1d4eea42d1e73cf0084
0246/13aac12a799396e997a7.JPEG	246	n02109047_195_n02109047.JPEG	127	13aac12a799396e997a71faae0b979d068de0262ff5a77023253f3076fe90c87
0246/f057670a82a7c86e9d96.JPEG	246	n02109047_25865_n02109047.JPEG	847	f057670a82a7c86e9d964cdfad479937e986872ad2ef4b5bb6cfe327a8f565ff
0247/83b889953390ed27ef89.JPEG	247	n02109525_13780_n02109525.JPEG	3466	83b889953390ed27ef89a4ad55259aec6a1ef08eca0751fd3f917e9276668a2e
0247/b9a2e528f847c9c3082f.JPEG	247	n02109525_32664_n02109525.JPEG	3398	b9a2e528f847c9c3082fd5cc78a4a32eff61ab254e4dc3f5c636bde16797e2f4
0248/a98f9e7f36324d8d987f.JPEG	248	n02109961_24516_n02109961.JPEG	1356	a98f9e7f36324d8d987f9a245565c0ce38a48d7072d3c54e1297361e44c556bd
0248/abb4b1d620b640b39471.JPEG	248	n02109961_10436_n02109961.JPEG	180	abb4b1d620b640b39471d23f0af2b133b3ecdf14753f9aae7c6416c9ae15cae3
0249/71b8586687de14326735.JPEG	249	n02110063_8487_n02110063.JPEG	253	71b8586687de1432673538ebe7955c524bc85ece03f1142f41caf8a4b5977d3f
0249/7cd986120586425c6f93.JPEG	249	n02110063_4775_n02110063.JPEG	1011	7cd986120586425c6f93e09512a43f9b8eab533f4106e255035c78b10d3b6c4e
0250/47d0fceadb6d7c9c6794.JPEG	250	n02110185_2941_n02110185.JPEG	632	47d0fceadb6d7c9c6794e6da8549722e613229853e2e629ce267750d3bbcf32f
0250/af069f4b3202a424762c.JPEG	250	n02110185_575_n02110185.JPEG	2358	af069f4b3202a424762cc210f4331582590d71c6fd24c006f2573dc1b0fe41bd
0251/3b9ad289496c93fbbeb8.JPEG	251	n02110341_10875_n02110341.JPEG	771	3b9ad289496c93fbbeb8f4366a2eb36c0ea6aeb48e26779693a1902f0a5c5c53
0251/a8c437b25bb6457ab126.JPEG	251	n02110341_1264_n02110341.JPEG	880	a8c437b25bb6457ab12658cbcf6ba0fe0cce7924dae27ff135c9e38852090654
0252/64360c038b86f1020785.JPEG	252	n02110627_12003_n02110627.JPEG	925	64360c038b86f1020785dfd965a2a699fb17214b9a86ce21c083937000248a57
0252/b7079ef0ae63c50c4786.JPEG	252	n02110627_22613_n02110627.JPEG	1181	b7079ef0ae63c50c4786c195bb79446e5fd80f3463162082f29a6aaa30c16bec
0253/0d3e5a704d9a2a09ad20.JPEG	253	n02110806_10420_n02110806.JPEG	142	0d3e5a704d9a2a09ad2095bf97add076303f3ea7e4332f4a27585d10c2f1316f
0253/963e8319f502e8ba50ba.JPEG	253	n02110806_11774_n02110806.JPEG	1711	963e8319f502e8ba50bae4831da881e14e67325529c28fd01efae3b6af7cf45c
0254/539ff497d6e91e764ce4.JPEG	254	n02110958_7631_n02110958.JPEG	226	539ff497d6e91e764ce4d6b046f073f95b7ed8d37e1c9b48a6219048ceec3c6a
0254/d9a38622e14b27f63b10.JPEG	254	n02110958_7812_n02110958.JPEG	938	d9a38622e14b27f63b108c144364999abb4ab8ca5e5d1205e90615bb44347139
0255/97ab9212ff6df4413062.JPEG	255	n02111129_3800_n02111129.JPEG	125	97ab9212ff6df4413062f55bf7f686a49a59c6cf412249720f799e37b9cacac7
0255/e98d06b9067f9fd33ac9.JPEG	255	n02111129_5688_n02111129.JPEG	2674	e98d06b9067f9fd33ac93e123cca0bd121d68967ebd0fc1afd2671f8ef68fa0e
0256/6a3b11be166c0f946912.JPEG	256	n02111277_138_n02111277.JPEG	385	6a3b11be166c0f94691265bd9f189608a12d21fd423f856eac83ddc9c5b278bb
0256/e5c4985e36e05338d607.JPEG	256	n02111277_104_n02111277.JPEG	896	e5c4985e36e05338d607751db856b8033ca7ef7c150bdcd8653ae86a100382f0
0257/09363163b5183097c991.JPEG	257	n02111500_8191_n02111500.JPEG	2386	09363163b5183097c991fd84e3c550e86177d2fa879652dd8123acbd2b93098d
0257/13e44a383f6a6dfb2e80.JPEG	257	n02111500_8865_n02111500.JPEG	1739	13e44a383f6a6dfb2e80760de887a3d93c232d0ee2970d37276a7a2ebf7d5e8e
0258/45daa6c305eb08212da4.JPEG	258	n02111889_4610_n02111889.JPEG	698	45daa6c305eb08212da47e6bb6918e24f32eaeee2152f9ebe0a7bd59608915de
0258/bfc812cc3bdc3a7e2c04.JPEG	258	n02111889_15246_n02111889.JPEG	3370	bfc812cc3bdc3a7e2c04638fa0e31ebb31a21880cd5e2d51b77bc6b84ddc0e7b
0259/702981e54995bdb6994e.JPEG	259	n02112018_9776_n02112018.JPEG	2354	702981e54995bdb6994efad391c5235c502b783d74e4c264360cb888e2ef631a
0259/db4461afe71dd33954dd.JPEG	259	n02112018_2557_n02112018.JPEG	1249	db4461afe71dd33954dd129b00bf08711df5780bb08b77ad80ee636fa68dc908
0260/b386f80e42594e1e7142.JPEG	260	n02112137_1015_n02112137.JPEG	199	b386f80e42594e1e71421d0bc508e08b6e2e2d3d12dcfa859db165ecf65d08ee
0260/f55eb8b9f0abde175ce3.JPEG	260	n02112137_11586_n02112137.JPEG	266	f55eb8b9f0abde175ce3ceda82730c00c5640d74e56397bd356f473687ede1c4
0261/09ac65f010a00bf906a9.JPEG	261	n02112350_6328_n02112350.JPEG	748	09ac65f010a00bf906a948638a22f23bfaa6c983cc6f679a60b799dc33b5caab
0261/338649662d41bd0058bd.JPEG	261	n02112350_4341_n02112350.JPEG	2596	338649662d41bd0058bde2d832285c8bcf25756f852617622e8479df4237062f
0262/86ef3da867e9ef124176.JPEG	262	n02112706_4058_n02112706.JPEG	1163	86ef3da867e9ef12417600f6f9a4f7c3709a8db16931339f2ecf5e512abe5562
0262/99e00aad00562a916377.JPEG	262	n02112706_3698_n02112706.JPEG	675	99e00aad00562a916377986290e65ce1f35d200e97140c06a58cbb35a2c2af4e
0263/2b3992d0a6d85ef70798.JPEG	263	n02113023_9232_n02113023.JPEG	234	2b3992d0a6d85ef70798f4c869c2a1f3d33e4860a3de0716bffc3e4fbd155eca
0263/6f2046e0b3055688a119.JPEG	263	n02113023_11291_n02113023.JPEG	963	6f2046e0b3055688a1193c4e82c75115f12df155d331e9cbc0fc2a02d8f84050
0264/e673dacd3815e4d5378c.JPEG	264	n02113186_5979_n02113186.JPEG	292	e673dacd3815e4d5378c56179c2b2ff828c523722850bd51df6c51793897b742
0264/e9c767a538e2dd0319b9.JPEG	264	n02113186_12553_n02113186.JPEG	249	e9c767a538e2dd0319b9ef3bef19bdd5982e164980cef8e1ec2ba8e01f129399
0265/6525fd28a9f20f85d53c.JPEG	265	n02113624_4966_n02113624.JPEG	1053	6525fd28a9f20f85d53c7f64a141d24ec50e31269203a0d0449b1095082d96f6
0265/d9ebb53726d59b706e84.JPEG	265	n02113624_39_n02113624.JPEG	400	d9ebb53726d59b706e84210e506dcd66ed9dd16ab0461e869f15fccdbfff737c
0266/24865322e89749e846d2.JPEG	266	n02113712_1805_n02113712.JPEG	535	24865322e89749e846d27e2374b549c268720b90daf47fa862f140efecb79de4
0266/c839c57e640832661c47.JPEG	266	n02113712_768_n02113712.JPEG	326	c839c57e640832661c47f781fdc45bd122f40dcaef0dfaadf8be1e56b9150f64
0267/438e399be8a49ee3850a.JPEG	267	n02113799_525_n02113799.JPEG	315	438e399be8a49ee3850af6055aacfa88486d4d35eb07c69c86edd198d97aebd5
0267/8040903c6cd490194a78.JPEG	267	n02113799_9064_n02113799.JPEG	69	8040903c6cd490194a7867b7cd8e9844c26725db6478a532f5f980b691be4f35
0268/a8047bbc6f6846eb4500.JPEG	268	n02113978_5528_n02113978.JPEG	447	a8047bbc6f6846eb450093b35e8bf8eb30f4aa23f5999872c46571799f5ec068
0268/a8e5fb3055a612be531a.JPEG	268	n02113978_5384_n02113978.JPEG	76	a8e5fb3055a612be531a9a6f1e69665847a6a7f7e4281f11efbb2cd1c9edb72e
0269/06020e01a4e82d9d3fef.JPEG	269	n02114367_15847_n02114367.JPEG	891	06020e01a4e82d9d3fef5f16fecf5a304b171cde02f975d909ab101b583ae649
0269/f528c2d7204c2f95c305.JPEG	269	n02114367_9837_n02114367.JPEG	2853	f528c2d7204c2f95c3051aa175e7cde6837e7b91bbac0f9142653a36a71688df
0270/74f9aa56e4acf4b4b338.JPEG	270	n02114548_14128_n02114548.JPEG	1175	74f9aa56e4acf4b4b3381de39e5031848f15f09fee12db43300cce881617386b
0270/f02220a782bbf2bdb424.JPEG	270	n02114548_500_n02114548.JPEG	85	f02220a782bbf2bdb4240e66a985644b13a69fc66647a1e4275ef83bb5611899
0271/5bcbe3a0638a10feadde.JPEG	271	n02114712_58_n02114712.JPEG	649	5bcbe3a0638a10feaddec5e8cef7af19195fecac583830a9578ae8f6d938318e
0271/cde579f667c42d811b4b.JPEG	271	n02114712_408_n02114712.JPEG	256	cde579f667c42d811b4ba46f65751412282c7b4f084853eca507ccadf9340077
0272/7024dd24584eba7a63c1.JPEG	272	n02114855_5839_n02114855.JPEG	2749	7024dd24584eba7a63c13d854ed7f1548a9e7808c373572995381affc0910d2f
0272/bbb4b7366af670b61ac7.JPEG	272	n02114855_10690_n02114855.JPEG	772	bbb4b7366af670b61ac7882f40eb6b8b91bbb08a06a9b26a2c3cd1069f222f4b
0273/758d1a18c3dfdd67cede.JPEG	273	n02115641_15791_n02115641.JPEG	1046	758d1a18c3dfdd67cede9cf79594e9b4f400d5c45ec892681f76b7ad56f0a6cd
0273/95fd4eab72c2f9ddcf0e.JPEG	273	n02115641_6530_n02115641.JPEG	1183	95fd4eab72c2f9ddcf0e6c855061613301aeb65c10018219a503097c3fccd501
0274/0631e0ad4ec5d4f31650.JPEG	274	n02115913_11926_n02115913.JPEG	729	0631e0ad4ec5d4f31650853ad23025934bf2d7148b806dcdf3afd7420021c8cc
0274/12e7a011edc2f6687b0a.JPEG	274	n02115913_12395_n02115913.JPEG	457	12e7a011edc2f6687b0ade28dae0e80dc9dd2048602668eac644b7740a955f9a
0275/7bc059d47b12b3a74e6b.JPEG	275	n02116738_6731_n02116738.JPEG	1596	7bc059d47b12b3a74e6bad346c3b7dee517f13a4ac39693c65200526b2d4f87a
0275/cb4645f56577c5f745c0.JPEG	275	n02116738_8455_n02116738.JPEG	2531	cb4645f56577c5f745c09b3e02e74df7d7071d3e65acc09e424de3e51d974caf
0276/976cfa0a1605caa6d63b.JPEG	276	n02117135_6170_n02117135.JPEG	2631	976cfa0a1605caa6d63bcb6507aa84c6b3641ca42ef0a834feccce194844fa77
0276/9b10f0b5723c2ae6f803.JPEG	276	n02117135_8070_n02117135.JPEG	2425	9b10f0b5723c2ae6f803daabb1dab0cb4effb89b0c0f0b00db5eaeea71904cbe
0277/4034a41a162ffbffbb3c.JPEG	277	n02119022_10094_n02119022.JPEG	1636	4034a41a162ffbffbb3c961832e5926decfd556c2e3758e395f83d4b82071738
0277/b5f18aa1219558ab8e57.JPEG	277	n02119022_998_n02119022.JPEG	2074	b5f18aa1219558ab8e57119d6cd146a8d78669c6b067c067e61624aae82bd928
0278/6d59857d86dcae78368c.JPEG	278	n02119789_15773_n02119789.JPEG	1159	6d59857d86dcae78368c9b4483fd744972d9a701765c947152e508793f791adb
0278/ff3f857bd86aba87b92c.JPEG	278	n02119789_956_n02119789.JPEG	718	ff3f857bd86aba87b92cff7e9373d51b4853068318677414d68f9f97c5db35af
0279/80fbdd087fdae236575e.JPEG	279	n02120079_23202_n02120079.JPEG	616	80fbdd087fdae236575edb01e7461bc29cdca384447bb072972d037280907578
0279/8a02087f6d51a75e6a5d.JPEG	279	n02120079_16197_n02120079.JPEG	1209	8a02087f6d51a75e6a5dc38afe7e39311088c5fa1723b42facc5705c906c0c2e
0280/071708d0e8b84ac23ec7.JPEG	280	n02120505_10014_n02120505.JPEG	119	071708d0e8b84ac23ec784374dedfef740afcaaf88ff880ff7311cd07d503a9e
0280/7af5a4d40c04f410e008.JPEG	280	n02120505_25996_n02120505.JPEG	112	7af5a4d40c04f410e00833954da4d11b31a94e20c0c3a25f8d279912e4bf505f
0281/ba35288c0beda3dff228.JPEG	281	n02123045_8966_n02123045.JPEG	433	ba35288c0beda3dff228a3cc6206bb79154f90da1786f62f0b283f3e88e5d854
0281/c158cd7b2e098576ffd9.JPEG	281	n02123045_10688_n02123045.JPEG	1161	c158cd7b2e098576ffd94fee3bac9bf29cb41548b6ffdf852627345463c848f0
0282/08aee8cecd5b59b14e4d.JPEG	282	n02123159_495_n02123159.JPEG	1037	08aee8cecd5b59b14e4da246bcc732065472c02897821ab33a606dc90be86b03
0282/7a03c5c1806dd93856c7.JPEG	282	n02123159_5494_n02123159.JPEG	861	7a03c5c1806dd93856c7f3a44221a868207dbf7a8a61db7d2d5c91f8f909ccf5
0283/19f464a17fd2b468d320.JPEG	283	n02123394_6639_n02123394.JPEG	620	19f464a17fd2b468d320ba38977c0c424a6482b3055eb02dcabbadadd54503bc
0283/40393eac783b55635afb.JPEG	283	n02123394_3179_n02123394.JPEG	242	40393eac783b55635afbac560bf0231e543b32f7db50677ab4e6f79c8f328b28
0284/4007fa0f210a6d12aded.JPEG	284	n02123597_4636_n02123597.JPEG	802	4007fa0f210a6d12adedc00a03fa2500683091011f025fa27ac65973cda15fd8
0284/9e7dd81bedeb34d6203c.JPEG	284	n02123597_7323_n02123597.JPEG	2487	9e7dd81bedeb34d6203c9545521bfe803553628ae2decc4809afa72254414232
0285/30e89ba605eeb536e79d.JPEG	285	n02124075_21154_n02124075.JPEG	598	30e89ba605eeb536e79d53f9b97f733c13919fb26625768406d64c4eb61519c0
0285/c035f93d95aa7738d70e.JPEG	285	n02124075_7552_n02124075.JPEG	1000	c035f93d95aa7738d70e4a3606698c4d6266a8a089141256d13463c3501a465a
0286/51e8d22401df72c4b280.JPEG	286	n02125311_6316_n02125311.JPEG	3888	51e8d22401df72c4b28020638ec1cadbfc739a9ab3e972126fcb4b4cb915f3ad
0286/fe05fabc7dd02f72fb3c.JPEG	286	n02125311_6360_n02125311.JPEG	522	fe05fabc7dd02f72fb3c41f1edb1b9e8c0d6d4aa32b381f7b1ec3194148ba6b6
0287/10e999e16f1c5bae4fcb.JPEG	287	n02127052_4787_n02127052.JPEG	2147	10e999e16f1c5bae4fcb6437fbcfa23fe5dc70ce37be8c0054aed703845cca4b
0287/58b3c22280fa7abca567.JPEG	287	n02127052_8851_n02127052.JPEG	2205	58b3c22280fa7abca56718fe56433dac52e2173d7999e433de728a8653072cf2
0288/1a92e23392177ffdcc15.JPEG	288	n02128385_3673_n02128385.JPEG	2520	1a92e23392177ffdcc153cd11fac817d636c52c6c350b41da3986232c24d2618
0288/406e6fbb368c164dbcc5.JPEG	288	n02128385_134_n02128385.JPEG	3295	406e6fbb368c164dbcc545766d4f93f07afc060080930d29129e291739280ee0
0289/17664e44f0da706ce864.JPEG	289	n02128757_2372_n02128757.JPEG	1089	17664e44f0da706ce8641c09b79746b3472f4d3ee3994ff6c6680b1a214a14d9
0289/90509b7519c990a58eb6.JPEG	289	n02128757_5621_n02128757.JPEG	2906	90509b7519c990a58eb68cb73713d73ce74204f57134dd5dc8d35082d2f62693
0290/1dc41adea7ce27c1e142.JPEG	290	n02128925_31447_n02128925.JPEG	4202	1dc41adea7ce27c1e142c2f0567ef547b2ae4b795fa8abb7bd43acfa4349a7d3
0290/5aceddc3431c3b56efaa.JPEG	290	n02128925_31127_n02128925.JPEG	4944	5aceddc3431c3b56efaa0476457dd7c6d7185281d2b811ce1a7bc3840ad61257
0291/01f151632eea3cc38dc9.JPEG	291	n02129165_14701_n02129165.JPEG	2	01f151632eea3cc38dc916755e47e0de274887036d6cd7863213d3b915cac7a5
0291/f26f3dc9739c755b7d74.JPEG	291	n02129165_1938_n02129165.JPEG	4117	f26f3dc9739c755b7d74d43bd187023906ec2b2f39530424a3f26c63f5a2aec6
0292/970f7a8059bc63a66c2d.JPEG	292	n02129604_14297_n02129604.JPEG	912	970f7a8059bc63a66c2d02463732913fc692f2198db99b6d48625e2a884d26f8
0292/fe3aba2b66fd43b567e4.JPEG	292	n02129604_11017_n02129604.JPEG	1320	fe3aba2b66fd43b567e4add80dc8cdd702e76474ca3eec6ce162c5636a1fd9e7
0293/0d162e98b2d4253d2c56.JPEG	293	n02130308_524_n02130308.JPEG	6290	0d162e98b2d4253d2c562644f56fe1eb47df1c5d09c5f4364d598136d9dae21f
0293/214dab5d7549c326bd3a.JPEG	293	n02130308_6887_n02130308.JPEG	6169	214dab5d7549c326bd3a3e9ce413fb3d66dbf5bde39ff56624e3a94f62ff5954
0294/c29ebc353768bd8fd999.JPEG	294	n02132136_3042_n02132136.JPEG	1507	c29ebc353768bd8fd9994dc1942a0a86c8b7a30446efac35868ac5d176cfd877
0294/e8fc7998ef33803b132a.JPEG	294	n02132136_12593_n02132136.JPEG	1341	e8fc7998ef33803b132a556825078b5b0830f6ac20d512a922e3d9fbd637eb51
0295/b0b0e74b7f4824a626bb.JPEG	295	n02133161_15792_n02133161.JPEG	1514	b0b0e74b7f4824a626bbc8b590394f7a58654939783916dd0d7240784ee6e147
0295/d2c2e3adc9f560ffbca4.JPEG	295	n02133161_16808_n02133161.JPEG	1547	d2c2e3adc9f560ffbca4b7e31498ccd8cdae7f83802deb5457898d957b3bbcc2
0296/87d7f44b755ca4859579.JPEG	296	n02134084_7123_n02134084.JPEG	823	87d7f44b755ca485957949e7ce78bbb9354559551d136ca406fd38bf48e0eb44
0296/d3d3bc9041061cc7d066.JPEG	296	n02134084_342_n02134084.JPEG	280	d3d3bc9041061cc7d0667b71bd65030b0aca1faf955e01117603356db754d98b
0297/8091b2d0a0ce08648726.JPEG	297	n02134418_940_n02134418.JPEG	1796	8091b2d0a0ce08648726eb450cb46497c8b0a4cb4e168e237f790e2fad081931
0297/ff21989979c332dedc09.JPEG	297	n02134418_5223_n02134418.JPEG	4280	ff21989979c332dedc095f036bdd5768e92ac1b54a73dd3c17c309a10795a9e1
0298/38fe489c695bba94afdc.JPEG	298	n02137549_674_n02137549.JPEG	1015	38fe489c695bba94afdc636545e774d04590d0cc0181ae9945f01466f71f5a15
0298/58c5f028ef58383df626.JPEG	298	n02137549_1958_n02137549.JPEG	810	58c5f028ef58383df626cce86bc6efe81c195b21ca699e4923514b65af296c02
0299/c93a59ab4b730349b121.JPEG	299	n02138441_5073_n02138441.JPEG	2108	c93a59ab4b730349b1210c5bb22964312390fe6f21fefe42bc1e7bce118c9aab
0299/e037849587f4bbe7b5ee.JPEG	299	n02138441_11361_n02138441.JPEG	774	e037849587f4bbe7b5ee008d2b1f864ca5344cc99f279a34d91c275db3b118dc
0300/0f723208ff752be22e86.JPEG	300	n02165105_524_n02165105.JPEG	3878	0f723208ff752be22e861b1cf9ca9f8ede0c331e7d50ac57fca1755e62f72fd6
0300/6850e9bacc2bad0f670d.JPEG	300	n02165105_291_n02165105.JPEG	4747	6850e9bacc2bad0f670db3c0cdae56dc922cff7fe90a7ef28dbbe1fc542e7dd6
0301/bea9f6f373096b437101.JPEG	301	n02165456_11554_n02165456.JPEG	2091	bea9f6f373096b437101b6002834b796c9c18901dcd70e63eabdd5d3a34093b5
0301/c7338b45c85840270103.JPEG	301	n02165456_19173_n02165456.JPEG	107	c7338b45c8584027010348ef857b31bfba8d0bbefce9512b5f489bc2480b534e
0302/40eb7eb62b650e67273f.JPEG	302	n02167151_7680_n02167151.JPEG	147	40eb7eb62b650e67273f426a13bb908045dc1706d70996bbb16d161f94848bd3
0302/577057f54b1b2e333ff7.JPEG	302	n02167151_2486_n02167151.JPEG	688	577057f54b1b2e333ff75761db1de0dd43a37ff543c0c9d41f362b89c546dbf1
0303/2b42f9a0ffe34feef2bc.JPEG	303	n02168699_14895_n02168699.JPEG	2772	2b42f9a0ffe34feef2bc12a117e269aaf96026adadea478d19e8147ad5e927d1
0303/88ecea9f2fd647b0b62b.JPEG	303	n02168699_7522_n02168699.JPEG	2621	88ecea9f2fd647b0b62b482812a2472f671f21cae7bab96b0dcdb2d47b9041cc
0304/346500372ca2935a6fa2.JPEG	304	n02169497_5025_n02169497.JPEG	713	346500372ca2935a6fa2f1d651356bf97ab6abf9073dff7b0fd5a3d254524104
0304/d974415dd92b0d992cd8.JPEG	304	n02169497_914_n02169497.JPEG	487	d974415dd92b0d992cd827418953437441a8ee93e5bd0da9c08d0146f5d252aa
0305/a69e8b8e5ec03667c873.JPEG	305	n02172182_803_n02172182.JPEG	31	a69e8b8e5ec03667c873f55822081976e06fbaefba8a51d1428486db183cca6b
0305/d37fc9c59399338cc5c9.JPEG	305	n02172182_2339_n02172182.JPEG	450	d37fc9c59399338cc5c91eb5e895e1a29db209702869d80cf92927db1c7e529a
0306/67a45452e6a14259cd10.JPEG	306	n02174001_1292_n02174001.JPEG	1041	67a45452e6a14259cd10b8ca7c86455ec3891121f33dab326ef139985c314917
0306/f91d52b265ced0f1a383.JPEG	306	n02174001_1976_n02174001.JPEG	158	f91d52b265ced0f1a38375271bfa73d80893a91a145cbba869a5924e19a01212
0307/b73a0afe9a28d5f34ab1.JPEG	307	n02177972_15319_n02177972.JPEG	1506	b73a0afe9a28d5f34ab1a088b41dca4498185d72e5766fd17191dc1cb03b6b7c
0307/ec00a157076307d9f97f.JPEG	307	n02177972_8392_n02177972.JPEG	440	ec00a157076307d9f97f46bc4f76c64808afe8515252c1231b2512fb1a3c86d7
0308/1a81b0f49b4d1cba37e7.JPEG	308	n02190166_10724_n02190166.JPEG	414	1a81b0f49b4d1cba37e71749a6630226577edacc9f986424e7e268f13cb5ac48
0308/670d89f83df3426c0e8b.JPEG	308	n02190166_5888_n02190166.JPEG	2281	670d89f83df3426c0e8bf0b66253eefaf6c14734ecc9b7f777094f94cad5a651
0309/06bd485bb0742d9346e5.JPEG	309	n02206856_6611_n02206856.JPEG	321	06bd485bb0742d9346e5f1aa76b5100b621debbae837bc5b3842ef36520f9f5b
0309/e6e5199485a993e4f05d.JPEG	309	n02206856_2150_n02206856.JPEG	300	e6e5199485a993e4f05d3ac294fb87f40ec1bc4a38ae62a4b9b8db9b68f3d7ca
0310/8744e16c4e7df005da90.JPEG	310	n02219486_27623_n02219486.JPEG	1435	8744e16c4e7df005da90675b8c2382ccbeb8963c2100a152b02b2386bfdb081b
0310/989948c0f97bceac3b48.JPEG	310	n02219486_26885_n02219486.JPEG	928	989948c0f97bceac3b482895dd8664e9ff6cc3223b9472a6ed0135c7b9a6b2e2
0311/7364592f1d717feb7c6d.JPEG	311	n02226429_1459_n02226429.JPEG	377	7364592f1d717feb7c6ddb324cd55489e42a65250611058523b38a9de8958562
0311/c03ef9cf2521d6e7461c.JPEG	311	n02226429_8414_n02226429.JPEG	5716	c03ef9cf2521d6e7461c51ab0d9f96688abccccf11174373b7cf9c8213d9f16c
0312/4933b046437e765523e8.JPEG	312	n02229544_7082_n02229544.JPEG	473	4933b046437e765523e8356b5e29c8166ed69d1ca6378b51d3c62be651ae1b1c
0312/589f76625342c7ac016b.JPEG	312	n02229544_8676_n02229544.JPEG	1266	589f76625342c7ac016b533859ccb2e4c5bd6f9aacf046da61fddba50a577660
0313/4a348fe873324d829aa4.JPEG	313	n02231487_3137_n02231487.JPEG	1260	4a348fe873324d829aa4d8527bf36ddcbf39d9aae8db880c6b110e8b630890ff
0313/bb0d985937dc4718c975.JPEG	313	n02231487_8018_n02231487.JPEG	1995	bb0d985937dc4718c9758bfd99a870b12e40d2d57998cea8fff7b823553f6155
0314/0e05aa6efe74a98761c2.JPEG	314	n02233338_6918_n02233338.JPEG	3381	0e05aa6efe74a98761c28b22b6715de846e0a22faa6c2da6b0b743bd996a3e61
0314/4acb8a73eb5150f03b2f.JPEG	314	n02233338_2020_n02233338.JPEG	937	4acb8a73eb5150f03b2f5926be050f75870485aa2444e9977c6c148231823262
0315/187c9445554dbf1ed078.JPEG	315	n02236044_13327_n02236044.JPEG	3225	187c9445554dbf1ed078528aee34466684f48b5ee3c126c3113f830ac3131878
0315/83dc1e828149780ec4e8.JPEG	315	n02236044_3431_n02236044.JPEG	1068	83dc1e828149780ec4e89a329b704e08aa11b666d79e601bb57134f2569988d1
0316/18acf54c587c85aea4ba.JPEG	316	n02256656_7791_n02256656.JPEG	2048	18acf54c587c85aea4ba27090441c58679a64726f3f22b0b071bc9507751d18d
0316/7fb1d14b7b77a4d5f9eb.JPEG	316	n02256656_10301_n02256656.JPEG	3703	7fb1d14b7b77a4d5f9eb1af349c9618bc007efc2018b215597e2b64a0870e4a5
0317/4f927b68563b65702c35.JPEG	317	n02259212_6306_n02259212.JPEG	3488	4f927b68563b65702c3594600b73c3ac90545fabedcef5653e87d2d3ac510215
0317/cfe913a85dcd409c348e.JPEG	317	n02259212_2670_n02259212.JPEG	3102	cfe913a85dcd409c348ed1b15dcc9dbd35de352db1a170d66e93deb783855011
0318/770671625727722c703c.JPEG	318	n02264363_12307_n02264363.JPEG	320	770671625727722c703c97aeafac836485d6480b52be4f33fc233c68fddc2dc1
0318/dfb584e2f9b81a6c7984.JPEG	318	n02264363_7320_n02264363.JPEG	518	dfb584e2f9b81a6c7984bf10b984c253f9d0ac7d65a3488348818ad2732d8b6e
0319/1321290a42c48c7c830b.JPEG	319	n02268443_14779_n02268443.JPEG	2160	1321290a42c48c7c830b09d6dfde946d25544af99d7100bb5eb0895f99744ad8
0319/d5070f1a61345b5fd647.JPEG	319	n02268443_45071_n02268443.JPEG	1648	d5070f1a61345b5fd647e4834be828143e0b66bc18a1171ea4e1bb42b7975f95
0320/c427056a245f7938b133.JPEG	320	n02268853_16071_n02268853.JPEG	2898	c427056a245f7938b133472fb7838a5748f37911aa44ab5d955f195d5e03f43f
0320/f3ea3bb62b6499353801.JPEG	320	n02268853_13560_n02268853.JPEG	5020	f3ea3bb62b6499353801a7b69dcaad0a9662a9efc28235a7b30e27d70c0ad55e
0321/6cc55d503c87b8eeb938.JPEG	321	n02276258_11357_n02276258.JPEG	376	6cc55d503c87b8eeb938b087cbbfcf553c33daabada993a1a80b25a2c48850b7
0321/95d01cbf0932079c5675.JPEG	321	n02276258_4277_n02276258.JPEG	659	95d01cbf0932079c5675e5af53e49db8da3bdef4c3d01253ea8722ae722985db
0322/0cfc9d83b57613ffc22c.JPEG	322	n02277742_10074_n02277742.JPEG	2731	0cfc9d83b57613ffc22ca995607e54b2e5a50f1bec8cb99554185a9e33e7c1c4
0322/b5d35125f30a232a975f.JPEG	322	n02277742_57933_n02277742.JPEG	2405	b5d35125f30a232a975fd755300f960273b0c1790b5668c5953bb6094be0a1aa
0323/aabb368154e002bd0451.JPEG	323	n02279972_2082_n02279972.JPEG	2868	aabb368154e002bd0451154820ab2fcd09de9ce9eaebfddf136a52f7e58eb6af
0323/b25952d5201f2bd46ddd.JPEG	323	n02279972_1070_n02279972.JPEG	2717	b25952d5201f2bd46ddd54a1ce9cb481d2fe1da0803c7125871ad27683252e1e
0324/5c8f22482966abb68ae1.JPEG	324	n02280649_11964_n02280649.JPEG	2011	5c8f22482966abb68ae153a9ff7817c97654bcf0b020bf0e20c48e250488fbe3
0324/c7efb08e0e9f49dc2ee4.JPEG	324	n02280649_9273_n02280649.JPEG	514	c7efb08e0e9f49dc2ee42b0d4b72fc9ebc870cb34a931f6297129673ea114d37
0325/009d5e680dc06fbca8d1.JPEG	325	n02281406_1228_n02281406.JPEG	486	009d5e680dc06fbca8d18b919f1b74720cc430d1f4aaf5c7fb7e6df1ab4bad5a
0325/27a8c896790b883978e4.JPEG	325	n02281406_829_n02281406.JPEG	40	27a8c896790b883978e46a9df5210363e052d0e21a0f45a3c5b78759b49297b9
0326/6f4dea09f29e987c37bf.JPEG	326	n02281787_5602_n02281787.JPEG	813	6f4dea09f29e987c37bf37783b64ed95d96df815c1156ee8cb4639582421f628
0326/7eeaedf096f52dfda659.JPEG	326	n02281787_2763_n02281787.JPEG	742	7eeaedf096f52dfda659009f4e7a859c10270fc13a412da80706351b45b34c36
0327/1d982d5ce66bed463abe.JPEG	327	n02317335_14829_n02317335.JPEG	7932	1d982d5ce66bed463abe1d8d96a4dedf1fe98fc0c42bdd8a3ace3a98bfe05d00
0327/ed749822728f9f184551.JPEG	327	n02317335_25749_n02317335.JPEG	7980	ed749822728f9f1845516f65f6b95dbcc8f8a8cc1e0d9930fc08052c34439615
0328/a65d6d5b7293afb72b58.JPEG	328	n02319095_2811_n02319095.JPEG	1432	a65d6d5b7293afb72b582c3d49ae1a2c11e0d8e66b6e149664668886c0b2af24
0328/ff6e58e4b1c5d889a56b.JPEG	328	n02319095_2026_n02319095.JPEG	491	ff6e58e4b1c5d889a56b6cb96ffcd2886fdb2118861384c73f989d6e2203ca59
0329/1bed1389836aa7bd66ff.JPEG	329	n02321529_9016_n02321529.JPEG	829	1bed1389836aa7bd66ff5742eeac345dd79a8bccdd2d7e561b12752bc5fcc2e8
0329/54216ab380408e745ce2.JPEG	329	n02321529_6770_n02321529.JPEG	2013	54216ab380408e745ce258fb3d2a1099b1463b90817885ecd687dd225745e672
0330/74a23d63a231754c8207.JPEG	330	n02325366_5145_n02325366.JPEG	363	74a23d63a231754c8207c9da72391b422d31498cbaa0e3b49083a3568d271278
0330/e26a70902889c27697cd.JPEG	330	n02325366_596_n02325366.JPEG	2162	e26a70902889c27697cd94a904dbdc80cf40f8d5b3758c2d731dcc0dcad312d7
0331/2d27b6a5475502bf8f2a.JPEG	331	n02326432_13112_n02326432.JPEG	1562	2d27b6a5475502bf8f2ab58971dd6e854423cf46d219e542f92b7e11facb5d01
0331/b0134bdf3307cadf4f6c.JPEG	331	n02326432_40002_n02326432.JPEG	1939	b0134bdf3307cadf4f6ca25a2fc252377ac550557e67b4d07379d8995f0584b1
0332/c9edf351e7d120ceec38.JPEG	332	n02328150_22249_n02328150.JPEG	2818	c9edf351e7d120ceec38ef35e986775a1e9a33e3d1e36c881fec006f9f19f4cd
0332/ec3a3a01e357276f6121.JPEG	332	n02328150_347_n02328150.JPEG	451	ec3a3a01e357276f612173a53d297a4843f1288a8532b6a93fff75fa26d327cd
0333/45a94ba24efb5baf3b8c.JPEG	333	n02342885_1808_n02342885.JPEG	2197	45a94ba24efb5baf3b8c029993a4d5ee2ac4582493f34131abbaabdf42610712
0333/7a28a6a9e64d5376b1f7.JPEG	333	n02342885_3021_n02342885.JPEG	77	7a28a6a9e64d5376b1f71bc37b4bf5076d085e05385cef95d8f1fad590f9160e
0334/8f355fe21275df697ccf.JPEG	334	n02346627_10781_n02346627.JPEG	103	8f355fe21275df697ccfd34b47324d47e26c291c0ac6034b4fc4e6a50a391946
0334/94cebf79ebb6dc8c77bd.JPEG	334	n02346627_2249_n02346627.JPEG	46	94cebf79ebb6dc8c77bd5f91a245cba2f0c127885d25b6673751fff2b911045e
0335/b2662f53b9973048b5ae.JPEG	335	n02356798_1404_n02356798.JPEG	1127	b2662f53b9973048b5aeff41946cdd4ae294eeaff2c3c3fa7c1cb12ed0ef8150
0335/faaa44e53cd541b297bb.JPEG	335	n02356798_5835_n02356798.JPEG	994	faaa44e53cd541b297bb1a08c2dac1ab45a4502c7d6e688962be2e28dd4dd9b4
0336/452563c13ac3d89ad6f6.JPEG	336	n02361337_2432_n02361337.JPEG	153	452563c13ac3d89ad6f6678d0761a0306cd65f150e56f59921d336cd67434e65
0336/62bd58a2fb65433f4470.JPEG	336	n02361337_1184_n02361337.JPEG	209	62bd58a2fb65433f4470306d1c3e20a1de1eb598c658951901ac64cdb4ff19b0
0337/208d26b303c7e151e701.JPEG	337	n02363005_6196_n02363005.JPEG	2261	208d26b303c7e151e70156a1df64dfda7484a69c55e6793697cc571a5da1c63d
0337/b81a874e69ba0d907263.JPEG	337	n02363005_15502_n02363005.JPEG	815	b81a874e69ba0d907263930ccef67c3d84784caeb4928158b94e3a274be6c220
0338/01c52888ebbd4c8a7063.JPEG	338	n02364673_15927_n02364673.JPEG	192	01c52888ebbd4c8a70635b8136a6c93d9bff65883b9eb3ca691d49bb6b4421eb
0338/1077a70180312b7865e4.JPEG	338	n02364673_20114_n02364673.JPEG	1724	1077a70180312b7865e435ab19ccd56b25f28a7dab9380e5b25a86a8c1e02d35
0339/2d02d1539a5c15440362.JPEG	339	n02389026_16156_n02389026.JPEG	2514	2d02d1539a5c1544036254430d6b0d4c81c174059b9dbce2114ca63044cd7a44
0339/60bfd250714777b8ba5b.JPEG	339	n02389026_2348_n02389026.JPEG	126	60bfd250714777b8ba5bb8961d63cddb76e91dfd88ed98af05562775a32f2ddb
0340/8060ef798ca9de3c47b7.JPEG	340	n02391049_4814_n02391049.JPEG	262	8060ef798ca9de3c47b744d3bae557b840a57b282a675367f61c9a6582b74623
0340/884c31f0b9061c365207.JPEG	340	n02391049_3071_n02391049.JPEG	789	884c31f0b9061c36520761c673dc0c4c794dc6a1b4f9c1553a024894a16e27e2
0341/2e598531c2da61768b57.JPEG	341	n02395406_7055_n02395406.JPEG	521	2e598531c2da61768b574db66551ef66f7f4858606390760574fc489deb5ba0d
0341/4bd0731b7fa2932ea14f.JPEG	341	n02395406_5526_n02395406.JPEG	509	4bd0731b7fa2932ea14f0c3f1e885035f39dcf059680616979d29157b054ae55
0342/31bec791466cdbd413e8.JPEG	342	n02396427_8595_n02396427.JPEG	2245	31bec791466cdbd413e889e2c42802ad617294fc89b4035fe0580234ef60e633
0342/71884a0939a1cf6df8b3.JPEG	342	n02396427_45298_n02396427.JPEG	70	71884a0939a1cf6df8b32cb3e1427fcd9a81faca0603bba166a508e1e7e406f7
0343/5d821f5d7c85c10b9f2f.JPEG	343	n02397096_1956_n02397096.JPEG	1385	5d821f5d7c85c10b9f2fee6ef24acd8b8c91c0567d9ae251dd73ff6706dfd6d7
0343/f2fea02ffe44f0a96e01.JPEG	343	n02397096_21318_n02397096.JPEG	786	f2fea02ffe44f0a96e0160f28559811e3b7e68d40c5042631a16b127a71745a7
0344/14c79005bdc0abef6fd9.JPEG	344	n02398521_10245_n02398521.JPEG	79	14c79005bdc0abef6fd9109d0ab29599d9914537bf0d2798f260189630111c85
0344/d928f2b03a0a221fff95.JPEG	344	n02398521_8700_n02398521.JPEG	2004	d928f2b03a0a221fff95d8587361e5024ff3a1f15830c7da335b09affc92e823
0345/0f161f75ff3d824cdf4a.JPEG	345	n02403003_1084_n02403003.JPEG	3284	0f161f75ff3d824cdf4a97910a4c58c34110731ddf87f2f988c8b29b72768b32
0345/42df6fbaeee4a10e9b91.JPEG	345	n02403003_2347_n02403003.JPEG	3352	42df6fbaeee4a10e9b912556ef70f42f3eb276eea6e5e264ae16228430beff22
0346/298a9c0bf200b9a2e53b.JPEG	346	n02408429_934_n02408429.JPEG	5579	298a9c0bf200b9a2e53b6e0b3f84e276d0ca381ab09735b711ce3c0925bce48f
0346/eef90dff3f3d38e8cbb1.JPEG	346	n02408429_18595_n02408429.JPEG	1699	eef90dff3f3d38e8cbb176acae7056d60604eb83cbc6db6ec6e6e541f01740f4
0347/995b3b5e6cd0f7649616.JPEG	347	n02410509_28_n02410509.JPEG	3405	995b3b5e6cd0f764961640fedc755fc8608ea84d6bb2f577be9c00a28c437722
0347/b4f8d4b2de6af3ac3b01.JPEG	347	n02410509_1588_n02410509.JPEG	4438	b4f8d4b2de6af3ac3b01a42726623619543ac71b612ec44c7b6dac97a52c4c13
0348/0b9db6d04539f5cfc4a5.JPEG	348	n02412080_17696_n02412080.JPEG	178	0b9db6d04539f5cfc4a54455c04e53489e526901f4b7b9f01be752e474492b6a
0348/0c12af09dce7dccd4872.JPEG	348	n02412080_14522_n02412080.JPEG	2587	0c12af09dce7dccd487255c628a1c95b17b66c170bbb57bda9d7a9d7fa5bb3f3
0349/79658eea364e217354ca.JPEG	349	n02415577_1957_n02415577.JPEG	175	79658eea364e217354ca95643c283cf97e84599d6e77ffd93efaa6b4998a9fc9
0349/c234884fcdf3f15a158e.JPEG	349	n02415577_5514_n02415577.JPEG	755	c234884fcdf3f15a158e8f54e22bcbf00edb3d5743f706a8f8eb01ee656f9721
0350/419cfa56a7de3a4ee6ef.JPEG	350	n02417914_39762_n02417914.JPEG	1874	419cfa56a7de3a4ee6ef3cfe21641e17e72d3a5cbb2b70ca7b11b563e5b6cf2f
0350/96c0c99d663850fcd5a1.JPEG	350	n02417914_5627_n02417914.JPEG	2025	96c0c99d663850fcd5a16b559292308da5399fd493965f848f2e6a85b1f82399
0351/22bff592d7630e2cc579.JPEG	351	n02422106_7678_n02422106.JPEG	1539	22bff592d7630e2cc5797f260a0e5f539ff282593bb735bc8a4c7e9d9582891e
0351/c5145f6dd6b7a90f967c.JPEG	351	n02422106_1409_n02422106.JPEG	3048	c5145f6dd6b7a90f967c512537544545f3d62d8126f7aee5a67103e63bbbb264
0352/b27abf32e5f9c337512e.JPEG	352	n02422699_7159_n02422699.JPEG	1029	b27abf32e5f9c337512ec5ce6541d8cc0540dd7c40e889abb317c6638fb3f69d
0352/d3afa39a15336bacfbca.JPEG	352	n02422699_6539_n02422699.JPEG	3830	d3afa39a15336bacfbca60a6fae7fb9699076d087483d94ddb9572161748175a
0353/2f965496b96135393081.JPEG	353	n02423022_2937_n02423022.JPEG	1170	2f965496b961353930818910257079bc78b1ed35687a5599764ae190ab50a3fe
0353/4c537c25f2e40a348c2e.JPEG	353	n02423022_9800_n02423022.JPEG	1226	4c537c25f2e40a348c2e47616a76e8190cd6bbe25d30f5956e219c414cea6111
0354/30c09e36d4c3c435c908.JPEG	354	n02437312_35483_n02437312.JPEG	5179	30c09e36d4c3c435c908f23b4b3e764e0b7bf6edaf453b672bff8b290c19a880
0354/b7cc3153e0d3b7e26fd7.JPEG	354	n02437312_6987_n02437312.JPEG	4008	b7cc3153e0d3b7e26fd7ee76767d0aaaa2ab95b278a3e641abe8a349f2e5ee4a
0355/33c2aa9d9fb949042415.JPEG	355	n02437616_2924_n02437616.JPEG	1856	33c2aa9d9fb9490424158ddce32c5158b1ab1d9e33971e96bd7913835251c352
0355/aa471ca3295706e1e60d.JPEG	355	n02437616_6098_n02437616.JPEG	650	aa471ca3295706e1e60dd743d32103168ff3e25ac5e714942a0435e7d3a71d5f
0356/3db865c5ee170884e195.JPEG	356	n02441942_2763_n02441942.JPEG	3537	3db865c5ee170884e195ad04a0dd2b7b91145685c6ba522bfa827e287fa5c5fa
0356/448ce144faa78b73eea6.JPEG	356	n02441942_15166_n02441942.JPEG	1734	448ce144faa78b73eea6c9ff755f752d0f4304ac3f1897dc394ccee51e324603
0357/7d3597485b168766d8f5.JPEG	357	n02442845_4373_n02442845.JPEG	4138	7d3597485b168766d8f5461d3f24ffe0dd5e7d3e43d5aa09935e018177f06827
0357/fd24e4159a29e27976e6.JPEG	357	n02442845_20050_n02442845.JPEG	6977	fd24e4159a29e27976e6ad111e4ebc75074b5ee4b81f00b16ca0ed4121ca8d26
0358/b418b9675d5f5818a7b6.JPEG	358	n02443114_9004_n02443114.JPEG	72	b418b9675d5f5818a7b6cc330862f22a364b38cead3dc34ac178601cd463027b
0358/c2b3bccf54d9fec99b59.JPEG	358	n02443114_1844_n02443114.JPEG	194	c2b3bccf54d9fec99b59c731befebfa1ca5231446b63699d817622cb4434e756
0359/ba0b3454f6016e0fa87d.JPEG	359	n02443484_3090_n02443484.JPEG	3582	ba0b3454f6016e0fa87de72fdb05f52a8a8e9cc8a4e2131228fd10bdb8dce46e
0359/f98a75eb645cf2eb9bfa.JPEG	359	n02443484_14317_n02443484.JPEG	2174	f98a75eb645cf2eb9bfa6413d87ef9cb8f39b52c45cd7383751b0762a1394807
0360/2a50ad5d2252a700414a.JPEG	360	n02444819_9958_n02444819.JPEG	745	2a50ad5d2252a700414a6913cd6ce93b91807e8ffb66ec1e6ee0830c78cf22df
0360/f44f0a742c0db53fd4e1.JPEG	360	n02444819_5287_n02444819.JPEG	1224	f44f0a742c0db53fd4e1e399ad430ca2531ac5088319dd9ff10178c2464c4aa8
0361/338fe8d501455cc1ea7d.JPEG	361	n02445715_16679_n02445715.JPEG	4727	338fe8d501455cc1ea7db92c0c5732ca5ecea6d6c64fded1c2e0ce2187169839
0361/bce0e8144267ffae5282.JPEG	361	n02445715_20061_n02445715.JPEG	553	bce0e8144267ffae528227299532b855607dd148141f79ba15c8fdd24fbbd519
0362/09dbca066d39b9860964.JPEG	362	n02447366_16418_n02447366.JPEG	3356	09dbca066d39b9860964cc4e43c54278c3c9714d1d6ef850b4d50187e1e2352a
0362/8b767d8aa5a1fdb2812e.JPEG	362	n02447366_32758_n02447366.JPEG	2613	8b767d8aa5a1fdb2812e39597961bf0e9d5bad00664c176ff9317419ca8177e4
0363/3420f569a72617376659.JPEG	363	n02454379_4200_n02454379.JPEG	1687	3420f569a726173766597c49e42732f4b72fb44f8997a2e327a51035a0927e37
0363/b754973b3288a8ff6277.JPEG	363	n02454379_1808_n02454379.JPEG	1879	b754973b3288a8ff6277bcedafb6eca1be19ba61bd6fab96980ee6ff0e79d74c
0364/2dd364b8a064cde76936.JPEG	364	n02457408_12022_n02457408.JPEG	1661	2dd364b8a064cde769364923db19e65f00e5c3e03ebbde2f56f02ce100407d7a
0364/365c4a2c22aa391fd96f.JPEG	364	n02457408_11356_n02457408.JPEG	1220	365c4a2c22aa391fd96f5adb3308a21f0f540492b2f7881f55e2725c4716688e
0365/0b2ac825b476ac9d13b6.JPEG	365	n02480495_3991_n02480495.JPEG	1383	0b2ac825b476ac9d13b6595db92653c70fbb5e6d84d56438738088806ace270b
0365/c1f67b4e0ef9cea7c92c.JPEG	365	n02480495_1129_n02480495.JPEG	2294	c1f67b4e0ef9cea7c92c0b6150f1d5916dc354ce2bd2523658ab3a56cb149ab2
0366/527fb30dd4b40a080c0c.JPEG	366	n02480855_3213_n02480855.JPEG	978	527fb30dd4b40a080c0c3a109424595ae2c49fcf47c1439247fc78a6ac3148e7
0366/fb5a9def6971d5542f8d.JPEG	366	n02480855_9867_n02480855.JPEG	2081	fb5a9def6971d5542f8d4f288765d47d86688e9ed8d2a22c33302147f9fdecd3
0367/6a21ceded198f9ad3fe5.JPEG	367	n02481823_10868_n02481823.JPEG	328	6a21ceded198f9ad3fe5ecb4fd13b33cf8048f0072b3536f578aab1d2ceef3ad
0367/b672128b3cfdce00e45a.JPEG	367	n02481823_2602_n02481823.JPEG	220	b672128b3cfdce00e45a5da6deb6920980b52733f21e58af06f96643aec04e8b
0368/66cf3f9caed40ef29775.JPEG	368	n02483362_1715_n02483362.JPEG	446	66cf3f9caed40ef297754774b85f2e105d07e7ab1d65d98de48d07d1e3fc0ed3
0368/c2f637ae3636fb505cfc.JPEG	368	n02483362_14339_n02483362.JPEG	1153	c2f637ae3636fb505cfc6a464855a1925d3423199daae8a416841829f2e09204
0369/0e2f98696c2a2f4cf974.JPEG	369	n02483708_696_n02483708.JPEG	987	0e2f98696c2a2f4cf9748b0e8237e7feb3076234ae6b8eb743850d1be77f91b6
0369/cd419763b445f050bb29.JPEG	369	n02483708_1374_n02483708.JPEG	136	cd419763b445f050bb29042c12a15794e1fefa308f91d028318ae5ae656aa5a7
0370/1e4d3f00b869edd4e0d3.JPEG	370	n02484975_7921_n02484975.JPEG	7079	1e4d3f00b869edd4e0d399eeaf5244083493775feb9d7cb06d3987e98a61386e
0370/f728d317498aa3bc9c05.JPEG	370	n02484975_6225_n02484975.JPEG	1259	f728d317498aa3bc9c05b79317dd11f1d13491e55bdbd729c096b20d17bab401
0371/dca72f53fc77424d70d9.JPEG	371	n02486261_4802_n02486261.JPEG	218	dca72f53fc77424d70d9e3a2721cdc5fb9bc678f3c7320ad8da5f28bb1199d20
0371/f7e9a6cec65a065c9d91.JPEG	371	n02486261_9964_n02486261.JPEG	804	f7e9a6cec65a065c9d916aef17da6d07c62e1913836b23b83fd92c3321a5b275
0372/1381d312ea77839ee74f.JPEG	372	n02486410_2708_n02486410.JPEG	2811	1381d312ea77839ee74fda2f10abc3bfd108f1d420b1a0614f3c36bfdfcd9559
0372/9bdfe5946386d8b4b489.JPEG	372	n02486410_8430_n02486410.JPEG	2193	9bdfe5946386d8b4b48977cbd54510e6ea9586548e4a882d494f273568498f31
0373/14af9cf47dd243d350f2.JPEG	373	n02487347_2320_n02487347.JPEG	1898	14af9cf47dd243d350f23adb30ef9330f0854d37f5230d2acfdc244049b6b393
0373/5a11eb5734ac547f419b.JPEG	373	n02487347_6289_n02487347.JPEG	1449	5a11eb5734ac547f419be8e11882e5930b15ecde941291aded4ff333c34f920b
0374/81f2dbcdb5393ecbdebd.JPEG	374	n02488291_529_n02488291.JPEG	2738	81f2dbcdb5393ecbdebd12c5f3d4d9f464a58d412c379e38da5144ce69c50475
0374/a397d624da5f03225d34.JPEG	374	n02488291_2067_n02488291.JPEG	985	a397d624da5f03225d343abeeb7ca1028731c6de498d64f384a3fd981d4401fe
0375/63e023c0d545753d80bf.JPEG	375	n02488702_1277_n02488702.JPEG	575	63e023c0d545753d80bfe9bd9e8216583474919dc0f3e3dba527f5149d272c92
0375/88f19b2279ec4d391795.JPEG	375	n02488702_5584_n02488702.JPEG	716	88f19b2279ec4d3917957ee50a453ae0005cc070be32072624b6a0740fa60801
0376/0786422a2953b0462562.JPEG	376	n02489166_5428_n02489166.JPEG	3201	0786422a2953b046256271dd5ccc0c427d83296f29cf051a4c65aacd35742773
0376/90031434c3d47fc562f9.JPEG	376	n02489166_7868_n02489166.JPEG	1130	90031434c3d47fc562f93d2b981a20ce16f7764fd55c59fa7c21b5f43bf358d5
0377/56f6d3d19928b1bd0f13.JPEG	377	n02490219_5667_n02490219.JPEG	97	56f6d3d19928b1bd0f133f4542365a04486e3418101e98e4a98bdfe3140b32f6
0377/79972fa542dacbd48c25.JPEG	377	n02490219_7399_n02490219.JPEG	1430	79972fa542dacbd48c25d87b253ad01ad85c40d11ccf6b6445716a0c93af3c74
0378/60286e4dec5d5357202f.JPEG	378	n02492035_1990_n02492035.JPEG	3373	60286e4dec5d5357202f5140cd4698afc5cae0d11b9450d875550a9f887a9f93
0378/a0b1bb2ee1343eedb3a4.JPEG	378	n02492035_14602_n02492035.JPEG	2896	a0b1bb2ee1343eedb3a43f2f2821739a88d099fd83bdc9e98fc96a63a8eba387
0379/8351f4d73e121dd110a2.JPEG	379	n02492660_8353_n02492660.JPEG	50	8351f4d73e121dd110a2be5be68be897d3ed7c3836dc7ee52a0157df84ebcc93
0379/d67ecb74f33cc1a5264c.JPEG	379	n02492660_10090_n02492660.JPEG	288	d67ecb74f33cc1a5264cf2da5baefd53200c61bfd8e8fc3aa4973efc153fe6aa
0380/c32102a4498649f32434.JPEG	380	n02493509_8708_n02493509.JPEG	1107	c32102a4498649f3243405fe0fafc24d5ab6b57e23fd3a5ee82b898237a6d146
0380/ca8a5722fbf95d66a69b.JPEG	380	n02493509_2877_n02493509.JPEG	1247	ca8a5722fbf95d66a69bc3b838a9f3de7332fb3ebaf027967a1fe2b813d911b4
0381/211ce61af7e86e8f3fb2.JPEG	381	n02493793_4921_n02493793.JPEG	2218	211ce61af7e86e8f3fb21ed9705c0683b8a34bc67d4029666f33cc6995168a96
0381/437ebc4635b9572eb191.JPEG	381	n02493793_2249_n02493793.JPEG	3107	437ebc4635b9572eb1916b198dbdd70015e5a61a9bfe76290535812a4b94b11f
0382/12b10a6ee75f312c7fc3.JPEG	382	n02494079_2434_n02494079.JPEG	1299	12b10a6ee75f312c7fc35e93862c2e4ef3440ee8ffa5b2b8ebc37eb481bf71b7
0382/d858f34bf5ed8692db13.JPEG	382	n02494079_2360_n02494079.JPEG	131	d858f34bf5ed8692db134363d90a98ce026b06db7195ce9d6ab08561020dec90
0383/b22f0c52f64566ecee9c.JPEG	383	n02497673_8094_n02497673.JPEG	2117	b22f0c52f64566ecee9c964406972e973aed88d56552b7195ab5710719ac2fa9
0383/c583fce0846503215e33.JPEG	383	n02497673_46_n02497673.JPEG	3355	c583fce0846503215e33ddfc37f41510a17382359dbc8270034f55f79b162fc5
0384/0da78c222249d389c541.JPEG	384	n02500267_14699_n02500267.JPEG	983	0da78c222249d389c541701661e340f381c9b690a8b83845e80714043f18b20c
0384/c0cbcad6919f8a6f7c74.JPEG	384	n02500267_12265_n02500267.JPEG	1402	c0cbcad6919f8a6f7c741f2f01127859bb8a8654d444c2a8cef6457bee819841
0385/090c037575c0ce999576.JPEG	385	n02504013_5919_n02504013.JPEG	1201	090c037575c0ce999576575e2fedeb40b7d9d514d478fb390797d9bbd38c58db
0385/0c96e3dc18a44df67578.JPEG	385	n02504013_5864_n02504013.JPEG	257	0c96e3dc18a44df67578c9af2c3c72822df2be6c5bb7c229ca85abfa40ff976c
0386/d51e59e33f4fff37c191.JPEG	386	n02504458_3378_n02504458.JPEG	2543	d51e59e33f4fff37c1914a264f57ad9e9250d33a974ad48e4a51251f231d16fa
0386/d567a306f0b1c503b31a.JPEG	386	n02504458_9354_n02504458.JPEG	1132	d567a306f0b1c503b31a65d53f842c476bcbea189f4aaf5d43b37b50d078c07f
0387/2435a3d81da7cfa8fa7a.JPEG	387	n02509815_924_n02509815.JPEG	759	2435a3d81da7cfa8fa7ad81a95bdb8c4a306c7996b352ba411826b3a96c7de96
0387/bd3e1097b0bed4e2e545.JPEG	387	n02509815_1087_n02509815.JPEG	1008	bd3e1097b0bed4e2e545c5b5f34fb961de6b37687ecec86193de4fcc3a76133f
0388/7aee084afb88de9fd859.JPEG	388	n02510455_89876_n02510455.JPEG	2246	7aee084afb88de9fd85951662d991f23728c2c1178459dc2fd662d7861571106
0388/d9104354431f2289f051.JPEG	388	n02510455_13781_n02510455.JPEG	3084	d9104354431f2289f051fc65e0a5513d0e5685c044cae738557c8e26d00facef
0389/0cc67aafb8e2ff580405.JPEG	389	n02514041_7523_n02514041.JPEG	7511	0cc67aafb8e2ff5804054fe29f9f0fba5b50e9b48a22e1ee5150d4e16da863fd
0389/c9fda08c831b93e1030e.JPEG	389	n02514041_2839_n02514041.JPEG	6740	c9fda08c831b93e1030eceaa0561e930b031ac830fb1a4ee681cefb294d108af
0390/e781c5ee83b5fa7eb524.JPEG	390	n02526121_7116_n02526121.JPEG	2659	e781c5ee83b5fa7eb52427b08da9d5c815f547f3c9f5882de30bd62fb98c732f
0390/f12159845c2882fa6d72.JPEG	390	n02526121_7731_n02526121.JPEG	2704	f12159845c2882fa6d72f047749f835eff5c79214b126d9fda18dc09bb02477c
0391/b71c26f8765accf21cc7.JPEG	391	n02536864_36679_n02536864.JPEG	942	b71c26f8765accf21cc7d47a140067dcecc389d9d91ad6023216054a126ca44f
0391/d633f40283a57d4921dc.JPEG	391	n02536864_36486_n02536864.JPEG	307	d633f40283a57d4921dcc2ed8da8317104e0fab31d97c12a850f47ebf7a4d112
0392/63d96c8c6a615e293853.JPEG	392	n02606052_16084_n02606052.JPEG	311	63d96c8c6a615e293853a820b2d7f82ed9a457665daa08ca58fb7c38f984a531
0392/f42e2fd812244e8d44d7.JPEG	392	n02606052_16997_n02606052.JPEG	20	f42e2fd812244e8d44d7222c4f3471fa9afd07d450b9dd7e05bed619354e1ba6
0393/03fc729f4d909d1908e8.JPEG	393	n02607072_13154_n02607072.JPEG	2335	03fc729f4d909d1908e8cd3689fa02faea0a6357ca9fd0898c5deb6f5a7d2d50
0393/356adb225304375886ec.JPEG	393	n02607072_3647_n02607072.JPEG	2260	356adb225304375886ec942e9ecee81949b05c244b2341cc4ab1e816c536078a
0394/c8d748e300eeece09ade.JPEG	394	n02640242_39492_n02640242.JPEG	3709	c8d748e300eeece09ade226b206436506fc97871e2cc7f04ac4494ed09b139d5
0394/f029b32f871a23302997.JPEG	394	n02640242_2816_n02640242.JPEG	1071	f029b32f871a23302997a14d4a55e091719481a512b076a15302917e7c4d6cec
0395/3ac068a4a5fd74ce003f.JPEG	395	n02641379_18727_n02641379.JPEG	2039	3ac068a4a5fd74ce003ffa583a27d5179677ec3eaf95894ce0f76a8a71f0a5dd
0395/c676ecfd59cf0b5a7656.JPEG	395	n02641379_15148_n02641379.JPEG	904	c676ecfd59cf0b5a765657c88d21f68396ad48cfd53734298a9ddbe9f8dc442a
0396/545f1e5741e5732354f3.JPEG	396	n02643566_989_n02643566.JPEG	1575	545f1e5741e5732354f3ad5975b643b06ee3e13f261ae03ec24e21253bc6c4dd
0396/cb72ff71bf8de380ede8.JPEG	396	n02643566_3124_n02643566.JPEG	29	cb72ff71bf8de380ede891363f3287d2c77edf25c9a01b641bc50e5a2211f0a4
0397/83ccd3f3c4068cacc3c1.JPEG	397	n02655020_22694_n02655020.JPEG	1324	83ccd3f3c4068cacc3c1aad5d398e3fbde7de444d9b54d40bf3bab845b3f70fa
0397/a854b74306cc77b68a24.JPEG	397	n02655020_47837_n02655020.JPEG	911	a854b74306cc77b68a2471f2cfd580c911b6d9176cb23aae34df2bfa8a065481
0398/6ca3a0884ec612ff1d45.JPEG	398	n02666196_29022_n02666196.JPEG	387	6ca3a0884ec612ff1d45cc535b39799a89809be62d46e4ffc7bdf92f53273906
0398/f0a035f5172e7d166870.JPEG	398	n02666196_17043_n02666196.JPEG	468	f0a035f5172e7d166870553c102a59fb1ef4154073b6fb2961bc5981392bc1a2
0399/3aba223da6094f0b98e3.JPEG	399	n02667093_5119_n02667093.JPEG	138	3aba223da6094f0b98e36edbb3eb371470094bc3dc14bdc21cf3f70e456c553a
0399/dbc66775264c8496ce4a.JPEG	399	n02667093_6336_n02667093.JPEG	18	dbc66775264c8496ce4aa44f319350c093374eb8ba594fa27865ddbea3199c1a
0400/a2995954b48d57b86418.JPEG	400	n02669723_10371_n02669723.JPEG	1646	a2995954b48d57b86418db82e2d6afb980e56aebf13db9a28052fdc7153fab65
0400/ed65b3794c6f5c20f0ca.JPEG	400	n02669723_9667_n02669723.JPEG	333	ed65b3794c6f5c20f0cadc3eecec29c6a93ff6362657f47ca35d7b3f55667c5b
0401/4bd0ae5c603a982b1bd4.JPEG	401	n02672831_2828_n02672831.JPEG	1967	4bd0ae5c603a982b1bd4cab383e7f7a270db71af4e37fca28779a3dc904d0e11
0401/8dc83e36cff4e3175b5e.JPEG	401	n02672831_1629_n02672831.JPEG	1002	8dc83e36cff4e3175b5e63e712ad9b10fb6680efc9fcd3cc612fa8e294dcde5c
0402/917bd5c603548cff150f.JPEG	402	n02676566_6467_n02676566.JPEG	3585	917bd5c603548cff150f15a2f235c70c75090a185c578e09c17dc727eec49c6e
0402/ee02ccc95363c6d03869.JPEG	402	n02676566_13083_n02676566.JPEG	4977	ee02ccc95363c6d038691b1162b2351829b0c17c1e332fdf95e5a24fca5b3dae
0403/20206f4c19f86663290a.JPEG	403	n02687172_69146_n02687172.JPEG	841	20206f4c19f86663290a39b85119e38d580fee6f119e350792349874eb1ccc3d
0403/883dba837b56cb876158.JPEG	403	n02687172_15909_n02687172.JPEG	741	883dba837b56cb876158a9058cf662c80c98a74bcbf0139597b97104853a3fa4
0404/54a58f438c68ef55fe9e.JPEG	404	n02690373_8666_n02690373.JPEG	1513	54a58f438c68ef55fe9eb600e934590c4a9aea14eab726521c136cb3322d7565
0404/9d54f921164c9ab8a9bd.JPEG	404	n02690373_11488_n02690373.JPEG	173	9d54f921164c9ab8a9bd32f03fd839d7e9a9f63e4e044b776e9151d1470c871f
0405/640befac0f4bd37d582e.JPEG	405	n02692877_7599_n02692877.JPEG	5977	640befac0f4bd37d582ed4175ab68c5d4ca9fb0b84008c58236b94626bdc7c80
0405/e580ed7177bd22e602dd.JPEG	405	n02692877_2030_n02692877.JPEG	4170	e580ed7177bd22e602dd3d2ea586e65dc0b834727f6d19d740c903f6f7f714dd
0406/1b4ee5ae2e516c3e23b7.JPEG	406	n02699494_1162_n02699494.JPEG	703	1b4ee5ae2e516c3e23b77a32c6825c2227ce7f3ead2c837b9526167723dcc460
0406/ebcd065e07c8caa63aa4.JPEG	406	n02699494_8362_n02699494.JPEG	951	ebcd065e07c8caa63aa4640bf18a868b31ad2d092abedba5181a60e7f9b85e3f
0407/87cfbdfb8f3392a8bb5f.JPEG	407	n02701002_936_n02701002.JPEG	437	87cfbdfb8f3392a8bb5fd5a39c24ca254cfeecb7f33abcea3cc9a87ebbf39d64
0407/db571797d3a5f4dd0d2a.JPEG	407	n02701002_5523_n02701002.JPEG	1336	db571797d3a5f4dd0d2aadeca707e337c12a0972a17fdbe238f514e9e14556a1
0408/12f891d9a3add4245771.JPEG	408	n02704792_5441_n02704792.JPEG	67	12f891d9a3add42457712176a00bf2dfc0896f6499e735e521711ac7ad2041ca
0408/b7bcbf61b0b2a23a885f.JPEG	408	n02704792_29317_n02704792.JPEG	546	b7bcbf61b0b2a23a885f227dd09449cd02b4988018904544e379927a9d0c16ec
0409/9074bdb919ab0f92031b.JPEG	409	n02708093_2442_n02708093.JPEG	1032	9074bdb919ab0f92031be0555188070715c413a4e8ba4a1c78c2265d36b38bf0
0409/b903a092f738f3aefa5d.JPEG	409	n02708093_1199_n02708093.JPEG	1129	b903a092f738f3aefa5d24064d6c4cdfbcf8a1dafe47d0392a9b878701436b23
0410/4ba7a7cf711d7eecf192.JPEG	410	n02727426_10473_n02727426.JPEG	6	4ba7a7cf711d7eecf192c9ce3bc1fd968d5287cce06a820dad2ce5df42694971
0410/ca3657ad627a02ae355d.JPEG	410	n02727426_5707_n02727426.JPEG	351	ca3657ad627a02ae355d916af2fcd952bb0470e79c595588b3e111c3f6bfa7b1
0411/9f8c71f66b44416877d4.JPEG	411	n02730930_6176_n02730930.JPEG	4090	9f8c71f66b44416877d4c1619733e7dd6d6a722e05707f758c326af10396d92a
0411/a7ea4ad610eaff41760f.JPEG	411	n02730930_18638_n02730930.JPEG	481	a7ea4ad610eaff41760f8020183ffa3622ac53af9728a6a3191d4a157a56274f
0412/130c5871e629d0b1b185.JPEG	412	n02747177_67_n02747177.JPEG	1022	130c5871e629d0b1b18500f5044db3572cafcd049c1cc45b54c9f748f1271c12
0412/e4575b77a0f75a5c840c.JPEG	412	n02747177_51009_n02747177.JPEG	1321	e4575b77a0f75a5c840c9c9d1f46ada7c6ad1e72fa084aa74f5cfcc06ecb6a09
0413/89b2aee48426ef162f6f.JPEG	413	n02749479_2168_n02749479.JPEG	1094	89b2aee48426ef162f6f554a9933d3ef09d491194a0281f16f3a1218261814f9
0413/b08dd4db55e439016933.JPEG	413	n02749479_3958_n02749479.JPEG	113	b08dd4db55e4390169336ddf15290bc45b82daa16cc706264ac68931dee16668
0414/16523fe4667660ad4f5c.JPEG	414	n02769748_43159_n02769748.JPEG	301	16523fe4667660ad4f5c5c3dee2669c8476e357f022faa821cace04b91d7d588
0414/dc3652149ce5a02c341d.JPEG	414	n02769748_46333_n02769748.JPEG	766	dc3652149ce5a02c341da58fde7d87675bcb5ee8b37d6f271733416603edfab4
0415/4ec2aef3694958a268a5.JPEG	415	n02776631_1161_n02776631.JPEG	1964	4ec2aef3694958a268a5865928d99b3ebd355f48fa3aa2bb035c51fa47ad9181
0415/9480a896c6823eb2fa58.JPEG	415	n02776631_6180_n02776631.JPEG	601	9480a896c6823eb2fa583f0a174ed5b202b426e565fb8712b750d081dd3cd446
0416/4b360fdd778db7a0cde4.JPEG	416	n02777292_16118_n02777292.JPEG	834	4b360fdd778db7a0cde45054e5c25b2a12fa060c5c449dcfe0030d0aacd03a9b
0416/5710e1a20342d92200e0.JPEG	416	n02777292_13841_n02777292.JPEG	953	5710e1a20342d92200e05ebfb539804d1953357a9d3119b333af8ee401005ee2
0417/13fc96958cf2e1bf0a62.JPEG	417	n02782093_4101_n02782093.JPEG	1909	13fc96958cf2e1bf0a628c229e9af897713e3c04c6d4181c46d14ccfdabe26d0
0417/2585d55cde3f5c28dab5.JPEG	417	n02782093_5373_n02782093.JPEG	626	2585d55cde3f5c28dab5f522e29cde4bd8a9988008a7953297542e02ec43e7b1
0418/0b89631f11339a85a3ac.JPEG	418	n02783161_23039_n02783161.JPEG	511	0b89631f11339a85a3ac3cc908cdcaee90fb994ebb96657f3cc04871107f4d21
0418/4800c5253ea53067abde.JPEG	418	n02783161_31097_n02783161.JPEG	1235	4800c5253ea53067abded833a2302b46cdaeb00449af08d3d0b8832a7e7bacfd
0419/40f99193386a0dc7638f.JPEG	419	n02786058_3344_n02786058.JPEG	6199	40f99193386a0dc7638ff9424b1889a35a4c0188c90bb12854b04b3801e9c029
0419/8c9918125dfc9c5ddf9f.JPEG	419	n02786058_8980_n02786058.JPEG	1566	8c9918125dfc9c5ddf9f8f8fbc08c2fbfdf9e24a5f25e4a99a1dd478e9478d50
0420/cfb2295e09cc5933a1b8.JPEG	420	n02787622_2221_n02787622.JPEG	709	cfb2295e09cc5933a1b800144ed0500bc70b8251e04c193205ccfc0e705ceeff
0420/d14112167854da57c812.JPEG	420	n02787622_5322_n02787622.JPEG	1378	d14112167854da57c812acc9c23581636bdd687ef4bf52980973218d0c44e960
0421/13695f91bfadf2e4506c.JPEG	421	n02788148_92890_n02788148.JPEG	3108	13695f91bfadf2e4506c93fea68a4731a47b1be40952904b4c1a1871a8cb7060
0421/b9570d7d540573b31e7f.JPEG	421	n02788148_38762_n02788148.JPEG	1310	b9570d7d540573b31e7ff181123b777889d5fc5e8378f31fa13ff6d0ecab84bd
0422/45f452a9806769e0871c.JPEG	422	n02790996_16233_n02790996.JPEG	681	45f452a9806769e0871c06fe3d6c8d59dfc51f2d7631e760ea514cd533704a95
0422/78b20219e7b3dc4dd01e.JPEG	422	n02790996_10953_n02790996.JPEG	1166	78b20219e7b3dc4dd01e3f8011a276e0691db1fb2901548a92d585d24cfea604
0423/15cb8244931ad1104005.JPEG	423	n02791124_244_n02791124.JPEG	51	15cb8244931ad1104005effcce291f017f85978d8666014d9a41a3aa06ea64a1
0423/b5b3de05141227992674.JPEG	423	n02791124_3710_n02791124.JPEG	6842	b5b3de05141227992674bfe34a2b884c42325530882332d2fcd2a842bcf7e5f9
0424/315015183f1cf10f079a.JPEG	424	n02791270_30486_n02791270.JPEG	884	315015183f1cf10f079a564b323b7dc73dc13d497dad5bd0eabb16b9c0ec274d
0424/e42538b307275a5ce915.JPEG	424	n02791270_22574_n02791270.JPEG	1147	e42538b307275a5ce91566590fe28461ae7d9c04ee20bac19525add02d7bf86a
0425/4a981130d08fb156eecc.JPEG	425	n02793495_22740_n02793495.JPEG	701	4a981130d08fb156eecca80b9d3ccb874c3e47ef200220c0b4fbb80aa2b917dc
0425/a7e9a0be5e32c17c0f97.JPEG	425	n02793495_20184_n02793495.JPEG	45	a7e9a0be5e32c17c0f977bef735fc6d1d0db59b4374680a6973b8f19ebcc6136
0426/09bcd33ec88e6427e735.JPEG	426	n02794156_2881_n02794156.JPEG	639	09bcd33ec88e6427e73510d463961337277213c90f1e1bb0857b0ee5eedbe959
0426/a69ef45427ff9676763e.JPEG	426	n02794156_18578_n02794156.JPEG	660	a69ef45427ff9676763e5c926fec19db5267151e84223cd5b8b7626871219d72
0427/4c43a5fb80a5c0f0e564.JPEG	427	n02795169_43778_n02795169.JPEG	4546	4c43a5fb80a5c0f0e564869a2ed9bbf6b7607174b5de51fe3e8ba9588fd5146f
0427/c96e8577e107a458a711.JPEG	427	n02795169_10821_n02795169.JPEG	3128	c96e8577e107a458a71157caff11da05f32ece5affc5beb6ce56b6b518931844
0428/2e43defb2383bbc2591c.JPEG	428	n02797295_23156_n02797295.JPEG	23	2e43defb2383bbc2591cefc44761d28f5a90bc55b64762f8da31c4f3fd5a579e
0428/ca43813b7df319c8eb6d.JPEG	428	n02797295_10701_n02797295.JPEG	2699	ca43813b7df319c8eb6d243272b84fc1768bf68bc91ca924949a861a5211c474
0429/12a106a6127798273627.JPEG	429	n02799071_13708_n02799071.JPEG	2177	12a106a6127798273627e17754f5e39e508c7ecededa2cf6afb56f90719b2004
0429/931462b6f3671560a805.JPEG	429	n02799071_4857_n02799071.JPEG	116	931462b6f3671560a8050d5bfc8e4b899fa739ea351eb04fcd0bbd8a77f1e3ad
0430/b875412658f47e8c1f00.JPEG	430	n02802426_472_n02802426.JPEG	1637	b875412658f47e8c1f00ee1b81e5e78592a51f73e5c94a222112768a522e912a
0430/d87358c66b3630162081.JPEG	430	n02802426_4801_n02802426.JPEG	4294	d87358c66b36301620818ffe65d024fb6038cb5540fa8151fe4f1de459702568
0431/5b9b7e006cbea80f0fa1.JPEG	431	n02804414_21_n02804414.JPEG	204	5b9b7e006cbea80f0fa150941e6b8ec98c673d5d9042a5e782047a3f1e8a60f8
0431/d55d4f4eea061c094542.JPEG	431	n02804414_4234_n02804414.JPEG	3014	d55d4f4eea061c094542e31d2bbf2c9b6db2484d161d8856078c6dbc9ab80c6d
0432/1039e09e15b7ff10ca1d.JPEG	432	n02804610_33643_n02804610.JPEG	2017	1039e09e15b7ff10ca1d07cd77205fdbf1d38197322c05c9bfefbc5f9bd68d16
0432/67ff0127d00876557127.JPEG	432	n02804610_4546_n02804610.JPEG	1809	67ff0127d00876557127c74e2ba1cca382913cb8c1e0a4c35103e9519b766a37
0433/5f8addcd560114c61ed0.JPEG	433	n02807133_18631_n02807133.JPEG	952	5f8addcd560114c61ed0e828262804f39f1c2f9fa6a63b4a4e989c8e6a5318f8
0433/f21ea426dbc3e66eb583.JPEG	433	n02807133_19887_n02807133.JPEG	877	f21ea426dbc3e66eb58393e16f95ce5380fa016d29738db3e446ec91abc23bce
0434/33289da561f705d16cab.JPEG	434	n02808304_4504_n02808304.JPEG	691	33289da561f705d16cab331005e4f243f62c30d52f2f9c95c0c278091441af27
0434/338e1759b470fc7c9dce.JPEG	434	n02808304_6511_n02808304.JPEG	2161	338e1759b470fc7c9dce051d44c3fe1468d4825885555f61299237470719c671
0435/7ab98e35b4ea6d3889cb.JPEG	435	n02808440_46953_n02808440.JPEG	852	7ab98e35b4ea6d3889cb1654fade7848334c7aaff03aac75c2b6d700e862b0c5
0435/7bf0693f74d976b3d922.JPEG	435	n02808440_20165_n02808440.JPEG	990	7bf0693f74d976b3d922be4c973bb1463ae795e40acf5cd8c8a252850e7fc7f3
0436/e1ab5e7b747a79ce54c7.JPEG	436	n02814533_42859_n02814533.JPEG	2492	e1ab5e7b747a79ce54c78e90c5b7a712de6caf4a93c8812ff919cd6af1d0f998
0436/f2d563e2ff32ea78c6ef.JPEG	436	n02814533_45210_n02814533.JPEG	859	f2d563e2ff32ea78c6efdfc13eb417234b7f3a3c16f908b78ac59f8f7b5a51f3
0437/548b7dc716b61d95b155.JPEG	437	n02814860_18385_n02814860.JPEG	3119	548b7dc716b61d95b1558f9de97fc86b5b6daf3d840624350d368a5a0d021e25
0437/fea83688e0dea0df351f.JPEG	437	n02814860_9409_n02814860.JPEG	287	fea83688e0dea0df351ff23235c91e7fd09d51d1eaade5bd27c52021cffea0ee
0438/0e67b94b450305c73fdc.JPEG	438	n02815834_5879_n02815834.JPEG	1585	0e67b94b450305c73fdc258285269699fc0db6ce56715fb6489b30c6a81769cc
0438/2013564e9ddd3d8d0b48.JPEG	438	n02815834_8689_n02815834.JPEG	2015	2013564e9ddd3d8d0b48ab4d3844a4d3f4e1100aa302998dc1b01c26df698a2d
0439/d22a971c9f56c566a96c.JPEG	439	n02817516_54123_n02817516.JPEG	1957	d22a971c9f56c566a96c7d24608b4744d0676240fe1543fdf18abf014ba5084a
0439/fa6307d7a229db54b67a.JPEG	439	n02817516_18647_n02817516.JPEG	2598	fa6307d7a229db54b67adca8a11b7332992eebcc0b879392e875d134f486fe78
0440/1725428515ea45fd92c0.JPEG	440	n02823428_2367_n02823428.JPEG	619	1725428515ea45fd92c0c91716cc7525ca9dec3a185f4eef2507073497e1334d
0440/9ab79d5b1dcab526d506.JPEG	440	n02823428_1431_n02823428.JPEG	1233	9ab79d5b1dcab526d50600a885d0f1a48668cb6744b4bc6343f6688a21344a21
0441/65531032094a04180b51.JPEG	441	n02823750_11508_n02823750.JPEG	1143	65531032094a04180b516d50b623437c367547f73a69a86ebd45f19374759243
0441/e9deab4b60ac7026104c.JPEG	441	n02823750_9803_n02823750.JPEG	2476	e9deab4b60ac7026104c12971651c1ccdc8bd5022b63916ea3a6267880db9a3a
0442/0712cd21dbd316088f87.JPEG	442	n02825657_10528_n02825657.JPEG	1896	0712cd21dbd316088f87fb4c6f24b7172b7804fbb0582bc1e23f71f8d5dd2979
0442/5b544b2d8e71b8d31040.JPEG	442	n02825657_22645_n02825657.JPEG	1875	5b544b2d8e71b8d31040a7209fdf22dbe5efdb8e386a462d0af7a5a5d8d93eac
0443/56007590d6d0bf5a3c32.JPEG	443	n02834397_6110_n02834397.JPEG	3002	56007590d6d0bf5a3c32e649c2ab1011c7bc7fc368f26aa1911ef628c0aacbad
0443/93d033494ba2192caf02.JPEG	443	n02834397_8907_n02834397.JPEG	458	93d033494ba2192caf023e2cd4aea5d4b4f5d90fe093cb565baf4730e0333ffd
0444/82eb567a863fbabc106e.JPEG	444	n02835271_1919_n02835271.JPEG	33	82eb567a863fbabc106eb9ff3a507f1fce5335b289a8d334154b22983c6fb92b
0444/ec4ab1ea11b974767454.JPEG	444	n02835271_10435_n02835271.JPEG	258	ec4ab1ea11b9747674547734fc66381fd3f7be47a3eba83a5021532b974954d0
0445/17b1f582fe3159eefa8a.JPEG	445	n02837789_110_n02837789.JPEG	2711	17b1f582fe3159eefa8a7d8e2afd4a295068e209834a87f943ba478fefea53df
0445/7eea0e32f08f789b17bb.JPEG	445	n02837789_12_n02837789.JPEG	436	7eea0e32f08f789b17bbe2963ea4205d4a8befc06892e0e13940a9bf0989374a
0446/2a99cfb57ccdf93a40b3.JPEG	446	n02840245_12718_n02840245.JPEG	482	2a99cfb57ccdf93a40b3ebce6d73c15f96f4d9c820c28e3a43158f02c2f52463
0446/586f594b396431799516.JPEG	446	n02840245_16626_n02840245.JPEG	787	586f594b39643179951696c251c5353c628187c659bfb8e187e9927a5d7c27eb
0447/73c8ff1e5142d7a25cf7.JPEG	447	n02841315_21074_n02841315.JPEG	245	73c8ff1e5142d7a25cf7d66e16f9a21b90c0ef6c40f780442d5c54a9315fcbb5
0447/d48b0751f9e098ef8394.JPEG	447	n02841315_55919_n02841315.JPEG	318	d48b0751f9e098ef8394f1671a5742400d47f157fad790fb6dadd9ad2f2e8c9d
0448/2e7244d53f0c1c2bedb5.JPEG	448	n02843684_798_n02843684.JPEG	4222	2e7244d53f0c1c2bedb5d8a975503cd420368ca08b8169c02490835897edf7c8
0448/3c6ebafbfec203c5108f.JPEG	448	n02843684_3195_n02843684.JPEG	2941	3c6ebafbfec203c5108ff02f59b8e9a97837f081b9ac168b18e97f0294fed0c8
0449/04f54e065b4a6feeb11d.JPEG	449	n02859443_2089_n02859443.JPEG	2602	04f54e065b4a6feeb11dea23692e38aeda22e8086c96792b61ce2201f9a94218
0449/623ce054adce15696e49.JPEG	449	n02859443_7609_n02859443.JPEG	1137	623ce054adce15696e4995402909d0ef23d4d3285ea33e1845bfa059cec4788f
0450/929cee0661c9701c5f44.JPEG	450	n02860847_18558_n02860847.JPEG	900	929cee0661c9701c5f44526bc6411fc5f0322efcce4d766ca6d946b59d01e165
0450/c14cb42e008defca78b8.JPEG	450	n02860847_7270_n02860847.JPEG	4587	c14cb42e008defca78b8c761a51b6c4a2a18fde6cdd240fd698c8cbe2fdba9ef
0451/4070eb3a95fe21b6f8dd.JPEG	451	n02865351_10535_n02865351.JPEG	1138	4070eb3a95fe21b6f8dd9b447bdc2a33b38729148ee3e86a9cda585c37a89d5b
0451/d8b78c9200a8736f8aa3.JPEG	451	n02865351_2977_n02865351.JPEG	1536	d8b78c9200a8736f8aa3641e0ab9c74a60e970140d71f12fa545fead1e5283ad
0452/820e880f5db639244c7d.JPEG	452	n02869837_3563_n02869837.JPEG	193	820e880f5db639244c7d47396903adbbafb482e57a71b26e157b608f7af01432
0452/e5883b9e2e38064fce12.JPEG	452	n02869837_11875_n02869837.JPEG	368	e5883b9e2e38064fce121fc6bc89cf08b25e5b7466993e90f39ffc723493605b
0453/1fd74890ecfeecbd02c5.JPEG	453	n02870880_14699_n02870880.JPEG	1841	1fd74890ecfeecbd02c57fc9b9dd8e731d36a85301b93d5a9b742f4098cc2239
0453/8b9f942fff5073146511.JPEG	453	n02870880_12484_n02870880.JPEG	195	8b9f942fff5073146511a3d65b8e8791f6bcf98c235c7dd7ce5bd1e002638c94
0454/72190f572de72bf62a17.JPEG	454	n02871525_10285_n02871525.JPEG	2306	72190f572de72bf62a17cf089e418153f5cef61ef08196f64dfff2ce1992d5a6
0454/a5d4c346d016d34b869f.JPEG	454	n02871525_7229_n02871525.JPEG	3911	a5d4c346d016d34b869f818ca26815f05110bad0b6a3af7a46958ebc23ecf307
0455/6208a2a2d710987ef9b2.JPEG	455	n02877765_10170_n02877765.JPEG	7	6208a2a2d710987ef9b272685084204bf287265fc2a74bb85aa1fed2dbffd98b
0455/d963d17835a29c21aed8.JPEG	455	n02877765_10488_n02877765.JPEG	417	d963d17835a29c21aed8fcc05bc3e6c6795a1afb0def93c46c7277f2342c26e1
0456/1882910ea4852ce1321e.JPEG	456	n02879718_23880_n02879718.JPEG	765	1882910ea4852ce1321e69f2bb8e524483fc12bfbf925c67edd1ad5725ef1e68
0456/c4d5e527c504598b38c7.JPEG	456	n02879718_22233_n02879718.JPEG	335	c4d5e527c504598b38c7ad3ba363e416d8fc6afba827f7b5bc0637b20ff9b422
0457/40e9db7ff0d2d8a39223.JPEG	457	n02883205_6909_n02883205.JPEG	933	40e9db7ff0d2d8a3922354a44a3bb896cf6186ada75d4a4fd02e832a50aca56f
0457/4a9d3f36a645e054867c.JPEG	457	n02883205_23715_n02883205.JPEG	2083	4a9d3f36a645e054867c026bad542fec8311a1537476cfa78adf1724e8d637ab
0458/7e3c0ba55f7edda815f8.JPEG	458	n02892201_28602_n02892201.JPEG	868	7e3c0ba55f7edda815f8e7f2a078e42f0e19db6d6535ad005e1e2edf61b4bad3
0458/fd4566a49a0c547dbb00.JPEG	458	n02892201_292_n02892201.JPEG	1043	fd4566a49a0c547dbb00ecf443ecca00b3dfffdc1bebb572f02148e42fc1ec5d
0459/6940f307e456aae21f54.JPEG	459	n02892767_7481_n02892767.JPEG	905	6940f307e456aae21f542426d2bf986659d4a7962c4dd04b516c5604ceb35499
0459/7beb68b8ad97b329b4ee.JPEG	459	n02892767_289_n02892767.JPEG	2070	7beb68b8ad97b329b4ee84a77621f9dd4dcacf89d940c23e488bbe1ec133710a
0460/221d450376595a24a787.JPEG	460	n02894605_73584_n02894605.JPEG	1196	221d450376595a24a787a3bda45ba2c5a9959a2aa13332dc923acb0e04b592d8
0460/9e870b3e928d4e14859e.JPEG	460	n02894605_37691_n02894605.JPEG	1004	9e870b3e928d4e14859e6665b2f8ff15a85d419c90bf5bea44498cd0e923ca56
0461/07c60df7b2f1ee8d251f.JPEG	461	n02895154_26672_n02895154.JPEG	3146	07c60df7b2f1ee8d251f96050c741a872976020e48f15218126985e4fe33a69c
0461/0e5f0b500d6c9ce97176.JPEG	461	n02895154_5564_n02895154.JPEG	380	0e5f0b500d6c9ce9717626346456cb6707bbc8f3e7f077c54a8a092d37ad5762
0462/073be55620061457643a.JPEG	462	n02906734_4862_n02906734.JPEG	727	073be55620061457643a2db374077970022c7af5274a6e1e8b1ecbb5cab2bf79
0462/13b288ee28b49b78e204.JPEG	462	n02906734_11081_n02906734.JPEG	42	13b288ee28b49b78e2047099212679b4f3e5ea95bde33439c743c6b772d278d4
0463/7664e4b26a6d626a5eae.JPEG	463	n02909870_34162_n02909870.JPEG	1384	7664e4b26a6d626a5eae47037f57a949d2eac5d9df10073ccfad7965f8a55613
0463/eba594433629bc19fcca.JPEG	463	n02909870_51557_n02909870.JPEG	1023	eba594433629bc19fccab49c653598966f2be24365ce0561eeab0daa8079e9c4
0464/6bcadbed5bbc61441bd8.JPEG	464	n02910353_9728_n02910353.JPEG	3041	6bcadbed5bbc61441bd89e8b70f444dafa3ce690f25dab3fa682ad7a34e64029
0464/6fc43b094b5fb02637b7.JPEG	464	n02910353_8659_n02910353.JPEG	1607	6fc43b094b5fb02637b753fd7122f2dc1f2de6c976908b21f463e95781b0136d
0465/85df79fc415bb5739c57.JPEG	465	n02916936_11405_n02916936.JPEG	5967	85df79fc415bb5739c571974f282f299af95d4458e3c8759284087a8ccf9fa87
0465/ec927d218f59a12ab006.JPEG	465	n02916936_6482_n02916936.JPEG	3448	ec927d218f59a12ab006a7e319857d4464a74d6546b622a29f7ebf94489dec7a
0466/0b89768222ec82650ae0.JPEG	466	n02917067_280_n02917067.JPEG	1131	0b89768222ec82650ae0b569d851184c98e79ac90759669afd635898f7aa506c
0466/551037b6d1f3ead64b3a.JPEG	466	n02917067_6819_n02917067.JPEG	960	551037b6d1f3ead64b3ad23346f2484fd3a32030bd7c983f381cd98d2d85f27a
0467/167e7fa21acfc4c1e3b7.JPEG	467	n02927161_16577_n02927161.JPEG	3239	167e7fa21acfc4c1e3b73518ee3ee17b4aa8cf6fb269db3e3f531035aaf65ecc
0467/269d2658261e73a87eef.JPEG	467	n02927161_10118_n02927161.JPEG	1236	269d2658261e73a87eef6213b97d2bdb8c8cc5d00c27d8772ec928feb21883a3
0468/1865ce4267c39b5639e0.JPEG	468	n02930766_10260_n02930766.JPEG	1931	1865ce4267c39b5639e0b886002dc1e596a4297296c0f20a401a467a63c999ff
0468/4ed4982b8926b5b65202.JPEG	468	n02930766_16842_n02930766.JPEG	1189	4ed4982b8926b5b652029e56cfb947323a65065b7205edf020d0d59302783f49
0469/f034b3b4771a0c6ed333.JPEG	469	n02939185_15613_n02939185.JPEG	563	f034b3b4771a0c6ed333d8f1478b75be3b3be5714072b0093cb083cf7bf11386
0469/f4139809f6f22ca5cf39.JPEG	469	n02939185_1624_n02939185.JPEG	383	f4139809f6f22ca5cf3994d7630d6177d7d905813b955235a28a5824923a8619
0470/9805158c10a2418dab96.JPEG	470	n02948072_1692_n02948072.JPEG	2714	9805158c10a2418dab961494fb9a31faabc188a1a01c5e190785ae225d86e9da
0470/d80062d96692f18cd922.JPEG	470	n02948072_56330_n02948072.JPEG	4290	d80062d96692f18cd922297236e198d4df7623f7a1850d9d2f42cd8b1d92862f
0471/d298131de8ffff1c63dd.JPEG	471	n02950826_7945_n02950826.JPEG	906	d298131de8ffff1c63dd4373ddbfac809ede5cbc4e997257b5c715863fd1d6ce
0471/e6596d758b821301abfd.JPEG	471	n02950826_29682_n02950826.JPEG	651	e6596d758b821301abfdf5f91aa55d5127c2abd0d9cbe7d717b0ce9cad08c7c0
0472/208949c916f4b3838f9d.JPEG	472	n02951358_29946_n02951358.JPEG	4119	208949c916f4b3838f9d9e95aa5949e5fb5dd4495bb020cc0f148e95e7e02bea
0472/970f90dd70e5cbf6a235.JPEG	472	n02951358_32690_n02951358.JPEG	3562	970f90dd70e5cbf6a2354f915837178f36756cb8d98e494cc966fe0e30f4763f
0473/0525304d74c3d30f7867.JPEG	473	n02951585_1258_n02951585.JPEG	2431	0525304d74c3d30f7867c8ff59dac323e94dd9b982bf6794b21a802eff43dcc7
0473/774b21c7b06f05d37d1c.JPEG	473	n02951585_12713_n02951585.JPEG	1852	774b21c7b06f05d37d1ca1334d7c37847c79c82813890c6b339feaf2904cc84a
0474/ac39667640a1241b75bb.JPEG	474	n02963159_4371_n02963159.JPEG	146	ac39667640a1241b75bb7e6cff7afa3efd2eadebf666756107ff1c45b6ddc788
0474/fbd026602de19e82a38b.JPEG	474	n02963159_9517_n02963159.JPEG	206	fbd026602de19e82a38b74e3f00183c48984da8162a4faa4d36020cfbfa38771
0475/76d22d67d683710ca732.JPEG	475	n02965783_2519_n02965783.JPEG	1657	76d22d67d683710ca7321fdc1ce880e6c2aae9137b274a7d65671827e862ad51
0475/ef36dbe9d6da1befdaff.JPEG	475	n02965783_7197_n02965783.JPEG	958	ef36dbe9d6da1befdaff86381e5426d401bd9ac5271ca0c168e60df4e9d182d8
0476/110004f563b9679bbf89.JPEG	476	n02966193_6369_n02966193.JPEG	1961	110004f563b9679bbf8910badf0664c65d2b3ecf4581158cf093ba69ace0e33e
0476/5269f93a3be76d987d67.JPEG	476	n02966193_33691_n02966193.JPEG	2020	5269f93a3be76d987d673b93238f22f3969544e7124f9a7449fd7223ab5714e0
0477/c1c1c3f3fcf2d139470e.JPEG	477	n02966687_13155_n02966687.JPEG	1052	c1c1c3f3fcf2d139470ed088f855ef067a5dd3327915bc0c146cb6eb10c01027
0477/f296c022796a7369639f.JPEG	477	n02966687_5936_n02966687.JPEG	299	f296c022796a7369639f5bfb96d210bebfadc70972b915f8417e6ce9839adf55
0478/10858f946fc9004e5e38.JPEG	478	n02971356_12167_n02971356.JPEG	2469	10858f946fc9004e5e3845aa90560c2f63840504899f8061e2e3e83fa791fa27
0478/b9aec0d537963c147cca.JPEG	478	n02971356_32067_n02971356.JPEG	1679	b9aec0d537963c147cca17329820abd656c0caf06146ca79646bbb1611f977bd
0479/318c652756875d703f8d.JPEG	479	n02974003_8219_n02974003.JPEG	1253	318c652756875d703f8d2d43283161f81619548bc33075be4e89260f46ca857f
0479/c1435ddc7ecc2c28cf51.JPEG	479	n02974003_8999_n02974003.JPEG	1977	c1435ddc7ecc2c28cf51e73d4ff6766ce38866c9c3d761cb421040cf52e7c70b
0480/9f0fb41f4640980a2cf1.JPEG	480	n02977058_19422_n02977058.JPEG	2727	9f0fb41f4640980a2cf18b1d275bbc14e887b330e6f01607079bcfbb3b1dc884
0480/9fbf3a591dca97856afd.JPEG	480	n02977058_15123_n02977058.JPEG	4503	9fbf3a591dca97856afd5a6945dc1b8c5624bcf8b96a4c8df5a6fc5eacac19b7
0481/4133f345db6eb0c9b7de.JPEG	481	n02978881_124_n02978881.JPEG	43	4133f345db6eb0c9b7de6d4a3d360c97590f486c793117039df743d61ed955ed
0481/7a0547fc5fa8bddec567.JPEG	481	n02978881_5587_n02978881.JPEG	930	7a0547fc5fa8bddec5673b5edf5380d2939811c4018da10ef891e3d0ece889ba
0482/1884be1692c3e4bd0070.JPEG	482	n02979186_12049_n02979186.JPEG	405	1884be1692c3e4bd0070125dab33f5103cd876bd7da40e530e7dc6300ee70bed
0482/b2edf25131d07620fcf0.JPEG	482	n02979186_15521_n02979186.JPEG	919	b2edf25131d07620fcf05dc0459785460157e29e0ddf6f1b5e3a8abf3fcda8f1
0483/070aaa35040175ee7a2f.JPEG	483	n02980441_32687_n02980441.JPEG	273	070aaa35040175ee7a2fe47982f47a4f80abb3b837fd5d16e1dae6623a297931
0483/c7ab82836a982495980f.JPEG	483	n02980441_2530_n02980441.JPEG	10	c7ab82836a982495980f2e0e520c04a78b52b5b55bbfc0828f08560e0b5e9950
0484/0f652a6c08630c127497.JPEG	484	n02981792_9883_n02981792.JPEG	1219	0f652a6c08630c1274971e3e171a6d89ec671cef6f73c7c7d47cde2217e19b6f
0484/5b0a52174a107628793b.JPEG	484	n02981792_19842_n02981792.JPEG	653	5b0a52174a107628793b85694cf602836d13fd54d0e7ddaefcbd2bf2d60b9c46
0485/35a118e0645efcf7f1fe.JPEG	485	n02988304_8254_n02988304.JPEG	2326	35a118e0645efcf7f1fe0231c9fb9e058cc0ada3f4f4ab686c32b613820b847f
0485/c0c7860c23ed5fe35ba1.JPEG	485	n02988304_12508_n02988304.JPEG	3237	c0c7860c23ed5fe35ba1eed84416bd0c7c6399b2f7b1297ce8b69964cd328438
0486/6d692a6b084712535c45.JPEG	486	n02992211_9119_n02992211.JPEG	1455	6d692a6b084712535c455bbc6fd293130219996ab8644ef7d1fb6385f575f6d6
0486/768716cd1ae8db02707e.JPEG	486	n02992211_35093_n02992211.JPEG	1039	768716cd1ae8db02707e3abb39ea0686818fd971e2aadd0663eb7cb37ab27abd
0487/0c5860107edd38d32104.JPEG	487	n02992529_31466_n02992529.JPEG	2126	0c5860107edd38d32104375ab701236a1ced4bdf306366615b6ff680ef48adcd
0487/82c6128f86c62e4844a7.JPEG	487	n02992529_52151_n02992529.JPEG	838	82c6128f86c62e4844a7d4fef97c9bcade1772481f30370b6d69a58b608b513f
0488/4a5d88980296c78129d1.JPEG	488	n02999410_8487_n02999410.JPEG	533	4a5d88980296c78129d166d726a84249444ed14ee805bab47559b210c200e70e
0488/d4d5c5a24fb115d3db32.JPEG	488	n02999410_17848_n02999410.JPEG	216	d4d5c5a24fb115d3db32c9d4d87e4c6888742264a47cd80300816216a266d2d5
0489/32cd808b8274714d9411.JPEG	489	n03000134_1150_n03000134.JPEG	1246	32cd808b8274714d94115e6ab2142ca242bb4214f7bb2b30c497a2d9ba178214
0489/581551dc0bf576c0c5cd.JPEG	489	n03000134_2983_n03000134.JPEG	276	581551dc0bf576c0c5cda55a9f426812487f3896f3bbfb1f2e2802119db5a3f4
0490/7c3d1c4864d8a8be9c43.JPEG	490	n03000247_37973_n03000247.JPEG	353	7c3d1c4864d8a8be9c4363ff6b0f213b214197f53ffce33eeed3380feb9754dc
0490/bf3f64b37ec907a00fac.JPEG	490	n03000247_53049_n03000247.JPEG	568	bf3f64b37ec907a00fac8f3c897203d074643ab188f2935f294df1c74a7dd755
0491/9b579e9c703609d8080e.JPEG	491	n03000684_21853_n03000684.JPEG	3782	9b579e9c703609d8080e9ef708ebc3a44c11e6d270e86b4b9d0cd8504fc03624
0491/9dfea7fd41bbdd842a7f.JPEG	491	n03000684_665_n03000684.JPEG	2623	9dfea7fd41bbdd842a7f7fa48614ad63a2ffaa22d8a0a0dac71106c62094968b
0492/4a1c8f9a680ff0476f45.JPEG	492	n03014705_2865_n03014705.JPEG	607	4a1c8f9a680ff0476f4587773c81691b25af31ee5e8c60d3ea7eeb5d638d1ee7
0492/504ef4b540a7d6a1954a.JPEG	492	n03014705_7300_n03014705.JPEG	1309	504ef4b540a7d6a1954a414cba78a2bea313b551116b3f00fb860b23f27644e4
0493/74b41b1dcc4de7234571.JPEG	493	n03016953_3763_n03016953.JPEG	1804	74b41b1dcc4de7234571c77c594918d8678cc2a8a87f01f7476d5b5b6429d021
0493/7be40d3dcb0bdc7d4d42.JPEG	493	n03016953_12580_n03016953.JPEG	1499	7be40d3dcb0bdc7d4d42c245334fa0e17e500bc738370684e973b1b3c925026e
0494/72d136b61e9d35189e10.JPEG	494	n03017168_75941_n03017168.JPEG	1930	72d136b61e9d35189e104470d9d027dd3f3b3fb2b89cd572f3edb665cf3b0c9d
0494/abfb21456aaf7d52e9b1.JPEG	494	n03017168_84461_n03017168.JPEG	344	abfb21456aaf7d52e9b1b6254311196086205d236e3a508f20bdd7865ea17a25
0495/2824b55520a0a036cc32.JPEG	495	n03018349_8914_n03018349.JPEG	1191	2824b55520a0a036cc328b8cf61bed8101e864b1e983f5c7700f67b0d27763e2
0495/5fff1a3a2f48464e8fea.JPEG	495	n03018349_10255_n03018349.JPEG	3694	5fff1a3a2f48464e8fea47cd71c2e455a24dcb8a7a0739c8a6dca02174133e17
0496/161689abb7b7f586df67.JPEG	496	n03026506_5781_n03026506.JPEG	463	161689abb7b7f586df67e08dc2456194dabc52b8df734c62fe4ee9bd17a85916
0496/e7752cdba2c9195fb164.JPEG	496	n03026506_743_n03026506.JPEG	93	e7752cdba2c9195fb164bb92e03893a16e7be7aa08b8cef36e4738c8ab3d1151
0497/2edb7b2ee80676f9302f.JPEG	497	n03028079_7595_n03028079.JPEG	1042	2edb7b2ee80676f9302f6f9a81242e6b90533c4dd584b309d758a17008f75488
0497/cf84d8e646461cc18681.JPEG	497	n03028079_26577_n03028079.JPEG	1464	cf84d8e646461cc18681b3964a8ab3f3fa05b3b5f4817106bb49be1957e52549
0498/900abd177bd89b10bac3.JPEG	498	n03032252_75769_n03032252.JPEG	2532	900abd177bd89b10bac3e1adaf70fa0f13e1aef4bb3a3cffeaa5619f7ec4bdec
0498/f0ee867f74eeb793997a.JPEG	498	n03032252_27121_n03032252.JPEG	2239	f0ee867f74eeb793997a610a4b50487bc57c8ad8fd46855382f543826235e9c3
0499/26015f073f97e9f832f2.JPEG	499	n03041632_1671_n03041632.JPEG	62	26015f073f97e9f832f22f23fca0e4dffb7fb0f86eeb19d241da93bb7cbec824
0499/822f572574c51ea6abe2.JPEG	499	n03041632_39952_n03041632.JPEG	857	822f572574c51ea6abe2751c920aefcc1c2af81722453628651aced29eed8fcc
0500/5a23452c9c751357a6dc.JPEG	500	n03042490_8864_n03042490.JPEG	108	5a23452c9c751357a6dc47ecc321253f758d8341822dcfbcf983dcfcb47e1d87
0500/a3a2e2c774ad14cd8026.JPEG	500	n03042490_1354_n03042490.JPEG	915	a3a2e2c774ad14cd80265365b692a360becf1fcfff927ab6678f206af56e5c0a
0501/2911fca9deb696a8c2a6.JPEG	501	n03045698_5471_n03045698.JPEG	188	2911fca9deb696a8c2a6b490153dd6ae85a1d9817b788ce629d894e66894c254
0501/4a8f1df84586dac2948b.JPEG	501	n03045698_6401_n03045698.JPEG	2756	4a8f1df84586dac2948ba43548c977c2f03259061e5c05497d72225475bd71f1
0502/2566f9e7b1a41fe32236.JPEG	502	n03047690_194_n03047690.JPEG	1059	2566f9e7b1a41fe32236eab2b41e4c37388c80a505b7351b7efdf24c49ac0c0a
0502/c886cc67edc0dd71a8d8.JPEG	502	n03047690_12766_n03047690.JPEG	1351	c886cc67edc0dd71a8d8e0bebb3117c56d405fb10495a0fc6b2c94d299860418
0503/ae80cfdcc621e634a252.JPEG	503	n03062245_611_n03062245.JPEG	899	ae80cfdcc621e634a252abfb877df219fb54ddf97e59dbe72975f92ac0bc508d
0503/de7a6a16b596bc2bb6dc.JPEG	503	n03062245_281_n03062245.JPEG	2144	de7a6a16b596bc2bb6dc34c8d735c15c6dd8ef8ae14cbfe4f0bb0159ed1f2d4f
0504/4a1decab112c8fd6eaae.JPEG	504	n03063599_4531_n03063599.JPEG	1450	4a1decab112c8fd6eaae90505618b25127aaa69ecc3f80e82d00d2dc20155836
0504/eaf9f83d4d9f508526a0.JPEG	504	n03063599_4005_n03063599.JPEG	1407	eaf9f83d4d9f508526a0d3f103c3fe7393853737950b1ab2f7ebef118d16f825
0505/62746115d0dfcdac51c1.JPEG	505	n03063689_10699_n03063689.JPEG	645	62746115d0dfcdac51c160e8f564860c3c88e063ab92ff87b2dd2b9311b94566
0505/f38793e3d7b41dbf7516.JPEG	505	n03063689_14182_n03063689.JPEG	252	f38793e3d7b41dbf7516fe30fdff30ebc958d3d45ba8206978f6ba94b14198e3
0506/049b780eab7f19ef9c75.JPEG	506	n03065424_19404_n03065424.JPEG	1420	049b780eab7f19ef9c751f7a3de31831f6ec001ea69459a8cf877476d083c679
0506/532be960fa9a9373475d.JPEG	506	n03065424_35962_n03065424.JPEG	496	532be960fa9a9373475d477ba156ba84441d82cd4bc76a495578e067981502f3
0507/4614b8c1875a6a9d9b63.JPEG	507	n03075370_13669_n03075370.JPEG	3215	4614b8c1875a6a9d9b63a281cb552ef1fd6b9ef1e95e8cf0ad2a1963da852134
0507/e1204f7f262c05d16c36.JPEG	507	n03075370_6230_n03075370.JPEG	3551	e1204f7f262c05d16c36f6ee4e3bec293646807f0d826082c542c48be59e6422
0508/0907ba8ec770b2bd28c9.JPEG	508	n03085013_20222_n03085013.JPEG	1839	0907ba8ec770b2bd28c9fd78a15e21445ecc9874f0bd146a8cc788eda4b30c24
0508/6b82430aaac51945e438.JPEG	508	n03085013_21491_n03085013.JPEG	179	6b82430aaac51945e4387d3927570d30137c52392942c5396ffc6df46784ae80
0509/ad2b6b4f3e9db51a795c.JPEG	509	n03089624_379_n03089624.JPEG	123	ad2b6b4f3e9db51a795c34d59e91aec6c27051643400e6002abbcc880dda559a
0509/c7d3faee1234c4aa0d9b.JPEG	509	n03089624_18943_n03089624.JPEG	212	c7d3faee1234c4aa0d9b1ac431f057272f0a4d0d4bcf160d44a587115a0eb0bd
0510/12ef95e0054704ffd4ca.JPEG	510	n03095699_33151_n03095699.JPEG	949	12ef95e0054704ffd4cae698c9bd6decbfb2698489287cd0649529ba16cbe4b6
0510/649bcc4bc09a9de3d194.JPEG	510	n03095699_33342_n03095699.JPEG	1160	649bcc4bc09a9de3d194b7c82addc78a6bd80a8154b9bd76592884ae4e0da0aa
0511/894ab5c39a59b2124427.JPEG	511	n03100240_1989_n03100240.JPEG	508	894ab5c39a59b21244270e902d9e44d1908dc03345ae59fa2bff98fa4f015202
0511/8c741557814be10c6fc8.JPEG	511	n03100240_10440_n03100240.JPEG	1928	8c741557814be10c6fc81a2018c584d07df08ffa5679494ff7cfbe2f7fe75308
0512/439d90d7eb60820e400f.JPEG	512	n03109150_26763_n03109150.JPEG	3120	439d90d7eb60820e400fa240dac1c90858e34bc5caa3d55b490965c50787b91a
0512/79d82f0beb7d75493d4b.JPEG	512	n03109150_37539_n03109150.JPEG	1182	79d82f0beb7d75493d4b87aea4bb85118ab90859a1e2116aa7416f9d221dec4d
0513/70cfc8b2e1329c1d893e.JPEG	513	n03110669_41175_n03110669.JPEG	4073	70cfc8b2e1329c1d893ed123920e73274a16fc92b6bf07202a5df3be1e7924ed
0513/9aa8ad8bef65d1094c20.JPEG	513	n03110669_78853_n03110669.JPEG	1445	9aa8ad8bef65d1094c20c5d130204d9c442868e244eb1cebdbb62ef0c0cea80d
0514/2a85e975e91b5d5d4978.JPEG	514	n03124043_899_n03124043.JPEG	585	2a85e975e91b5d5d49781323ede232a9fcb6e02db0ab168cc11ff14892c386f5
0514/98089513999fc9e918f1.JPEG	514	n03124043_150_n03124043.JPEG	360	98089513999fc9e918f18fe7c935ef3a363f0e12b7e998318470a7aa29fecb1d
0515/2136e48eefcaf1cda98d.JPEG	515	n03124170_1415_n03124170.JPEG	2105	2136e48eefcaf1cda98d74c1ea9c1ab491160a8bb4408852d7fdb4fac9b2087b
0515/beb23d6300bd45a8f20c.JPEG	515	n03124170_9833_n03124170.JPEG	1164	beb23d6300bd45a8f20ce1d614609b8c23e9902feb7aa95d7e59e8f1d13195ad
0516/73cb769f3a2c5f84f768.JPEG	516	n03125729_842_n03125729.JPEG	1792	73cb769f3a2c5f84f768295f7ec7351b716f1296877cff9bca751023a6828ab5
0516/a3502f1545d977a7551a.JPEG	516	n03125729_14699_n03125729.JPEG	1472	a3502f1545d977a7551a9d903376de8575607835adfef0f6bac884dbbe43d4df
0517/78fcc0c93ffb13cd098e.JPEG	517	n03126707_8784_n03126707.JPEG	3086	78fcc0c93ffb13cd098e25ef161c8bf8155664e52206e310d503cb1b70d9913d
0517/8ae9cfd178471e6c431e.JPEG	517	n03126707_10237_n03126707.JPEG	537	8ae9cfd178471e6c431e7fb6d17921babaa6d5fb0ddce0c16021144aca6aa528
0518/010b1c56248b70a6ca94.JPEG	518	n03127747_935_n03127747.JPEG	265	010b1c56248b70a6ca94b48a80a1283d02ae12c84c19d91f51ce8769aa4a94bb
0518/20c12e881556c21e5545.JPEG	518	n03127747_7314_n03127747.JPEG	556	20c12e881556c21e5545b64d4c2037f6a38bc7fab3e376922d68f9defd25ca4d
0519/4a059b5cf06b2a1febee.JPEG	519	n03127925_1838_n03127925.JPEG	676	4a059b5cf06b2a1febee2f8b65114c139aa705a71820173fa81aa52ee7fe2709
0519/9d9604b6d98c84512b7e.JPEG	519	n03127925_4415_n03127925.JPEG	1406	9d9604b6d98c84512b7ea984c707c6ad5cc3b0e3d84601c1267ee8de77070f1b
0520/984fc5d9b63dad4c7174.JPEG	520	n03131574_7812_n03131574.JPEG	1394	984fc5d9b63dad4c71745da6e8e80c882f616b5790ff3a3f0ff7d842833a7a6a
0520/d3b4203b4453506269d0.JPEG	520	n03131574_21845_n03131574.JPEG	1214	d3b4203b4453506269d0336fbe1a22546253570053dbebb6d359a60326566b0e
0521/016d71e012a171e04fea.JPEG	521	n03133878_2503_n03133878.JPEG	1056	016d71e012a171e04fea4c3c29e7deb2517bdf20851ebdbe462ada38a02d5430
0521/dce76ba1fbf1a27ae7c8.JPEG	521	n03133878_6184_n03133878.JPEG	3720	dce76ba1fbf1a27ae7c8ed509afb7701e34f5ab0574e93ca33b476d3426ff561
0522/11f038b07ef6d3d3c5f9.JPEG	522	n03134739_2926_n03134739.JPEG	38	11f038b07ef6d3d3c5f93ea33f31108c60949622eb960324da312c787ac7c2ed
0522/a2ec5f3fcccbcec7305d.JPEG	522	n03134739_4902_n03134739.JPEG	2402	a2ec5f3fcccbcec7305df58980295e81811b62e25c00e09e5d62f1e47f8c30e0
0523/46330d25d9975c7a26dd.JPEG	523	n03141823_13185_n03141823.JPEG	559	46330d25d9975c7a26dda507b213bff03cc9dc7d93072757b730c07335f9bf31
0523/5f17cbbd02fe918aa687.JPEG	523	n03141823_12869_n03141823.JPEG	657	5f17cbbd02fe918aa687836d7277a5a081fb2177b51bb3a74a859e46b0bce465
0524/38bcad7509cb3ac06a39.JPEG	524	n03146219_7603_n03146219.JPEG	560	38bcad7509cb3ac06a391bbfbc5534dc788e552557105cb6636438b345c961b5
0524/f242ad7795b00b1801ff.JPEG	524	n03146219_11322_n03146219.JPEG	82	f242ad7795b00b1801ff4f0bbf110a49055496e2b26309d76710248e187c30d3
0525/591b3942a5691b680b67.JPEG	525	n03160309_44901_n03160309.JPEG	454	591b3942a5691b680b671802f6d457294bb2be6d734c42085c8bdb8eeda8818e
0525/d51ddef87234ca00fc80.JPEG	525	n03160309_18535_n03160309.JPEG	11	d51ddef87234ca00fc802c4c0b7332a343e65ad05b8c8ae47b728184fce07b65
0526/217c207c1b08f21ad031.JPEG	526	n03179701_235_n03179701.JPEG	384	217c207c1b08f21ad031ee7b38f7ce1d11829f683d1fefcb2f8a026032b925b0
0526/9c5724637e62742b0b4e.JPEG	526	n03179701_8635_n03179701.JPEG	232	9c5724637e62742b0b4e8b366e871e979e9313b9a4c0b39e1605827c419e3bb1
0527/9abafb20cf6ea2b9559a.JPEG	527	n03180011_1467_n03180011.JPEG	875	9abafb20cf6ea2b9559a4c07afbb854c0afa551758b79c98b270e7ff0c91c29d
0527/ca71a9af9c8aea42281c.JPEG	527	n03180011_9558_n03180011.JPEG	610	ca71a9af9c8aea42281cd54ca4015600977d5e1edc8be1c20aa02a54f951094d
0528/4ffa19a363af1ca821f2.JPEG	528	n03187595_16580_n03187595.JPEG	3918	4ffa19a363af1ca821f2d5df6d07b6d2e4e332d19c8bce08324c3f471c3c7edc
0528/6fbc2b92e26eff7391c8.JPEG	528	n03187595_5964_n03187595.JPEG	1162	6fbc2b92e26eff7391c8bd197e8cff4f54be4b01ce30a044b05eb43cd24ca5ef
0529/180832e21180f480eae6.JPEG	529	n03188531_43040_n03188531.JPEG	1545	180832e21180f480eae6fac48eff9e420c97461ed043716ea61c76e17caf30e4
0529/578d1f00bfaee19c7d50.JPEG	529	n03188531_16882_n03188531.JPEG	1612	578d1f00bfaee19c7d50265cfe8fe7fd0cbd4cc29a2af47b9e7f832d305a92b3
0530/4bda2206f0b924d9f397.JPEG	530	n03196217_6946_n03196217.JPEG	1515	4bda2206f0b924d9f397ea04fef1d5759196c93320a756d5801354cefa7d77fa
0530/d26d66766f5e85c19a70.JPEG	530	n03196217_4937_n03196217.JPEG	1897	d26d66766f5e85c19a70f3dc13f2e1548c291bb9050c600c876525ae95ec82b6
0531/690c98198a5b028beb7e.JPEG	531	n03197337_2682_n03197337.JPEG	6953	690c98198a5b028beb7e80a25efc673a06bf849406ad48abb9c6a9fb727e5913
0531/baeb6a73d232681dd4be.JPEG	531	n03197337_6539_n03197337.JPEG	3935	baeb6a73d232681dd4be3947556535079f2338837e27d0f18a1f99b47e99f3c9
0532/8ad2393cc6525e272f8e.JPEG	532	n03201208_318_n03201208.JPEG	272	8ad2393cc6525e272f8effe7819cb6ae3bfb0b0bd7ae47c6abf08f097b8f911e
0532/a11eb001d36470851d1d.JPEG	532	n03201208_9112_n03201208.JPEG	1366	a11eb001d36470851d1d20898313d97e554340ddece85d42e854ff5cf8c9a361
0533/9a04742714f483ca76ba.JPEG	533	n03207743_1323_n03207743.JPEG	1352	9a04742714f483ca76ba22d3d8a6d1c7b8d970555065808df218aa8dceb28153
0533/e708789593e2e54efb15.JPEG	533	n03207743_7581_n03207743.JPEG	1120	e708789593e2e54efb1512c58a720d89d80b9660052027798076abc2e4ffea1d
0534/97368e2845222f69caa9.JPEG	534	n03207941_12710_n03207941.JPEG	2443	97368e2845222f69caa9878af59c714919f8e031d02c33e1766b262cc2bd40dd
0534/cc48e95e80c32b72c460.JPEG	534	n03207941_17768_n03207941.JPEG	1583	cc48e95e80c32b72c460d882c83ec3e6340af978067ae00564df73f49b5d4ba1
0535/28a9b1b8e494d97069de.JPEG	535	n03208938_6289_n03208938.JPEG	1218	28a9b1b8e494d97069dea2e21a37487021dbbf309e929a9bbda1db8bba76f868
0535/b61972b9221122d9587b.JPEG	535	n03208938_10736_n03208938.JPEG	867	b61972b9221122d9587b79d666c2de3c31e27c3f76b5d468b8c228deb3b52010
0536/3d81074d8ef2a92bf56a.JPEG	536	n03216828_77346_n03216828.JPEG	892	3d81074d8ef2a92bf56a5e0fb443c49137b6ee1dd1be49ea2678f95b811cb05f
0536/e5d5b937341913f3a400.JPEG	536	n03216828_129067_n03216828.JPEG	56	e5d5b937341913f3a4009c92ba4c83aa53500c03be6ae46ba7dbef42457da276
0537/0a7e3e4d7e04c766f552.JPEG	537	n03218198_15021_n03218198.JPEG	879	0a7e3e4d7e04c766f552d36de6b5f84dc301338bbaf0f9ead341e79c51421032
0537/85d72c8d94829de0c80a.JPEG	537	n03218198_12214_n03218198.JPEG	744	85d72c8d94829de0c80a8fda1f88242fc5bdcb0a70b0f740b73899320101c2e8
0538/2bba03295198fe73a07b.JPEG	538	n03220513_1909_n03220513.JPEG	479	2bba03295198fe73a07b004b856e5e425075b1ea9564ed77b73e627df9901ef4
0538/edffcef5132a24b602e1.JPEG	538	n03220513_3673_n03220513.JPEG	132	edffcef5132a24b602e1e6d5657f692f892795a4f6ac6e520a10428cbbd01da4
0539/0f428f4621a9708b4fcf.JPEG	539	n03223299_2845_n03223299.JPEG	65	0f428f4621a9708b4fcfd9ceb90c51cede19e1c4eb444c5ea1a1510fd834fd4f
0539/32a8771dff9625d8d578.JPEG	539	n03223299_6398_n03223299.JPEG	9	32a8771dff9625d8d5780b8fd6a86b557f6d83e7719401a33461acd86953afe4
0540/14c457fa761fa54791cb.JPEG	540	n03240683_3919_n03240683.JPEG	1597	14c457fa761fa54791cb6549054360fc7dd5e18bd8c93e2a88aef2abb09bd5c2
0540/f39a2401e70d45043a66.JPEG	540	n03240683_273_n03240683.JPEG	2012	f39a2401e70d45043a6690bb88e7d22db011ec07e52f048d8e26c7bc898d8312
0541/1e5c9d18157c730982b2.JPEG	541	n03249569_28753_n03249569.JPEG	3620	1e5c9d18157c730982b2eeebcbad415b23d759acf56e4d7910f071e50ddfa5ee
0541/59c2af95ff41a3bfa675.JPEG	541	n03249569_39002_n03249569.JPEG	3248	59c2af95ff41a3bfa67559278545bb983db68fc55f157c2b3a1ae2429c1e86da
0542/071f9c4d21067d0ef763.JPEG	542	n03250847_24274_n03250847.JPEG	1482	071f9c4d21067d0ef763ce4abf7eecf50223cd389b3258242169f7daf2733c26
0542/8d96ea2557d5fd4cc171.JPEG	542	n03250847_11815_n03250847.JPEG	2622	8d96ea2557d5fd4cc171e05bd0e669a10b03b527c1ceed6fb0443e197db0e257
0543/7450e29c228b9df72ada.JPEG	543	n03255030_370_n03255030.JPEG	2683	7450e29c228b9df72adaa69f84295b60f866c0ede3999ce3efbc62440a374431
0543/7f8e79b00bd1ebc1287c.JPEG	543	n03255030_1233_n03255030.JPEG	3804	7f8e79b00bd1ebc1287c9a3e1f00ebfa8cfc7b8d85fa1ca88c616fbe46cc84bf
0544/211458d2d0a0690697c2.JPEG	544	n03259280_3881_n03259280.JPEG	941	211458d2d0a0690697c23497833826498971355d754f313ce97acf0dbb4b5daf
0544/e483d28562b43508ffda.JPEG	544	n03259280_3916_n03259280.JPEG	438	e483d28562b43508ffda755f9989e4438dd5f3f6fb742f25165a9dce11e14a81
0545/b2c81be9deb4280edf56.JPEG	545	n03271574_19662_n03271574.JPEG	1364	b2c81be9deb4280edf56b3dc47ebdad68472933972937422aa438688ec63e09e
0545/cfdd5f7b635730b0f575.JPEG	545	n03271574_8947_n03271574.JPEG	966	cfdd5f7b635730b0f575ba66461038360ff7471335ce427ebdf60d10b492136e
0546/90426d775c7f73132fd1.JPEG	546	n03272010_6959_n03272010.JPEG	156	90426d775c7f73132fd1078f51432824fbc7caa12ad4d48dfb7735bf1cf67e8b
0546/9193601034deada44f06.JPEG	546	n03272010_15795_n03272010.JPEG	84	9193601034deada44f062228fde6fe22e66c14746c87605b91ce6899e3f6bf70
0547/255e8907bd154b689cfe.JPEG	547	n03272562_9115_n03272562.JPEG	669	255e8907bd154b689cfebc3593bcbb33c59366b404ff492f3d6e2aebe812f879
0547/6b995a70122c7394fb05.JPEG	547	n03272562_2026_n03272562.JPEG	828	6b995a70122c7394fb05b2e61be3c0f815e24cd3618dab6d133b7002fdf08f55
0548/06ac8f48c5bfee65fac0.JPEG	548	n03290653_454_n03290653.JPEG	721	06ac8f48c5bfee65fac07e4c08777110b6566d07f111bff80a7cb53ccb8e50bf
0548/3e3d7994d0ac458977ff.JPEG	548	n03290653_19087_n03290653.JPEG	4823	3e3d7994d0ac458977ff673fa6ca12887f30e2fb902cbb42d28ff803f8506bfe
0549/d2baa8cff93cea14c8be.JPEG	549	n03291819_11623_n03291819.JPEG	1654	d2baa8cff93cea14c8be24f8736830a4705c5c56b0ef8a8d3a8157dffb2171fe
0549/e8f0eb817447292b5ce7.JPEG	549	n03291819_24237_n03291819.JPEG	1556	e8f0eb817447292b5ce7277ee7ef961ab90ad7d95a3a51d03d771af3a3c3d109
0550/3ea2079862e38aad729e.JPEG	550	n03297495_5359_n03297495.JPEG	1645	3ea2079862e38aad729ea17f52f2c358fe6cadf037d69873e6938e991b895069
0550/a05661a774dc7bcdd7a7.JPEG	550	n03297495_6742_n03297495.JPEG	177	a05661a774dc7bcdd7a76a77c3aca83bdf99e1413686feaa550814f1778f4ed8
0551/aaeeb5fbc94e86266ea3.JPEG	551	n03314780_7817_n03314780.JPEG	1280	aaeeb5fbc94e86266ea39e21be84a63ad759b3869b618deb683ef9f0d2a2bc4d
0551/c4477853980641b4eb76.JPEG	551	n03314780_4110_n03314780.JPEG	1606	c4477853980641b4eb765f2052270c12bf35cb6bdfe11204f39e28c70ee0744d
0552/0619eeb57c0070376a25.JPEG	552	n03325584_11352_n03325584.JPEG	3786	0619eeb57c0070376a25e72dc2769d03d385581093ee105526d55425d5efe975
0552/f08bab9a1ba13b35a99d.JPEG	552	n03325584_13433_n03325584.JPEG	2592	f08bab9a1ba13b35a99d01bd37ae8a7ed884bf6b5b3ad93f14c6108d499bf066
0553/d8c2ce92a365fa362b1d.JPEG	553	n03337140_26660_n03337140.JPEG	501	d8c2ce92a365fa362b1d650d5e10e1267e64cf8d2072942b9805e1bb39435f21
0553/e2ac156b036ba5051cbb.JPEG	553	n03337140_37284_n03337140.JPEG	3047	e2ac156b036ba5051cbb93f54ebbd048931af0bdff18ee6e5cc55cb09f05e0de
0554/010b48c85f9a341ef58e.JPEG	554	n03344393_2785_n03344393.JPEG	1110	010b48c85f9a341ef58e8dbc174676cead7d3f2d024aa580af3cfa21ebb441a7
0554/6af6a7e084b49d9f6c26.JPEG	554	n03344393_9166_n03344393.JPEG	39	6af6a7e084b49d9f6c2648c7de09cf11880d1894b34584d1b22ab14548b3ef12
0555/1ed2a490ced826d7c45f.JPEG	555	n03345487_11773_n03345487.JPEG	1671	1ed2a490ced826d7c45f5b163305013c63e688bd355c7f52853f0413291292ca
0555/59f7a9edadf36cf88a7a.JPEG	555	n03345487_11685_n03345487.JPEG	2571	59f7a9edadf36cf88a7a802cc89b1f6cec23f156c2841b6e93ab5c5952297c5d
0556/57c809b1e97d849c34d7.JPEG	556	n03347037_11188_n03347037.JPEG	382	57c809b1e97d849c34d7398000bbb5af26ea2a5e1110c78e80bba3d70fb3b5a3
0556/c94a92067c7fbad3a3fd.JPEG	556	n03347037_29314_n03347037.JPEG	1	c94a92067c7fbad3a3fd29921af7f6ff400a40046735d8dbf4650adf362bc134
0557/9ada0351b2ef2048bacd.JPEG	557	n03355925_16750_n03355925.JPEG	1194	9ada0351b2ef2048bacdd6e24d635fe66268b5a7495d839113ed5db38e745311
0557/b20f4516ad890e021379.JPEG	557	n03355925_13609_n03355925.JPEG	512	b20f4516ad890e0213799d0c770f7f794ba1eded1ffcf5fc3973b183e3feaefb
0558/02a9c2ab8977db9ccb83.JPEG	558	n03372029_53900_n03372029.JPEG	1624	02a9c2ab8977db9ccb833e20afb286e53b327403d0a175739560c00117129631
0558/484e5f9df8b9e5d44781.JPEG	558	n03372029_33987_n03372029.JPEG	2075	484e5f9df8b9e5d44781feea8db3089b969dcb9bb29b86f9dff573d9bd80a676
0559/100588b4fcadd77aa8c1.JPEG	559	n03376595_2654_n03376595.JPEG	2632	100588b4fcadd77aa8c1e1f1bac2b87e98df51fa912c81a8933699337bbc429d
0559/d42c542b00ea93afa545.JPEG	559	n03376595_9025_n03376595.JPEG	1771	d42c542b00ea93afa54502dfdc539fed38e52ee2609984e853cb48e24e639371
0560/37bbffd89a7f643b4c7b.JPEG	560	n03379051_6005_n03379051.JPEG	1446	37bbffd89a7f643b4c7bb06da80a1a429c6fa87ff3114c6e0826fa42de3370ff
0560/cb1fe0c7306cf611b995.JPEG	560	n03379051_8186_n03379051.JPEG	4473	cb1fe0c7306cf611b995ed70dbc074401d4eb3acd0afec12b811f013ab0dc3a7
0561/6899a649c294c3854719.JPEG	561	n03384352_14283_n03384352.JPEG	608	6899a649c294c38547190a6ce30ca5ae463a4fed5295edb5273566df11de1b67
0561/7b3f9b030e6a2a2c827a.JPEG	561	n03384352_18813_n03384352.JPEG	1519	7b3f9b030e6a2a2c827abaf3fa383bca8e7a64599d9a83b80b0d4f07f2a2331b
0562/3b00a07d2098c6b29e41.JPEG	562	n03388043_4099_n03388043.JPEG	882	3b00a07d2098c6b29e4140b1cd533286f1e005225964753af8058366deb04bdd
0562/5c00334e9bdcb2bd1b17.JPEG	562	n03388043_16325_n03388043.JPEG	758	5c00334e9bdcb2bd1b17c26e8c827cddae806f3afa1694dfe050a405e5e80763
0563/7308f119d85d934ff439.JPEG	563	n03388183_3018_n03388183.JPEG	1104	7308f119d85d934ff43901d927ac74b2275b3b8324c034c1d99e97b01613f96e
0563/7a631ce8bb64debe6d82.JPEG	563	n03388183_3102_n03388183.JPEG	4157	7a631ce8bb64debe6d822845f150907d86149235271d83289e4c918bea416246
0564/3533e669822eef76f057.JPEG	564	n03388549_1384_n03388549.JPEG	784	3533e669822eef76f057fe19def499bc0f0798ac6a2c03387913cd2f77c95a3a
0564/7700c6d403cb9b93aa3f.JPEG	564	n03388549_9934_n03388549.JPEG	58	7700c6d403cb9b93aa3f9d49803073681a119270fe4439992b322ba326b45570
0565/a60aac061fd172785da6.JPEG	565	n03393912_4622_n03393912.JPEG	798	a60aac061fd172785da6464ba04d289bd345785e1b3f8ba0b2f7bb143af42b08
0565/b5b950110d4b144c03e7.JPEG	565	n03393912_522_n03393912.JPEG	231	b5b950110d4b144c03e7403c96f2f25e9556e8ca1b5231440412b3f7a0907c3f
0566/027436965ff580315d6f.JPEG	566	n03394916_23942_n03394916.JPEG	358	027436965ff580315d6f344a12fed47c8850a6a6049b2c85aaac083f4b50b6a6
0566/fc51f6dd88d4123dffd8.JPEG	566	n03394916_47211_n03394916.JPEG	1916	fc51f6dd88d4123dffd81938398ed7b8b6c3e5a3ac685f3ca94f51ec99033d91
0567/4fa2e155a07b4a6d4716.JPEG	567	n03400231_5142_n03400231.JPEG	1811	4fa2e155a07b4a6d4716cbce23bbdfb9291645aaf9ffd7e9d520aa5372133971
0567/5612163b8c01ba58d941.JPEG	567	n03400231_3464_n03400231.JPEG	1304	5612163b8c01ba58d941ad8b62a1e715e95d21a39fc44e94f1599385790d475d
0568/4d0ce96bbb139ad9dfdc.JPEG	568	n03404251_16996_n03404251.JPEG	2342	4d0ce96bbb139ad9dfdc78585bbce3b42d462a548ea14429c464b96135c9cea2
0568/ced9acb6f8eaa6efa17d.JPEG	568	n03404251_4768_n03404251.JPEG	2942	ced9acb6f8eaa6efa17d135359e745db85fe552bfddd00e130656ca19b56717c
0569/2e5342d7bf7f057e04ab.JPEG	569	n03417042_234_n03417042.JPEG	1311	2e5342d7bf7f057e04ab074a0830c899ed03ea70dd56c0f5dec981dcfd97a529
0569/670ceb692d4641a45ebf.JPEG	569	n03417042_147_n03417042.JPEG	547	670ceb692d4641a45ebfbc2ef6e62e9f638a29c8e77f4f8e274fb60862232d92
0570/498e6b59c5d23be6a11d.JPEG	570	n03424325_1992_n03424325.JPEG	683	498e6b59c5d23be6a11d217883dc745ed6b2421aa62b037e612c83f100af9032
0570/8f626afab842d1825866.JPEG	570	n03424325_14175_n03424325.JPEG	1168	8f626afab842d1825866e669273c846471334153292a4a2943bfceecf0935c77
0571/082cf0c98bef6435f1a4.JPEG	571	n03425413_3594_n03425413.JPEG	3184	082cf0c98bef6435f1a4b2893934abb13588ba979e78166890bd39457d51efbf
0571/63fbf34d89089a017bc8.JPEG	571	n03425413_13249_n03425413.JPEG	149	63fbf34d89089a017bc8987beceeef7dd9678d07b894102afccb934b10fe1f06
0572/d67dc6012a4d42d53557.JPEG	572	n03443371_3499_n03443371.JPEG	697	d67dc6012a4d42d535576240103db662b193c8352eeeed53bad8b9cec84931f8
0572/ec6d1041d38e0b10e414.JPEG	572	n03443371_6084_n03443371.JPEG	1295	ec6d1041d38e0b10e414b93b38c99c2e6ee40d6ceb7b5a8742ac9b4a24531e19
0573/8bbd59ad35c383e61541.JPEG	573	n03444034_18349_n03444034.JPEG	388	8bbd59ad35c383e615414c85098260bb643f08925f61b10b48c6bcad01a0b601
0573/9d68d4ba98a76a540faf.JPEG	573	n03444034_8276_n03444034.JPEG	773	9d68d4ba98a76a540faf8ee409c3e24a8bc0a92ebff7b8777963553b9b4e19fc
0574/073c639ba460de08dbf5.JPEG	574	n03445777_5934_n03445777.JPEG	1395	073c639ba460de08dbf52e1f5e11443830f8f1a839420f54fc77dbb074bd9349
0574/8b176db2b73734963de4.JPEG	574	n03445777_3307_n03445777.JPEG	955	8b176db2b73734963de422c1b4f99e04bbdffcef5bd0097fc1e10d1981f91b9b
0575/b9be439defd565d12ef5.JPEG	575	n03445924_14583_n03445924.JPEG	5295	b9be439defd565d12ef570dd9535e9942446e0d83e868ae770ae12172045db32
0575/c96203f0b35f2afc56eb.JPEG	575	n03445924_4329_n03445924.JPEG	3810	c96203f0b35f2afc56ebc8e4a120182118e3ee70e4d76a85445a8d732d4a6855
0576/0d79c986c270d2bddd3e.JPEG	576	n03447447_2730_n03447447.JPEG	1365	0d79c986c270d2bddd3e5535988b5b98fe3488b69e438240db2539c266910329
0576/c2e4f6ecdb392318d742.JPEG	576	n03447447_457_n03447447.JPEG	578	c2e4f6ecdb392318d742c639d8381e8e4cb3e86dcf6bd23c59d2842254b1aa8e
0577/857eebe92d7f8bc6cdb5.JPEG	577	n03447721_23642_n03447721.JPEG	1404	857eebe92d7f8bc6cdb5d8eda31747b91e7b61ced150ea62e374926b724d8b0d
0577/c26bcf805c83e07435ef.JPEG	577	n03447721_9640_n03447721.JPEG	662	c26bcf805c83e07435ef788bc41c68092357c1687904cde0ccaeef9e9aea154a
0578/9938e1f5129e643b4b36.JPEG	578	n03450230_10127_n03450230.JPEG	365	9938e1f5129e643b4b36dd83939a3d545fe2808772cce39fc7de95d5ec050198
0578/da32e9907d05e1bb124a.JPEG	578	n03450230_4778_n03450230.JPEG	485	da32e9907d05e1bb124a4c856a47c6a5bafe9eb93d7b9ba710dda1136e1154cd
0579/a0ca0857d581d5160a43.JPEG	579	n03452741_1491_n03452741.JPEG	1799	a0ca0857d581d5160a43b1da32fe4d555dfb515c25191d2a7487e2eb3c6ddf37
0579/ae66dc7fbd52f769e042.JPEG	579	n03452741_8289_n03452741.JPEG	294	ae66dc7fbd52f769e0423831ed473950a039a6f7dc57317c1fd950520e84f06f
0580/4ee5df49fe98ee49c4ce.JPEG	580	n03457902_3468_n03457902.JPEG	670	4ee5df49fe98ee49c4ce8790182ffc978434e47a79fbe39b35bc630d94b823f2
0580/ea893d7086c49dfa6021.JPEG	580	n03457902_64853_n03457902.JPEG	1737	ea893d7086c49dfa6021a07e51b496e82f5f16ddf0404675460018e05a81c449
0581/6f3b2e3447a75ad2ec68.JPEG	581	n03459775_14181_n03459775.JPEG	936	6f3b2e3447a75ad2ec688b62a158f538ad793f3c34f3a77eed71c980886ae84e
0581/e9c172539e22f9b48ca7.JPEG	581	n03459775_19341_n03459775.JPEG	2640	e9c172539e22f9b48ca7e10f2c56ed6af144463c0a830d5e65a1fd0ca858dd86
0582/5ea3ade7947b1c4002af.JPEG	582	n03461385_23976_n03461385.JPEG	574	5ea3ade7947b1c4002afb7649310fea5c822b59e1dedf18d2dc965d4b0dbe383
0582/9ca553215b8e3b3b4d82.JPEG	582	n03461385_43486_n03461385.JPEG	255	9ca553215b8e3b3b4d82bc4e59c6b52701f5aa2409fc1e13857641cf6a7ffd09
0583/71546e182d4cf1e56c60.JPEG	583	n03467068_11580_n03467068.JPEG	1603	71546e182d4cf1e56c601fb52e8e843526221a082beb0e531fa888b8885a9956
0583/967f43eebbaf304fe46c.JPEG	583	n03467068_4207_n03467068.JPEG	1313	967f43eebbaf304fe46cc3d54978d51aa155129550eeafd9cdebd1af16507f75
0584/863b76370bd6e1b19622.JPEG	584	n03476684_7133_n03476684.JPEG	22	863b76370bd6e1b19622122c6672af46d364e2ca729c45735717345e9e0012bd
0584/bf802b5b2b5bdc637637.JPEG	584	n03476684_8261_n03476684.JPEG	2550	bf802b5b2b5bdc637637511598c936b59f51d851019c6da5faabb5e49bdb2e15
0585/27dc9812bf6b3023bb50.JPEG	585	n03476991_15559_n03476991.JPEG	959	27dc9812bf6b3023bb50d5d0807e9e7a7472a9a0865472d7efcdc8d05d422d04
0585/4a85c483e2c0b9a1a784.JPEG	585	n03476991_30062_n03476991.JPEG	526	4a85c483e2c0b9a1a7848b92d92b2910898a5bf90e11aaec7ae965415045c76b
0586/598ad388418e0b6f75cd.JPEG	586	n03478589_10819_n03478589.JPEG	1505	598ad388418e0b6f75cd64ec19f8a34df61106f7de5c01175c0cef510535e538
0586/8de916118d691f9e2ebc.JPEG	586	n03478589_2040_n03478589.JPEG	1290	8de916118d691f9e2ebc8299dbe82f14a22fd7dc6806d516a5625473c9312796
0587/0402f4a038e86e61777a.JPEG	587	n03481172_18881_n03481172.JPEG	1650	0402f4a038e86e61777ac3edda6c57d736a4bf0fd84c93f4e2d8789c8d1320a6
0587/57fe208055a79202c9c1.JPEG	587	n03481172_5453_n03481172.JPEG	2316	57fe208055a79202c9c1559e5481a0d0d89c025840a47fa935b88d160717518c
0588/339f6c62bab2b1b3a3e9.JPEG	588	n03482405_26555_n03482405.JPEG	636	339f6c62bab2b1b3a3e9ae2f0a04ca3efb1803b716662df7392942f99517b4bc
0588/3d24203c66e38a9affac.JPEG	588	n03482405_28193_n03482405.JPEG	700	3d24203c66e38a9affac4af2cfa6701bd171042cd01a4cb56ead250269d46435
0589/2c9e470bd0669f547db2.JPEG	589	n03483316_19928_n03483316.JPEG	1705	2c9e470bd0669f547db20dc7f098cabdab224715b615645af31b73f6a6d049cc
0589/fd5ea8ff5645eda66a17.JPEG	589	n03483316_21157_n03483316.JPEG	364	fd5ea8ff5645eda66a178cbd3367f9f213304afb3fbf2095a21573d0483d8c6c
0590/acbf1cbc643df3b58459.JPEG	590	n03485407_8140_n03485407.JPEG	4590	acbf1cbc643df3b58459c3b470fd3e9287a30ddb03e74186886ac65aadf18fdc
0590/fa30b07e11a9fe076523.JPEG	590	n03485407_18650_n03485407.JPEG	1781	fa30b07e11a9fe076523a09177cca80d951845932abead115563b8bf5ca5d8a4
0591/1f0f8e79bc0e27be5b99.JPEG	591	n03485794_9725_n03485794.JPEG	2983	1f0f8e79bc0e27be5b990cf8597030bbfada17c30a2f6691d9df899216c5c41c
0591/bbc3855ac9d01986744c.JPEG	591	n03485794_309_n03485794.JPEG	1500	bbc3855ac9d01986744cc8e461c5b5f17da5d54cf2bb6fe78848d1a331c2d91f
0592/2f5b464144c15d0f4ca9.JPEG	592	n03492542_15570_n03492542.JPEG	684	2f5b464144c15d0f4ca977c9e14b7e38efa8af8a2ceda42f99157eabc9788dc9
0592/bf62ffb121f08f1cd09e.JPEG	592	n03492542_368_n03492542.JPEG	1347	bf62ffb121f08f1cd09efc0d15b91dd6131bc2ac4a77b33f478778e546faeb70
0593/8768965db7c8b54a18bc.JPEG	593	n03494278_30232_n03494278.JPEG	1639	8768965db7c8b54a18bc804572ef308f94f1fd1b8091f610ab57f446ad09d745
0593/cad7f4da699bf3834d27.JPEG	593	n03494278_27435_n03494278.JPEG	2151	cad7f4da699bf3834d2757c7cd5229be0e8a5f0cfdb5789cc899aa43e8e0fd1c
0594/71d91a34697148b14895.JPEG	594	n03495258_18303_n03495258.JPEG	822	71d91a34697148b148952dd0cb36d001a72c4b2f0fe35a35c0c13765d6762b2d
0594/c5da007ded2814f85a49.JPEG	594	n03495258_3483_n03495258.JPEG	129	c5da007ded2814f85a494a9ea21041240a1fcb8a37b24ff0bd9e05031820bb51
0595/3d7549db5d6a2d33aab3.JPEG	595	n03496892_1405_n03496892.JPEG	160	3d7549db5d6a2d33aab367c78087ac052097d0e586491b047a367b8ceb292db8
0595/a2ac857e96ab56eed27e.JPEG	595	n03496892_14604_n03496892.JPEG	558	a2ac857e96ab56eed27ec8c8c49add7015dec6d0c03026f0cba660742b57bc52
0596/5f74170b94e180e3873a.JPEG	596	n03498962_494_n03498962.JPEG	498	5f74170b94e180e3873abe98ab4a28919392067fcc927d0d636c5565e30e2af9
0596/7b44f15bdbe9e657db14.JPEG	596	n03498962_7461_n03498962.JPEG	2670	7b44f15bdbe9e657db1447f229b1f380370e48b024bafe5282c65fff80af3259
0597/8fd16ef8d33803f297e7.JPEG	597	n03527444_20425_n03527444.JPEG	1753	8fd16ef8d33803f297e7a7820acb16747344fb052606d3c2f9251509b14a2543
0597/df36073e117631e81d0b.JPEG	597	n03527444_10894_n03527444.JPEG	3410	df36073e117631e81d0bb4fcfe43f4a12332f55b5a49fe711519a4438b798887
0598/791e0886f2d57f2f5df2.JPEG	598	n03529860_7201_n03529860.JPEG	247	791e0886f2d57f2f5df288950836f326273dc5e961f1e81a9840a2c29c62b604
0598/c2ac84ca6632bc2767b1.JPEG	598	n03529860_17561_n03529860.JPEG	735	c2ac84ca6632bc2767b11a33ef215b7d7a8e076b581d0e88cbe047c6d47d6ba2
0599/059b3ada813c3b4aab76.JPEG	599	n03530642_8542_n03530642.JPEG	2779	059b3ada813c3b4aab766626c07df63dae03b977efb1e15fb9d19c09232f3c70
0599/4b72575e49d88b919988.JPEG	599	n03530642_17953_n03530642.JPEG	1682	4b72575e49d88b9199888e064f7a06093b84168984c24b7b668f564310b68348
0600/032cbe6bf68e76f28079.JPEG	600	n03532672_19952_n03532672.JPEG	609	032cbe6bf68e76f28079980fa76782fd50cf09f82d10f40947424c74d00f538b
0600/153bb49a7fb5071417e7.JPEG	600	n03532672_10702_n03532672.JPEG	1465	153bb49a7fb5071417e7a782667251d4877c702d72942732298aa547c78138cc
0601/0eadc4834810b88a87f7.JPEG	601	n03534580_6731_n03534580.JPEG	668	0eadc4834810b88a87f7d6da48432aba67fa60cd5283a4b84675c89ac81d4549
0601/adcae5709ddb8a985da1.JPEG	601	n03534580_7301_n03534580.JPEG	1486	adcae5709ddb8a985da1ded4f9afbb56e5ce44b24a24f21621e8964425fd2cb8
0602/b3d9eb4ee1dde7a0468c.JPEG	602	n03535780_25835_n03535780.JPEG	1907	b3d9eb4ee1dde7a0468c6e1312ff68c75984b852beb2ec813beb0094bb060add
0602/bb0d2a51155b6bc80e9d.JPEG	602	n03535780_3634_n03535780.JPEG	981	bb0d2a51155b6bc80e9d669b8c80c9c5b5273f646c2432e537c83cec20dc9a8a
0603/82cfdfc684705eee6bed.JPEG	603	n03538406_8544_n03538406.JPEG	2432	82cfdfc684705eee6bedeea72fc69391ecd53235e47d7e0fe25a02b26565eb3c
0603/ee6e327aec8989c74805.JPEG	603	n03538406_3752_n03538406.JPEG	2052	ee6e327aec8989c74805fcebbec17cca48c2c3f3274d2444ebf9d6961b11d4ca
0604/43070dd6c67d8eeb3176.JPEG	604	n03544143_15945_n03544143.JPEG	341	43070dd6c67d8eeb3176e2976062be1e19cdbfbad26d4dfe5d2d2b6b43145a6a
0604/651fa066f5c3635fd386.JPEG	604	n03544143_14288_n03544143.JPEG	152	651fa066f5c3635fd3868e5f8d77894a6d102ae0512b9eb9c4cb74e5c75328ed
0605/9bc1696a3c125febfebf.JPEG	605	n03584254_565_n03584254.JPEG	475	9bc1696a3c125febfebf1766fdc255e976c440beb82e8f16c507e127161da026
0605/e9214465294deaca01e5.JPEG	605	n03584254_3114_n03584254.JPEG	517	e9214465294deaca01e524eb3018738aff0f5c62c74503272a9c7d41084634c6
0606/190682bfea40c192d2be.JPEG	606	n03584829_23945_n03584829.JPEG	2231	190682bfea40c192d2be602d33a8f349c285550d95c783bfe9518d86282ed72f
0606/445c3ca14d7e332bb37a.JPEG	606	n03584829_25777_n03584829.JPEG	2660	445c3ca14d7e332bb37a3a17a9c71f77dcc999a604e654556f4636497b241a7c
0607/a1ad22fcf2c65c039768.JPEG	607	n03590841_3276_n03590841.JPEG	583	a1ad22fcf2c65c039768ec98fe30b5305b041621c97a592b6bafca3aebebff96
0607/fdb106664228422030a8.JPEG	607	n03590841_1707_n03590841.JPEG	3692	fdb106664228422030a897a9bfd60c5ef3561b60321503be843712f8f93fde9b
0608/5783b10669444a20461b.JPEG	608	n03594734_45076_n03594734.JPEG	60	5783b10669444a20461b3d79df0bc0bbc199389d630381694cfc29fba7aff0b8
0608/cfc0517ed8510b2e8608.JPEG	608	n03594734_7497_n03594734.JPEG	2824	cfc0517ed8510b2e860846e6a2002f7ff7438654dd00fad57104a28b81d388e0
0609/92e8f3b2004e6e77565e.JPEG	609	n03594945_28951_n03594945.JPEG	3282	92e8f3b2004e6e77565e49583d80e2a65d3a407f87fa2e19ce18ed603a0e68e7
0609/94e2c44aed0db078f5ac.JPEG	609	n03594945_12191_n03594945.JPEG	1244	94e2c44aed0db078f5ac255e60bcb3c4ff275ad75f85e095f58d3417936f93f9
0610/a38995c6748043c16325.JPEG	610	n03595614_10226_n03595614.JPEG	964	a38995c6748043c1632595752abb5d9a5c7dc226056cb347e3e435034e678951
0610/b06fa65797a5bdb21238.JPEG	610	n03595614_18816_n03595614.JPEG	1074	b06fa65797a5bdb212388fb627c93768e86e8cf41b822d1184cc5e97cdb92afd
0611/14213ad61a01323257d3.JPEG	611	n03598930_7349_n03598930.JPEG	856	14213ad61a01323257d331589647b423dcda4bce6011f64f4ea57091f36e29b9
0611/aaa19e9ee68d60570dc7.JPEG	611	n03598930_18137_n03598930.JPEG	78	aaa19e9ee68d60570dc7b9ad4aa934ee171c4709c4cc03bc33a2e1e3a3544589
0612/6ecbccdb97c88601cc3b.JPEG	612	n03599486_13262_n03599486.JPEG	1392	6ecbccdb97c88601cc3be7ede0f7cb371837014af7b1cb5f4bac16e4a1040f13
0612/d669fb1e228c51ceaff4.JPEG	612	n03599486_3319_n03599486.JPEG	580	d669fb1e228c51ceaff482a597c34c83a529386e360176c855a01ea01a33adc6
0613/a1f253549e200930624e.JPEG	613	n03602883_18019_n03602883.JPEG	1447	a1f253549e200930624e62c80d883754dae2f769f80ac4e859493d363bdc28a7
0613/d7ef02e85b295cafaf8d.JPEG	613	n03602883_13275_n03602883.JPEG	157	d7ef02e85b295cafaf8dce0cfb28a0155e2ef75be005a28aed1cff1ef32c7070
0614/212c17ff3e4b448968e5.JPEG	614	n03617480_2291_n03617480.JPEG	8	212c17ff3e4b448968e527cd2f17f6eff48ef0cd79e8bc0cc861a60804dc5321
0614/6d67e8b1674558ff18d8.JPEG	614	n03617480_1031_n03617480.JPEG	1720	6d67e8b1674558ff18d8e4c01545297e8804a41f686c4586f1cbae129354b54b
0615/12fd1c587be6c3a22b19.JPEG	615	n03623198_4157_n03623198.JPEG	805	12fd1c587be6c3a22b190a9a58fbb4c0f70a7bd3614a02c2fa2f1d1c88c36663
0615/54e677b459c92764dc04.JPEG	615	n03623198_15873_n03623198.JPEG	874	54e677b459c92764dc0477762aa9c2405db334a926c36c337b9e13e86aa5e596
0616/b802882ca302d09fd624.JPEG	616	n03627232_31721_n03627232.JPEG	2403	b802882ca302d09fd624c6a164f3280bba0fe02c26e8d15aea3683ba3e2a132d
0616/c05972178c8445f4cc79.JPEG	616	n03627232_6014_n03627232.JPEG	319	c05972178c8445f4cc79c9826ad5925f603e117953722a74c8a94cb4f644b95e
0617/5b0429dedb429d80682d.JPEG	617	n03630383_8565_n03630383.JPEG	217	5b0429dedb429d80682de1f6035802c691fa759e8e5f405fcdb7dcdfb81af41a
0617/cccc6bb75ba6c1ac14c9.JPEG	617	n03630383_3904_n03630383.JPEG	302	cccc6bb75ba6c1ac14c9fa2f15ffa299c55eceac7aae1e62597f6cca6f992095
0618/cc77a2b82a4a0fdb120c.JPEG	618	n03633091_13463_n03633091.JPEG	133	cc77a2b82a4a0fdb120c6d7b90a9e9a278d5d5c4783dd9386bedaf31ed786018
0618/d6af86a3f261282e4ade.JPEG	618	n03633091_12632_n03633091.JPEG	1698	d6af86a3f261282e4ade0cfe2c2b4138690260aff2d56785a9cbd88270151c1f
0619/45de52e821516d6dc163.JPEG	619	n03637318_17950_n03637318.JPEG	342	45de52e821516d6dc1638a2db59afa277dc7bf5c086bab5afa536efaae44b052
0619/662ab46e57b45b896e35.JPEG	619	n03637318_22700_n03637318.JPEG	1081	662ab46e57b45b896e35a0c8d9ed956937659a3093021521e9134e0981085b2b
0620/8a4d5d1fafc28dc4a629.JPEG	620	n03642806_7334_n03642806.JPEG	2573	8a4d5d1fafc28dc4a629207b69c7f1e0762bbc27e3cff2fe681bb2492522bcd1
0620/f2a5db26c9aa3bde99e3.JPEG	620	n03642806_6205_n03642806.JPEG	1126	f2a5db26c9aa3bde99e3a6f866f87294a82b8d1ca32b8b293551529bc2c69e30
0621/0dc0122b4515c1707970.JPEG	621	n03649909_29010_n03649909.JPEG	621	0dc0122b4515c1707970e7d1f38fafbac106b24b8f561083c043a3cebddd35c5
0621/2acb367492a3c199a9e2.JPEG	621	n03649909_20643_n03649909.JPEG	1489	2acb367492a3c199a9e2c838d0514be8aa90c9e49ae24a23cb3d4bbe67503c1e
0622/b0de318d43b2bdd68266.JPEG	622	n03657121_1777_n03657121.JPEG	1862	b0de318d43b2bdd68266744bc9c730e9b9e838fe560043d154cd1dc7c006f4a1
0622/e4232f3c0fc97c241186.JPEG	622	n03657121_1497_n03657121.JPEG	967	e4232f3c0fc97c241186c5b065a867b327e09ed1ca06c34391b0520caef08aa6
0623/08ab354271e1edf7c454.JPEG	623	n03658185_20424_n03658185.JPEG	239	08ab354271e1edf7c4549f111d2873f0e1c43d984441075c98dab1f6720983bb
0623/66ec982798855184f3f4.JPEG	623	n03658185_1737_n03658185.JPEG	844	66ec982798855184f3f41fb1150f0ac95cdac538fdfc178667d2a9d0dcb63cfe
0624/d52cd4459842a4b77d0f.JPEG	624	n03661043_42615_n03661043.JPEG	480	d52cd4459842a4b77d0ffc7344f7279baa3b38a9e609a4733c91f7f238a8d46b
0624/fc55e06c7b80b1e56c33.JPEG	624	n03661043_10342_n03661043.JPEG	1708	fc55e06c7b80b1e56c332af7bfb236c8a6500c427e6677d69183e29c9d0be1ff
0625/45fd1847fbd5c247f98d.JPEG	625	n03662601_15107_n03662601.JPEG	117	45fd1847fbd5c247f98deaaaab9562fa72af9919555b62ec51cae662ca54a370
0625/4d885dc04582d01ecfc2.JPEG	625	n03662601_10236_n03662601.JPEG	988	4d885dc04582d01ecfc262ea6810392c6c2366b81e827b01e367969a45e68f4c
0626/8a2a90915e15d2696663.JPEG	626	n03666591_17828_n03666591.JPEG	1258	8a2a90915e15d269666350e0de4c00c2b492c92c745a5d0692061637b050d4bb
0626/d24d8c5d88718057ea98.JPEG	626	n03666591_52838_n03666591.JPEG	1782	d24d8c5d88718057ea98a8dee32f3b696df52b4d9758c54114c6f9134d80ff7f
0627/17ff229de3e0c1a386e4.JPEG	627	n03670208_5581_n03670208.JPEG	159	17ff229de3e0c1a386e4410ae206b655b14a926f569786995eef2072ba2d30a3
0627/8e60733246916c7b235f.JPEG	627	n03670208_965_n03670208.JPEG	49	8e60733246916c7b235f7ff00698230bf3bd2ec3a936aee22ad5987bbeb63ca0
0628/df9a2469fcb975c4d67c.JPEG	628	n03673027_385_n03673027.JPEG	2524	df9a2469fcb975c4d67c2731432efb1ed5af31d22d0e681a8a895cd87b7e77e8
0628/e2215037b289709f38e3.JPEG	628	n03673027_2898_n03673027.JPEG	690	e2215037b289709f38e396a220b7f67315af0c2353ddfdbe9f26c66d2292482e
0629/6d972ebf1f5beb1aff20.JPEG	629	n03676483_33848_n03676483.JPEG	540	6d972ebf1f5beb1aff2088dc835db5c470a1ba2d2a0fa96fc54f99cd0bfd1121
0629/755de515bd819a9ddba4.JPEG	629	n03676483_19764_n03676483.JPEG	2468	755de515bd819a9ddba49690b323af18a256531c8cc37bec82bed0f101da3fc8
0630/2dd6720158f136f2b52d.JPEG	630	n03680355_1245_n03680355.JPEG	776	2dd6720158f136f2b52dcaf6755c6d7eec01449cdbf862ca08004b646197beae
0630/3afce6d102f63bbc6e4e.JPEG	630	n03680355_3701_n03680355.JPEG	3404	3afce6d102f63bbc6e4e02e354cd5ab1e4e8a67340cd2308b1db02c7b3cc2d12
0631/047a5a5e6c6c8572f8fe.JPEG	631	n03690938_4377_n03690938.JPEG	1030	047a5a5e6c6c8572f8fe67a2b4b60ca8550a9862ed939306bbcaa26d12dd1d55
0631/70eb67473a5faa24edac.JPEG	631	n03690938_7500_n03690938.JPEG	738	70eb67473a5faa24edacb0e87c2d6cce8a88290b0887dfdbe9106fd2115609c9
0632/29170d2060e4b3007c71.JPEG	632	n03691459_643_n03691459.JPEG	128	29170d2060e4b3007c717ac24c5dc4bc8cc87a9e1b7052da5d18090c352b6646
0632/6b6000c5a53c54cc890c.JPEG	632	n03691459_38479_n03691459.JPEG	2101	6b6000c5a53c54cc890c01df451a4c8f30baf8bff520373b60cf81e8cedcdbae
0633/35f63663f2d742c1754e.JPEG	633	n03692522_9233_n03692522.JPEG	567	35f63663f2d742c1754e999fba4ddb8973237616057d37e3328eb55a19fce628
0633/6a0db0a6e87cb1485b33.JPEG	633	n03692522_12498_n03692522.JPEG	5975	6a0db0a6e87cb1485b33da4c004708faf2c370eda40d828949899f0a9aa2acf1
0634/097d6eedeae98b234562.JPEG	634	n03697007_29863_n03697007.JPEG	92	097d6eedeae98b234562aee8f17d961b00c1723c29fab738b87d9465f15e8b2b
0634/627f1c716977b8cb2fce.JPEG	634	n03697007_14894_n03697007.JPEG	725	627f1c716977b8cb2fcef7baaa8ac8cf8a3137b74c86ca0b668ecf8c1c3e2fa5
0635/53bc83f8043b58140032.JPEG	635	n03706229_7906_n03706229.JPEG	1239	53bc83f8043b5814003289b857796e17dc93ecc77beda1d9ba39f8bee3c64264
0635/9d6d6eb53e78493752bf.JPEG	635	n03706229_7300_n03706229.JPEG	419	9d6d6eb53e78493752bfd0893f93ea25132ccfd4481fd6968acb3c53c2e7c5c6
0636/6a14bdb35c5920cfb5ff.JPEG	636	n03709823_11366_n03709823.JPEG	3046	6a14bdb35c5920cfb5ff57f36fdb94358a0d2b0eaad99f9c577fbd1fcd68394e
0636/8e3fb43033f6584d52b3.JPEG	636	n03709823_18341_n03709823.JPEG	3392	8e3fb43033f6584d52b3bbd8b78e4fdda2839cfc332c90e8fc0cd7a81dc4555b
0637/2a5a0ccd59c536fcbfb0.JPEG	637	n03710193_17560_n03710193.JPEG	310	2a5a0ccd59c536fcbfb0d7e6288453d7a956922f588a77f4b0edc478d48922c3
0637/55fefdb085de7f3ad21d.JPEG	637	n03710193_1367_n03710193.JPEG	524	55fefdb085de7f3ad21d1350af088a2eb8d7854c83e619478f5d893872c065d8
0638/557ceca68b5de66f0d39.JPEG	638	n03710637_4118_n03710637.JPEG	4524	557ceca68b5de66f0d3922934973e882a47012602ab49c65ecc4b7b8d8774d35
0638/5d671cdf8d2756768bee.JPEG	638	n03710637_8733_n03710637.JPEG	2073	5d671cdf8d2756768bee8611cb6a1a8563c895afcfb8f45cdaf752fd6974eeb5
0639/69d84d0abc0c101047ae.JPEG	639	n03710721_16592_n03710721.JPEG	171	69d84d0abc0c101047ae8f7705f7249d03125225781a6c1deab5de6dfc210572
0639/dbf9ba7d61ef2d6f8e21.JPEG	639	n03710721_10383_n03710721.JPEG	989	dbf9ba7d61ef2d6f8e216c7e3cb926cc30b605c9ebb4fa91f5229e7537bfbb67
0640/ba28a3f4c139afce1ba4.JPEG	640	n03717622_988_n03717622.JPEG	694	ba28a3f4c139afce1ba456485f1bcee036d5ce853ae01d15d3ccdac77031d1aa
0640/cb908ac23426ca4f0bb1.JPEG	640	n03717622_7302_n03717622.JPEG	111	cb908ac23426ca4f0bb16352860d7b2705c136940ce368c52d644eaf58cb4de7
0641/23b7f96bea194c45cdf6.JPEG	641	n03720891_4058_n03720891.JPEG	1014	23b7f96bea194c45cdf68113f6ba4041891f228ce3e6e2a7443514eba8110d72
0641/d06550d5987c2d6d95f2.JPEG	641	n03720891_1429_n03720891.JPEG	527	d06550d5987c2d6d95f22e417254c1613a97c49958a78968d8559f42a894ce2c
0642/29e1ff3eb2b745fc3d7c.JPEG	642	n03721384_6598_n03721384.JPEG	860	29e1ff3eb2b745fc3d7c0056b9990dc0a1dd8c9fd3aabfc558c929043a105106
0642/81f7b1792ddb5f708a5d.JPEG	642	n03721384_1996_n03721384.JPEG	876	81f7b1792ddb5f708a5d543e3fffc1a0ab321e1a9f0364d68481927036b1c81a
0643/1bf0437fa33a152aa455.JPEG	643	n03724870_8738_n03724870.JPEG	1203	1bf0437fa33a152aa455169a7e8dfc8103ab87e9cdcf2394e71f22be5edd5264
0643/e34b33c483f3671525b7.JPEG	643	n03724870_54509_n03724870.JPEG	862	e34b33c483f3671525b7287d0ee1b229918d869252af7fbca16b2ce49c5fd247
0644/5b9184df1b383d16f050.JPEG	644	n03729826_7671_n03729826.JPEG	631	5b9184df1b383d16f05064a282b62443e1ce050e071f553c1c4d7314f6866ec2
0644/da613ff23921ccec89ad.JPEG	644	n03729826_2748_n03729826.JPEG	25	da613ff23921ccec89adc975fc2f2c4073bc9144cde406e11d3ccf2bf10c916f
0645/15f2945380d14d46609c.JPEG	645	n03733131_7272_n03733131.JPEG	2781	15f2945380d14d46609c56e0e5a81745ad6bc717eac798ceb742d452a13fe607
0645/19104875b33c0a87cc1d.JPEG	645	n03733131_23458_n03733131.JPEG	1670	19104875b33c0a87cc1d1ac5b478277ca7610238f075c21858d6fce344a6daad
0646/42ef076547ef752714ed.JPEG	646	n03733281_572_n03733281.JPEG	4287	42ef076547ef752714ed84a7b5e2f2a5f19e620c99f9e75e4b62d6afcea33a78
0646/807238c75ce13e514ac0.JPEG	646	n03733281_17499_n03733281.JPEG	3012	807238c75ce13e514ac00fdfabbcc9f827420ba99774e93c13873408fc681a5d
0647/308d98bbcf2a94fe40d1.JPEG	647	n03733805_21256_n03733805.JPEG	858	308d98bbcf2a94fe40d1ec61a75c1e7c3e550b2e9bf0875b3f978d5e760958fb
0647/c6b306120ff004cff314.JPEG	647	n03733805_3766_n03733805.JPEG	644	c6b306120ff004cff3146a51fb6707b1d1f5cd9b77f7e472c775462af9b2db76
0648/a69e035f833713628987.JPEG	648	n03742115_22196_n03742115.JPEG	820	a69e035f83371362898752b53172c9b842f265d2f0f86897667b9377d66940f0
0648/eddde656f1d48ae5beda.JPEG	648	n03742115_23448_n03742115.JPEG	1941	eddde656f1d48ae5beda56a6ca1fa079c34e935ee89ad5551838fe721d166b98
0649/6e29dc3b71f040469304.JPEG	649	n03743016_17087_n03743016.JPEG	4934	6e29dc3b71f040469304990023caa0f673a67a5ce5b6287d7a55442036c5eca1
0649/ebc903b5e5c8894f405c.JPEG	649	n03743016_14739_n03743016.JPEG	3858	ebc903b5e5c8894f405ce0595aff49baafdc3c5b44079b5b0301eaa7bf34339e
0650/b30a2124425c25de0f2f.JPEG	650	n03759954_20098_n03759954.JPEG	1533	b30a2124425c25de0f2fdd2ca96eec6f66e9754ddd68fe0366b06fafb6473e60
0650/b46684ed706d20f01d7e.JPEG	650	n03759954_25266_n03759954.JPEG	2472	b46684ed706d20f01d7ee6be6547b9a4ea158ae0c1507d90e3ff0784b09f1a8c
0651/55f7cd165f02e061f540.JPEG	651	n03761084_16328_n03761084.JPEG	2200	55f7cd165f02e061f540f349037eae5e26d6cd3205f56a8ef46f7a8a875fbf55
0651/ff0e9588a18662224e4d.JPEG	651	n03761084_4831_n03761084.JPEG	2400	ff0e9588a18662224e4d99552e8212b182bac1743f622b6410ab7dea6ed8b6dc
0652/4037672f1fc6c2895354.JPEG	652	n03763968_1041_n03763968.JPEG	2957	4037672f1fc6c2895354d5ee896658fe78a60f3baf07bdecdc03a27522eef64a
0652/775d4dc7705bd8f4d048.JPEG	652	n03763968_2808_n03763968.JPEG	1954	775d4dc7705bd8f4d048159ee2625a00ffc2cadd27354ec58d8db913e69ee2a0
0653/4763f732981e7f9ac044.JPEG	653	n03764736_13865_n03764736.JPEG	3037	4763f732981e7f9ac04480c887ded028d1b3eca9f75f63c353aa92f22791c554
0653/9d403236d5e0cae80ed7.JPEG	653	n03764736_5735_n03764736.JPEG	1622	9d403236d5e0cae80ed76945a96e7be1892854e00c0898688e4cbfc47afec398
0654/0c04f5d80ba4644076b2.JPEG	654	n03769881_2734_n03769881.JPEG	483	0c04f5d80ba4644076b2dd7e04c1edea17da46c5d6f699e147642547ee588b96
0654/86f06c8ba088413e4411.JPEG	654	n03769881_4068_n03769881.JPEG	47	86f06c8ba088413e4411733cc18e6fc44bfb1be18e9bc5d3fd7e8fedb953dc56
0655/0c2439f87c76496bc0f4.JPEG	655	n03770439_3240_n03770439.JPEG	168	0c2439f87c76496bc0f4470ec9a23d796d246720b7be59bb5119e2f22cc80845
0655/ece4100878adb214b166.JPEG	655	n03770439_4304_n03770439.JPEG	448	ece4100878adb214b166407a407daf21262efbea44823962d2d9ef68d4bb6946
0656/4a1bcdfd6ae456ab8701.JPEG	656	n03770679_53_n03770679.JPEG	1756	4a1bcdfd6ae456ab870120780d0ca37f46eec45da90c396a021cd0e6154f67ba
0656/9f53ca7481c53f49213f.JPEG	656	n03770679_10651_n03770679.JPEG	308	9f53ca7481c53f49213fa28fcbd141fe4337398b196aab06ed6206c6ed9872bc
0657/5225f22f0f750c5842b1.JPEG	657	n03773504_21516_n03773504.JPEG	5145	5225f22f0f750c5842b18445e71cb74a7e140dbda746787b78a35fdd431fecb6
0657/93eab3534429c4b478c3.JPEG	657	n03773504_7691_n03773504.JPEG	1590	93eab3534429c4b478c3bf7810f8d2aecdc3a521a5fe92a8aafe3fc18d4f0eed
0658/119ff4b0b07f87927db3.JPEG	658	n03775071_8373_n03775071.JPEG	975	119ff4b0b07f87927db3582de6b305785e48d4bf2aa85c64f1ac5ad2608ef0ef
0658/8f13bc74f6e3ae506b41.JPEG	658	n03775071_6769_n03775071.JPEG	191	8f13bc74f6e3ae506b41394cf4c367398cf35c0c44528ce275c47fb89e2b54d3
0659/1b9cd497b8a85cb9349a.JPEG	659	n03775546_1495_n03775546.JPEG	2078	1b9cd497b8a85cb9349af2a4d2d430f0fb50bf1c52df1edb0e6bff5bf67b63c4
0659/214225cce54c8f737950.JPEG	659	n03775546_7208_n03775546.JPEG	3525	214225cce54c8f7379504f3796b178ffcbe2c3a8c83be118a46e8b6819221f6e
0660/4526281c068735a740ee.JPEG	660	n03776460_20436_n03776460.JPEG	2903	4526281c068735a740ee65f72d4b1a1ab549347b77b358847eb4765fb21a6db9
0660/ebed00dfcfb7a1c88d77.JPEG	660	n03776460_8687_n03776460.JPEG	2275	ebed00dfcfb7a1c88d77cd42551d97c3cd403df963e0a12cc1c065d2e48713c1
0661/7cdbd20a51c7248d76ff.JPEG	661	n03777568_6424_n03777568.JPEG	531	7cdbd20a51c7248d76ff1e6d60831987ffc7f06edffe862156fdb981ba08b72d
0661/8b64dbfbd69c5f767d05.JPEG	661	n03777568_6635_n03777568.JPEG	298	8b64dbfbd69c5f767d059e53fe54929394f30ddbe71d31181cabc33caa6b8894
0662/3aee5b2d3db6e9a24ec8.JPEG	662	n03777754_2226_n03777754.JPEG	5284	3aee5b2d3db6e9a24ec82867022f80f1997eb8ec538241cf3a713e52e90a312b
0662/50191c7fa4222e343490.JPEG	662	n03777754_9269_n03777754.JPEG	7449	50191c7fa4222e343490814d79afa98a0a0b7338f104dde5e4d6d565782a20f7
0663/d3a4a6427d07392d3db5.JPEG	663	n03781244_13288_n03781244.JPEG	3180	d3a4a6427d07392d3db5e4e82eef740197054750f623d3971f02530a1f39e0fc
0663/ec3d7f3fae61d4194c82.JPEG	663	n03781244_49649_n03781244.JPEG	4529	ec3d7f3fae61d4194c82dff7e8b26506b67b98bb8d538a3b3920cf9917719888
0664/614da9954f2278d43724.JPEG	664	n03782006_11380_n03782006.JPEG	1184	614da9954f2278d437249de9c2b3db8f0e773d123335dab5af59f2957b9cb200
0664/b6eeacbeb92a929f386b.JPEG	664	n03782006_14436_n03782006.JPEG	190	b6eeacbeb92a929f386b95a343ecc48c06988888ee912c511d010dd33769b823
0665/d299546cc7cbd3b35a0a.JPEG	665	n03785016_3468_n03785016.JPEG	135	d299546cc7cbd3b35a0ae72d6751e0f0ba8a216af1c476ac73ad872dc1b434e9
0665/fca916874eec7908e778.JPEG	665	n03785016_8498_n03785016.JPEG	489	fca916874eec7908e77887a65ea3603a5450c1c7e91ecfef96ce87d6449afedd
0666/7cf35603881faf87e0ac.JPEG	666	n03786901_2123_n03786901.JPEG	1065	7cf35603881faf87e0acbbf4ab2b4be32e9008891eee7606da99869472b2605b
0666/ef3dc760ab90cd99a8ca.JPEG	666	n03786901_3576_n03786901.JPEG	599	ef3dc760ab90cd99a8caee14dbc65354e2b75cbf92bbc6bd7e2e104827b0ec52
0667/ca7fae93f2fe4ff9a2d1.JPEG	667	n03787032_5725_n03787032.JPEG	493	ca7fae93f2fe4ff9a2d13b25ed18ae30dbfeb98dcc38ba64a1aedb4875c558d4
0667/db8148bb53cb702c07ba.JPEG	667	n03787032_13416_n03787032.JPEG	423	db8148bb53cb702c07ba39c07dc1a8d65f33203ee6fb7634a514d216f3b80ad2
0668/50bb5945ff697963af9f.JPEG	668	n03788195_4315_n03788195.JPEG	3822	50bb5945ff697963af9f1a322baceb152436076e41a705d868b0e7b4b6551be3
0668/d1ab39dfef1550218eaf.JPEG	668	n03788195_63_n03788195.JPEG	1223	d1ab39dfef1550218eaf7ac0c820ad63e6862fafb551caddfedb2cd48561b823
0669/a1af092980c94e703c48.JPEG	669	n03788365_7291_n03788365.JPEG	71	a1af092980c94e703c48fe83c8d2ad81024971e4d4fcba693c46aee0f7bafa9c
0669/af72e0c4dc129d7a2b01.JPEG	669	n03788365_2905_n03788365.JPEG	442	af72e0c4dc129d7a2b010285eec4259d9fdfc18bf9620fb9f5b4c5e3e437c287
0670/2d4bd13c2afe17280a04.JPEG	670	n03791053_16372_n03791053.JPEG	1531	2d4bd13c2afe17280a0434e55e762f731b0a546e168526ef65af5d1999ee3237
0670/90355f6e926d05b6e6ec.JPEG	670	n03791053_23381_n03791053.JPEG	2790	90355f6e926d05b6e6ec8c0f5dfe15f2f9a14aa89fc4dd476718b0d6e5d6b46a
0671/2e9d4b62b6fa117c606a.JPEG	671	n03792782_7745_n03792782.JPEG	2290	2e9d4b62b6fa117c606a601885cff0e25fa0672508cb287bd8c5320b4c994ea4
0671/9609a846e50cc41d3052.JPEG	671	n03792782_16366_n03792782.JPEG	114	9609a846e50cc41d30522d445b83809ad31e6a743c1fbcfe50d832a18afca7d4
0672/79e32dde41e18798ed0e.JPEG	672	n03792972_3026_n03792972.JPEG	2993	79e32dde41e18798ed0e07e73774d937236a0661151b5a6ffb57861eeb814c62
0672/85893ad88da8e38fde82.JPEG	672	n03792972_20645_n03792972.JPEG	1543	85893ad88da8e38fde82fcdfbb50b351389cc4270cff8c2ecc557af5c4445c3a
0673/e72167e172396f76bbb2.JPEG	673	n03793489_10503_n03793489.JPEG	954	e72167e172396f76bbb24d965c7c428628a763ec53895155226550034e2caf19
0673/e96b5025124455985712.JPEG	673	n03793489_43154_n03793489.JPEG	214	e96b5025124455985712e105819c741e3773a62c7c32623e4517b8b79dd8f1c6
0674/45be13c0ccb7e326c136.JPEG	674	n03794056_13183_n03794056.JPEG	1263	45be13c0ccb7e326c136f1a230007dffa0bf46d915344a218c684c2e85a21683
0674/5f34e2653e1341bea17c.JPEG	674	n03794056_27512_n03794056.JPEG	4047	5f34e2653e1341bea17c75fcbd74e8239755d7de12d117f4d8b1686751839d01
0675/5be9ecb1238887a67e01.JPEG	675	n03796401_28663_n03796401.JPEG	1992	5be9ecb1238887a67e016b74e7463f6556ea514f911accc03b883883824e7323
0675/834e8890f69b80664c77.JPEG	675	n03796401_7438_n03796401.JPEG	946	834e8890f69b80664c77c75955b2d328761ad4ff5ac5b612200e47f22d18633e
0676/03a72828799233b186dc.JPEG	676	n03803284_23976_n03803284.JPEG	3372	03a72828799233b186dcb5ff6348bd3277681c29771643267455938348442bd4
0676/9e6e6a3bfa96884e86d5.JPEG	676	n03803284_12732_n03803284.JPEG	7358	9e6e6a3bfa96884e86d595a3c923ea9a0bec89f3672e323f43df89e001aef611
0677/b79b3479483d5d25cbd5.JPEG	677	n03804744_7396_n03804744.JPEG	410	b79b3479483d5d25cbd5845383093ff730dbac8f40a8f43ad669624ae01b56d3
0677/d717e1c1044037b6ccf5.JPEG	677	n03804744_242_n03804744.JPEG	785	d717e1c1044037b6ccf5aaaad226cda2b06ac3d5084c89135ab20c0279698976
0678/5714be1cf17a5bf895de.JPEG	678	n03814639_5284_n03814639.JPEG	306	5714be1cf17a5bf895de9b8ff5b95f8d4f84bfc20316fdda01f0e8194492d043
0678/e91d94d68b48cd2ced5e.JPEG	678	n03814639_3144_n03814639.JPEG	19	e91d94d68b48cd2ced5eef8af9cb801430d480c2a02cfc5ac610b45d5a0a2afe
0679/1430b1756a94e80a18ff.JPEG	679	n03814906_19898_n03814906.JPEG	391	1430b1756a94e80a18ffc620560095499902484bfd06e45b1abd8531a7656d02
0679/e85e89d8642da01aeb5f.JPEG	679	n03814906_32269_n03814906.JPEG	3	e85e89d8642da01aeb5f3f79dce7e2d5f1340e60f44cfcd4c5b5b2295fa13161
0680/b5503b237c5861ca3fbf.JPEG	680	n03825788_18921_n03825788.JPEG	2656	b5503b237c5861ca3fbfb776bcd7df16e9ad2f611ba040db278e029301c48631
0680/dbc5c64696984f4dc259.JPEG	680	n03825788_24574_n03825788.JPEG	3000	dbc5c64696984f4dc2591baf4cda95f69e0f94767d0c15462e82a3bcbba974a4
0681/533ffdb26bcf52e5c59a.JPEG	681	n03832673_7278_n03832673.JPEG	790	533ffdb26bcf52e5c59a5470c825be0adf982111a6dc1b8470f1120f50304316
0681/5fe52ec01b230b9c4bb7.JPEG	681	n03832673_759_n03832673.JPEG	1422	5fe52ec01b230b9c4bb73a18ecced12985d2e8d567ce2078bbb285dc273a163f
0682/6ea4da13cceb4662df5e.JPEG	682	n03837869_8736_n03837869.JPEG	354	6ea4da13cceb4662df5e82e6e8f00ff9a141c9c1d160b04e72c3fd8053510c42
0682/98d526ae3dc564fd6346.JPEG	682	n03837869_445_n03837869.JPEG	1193	98d526ae3dc564fd63463b7ff57ad2db46599c60c0936ada2526fc33ef147bf3
0683/1bbff306e097fbc346d9.JPEG	683	n03838899_31265_n03838899.JPEG	1085	1bbff306e097fbc346d929d852fe75e260b16725a8256f4538e7c07cdfe71c68
0683/f784dbde638cfaa9e125.JPEG	683	n03838899_26927_n03838899.JPEG	1544	f784dbde638cfaa9e125d290c38d8067805e22d5c18c1748c979e86df16f847c
0684/63f71cd22a5a1154ecf8.JPEG	684	n03840681_21586_n03840681.JPEG	3715	63f71cd22a5a1154ecf87f7436cb580b127511b7e2a9546ce9a2c8fd68ae010a
0684/d473b2699cc774ea3c3d.JPEG	684	n03840681_15046_n03840681.JPEG	3473	d473b2699cc774ea3c3d455b02f48ce9b8bd2596be789dc98660bc3e45da9a17
0685/95de29f6f7f1690036b9.JPEG	685	n03841143_5892_n03841143.JPEG	1530	95de29f6f7f1690036b9129a6990b947d7fa8a8c8355c1b2eace68ed8943c0cf
0685/dc1151d47f62d73cac0d.JPEG	685	n03841143_1408_n03841143.JPEG	704	dc1151d47f62d73cac0dead340851c2768dd78b5f823c0f81772fc675c019c9b
0686/29ab53615e918799e073.JPEG	686	n03843555_2189_n03843555.JPEG	1497	29ab53615e918799e073a5134ad939c75598c60bbe1242c7c10cb0f1ba50108d
0686/de9d3d696b421a838b45.JPEG	686	n03843555_13843_n03843555.JPEG	420	de9d3d696b421a838b457c9d223fa7c56ff60788d3e381af81f9f3f50c5c21a6
0687/1b376ab35760940960c6.JPEG	687	n03854065_14112_n03854065.JPEG	196	1b376ab35760940960c6a3c413456baa9e6c31a1b302a51355e54d5cd2786a7e
0687/4e14e3e42cf10b921b18.JPEG	687	n03854065_46380_n03854065.JPEG	832	4e14e3e42cf10b921b1831294c1437b0d5bc9f95b7be8f10bf628cdc8cb5e8f4
0688/e0404cd810cc2b53ebdf.JPEG	688	n03857828_44487_n03857828.JPEG	2182	e0404cd810cc2b53ebdf975872eb27f7278af991ed1575ef9c65f11e40fb3448
0688/f79ceede957ae48ef492.JPEG	688	n03857828_61579_n03857828.JPEG	2138	f79ceede957ae48ef49239a142d01059a62d9374488aaec87b96658def48ff2e
0689/7a6b9d4a89e5f57555a3.JPEG	689	n03866082_6354_n03866082.JPEG	291	7a6b9d4a89e5f57555a389791fb520331c7631fcecc915d94d35c584949239e3
0689/a23775634a24a333cc9d.JPEG	689	n03866082_1673_n03866082.JPEG	751	a23775634a24a333cc9d4412e75192925dd962c30d7a4f51abf69b60ef89f79c
0690/8531eb76ebd0b534287a.JPEG	690	n03868242_1774_n03868242.JPEG	732	8531eb76ebd0b534287aed5b360f4e053f3575765b430a068e71aff2904a4f15
0690/f0013514b9667db97680.JPEG	690	n03868242_2803_n03868242.JPEG	555	f0013514b9667db976806641e1affd55c2bfadea0f77d8cccecabaebfcea733f
0691/69dd7f53600cb4edc79b.JPEG	691	n03868863_1786_n03868863.JPEG	3891	69dd7f53600cb4edc79b67f09926b131bc1f54a551cca9efa905ef8ac9ccd24a
0691/a81eba13e553d598a73b.JPEG	691	n03868863_3580_n03868863.JPEG	2364	a81eba13e553d598a73ba9123376a6b2c6c1be5ed9573404c4c644863fdb5872
0692/8060d377d796a926ae0e.JPEG	692	n03871628_36389_n03871628.JPEG	1629	8060d377d796a926ae0efb3bcacea22ab071f135d28a4443cf0d571d63f3cdb0
0692/8610f7edbe6aabd9ac53.JPEG	692	n03871628_10355_n03871628.JPEG	1774	8610f7edbe6aabd9ac53d787b3307b4e8842403e8ea6d0b4d5dd6cc83908ac56
0693/58c8a827a61151574881.JPEG	693	n03873416_17065_n03873416.JPEG	1054	58c8a827a611515748811de7658b0ecf39a9f95a6633ff29969e8234891c593d
0693/f930d9582fd7272bb781.JPEG	693	n03873416_19632_n03873416.JPEG	2288	f930d9582fd7272bb7815449d242c1e6e2e556e067eacede687042c28e05611d
0694/8a49e09d2c6b344c0715.JPEG	694	n03874293_8174_n03874293.JPEG	1564	8a49e09d2c6b344c0715eaa9e3607fdfb533eafca67d861ad5207cf8b7dd2779
0694/e504e7b38241442bb3a6.JPEG	694	n03874293_10410_n03874293.JPEG	2184	e504e7b38241442bb3a6ee327c00b25dd784bcdc15d56f70fd230b6f159e3a07
0695/3552f4ae51fd60b010f7.JPEG	695	n03874599_10491_n03874599.JPEG	3671	3552f4ae51fd60b010f7bf590baf85ccc8a8ac52c028d48b0f66e75bd14464a8
0695/816698f491becbe999c2.JPEG	695	n03874599_15382_n03874599.JPEG	2658	816698f491becbe999c28db5a6a86773cc143e9ad28f80f83ec8141fa11c9e1d
0696/3a09526e80fc838888b7.JPEG	696	n03876231_8796_n03876231.JPEG	2705	3a09526e80fc838888b71dc8b774804b0a0fa04bec804aeb54de7fbc20840f2e
0696/8b6ac29384728294b820.JPEG	696	n03876231_20649_n03876231.JPEG	2849	8b6ac29384728294b82059bee748a8773c2b043b65acc1d1360ec9e1e3654e58
0697/8bf379112d31518444d0.JPEG	697	n03877472_33002_n03877472.JPEG	504	8bf379112d31518444d018cfc1f570e28c0b174531334093b35b55fd18d6585c
0697/aaaf90cd6f0851ae6b11.JPEG	697	n03877472_4889_n03877472.JPEG	325	aaaf90cd6f0851ae6b11ce68a20e34851e7ca2ec86c0464b30265f288ff4aa3a
0698/448001f2f58fbc4eaeeb.JPEG	698	n03877845_7162_n03877845.JPEG	647	448001f2f58fbc4eaeeb09682a69ebd6eef98143a86e31ab912bdc831ac705c2
0698/d7def1ef7ce117114047.JPEG	698	n03877845_8852_n03877845.JPEG	346	d7def1ef7ce117114047a76eca54c0ce0ec506ed77e8e7cea5d4295f4f419821
0699/15edd7696fef8b7c2ee8.JPEG	699	n03884397_14811_n03884397.JPEG	5195	15edd7696fef8b7c2ee815a9203c1166a177611c10eea416b1c588e583335460
0699/5116f86a38f7529681dc.JPEG	699	n03884397_20115_n03884397.JPEG	5436	5116f86a38f7529681dc8c49ddbcf5dd61d16e06fdb6fea2726b5ecef15ab909
0700/02bd66034cf064154482.JPEG	700	n03887697_8002_n03887697.JPEG	1821	02bd66034cf06415448257607c2c0e22f4e15b0b8b435447627573631a08336f
0700/daffa2d1d5b774f9159f.JPEG	700	n03887697_1856_n03887697.JPEG	330	daffa2d1d5b774f9159fc9d973de0f0080ecac23c44a8e1b33921234e104b8cc
0701/1f13d0910524f6cc98e0.JPEG	701	n03888257_34452_n03888257.JPEG	2506	1f13d0910524f6cc98e026b4b98d815c0eb448e6903d61d5db690a4a595d63fc
0701/231c4fa8b894e7daf9e0.JPEG	701	n03888257_11609_n03888257.JPEG	1044	231c4fa8b894e7daf9e0acc535dd61b1086ebb2b6f0225c3191a4c549f10509b
0702/23abfb3371fd5558b96f.JPEG	702	n03888605_19776_n03888605.JPEG	1268	23abfb3371fd5558b96fa6088585560a7736c9548d7d61680a01faf54081aecd
0702/2cb8423cf7d2faef6af5.JPEG	702	n03888605_8089_n03888605.JPEG	1149	2cb8423cf7d2faef6af5a0e9f6c38e3f82e1c9b6d5a6858805e581f6a90c3c3e
0703/25ba26b3b6f6bb01849b.JPEG	703	n03891251_1341_n03891251.JPEG	373	25ba26b3b6f6bb01849bf12fefc670b3f4f9bdaf11b5a3e3ac073b3f7d1d6ffd
0703/d8346e81b7fa986d730f.JPEG	703	n03891251_5433_n03891251.JPEG	812	d8346e81b7fa986d730f5b0b6bef89ddc863b342b92e2bfb8cc6552cb07abd07
0704/1bd638fad434e90bc5a8.JPEG	704	n03891332_5704_n03891332.JPEG	5060	1bd638fad434e90bc5a84fa56596c8141c42ce4310b09cb05dde7ea5055df63d
0704/256e811d1689450de611.JPEG	704	n03891332_4557_n03891332.JPEG	367	256e811d1689450de611b42ac6d448488e6ac3095e08b327f0dd29d669813e39
0705/7c5171a3529f4664ef19.JPEG	705	n03895866_56023_n03895866.JPEG	3069	7c5171a3529f4664ef190aecfbc39c292bd4a47a09a89272821bcf7d4bf492a2
0705/d7932b1f0df74b50c55d.JPEG	705	n03895866_60886_n03895866.JPEG	2568	d7932b1f0df74b50c55df1a5e035b4c00144c2faf4764e2b80753e3eb0b30c6e
0706/779a96f8d59addb07be8.JPEG	706	n03899768_113027_n03899768.JPEG	561	779a96f8d59addb07be86610a240948a46669388817fed519b937b2c0cf0a7e5
0706/e2f2c1889647adf72f60.JPEG	706	n03899768_53950_n03899768.JPEG	2689	e2f2c1889647adf72f6092e826e68ca0a30899015505f1add91b695dabf10508
0707/5ed8b6abf32d5686d3f6.JPEG	707	n03902125_9394_n03902125.JPEG	545	5ed8b6abf32d5686d3f664da88ff79c51448755b55ba06403d8503a42d0e2ddd
0707/ad68cc0144168aabf3f6.JPEG	707	n03902125_28840_n03902125.JPEG	1096	ad68cc0144168aabf3f62d1106364ec6a33f6fb74aee27200c08d19dd49e0dc0
0708/23d7fa573b4d4c2a7ea5.JPEG	708	n03903868_7467_n03903868.JPEG	427	23d7fa573b4d4c2a7ea58933f267bf2d356f2d5e960a5ef96287b702aa1fc339
0708/8fa503ccf54c3b5de292.JPEG	708	n03903868_33111_n03903868.JPEG	1216	8fa503ccf54c3b5de292854e14764df75bc3f3618dcc212303b337a729c4be32
0709/38f4cccac3ab770c5f53.JPEG	709	n03908618_11260_n03908618.JPEG	617	38f4cccac3ab770c5f5301533d970d6d85eec7784104d69ff7d41fe4332283c8
0709/9780a49999adcbd31d07.JPEG	709	n03908618_5968_n03908618.JPEG	91	9780a49999adcbd31d0711bb444bcb1c1c0f2ce78d0e995e6072bf1e9b54f4c9
0710/a8e09a8578e2399af278.JPEG	710	n03908714_10884_n03908714.JPEG	809	a8e09a8578e2399af278824d1ef1a23c7b6ca0f81a5468ba265225526c438ccd
0710/ce50987bc0128d293fe9.JPEG	710	n03908714_6423_n03908714.JPEG	2544	ce50987bc0128d293fe90df470d148e75060988ac866aa1b05073c87276e32f9
0711/0f6ed5eafaecb7540029.JPEG	711	n03916031_9146_n03916031.JPEG	1083	0f6ed5eafaecb75400291a1f62545f05fc9e0fae488d3c2b7f949f2252e37213
0711/67247c6eeef4bccf679d.JPEG	711	n03916031_46485_n03916031.JPEG	424	67247c6eeef4bccf679d995a93e7943163fd1783aefeb772474cb640328e7071
0712/4f6a6f254ccdcee272f1.JPEG	712	n03920288_634_n03920288.JPEG	763	4f6a6f254ccdcee272f113f7929d95bfe6dfc92d2e108dc6987133e862d05032
0712/9e8a1d2b729fc7960a20.JPEG	712	n03920288_1391_n03920288.JPEG	401	9e8a1d2b729fc7960a20c7ca597e27f7f9254fc1fb8af0d9a71c8af40b162d4d
0713/1165b2ea037d404d21e2.JPEG	713	n03924679_13034_n03924679.JPEG	3044	1165b2ea037d404d21e252796eb120d499aedda893487827e3aae1de987c0701
0713/4362a7ae4d4f46cb3e04.JPEG	713	n03924679_14438_n03924679.JPEG	1478	4362a7ae4d4f46cb3e042a56b42a809d9a942d2015ba6f0908caafdbedec6b24
0714/993eb9019e9efbfdcd39.JPEG	714	n03929660_8948_n03929660.JPEG	5395	993eb9019e9efbfdcd39b0e293a03438327ca446bb521373566e6291b2308a83
0714/9e665c6b9c00596bc822.JPEG	714	n03929660_3934_n03929660.JPEG	4275	9e665c6b9c00596bc822ac71f348ffb04ca21ea9b7b427f355d59c2132848168
0715/311684982d9d5ad96d1f.JPEG	715	n03929855_2181_n03929855.JPEG	2757	311684982d9d5ad96d1ffe48ba3aa1e50895b9d2796484bbc20d3c2403b0f030
0715/eebc19fb5d3ba589e093.JPEG	715	n03929855_6706_n03929855.JPEG	1072	eebc19fb5d3ba589e093d60d67096f8c7b3914da3c587831b8566ccfac660411
0716/1fccb62cfe906636f3f2.JPEG	716	n03930313_16_n03930313.JPEG	542	1fccb62cfe906636f3f2cae6b50cd7a415a2791756998ce34552e7e00fe394f8
0716/ec76a16d05f84c195415.JPEG	716	n03930313_12400_n03930313.JPEG	460	ec76a16d05f84c195415d10e6cf830e158387962b555eb64d09efb400d879c82
0717/2e033d5f91343fd907bf.JPEG	717	n03930630_9160_n03930630.JPEG	872	2e033d5f91343fd907bf6d1bd87a87b1cee679f4b5a83feecec1bb9535500c89
0717/c72360835c27e0928d56.JPEG	717	n03930630_16045_n03930630.JPEG	625	c72360835c27e0928d56e27b9c74c054bb808685bb28d415c708ef294fbb05f6
0718/44db67a85143a5b03177.JPEG	718	n03933933_5237_n03933933.JPEG	3904	44db67a85143a5b031772e52de712368477feaed65e01c766dbdefd65b7ef974
0718/539fdec2dcb7fa53bee7.JPEG	718	n03933933_5058_n03933933.JPEG	1940	539fdec2dcb7fa53bee7330b043bf9059a7d061abd3b67d18e098b8ae27e59ae
0719/46750c943ac7650745aa.JPEG	719	n03935335_7726_n03935335.JPEG	1767	46750c943ac7650745aa3f822ccd41f2de84aa705946f9640f26f49b097354f2
0719/951e6cab770f209e1a68.JPEG	719	n03935335_5785_n03935335.JPEG	1644	951e6cab770f209e1a68f38f47ca80142de10a0f253aa2998bd11435de281f33
0720/62f6eff1a943fc5a64cd.JPEG	720	n03937543_9755_n03937543.JPEG	731	62f6eff1a943fc5a64cdeeafbaf509b9d2ff1a6ba3c432ad4c4fa9b4f00484b9
0720/c15272793bca450b65e3.JPEG	720	n03937543_11199_n03937543.JPEG	795	c15272793bca450b65e3b16593c5ac1573a2cae157f693c5b9926657a091837c
0721/9cc1955f4f1d45ec97ec.JPEG	721	n03938244_7641_n03938244.JPEG	1592	9cc1955f4f1d45ec97ecb40bef46729f7887d737c15560a6bd12e315959b2218
0721/ae29a3275e09d032d32d.JPEG	721	n03938244_6112_n03938244.JPEG	4459	ae29a3275e09d032d32dee9030dabf2c46bd6ff4e059f1cab6a24756fd50bc0b
0722/bc6c21a090155e07f45d.JPEG	722	n03942813_12424_n03942813.JPEG	2077	bc6c21a090155e07f45df0b26a7982e9114001563a6fd85afde62d27b39cd05a
0722/f4ab8ed111de57fdf250.JPEG	722	n03942813_15467_n03942813.JPEG	2367	f4ab8ed111de57fdf25010538d29fffb81b9b69734297d5a4773892a6dc3c9e3
0723/66f36a789a60245c381b.JPEG	723	n03944341_10285_n03944341.JPEG	2265	66f36a789a60245c381baebe398fd4b93198c2385bf28a1e3c090ea89067e12c
0723/b8af8ef2caa243c5aa5e.JPEG	723	n03944341_6464_n03944341.JPEG	1018	b8af8ef2caa243c5aa5e0f087daecf96d56a4257a0ad8232db82c2f2bc622433
0724/6e2cb8635bfea8fce213.JPEG	724	n03947888_16402_n03947888.JPEG	1086	6e2cb8635bfea8fce2134c9eb9711e6918b3e3475d832d795759280a18bd962a
0724/d41ead50092e1c2dcf12.JPEG	724	n03947888_37190_n03947888.JPEG	1136	d41ead50092e1c2dcf12ff514fffe11e48d5e4747c5ea5cf23521db3195321fd
0725/0fbcad75d49d4f59288f.JPEG	725	n03950228_17275_n03950228.JPEG	1814	0fbcad75d49d4f59288f91421f0af5875c56c5b23c4067e2313e9271daf1149f
0725/60979a9a10e92732642a.JPEG	725	n03950228_10456_n03950228.JPEG	452	60979a9a10e92732642addac4d400548b861dda89236d5bdcc401c296152d764
0726/299f675b60becb07a97f.JPEG	726	n03954731_44869_n03954731.JPEG	1880	299f675b60becb07a97f619277d0e45b215e6480c1b11b961cf0838d8353ed87
0726/f04163572104a51b0463.JPEG	726	n03954731_3308_n03954731.JPEG	3299	f04163572104a51b04632c0cb8af30f2a784c8cb78682453935aa92ee8a48033
0727/b122821922f5e5415d73.JPEG	727	n03956157_7931_n03956157.JPEG	184	b122821922f5e5415d73c89dec8410d8ee25c86b1c825c776f48410caa0a2df0
0727/f4f0a48848d021e5ae1f.JPEG	727	n03956157_14961_n03956157.JPEG	453	f4f0a48848d021e5ae1f3aee39cdde259105e7ac83d0136d4a0929c6ba67a92c
0728/c1a37fc383f3f2ea2ca6.JPEG	728	n03958227_1568_n03958227.JPEG	2960	c1a37fc383f3f2ea2ca640d995c262b428d3697b396e0e1169e892c18562cbd0
0728/ec1435941cc6a0fa04dd.JPEG	728	n03958227_5261_n03958227.JPEG	3335	ec1435941cc6a0fa04dd8ce275378b8127dfbc1788e18aa62572f519a6e42397
0729/400445d3601c28457cf3.JPEG	729	n03961711_8253_n03961711.JPEG	369	400445d3601c28457cf35679bbe57d690fe15ca7acdfce5eb908ba9f89672f47
0729/ea6f710492d510723672.JPEG	729	n03961711_12654_n03961711.JPEG	1055	ea6f710492d510723672a171ab6c2af3d64a0d366229e8d236da708142b6a249
0730/4a777aedc636aba2c77e.JPEG	730	n03967562_15685_n03967562.JPEG	782	4a777aedc636aba2c77ed3bd70a82678ff6c346869a8e8032ecba81bc4899dc7
0730/9e2789c560783b5ac722.JPEG	730	n03967562_19451_n03967562.JPEG	969	9e2789c560783b5ac722fa44cb9a4d6bfbc6df8165fd6eb9a45e9ae53499cf25
0731/a8866b78d58c3a24129d.JPEG	731	n03970156_5519_n03970156.JPEG	996	a8866b78d58c3a24129dfa9b678dc1b574bf3dedbf7c9c6bcd1fa34d21a2e38d
0731/c7e7fe561d3b5df2ef37.JPEG	731	n03970156_12951_n03970156.JPEG	589	c7e7fe561d3b5df2ef37011d490fda61942046c28da29e51f28f3fa64a20f59b
0732/6af1e9c3cb01cbb74ab2.JPEG	732	n03976467_2775_n03976467.JPEG	2652	6af1e9c3cb01cbb74ab274caf44355121a9a6d4aa72e48906eb45962d7ebea9a
0732/9c9654f24ff597676f96.JPEG	732	n03976467_6120_n03976467.JPEG	2780	9c9654f24ff597676f9600cf708b848af22983cd0d6820602636ed492246b797
0733/4ebe67f001914df245e2.JPEG	733	n03976657_21701_n03976657.JPEG	1702	4ebe67f001914df245e2301a380e5c9aee82e51e6435ebb8560aa6bdaf5a8602
0733/7963b61c757caad42f1c.JPEG	733	n03976657_8418_n03976657.JPEG	2213	7963b61c757caad42f1c7cb88086285e1580b039f6611fa1de6d980832f91702
0734/8aed5be729acf63dc8e7.JPEG	734	n03977966_37600_n03977966.JPEG	422	8aed5be729acf63dc8e7e4601f32ef16f7d469465751b8ea3f87a8f1be65da94
0734/8f53b14115daefa607fc.JPEG	734	n03977966_68009_n03977966.JPEG	110	8f53b14115daefa607fce08db797a77dd48c14bad6d52a257b1c0ab8fbb82f6b
0735/43a62a0752a4cbeb6282.JPEG	735	n03980874_15340_n03980874.JPEG	1277	43a62a0752a4cbeb6282a7c6fb3666f33c41681cdd98c80ba7be51e8d1c431da
0735/bc7f6d8bdc0b2f6b17c6.JPEG	735	n03980874_10282_n03980874.JPEG	347	bc7f6d8bdc0b2f6b17c693215b5d0c482026e8a30542d1b279c6c7cfabf6e205
0736/9eb5267e59e28218b271.JPEG	736	n03982430_3960_n03982430.JPEG	909	9eb5267e59e28218b2712a52e13f88ad2c76a22e089a2e9bc0b58bbde3857d5f
0736/b41fda7642e6dfe6ee75.JPEG	736	n03982430_28502_n03982430.JPEG	1825	b41fda7642e6dfe6ee750ce0ed01fc927efa377dbb1fb08ec634eca45cd8127a
0737/3da9210b3da07ca0a86b.JPEG	737	n03983396_12894_n03983396.JPEG	3949	3da9210b3da07ca0a86beb2eac7c8f1aab1315f2b529a0ce4e449352f26d26f5
0737/ba7ce40b609e9c88223f.JPEG	737	n03983396_4143_n03983396.JPEG	2987	ba7ce40b609e9c88223f37d8eb2e128b86f3072d4d0871c13d3d0e1fc025ba0b
0738/2f8f39d59e49f778da54.JPEG	738	n03991062_3017_n03991062.JPEG	1187	2f8f39d59e49f778da54310f8a6fdbcdd052ae285008126508af14ec50322403
0738/9e2e207937257941e6e6.JPEG	738	n03991062_9643_n03991062.JPEG	1468	9e2e207937257941e6e6b4991433997fd0f590552893011303c1c9294269798f
0739/74241fd79800445e8e87.JPEG	739	n03992509_3078_n03992509.JPEG	59	74241fd79800445e8e8725ccb16d2a9725656143ad9dd5b7be54fc02aff248a3
0739/dbd2f7da7f2e32ec76ba.JPEG	739	n03992509_1534_n03992509.JPEG	3074	dbd2f7da7f2e32ec76ba17cbbfc4a3e30ab8a3c523b555e6fde7c539aacd2231
0740/32fa2de56b8652e409be.JPEG	740	n03995372_2133_n03995372.JPEG	1262	32fa2de56b8652e409be710a498c913e91f4332ecbba260f94a8b8b10039f1c7
0740/e12156fa6fa719395da6.JPEG	740	n03995372_4901_n03995372.JPEG	1169	e12156fa6fa719395da66f0537ed45664fe3fc69fd4e3c92f73b278a1259277f
0741/2e9d51e44d30508e9d64.JPEG	741	n03998194_5934_n03998194.JPEG	1557	2e9d51e44d30508e9d647dcfa0db45dd9e4024c5d43f2a1d8aec79b7290263b8
0741/4f77be9bde07d92f8a91.JPEG	741	n03998194_9070_n03998194.JPEG	1208	4f77be9bde07d92f8a91539863063179f0a4537fe1de753a58799f5629b66581
0742/286089af34e993d25a73.JPEG	742	n04004767_13175_n04004767.JPEG	185	286089af34e993d25a733d58eea12bbc02dfcb9b0ecb7e9f4567636301663796
0742/50a9ca05ae57922a798e.JPEG	742	n04004767_15562_n04004767.JPEG	336	50a9ca05ae57922a798e1bb82e4d626cda2252ff48221e0ca9d504eee74b5c90
0743/4dfb7e04fc5d08c8ba99.JPEG	743	n04005630_80301_n04005630.JPEG	1834	4dfb7e04fc5d08c8ba99ee46a0a342623adff43b130346fa5d46b34004050f13
0743/fc4a18d690ce2b542e4a.JPEG	743	n04005630_106960_n04005630.JPEG	1666	fc4a18d690ce2b542e4a78eb0829e486656dbc3126aff6aaf96a3e47498c10dc
0744/de6ef6e833f014812f13.JPEG	744	n04008634_5660_n04008634.JPEG	1945	de6ef6e833f014812f1381320f5abcad24f2305c91baed86da53d08305cfd01f
0744/e874edd5657854779456.JPEG	744	n04008634_22657_n04008634.JPEG	2562	e874edd5657854779456d9964a31e619eaf93726c129fd3c07b933fb6a6cfb9d
0745/12b3bd2983568e1e00db.JPEG	745	n04009552_1075_n04009552.JPEG	1704	12b3bd2983568e1e00db2da8fe5b3a60b01c15dacb2668b3be605b5985c52a00
0745/9cd4cae853d54e3ddeff.JPEG	745	n04009552_600_n04009552.JPEG	464	9cd4cae853d54e3ddeff095be0bee2f1e56fda2cbbe09bb61adc8fd27f510e37
0746/c5bfe89a595e98245c62.JPEG	746	n04019541_52638_n04019541.JPEG	461	c5bfe89a595e98245c6248557b4054506f123fb2452e0038dba4bc2ca8e164bc
0746/f1f4ff47dda7963e6b43.JPEG	746	n04019541_59357_n04019541.JPEG	403	f1f4ff47dda7963e6b43c7fa177da5de7dd2be68e01f2a840683c45cd9331af0
0747/74a3aa1670e39454124b.JPEG	747	n04023962_26412_n04023962.JPEG	207	74a3aa1670e39454124b177e094e80af81eed7262a9355fe09ccd0a0f3667f5c
0747/e5c78e9ceff9b8193b4a.JPEG	747	n04023962_12459_n04023962.JPEG	235	e5c78e9ceff9b8193b4ac063789a6fc13562a9426c71814b66b6e789b9884a05
0748/57c4e42f1e0d7863c7bb.JPEG	748	n04026417_57263_n04026417.JPEG	719	57c4e42f1e0d7863c7bb4bec4bdc865eaf30c607987b9c652bd754bf77a49ef2
0748/d4f37af31ff58f0ff8a4.JPEG	748	n04026417_45986_n04026417.JPEG	827	d4f37af31ff58f0ff8a4dc988252e388651b1478f974fc95e7c9f85026ab77fc
0749/5ea0e27e795e33866dc6.JPEG	749	n04033901_6564_n04033901.JPEG	445	5ea0e27e795e33866dc6e0fb63f760953fc1817a8dfd686d45665565032362a8
0749/b4dbad2e21394e34302c.JPEG	749	n04033901_42843_n04033901.JPEG	1291	b4dbad2e21394e34302c612084d0b8e337efe9acf6e72f41c4f28fb5f3c1ccde
0750/27cec57ab5d2ccb65469.JPEG	750	n04033995_10945_n04033995.JPEG	5740	27cec57ab5d2ccb654697c26e7af6308490567645deec90c01859def1cfc797f
0750/d1eaf65b488a2d0543ac.JPEG	750	n04033995_60712_n04033995.JPEG	1755	d1eaf65b488a2d0543ac41f59ec7e132d12f78decc097143a45ca1771cc915a3
0751/0cd9cc2f2dc81a005513.JPEG	751	n04037443_4146_n04037443.JPEG	32	0cd9cc2f2dc81a00551353ef3c1306e190abf5dffab6d26ae9e3fe3ca734f652
0751/49dfc275d82044a35b93.JPEG	751	n04037443_14038_n04037443.JPEG	21	49dfc275d82044a35b9375c4b22f310b85dae63ce7b35c58a48199119e29428e
0752/611953a73d95f28c662b.JPEG	752	n04039381_25667_n04039381.JPEG	1270	611953a73d95f28c662b5a37f5457336218c77ee1e83a39e21f16dadf4c739d0
0752/d1cf9ad725b23bce13a8.JPEG	752	n04039381_41116_n04039381.JPEG	268	d1cf9ad725b23bce13a8faaec9f2e89c3f4cc610002b39cd2bb2b592be10d17f
0753/955843ce8ff91259b246.JPEG	753	n04040759_11310_n04040759.JPEG	760	955843ce8ff91259b246801592d192276f43f1fec3692e1f74dc17ca75e34d4a
0753/a12bb845730bcfa78149.JPEG	753	n04040759_11519_n04040759.JPEG	747	a12bb845730bcfa78149350f619cdde63d1eca108c24b7de3328dbd58a845cab
0754/530294fac14f669e2376.JPEG	754	n04041544_1407_n04041544.JPEG	2561	530294fac14f669e23762c199b7ca1ad1b5ed4dd5e006af7e48fffa8cc29055e
0754/86d66a4679fa511e894c.JPEG	754	n04041544_13909_n04041544.JPEG	3579	86d66a4679fa511e894c8ec14daa295706ac43ecd53d9e763ceff7a95da207ce
0755/219ae86539c4f7ea37e4.JPEG	755	n04044716_11204_n04044716.JPEG	144	219ae86539c4f7ea37e4d567dab22a27f72c11f6923fdef48f846092e56bb518
0755/66731cdb36da60e8dc96.JPEG	755	n04044716_14350_n04044716.JPEG	2233	66731cdb36da60e8dc9603e28207e8ba3c2210eb57b1e1fee21cfa85f8974d94
0756/1044cbe4bd9375720701.JPEG	756	n04049303_9883_n04049303.JPEG	1508	1044cbe4bd93757207017df371c0deb2b88e5e93aa69b868f499dc44ce4bf6fd
0756/c8e743fce68f3582e32a.JPEG	756	n04049303_8388_n04049303.JPEG	1368	c8e743fce68f3582e32abc20e29873817100a0f34acb65d2f70c01b8a61e4274
0757/b89d9aee06c9a0292223.JPEG	757	n04065272_14032_n04065272.JPEG	316	b89d9aee06c9a0292223ee0daf1942305c738b368526b7ebaee00b21d6ec7456
0757/cb82aa4e61af8ef85bc4.JPEG	757	n04065272_12909_n04065272.JPEG	1700	cb82aa4e61af8ef85bc4160cacd3a38b8e709ca73a7a4856981135197de6c7df
0758/3c2abe898858f1bbbacc.JPEG	758	n04067472_3512_n04067472.JPEG	4258	3c2abe898858f1bbbacce69ca7a921c7b8cbec10a9d50ae1cd9bbf78c338829e
0758/6bfe7915590b6fde5dcd.JPEG	758	n04067472_2431_n04067472.JPEG	2840	6bfe7915590b6fde5dcdc416536164ddbda0706f93b2bd0fa35a47fdcccc7b5f
0759/2778c07da25e98ef6d13.JPEG	759	n04069434_15967_n04069434.JPEG	2448	2778c07da25e98ef6d1361032f6dd782825eca144c0c7bc104393c9f21f5770a
0759/fc923d81f61be45c2740.JPEG	759	n04069434_5235_n04069434.JPEG	656	fc923d81f61be45c2740ebcdc5a1b396440b6d03859b279f4ef0e9ba24319424
0760/7aba923fe0f3f613b7ed.JPEG	760	n04070727_31500_n04070727.JPEG	80	7aba923fe0f3f613b7ede40ecbb4ed1449cda327f376ee9bc77751a6b8735829
0760/dca146db9688ea5ac4b3.JPEG	760	n04070727_29175_n04070727.JPEG	263	dca146db9688ea5ac4b33133323329cb18dde9da7728ac55de0605244967f14c
0761/8024aa8e28c3db8b6f56.JPEG	761	n04074963_27599_n04074963.JPEG	2035	8024aa8e28c3db8b6f566df491261d99d9917e35f062799c9be5f531e868bcbc
0761/d00d38f5f9b85b381495.JPEG	761	n04074963_16314_n04074963.JPEG	570	d00d38f5f9b85b381495535c3ec09e3d3e119f98c5e532e85fbe9224e3972b0f
0762/15e5c52302fb1fad94f4.JPEG	762	n04081281_7555_n04081281.JPEG	2615	15e5c52302fb1fad94f4cdc64feb9eaee675208b146c0d17be09609252a14e69
0762/5a445b69203ab9d59fbd.JPEG	762	n04081281_64329_n04081281.JPEG	305	5a445b69203ab9d59fbd8cc61fa2c32ec46be6280649a09b6cbf166dad729612
0763/08a98e3f6eb835ff64b2.JPEG	763	n04086273_10551_n04086273.JPEG	68	08a98e3f6eb835ff64b2f7375a27f651d1a8d650bd4436bafe9d70a655e3f19b
0763/2967ddcbd5dc11e0aa23.JPEG	763	n04086273_32211_n04086273.JPEG	408	2967ddcbd5dc11e0aa23d15cbea6f0c8f85fd7efb17bcdcbbe621d62240000b0
0764/2a99c6c948cd950519d7.JPEG	764	n04090263_23246_n04090263.JPEG	2131	2a99c6c948cd950519d7786ed076d6886815590bf15f4907ff0dc73b24d0940b
0764/9ea36f3b949bd06fe1d7.JPEG	764	n04090263_3874_n04090263.JPEG	849	9ea36f3b949bd06fe1d7c624cd02bd66f7f190787399ade969d685810d890619
0765/23f12e8d1262868b4b11.JPEG	765	n04099969_2528_n04099969.JPEG	63	23f12e8d1262868b4b116196cbe6523eab97d1c494b96846759adf2dca49628d
0765/bb92be879ba4617beb98.JPEG	765	n04099969_2902_n04099969.JPEG	3991	bb92be879ba4617beb98b3c43939e84a99ef0752f7af48695769aa693b9059c8
0766/ca51ae00c025831e90e5.JPEG	766	n04111531_6486_n04111531.JPEG	1264	ca51ae00c025831e90e5568cd6f941e6b37aa4cdb5794065de3883982b20150c
0766/fd704eafafea9d18a70f.JPEG	766	n04111531_6415_n04111531.JPEG	1460	fd704eafafea9d18a70f359179e841b27199446c6e4246d6f58daf3bbc7fa7f4
0767/1d33297d2510c324c6fc.JPEG	767	n04116512_16741_n04116512.JPEG	30	1d33297d2510c324c6fc9a2d051630d7b3324e80be79fe0c1541aac2f32b0b55
0767/7b017aed3fbd99387f51.JPEG	767	n04116512_3747_n04116512.JPEG	143	7b017aed3fbd99387f511382686eafefae264417c8fa4a504a466edce567b622
0768/97b54e4150ce14afebe4.JPEG	768	n04118538_7043_n04118538.JPEG	1769	97b54e4150ce14afebe4ea54c1a6a2702f75bebd265518e44e6b534a0ed035ca
0768/f69806ebd88b03e95e9e.JPEG	768	n04118538_6391_n04118538.JPEG	1891	f69806ebd88b03e95e9eb050375ff7d59555ef3fea7e6cdc76258656e9513fce
0769/368c5494b69388e66498.JPEG	769	n04118776_56027_n04118776.JPEG	551	368c5494b69388e664982fa281be97b3569a68b7e268f66145536e8bd6dfbf73
0769/48ad862d62c62d9c0abd.JPEG	769	n04118776_13279_n04118776.JPEG	476	48ad862d62c62d9c0abd492dc2e16186c04f17ed6b3b84a2a3265a4f0f7f4351
0770/28c4b9a492fc796493fb.JPEG	770	n04120489_4433_n04120489.JPEG	538	28c4b9a492fc796493fb95d50b8606a1829dc807cc532b6d7538d3cd6b79c354
0770/39577d659df94ea3a4ce.JPEG	770	n04120489_10815_n04120489.JPEG	278	39577d659df94ea3a4ce72fc1abf25287afbdb903db8e0c510d221e15938a99e
0771/cea547d4efd9958e5827.JPEG	771	n04125021_25079_n04125021.JPEG	1942	cea547d4efd9958e5827b228de47a24eab901171a22eaaf51056fbbd4ce07361
0771/f195dad9d366e5af4c68.JPEG	771	n04125021_19105_n04125021.JPEG	613	f195dad9d366e5af4c68a1b2d659bd1699f48f04a7ecd01947f23d332c167888
0772/5127134c5538e7efeb1c.JPEG	772	n04127249_4462_n04127249.JPEG	2273	5127134c5538e7efeb1c06dda8ca23956bbe4892dfb237894141be71ca8e7ef1
0772/7f446f35ef63e6caf94a.JPEG	772	n04127249_303_n04127249.JPEG	2498	7f446f35ef63e6caf94a741320a38e2db82e2a3d66d71966792c877ce6a36570
0773/4c2e4601f66680013154.JPEG	773	n04131690_21087_n04131690.JPEG	764	4c2e4601f66680013154c6709dedcdd7c692dd376ae5224443224cb2203996bd
0773/cd17ecf7a70ccfabb4bc.JPEG	773	n04131690_12691_n04131690.JPEG	313	cd17ecf7a70ccfabb4bc742045ffd081a5e0ffd45c8f40eec7a8504375331e37
0774/2c6ecaa28d95f60d3c55.JPEG	774	n04133789_12833_n04133789.JPEG	1459	2c6ecaa28d95f60d3c55f51bfa860213a4e18b4bd7f3d04bdf98c0ecaaa92df3
0774/dc2b2e20b1ae24c52a57.JPEG	774	n04133789_6751_n04133789.JPEG	1077	dc2b2e20b1ae24c52a572bc7d2837513890ad06b16f42ab5dff4cb2479d83141
0775/68b75bb1067756a0bab7.JPEG	775	n04136333_9698_n04136333.JPEG	652	68b75bb1067756a0bab7d2b58b4e1a2b959fe35fbdc387665d73b01be3ae3044
0775/eac83eb89a2157de0a5c.JPEG	775	n04136333_3274_n04136333.JPEG	374	eac83eb89a2157de0a5c50b5987093cfb39980dc584e3fb2f07bcf26258a7efc
0776/6b40ccf03f26fa418907.JPEG	776	n04141076_37140_n04141076.JPEG	163	6b40ccf03f26fa418907148bba3ed1cb2fe00423ea872ce9eeeed341b54b1aef
0776/ab9d9c03d6b8d5157465.JPEG	776	n04141076_48289_n04141076.JPEG	673	ab9d9c03d6b8d5157465c5bbaeb3717fbcd5b61da8d9e887874782bdb5e38f08
0777/0a7c8c95dc8ecc2c9281.JPEG	777	n04141327_1636_n04141327.JPEG	1981	0a7c8c95dc8ecc2c9281e6087fa6777d2e564dbbf42a162e5274415ff2aa789a
0777/d49ffaa6eb9febfae3db.JPEG	777	n04141327_5383_n04141327.JPEG	94	d49ffaa6eb9febfae3db8d6c040a800122c5580cfa6d344f188782162132dafc
0778/21eda785fc08476412e3.JPEG	778	n04141975_7483_n04141975.JPEG	431	21eda785fc08476412e39c48b40048b3e1cbb215dfba5a76409b8b70991ae700
0778/c5ed8fa0393633219b86.JPEG	778	n04141975_26448_n04141975.JPEG	15	c5ed8fa0393633219b864ac27f347f8ab6186937318206b16722cb3d62c89d00
0779/16be9d5b359cbdb17b42.JPEG	779	n04146614_19093_n04146614.JPEG	1716	16be9d5b359cbdb17b42a065a4494c66ec552bcb4863f875ad93bd35fd8669c5
0779/32f14b2cefe31ae1fd16.JPEG	779	n04146614_13633_n04146614.JPEG	1485	32f14b2cefe31ae1fd16fb6aeebb223866297e1fc7440fb92dc6785d8b04aa56
0780/4fa9af0231806ecc4ed9.JPEG	780	n04147183_24953_n04147183.JPEG	4935	4fa9af0231806ecc4ed9b1d23840a5831c9934b61873d32aeac53425c877e595
0780/55da881a42aa3a7aec2a.JPEG	780	n04147183_10022_n04147183.JPEG	2165	55da881a42aa3a7aec2a4f2885a967672036849385d60ac97350f0bf0cd6f63d
0781/c7f2ca8da4c6f64ffc84.JPEG	781	n04149813_9318_n04149813.JPEG	230	c7f2ca8da4c6f64ffc843310a3702f142ab9398744b760fbaa23e6b6e93ca585
0781/f83e8342e9837aebea79.JPEG	781	n04149813_33676_n04149813.JPEG	2235	f83e8342e9837aebea792006fa76c24fb25d0dfa4e71e5bd09e322ffdc5c9a7e
0782/95593817408afd8ebc6c.JPEG	782	n04152593_8989_n04152593.JPEG	1013	95593817408afd8ebc6ca21db977bd6e9202dcfba9d9584b1cb8fa4e73918d54
0782/e168f45da2894858b657.JPEG	782	n04152593_24069_n04152593.JPEG	1414	e168f45da2894858b65776915cc16285dd98071b58a927d7f4b61e2d41d8783c
0783/027c946ba641092e2ec1.JPEG	783	n04153751_6583_n04153751.JPEG	1103	027c946ba641092e2ec11d291bc33f9a50316ceb413dce6ec848d24b5100f3d5
0783/bbb09e5c23a806739ebf.JPEG	783	n04153751_15169_n04153751.JPEG	3484	bbb09e5c23a806739ebfa8a1a7ef639911124558063d3ad2efa1b0eaa9eda5dc
0784/22e25b6edc47fe76e87d.JPEG	784	n04154565_18999_n04154565.JPEG	4	22e25b6edc47fe76e87d316d459adaffa67f7dde58d1f994e92157055efa2087
0784/e9fc6a748d9c705d0a18.JPEG	784	n04154565_32559_n04154565.JPEG	393	e9fc6a748d9c705d0a18d4262fa5abda0cb6e502d0f33e58574da98ed26b2818
0785/344deeafbc7e475f9965.JPEG	785	n04162706_11113_n04162706.JPEG	6037	344deeafbc7e475f99655259fc6cb92e256a355636cc9e94800349b786650409
0785/baf3fb85346d7b235415.JPEG	785	n04162706_48463_n04162706.JPEG	6087	baf3fb85346d7b23541533097e8b818e7b185b6c4047aab1045df3f07584e4b3
0786/0e523cebd3666166b3db.JPEG	786	n04179913_16110_n04179913.JPEG	4597	0e523cebd3666166b3db034c21566fa7592b32f80d2517c1df155acb4e26cc6e
0786/d003d53357fe5539498b.JPEG	786	n04179913_15064_n04179913.JPEG	1511	d003d53357fe5539498bb7d5675e48d232917346a9bb8b9d32fa1e3584808765
0787/73d33122e0c92b1a06fa.JPEG	787	n04192698_48954_n04192698.JPEG	3443	73d33122e0c92b1a06fabb6fe44e6151e607a8157d781d3bba412f9f042c5026
0787/cb5d4b3560363129b821.JPEG	787	n04192698_14371_n04192698.JPEG	2287	cb5d4b3560363129b82175dfefba6da1db76f560a0d2469229fd03508c51c162
0788/6f69c7a5314e48c7a921.JPEG	788	n04200800_5938_n04200800.JPEG	1427	6f69c7a5314e48c7a92164f8825d101a41e5544256456bc93f4072ea7b33b7ed
0788/d8c9f365fb0486178487.JPEG	788	n04200800_12678_n04200800.JPEG	198	d8c9f365fb0486178487a0d3d6c0a7ec085a9f3639df33aeb765b820c1e8d999
0789/30c174b41eebec5bccdb.JPEG	789	n04201297_16974_n04201297.JPEG	903	30c174b41eebec5bccdbe47e79a267a8a659744f056ee9420ebf405c2d3474ac
0789/3671b1083bb12e4176b0.JPEG	789	n04201297_16861_n04201297.JPEG	499	3671b1083bb12e4176b0b18051aeab9abb3b1e4538ee17e5b428d0af7fd40479
0790/a94c56280eea131810d1.JPEG	790	n04204238_14799_n04204238.JPEG	3101	a94c56280eea131810d1e8b598bfd9a0e2e2331a6d8b07dc31d71d008b5cad7e
0790/f387301266e866e6f02c.JPEG	790	n04204238_7338_n04204238.JPEG	667	f387301266e866e6f02cd61edb0ed7d30ad4205540e87d2185ad6ce029a9f559
0791/1fd4245f4180eb84a5b4.JPEG	791	n04204347_10343_n04204347.JPEG	746	1fd4245f4180eb84a5b49f323351a4636b15d54a2decde27ad8287ad6c711a45
0791/cc1ea1fc83193e4e5aac.JPEG	791	n04204347_49_n04204347.JPEG	1475	cc1ea1fc83193e4e5aacfe9742a5a7c697e92e4dce48b24ef6634daf860ba6a0
0792/0ac323fa65fee7fc3038.JPEG	792	n04208210_2397_n04208210.JPEG	399	0ac323fa65fee7fc3038f852e04a4f4215f995075e6c72042491651611a5fd0b
0792/7ae6d8a4df3a606ba16f.JPEG	792	n04208210_10971_n04208210.JPEG	594	7ae6d8a4df3a606ba16fcbdef64f8b468a1318c85743559ea8b52fbd96b50b2c
0793/0c3b0aad752deebd4513.JPEG	793	n04209133_9525_n04209133.JPEG	137	0c3b0aad752deebd4513496bdc85b3f679c6ae44ac5d3f2ed97f99820804bac6
0793/f9a50fe2c6e2f0805740.JPEG	793	n04209133_3220_n04209133.JPEG	1372	f9a50fe2c6e2f0805740fdae47b990f37c38f57262259bff03172ca9b4896906
0794/9af70d2ed1ec36c9aa1e.JPEG	794	n04209239_6894_n04209239.JPEG	689	9af70d2ed1ec36c9aa1eb9b4ae54279d8974fafb88875a730eae037cc3ac611d
0794/fced8d4ea47bc6660af8.JPEG	794	n04209239_10614_n04209239.JPEG	1770	fced8d4ea47bc6660af88dae3684c619a2996285fd1219a2559a001644015612
0795/11c4f8fa14b3853a10af.JPEG	795	n04228054_9611_n04228054.JPEG	3958	11c4f8fa14b3853a10afd7395315afac5b89a2e7f42875fb9604568bee1ec1d4
0795/18556e5d2392d6cad5a9.JPEG	795	n04228054_5351_n04228054.JPEG	948	18556e5d2392d6cad5a942a5bfd34927c4ecfa051c9c19af1e5c3226e5d76e43
0796/8755fb88f45132300844.JPEG	796	n04229816_8201_n04229816.JPEG	5883	8755fb88f45132300844aa72c4621a9d50939d59906d43fc05aafb74015b23da
0796/d79fc0ccb8f05a56f4b1.JPEG	796	n04229816_909_n04229816.JPEG	2348	d79fc0ccb8f05a56f4b1d50589f0a84b1c45d6b8701a9cb185a8062c494cbecf
0797/97cf58645d9f1e4b10de.JPEG	797	n04235860_7837_n04235860.JPEG	222	97cf58645d9f1e4b10de285ac25ca8d45954d849147ed9269cff20a1ad760f74
0797/ab39dc17296f9a2ce483.JPEG	797	n04235860_6773_n04235860.JPEG	2241	ab39dc17296f9a2ce483f675390158f5297cde2d74ce0c1a995aaf5ea614551c
0798/03b27d411c086e9d34e7.JPEG	798	n04238763_5967_n04238763.JPEG	3247	03b27d411c086e9d34e78a3778187abc1d18d50b6a8b9f5e8bd1ec2de3e9208a
0798/ea8db672ddc23166fc94.JPEG	798	n04238763_11659_n04238763.JPEG	2654	ea8db672ddc23166fc945c4161990ba48fa04fedf1f6af73a73cc7da9587c2b4
0799/17337205a4d4c6cab33a.JPEG	799	n04239074_2489_n04239074.JPEG	833	17337205a4d4c6cab33a719a9d6ef294b98923bc3e5f604b65e716a1d4553018
0799/c6d77c6057a66e09079b.JPEG	799	n04239074_26531_n04239074.JPEG	757	c6d77c6057a66e09079b27ee68bdf8173ecc877aab9561d4ab582b655ddb04b1
0800/6bfed305d565c70a5e1b.JPEG	800	n04243546_3212_n04243546.JPEG	1012	6bfed305d565c70a5e1b37b3b0a1f8aa105e8cee8e2124097eca67c4af7d6e90
0800/bc023616b830755fe38e.JPEG	800	n04243546_19587_n04243546.JPEG	1354	bc023616b830755fe38e88445dd184e09ff71064fda77f39bea1d3d91220234b
0801/58b86ced5fcd53ab268a.JPEG	801	n04251144_14384_n04251144.JPEG	182	58b86ced5fcd53ab268a467300494cd9ad76899411bbb899f53f33e012d267bb
0801/8a3b391ce9ee70691b7e.JPEG	801	n04251144_8142_n04251144.JPEG	167	8a3b391ce9ee70691b7e905c2e623145c622612f8646371b9f9243e52dba371a
0802/c27fe87135cd59aa6ebb.JPEG	802	n04252077_3070_n04252077.JPEG	1868	c27fe87135cd59aa6ebb1dcd69ffe8ff56437796a6065f0bfb313a665575b8ae
0802/c5107f3135d7f6d78a75.JPEG	802	n04252077_5420_n04252077.JPEG	1524	c5107f3135d7f6d78a756b890b89b0b4be05496a407da590b48ea864a13dd710
0803/b51b47024358189f529c.JPEG	803	n04252225_11429_n04252225.JPEG	2129	b51b47024358189f529c599991bd62f673133384b53632e419c48001e7ee3f72
0803/f10245d939c12a51369d.JPEG	803	n04252225_25302_n04252225.JPEG	1741	f10245d939c12a51369db602c9498330f1b693ce070ef5919b070e9ad548fa9d
0804/182638db0afc4e4584d9.JPEG	804	n04254120_5033_n04254120.JPEG	210	182638db0afc4e4584d9cd6dd52accd6ff21cadf8208c99e1520fd5a6ea5a23d
0804/e04b579d063dc7ca50db.JPEG	804	n04254120_3479_n04254120.JPEG	233	e04b579d063dc7ca50dbd12db2d6fa557c61c5866b0a82f3d8310942ed14e8f0
0805/80c6ea71cadb22fdab26.JPEG	805	n04254680_8970_n04254680.JPEG	259	80c6ea71cadb22fdab26569f0f2c31d3cbda05ac81be2e44dacfa5605ee21319
0805/fe92dff5908f77ba171c.JPEG	805	n04254680_7763_n04254680.JPEG	213	fe92dff5908f77ba171c5f1d299c56acf725382bdb2a3c7eaef65fc87cac8929
0806/3c78a9cb2237ecfb916f.JPEG	806	n04254777_7792_n04254777.JPEG	1850	3c78a9cb2237ecfb916f334c9ad415a8845cbbf300bf7919d89220e1a16958c4
0806/a62efc9819f44993776c.JPEG	806	n04254777_8302_n04254777.JPEG	3063	a62efc9819f44993776ce9ed3859b097224668960f009f93d0126fd45a689f22
0807/031759ca1a7d79185b0e.JPEG	807	n04258138_4316_n04258138.JPEG	444	031759ca1a7d79185b0eae6cff5bf801d99616f69910b35d5168b56a3bb58bb9
0807/9a4a1ce77a0baa34cffb.JPEG	807	n04258138_5265_n04258138.JPEG	322	9a4a1ce77a0baa34cffbc43de6479037f2b1885a3c38a90750e796de83af7263
0808/33befad9876f42c9d799.JPEG	808	n04259630_15324_n04259630.JPEG	743	33befad9876f42c9d79952938fb9b1b26688df1c05c60c8ca1d175ed869b598c
0808/3ca1c697f2f344d691cb.JPEG	808	n04259630_19910_n04259630.JPEG	2847	3ca1c697f2f344d691cb78e697ede4e9e6461fc4f848722a7f536f7d8a62930b
0809/1b18eb9986c9a1f4bf67.JPEG	809	n04263257_6845_n04263257.JPEG	1283	1b18eb9986c9a1f4bf67dd129044832dfa52bcd2b5364fcaf4534b65acdca362
0809/d79470cba3d0dfe62967.JPEG	809	n04263257_1903_n04263257.JPEG	734	d79470cba3d0dfe6296775e16eb79e83bd9d7c020edf31e3ce2c5e7ac54d8ba9
0810/60bcb4f3eb83c377b30a.JPEG	810	n04264628_25207_n04264628.JPEG	2816	60bcb4f3eb83c377b30ad49be23774187805e537d0dda407a7d71ee6d8338cd6
0810/878bb5bd875bfc683f32.JPEG	810	n04264628_30430_n04264628.JPEG	1278	878bb5bd875bfc683f323df8ee718402218e7e72cae142425cdb9bd144020d80
0811/1cbfe6b3139ec5e6d97c.JPEG	811	n04265275_3471_n04265275.JPEG	89	1cbfe6b3139ec5e6d97c67bd3761dce8524ed524d36a528c19060d7b906dab3a
0811/bd8f695710749eafed77.JPEG	811	n04265275_1665_n04265275.JPEG	1080	bd8f695710749eafed77b2101bddf0d78a2ecf1152934272f6885400592f87a9
0812/4de78e44f81951b6617d.JPEG	812	n04266014_9735_n04266014.JPEG	808	4de78e44f81951b6617d6fea37c86d638ef404754a86bf936018aa2eeda6f478
0812/c19580c75518d7b8bd4c.JPEG	812	n04266014_8200_n04266014.JPEG	648	c19580c75518d7b8bd4c602c5082f348ae4468eea05e00fd8d3c1917d9c7492d
0813/7ba007918cd734f68f63.JPEG	813	n04270147_2936_n04270147.JPEG	151	7ba007918cd734f68f6397f3f97aa110c001d69c8cc52a3601dae17578432ca6
0813/a2d2b8ce0310df92bee9.JPEG	813	n04270147_2198_n04270147.JPEG	1171	a2d2b8ce0310df92bee9dbe73c7edc564d0a42dba00443440d1eedd4a35b476d
0814/19aaef29cf821c14e550.JPEG	814	n04273569_18044_n04273569.JPEG	1754	19aaef29cf821c14e55082f1c5fb38bb464440eaf5321f94c438826975d9f6a2
0814/c3eec1b55a8db4d4b044.JPEG	814	n04273569_10794_n04273569.JPEG	3565	c3eec1b55a8db4d4b0448b1765d512c1de5af57e1b932c859dd252b4e9165f1f
0815/d91915801ab36e9dbcb7.JPEG	815	n04275548_8812_n04275548.JPEG	240	d91915801ab36e9dbcb7d838be9a3c8a4962bf4c2ca79c28300ab09a25cfbc04
0815/e251f0df4243d83235ad.JPEG	815	n04275548_12297_n04275548.JPEG	472	e251f0df4243d83235ad8f845323711b1a790ec5db9142c4e88ecaa8ecc123f9
0816/3d19ddef168f1ba5cdcb.JPEG	816	n04277352_9466_n04277352.JPEG	1099	3d19ddef168f1ba5cdcb94892f0596c9d2627fdef8c13cf275fd6271d628e83e
0816/7e6bc033f6719f6c681e.JPEG	816	n04277352_24052_n04277352.JPEG	109	7e6bc033f6719f6c681e08f98b39ed752259329af23476c7d92476e180a2a0fe
0817/a67c7c1b36d32eea4261.JPEG	817	n04285008_12501_n04285008.JPEG	2207	a67c7c1b36d32eea4261147fad73f32031d26fb0aa7f016fa64b1a85990c6f25
0817/c9ab2f6231186d9fe19d.JPEG	817	n04285008_4098_n04285008.JPEG	2555	c9ab2f6231186d9fe19df12f1934b37ebff02b5c4e283b11c0bb24b9f2011a66
0818/565de9580bee32e23595.JPEG	818	n04286575_38649_n04286575.JPEG	801	565de9580bee32e23595a4f63a0b026cba2bbc462f022440a5f4eadec9f92b9e
0818/a37e7804767ea71eaab2.JPEG	818	n04286575_52431_n04286575.JPEG	695	a37e7804767ea71eaab2e7b8c54d2cc5ce1532ca893e4459109fbb9e4354ef4a
0819/05c6da774391e9cc8961.JPEG	819	n04296562_28619_n04296562.JPEG	1865	05c6da774391e9cc8961f5b95e74e0b8e98e08818c96f7c03a02e807eff0adca
0819/3554dc9a69b5ca083a8a.JPEG	819	n04296562_34544_n04296562.JPEG	2357	3554dc9a69b5ca083a8a4897aa4ba7cd1a9dfb6243990edcab7342f976b581e5
0820/44a067309dd4e45e7bc9.JPEG	820	n04310018_20766_n04310018.JPEG	3431	44a067309dd4e45e7bc90891bd0fc421e39b3ce1bf4d9d1b04afa3af2e577d88
0820/761270bc0931b4f40a8a.JPEG	820	n04310018_5968_n04310018.JPEG	2254	761270bc0931b4f40a8af9de9a2d5ef7869a8b56d8e533836e7cfb09d01f7598
0821/41d3d97e5bf02d2da14c.JPEG	821	n04311004_3134_n04311004.JPEG	275	41d3d97e5bf02d2da14cd5f9b7cf207fe92e53d05ae4bd8b96304fbe6e6ccebc
0821/60cd048da173490e54e4.JPEG	821	n04311004_4976_n04311004.JPEG	2513	60cd048da173490e54e44390a3f5a9e56f4376092e80ea2d9f32354c1faf3b59
0822/72f1a158926d27b93c5f.JPEG	822	n04311174_16287_n04311174.JPEG	390	72f1a158926d27b93c5f8a3d475dd57560ea91fe928cf6b28ab8168e5d966cbb
0822/d03756b688f1d914cfe7.JPEG	822	n04311174_2619_n04311174.JPEG	1048	d03756b688f1d914cfe7c97633024052cb6ef43606c56356dec09ad9a790cdbe
0823/089d8b101e72c764ad46.JPEG	823	n04317175_15995_n04317175.JPEG	202	089d8b101e72c764ad46bb8863dd5001dc55fd88881ccd53001aa9dda3d457aa
0823/87fde624746d157e284f.JPEG	823	n04317175_7823_n04317175.JPEG	228	87fde624746d157e284fe87e8dd2c0d08a9487af328ad1172e55b21fa0d91193
0824/15a086702469e781487e.JPEG	824	n04325704_2654_n04325704.JPEG	1294	15a086702469e781487e2f39d680df675af5f8a1f0ed796e1761e9a2208dc035
0824/1a22cfb52cb8df4d7742.JPEG	824	n04325704_5750_n04325704.JPEG	1338	1a22cfb52cb8df4d7742b50cabe00e4daf7840a315de8fb169050dc8c8f88340
0825/492ca37e4792c3322eb5.JPEG	825	n04326547_2915_n04326547.JPEG	130	492ca37e4792c3322eb5ff1ba1ee6e501cb20b9ba578832bcdf743dcc6c2ccc7
0825/4c2cebe892892e7c1b6e.JPEG	825	n04326547_9330_n04326547.JPEG	4096	4c2cebe892892e7c1b6e29c7158a7caffa00bcf7ce029c5ac10abf8be0ac073a
0826/b93ecc8e76e0ea103e7f.JPEG	826	n04328186_12068_n04328186.JPEG	973	b93ecc8e76e0ea103e7f92a0de0c4cecdf115b82fd33ad2bfd274f1efe409706
0826/dcb263a674e68323390e.JPEG	826	n04328186_33506_n04328186.JPEG	1906	dcb263a674e68323390edd4a1771c9ba5d1affb1bb1db42372c3ad83728d47b6
0827/793ea1d4e0e25c1eb700.JPEG	827	n04330267_8732_n04330267.JPEG	986	793ea1d4e0e25c1eb70001fdf67acf471584a15d65c67177ceb3e60998609d61
0827/905df25e3b1bde6a2892.JPEG	827	n04330267_3501_n04330267.JPEG	462	905df25e3b1bde6a2892a69c2e29a685dbe0e792f94d3fcd81be48117aec5d59
0828/7a7a7316a10c945d8f24.JPEG	828	n04332243_5984_n04332243.JPEG	1496	7a7a7316a10c945d8f248d5c0062c280c9a8aaa217be930ee1859f28a880ac26
0828/a7c08cdbbddfdd564c0a.JPEG	828	n04332243_27054_n04332243.JPEG	756	a7c08cdbbddfdd564c0a606a1adb63f7185dad7919b67ef6d30426fce7732039
0829/89bda42bfaec2d1196b7.JPEG	829	n04335435_18912_n04335435.JPEG	1728	89bda42bfaec2d1196b7d2463cbf5a8c923d3c1b8c5e326e666f7c4f8087ef1b
0829/da2ac1366a3588e91817.JPEG	829	n04335435_12205_n04335435.JPEG	61	da2ac1366a3588e91817ca000ad60064ae685b46bf718740dde5d1ea79573cd2
0830/8c5ecd3984d83c33cb8e.JPEG	830	n04336792_6179_n04336792.JPEG	842	8c5ecd3984d83c33cb8ed854efaf8b4c7b0c4a664b38061e6551bab9054ecdbf
0830/ebac3aa8cb1b6c66ba92.JPEG	830	n04336792_13367_n04336792.JPEG	3559	ebac3aa8cb1b6c66ba926ef9d22a70956d9fb70857b8d258dba1a2ba9af253b9
0831/648bc7880203fbc1c343.JPEG	831	n04344873_16145_n04344873.JPEG	312	648bc7880203fbc1c3430c0cc7fb300d88f75496131ca543fcf2d55033272a7c
0831/a19c3dd4ef98a493ecb8.JPEG	831	n04344873_4679_n04344873.JPEG	2666	a19c3dd4ef98a493ecb8efc2f8e0447956ad4bd503340b38a3d8e6323455b7e1
0832/1d0e2feb465b3adb9089.JPEG	832	n04346328_25962_n04346328.JPEG	1844	1d0e2feb465b3adb9089051dcfd7c8ca3e62cad35fb0fa66182e4da183019973
0832/81a56694d1132100da7f.JPEG	832	n04346328_14109_n04346328.JPEG	1819	81a56694d1132100da7f606f864402631e2e6a13268042c41d8ea1ecb82e0c46
0833/5b660aecf73e68a73b5b.JPEG	833	n04347754_15068_n04347754.JPEG	1288	5b660aecf73e68a73b5bba3a71189521bc01e8a7b7a7ee1847d19b849b1266be
0833/cddad52f9ce6a4898f12.JPEG	833	n04347754_75769_n04347754.JPEG	929	cddad52f9ce6a4898f12b6910a32e5370083e0022d58cd603ca21ceab702b628
0834/789457a796a1ba114263.JPEG	834	n04350905_1315_n04350905.JPEG	2967	789457a796a1ba114263491c54443bee1140ad6e79ed54da4ccf1885c85a10c0
0834/d1f0e3c33c0bb99ddd82.JPEG	834	n04350905_7444_n04350905.JPEG	1929	d1f0e3c33c0bb99ddd8246b07e41a0f84c2362899a37fe4e80586ef40936f653
0835/b39de0385baf09b7293f.JPEG	835	n04355338_29093_n04355338.JPEG	1087	b39de0385baf09b7293fe1842c6672bab58763845cd41facf158e6ff2202f7a8
0835/b4bf2a3e2f9e38c8bc32.JPEG	835	n04355338_15893_n04355338.JPEG	3609	b4bf2a3e2f9e38c8bc3254e439fb318f3b4b4267929f7c848184d06ae1bdd6c5
0836/309c00f28b51bf4fccf6.JPEG	836	n04355933_14415_n04355933.JPEG	381	309c00f28b51bf4fccf63199f74681a07f393ec4b0e6116b789574029dd9107e
0836/5406edc745a70b9f30c3.JPEG	836	n04355933_14626_n04355933.JPEG	145	5406edc745a70b9f30c3bbafb27f1b58fc99cf90a8ad3e0106d97992e50fbf2f
0837/6c5149b146573bcdcfeb.JPEG	837	n04356056_56196_n04356056.JPEG	4036	6c5149b146573bcdcfeb54ca1ed75c1fd12730c79c1c921f94765178184e10e0
0837/70c15835886dc39c0391.JPEG	837	n04356056_14088_n04356056.JPEG	1690	70c15835886dc39c0391e7e629b59bbeafdfc3f595f1cd60be3f4bd28287466a
0838/0be2953a317f63b6c9c0.JPEG	838	n04357314_16651_n04357314.JPEG	208	0be2953a317f63b6c9c08463b33a9ce6a661ce417295b06fddcaa9e9e1054ccf
0838/33e938c7034012789152.JPEG	838	n04357314_32436_n04357314.JPEG	1315	33e938c7034012789152797ec46ffd704a419188dddac01295e59efc3a69cd80
0839/6164a417aabedea5aa71.JPEG	839	n04366367_12932_n04366367.JPEG	865	6164a417aabedea5aa71228138529f6ccdade760c3eb207cff09a8ee5ff7eb1e
0839/feed40d87770ff4e90ab.JPEG	839	n04366367_8980_n04366367.JPEG	830	feed40d87770ff4e90ab46a47c205b62c2ff55eeb039fb51be498bfbaaa72210
0840/e3d9fa34b6a3a4c28431.JPEG	840	n04367480_442_n04367480.JPEG	529	e3d9fa34b6a3a4c2843196732236649974717dca3945d982933ed213695ddd6a
0840/fedec48b90e36ae74e76.JPEG	840	n04367480_17727_n04367480.JPEG	532	fedec48b90e36ae74e76073f1995fd4a532b153a10e98cbc3a2bb07c699568f7
0841/28a9edbac93b1e74129f.JPEG	841	n04370456_587_n04370456.JPEG	186	28a9edbac93b1e74129fe62966d23bffc52f5ac401745be9034aea79b9b01b6b
0841/4940f1d1533e9b59d29b.JPEG	841	n04370456_9347_n04370456.JPEG	794	4940f1d1533e9b59d29b96cdbe3168385d5a0927718e9dd601aa22d4a612088c
0842/164511575bdd3b847861.JPEG	842	n04371430_1567_n04371430.JPEG	1674	164511575bdd3b847861b8e50a6828f100f2560d2bac305c5b6ead551f627b3e
0842/170c8e987d17db82681e.JPEG	842	n04371430_13232_n04371430.JPEG	1192	170c8e987d17db82681e751ee6feac24ec177ae1135ea4e6ed443435fd7f5b1f
0843/74ff1a9e2a5cf26ce9c7.JPEG	843	n04371774_9915_n04371774.JPEG	1581	74ff1a9e2a5cf26ce9c7769bb3180d40e4ecc4a16c002238e02027c1ff89cd1d
0843/db0b27e1a386ff7de5f0.JPEG	843	n04371774_12095_n04371774.JPEG	534	db0b27e1a386ff7de5f0ce7a04c327d1d54980233b627c0c3a4960d385fb2c6a
0844/2ad2c018112681fd123b.JPEG	844	n04372370_10163_n04372370.JPEG	2202	2ad2c018112681fd123b0c1f37ad59480c2b036d08ecaecb701ba70516e9e941
0844/dcd075abf9f1d2bf3f6a.JPEG	844	n04372370_40288_n04372370.JPEG	3627	dcd075abf9f1d2bf3f6a02773cbd017bd164bb74b47792cbd9636ace1de5168f
0845/b01607cf25dd71616e7d.JPEG	845	n04376876_14090_n04376876.JPEG	3998	b01607cf25dd71616e7dda950f255ead0c050dd8915f3573d7c7e8db324733f7
0845/b77b5b76729a0c47e660.JPEG	845	n04376876_2176_n04376876.JPEG	3134	b77b5b76729a0c47e6605d007411343251b321603d295abe3d719a91075084e4
0846/7a8db006b94ddbd00b32.JPEG	846	n04380533_4443_n04380533.JPEG	1200	7a8db006b94ddbd00b3215007732e145f587ee9841804c7ee78347deb64a5996
0846/9c08a7f836b5da4482cf.JPEG	846	n04380533_229_n04380533.JPEG	515	9c08a7f836b5da4482cfda7395aa0ab103ed10fd6f9e97c94c36bb38bd0f7783
0847/4afb542de312eb451838.JPEG	847	n04389033_30670_n04389033.JPEG	352	4afb542de312eb451838f89ac7184f1a2ce8835e3955d6dc69b0975cb97947c4
0847/a6b5a2d1fd0d02c5060e.JPEG	847	n04389033_24792_n04389033.JPEG	2034	a6b5a2d1fd0d02c5060e8da18dc14b0c4ead32471bb14146f9328cc747763ce9
0848/a78bfdbecb7a973ed2e6.JPEG	848	n04392985_157_n04392985.JPEG	490	a78bfdbecb7a973ed2e6f06da4e6c47a27a356ff373a1641e06afd223adbf57d
0848/ebfcc05ba66e85391c34.JPEG	848	n04392985_1841_n04392985.JPEG	1289	ebfcc05ba66e85391c34a76f2f39e5099bb85b511c29a855ba62a9efde05ada8
0849/34a71bd98cd3cd7fd013.JPEG	849	n04398044_18274_n04398044.JPEG	918	34a71bd98cd3cd7fd0133c4516e6adcae9ecace70c31f397fff12dee398923ee
0849/ac3cbdfa0f2d76c4b63a.JPEG	849	n04398044_9787_n04398044.JPEG	66	ac3cbdfa0f2d76c4b63af39366b1beb09fa6e94a4b9d20232931c65ec12d8fa5
0850/0b948248e83728218557.JPEG	850	n04399382_36678_n04399382.JPEG	3955	0b948248e83728218557163dc78c03ec4632a7182c977650fd95cb9ce6897516
0850/99c0f18cfaedb9b2b29a.JPEG	850	n04399382_4803_n04399382.JPEG	172	99c0f18cfaedb9b2b29a78bc7c57dd2c2709e4b5140ff5f97969e92cbdc029d2
0851/06c3a327946b4beaf151.JPEG	851	n04404412_22821_n04404412.JPEG	1251	06c3a327946b4beaf151cbc1d07e737b2e72f51986c317c29b3586feecffeec0
0851/a2885d1602a89c401368.JPEG	851	n04404412_17077_n04404412.JPEG	1134	a2885d1602a89c401368fd94763c89cc31b0e85d3eeab765209768fe5cfb5eb6
0852/0e491589a34dc82b597d.JPEG	852	n04409515_5549_n04409515.JPEG	155	0e491589a34dc82b597d2cdd2c3c2c18a8722cbaec14fc4852f39b5074292c3f
0852/fd5ade8972f134d0c9c3.JPEG	852	n04409515_2386_n04409515.JPEG	3541	fd5ade8972f134d0c9c319822ec6f761453021cb1af70c3a7bf74f0cd8055cee
0853/607e30082710db77ce25.JPEG	853	n04417672_16293_n04417672.JPEG	740	607e30082710db77ce2513abee42a7370202628d51d90cae43bea13bc5fe8f4f
0853/ad250f024a0ceed1ba87.JPEG	853	n04417672_640_n04417672.JPEG	1066	ad250f024a0ceed1ba87d0aae3e0a032a28590044b340e8d7a93e30149666992
0854/356cd517b9d56a5e2151.JPEG	854	n04418357_25667_n04418357.JPEG	1757	356cd517b9d56a5e21512e3a2784d024d148efb55ab6a504f9c48591578d1551
0854/81f6a7e67809957541ef.JPEG	854	n04418357_21539_n04418357.JPEG	3385	81f6a7e67809957541efb1615feff263ff4f97fe1367cbacf2588029f3e54a62
0855/870f862691c5609f0d13.JPEG	855	n04423845_15245_n04423845.JPEG	1020	870f862691c5609f0d13f7b50a2157812cca265c25256fc540e8c8bb730c52e3
0855/8ea8dc06d5ea34f35aee.JPEG	855	n04423845_14174_n04423845.JPEG	421	8ea8dc06d5ea34f35aee224fb26684c334d018abbee9c5fb30e0a1d4b5cbcb08
0856/d5a70d462d263c847fe8.JPEG	856	n04428191_12586_n04428191.JPEG	4557	d5a70d462d263c847fe8999bde5b4febdecea79ea595c106346810b27f6580f3
0856/d7b3953bf8badc748515.JPEG	856	n04428191_29061_n04428191.JPEG	2041	d7b3953bf8badc7485155c86c57989e9668ee978df7de4fcf43a4a5f324e8d4f
0857/3a061ff0fb7714a10028.JPEG	857	n04429376_5135_n04429376.JPEG	471	3a061ff0fb7714a10028ca147bc55f432973f3e7a20d8c7d6f9156608df1baa4
0857/d66dea85be622214de33.JPEG	857	n04429376_31768_n04429376.JPEG	910	d66dea85be622214de331b282907959df3c1bf911c888ce61b1d6be54a87ac6c
0858/74e1908e5cca9911b963.JPEG	858	n04435653_6438_n04435653.JPEG	1146	74e1908e5cca9911b963d843ba9a89456b1cbbbb4dc81b0f5f670bbca1cc3998
0858/ba04378922a3e6f3b62e.JPEG	858	n04435653_2750_n04435653.JPEG	101	ba04378922a3e6f3b62e588a8584374102099abcbf90b6dd8595080b175c2d23
0859/3448e7fea055244ccdef.JPEG	859	n04442312_8024_n04442312.JPEG	1073	3448e7fea055244ccdef95939e3922ec5d604bd977bc0cc451c2ded861a2d6c1
0859/5096d3e847e477d1c275.JPEG	859	n04442312_9077_n04442312.JPEG	901	5096d3e847e477d1c275ead474f5a534681b7cbd62167551ea5b8ed8ccdbc4ca
0860/02852e052430a41dc98f.JPEG	860	n04443257_20463_n04443257.JPEG	4592	02852e052430a41dc98f7d3370eb15dd226b8252d546d9f692284608ef1d327a
0860/f07b48ba70929342e4c5.JPEG	860	n04443257_44021_n04443257.JPEG	2512	f07b48ba70929342e4c50e219661178a000b409e215dc416d25f67c2347933e4
0861/d709f6718f6f81c81c12.JPEG	861	n04447861_20400_n04447861.JPEG	6120	d709f6718f6f81c81c1238fd2399b01dd5139e9bd794d012d88fe1a770f55707
0861/e81d4caf03220e8e69cc.JPEG	861	n04447861_42_n04447861.JPEG	6103	e81d4caf03220e8e69cc2494c77073ac41103d9732936d26f59ff1370834e1b3
0862/08e6b200049351fddc94.JPEG	862	n04456115_7171_n04456115.JPEG	274	08e6b200049351fddc944e9de9b31ce732fe6e1a3919c3cd15df11dcca083616
0862/243fc353b4ca64ff1d33.JPEG	862	n04456115_13976_n04456115.JPEG	1019	243fc353b4ca64ff1d333361eadbdc7e6b2b9e783c6104303ec34ab2063abf5b
0863/11d23e71fff763858dc9.JPEG	863	n04458633_9237_n04458633.JPEG	1917	11d23e71fff763858dc9a624de56f525bbf1e1e56584a4ff0bce1f362d48e428
0863/dcda8bbc6d3c4c9df106.JPEG	863	n04458633_23256_n04458633.JPEG	835	dcda8bbc6d3c4c9df106fca1cec7191e68a10737290e53bea9c74147fe4e26fc
0864/7ae0ab442dba44fddb3f.JPEG	864	n04461696_16770_n04461696.JPEG	571	7ae0ab442dba44fddb3faaf600aee714776334d9ca742a96ef608d5f0b6f7361
0864/e1179ab70f950406b83f.JPEG	864	n04461696_17365_n04461696.JPEG	162	e1179ab70f950406b83f37219397ecc29781a4f67f5231324f4e19c581b49c5a
0865/044055deef9026f93d6d.JPEG	865	n04462240_4679_n04462240.JPEG	2258	044055deef9026f93d6d43d9bc84894b96bc946b57a8714f1fc0dc47a2be586e
0865/3acb32d480334d489ac5.JPEG	865	n04462240_9710_n04462240.JPEG	3094	3acb32d480334d489ac5db62a6f8cf2ca56b7a3d867ab28d8d56c13c64fb0948
0866/6b4a9bd665191af4d0d6.JPEG	866	n04465501_8341_n04465501.JPEG	1854	6b4a9bd665191af4d0d60b6c3c487c8340e9b62bb02ffbe2348f9595256689de
0866/87a22d4194db727d4f13.JPEG	866	n04465501_132_n04465501.JPEG	3079	87a22d4194db727d4f136d6e8151fefa47c85764d0c97823259cc35d2b62fb46
0867/44cd2f811251c94fa9ef.JPEG	867	n04467665_63788_n04467665.JPEG	3331	44cd2f811251c94fa9efbad8f6d39c1de989b4df6676eb86f7dba94715a472a6
0867/9e38e03a6294ac20812f.JPEG	867	n04467665_49389_n04467665.JPEG	2380	9e38e03a6294ac20812f9116fff9ff3c02eb63c47ea29ffcf0b4849c7471c1de
0868/5a44e75419156c1f6085.JPEG	868	n04476259_20496_n04476259.JPEG	465	5a44e75419156c1f60858622d4ef41a6ea3312e440c78f8bab8b58105dd72ad5
0868/b5f639dcc9993b8b77ce.JPEG	868	n04476259_25217_n04476259.JPEG	1732	b5f639dcc9993b8b77ce24be850894d9ffcb5085a2888b2017a893222fabaaa2
0869/a323cf90374f4225a84f.JPEG	869	n04479046_9829_n04479046.JPEG	237	a323cf90374f4225a84f619e9844c99afa3a6e8d6c4810419836cd30b291690d
0869/edddbb84bb82f0769b8d.JPEG	869	n04479046_12807_n04479046.JPEG	343	edddbb84bb82f0769b8db0c06b73d86832963283f37a527e2f84f26d8e7f05b8
0870/3e89a53bfea82fec7268.JPEG	870	n04482393_23647_n04482393.JPEG	1199	3e89a53bfea82fec72683e203101985a21d2c904d6e9a3556e5fca53329ac86f
0870/ad25e00016ea68c81696.JPEG	870	n04482393_33569_n04482393.JPEG	4490	ad25e00016ea68c81696361fad349212a1aad55e52b6351f8274162f0f7af80c
0871/8dde33349e8c0b6dd084.JPEG	871	n04483307_9563_n04483307.JPEG	2605	8dde33349e8c0b6dd084e333c22d483ddc26c5f595a6694c946edef285ec2586
0871/fc5c84d5a1498ea13154.JPEG	871	n04483307_7688_n04483307.JPEG	1415	fc5c84d5a1498ea1315414b4685e9bfedc0d585284d087f7d3dd596ca8e96a3b
0872/4490140246cb031b4be5.JPEG	872	n04485082_38673_n04485082.JPEG	5025	4490140246cb031b4be51068a72716ef6d71904885d07e451ec431944975a94e
0872/717dd6ceeb2caa4ccd79.JPEG	872	n04485082_15891_n04485082.JPEG	6490	717dd6ceeb2caa4ccd79fa9f2846bb4e646639583e875cb74caa538c761e97e6
0873/3e13dcf309400b50b6c7.JPEG	873	n04486054_466_n04486054.JPEG	3632	3e13dcf309400b50b6c7abfca2ef66d870db3d986893beae27443e105ade43c7
0873/e48f67477117704b9c48.JPEG	873	n04486054_8146_n04486054.JPEG	2103	e48f67477117704b9c48d8c1766d9aa3f9cc61014884463263ab00cc5eda45a6
0874/713f682c3797a96ef49c.JPEG	874	n04487081_17830_n04487081.JPEG	1369	713f682c3797a96ef49c6069d64d9003784a9be28ebb123d7d9bc4461b8ee315
0874/81c1d2c93e3ed990c510.JPEG	874	n04487081_4680_n04487081.JPEG	1339	81c1d2c93e3ed990c5105e82241e3022ee9bb303f047c37a1a0703b6227c8161
0875/b593eba7b597672947fe.JPEG	875	n04487394_17190_n04487394.JPEG	1076	b593eba7b597672947fe0e7814e0f0fad8312dae66a679ee9219a5f6e5faac84
0875/f7d44c0085d8eb46355b.JPEG	875	n04487394_17806_n04487394.JPEG	4390	f7d44c0085d8eb46355b4080ea435dc5c786f902e31efb4ac442ede608063796
0876/705b379595d743a10d69.JPEG	876	n04493381_65706_n04493381.JPEG	728	705b379595d743a10d69e7e4fdb8952392e9e33fa90392191e809482e681017e
0876/c2ed6362ff726bf9092a.JPEG	876	n04493381_10080_n04493381.JPEG	314	c2ed6362ff726bf9092a276a837d68804c1e53957b084068592e26523527b5cc
0877/56aa05e049db99c510c0.JPEG	877	n04501370_2001_n04501370.JPEG	1217	56aa05e049db99c510c09d2ce423cc9c0ac312a31c796ae49725563bfd4b1716
0877/90f39bbc43e003562eeb.JPEG	877	n04501370_423_n04501370.JPEG	826	90f39bbc43e003562eebc04b609a7d9ca203149a015aa2e7d6b0bb3e482590d8
0878/799ea428628b5b10042f.JPEG	878	n04505470_1744_n04505470.JPEG	1517	799ea428628b5b10042fed12f5088a388a8d025adc08dc41df404ed67bf77b25
0878/88e34ed0e962f7708141.JPEG	878	n04505470_543_n04505470.JPEG	736	88e34ed0e962f7708141383bb7f7f68c65b663557c43cd33cc137ca3b611f86f
0879/166deb952390c5b0d3da.JPEG	879	n04507155_19415_n04507155.JPEG	932	166deb952390c5b0d3dafaca4e84d81dd2953476a5e1694212c14036c99125da
0879/34968f741a68f1e601da.JPEG	879	n04507155_3532_n04507155.JPEG	1212	34968f741a68f1e601daa1b73978ce86a3b953f0ebcb5f7638b3c45735c64a35
0880/02124a655586427dd042.JPEG	880	n04509417_5149_n04509417.JPEG	562	02124a655586427dd0425ecddfe35aaccc05947f82a371db4461386f7c119af7
0880/a9c637dc25450ac28887.JPEG	880	n04509417_1887_n04509417.JPEG	28	a9c637dc25450ac28887683b69b89d0257078e38b4b3623f26645828f4da44ed
0881/5b07ebdcdc4ecf95bd78.JPEG	881	n04515003_4140_n04515003.JPEG	211	5b07ebdcdc4ecf95bd78a19c59d8a82fd561bd0bd0e1798bb56af5ca694296a0
0881/80338c2b14a439eb1db0.JPEG	881	n04515003_31278_n04515003.JPEG	1062	80338c2b14a439eb1db0c85c78a3b09f7701345ef393c7e85e4e78ef1c4f0d98
0882/9706cff290ba17375457.JPEG	882	n04517823_7441_n04517823.JPEG	4163	9706cff290ba1737545777e5be9995ec7a734e90e18148ed3ef72a772bfcbf6f
0882/bcd03381b15ae714e871.JPEG	882	n04517823_2241_n04517823.JPEG	3556	bcd03381b15ae714e8710337c983f0e27e295c717148d3b22e2249b15aae319c
0883/1cbc05f6dddc8f2ffeb1.JPEG	883	n04522168_14550_n04522168.JPEG	215	1cbc05f6dddc8f2ffeb1ff5f4940eec00c3c8d71c1c476fed93cc19c54f95106
0883/95f47c6e03f6dbf69767.JPEG	883	n04522168_56741_n04522168.JPEG	164	95f47c6e03f6dbf6976733c978fbb544175fe7c260c65074e71a8d34366eb24b
0884/808a35695304dffa1fb9.JPEG	884	n04523525_1088_n04523525.JPEG	839	808a35695304dffa1fb94e33f9cbf06d26c72bbd094304474acd31f32afad91a
0884/e65d922d870041f88bf5.JPEG	884	n04523525_15348_n04523525.JPEG	174	e65d922d870041f88bf5f70f6c7021fb418a5617a02ab2a557ecb73774aed51f
0885/1195b1ea560fef33c749.JPEG	885	n04525038_8112_n04525038.JPEG	5944	1195b1ea560fef33c749abf7fd937a9a9069a75a537cdf6b6b269594afa92043
0885/e09ed64ab7451b90fefa.JPEG	885	n04525038_3800_n04525038.JPEG	5381	e09ed64ab7451b90fefa5532542546aac8c2650801674b7ada35e198add84ae4
0886/2786189b90bd75b21817.JPEG	886	n04525305_9962_n04525305.JPEG	443	2786189b90bd75b218174a3837569daf2df64bcef1808bad477981e661c55d8b
0886/acebfcc37c945561d023.JPEG	886	n04525305_11151_n04525305.JPEG	404	acebfcc37c945561d02355a105924a545c7fca2634f8b2ee49b480f842084a01
0887/b9cd60af9e62acc75d93.JPEG	887	n04532106_18473_n04532106.JPEG	1503	b9cd60af9e62acc75d93e2274814707b7d7a1d2980c8b2273c0e3bac0e9d6ee9
0887/f6215e6d5639f56d8ebc.JPEG	887	n04532106_11097_n04532106.JPEG	379	f6215e6d5639f56d8ebc1000fadc4b001abfb688df7471fdeb6eb73579dd1f46
0888/4ce265a73360aaebc000.JPEG	888	n04532670_1487_n04532670.JPEG	372	4ce265a73360aaebc000fab4a7ba140cee00e5c1aaa3b52ed2b914ea1c51c24b
0888/5a6670fab032a2182654.JPEG	888	n04532670_2966_n04532670.JPEG	53	5a6670fab032a2182654184244d1505d498d8718383d380f42a67cb7e1adb892
0889/16264f5412aed66ba082.JPEG	889	n04536866_11857_n04536866.JPEG	664	16264f5412aed66ba082453e9240d3dd48402e169184e9800e3919fcbdbc914f
0889/55e8aa1fdb3696371d45.JPEG	889	n04536866_14288_n04536866.JPEG	304	55e8aa1fdb3696371d45923d9f80b3bdcbd28da749d2920a32191579f7ce8317
0890/541cd205d2fda133fe2a.JPEG	890	n04540053_16433_n04540053.JPEG	693	541cd205d2fda133fe2a16ea974755a65bc3a4e89b2d48c80c365b3c3250260e
0890/847e488f30088caa6bc3.JPEG	890	n04540053_5285_n04540053.JPEG	44	847e488f30088caa6bc33a9928b040717c9af793f2f36c9228d0cf01601c6a24
0891/4bf1b207d99414e242b1.JPEG	891	n04542943_500_n04542943.JPEG	2102	4bf1b207d99414e242b105a76279119332fccbe812693f751edc9d0f0ae1ee93
0891/8f7341f8095d3617a231.JPEG	891	n04542943_2991_n04542943.JPEG	148	8f7341f8095d3617a231437b6804a1405a64f24b12445920f0c51ac265542bfb
0892/d2c5b9afa161299870f5.JPEG	892	n04548280_2998_n04548280.JPEG	1353	d2c5b9afa161299870f508c9ed539cad4ccc8b402f3189df262d52920cf1d528
0892/ea1eecc1976d73621bc0.JPEG	892	n04548280_4747_n04548280.JPEG	2558	ea1eecc1976d73621bc0b643c09b6137c7ab5e984e9a572af0c63830eeecc19d
0893/4d17d213907ee149b95f.JPEG	893	n04548362_44505_n04548362.JPEG	685	4d17d213907ee149b95f4c92137b75199d6646fe79031276ac54075ec45f872e
0893/d0e1ff46675446ec236e.JPEG	893	n04548362_39427_n04548362.JPEG	270	d0e1ff46675446ec236eca56852f52fcc4d2e77a5c5c677f3de6148c08f1c131
0894/5852dd7802172cf8fbd5.JPEG	894	n04550184_30820_n04550184.JPEG	187	5852dd7802172cf8fbd59da3018e0d7d6084d637a8f249455123dafa382e2798
0894/ce1e5ee3ac62a1e7615b.JPEG	894	n04550184_8748_n04550184.JPEG	1306	ce1e5ee3ac62a1e7615b86bd29d58f59428694de55836cf89ba6843201b1d180
0895/56294a69e9d311a20081.JPEG	895	n04552348_3060_n04552348.JPEG	474	56294a69e9d311a20081d6401f6eae2fb75a2600a9b5efc1ff6aee5a61f3ff26
0895/620c1eadef9c055d8ef9.JPEG	895	n04552348_9971_n04552348.JPEG	1567	620c1eadef9c055d8ef97acb58e4a6c4d62033185ee9e40708e44ddf5e2e913d
0896/2a2c6721a994481bb401.JPEG	896	n04553703_19730_n04553703.JPEG	1502	2a2c6721a994481bb4010046e122f679d5236915d20950bba4d7b1000b23ea8a
0896/edc88640a7bdd34c155b.JPEG	896	n04553703_23950_n04553703.JPEG	370	edc88640a7bdd34c155b221797091ade8f9d7acba6cd356db6c8e84764657a92
0897/02db006b1caf32dbf697.JPEG	897	n04554684_45153_n04554684.JPEG	251	02db006b1caf32dbf6976d6f6553f5599039e1a79f8bc3aebdb7ad45b66909fa
0897/66a7b2709db69e7643d6.JPEG	897	n04554684_35080_n04554684.JPEG	411	66a7b2709db69e7643d63d33ffd583a5c1ef8d014af295e08efc64ebfe3d8c76
0898/eff7ad3d44ed7a8da8c4.JPEG	898	n04557648_9084_n04557648.JPEG	83	eff7ad3d44ed7a8da8c4c10dce2d5f4ab27b9231f2e0cb1509f5598ff9a0c61a
0898/f879fdeb0503103b752b.JPEG	898	n04557648_9277_n04557648.JPEG	658	f879fdeb0503103b752b33c5f59b2cfb7c4cc5576ea8553c560947620718b0fd
0899/49492d3c131b0334e3af.JPEG	899	n04560804_6719_n04560804.JPEG	1467	49492d3c131b0334e3af19f03bcd5780abb6a2a919a32b19753a98906149f1d7
0899/5833423ab020480a96a9.JPEG	899	n04560804_13966_n04560804.JPEG	1800	5833423ab020480a96a973669ad8b1b87d13d465241fb85afbd3a2832fed8be2
0900/1883a4894e43c3cb727d.JPEG	900	n04562935_10634_n04562935.JPEG	1106	1883a4894e43c3cb727d2ad970edad33ce8c8afb1a6840b6d9eb9fe7d6794a48
0900/2c2177ceaa3334f7a58b.JPEG	900	n04562935_3146_n04562935.JPEG	1470	2c2177ceaa3334f7a58bfa1d4209dd4a8a9c7ef3267096873338d7a99241b8ef
0901/4fa5dff1365652270288.JPEG	901	n04579145_1319_n04579145.JPEG	4468	4fa5dff1365652270288f4721f323a9afd538239b39a53656ad553dcac537d3e
0901/68f00e7c38446104212e.JPEG	901	n04579145_5611_n04579145.JPEG	9501	68f00e7c38446104212ee4a966ab60d4f10e323a8dca77c2f8cb0d62c61c95e7
0902/936e597f1bdcb5f2c22e.JPEG	902	n04579432_1173_n04579432.JPEG	2186	936e597f1bdcb5f2c22e237d61351e4e0da329bd111f68fe834f58448d444da7
0902/f5bf80c9b8c67186a4aa.JPEG	902	n04579432_25919_n04579432.JPEG	916	f5bf80c9b8c67186a4aa8695c7902dcce7d2d725ac29372cb7d29a51fe705913
0903/72cd9751cbf767d0b32e.JPEG	903	n04584207_11707_n04584207.JPEG	3058	72cd9751cbf767d0b32e0983ec37d6825c051ef705dd48e5b8636cb004dc05be
0903/78552dcfa0372b78a6da.JPEG	903	n04584207_12532_n04584207.JPEG	2954	78552dcfa0372b78a6da83b0610cdfccb62168fb2e8d1e3954f717e2e0bed55c
0904/8bd8688088dbabd9110d.JPEG	904	n04589890_2073_n04589890.JPEG	902	8bd8688088dbabd9110d51c92654eb3383bc1c090b705731f55584657fbdfb2b
0904/9bdf8e4b941b3db5f5ed.JPEG	904	n04589890_4335_n04589890.JPEG	2677	9bdf8e4b941b3db5f5ed9c6e8b2a9d8684f63b789f4cee736ee8aefb8c30e4b3
0905/a305689fd740ad1d099d.JPEG	905	n04590129_29490_n04590129.JPEG	1761	a305689fd740ad1d099d20ba3944c39e72667c73df84b69f07a62ff8668e6da8
0905/f663d59e48b32c90b0ed.JPEG	905	n04590129_18016_n04590129.JPEG	2775	f663d59e48b32c90b0edc7ff1a876f2af9676f84f3aef6d0c770876a6819f2ed
0906/170734d9fca8b8bd360b.JPEG	906	n04591157_8623_n04591157.JPEG	1412	170734d9fca8b8bd360b497a8a73c0475d1a1dc829d513af72c187ac88852c24
0906/36ad14012c0fb02488b8.JPEG	906	n04591157_6278_n04591157.JPEG	2022	36ad14012c0fb02488b886beb2d7aa58205d130298529adca58ae2538ab60a14
0907/0950051149a6cd9fc700.JPEG	907	n04591713_3561_n04591713.JPEG	2527	0950051149a6cd9fc700efeb69bda27ef5a0d20dfa0ecf4f43e73d60d81f8372
0907/32f498a0e2aef2bf7f0b.JPEG	907	n04591713_3903_n04591713.JPEG	1049	32f498a0e2aef2bf7f0b9d8be5e93a810d079fbf980547a1e46d5f61187a3a27
0908/97753fc1046a8a43284e.JPEG	908	n04592741_21177_n04592741.JPEG	13	97753fc1046a8a43284e3beeacb78836e3c37d4f8d682c74c4c2a4fcdcc0a763
0908/e05ba406a5c1b29f1059.JPEG	908	n04592741_10535_n04592741.JPEG	643	e05ba406a5c1b29f1059b63d83df71822686c6c76201114966e27d1443ab4c70
0909/4c9305bf9da67d0add2c.JPEG	909	n04596742_34702_n04596742.JPEG	887	4c9305bf9da67d0add2c29f81da5b94cd5ab78f3c661dcd8040179761d7492a7
0909/d42d517f2922f6276c46.JPEG	909	n04596742_13057_n04596742.JPEG	1027	d42d517f2922f6276c463316d09e4ca71edf3a062a49da3691410bb1a99229f7
0910/a1eeb090234537743a22.JPEG	910	n04597913_4725_n04597913.JPEG	807	a1eeb090234537743a225c8eb183833c12475c5daaf6ecdeb8d5fa23b9780011
0910/c71492ce968f841cc355.JPEG	910	n04597913_6247_n04597913.JPEG	1026	c71492ce968f841cc35518ababf3451d8ef21b064e8e8c72b57b9c67049f7751
0911/50eaf6c4d238a741c355.JPEG	911	n04599235_23044_n04599235.JPEG	956	50eaf6c4d238a741c355c5284b0b1425825f1138628bc74aefdc2bcac3142823
0911/aed46203498742be6c7f.JPEG	911	n04599235_11443_n04599235.JPEG	2042	aed46203498742be6c7fd10d67cb95e901b6b1364311524a408fd97bd25d661f
0912/4b55a69b47646b833d48.JPEG	912	n04604644_12894_n04604644.JPEG	1538	4b55a69b47646b833d4863ebd695921701eb22ab08af5c22dc6549ee22b26e66
0912/6ceb82b56b839f0b0eac.JPEG	912	n04604644_2742_n04604644.JPEG	853	6ceb82b56b839f0b0eac231b5e8bfce52a87ceaf04aa1a45ee4d664a19fdccf7
0913/018ba391076ab204ee37.JPEG	913	n04606251_12933_n04606251.JPEG	470	018ba391076ab204ee37ef0b6cdf7e7c026fb39ace544118b4be7439cd08a842
0913/748046c9f636c6b3625b.JPEG	913	n04606251_9101_n04606251.JPEG	2243	748046c9f636c6b3625b065e51d37dc5135e5ff3cb5d43f626263aa4be8fe431
0914/386b3787ea1602782dff.JPEG	914	n04612504_12357_n04612504.JPEG	244	386b3787ea1602782dff2efe3b2d12f3d009dfdebd2f2c446f2930b6b31c134a
0914/b20ba852ed02aefbc19f.JPEG	914	n04612504_15153_n04612504.JPEG	54	b20ba852ed02aefbc19f1b97f56a27895203735136323dfe8b5732cc8a68dfa0
0915/08cbaf791026ddfc11be.JPEG	915	n04613696_4889_n04613696.JPEG	3318	08cbaf791026ddfc11be83f6bfa2429b49ed282bf0bb1cd5398aaa41e98d8f49
0915/3e1e3d3c08e826ccaa62.JPEG	915	n04613696_5851_n04613696.JPEG	2188	3e1e3d3c08e826ccaa62aa2f655c54f0d4a5078eadc9aaeba632839a508ee89d
0916/68b32176ff3e7caf86a3.JPEG	916	n06359193_581_n06359193.JPEG	2225	68b32176ff3e7caf86a3dc59184e4611c663329bda1228f1d42c35b3ed694782
0916/70385945e4cd88639244.JPEG	916	n06359193_23797_n06359193.JPEG	1501	70385945e4cd88639244ac832b9fe3709f33330ca31833bf7a624395960095e2
0917/38317b2b09bc1cabd372.JPEG	917	n06596364_1884_n06596364.JPEG	2192	38317b2b09bc1cabd372929647f18826c6fb70252aec685dc1c963d17f3cea90
0917/b2864102424e1aba459b.JPEG	917	n06596364_10437_n06596364.JPEG	2504	b2864102424e1aba459bc971717427f0ebeff6a29827c196089a26319ca0ba3f
0918/1eb6b63ea78aba5dd9b7.JPEG	918	n06785654_1753_n06785654.JPEG	1440	1eb6b63ea78aba5dd9b78cf75cc9b919703c3cb3702a4de8e92c91273308236d
0918/ed75079633a9cde6b32e.JPEG	918	n06785654_962_n06785654.JPEG	1300	ed75079633a9cde6b32eaf8e0938236a56aa7af9f47a63081581fb0de77d5818
0919/17eef7744e56063d78a7.JPEG	919	n06794110_956_n06794110.JPEG	2247	17eef7744e56063d78a725a357605a286f17fa1a18bc10a7e7cbaeba66966fda
0919/f4217e623294a11a0d46.JPEG	919	n06794110_6572_n06794110.JPEG	140	f4217e623294a11a0d468ec2244d932bbe481077805442c96796e36d73c52d00
0920/47b5b9063ce81f035163.JPEG	920	n06874185_44205_n06874185.JPEG	2768	47b5b9063ce81f035163f794342dc93847032755f58b2134c089d33f4a7654ea
0920/7dd969ec7973323321e2.JPEG	920	n06874185_32480_n06874185.JPEG	4353	7dd969ec7973323321e295f9104074aaee1fee7804ccf941911c29b8ce10f957
0921/52b2a72d2298d5aea76d.JPEG	921	n07248320_100925_n07248320.JPEG	2270	52b2a72d2298d5aea76d863c1cae683352f16852919eef6a4dbcc76611e40e79
0921/d6dd3e833d55b06951a6.JPEG	921	n07248320_8794_n07248320.JPEG	2036	d6dd3e833d55b06951a6f559bb3bed80530dd30188046ea1fbbd4c1dcfaf344f
0922/142d8f0e8734eca9ea02.JPEG	922	n07565083_4310_n07565083.JPEG	1456	142d8f0e8734eca9ea02ba4bf08732148398318368665691d87d71daaca906c6
0922/aa0b049193b3345de798.JPEG	922	n07565083_9333_n07565083.JPEG	1361	aa0b049193b3345de798b11c05bf201b2547f9ef158bcdd558b7b232afdb7969
0923/2a6aafedaefe54e6b9df.JPEG	923	n07579787_12994_n07579787.JPEG	1108	2a6aafedaefe54e6b9df2b54d4ade87d41fab30a130a2b3279c2e236c6f44964
0923/c006fdd4da6424b13e15.JPEG	923	n07579787_18029_n07579787.JPEG	2829	c006fdd4da6424b13e1586391cfc7b839bbb66625ca673e897f5dca6ec48239f
0924/8d8c962f86fe7ef8b6ba.JPEG	924	n07583066_7470_n07583066.JPEG	4301	8d8c962f86fe7ef8b6bac2710c2b020bac6483b248d4c971d84072bc634db269
0924/e7b0bd5974a2909c6272.JPEG	924	n07583066_4882_n07583066.JPEG	1190	e7b0bd5974a2909c6272ddc8187794430d31f419238bf00a6492a09c127eb7ae
0925/988f5234aa4769bcee62.JPEG	925	n07584110_2663_n07584110.JPEG	1633	988f5234aa4769bcee6243016d33382f4397ece1070bdcbe0d7858111d72c18c
0925/ee165bf884e7bda2494a.JPEG	925	n07584110_3775_n07584110.JPEG	510	ee165bf884e7bda2494a30bacb7aaa74811891eb7e87ecbeaa9cb3fb34a32272
0926/8676e4e27c72af5b0b52.JPEG	926	n07590611_151_n07590611.JPEG	679	8676e4e27c72af5b0b52b1f2156e8865663d28182f09bdaea62617586090b866
0926/f7a7fc329bea4c019c39.JPEG	926	n07590611_9775_n07590611.JPEG	248	f7a7fc329bea4c019c3901d402e15eeee64a6b94cff8309f3c04495adcae5883
0927/389e3f7534b61ef3aa7d.JPEG	927	n07613480_17695_n07613480.JPEG	6923	389e3f7534b61ef3aa7d58e101ff3f71f90aef5582a9e19019f8ea50a306a363
0927/75d49b91824fc011176c.JPEG	927	n07613480_14824_n07613480.JPEG	5700	75d49b91824fc011176c71b2bb66b0c7d45c83dcb7e055da786d2739d92f9d95
0928/080ac8c8f4e64770192a.JPEG	928	n07614500_61379_n07614500.JPEG	3228	080ac8c8f4e64770192a7c7b059fe9acad313d53341fbac6a6f124abb2f4f1fc
0928/1727c203cc93edd029ae.JPEG	928	n07614500_48399_n07614500.JPEG	543	1727c203cc93edd029ae90661db9414d8fb5a159e138caa318542c20b7b65dc3
0929/0f48f8b7b2c8ed26f87b.JPEG	929	n07615774_791_n07615774.JPEG	1488	0f48f8b7b2c8ed26f87bcbc40d90893c5e55d6b4edf8253860390defbbf312d1
0929/4e31dac65cf38ec3a6ce.JPEG	929	n07615774_38973_n07615774.JPEG	1980	4e31dac65cf38ec3a6ced99208cde613e89d28f9055b58d34abf50b1bfc53366
0930/1af35a1bf882f89b369b.JPEG	930	n07684084_1232_n07684084.JPEG	203	1af35a1bf882f89b369b281b3cff1e4ad95e61ee0e3729dd8900b2787330a75a
0930/4a9bbd841ccb50b5d135.JPEG	930	n07684084_6729_n07684084.JPEG	642	4a9bbd841ccb50b5d1354ca28146758b755c690235daa7d213178c60fe8c9945
0931/2df3b63f642dd3e1e39c.JPEG	931	n07693725_9637_n07693725.JPEG	687	2df3b63f642dd3e1e39cd50048eced7136324e3c2e01ebf56fd2312928fcdc7b
0931/dce9853642752b99f927.JPEG	931	n07693725_10616_n07693725.JPEG	36	dce9853642752b99f9274545da296cf1bb11915ff5a759451f1d98b9a92c19ab
0932/3bfd9a0c4ee091bcf513.JPEG	932	n07695742_24408_n07695742.JPEG	2398	3bfd9a0c4ee091bcf5130e585ebf6a97729126a646c11a9d5e5d6b2cee022c61
0932/c10f1352ddb4f4d1242f.JPEG	932	n07695742_9130_n07695742.JPEG	1591	c10f1352ddb4f4d1242f4f4156f077cfb48b2e6885f7bf8ee825809316945fe3
0933/01a2a65a6e58db93ec7a.JPEG	933	n07697313_3216_n07697313.JPEG	1007	01a2a65a6e58db93ec7ac34e8ee6d19b5a3fd057f7b42c09f58e79fd8fc04680
0933/39ba85ba03193272ecc8.JPEG	933	n07697313_8137_n07697313.JPEG	1016	39ba85ba03193272ecc8db333b9b22457e1862e58387082d3bcbe412d4c85377
0934/6a6569e3f9559fdf122e.JPEG	934	n07697537_32352_n07697537.JPEG	355	6a6569e3f9559fdf122effa517b3fd6d21618cbc91546fb49bbed03d53eb137e
0934/860cf0ce6226c844312b.JPEG	934	n07697537_27926_n07697537.JPEG	627	860cf0ce6226c844312bd948ebb88d242fecbebbbaf3483511345320ef4cfd84
0935/344d4ce8d9281faa2d97.JPEG	935	n07711569_2963_n07711569.JPEG	1057	344d4ce8d9281faa2d97817c5090606fc88d9083cdd82a764883ab5703244c1b
0935/c342c8d91d6a1a50d18a.JPEG	935	n07711569_592_n07711569.JPEG	413	c342c8d91d6a1a50d18a06c2d9aa1f0dc8f48234d28c7f719d14de29b6df05e2
0936/2e1278c1e6ad2f785018.JPEG	936	n07714571_15396_n07714571.JPEG	2308	2e1278c1e6ad2f785018722a89f7bed2338ff9f6fff25993c04f553ae4875e14
0936/85ed2bb3553c0196b60f.JPEG	936	n07714571_15904_n07714571.JPEG	141	85ed2bb3553c0196b60f2a6b571b6e4c58906194060cad11d999b1bf815c2572
0937/16fba1c43c3932e2043b.JPEG	937	n07714990_5145_n07714990.JPEG	484	16fba1c43c3932e2043b4b2cd186561e7755e4978b4dc461f1b4cd844bed8f23
0937/5981e5407361de95127b.JPEG	937	n07714990_2050_n07714990.JPEG	871	5981e5407361de95127b93166a0ecbab802098e5a35264ac4780d6886f7201ae
0938/04574eb1ebf74cc203bb.JPEG	938	n07715103_3228_n07715103.JPEG	4871	04574eb1ebf74cc203bb961fb5122506dc0c6ea58338da558f26dc4a76d15757
0938/791cee5ff5f105b51ae2.JPEG	938	n07715103_5494_n07715103.JPEG	7571	791cee5ff5f105b51ae2470e42de4954f9cf28532ad345bbcb2e8bad03e9cd28
0939/26a12f7e9452378e3ad3.JPEG	939	n07716358_23004_n07716358.JPEG	1678	26a12f7e9452378e3ad39d6ed82900787dff6c3fa2c58ad4b4b53ae837437372
0939/9dadd0fc196d374170c1.JPEG	939	n07716358_10648_n07716358.JPEG	227	9dadd0fc196d374170c1009aac4eb2955275132100a7cf2481da7a8d3b044bd3
0940/4b2df0f713fdbaf12ef2.JPEG	940	n07716906_1254_n07716906.JPEG	105	4b2df0f713fdbaf12ef21ee151848e25239ae04b30566a9e7c8cb0e542efacb2
0940/9e8f1486f6f807c9b69d.JPEG	940	n07716906_693_n07716906.JPEG	1185	9e8f1486f6f807c9b69d2f9f3cab68390392b539c89abfedc41736ee366f87ad
0941/fdc757b9aa884676ae22.JPEG	941	n07717410_1826_n07717410.JPEG	1202	fdc757b9aa884676ae22667d9f6e8d9faeb46e0e0b45b70b2737e2bc5be8b4e8
0941/fec70bafb3cb42567fa2.JPEG	941	n07717410_3323_n07717410.JPEG	170	fec70bafb3cb42567fa2595f614f5450698524d5f6ca87c08e166f51e80ce2bb
0942/5c82f09aad4aef381244.JPEG	942	n07717556_2409_n07717556.JPEG	17	5c82f09aad4aef381244c65402201c78254f65b4af158089a1dbf7830b6d0688
0942/89cccff3b8f6295e2e5b.JPEG	942	n07717556_11376_n07717556.JPEG	1125	89cccff3b8f6295e2e5be06a54735ed267a9516527110176f4a182ebb3f9d61a
0943/b963109b1422bba869f8.JPEG	943	n07718472_22858_n07718472.JPEG	73	b963109b1422bba869f885821e6a49ecce9849dccc19e002afa6417b11c2a7cf
0943/caa3beeb4fee21d3186c.JPEG	943	n07718472_20130_n07718472.JPEG	332	caa3beeb4fee21d3186ca9ffaeb25e99aedbd78aceeeaa810aa4963d2f3df8cf
0944/3e1ff1ac57cc6dce6c32.JPEG	944	n07718747_5859_n07718747.JPEG	2726	3e1ff1ac57cc6dce6c328877e85868b5f2b0b0e8107f6aed52e64cec64a5a1e4
0944/83b9dc5eff967dd641f3.JPEG	944	n07718747_7121_n07718747.JPEG	2252	83b9dc5eff967dd641f32c787d56ceb97f31933d7c9218e1b6b8f96233c9671c
0945/4e93ac311d910ae35ae6.JPEG	945	n07720875_4381_n07720875.JPEG	1377	4e93ac311d910ae35ae6840a81e622a9cc0b15806a6a3344d0c4e67f91619c2a
0945/e3b5d1745c5fb713cd31.JPEG	945	n07720875_14869_n07720875.JPEG	1669	e3b5d1745c5fb713cd318fa98d9005770dc10f437c18428b2ad7026bf997803e
0946/bf2f1b9bdb7715cd67e4.JPEG	946	n07730033_126_n07730033.JPEG	264	bf2f1b9bdb7715cd67e418944c2f756bc4f5d8189fad6eab35c3f431d8792be2
0946/e15089d8aa9f5db89cac.JPEG	946	n07730033_8244_n07730033.JPEG	726	e15089d8aa9f5db89cacf872bef55a9aeaaa16070b26cd3c2767232396e704b6
0947/0ae5f65a5081f3b55133.JPEG	947	n07734744_2869_n07734744.JPEG	788	0ae5f65a5081f3b551337c9e93650416430e89c0b2d5b8de6004143021c838f3
0947/4f9d2524b71b75897f8b.JPEG	947	n07734744_11211_n07734744.JPEG	492	4f9d2524b71b75897f8b76758e68bcc276b2d1fbf30f4df7a9f95efb6bdd7766
0948/ac48936f8b90d63432ad.JPEG	948	n07742313_6348_n07742313.JPEG	261	ac48936f8b90d63432ad663bbe6da3c6b109463a298a1d3d85fda79c988bee2b
0948/bc97c2a279c4035e2b2e.JPEG	948	n07742313_18501_n07742313.JPEG	1813	bc97c2a279c4035e2b2e121c2de8525c473b3d8ccf6409abb4e81e463cefb37e
0949/00db7458b2f67aa14a0f.JPEG	949	n07745940_12933_n07745940.JPEG	2863	00db7458b2f67aa14a0f84ccd732879868f0e797547b7c0d69be826cd78566c8
0949/a61c185a58c87b342219.JPEG	949	n07745940_8487_n07745940.JPEG	1275	a61c185a58c87b342219db105d7ddb3e798f929228d746055fdbb4960d5a02d6
0950/8cd3d5c1dbb7619120f0.JPEG	950	n07747607_19041_n07747607.JPEG	435	8cd3d5c1dbb7619120f0319df33c34f254423128c03a2c612f0a7a6e58db4aaa
0950/d478eb951b227daa34aa.JPEG	950	n07747607_10204_n07747607.JPEG	590	d478eb951b227daa34aa254a33c65f4d3b841d94cb66c09a923ff9a3475ca826
0951/179d3bfcdd95519f9656.JPEG	951	n07749582_5446_n07749582.JPEG	124	179d3bfcdd95519f96560793a5b23c744c24bca94095194e41c61048adcbc745
0951/864048c86c8b504f3a26.JPEG	951	n07749582_15172_n07749582.JPEG	165	864048c86c8b504f3a264217abedca847926f7da9332829ad4d9d1221a4da71b
0952/b1abe050460cdd9ecc09.JPEG	952	n07753113_5546_n07753113.JPEG	2191	b1abe050460cdd9ecc09cb2b1ed813f84fd92d4cdd8490eb6d64a58ec84449b4
0952/c1cf4e85a1e7c9868f25.JPEG	952	n07753113_4567_n07753113.JPEG	917	c1cf4e85a1e7c9868f259bd83e43748ebaba3d0979c6faf075c1300a447b6919
0953/a3be367b1d69de78d94f.JPEG	953	n07753275_12189_n07753275.JPEG	392	a3be367b1d69de78d94f0b3a020a438896cc4c6e8b41542b7462eefd8e2aca63
0953/ebe617a82dcd25656f04.JPEG	953	n07753275_64075_n07753275.JPEG	409	ebe617a82dcd25656f04dd034c5c0f239b4742d03d61df54bb08a76f52fb58ca
0954/77cb7d8a3a526edf8815.JPEG	954	n07753592_17857_n07753592.JPEG	614	77cb7d8a3a526edf88156b5c06a0ebbcb11025860f9d32f08b147841ffdc9f93
0954/be7d371ab95a20cdd43e.JPEG	954	n07753592_4725_n07753592.JPEG	1890	be7d371ab95a20cdd43e84543c9d7273715f000a969f62435b24171b95ed1019
0955/3f5debcac6eb8bcc6fb1.JPEG	955	n07754684_33449_n07754684.JPEG	646	3f5debcac6eb8bcc6fb1c17cddd4b7cdca4e852d63989162f5c822796a927022
0955/795a2f87582b42efc218.JPEG	955	n07754684_19819_n07754684.JPEG	854	795a2f87582b42efc2189d2c6054626899b71e738992879fc067c87dc27fb365
0956/93557ceb62e1a2f0610f.JPEG	956	n07760859_1264_n07760859.JPEG	1998	93557ceb62e1a2f0610f6c35d8e0423548fe6ebf0d2f8dc399493d5a37f496bc
0956/ba636a6fe52ce100eb06.JPEG	956	n07760859_16466_n07760859.JPEG	2789	ba636a6fe52ce100eb065b971b9fa3240356987374a363a8be03575ea90966fb
0957/c0eedd4226338ef331cf.JPEG	957	n07768694_6419_n07768694.JPEG	1272	c0eedd4226338ef331cf2d829230b3d3d36248100ca21fba8589ea7de7caa899
0957/d9b0e31030de0619d206.JPEG	957	n07768694_9525_n07768694.JPEG	1632	d9b0e31030de0619d2060d70c578ab65c622bd72f582aa95eeddd46d3c2b9cfc
0958/45dd0a8a762e05988abc.JPEG	958	n07802026_17666_n07802026.JPEG	1532	45dd0a8a762e05988abce37eff1b0b0b9356771fa2f68fb372573ed106fe4a89
0958/dfc82f140a7c2243f0a3.JPEG	958	n07802026_8796_n07802026.JPEG	277	dfc82f140a7c2243f0a33e4d020e75ebba137809e2da9bcbd2d5f629fe7e55ec
0959/0106d9fcd89457a36330.JPEG	959	n07831146_7271_n07831146.JPEG	846	0106d9fcd89457a36330241460e137072014f015733e3fcc9648e952d0c68460
0959/88f746623870d1ac4365.JPEG	959	n07831146_6133_n07831146.JPEG	767	88f746623870d1ac436596aefe453acda29e9d605c749db582e27ff0f93a494e
0960/204a2fb1d507a6a6aba5.JPEG	960	n07836838_10771_n07836838.JPEG	992	204a2fb1d507a6a6aba5432e0d311570a350c0b227fc6b7a9cf5242d7a084f48
0960/5c2d1333be7875df0473.JPEG	960	n07836838_12831_n07836838.JPEG	41	5c2d1333be7875df0473a348b183a638eadb07d66078b5f8aab3a8a93c7999c1
0961/19f5d51ab8bc84d054ce.JPEG	961	n07860988_2004_n07860988.JPEG	340	19f5d51ab8bc84d054ce2cf5ff8df81f2092b497b812fa21b9748a39a1496487
0961/459ade056fdacac6f152.JPEG	961	n07860988_4834_n07860988.JPEG	1512	459ade056fdacac6f152de914317f94df8db5ff693bf64b49cf2bf7d6a89c7d2
0962/50fad1c980a543e90d89.JPEG	962	n07871810_10219_n07871810.JPEG	428	50fad1c980a543e90d895ae8bba5a9ac691743c500a0ae602dae3309d9b913bd
0962/99f992c812504cd5c839.JPEG	962	n07871810_15491_n07871810.JPEG	74	99f992c812504cd5c83923b2bec26f10aa0c55a5f826d4bc31561c2f6790b708
0963/0a37141b86272608619a.JPEG	963	n07873807_13101_n07873807.JPEG	34	0a37141b86272608619a14ef6cb32db76b5873e2fdde1a1ea8c9b289b873de18
0963/69de1c6b2603b6a72010.JPEG	963	n07873807_4885_n07873807.JPEG	577	69de1c6b2603b6a72010da7d5e1af49443f8abe52cc1126489a19e894582b4b5
0964/92358a714c27d9791e09.JPEG	964	n07875152_2605_n07875152.JPEG	197	92358a714c27d9791e09c332608dda388abb710413a35e6eb7e994e6eba83284
0964/ffb20aa4be1ad5428e1b.JPEG	964	n07875152_6013_n07875152.JPEG	331	ffb20aa4be1ad5428e1b5c742205ba9fb0e1b32497cf048d39f2af4a31b3f106
0965/fd73bb1b9b649dbc552b.JPEG	965	n07880968_10287_n07880968.JPEG	2008	fd73bb1b9b649dbc552b631da7af190f2f2db7ca79002511d7b1ab213cd19b88
0965/ff3efd0d06427f4ba74b.JPEG	965	n07880968_6305_n07880968.JPEG	831	ff3efd0d06427f4ba74b4293b220ba6b31fac4d5395da3a1fe6db8ce35aefcc3
0966/329d0921384d06772214.JPEG	966	n07892512_16876_n07892512.JPEG	4663	329d0921384d06772214d627048564949afe2fd8523a53eb363c2a49988a050e
0966/5a506ee56cbec296b31e.JPEG	966	n07892512_37462_n07892512.JPEG	1968	5a506ee56cbec296b31e61c4836042aeb46f04a8dc8172ee96ac1f5130f87a2a
0967/8f1f1ae53950b5b05991.JPEG	967	n07920052_20007_n07920052.JPEG	1765	8f1f1ae53950b5b059914ea16e1c70ff74940dfa14f6ad13143b3bcb45622e42
0967/f77e83170b52f68e3b4b.JPEG	967	n07920052_33044_n07920052.JPEG	285	f77e83170b52f68e3b4be1579595fd5a6c31913639dbee4593125829acf8082e
0968/b2f5953516ab9d8deae1.JPEG	968	n07930864_37194_n07930864.JPEG	885	b2f5953516ab9d8deae1026f589d821a90d429a2f52b81b664a7870c1415ac78
0968/d175ee66c5ada9f3d1f4.JPEG	968	n07930864_65206_n07930864.JPEG	1312	d175ee66c5ada9f3d1f4b7289bde66cf106ed7e57f8875828760571ce96d3881
0969/0f1b731841a6703dac7f.JPEG	969	n07932039_1456_n07932039.JPEG	525	0f1b731841a6703dac7ff716b3eadd9d1496458e3485838ab655110b9db3524a
0969/2ddb64922218718713bd.JPEG	969	n07932039_1020_n07932039.JPEG	1549	2ddb64922218718713bd6df267959d3313e414b0fdb0f34753c410e2db9d5a1d
0970/88d682a3fc20fd717853.JPEG	970	n09193705_2734_n09193705.JPEG	2228	88d682a3fc20fd7178534c491789bb3db9eaa15b1134627ab0d765a9bcb2e358
0970/f6d06272d929c58b43c5.JPEG	970	n09193705_1171_n09193705.JPEG	2139	f6d06272d929c58b43c5b1ef54028c99036cf92d2ae8172cb6910bed454281d0
0971/0cf213ea3125cf0988fe.JPEG	971	n09229709_35277_n09229709.JPEG	3513	0cf213ea3125cf0988fe4091ae18455e7f555d8137ae569b4e960b15be4a2dfe
0971/bd0566a3ff0e4df592e9.JPEG	971	n09229709_48025_n09229709.JPEG	3438	bd0566a3ff0e4df592e9580bfa4beb593f383d9df5eab4bed013260e1c54267c
0972/62c43e4d25dc351a37d8.JPEG	972	n09246464_45138_n09246464.JPEG	1296	62c43e4d25dc351a37d80849ee74256c5e589004907e1bdd547a7b9e0da3e28a
0972/cfbe41b2cfcf2927ada5.JPEG	972	n09246464_43300_n09246464.JPEG	1803	cfbe41b2cfcf2927ada52ede6eed2445dfd5d0ce88cb29222d09812f352814db
0973/2ec6b448cc6ead93a055.JPEG	973	n09256479_1750_n09256479.JPEG	106	2ec6b448cc6ead93a0555af8e8f3ee916ede1648912c0d512fb34a1a7136272f
0973/91225c796fd29601c159.JPEG	973	n09256479_4004_n09256479.JPEG	569	91225c796fd29601c159b6fbaf10c1e877d493cc4ccbe6f7b489b2fc9e48da4a
0974/64e0fd46ed946426471b.JPEG	974	n09288635_25241_n09288635.JPEG	806	64e0fd46ed946426471bcfbf31e0aa40d269b160fbb97a5981994392cd59d5aa
0974/c842ca6802f2bdfbc765.JPEG	974	n09288635_26945_n09288635.JPEG	519	c842ca6802f2bdfbc765aca449d189a687c7ff4b6fb6c97b093027b85fea5065
0975/2eb09be5c52d4bac7483.JPEG	975	n09332890_3536_n09332890.JPEG	5294	2eb09be5c52d4bac7483a8da98e48400fcffff2a5b671bde684c51303db03c73
0975/e68204363c852ad8d4eb.JPEG	975	n09332890_7951_n09332890.JPEG	630	e68204363c852ad8d4ebd20ac8cb19515a52b89d59217ca0343da42d22570d3c
0976/03414ecaa40717707b7c.JPEG	976	n09399592_88985_n09399592.JPEG	3848	03414ecaa40717707b7c0c4fd65073f199619dc9d57d53f4aa994eda9a42627c
0976/e5c974d97161474211e1.JPEG	976	n09399592_2339_n09399592.JPEG	3165	e5c974d97161474211e1bfc7aef1269c9ee9bfb51f0c181b0d12b731cef12e9a
0977/26679796d0d6784a3853.JPEG	977	n09421951_21270_n09421951.JPEG	2272	26679796d0d6784a3853168b0a544a781f45c724e4ef19b0d361266895651575
0977/f66e2bf3fe0f3a3131d3.JPEG	977	n09421951_12900_n09421951.JPEG	894	f66e2bf3fe0f3a3131d3c39dff9aa8a227dd84dd0f25bf623315ea8e72dfee30
0978/28ab297e841b10d7caf5.JPEG	978	n09428293_35313_n09428293.JPEG	1001	28ab297e841b10d7caf54a3d5b67393abed03c1a972b3f8755c1cb4f3a539772
0978/4259a6131f67ce407142.JPEG	978	n09428293_90789_n09428293.JPEG	654	4259a6131f67ce40714211b41f00d23b1178e079c6cd503dfd6ed7afe27e54df
0979/3444b49a3fa5ae9f2121.JPEG	979	n09468604_40358_n09468604.JPEG	1123	3444b49a3fa5ae9f2121791f52c64026e55357edbd8b1b8a1f13084c1ea58213
0979/cb8c8e63c7d51aa55e37.JPEG	979	n09468604_56409_n09468604.JPEG	1135	cb8c8e63c7d51aa55e373ec296054f15ee9a6ffbf47f10660e968f28d9f22d60
0980/3acc44151f198eda67f6.JPEG	980	n09472597_9142_n09472597.JPEG	48	3acc44151f198eda67f695b828ea0dd4e0be35adae3b2df542b8f00457ab1d9d
0980/ba0bbd9cfccad1d05787.JPEG	980	n09472597_25234_n09472597.JPEG	1426	ba0bbd9cfccad1d05787cd087097f47ffe19c6997a2bff524f2927b9982fb349
0981/48b11ae8dc76c2bb0191.JPEG	981	n09835506_15732_n09835506.JPEG	775	48b11ae8dc76c2bb0191913cca8efb7bc17af5c600086fb6c9bd7436a6cda9b2
0981/f6309f19d3cd75331cfe.JPEG	981	n09835506_1905_n09835506.JPEG	573	f6309f19d3cd75331cfe5ed2ffd7252746026ed2c741c105491d4b36b4605421
0982/a0018ea7d3cabccc0234.JPEG	982	n10148035_13011_n10148035.JPEG	102	a0018ea7d3cabccc0234574b5464afe7db229d0233764c7e1a59bb10b568170b
0982/b64dbea8b20b7edbeeb3.JPEG	982	n10148035_14613_n10148035.JPEG	386	b64dbea8b20b7edbeeb344e83ee2c338b180f13d0858b1d692a53a8e4f30961c
0983/0fa4dfc24802452aa4cf.JPEG	983	n10565667_1331_n10565667.JPEG	449	0fa4dfc24802452aa4cfab5261578bb5435f04f3cda00e6bb5c2efda78f0e772
0983/b95bd10fd0ae43b88cbc.JPEG	983	n10565667_9809_n10565667.JPEG	366	b95bd10fd0ae43b88cbc93ec48eacb2d6235ce3d90b1c7acbcdf2a5e7e612acf
0984/3d9dbb9680bbaee59062.JPEG	984	n11879895_5357_n11879895.JPEG	221	3d9dbb9680bbaee5906279db61d3f56cbbf7cf39c663963a02062f35860d393b
0984/5842060ad42fb36843a1.JPEG	984	n11879895_2213_n11879895.JPEG	1303	5842060ad42fb36843a11d37ac3b8ad550c96fdb17081741caedba11fbfe165f
0985/8d3cc912df6b3ae1fc85.JPEG	985	n11939491_26463_n11939491.JPEG	2302	8d3cc912df6b3ae1fc856f17e9d0c687990d6f9be0dcc2d29b679dab34ac019f
0985/a55102cd0d3421fd7871.JPEG	985	n11939491_19170_n11939491.JPEG	2222	a55102cd0d3421fd787144c22a6c1ba822cf367b4743f982b3cc5294f11e5e02
0986/dc6b1c0a7940d378339e.JPEG	986	n12057211_9127_n12057211.JPEG	2575	dc6b1c0a7940d378339e33b4849dfaefe963ca612aef83fa6a4634c64802959e
0986/e403253da3424085ba3a.JPEG	986	n12057211_8638_n12057211.JPEG	4537	e403253da3424085ba3adf3cbcddd53878b84ffe2c94dbee3fa02df39a77e4a3
0987/0f7199f69f5cf4b513a1.JPEG	987	n12144580_39082_n12144580.JPEG	402	0f7199f69f5cf4b513a1ee87bbfb62c14e5f2c4d38d08f111121b57b4dd414e8
0987/62a896d384479cf8a9c5.JPEG	987	n12144580_11225_n12144580.JPEG	35	62a896d384479cf8a9c59178ecfaca8c25b629ac6c60e7e8901280dd6d573dc3
0988/0445a6b3b4766b229ce4.JPEG	988	n12267677_31527_n12267677.JPEG	506	0445a6b3b4766b229ce4fa97e762064cdc6e8ac33deb9d915604104eb1d73b61
0988/495d048c45f5d8dbfc79.JPEG	988	n12267677_4759_n12267677.JPEG	2323	495d048c45f5d8dbfc79c6facf11f6aaab8dc29f831a745606361e360ca27427
0989/66ce26de68b5653e1c81.JPEG	989	n12620546_47168_n12620546.JPEG	539	66ce26de68b5653e1c81f2a86a171c244e052d564ecb78203db4a151dfe7c853
0989/c52e2e9168f741c25f0c.JPEG	989	n12620546_26942_n12620546.JPEG	655	c52e2e9168f741c25f0c1c75e07e2c97b6000bed03ede95e0d96b872ceb6076f
0990/352cf0cf9f13d9dbd671.JPEG	990	n12768682_17593_n12768682.JPEG	99	352cf0cf9f13d9dbd6710f96d5ae26861a7f093cbca0c535f31e15af6370cf26
0990/40d7ac4db2c58caed30a.JPEG	990	n12768682_7928_n12768682.JPEG	962	40d7ac4db2c58caed30ac211fe6c01e38fe9a19488c1a50bbc3517cf9e28ecf3
0991/47c11028bdcaabba1332.JPEG	991	n12985857_7352_n12985857.JPEG	2263	47c11028bdcaabba1332a5ef6a9ae54233b2e0f97a4cace4e30ac4b9c9732997
0991/92f83436894e94330f26.JPEG	991	n12985857_773_n12985857.JPEG	2904	92f83436894e94330f265ac519232c0eba7c01a617fdcb161f1bff503fb81920
0992/1f248659706463a8a09f.JPEG	992	n12998815_13681_n12998815.JPEG	389	1f248659706463a8a09f6d92b12067a9b9ab9f6e8de9055c90f341229ce339d6
0992/dbd0cd50a7c98bc0e1e8.JPEG	992	n12998815_4342_n12998815.JPEG	406	dbd0cd50a7c98bc0e1e856c4769b2b893071ec67bd8cbf9a30f532623d28444e
0993/66e4cdbc2c357d30afd0.JPEG	993	n13037406_4546_n13037406.JPEG	2183	66e4cdbc2c357d30afd0cb1826ae8ca9936b623835180d1d772c90bd9e21764b
0993/fa2a2ddd26bc0e256ed7.JPEG	993	n13037406_97_n13037406.JPEG	4132	fa2a2ddd26bc0e256ed76fa20d13d60237501617585a12a28797d81593b8bb88
0994/2dfbff38c426cf260954.JPEG	994	n13040303_2326_n13040303.JPEG	5450	2dfbff38c426cf2609547cc659437de183e994dd4cc1099858e0819b0f01a9b9
0994/a5eef0bbd8a4a0c5e0ab.JPEG	994	n13040303_916_n13040303.JPEG	5256	a5eef0bbd8a4a0c5e0abd2b25783c0d0cb7d4081750e94914bfcf9ee88aa4d11
0995/a3934f5ec37a67617ee3.JPEG	995	n13044778_9063_n13044778.JPEG	604	a3934f5ec37a67617ee3a5262ec651587dba7b69ec687fe9770ecb1440c077d0
0995/d9c0a2017072c8943d7c.JPEG	995	n13044778_12173_n13044778.JPEG	1722	d9c0a2017072c8943d7c7d1e57310ac97c11807cb0920439aa5204ed69aa9474
0996/90d1b710091c7aa78d8d.JPEG	996	n13052670_5819_n13052670.JPEG	1024	90d1b710091c7aa78d8de6987bbf6b68ebc67b1c291c2ff1b6ef5ed91c32afee
0996/d2a215ac314f4b31b6d3.JPEG	996	n13052670_10067_n13052670.JPEG	591	d2a215ac314f4b31b6d3254e962b6dde60dc9bb245725fa1001d152ea9b6bedf
0997/01f6c028312317be4c02.JPEG	997	n13054560_4434_n13054560.JPEG	6325	01f6c028312317be4c02321fc43697076d62a7eb2881bb4a94bbf41a659f499f
0997/ffd726be372b21c8b12e.JPEG	997	n13054560_691_n13054560.JPEG	6371	ffd726be372b21c8b12e5c5a9d8a7eab299c50349f7e17c9239b527860c5330c
0998/93539230751fde7e73fe.JPEG	998	n13133613_3759_n13133613.JPEG	997	93539230751fde7e73fe0fab67df90a723d1bcd5da119b7b590ba3a9362783e1
0998/eff685b041dfbe2aa254.JPEG	998	n13133613_5494_n13133613.JPEG	478	eff685b041dfbe2aa254d838d87915280d51129b0c8282c3a9e56e70caa0cd2e
0999/7d12b907be8d763e51cc.JPEG	999	n15075141_34778_n15075141.JPEG	1526	7d12b907be8d763e51cc8a3795bb6c4c424fea1ef289173dee6d72816b50d68e
0999/93ed0cb4001c044acf37.JPEG	999	n15075141_6484_n15075141.JPEG	1141	93ed0cb4001c044acf3700b0d4ce39294ca4691c7f8105a2f97d950855744307
