format,index,sha256,label,FP32_top1,B_top1,wide_top1,control_top1,wide_vs_B_transition,first_code_divergence_wide_vs_B,first_code_divergence_control_vs_wide
fp6_e2m3,0,00565073e4981505f7ae588e0ab33451721cdf24e486685825aa89a03fece965,972,976,976,976,976,same,layer2_0_conv2,
fp6_e2m3,1,00996d02244f1c00ff353e10dc34dd6d5c8df1d49ca76344c7059b9f05c5f3b8,198,202,198,202,202,B_correct_to_wide_wrong,,
fp6_e2m3,2,00db6387bc920ef310f9470982d54e5299eb1c31cbfee91221f3ee635a796dcd,682,682,682,682,682,same,layer2_0_conv1,
fp6_e2m3,3,00e7621022fcc82092a16b2409b8125ae8e6e01553208dc98deb3e862e1eeeb1,434,434,850,850,850,same,layer1_1_conv2,
fp6_e2m3,4,00f08fb0484bc14007debd479db409b61220572973e446a1a7d6d4b79a7df10f,280,277,274,274,274,same,layer1_0_conv2,
fp6_e2m3,5,01032378795f2bf3373dc14aebf93423c22ee98cc8f287142692738e1800c228,192,192,192,192,192,same,,
fp6_e2m3,6,017260ee32302c16d7b0fd91f626af949f6d68dcea31b07a93b5389d66f718af,333,333,333,333,333,same,layer2_0_conv2,
fp6_e2m3,7,01817fb084e0d1a4cc3d0203a9ef573a140902a053d6e13942b1452f57a7c5d8,334,334,334,334,334,same,,
fp6_e2m3,8,018a0b8bc55d9deeab27a72d75e9d69caa5b786bbff52b3f9f000c14a93ec1d8,820,820,820,820,820,same,layer2_0_conv1,
fp6_e2m3,9,019dab3e4215bd47e96d15786e5a029a0fdf516f38985528ebc7eccc7579aceb,365,366,366,365,365,B_wrong_to_wide_correct,,
fp6_e2m3,10,0208ca06fd779ad36727140f49ded92d06cee8b177c6286f985926ae5e4280a6,42,42,42,42,42,same,,
fp6_e2m3,11,02945dc23538a61252bf0c4638560b07b45678bc472c941f1b596a774ea4f320,0,0,0,0,0,same,layer2_0_conv2,
fp6_e2m3,12,02c7d00037b734b758d31f6bf3f63c0ecbec3c2903ed0bb6f38d05bda55a2b02,687,687,687,687,687,same,layer1_0_conv2,
fp6_e2m3,13,02ebd6783b2ecb9ad1a6a03e03fed829aac644c9178a8e8775413788dd229092,578,578,578,578,578,same,,
fp6_e2m3,14,0343fab86d119aa02bb2e60c68773d7a3e0f50ea876851ca38c00927433ab8d0,381,378,378,378,378,same,layer1_0_conv2,
fp6_e2m3,15,035a10650ce3164a92f03a0ae4c0bf1bafbccf75855bbb3b95c39359ec96f8e7,378,378,378,378,378,same,layer1_1_conv1,
fp6_e2m3,16,037fc1226b5f5fba4bca6ce8efa9d0fa10a2ec6f19d569dee9872bc86afbe084,970,795,795,795,795,same,layer4_1_conv1,
fp6_e2m3,17,038e9d8b3333a42251d3afa48ed6d8f7686bd67cc084c8d4b6f52cd8acb4a47f,330,272,352,353,353,wrong_to_other_wrong,,
fp6_e2m3,18,0398399ded51fbcbdc05361d3b8387e69e92bfda7b7fab76d8c42fe0acc5b5b9,605,605,605,605,605,same,layer1_0_conv2,
fp6_e2m3,19,03b0430bbce270254c725dd7a5448ceb601711f2992d1176fb2fa3a5e4eef535,900,900,900,900,900,same,conv1,
fp6_e2m3,20,03b950930c806384772fa1c073ec2c5e0a5fe69979e8a5f27f5c7af14560c87a,69,69,69,69,69,same,layer1_1_conv1,
fp6_e2m3,21,03d1ace8d6b2c431f1a0bea2c2d61fc51d6f1bdd5cc07b1bd2850526dee50bca,670,670,670,670,670,same,layer2_1_conv1,
fp6_e2m3,22,042cd4e57067eddf972c1f4ef2eaeb3eab8c450d9b77f39283b94be34f3c31ca,762,800,762,423,423,B_correct_to_wide_wrong,layer3_0_conv1,
fp6_e2m3,23,049e2732b6302751fb50c00edb8e4324412a0880d68483dc57a7e6dbd4305496,772,950,950,950,950,same,layer1_0_conv2,
fp6_e2m3,24,04b84b9bc3a052ab0ec438dbc39084a029a4a215a2739fcfde4eddd97d79b53e,30,30,30,30,30,same,layer1_1_conv1,
fp6_e2m3,25,04de5e43beab480fbaa749ce95334fa9bcb32387e8275c036ab736da57f399a5,881,881,881,881,881,same,,
fp6_e2m3,26,04f42ebedb755f73ac432667de354164179442144dbde4f1a9526463601abeb6,346,346,346,346,346,same,,
fp6_e2m3,27,0511fb611f05674d70509a3f9db7121d22321ecee79ab48b077e7755e831de5d,585,982,982,982,982,same,layer1_0_conv2,
fp6_e2m3,28,0516449cbf79148057715d1f23b8966dcd3c8ff1778ea2fc87db98099ccc4612,693,693,693,802,802,B_correct_to_wide_wrong,,
fp6_e2m3,29,0534b031ae64ab8ac3b463d8f3eb7234803246eea544b564bf4dac25e636db19,726,726,726,726,726,same,layer2_0_conv2,
fp6_e2m3,30,0550247c4f2d037fbdbd0b5f1ba2a9d32f21ce7e061ea69094dce344ec9dd2c6,769,769,769,769,769,same,,
fp6_e2m3,31,060abecb935033c9adc8628259af927630391fbaf2e01166d97ca3616e13d21d,358,358,358,359,359,B_correct_to_wide_wrong,layer1_1_conv2,
fp6_e2m3,32,06b662ba3d972b10679525577f07e5c44e9e9f6db50581468b2eb3f0403a1cd1,194,204,204,204,204,same,layer1_1_conv1,
fp6_e2m3,33,06f5c0f5e63bbee31d24a889fe600b4cd9c4da9288dab6a821403e11e9356aaf,347,347,347,347,347,same,,
fp6_e2m3,34,0768c84c6eb704f8bdb538df37c0aee021f4beb9dd4ecadd97f7e7d7df36fd18,467,467,467,467,467,same,layer1_0_conv2,
fp6_e2m3,35,07acd5547621ec126cb89535658b1820e49b2ba1f3d3ca8b66bd45b1cb5680e5,300,300,300,300,300,same,,
fp6_e2m3,36,080699c7dc817e185930df561053c7433c19f70ff07ae81025d211d597bd71f4,118,118,118,118,118,same,layer1_1_conv1,
fp6_e2m3,37,085a13107947e98fb24f62c0d6ea73c24e3b5c08ab881acc7779e18b17983ba1,981,981,981,981,981,same,layer4_0_conv1,
fp6_e2m3,38,087d971c5b9762c6ccfedc7e9f05b6a3a300647d0d2fbfe6911a1eea88b6faac,489,791,706,791,791,wrong_to_other_wrong,layer2_0_conv1,
fp6_e2m3,39,0887828fe0b6aee515b300b2b5fb3c7340da06908950c58f538af48fa06cea39,17,17,17,17,17,same,,
fp6_e2m3,40,08bc642aed7dc87f5dcfb2bde1b2210c6d14cde00df2e2d85406cf4ddded4075,397,397,397,397,397,same,layer1_0_conv2,
fp6_e2m3,41,08fe947885e23f7c7e8dba22135f4fb06ae6e2d3a771d4881bbd154b49b76c58,114,60,114,114,114,same,conv1,
fp6_e2m3,42,091b9272048e89ddb75823f74a9516f46b703efc43cbfd1e39dff6c31df2af6d,109,328,328,328,328,same,,
fp6_e2m3,43,09224eac4a5eb13847c0b53bd1162896d1ff073f90751dac3a42342bc0dd9085,490,490,490,490,490,same,conv1,
fp6_e2m3,44,099e350c6f0dcef217b9ee93c1f6ceda6813e36c822a21388d5710a781a8de50,319,319,319,320,320,B_correct_to_wide_wrong,layer4_0_downsample_0,
fp6_e2m3,45,09bf77ffa5e8d3d50f4d63c6966f0a367815ae47676f9c4933891ac819fdd1f5,789,743,743,743,743,same,,
fp6_e2m3,46,09cce44dd3c3a331a3e134f7b47f0e027741ddfcfdcfd4dad07890c5c4a67455,220,220,220,220,220,same,,
fp6_e2m3,47,09e29af5b7c675c4df333797043bff4b82cd862682dcf589ebfc6dadfb9eb759,509,509,582,582,582,same,layer4_0_conv1,
fp6_e2m3,48,0a0eccdbe713822a5c0b2506a010819d5ed76d36b136c95282d83bd12ab0785d,912,912,912,912,912,same,conv1,
fp6_e2m3,49,0a660050863cdb17cfe4c0e48cb3fb6446b246ec35aa2ff7675e6bd6ccf681ad,402,402,402,402,402,same,,
fp6_e2m3,50,0acae0785e76ec56322a61474843acb43bb69b564fa1eaa1c4e2f25b24c44fca,913,913,913,913,913,same,layer1_0_conv2,
fp6_e2m3,51,0b3532e2f9dce29135a23d792b17352c88569ceb2e02753fa3003e7964fdad61,418,446,446,446,446,same,conv1,
fp6_e2m3,52,0b38b1b31ffdafbd7ba5561a0bf6a9138b1acf88c7e21d9be3afb6ab1377341e,102,102,102,102,102,same,conv1,
fp6_e2m3,53,0b5501c65c4c65c85ba79ee417f1a206560c8bbc12db4716b7329ffee2baf6bf,750,564,564,564,564,same,,
fp6_e2m3,54,0c200c279830726c2d4644f86469a1d23a34d9e420c355c4abc203b97e24a8af,979,979,979,979,979,same,,
fp6_e2m3,55,0c74cc00bdb4db39ca9aa109ea25075a5f3d56c444bca31856ab579722ff89b0,589,650,589,589,589,same,,
fp6_e2m3,56,0ce3ce1b6a388bb428c0059a87ce2bfd3b35ade3b80692e0ea612fe6eb4c0011,557,708,832,832,832,same,,
fp6_e2m3,57,0cff5da702329af377d4e5eaf431df3e22fa5ac7e12dd772221084f7cc43179b,52,52,52,52,52,same,layer1_1_conv1,
fp6_e2m3,58,0d0f5f85d7198acfc93aaa0dfff3addcb0a96be17940393a0677d016bc590bd1,563,613,844,593,593,wrong_to_other_wrong,,
fp6_e2m3,59,0d4cee7227e6591c90a8234128560ab79bdf971853a6934bc2d86b1a8d5c2aa9,379,379,379,379,379,same,conv1,
fp6_e2m3,60,0d5a68171f3574d63a669d12f525e18cddac0332bd35b533429b258446f76dbf,71,71,71,71,71,same,,
fp6_e2m3,61,0d64eff1b78215cd7c2c3867712c847ff9bd43cb20646513d2c2f33ebd065f02,572,572,572,572,572,same,,
fp6_e2m3,62,0e2a1a2bf118e5a6d7627e87ce86b66743a73f170c9b84715e6f77342a0fe837,514,514,514,514,514,same,,
fp6_e2m3,63,0e301ed92be00de6a7684ce7d865474ca50c571f0926ea0591b75bf866263201,68,68,68,68,68,same,conv1,
fp6_e2m3,64,0e74c4997df802eab22668c44b50fef999bece7751b53c872de1860bb1a3b6b9,924,924,925,809,809,wrong_to_other_wrong,,
fp6_e2m3,65,0ea26687e201293cd1739c737082b26fd7a94565790b5c7eaa5fa021a1c402a8,943,939,943,943,943,same,,
fp6_e2m3,66,0eb38670019e66c1f95430d12f7020b1c90616c0b9c9ba93023fbd6c8d393d6b,525,525,976,976,976,same,,
fp6_e2m3,67,0f195a4d48d1c5081eea7073d61028fd70b82710e3d4f8252333f5ad3822f096,363,363,363,363,363,same,layer2_0_conv1,
fp6_e2m3,68,0f4a2470ef44b230fcfc5e0f4dbae1566cac7ae5e0fe7aa5d70af05a2e80a641,834,834,834,834,834,same,layer3_0_conv2,
fp6_e2m3,69,0f617fa7f0804fe826fc1dba6a91a86f2faa7112c973f09daaee8782de17bc1d,653,653,653,653,653,same,layer4_1_conv1,
fp6_e2m3,70,0f621f651f00adc19288c056beba3fb38425ab00b95030836268848d1ec5a749,523,523,523,523,523,same,layer4_1_conv1,
fp6_e2m3,71,0fa71dc38e77175b9bb430090fe3dcb3e59110c09cc3ca0b81fe754329868d70,614,614,614,614,614,same,layer1_1_conv1,
fp6_e2m3,72,0fe613c99a575ea8dc729f2482db4adce403b6641851f93ecec596ebd526544b,894,462,76,76,76,same,layer2_0_conv2,
fp6_e2m3,73,1098dc20bdf023f1f5a2df0a7c3a1781f8c6c3f9594bd4a5128d98e32aa3826b,92,92,92,92,92,same,layer1_1_conv2,
fp6_e2m3,74,10a0e8337a237c4046d0233d993d21fcd812a21de02fe771b477165045a5b816,871,871,871,871,871,same,,
fp6_e2m3,75,10b6996b4b371309c7cf604fcdc486d897873924def4e66709da71c241e625d9,896,896,896,896,896,same,layer1_1_conv2,
fp6_e2m3,76,11160abe03f1d96b1a5e30479fb808d0d0f5a93371763a5a2528c32199ca8df2,835,409,409,409,409,same,layer1_1_conv1,
fp6_e2m3,77,112bbe7770b9640504423b95af8ece847448b092ee5ba1c30d98b5bb1fe0eb28,371,371,371,371,371,same,,
fp6_e2m3,78,11788e1abe83301804014d5ea3f532b56060d9f326912f093d62300ee10807e6,113,910,910,910,910,same,conv1,
fp6_e2m3,79,1184bfb3762d914e8c605faf2932699d5bec26a43ea799ed477600d637653296,543,543,543,543,543,same,layer1_1_conv1,
fp6_e2m3,80,12c07814d78810cd09320efb8addd22c4a108dd75263639193373726fa99e97f,521,521,521,521,521,same,layer1_0_conv2,
fp6_e2m3,81,135117e827cf297d77b2bf8f107bb59467c6aac178492eee40d9369552314a64,575,575,575,575,575,same,,
fp6_e2m3,82,14408f23b93811b95b107b8974ca6e3962fcd77fd9986dcdfda62d8f241f21ec,542,722,6,909,909,wrong_to_other_wrong,layer1_1_conv1,
fp6_e2m3,83,14ddd9609ada51fd74aa01c86d1e3d9cdb624716b8bcb8c36b8f129fca5345ca,759,759,759,759,759,same,layer1_0_conv2,
fp6_e2m3,84,15c3cd31f1b41a794c56944ef031406530d44e71d4c78604d2c5285d97c1a37a,475,475,475,475,475,same,layer1_1_conv1,
fp6_e2m3,85,16874a9d182b911017f881afecdcc782e7c3f0a2017798da2110f8203a72eb34,369,369,48,61,61,wrong_to_other_wrong,layer1_0_conv2,
fp6_e2m3,86,17d3f722b3e07a9004023d1ff9d4bd2bf92021276c167e5e9378858efd33e443,996,953,499,499,499,same,layer1_1_conv1,
fp6_e2m3,87,185acf82348d4591a5c96ec6edceec315b363af398c40fc8b5f5d9f86a945864,540,540,540,540,540,same,,
fp6_e2m3,88,186664388f9ead7c233a16e456e452e57fb9effed93e1f4e1ce67109f84ef383,635,778,778,778,778,same,layer1_1_conv1,
fp6_e2m3,89,188dba0ca290b72c86702794dbf0cb8da91308066e03d97ccd4e5adcbbc605eb,353,352,352,352,352,same,layer2_0_conv1,
fp6_e2m3,90,1895f03b1ec0a35d1975c6f38c271f9dba2cb04d207c71d06713a6d71db4c33b,735,824,735,824,824,B_correct_to_wide_wrong,conv1,
fp6_e2m3,91,18fb2508f93e98d31c4661d574c916310a319de88e47d6a953f2ed20ec605679,94,94,94,94,94,same,layer2_0_conv2,
fp6_e2m3,92,193c7936d0b6816b93258ca101ef8e8885c860c85923c0006bb41ec8349ae6a4,238,238,238,238,238,same,layer2_0_conv2,
fp6_e2m3,93,194679eee1c082978686f009be5f943ee1b659b04568aa04140521ae0770b34a,374,374,374,374,374,same,layer4_1_conv1,
fp6_e2m3,94,199ec68bf01c00a0b7b1b4f703c023516d53696c3b53e66247b1cd8274073bea,985,985,985,985,985,same,layer1_0_conv2,
fp6_e2m3,95,1a0e0bc16b54c26f7518a934b4dd5e8c66c4cccb6f2a93723c3d614552eeba96,416,416,416,416,416,same,layer1_1_conv2,
fp6_e2m3,96,1a3be7e5d06c12004a691a0fee39db7ecf3924817078daa53d800327c7d8489f,799,705,705,829,829,wrong_to_other_wrong,,
fp6_e2m3,97,1b11e25036cb6cff5467fd7299a36a1fd6c9598d5e214a938989a9d2d07aa67e,559,840,88,88,88,same,layer1_1_conv1,
fp6_e2m3,98,1b4d27c93c1af05ea3b338d17a704b93af6cd718ac29545215c78560c4eaa57f,182,182,182,182,182,same,layer4_1_conv2,
fp6_e2m3,99,1b6025b6fa8b47cdda0c38b76ff60c57cfc4c81e7261ae696b563a8763481d32,176,176,176,176,176,same,layer1_1_conv1,
fp6_e2m3,100,1b876f8ca1d89403f3039c9277ab485f8b9cddd51d66a5702c8b06279317de37,139,139,139,139,139,same,layer3_0_conv1,
fp6_e2m3,101,1bb0e52baea6fef28fadd2e9f7a0d0a95d4d72f52aa2fe084d8e67ae219e19ac,596,596,499,499,499,same,layer1_1_conv1,
fp6_e2m3,102,1c24a50f5fda496c0d137f86c9d92f31ec1f79b134de06a5187523ab9c942edc,105,105,105,105,105,same,layer2_0_conv2,
fp6_e2m3,103,1cc7c48159f59590153f22a49c948fb3db4cedb99d691a7b068bee1cea8bc7f1,339,339,339,339,339,same,conv1,
fp6_e2m3,104,1dcbfb0575751b120b7b322d5435d7bfb39090a926dd9b7f31ffeb2b09f20edb,791,791,791,791,791,same,layer2_0_conv2,
fp6_e2m3,105,1e34aa0c21e608df8abd6bcb6d905cadf5e049bc1ddc15e908f608dda9f9471a,911,911,911,911,911,same,,
fp6_e2m3,106,1e398588170b3b1b138f53f2799a4a93c9e3c90dabac5a9cd700075ca001dda1,56,56,56,56,56,same,layer1_1_conv1,
fp6_e2m3,107,1e6dadee11bd1e19769c9dec8de834f8796a83e7e5fb12e95151b84b8169c29f,739,739,739,739,739,same,layer1_1_conv1,
fp6_e2m3,108,1eadb4d83f8fdf63095f000f4c2e23d9749d84f15a8517b998a9fa510fb8780c,689,601,601,601,601,same,layer3_1_conv1,
fp6_e2m3,109,1eb55f02952fb5cd84b016779d4e9d1a5b218bf36fbb2a9e2452ab44820c169b,307,307,307,307,307,same,layer1_0_conv2,
fp6_e2m3,110,1f1c1403e3fcaf21db83c434e676210874b6534369214384688e1868c5aafdac,732,732,732,732,732,same,layer1_0_conv2,
fp6_e2m3,111,1fde166a90d024e82e4d25ef920162aff6254063ca453bff91de56b5452f9609,282,282,282,282,282,same,layer2_0_conv2,
fp6_e2m3,112,202ada1b5c9dbaf74efd5b11959a985e80f611e3c253abd560db7ab925a3f8cd,212,212,212,212,212,same,,
fp6_e2m3,113,20fee27a077033c24471ecbf9d336cba2d6ee3b814204e45a44c9608ac875412,72,72,72,74,74,B_correct_to_wide_wrong,,
fp6_e2m3,114,21136e889cc06e73b5bb8d6791f0785a165c88f4cf290b33788e3eeba4c78628,892,892,892,892,892,same,layer2_0_conv2,
fp6_e2m3,115,2123c1dd696252483860fe1a277a583b26015cbfa6d5a773327a80f397a1e601,603,177,177,177,177,same,layer1_1_conv1,
fp6_e2m3,116,2149cb209536df1bc332d0911391df785a759c274f48210ace5daaf22d37ce20,88,88,88,88,88,same,,
fp6_e2m3,117,21645cc106571b5b97da815b78d41b9820c98e4f57dc6cf2ae11b68afa0f9867,387,387,387,387,387,same,layer1_0_conv2,
fp6_e2m3,118,21710a466f4130147308663fa91731c04e02e025c1b16ace7a98be92f0a7c73d,727,727,727,727,727,same,layer1_0_conv2,
fp6_e2m3,119,2195e32203d5a51a68f87919218c64f450466590ce580d8e3eda6109b25ce882,476,476,476,476,476,same,layer1_1_conv2,
fp6_e2m3,120,21a8530c9d9c7cbeb552e5d594d6066d3e5a128372a032e26d9f8c6d8abb65f9,54,53,54,54,54,same,layer3_1_conv1,
fp6_e2m3,121,2222383adac513feaa3eb7dad8eb8b634ff94f13d9d28e1387e020c0efd67cbb,858,858,858,858,858,same,conv1,
fp6_e2m3,122,2228ec8a9efdb3cce31cb1415e54dc8a7bd891c908c88c09b2309a0c3dd91f5b,516,431,431,431,431,same,,
fp6_e2m3,123,22424c9379af84c7b824325d0ca77e1129241cebd893e82e2e5698b22691cc4c,803,803,803,803,803,same,,
fp6_e2m3,124,229abd633f834486b5c08f6148c54ad2c9db076f586ce39b327753a687dbb474,746,746,746,746,746,same,layer1_1_conv2,
fp6_e2m3,125,22ba2a047f1ee66678dd609484f6668e7b840e6dec53b732bcbdb11af7407a89,205,205,205,205,205,same,layer2_0_conv2,
fp6_e2m3,126,2300062982435146abaf3df3548bd2e79383220761a8728a2daa143c120ab530,326,326,326,326,326,same,layer1_0_conv2,
fp6_e2m3,127,235662c93ad1e32f37560ff290c11744c89071e1e79f48679367cdf5f2b834c4,269,272,272,272,272,same,layer1_1_conv1,
fp6_e2m3,128,238e75137404da91c925abf0921a132c09cc4aa28ebf631a4ed398cdbbb47392,971,971,971,971,971,same,layer3_0_conv1,
fp6_e2m3,129,23bf90548fe8d4405b848ce7d770ecdee5613f4ff32a9739f3fcf855e9a684f0,545,545,545,545,545,same,,
fp6_e2m3,130,23ecc25de916f4a1e0e78f39bcc96b7c3c3fea3388d130c8496f80281360c8f9,422,422,422,422,422,same,layer2_0_conv2,
fp6_e2m3,131,24a03e122451b6c7817b2a38d016d35e44b27246a0ebd88e365f0145b9f1bc57,526,664,527,664,664,wrong_to_other_wrong,layer1_1_conv1,
fp6_e2m3,132,24b64b19f463fec701f5c67a654af07c58c061df7f1829d9bbe9ca2f7d67764d,541,463,723,463,463,wrong_to_other_wrong,layer1_0_conv2,
fp6_e2m3,133,24d7b6c2e316cdf990aca43d7dcf6fb1abc64999031f6c4f5369874ba1f51484,343,343,343,343,343,same,layer1_1_conv2,
fp6_e2m3,134,24fa1fca9ffb2108b5d7ee890f4a4c72fc3051205293bcd024f319b0ef001b24,706,808,706,808,808,B_correct_to_wide_wrong,layer2_0_conv1,
fp6_e2m3,135,251ceff90a4075769c874464230852949fc7958f1e3777a2272cee52ae0e9ba4,142,142,142,142,142,same,layer1_0_conv2,
fp6_e2m3,136,255c03888d1415e17db859d58c080a0956d17ed9202eb4199528e55521f155b0,684,719,719,719,719,same,,
fp6_e2m3,137,25aee0c04d0a73e301d375c6c6e666afe46dc392346bba4c0141ab8baa1740a8,82,82,82,82,82,same,layer2_0_conv1,
fp6_e2m3,138,26014ea1a5204f1bad5ff95c20cdd70d8e2dbef584f6853ab0d8ed41e46170c9,41,41,41,41,41,same,layer1_1_conv1,
fp6_e2m3,139,268271749993fcf3ed9a1dc3dbde2d661bff9f4f4f94a0baec2b46cb1dc26cf2,810,878,878,878,878,same,conv1,
fp6_e2m3,140,268861f8cec7b14e329af05eea52159d0b0a18c30582ce874c99570098751222,642,642,642,642,642,same,layer3_1_conv1,
fp6_e2m3,141,26aa6f9c66fc723e40b76799bd47c83d0070674c86e7fdd5b65c296b27c8b48d,364,364,364,364,364,same,,
fp6_e2m3,142,26b3116bb5fcdd35d9583855d7327a398062d2750d7e05b8776b626fcfcaf3c8,468,468,468,468,468,same,layer3_1_conv1,
fp6_e2m3,143,2749ae5a085b4f22703e37c1324559cae13937c6a4d98aa6bfc608f85062e979,133,133,133,133,133,same,,
fp6_e2m3,144,278da98bacf7c915f8ac312817006917a4959ec2234adf01797b4245cf10179d,436,436,468,436,436,B_wrong_to_wide_correct,layer1_0_conv2,
fp6_e2m3,145,2792ba172fb61bcfd2b14f3f22e4ba0bdcb38e15cc763535886c09eab1e43cd7,131,131,131,131,131,same,,
fp6_e2m3,146,27a7109022d5b066d3864a0af6650b4cc2474613c22d650c56051b6a3c7aafc4,438,736,395,395,395,same,layer1_0_conv2,
fp6_e2m3,147,27ca8cefff4a1ec7955511834f1370a1103ebed5009bee65eba54b9296dd8be0,456,602,101,101,101,same,layer2_0_conv2,
fp6_e2m3,148,285fe638523b302c1513b2a0205242f9665623d254277e44f290648fb27dcc38,770,770,770,770,770,same,,
fp6_e2m3,149,288780e3be5d1ccf7fe4c9922f468f6092b4ca005371fcb8f214d6a936166bf5,643,805,805,643,643,B_wrong_to_wide_correct,layer1_0_conv2,
fp6_e2m3,150,28c01ec78e122599ce20a56b34956012c145cd9337413a8cbce9df37e0d1d674,897,897,897,897,897,same,layer1_0_conv2,
fp6_e2m3,151,28deea90437744259ca7197169f28005e11c7e4388e4d81d8569d29618ef09ce,367,463,463,463,463,same,layer2_0_conv2,
fp6_e2m3,152,28e42fe0c2a44b3aa9fe4ab2c4957161e00678eb46b68c664cdcfb0bed625441,854,854,854,854,854,same,,
fp6_e2m3,153,2998104a5ef0061316d122582b22380e6d8ac8e32ff427666e534c6048ff9f1f,816,816,623,618,618,wrong_to_other_wrong,layer2_0_conv1,
fp6_e2m3,154,29b8d9d400b2e0941aff3d6df8634036dc812c3e9fed1c27bc1608172e010a87,470,470,470,470,470,same,,
fp6_e2m3,155,29e81bdf70a0aa2148f891afe4f5c65c5a91842fafe1bdda2bfceb3c238863e8,866,866,866,866,866,same,,
fp6_e2m3,156,2a1e1d7e781bc8e73246ed94d1a1ac40187f692ff3af0731c6c94d8d701423e4,678,245,898,898,898,same,layer3_1_conv2,
fp6_e2m3,157,2a5ff54fba06d32ee249dcdeef624421d39feeaf034db444509815fa0e9eccd0,977,977,977,977,977,same,layer1_1_conv2,
fp6_e2m3,158,2af5b685cdb2d2d622d6486972b8ba44cd0e56665108a3b42ac1817a3d192ded,13,13,13,13,13,same,,
fp6_e2m3,159,2b232839e851019c07b0ee8bfe8bd22f3e399646f67ed0cebc559cd9283f5a09,942,942,942,942,942,same,layer2_1_conv1,
fp6_e2m3,160,2b6d89dc48644345786d505ad6f3f0d6b36e9386b3802972d0fc7ef7f108407d,12,12,12,12,12,same,layer3_0_conv1,
fp6_e2m3,161,2b811d05c3977583be4c79095c12135fb9927c04ddbeaaccc76131cf7b789faf,11,11,11,11,11,same,layer2_0_conv2,
fp6_e2m3,162,2b8b13247b3e4b1522bf3f479a79b97bc7c493d0a90850ab6e8eb15495da9aad,593,593,593,593,593,same,,
fp6_e2m3,163,2b995647034e9edc1855a9e91ea90381f1dc37fb858a180ca1cd9961841cb61a,990,990,990,990,990,same,layer1_0_conv2,
fp6_e2m3,164,2bcb7b9af999628022a4a740a332a74bb3fb9d483c65275425a3565135bf02f7,560,560,560,560,560,same,layer1_0_conv2,
fp6_e2m3,165,2c5a54f609df15dc57a5f1b3a223ef426407520bd134a51d610d28c8d5e5c399,731,505,861,861,861,same,layer1_0_conv2,
fp6_e2m3,166,2c97b0b0bf5bb2b2d3a8ce1a9adf7897fcfb0df5ffac23cf891e4e1731f24e98,314,314,314,314,314,same,layer4_0_downsample_0,
fp6_e2m3,167,2cd47ae1e9bb22de3a9acb3be0b86c4a414cd01150937560bde2f50a0900ba07,757,654,654,654,654,same,layer1_0_conv2,
fp6_e2m3,168,2ceeb1157702fe837a2cda24f263bc5a82b7fd1031d03e6218e63e830f9d0277,230,230,230,230,230,same,layer1_1_conv1,
fp6_e2m3,169,2d48b9c6a4c142dafef61f4f92c0d6c175c360bbe1f71652537ae923ca862f72,246,251,251,251,251,same,,
fp6_e2m3,170,2d92e013f7d58e224a4e98e804d6ef5fcb48c4c6a62900fea07037b3243c2d67,382,382,382,382,382,same,,
fp6_e2m3,171,2da2f2b2d0851242c3d26f6efb478e38837a8aba0944c7571e7efc95642628d4,188,189,188,189,189,B_correct_to_wide_wrong,,
fp6_e2m3,172,2db5acab418ed3a026d9a032ddeeb4f9d300d97f42ffdb97e3e38c0cd4cce087,166,795,795,795,795,same,layer1_0_conv2,
fp6_e2m3,173,2de570230062074654ded103b8ccca26c83bc190f5fa1d7174434da74c075128,224,199,199,199,199,same,,
fp6_e2m3,174,2e2b4d04adf7daf482b05b4f52700237865af2bc0cd71b66bbf8a5c88d430fe5,847,847,586,586,586,same,layer1_1_conv2,
fp6_e2m3,175,2e38d6209b98a8011d2adad502fb7f498d9c4c8f69a39a59d6c3fb76de1b674f,459,459,459,459,459,same,layer3_1_conv1,
fp6_e2m3,176,2fa7e623d2cfeec87f60b351b1a43e0cc4dd0b6812f8d4943502b03303746865,659,659,659,659,659,same,layer2_1_conv1,
fp6_e2m3,177,301bddb754953d4fb63a085e5cc6dd70527f8ec7324bc8deee74e5fff810cd32,966,579,879,879,879,same,layer1_1_conv2,
fp6_e2m3,178,304c63f1da58c35b660d98e7333dc2d072f69762226fa97aa6a7617ac66e1a57,666,666,666,666,666,same,layer2_0_conv2,
fp6_e2m3,179,305921ebb029a1099ebb53c102938809784415541b36df76492976b033573d79,496,496,496,496,496,same,layer1_0_conv2,
fp6_e2m3,180,306b3f0d34f41a341ef418adac921f684a34c88bcd7c86758746172685f48741,999,999,999,999,999,same,,
fp6_e2m3,181,30c7ee56102b01d1c360cf704c55a2bc38ff0618c5593083a55e579ce744f3f3,26,26,26,26,26,same,,
fp6_e2m3,182,310e2c938e45d5c703f7e0069eb9f474c71edc5c2c5c0a09028ca95e04ce4409,711,711,711,711,711,same,layer1_1_conv2,
fp6_e2m3,183,312367cfa965116e7de65b0826d3efb72de178602912db3aa313c7f45af0b30a,883,658,452,452,452,same,,
fp6_e2m3,184,314252fe172bd33f831a8795d682385e99fd8802ea3f878585853f3206699d05,313,315,315,315,315,same,layer1_0_conv2,
fp6_e2m3,185,315e47602d34fc71da79a597b38dc3495adec77b9dd86de3afa633d978564a2a,100,100,100,100,100,same,layer2_0_conv2,
fp6_e2m3,186,317392b1fa6b5acffae22ba33d5b42755c801147a57fd8f13921204f3f0ca801,35,35,35,35,35,same,layer1_1_conv1,
fp6_e2m3,187,3177154d23fe481b088a467a720291fc0495ea97679cb21771520c83e45a8e6d,487,487,487,487,487,same,,
fp6_e2m3,188,317a34388f4236000ebbe9f97026a8a766ec1ae183899c356af01c72de62eb5b,988,988,852,852,852,same,layer1_0_conv2,
fp6_e2m3,189,317b0ac1dafa8e9c4d8e66e9487a14723514b3c61118ba64aa89892419fa2e3a,483,483,483,483,483,same,layer2_0_conv2,
fp6_e2m3,190,3188e6fb7911243e5db1d66e54442b7c5e3fae68ba05170699e1a0be0a0a536c,565,565,565,565,565,same,,
fp6_e2m3,191,320681f8b2a702e7069f04a189490ac485804aaff55fe80e9a32340de1cde868,47,48,39,48,48,wrong_to_other_wrong,,
fp6_e2m3,192,32392c3a6286366d7a94ad314f775ee7e1db12b341f330b94e9978ab59fa9660,709,721,805,805,805,same,,
fp6_e2m3,193,324f856d66429d40ce3217308a612a3469b92dd23316128ff6c83ae73315c9cf,89,89,89,89,89,same,layer4_1_conv1,
fp6_e2m3,194,32a5eb9c02acb1148feaee833b865e0387bd52f5dbeff9a91695b873c9ea1eda,190,190,190,190,190,same,,
fp6_e2m3,195,32da210af0106b263d14682212f29bf26b274ee4f696ca7bc37f0cc286ee2f6b,29,29,29,29,29,same,layer2_0_conv2,
fp6_e2m3,196,333568269a60a8f524e8c904bd8e14e59733271dcf032bdf1b126792b773a3b0,153,153,153,153,153,same,,
fp6_e2m3,197,33899d07556a8c5f50b59c75ce8a4d6caab2ecf3d20172d21b5521961df526a8,843,703,791,703,703,wrong_to_other_wrong,conv1,
fp6_e2m3,198,3403a0383643d35d9b8f8e50003cba637f40a37b2e62a96f27cc175ffd4d2ebe,271,271,271,271,271,same,layer2_0_conv2,
fp6_e2m3,199,3423d413a76c76d59e1d4be05632a3142dd85b261f03ff2750df0e002828b6eb,993,993,993,993,993,same,,
fp6_e2m3,200,343eae6b936f0c506f5062a2b945a19827a155da771157076bd5ce73c7af5226,751,555,554,555,555,wrong_to_other_wrong,,
fp6_e2m3,201,34787686749f7c8dd99f956e62434d73ad7dc5d5a109d49c6711d5d116b66e6b,535,535,535,535,535,same,,
fp6_e2m3,202,34a9f4cbf611609f752a53ed60082f263f85b70579089f2e0c6e365a08075a67,368,368,368,368,368,same,,
fp6_e2m3,203,34d2b082391e7bffd8776a2316c269a234591dbdc4627f55c8fa19ea400aa388,669,793,807,807,807,same,layer1_1_conv2,
fp6_e2m3,204,357275e6baa56615777212875eb0ee393ab63ebabec01f411f18f4053cda41e3,152,200,155,152,152,B_wrong_to_wide_correct,layer2_0_conv2,
fp6_e2m3,205,3595c5071eb90a26a2f1c416c47260f3628afd7ea675167b292bd95dd6fa2aa8,582,582,624,624,624,same,layer1_0_conv2,
fp6_e2m3,206,35ec2e95bb7bd922adcb11819020d2454e40d7b23dd940e5a3d2e6ee3d528b23,875,890,890,890,890,same,layer1_0_conv2,
fp6_e2m3,207,36d2434b79fae2f02f1d5cb583fbdad71b9c6032980a32221e19b9033856e23b,598,598,598,881,881,B_correct_to_wide_wrong,layer1_0_conv2,
fp6_e2m3,208,375394ddb1260ea2f33ffca3db632f4d9f12fe415ddff8fe6953d134c90069c7,954,948,879,879,879,same,layer1_1_conv1,
fp6_e2m3,209,377d7d6e08c5505f5eaab138237d2d6b00a70fc889efa485e3c831d75a42a0da,734,675,675,675,675,same,layer1_1_conv2,
fp6_e2m3,210,37d0ef26cdb74e034c4b37f2f53b9629df80042c6cf5470006915ff73f875060,590,590,590,590,590,same,,
fp6_e2m3,211,37ea422152e54ab2fc311047e7d484966089cd19f51561b2674fbd707922a961,723,723,723,723,723,same,layer3_0_conv2,
fp6_e2m3,212,380083c42f12091cc61ee1c4866a3d1a1997afdf7b27415fbddf4a535a0a45f1,98,98,98,98,98,same,layer1_1_conv2,
fp6_e2m3,213,38a6349bad83d6eb65c4df421b4bc820034b844f0aa593c6af6f896f95aaa365,228,228,228,228,228,same,,
fp6_e2m3,214,38f362923df6abf5a0c3d88c67313e06cadb7916875d4cf6afc5b9e58a6040c7,138,138,138,138,138,same,layer2_0_conv1,
fp6_e2m3,215,39028622da67fec0764b77196de3b700c327b3404b61b45389b02abb4e842e71,150,150,150,150,150,same,,
fp6_e2m3,216,3935bf867c75beffc06d686d1c41414fbdae7d0bed49827be55d19b772cef04c,75,75,75,75,75,same,layer2_0_conv2,
fp6_e2m3,217,39387011e331e63cbda687a0349b7599567af9ff428cc773a040a1d0b1fb6281,889,889,889,889,889,same,,
fp6_e2m3,218,393fe7a174f2010be5a1eec25f3ba518c9bd45710c4f747f2289e725ac328d67,849,849,849,849,849,same,layer2_1_conv1,
fp6_e2m3,219,39692e883ced53541f862668d1e3e81d9c3a9a2ac382a5976f695196bb46ce9b,676,676,676,676,676,same,layer1_0_conv2,
fp6_e2m3,220,3999319ba21c6c4e6709cc4b6734e86654621d43c71207f04acbb62163744527,38,38,38,38,38,same,layer1_1_conv2,
fp6_e2m3,221,39be60243b46823504a0e842c66c2ad1b1e52c57c7ad61fce154a7e23842414b,154,154,154,154,154,same,layer1_0_conv2,
fp6_e2m3,222,3a337c23611287df36864d1d5cf70696d5ba64924026032aa9459066e1ff5159,18,18,18,18,18,same,layer1_0_conv2,
fp6_e2m3,223,3a63f1ad49d9691dd0856ca42b82cc5bed671337cb3098ed6a1b1a80826ba4bd,123,123,123,124,124,B_correct_to_wide_wrong,layer1_1_conv1,
fp6_e2m3,224,3af1c0c0ec03ebd0c07147390b3e914e7bddfa6e09c68d806f6919ac7fb41daa,290,290,290,290,290,same,layer2_0_conv2,
fp6_e2m3,225,3afab3524d2f25fd38c8d48e077d39851d920d479168853e6634c1cf5e33dd28,960,960,960,960,960,same,layer1_0_conv2,
fp6_e2m3,226,3b7ab56af5d765c4dd7fe717521612f850e69d07e8882c5437155760a8d8db12,134,136,136,136,136,same,conv1,
fp6_e2m3,227,3b83ad49ca89860950ce707151d873f08526364bd96dd7a29f5d6dc855fce3dc,207,207,216,207,207,B_wrong_to_wide_correct,layer2_0_conv1,
fp6_e2m3,228,3bc26636d7630ddb53225617f1772a5e054dcfb5c8e455ec260df14163e34547,484,484,484,484,484,same,layer1_1_conv2,
fp6_e2m3,229,3bcda306749b646cd086bf6f28929e0a80386d8a25774bf72cb33b2b3f0297a5,458,458,458,458,458,same,layer3_1_conv1,
fp6_e2m3,230,3c174bcb5d8e8bd2e5090cdd5ad99a77bcf93224391e3f910aa8de41d8841b85,234,234,234,234,234,same,conv1,
fp6_e2m3,231,3c6f5faf74d07765de9dd8050458f50d167bf6b393ea30a0912101dd5c67e325,832,832,832,832,832,same,layer3_0_conv2,
fp6_e2m3,232,3d50ff5551dc9004e6dae64cf111758543c0d5e0faf94768ca43cc9179edd122,640,640,640,640,640,same,,
fp6_e2m3,233,3d51fd5ea284557086da77f3e148b1d7dd1585dbcff6ea20d3ac197e1c6da8f6,168,168,168,168,168,same,layer3_1_conv1,
fp6_e2m3,234,3dbbec07e1aa9eb29c4bdd8c256bb34706f5a52070cb21c370c3f141a7c75904,129,129,129,129,129,same,,
fp6_e2m3,235,3dc8c71265c3c6cf763c2eae09cc70c6d71743e6a2b98f5bdae30af31bd2b7f6,782,851,782,782,782,same,,
fp6_e2m3,236,3e10a67bae752f603e6252ab46ff19a116383f16426143586d4b38569fab088b,549,549,659,549,549,B_wrong_to_wide_correct,,
fp6_e2m3,237,3e255393e6de86fdf0502c700ed39bd9c3f43dab4705d11d2afadef180b70758,701,701,701,417,417,B_correct_to_wide_wrong,layer2_0_conv2,
fp6_e2m3,238,3e61811a29d5f52e9fd5f624b55aa78596f9bd1103f4a141ebcdeea283500220,548,651,548,548,548,same,layer1_1_conv2,
fp6_e2m3,239,3ee4c4df401a9a7536713d00e577572897af0d83687baa9a7dd9b3d683b265ac,50,50,49,49,49,same,layer2_0_conv1,
fp6_e2m3,240,3f4c020b139386d95bf5abd56a299888c62987f8f2babcb92c83d40cab542d2f,813,941,996,996,996,same,layer3_1_conv2,
fp6_e2m3,241,3f6472dcf705a4fd474cbf194c05dd544f401163bf5c35df309ac0c590dd4fcd,826,826,426,826,826,B_wrong_to_wide_correct,layer1_0_conv2,
fp6_e2m3,242,3f8345e04ef86083ae4158286ebeda070ff49c2e07fafb08aabe6ca972c20cab,846,846,722,574,574,wrong_to_other_wrong,layer1_1_conv2,
fp6_e2m3,243,3fee7cf8980da52b0b6aae20a42f2d6a11696097c4fe2bc67715bfd03e25507b,973,109,109,109,109,same,,
fp6_e2m3,244,4008b26da0f926360a101f60461f9349c8598e359a55d39619adae6204c9fcaa,650,650,523,523,523,same,layer1_0_conv2,
fp6_e2m3,245,408c605495ce2bc6b63b728c54eceabfd1ff1fa5f77bab731883531840717605,474,474,474,474,474,same,layer1_0_conv2,
fp6_e2m3,246,40921200b5bc3d93b561d2d2a5bbd17ab0ae2be85ef299e565eeae7603639b3c,753,632,878,848,848,wrong_to_other_wrong,,
fp6_e2m3,247,40aa9082608effbcd9a380a85d18a608344cc4c70c42d04aa73efac61d219dec,243,243,243,243,243,same,layer2_0_conv2,
fp6_e2m3,248,4161afce2eaf24c5840d44aca58c28e3dc0f5aebdb099bc8c374220d1c250a63,868,868,859,859,859,same,layer2_1_conv1,
fp6_e2m3,249,41b8871ce533733502159a5e92a41fbb47a7ce6f68282feedf0518dfea35a88d,433,433,433,433,433,same,layer1_0_conv2,
fp6_e2m3,250,41c4a3a2904d45baa50ec34823e3d9310c63810b55e05bacd3bdf819d2c52bd9,210,210,210,210,210,same,,
fp6_e2m3,251,41c6cc49617ef62b71623ca966de5a64c9602d329be061edebdddfa03a6c5df3,607,607,607,607,607,same,layer1_0_conv2,
fp6_e2m3,252,41da32b56e96cf82f64b01282add016c1525e368df81e177c34a8a04d1cdf279,396,396,396,396,396,same,layer1_1_conv1,
fp6_e2m3,253,42bd216dd58162be56f87ffee6e35f00be8ff2b8d156ea646e036e9ba807f3b8,873,873,873,873,873,same,layer1_1_conv2,
fp6_e2m3,254,42c12156d38a719f9898572fc2674069fe54d02ec27551c5f1cdaf99043ef7a5,46,46,46,46,46,same,layer2_0_conv1,
fp6_e2m3,255,42c71cf7e21fcaf5e140332f1fb95a821274b4eea8b37188acbcc24194646f06,96,96,96,96,96,same,layer2_0_conv2,
fp6_e2m3,256,4352c6ba1897382853bbcd0ef4534f05eced44a70743aeadcdfb55101a85352a,380,377,377,377,377,same,layer1_0_conv2,
fp6_e2m3,257,43aea7e18e2833767500524bff3df5dd1b45ecbc60a5e68bf413d995d552e3d9,986,986,986,986,986,same,layer1_1_conv1,
fp6_e2m3,258,43ca1a4fee5c4fc5cff65daa53a6ef23b6559efc16c96c31f16a524807104752,366,366,366,366,366,same,layer1_0_conv2,
fp6_e2m3,259,43e7846625b31dee0b2ed3076664fe3bf66472d06b61a4429a69ecdfd5a44348,774,774,774,774,774,same,layer4_1_conv2,
fp6_e2m3,260,4406e9a7e2f78a80cb093356b3de85cbf347fd0754609e2ab912837b631234a1,260,260,260,260,260,same,,
fp6_e2m3,261,4415f134890ea8bf47807707c3261602857b53848007b45203a12b8d80a0a454,270,270,270,270,270,same,layer3_1_conv1,
fp6_e2m3,262,446b26727776f2caa5de9c417622968878864230085091e06683adb981ba6960,9,9,9,9,9,same,layer2_0_conv2,
fp6_e2m3,263,44771ca1d824c50d1c8d71444df43ee1ea73fc60f141227c5f1c84d3b076fb58,430,430,430,430,430,same,,
fp6_e2m3,264,44ca8e44028b757fdbfccfe82b6a1ce7a458e730d963d71c30879a6083a0d3db,403,403,403,403,403,same,layer3_1_conv1,
fp6_e2m3,265,44f4f961c43b74a9514ac907f6dc63de7aca4624a1eb65a446ea0fde8a5b7fc7,634,634,634,634,634,same,,
fp6_e2m3,266,4511d5f6f2df575268aa00ac81c7a03336a8db492c7b7f3aa78f446e0d937d59,213,213,213,213,213,same,,
fp6_e2m3,267,452523457ad5fb0d3f45722d12c0ee30c8ba6e003a4a75ad6fc6097db325af89,520,520,520,520,520,same,layer2_1_conv1,
fp6_e2m3,268,452c7341391880778daaf72ff191c9fd36b7e827888033b4e2218654d5186717,830,830,830,830,830,same,layer1_0_conv2,
fp6_e2m3,269,452eba91373765f877792a9b78ea5ec8b07160e296ac0d4c8b0b3311cefc262e,306,722,611,611,611,same,layer3_0_conv2,
fp6_e2m3,270,45829ee925aa9bdb1c5f6490d6a71db25d6ad291e38e30293ce334e3d4d37032,566,566,566,566,566,same,,
fp6_e2m3,271,45a8bf182342b0e79e9d360ebe0bd30386ceb3dbbd40da188edb6544d077ca0f,471,471,471,471,471,same,layer2_0_conv2,
fp6_e2m3,272,45ca90c7015d9dc2a8d51e1f36e42fed138a2bcf18a054022f80204aae25f031,31,31,31,31,31,same,,
fp6_e2m3,273,45ef2dd56b860b70269e99b39790d7aa2492a9f637c52bcd9e6387d509ee0782,55,64,64,55,55,B_wrong_to_wide_correct,layer1_0_conv2,
fp6_e2m3,274,460f85ca4a748f036e2a76102760a643c23d4f2dde7ef12e4eb5ccc5e003c37a,679,679,679,679,679,same,layer2_1_conv1,
fp6_e2m3,275,467c620f9929ddc82bd926b680eef690b2ef95ae1a0987450c6d7cf1e52228ce,217,218,218,218,218,same,,
fp6_e2m3,276,46c072c742de88819939b10dd995098a0a17b5b1318d8e335bca5cd5bcaa2140,738,469,469,738,738,B_wrong_to_wide_correct,conv1,
fp6_e2m3,277,46defaa8dbd32633296dc2da6a3a6ea78226dd899bcd663d72d3ea7afec6e763,404,404,404,404,404,same,layer1_1_conv2,
fp6_e2m3,278,47085971a0c0eaf9d05c6ca9d4541c1cdfdb8a82cc3220556182ca0f1da38e82,853,853,853,853,853,same,,
fp6_e2m3,279,47399f7517326332b6a84e94880561d314d0ae2c11c3f26f7b379ecc87117e4a,469,926,926,926,926,same,conv1,
fp6_e2m3,280,477f85b22e9f36fa9d44bf17a69dd9a831045cdc67b745171cd8d93fc3e4d132,67,41,44,41,41,wrong_to_other_wrong,layer3_0_conv2,
fp6_e2m3,281,4841524491a5284328f03fb8dc48640dace13256650de761ef009941182bb283,401,401,401,401,401,same,layer1_0_conv2,
fp6_e2m3,282,4848d598f35e6e1404890058db7c4beaea5c6de179ad4e461c86e5a6b48e54fa,247,247,247,247,247,same,layer1_0_conv2,
fp6_e2m3,283,48e99e0f596bbc2d83a5959a93b431bd61cd8ffa9727e8fe8237891705c681cf,745,745,745,745,745,same,,
fp6_e2m3,284,48edb428be267614fe86b55f7c4c11e2a71e2e35122d2ff6c6756f35c8eb0d65,632,819,819,819,819,same,layer2_0_conv2,
fp6_e2m3,285,49222551919e0baa1287ebe87932f56fa809fbfe413211d8e22f17c391825297,517,517,517,517,517,same,,
fp6_e2m3,286,496c67fd501ca3146cff255ec44f8a50d4f2f97766ad04db0acd3a1742990087,451,451,451,451,451,same,layer1_0_conv2,
fp6_e2m3,287,4a3d8f21f8ec7424ce2e5f1078aa01b7ea2749cb0000c23874ac6f9717b52084,174,174,174,174,174,same,layer4_0_conv1,
fp6_e2m3,288,4a87666fb0b600bf76c04127765ca2d7b4832e61dd25dfbed1d887cce973bd21,395,395,395,395,395,same,layer2_0_conv1,
fp6_e2m3,289,4a95178277ed5dff6442c5340da8dd899c4116657a1390fa0f32927625c0c2ec,761,761,761,761,761,same,conv1,
fp6_e2m3,290,4a970af8fec2a11839cde34cfe05bb53dab817cfc7edc85255cb9f3372d7c275,357,136,136,136,136,same,,
fp6_e2m3,291,4aa973ec62f6c74120f071cf33d89a2a6d3d49acbf6702133f55691341f21583,649,649,649,649,649,same,,
fp6_e2m3,292,4ab46952b6a2dbd0eff38b923d9694b95f1262a712ce21191106a784260b7793,236,236,236,236,236,same,,
fp6_e2m3,293,4ad357689a4c8880af75d4d477ffc05c20ca317e715434a0aed9191c404d0bd7,231,231,230,231,231,B_wrong_to_wide_correct,,
fp6_e2m3,294,4b516a9f8eeae6025f267ec49d1b96ac000c949aa09b6e819170e3e7b6a3f7cc,710,710,710,710,710,same,,
fp6_e2m3,295,4b95a00c4259917ff54bf6a9619fc302194a7be49c724a8c9f552e4b77d07abf,291,291,291,291,291,same,,
fp6_e2m3,296,4bb2182390a437d09a799ad7145cd6d6d66a74e10b79ffc3237e6579cfa48429,796,796,796,796,796,same,,
fp6_e2m3,297,4bfbafba592cf1bfc435074a9b1f85b17961483910168858f11dd2a56e4b6aba,658,658,658,658,658,same,,
fp6_e2m3,298,4c8b2c0be14c2ed323172364e508d87110eb78a86c5bfab181f9a0a8fc0db536,703,490,743,743,743,same,layer1_0_conv2,
fp6_e2m3,299,4c9f5e9914e6344b36dedc540b241a7fe5a11b265f53777035716e5c97b359d6,501,903,903,903,903,same,,
fp6_e2m3,300,4ca84c292963ec3f76ad6ecb160030d437171798eb65d82f72fbb8646897baca,902,626,626,626,626,same,,
fp6_e2m3,301,4ce64d626c6997b9ae15671ee709519c765ee8163a1682c8bfb0b7a389ccf4fa,442,442,442,442,442,same,layer2_0_conv2,
fp6_e2m3,302,4cf180a1059cf5887167fc7d6b9264102e78f629d900e0610a368044ea9299d7,944,944,944,944,944,same,layer1_0_conv2,
fp6_e2m3,303,4d48634289bd44ef94400679ef40995cdd064232326e5de15b8774aad8ca38ed,328,322,322,322,322,same,,
fp6_e2m3,304,4d6af2382b0c1961929c0e4a31ab8ec15a50218e6928e3cbbc1c571417a6aec2,388,388,388,388,388,same,layer3_1_conv2,
fp6_e2m3,305,4da60d058dfa487e406dc46973255e53f12204eeed0d96ce4278478267e9f86a,522,522,522,522,522,same,layer3_1_conv1,
fp6_e2m3,306,4da64ee640c875dddfe92ecfd7caf2a0a43d753b56208caa6ebb6403bed79f17,351,351,351,351,351,same,,
fp6_e2m3,307,4dc80393bd32c4e30a890e2c10706892b2f23ad53f37c005489bfda8bdf41331,53,65,52,52,52,same,,
fp6_e2m3,308,4e2802d9af33eace534bf76f5099221fe017d98cb2276c4508500afae84bb9cd,617,823,823,823,823,same,layer4_0_downsample_0,
fp6_e2m3,309,4e3d29a5ff3cb95b744051722b7055d91d215c1de9101f8c94bc954cb8584fc1,135,135,135,135,135,same,,
fp6_e2m3,310,4ef713ca1593a356a0ab66a677c6ab5fd0ff30eb388143ab1870f076fe05a58a,327,327,327,327,327,same,layer3_1_conv1,
fp6_e2m3,311,4f15266f11c12085e481c404e6210fc3361f2e14043165a97bd0352d3669070b,550,550,477,477,477,same,,
fp6_e2m3,312,4f74c7b5131a6e77d1676e709e9d2b056ccb3b15c348ae6bcd0e7d73e139a95a,690,690,690,690,690,same,layer2_1_conv1,
fp6_e2m3,313,4f92ff9d3551874300d572941d58eb65b31aa795e1d4f499eef8b9d8fe500dd7,601,601,601,601,601,same,layer3_0_conv1,
fp6_e2m3,314,4fc8bd0b8bf660727ee6a1d3fa4ecfa7cafab8c86c3a4f2fd5892c0dc1dbec33,316,316,316,316,316,same,,
fp6_e2m3,315,4fe8461c4c741918206716a10011164f1c2570879ca1450743cdb74827991747,715,568,568,568,568,same,,
fp6_e2m3,316,50b5cdf5f82e9ccef483ad83f1f18312f8f3d59088b0a8524106e65cd5a53577,794,697,697,697,697,same,,
fp6_e2m3,317,50ed3bf9348403eeada37fe05b7bb50606673653264930491ed26c507a3e1f85,222,222,222,222,222,same,conv1,
fp6_e2m3,318,5184fae6d5a8f9e6f2dd93805f420a61caac25561df4da03a34b794015b547ad,662,662,662,662,662,same,,
fp6_e2m3,319,522203be2b14663426e9fe7d2bd3cf7fe3d2c624dbcb70925d9293fa0c06b7e7,648,453,478,446,446,wrong_to_other_wrong,,
fp6_e2m3,320,5287aeeed64e976985f1cecd28884c23efdad176e1d5c15ffee215236ba85ad1,696,551,551,551,551,same,layer3_0_conv1,
fp6_e2m3,321,52a65c0141b38c0d213a06eaf439cdedfc6913fbef686f0141de1eafac37c8dd,359,359,359,359,359,same,layer1_1_conv1,
fp6_e2m3,322,52cd565dea452ab1c5b11ff82d75daaf36c74fc27679109b46c1e04650522625,492,492,519,519,519,same,layer1_0_conv2,
fp6_e2m3,323,5378330277a7eab2aa7bcae65dc8c395344380f6e3ddcc4e5d1253dd50020c1a,186,186,186,186,186,same,layer1_0_conv2,
fp6_e2m3,324,544bb199c11fbc5f14e318dd2250db166d6449674dca3b3d30930ff86d7e9d30,377,373,377,373,373,B_correct_to_wide_wrong,layer3_1_conv2,
fp6_e2m3,325,5476e6d729fd1ecf477bd18eeb1ad632512e7575a30dc96e2cf61b6d81400eea,289,289,289,289,289,same,,
fp6_e2m3,326,5499674a6530db319b97be5bbe39241039fe96cd4111f3c12e2f542311c4b6c5,571,425,425,425,425,same,conv1,
fp6_e2m3,327,55683fdded3943e15ca6c1804a5328cb090688f3629195bee680626725fc3b39,618,618,618,618,618,same,layer3_1_conv2,
fp6_e2m3,328,556fbfcbeb7aa45e6639b4c126109d07517538ecee7117169a4a39a76fa3b1bf,537,537,537,537,537,same,,
fp6_e2m3,329,55825d8ae4cd4e5a387a30187646896536930e73ee24cc8e4e0a0cb8e18f7bb0,325,90,325,325,325,same,layer1_1_conv1,
fp6_e2m3,330,55ada4e23d7a5735998d42c767584ee01c216fbdd79258b568dd8f7954cbe59b,361,361,361,361,361,same,layer3_0_conv1,
fp6_e2m3,331,55d70a4c670918e4423e526a2af6dcc7e62c8e085b55babf78528147581eef1d,342,343,343,343,343,same,layer2_0_conv2,
fp6_e2m3,332,55f1a3b90bc9f16200f51c0f3f9045211c39f2ece78ce4babc9f7003081a9b8a,513,875,513,513,513,same,layer1_0_conv2,
fp6_e2m3,333,5603d56faa088a4d1536519904e44724e642f0985d80f4a05d72e3cd69001418,183,183,183,183,183,same,,
fp6_e2m3,334,561dd27f4fed6753af1800852505220347d29b33adb78e35ce2cb300e5b60758,391,394,395,395,395,same,conv1,
fp6_e2m3,335,56856185dd74f5877f006c74ccdb324db5274e540fd3e19a122bdd2df0aca747,741,283,283,283,283,same,layer2_0_conv2,
fp6_e2m3,336,56d2688fb913f04f3df7daf4e5039e319e4b70da7086094a0980a747413a6164,953,956,953,953,953,same,layer1_1_conv1,
fp6_e2m3,337,56e36239796d5396dc654d293890c98a4988a8b7d8cbf7419ecc26d15c6bc252,439,439,439,439,439,same,layer1_0_conv2,
fp6_e2m3,338,56f7d35ed973cf18c726f0b17a753f576c176853eff19f5089789b2c4428e982,360,360,360,360,360,same,,
fp6_e2m3,339,572bff9c81c0664518df473afa734c8e814d7d101d88042f8beb4f0e1b9f55bb,587,587,587,587,587,same,,
fp6_e2m3,340,576e6cc0d681634eda6aecaee2a74c372ad05215c8ba2f93a83381ff296542f3,463,756,756,756,756,same,layer3_0_conv1,
fp6_e2m3,341,57b24289e7ee8379c13f470ec769caa5f41607a0e28cbc84a1320cbbcfeb4aad,947,947,947,947,947,same,,
fp6_e2m3,342,57b8bf392cf90c8c333ccd644f24289e17a7fb53331d342baffa313a6ad101f7,760,760,760,760,760,same,layer2_0_conv1,
fp6_e2m3,343,57ccb3d2276c9cab1264cf53787001bba3c0e99572072bb8d88a3ca13452bc9a,400,400,400,400,400,same,,
fp6_e2m3,344,57d425c2e7f5461f887aa91dad017cda8c1e7263f94dd4a0da8357d8a5e9e5a9,83,83,83,83,83,same,layer1_1_conv2,
fp6_e2m3,345,585da955e35a2fb89b5202a50d79b9003921417ac7ae628a44cda54aa69019e3,256,693,693,693,693,same,layer1_1_conv1,
fp6_e2m3,346,586350e5d7097d209da044456455454b723d3de9e98c923f5dc390cb0d80f91a,828,828,828,828,828,same,layer1_1_conv2,
fp6_e2m3,347,58b76cf641598eec77ffd1afca13f21a248a512fe04a5ef35e8fcf0186b1f68a,595,595,595,595,595,same,layer2_0_conv1,
fp6_e2m3,348,58e483327124efb5f3860ba95109908aca669c5de4443d8feadd1eb43b61d456,8,8,8,8,8,same,layer1_0_conv2,
fp6_e2m3,349,591dc2e8071bda4d738f0d13ca55f90ec64bc21d6c4a7d0c9fbeabc6daa3dc41,163,161,161,161,161,same,,
fp6_e2m3,350,5974a45aedccd19d14461569e71f84594a2c75c5156dfb4f6941a10f78da167d,323,323,323,323,323,same,layer2_0_conv1,
fp6_e2m3,351,5ab5e651d4c8024268ee1636bcbc4ee26f02ccf1122b06dd262d61fda10fd0ab,425,425,425,425,425,same,,
fp6_e2m3,352,5acabd5b8e0b17a7e83331d59ea83841332d8d96242ecdab831ff85fe1870599,827,827,827,827,827,same,conv1,
fp6_e2m3,353,5ade0ba42378fc6fa9ed09a5762d3969c2f23bb03205da5fa934a19a515fe82c,146,89,89,89,89,same,layer4_0_conv1,
fp6_e2m3,354,5aee57203e7a0b0d6c044334be9fddb551386662ac04e8c9d6cf4b0a4467e331,932,860,865,860,860,wrong_to_other_wrong,layer1_0_conv2,
fp6_e2m3,355,5b0becf3c2edba055b71b396bc13cb2907f16efe21dec92257881676cb7ba341,639,639,639,639,639,same,,
fp6_e2m3,356,5b73f0cad83c10e73123385626d81c78cc34621a3faeb7497cd2ff153d2368e9,480,880,880,880,880,same,,
fp6_e2m3,357,5ba81bb8e998b2d811501a910bb454668df8dac8b5269c7455de47afd6eb5948,275,275,275,275,275,same,layer1_1_conv1,
fp6_e2m3,358,5bcbf48d02cf59c081d4da1967f9a28174b7a5dc08bd597cf926a29fe595153e,842,842,655,655,655,same,layer3_1_conv2,
fp6_e2m3,359,5c5696905f98ac36871aec48ea66626cb9607cd6a57f0d740572ba061f51eada,482,482,485,754,754,wrong_to_other_wrong,layer1_1_conv2,
fp6_e2m3,360,5c745f03fbcfcf803dd3f9260571f8b800d92a2b085606a2ea9b2f860f92bfe0,815,815,815,815,815,same,,
fp6_e2m3,361,5d2df83342dfe3145fa807ac11aa371051f763afc78c615b8f87ab392ca2bf14,479,479,479,479,479,same,conv1,
fp6_e2m3,362,5d562ebece289000483f8b78a2acbc7e4cb22120bd9181b6126793ece41b52a5,864,864,864,864,864,same,conv1,
fp6_e2m3,363,5d77c85144358e578737833b2f4e51b9d6b094bfda5186cc4a10e7dfba8d8c8c,869,869,869,869,869,same,conv1,
fp6_e2m3,364,5df5847f0cd83a1e1ea0ebb7a0e1afd590d76201f9810b867c72782382915cdc,498,415,865,860,860,wrong_to_other_wrong,,
fp6_e2m3,365,5dfbe9f1b3bb998d3754007be52019326dea4d8dd8f069830ca9b3e5c2b9c385,165,234,238,234,234,wrong_to_other_wrong,layer3_1_conv1,
fp6_e2m3,366,5e0dff31ffe463483535e1f4dfade5123f0ab00d1e3922acf0abb3dbbea87557,667,667,400,400,400,same,conv1,
fp6_e2m3,367,5ea1b697732ab184d32c5ed45a59348d2f03a927c2f39450830491dff813cfef,263,263,263,263,263,same,layer1_1_conv1,
fp6_e2m3,368,5ec49e13d45a4c7485ecaa04b7c56818643afefbad5a3e11f206b44fc7772e13,819,819,819,819,819,same,layer1_0_conv2,
fp6_e2m3,369,5edb22b94f29efa0195034b7b83bc327c55bf6861a4674335b8fa88232fb2741,969,968,809,969,969,B_wrong_to_wide_correct,layer1_0_conv2,
fp6_e2m3,370,5f86a21de123bd70ecd1e3b594a0ff53a6f71bf13065ca3b2991f69657fbec60,491,491,491,491,491,same,,
fp6_e2m3,371,5ff8fb90fe1a4adffdb55e2ca07b3666bfeeebc43d294fbd48161db0b69e2c2b,880,880,880,880,880,same,conv1,
fp6_e2m3,372,60157d49f8462e2fd619cc62588f64ccd481d9a8efd58786eef059e67cb75102,272,272,272,272,272,same,layer3_0_conv2,
fp6_e2m3,373,60a610232838c3a9e8d7b51fdddfda54eac78150e628bcaebc4dd55327b298fe,631,454,454,453,453,wrong_to_other_wrong,conv1,
fp6_e2m3,374,6143c3a4bd59cf1693dca19d0565542cc62d82a60155e6fc5206b202b917b231,493,894,453,894,894,wrong_to_other_wrong,layer1_0_conv2,
fp6_e2m3,375,61cc5fd5ddcbc5e18d0e1aee53d75abc40a4df178f80273247b6a741816a07a0,159,246,159,159,159,same,layer1_1_conv1,
fp6_e2m3,376,6212f8a2707572ef4ac166d44def1da36c072ed81303f8d2e85e90a2afde0f6a,121,467,467,467,467,same,layer1_0_conv2,
fp6_e2m3,377,62252d19990c8c92893de6640f7f95da2115f46f8d7e6e64efafd33ac54c812f,536,724,724,724,724,same,layer1_0_conv2,
fp6_e2m3,378,62696424327dfc09be426bff723e44853ecf68c3643ca16367a06fc9b7175b6a,602,602,602,602,602,same,layer1_1_conv1,
fp6_e2m3,379,62c3777764582a408e37e55994679893e2ef4f3b3218e039cbc5749b60bea178,385,385,386,101,101,wrong_to_other_wrong,,
fp6_e2m3,380,62cb6dedbb0a3fc3ef0dd746cd179b8a384a707eee94ebed2ef6ef42f2d14aa8,797,591,797,591,591,B_correct_to_wide_wrong,,
fp6_e2m3,381,633e1703677268338ac936c9e9c169389aef9615ea9b9c9e21c9c4869a581332,28,28,28,28,28,same,,
fp6_e2m3,382,6380183282d1e713d6cf35ed5d837cf539da40ec52d742d48b20f73f9dd72f00,440,784,907,686,686,wrong_to_other_wrong,layer1_0_conv2,
fp6_e2m3,383,63f20fd00a13a85156338dc2904d0a3c7562dbb3642e7ca89869ac9b908fdace,156,156,156,156,156,same,layer4_0_conv1,
fp6_e2m3,384,658621f938c86f371e9adba21073d1203d039735399e2166613d04f7ab9b6bcd,33,33,33,33,33,same,,
fp6_e2m3,385,65d3f1c1f7b2acfac41084366458470215189455e78549e5b760bcc2e26315b3,276,276,276,276,276,same,layer2_0_conv2,
fp6_e2m3,386,65e00e24ab7cfd8ba983f0d468774e14b871762a127ee0460c8c2f1cba574e27,975,344,789,789,789,same,layer1_1_conv1,
fp6_e2m3,387,666481b5f1406fda00755a3352fe21f5d5f0d591501e4e84f8e084a313e3ca15,905,789,789,789,789,same,,
fp6_e2m3,388,66871acb63de718b0ad1b06339cf24d70ab0fc8e4c8a0271e31c02ef14736952,808,879,675,675,675,same,layer1_1_conv2,
fp6_e2m3,389,66894a6344ec7b2f0d374601d0e7158a93f77b341acdfe4490397b6d6f47de2b,651,648,648,648,648,same,,
fp6_e2m3,390,66b2b6b8654dd3b3ce54b16d38128cc9cb278fa71a6c79c9e9921c41472b44c9,497,884,406,406,406,same,,
fp6_e2m3,391,66cec21feff87474b245ccc7e02c9a4969220aa31862c233189fa1ef9c3829a4,90,90,90,90,90,same,layer3_1_conv2,
fp6_e2m3,392,66d4e2eaafcba610d08df25dabc40d7c1c5ceaab01b9e3b94eade365a9cd753d,157,157,157,157,157,same,layer2_0_conv1,
fp6_e2m3,393,66f013d9cefbef762cdc2373e2d3f5bd1de5098e531f76b1b169597e246124dc,952,952,952,952,952,same,layer2_0_conv1,
fp6_e2m3,394,66f5d93e85f6316a1924408aa58bf85f46e4d531a4f979c510a1af2161988c42,874,874,874,874,874,same,,
fp6_e2m3,395,674c477ee54c2fa33eb17e1e6e21d98bd8cf512c0ec32e12809ff88133bf38f0,967,967,633,967,967,B_wrong_to_wide_correct,layer1_0_conv2,
fp6_e2m3,396,67b0c252979a026bb7ce38abffdb1fa9b780d221dd06ff28a036c9814c9453b0,320,320,320,320,320,same,layer1_1_conv2,
fp6_e2m3,397,67e0bebe84de75b0d1e2a2337412c03ab4222a01bf0a357801edb963e7c0170e,84,753,753,753,753,same,,
fp6_e2m3,398,68103f6fdfd924823da8a85271474c7b8f6e4752a8a7be2e0993e88a30755d86,21,21,21,21,21,same,layer3_0_conv1,
fp6_e2m3,399,68182be4536f04bf44661956d4dfde6f1bb28bcdd4b12f4747235092af5e3607,675,675,675,675,675,same,layer1_0_conv2,
fp6_e2m3,400,685769fb64703354fff6bf07a22b1197b27e52a3efed1b21731f07c2a0a49d90,191,191,191,191,191,same,,
fp6_e2m3,401,68e7d11a42148678755208d8b0691470b6a8474ed1e104114daf39716a6840b0,744,657,657,744,744,B_wrong_to_wide_correct,layer1_1_conv2,
fp6_e2m3,402,69707f7bb96751fa7f3a98bd91c5b7a00afaffce82f800478f2232ff5c6b7f39,453,453,453,453,453,same,layer3_0_conv1,
fp6_e2m3,403,699ac660fd7f1a2249e80cbdb737804565234ea34066d7b168cc3a1f1d21698b,245,245,245,245,245,same,,
fp6_e2m3,404,69acdca9e6b4bcd586df7859570f5d57195e6c07f6e06c7cdd745bb59fa0b59d,206,206,206,206,206,same,conv1,
fp6_e2m3,405,69e819000d434daa99a83573adeabc447ac3602f6af86c068f986a05d143507a,321,321,321,321,321,same,conv1,
fp6_e2m3,406,6a705f364cd9299ec34622ea6c5377e3c6fd470b2ae7e260ec515d00576b2122,465,465,465,465,465,same,,
fp6_e2m3,407,6aea3be62743365f0f68f3a37c521bcdf59f50c87c312061ce5949b7e22fd069,34,34,394,33,33,wrong_to_other_wrong,,
fp6_e2m3,408,6af9c903b55cf8f5f1a9224def61f2db5d1edc7c2ce4213ba393f98ce3aa0727,891,891,891,891,891,same,layer2_0_conv1,
fp6_e2m3,409,6b0c1af0396c90ddd215fb30659389562dfad5e5c9f0abcba46fe3f866a3c540,437,437,437,437,437,same,layer1_0_conv2,
fp6_e2m3,410,6c25495884ba4078f17552a281db4d8f269b9129d290870602b4029b3d9f96b7,901,901,901,901,901,same,,
fp6_e2m3,411,6d438d308ff77ead633ad029e69f7782f7697169c73808e78b32e9d641e9a1b4,616,616,616,616,616,same,,
fp6_e2m3,412,6da87ad8b7b3483303ac50ce404dabebb10b84ef80bf0bd0407a4329e89c7bb3,336,336,336,336,336,same,layer3_1_conv1,
fp6_e2m3,413,6db5f4e87ee428ac4d6aa50d1ab56d9f49c35468364766291f8ef7c65580bea1,103,103,103,103,103,same,,
fp6_e2m3,414,6ddcbe0fbbe6c23d7caf286d610474606d86cf7e0fa845b67b8aa2dae4e48228,233,267,233,197,197,B_correct_to_wide_wrong,,
fp6_e2m3,415,6df5d4e95eac73cb292cc8a6771944ea187e9538fd69407a322ccaa5ee49869d,144,144,144,144,144,same,layer2_0_conv1,
fp6_e2m3,416,6dfefda541dde0507b9862d482ec67f0a5f945be11e0d8eedcb8a7b801f0fee7,786,786,786,786,786,same,,
fp6_e2m3,417,6e17c44572f4e6d08b8f6f454762da3e0ba86a6eb05d980b10f03295fb9a4840,885,885,885,885,885,same,layer2_0_conv2,
fp6_e2m3,418,6e77ab5d7985588d4f6e408c857763059e096721c6e942736f47109007b3139b,588,588,588,588,588,same,layer1_1_conv1,
fp6_e2m3,419,6e8e8abfef4b9c6db0d4cd809f0dd14eaa1d4fc3eb4276bada18bb9d9fa8be2e,838,841,929,929,929,same,,
fp6_e2m3,420,6ebaec0af02a3ae489f324f67a2305156352257f74265b2205aaffa3d3e6094c,455,455,455,455,455,same,layer4_0_conv1,
fp6_e2m3,421,6ebc880600c22d61942b71855279f8640bc5405edeb0a961550ae6c5d8185e78,945,945,945,945,945,same,layer2_1_conv1,
fp6_e2m3,422,6f03d76df7cdb0585c3f0ea4d23b0ea79c9dfc59c6771a447c25a3de06ce61e5,392,392,973,392,392,B_wrong_to_wide_correct,,
fp6_e2m3,423,6f66f5fddbdc7c6eac85f83a9c0b7e7a028280497633334453c1abf5c601fa02,554,554,554,554,554,same,layer2_0_conv2,
fp6_e2m3,424,701bc4b687f6f3906df2cf08bca73be72fb43242b509a07d2ae95a806927e11a,251,251,251,251,251,same,,
fp6_e2m3,425,7034b8dab7f0c86530e6556a584f80f2ca8f57d07e60061a259d0d967e94d860,352,353,132,132,132,same,layer2_0_conv1,
fp6_e2m3,426,70b810b541c96f255c7376b4fb4102d06cef703ceed82a2ef0e003d551b5972d,691,691,697,697,697,same,layer2_0_conv1,
fp6_e2m3,427,710cd89e8ae3fe27fc79806ad8338f2fee534ffcfbbfe772c5fe32af2d8e6137,421,421,421,421,421,same,layer3_0_conv1,
fp6_e2m3,428,71126f237a6f628f3ea5d43e734437fcf8ac439811802c981d3e9ed4d09792db,811,770,534,534,534,same,layer2_0_conv2,
fp6_e2m3,429,7184960e1acee479c9a7e3d120113f8d94f6d76ba72b13951bcbab3f6fb8c8e4,164,164,164,164,164,same,,
fp6_e2m3,430,71fb786052e8d5a6515eca183c613149dd9b6394acb276621f481564a824c840,998,998,998,998,998,same,,
fp6_e2m3,431,7276a311815e1412c9860543215d0fc5549bdd5a189922ffb49b0c8678461967,355,355,355,355,355,same,layer1_1_conv2,
fp6_e2m3,432,7296c9a9fe3d9938c7de15a262235de9e85aa7b6c55e572108b8d8aa8fa4ffbe,427,427,427,427,427,same,,
fp6_e2m3,433,7349be7dc1e95c96fc666f82fe3836c143d774960c3d9c9708dabf43d92276d7,629,629,629,629,629,same,,
fp6_e2m3,434,735b83bb62e09ad7007d838b546e2bd561dd4b76e86c877b086fde71d98d35fa,586,847,847,847,847,same,layer3_1_conv2,
fp6_e2m3,435,7369807e17c07f833c757a66021be6e753e346f519b9cc128a40561d635ed89f,921,921,921,921,921,same,layer3_0_conv2,
fp6_e2m3,436,737297bfbb36f05eea63edafa81d30ed7f9e762c3a974ab097e56edb63a81023,203,192,203,203,203,same,layer2_0_conv2,
fp6_e2m3,437,741c73e21379ff3a7ad219ee0b8745c5e41b6d33d40bb0c56e3a4cc7e9e25b5d,187,187,187,187,187,same,,
fp6_e2m3,438,742da7149053e97984a654c6a16feb9e11bd4354c62b00179c95c5026ccf6d80,645,645,645,645,645,same,,
fp6_e2m3,439,744f956e63618d79df0d42ea25b45218622d12a3734931e8783bc7523affe3d6,227,227,227,227,227,same,layer3_0_conv1,
fp6_e2m3,440,7470ce565f2056af157e5055d4cd4301e3cd9f7519f5f807f7d0330f056f5701,685,685,685,685,685,same,layer1_1_conv2,
fp6_e2m3,441,7474c343045bd6573308bf2be5ce09e7ec813163539df78029ad0a83dac8a557,622,622,622,622,622,same,layer1_1_conv2,
fp6_e2m3,442,755e3df0a534d3702dd4d4cc2cfbde23b02646bd574b6c552627fa6e955b6c6c,189,189,189,189,189,same,layer2_0_conv2,
fp6_e2m3,443,755f3baaa42be7ebba09e370ab50bf90870a9e88531e29c8853c118b9cfdf943,106,102,85,85,85,same,layer2_1_conv1,
fp6_e2m3,444,75699ef58dac3d0e981eeda837ae921910bc90239f0c2ff6373b4f191846e4e9,768,615,880,768,768,B_wrong_to_wide_correct,conv1,
fp6_e2m3,445,7589e39bfdc47844d467d1168ed978c35203c02c737d902813ff0e4b018141d2,930,930,930,930,930,same,conv1,
fp6_e2m3,446,7780f7899fc541425d1a18c6981b4a555d4b56e2016a8174882054c5bf26d967,641,641,641,641,641,same,layer1_1_conv2,
fp6_e2m3,447,77e189990ce55e9932d1a572ede3e06a2db4f8597b6231e19390dcc368994adb,660,519,519,519,519,same,,
fp6_e2m3,448,77ffead4f44cc2b206e9c2aeecc3027770d3f6c3c47e2591dc057a2708c4d750,544,544,926,544,544,B_wrong_to_wide_correct,layer1_1_conv1,
fp6_e2m3,449,781fadf50fe1c063ed9edcd0fff281d1362753aa6e35e6bce7b4d1937d96a0e7,594,594,594,594,594,same,layer1_0_conv2,
fp6_e2m3,450,78267a1c9747bd110e6330d4e16306f3401229783430870661b8cb27fb1aea57,636,636,636,636,636,same,,
fp6_e2m3,451,789f87815f5ab5f057ddcce4f0e05b376a09fab71cc3c6207b058db2a684bee7,76,76,76,76,76,same,layer1_0_conv2,
fp6_e2m3,452,794c780c19496a2f368ea91a0818433538bcc53fdabee8a0da06271a7269ca61,24,24,24,24,24,same,layer1_1_conv1,
fp6_e2m3,453,7a3f186d6f3e0a23baa7bbeb83e58c73357e29c7af5bb47ab3141f7fd02ace32,167,167,167,162,162,B_correct_to_wide_wrong,layer2_0_conv1,
fp6_e2m3,454,7a574cc2ef2693fd6385f418af5f63773b7adf8247a09613e497a2a98e4b19b3,677,50,42,39,39,wrong_to_other_wrong,conv1,
fp6_e2m3,455,7a623c7d3f573eb40e5c8a15294be7f4e3b29d91a2113fb878b1454064cf82fa,36,35,35,35,35,same,,
fp6_e2m3,456,7a868fc6fc1f178e0655c469e62922e43c76d67a392e6f91f7ffa3723fc1294b,518,518,518,518,518,same,,
fp6_e2m3,457,7aacb6a9544eaf1da0a00c8f1d1a6106dd9df9daad3721f766445c062e1f17ca,623,714,714,714,714,same,,
fp6_e2m3,458,7b472984ae4445ff49285fb0c8d8588487dabde19e2d733b4d3a0b7e1f135293,914,914,914,914,914,same,layer3_1_conv2,
fp6_e2m3,459,7beb6580c24fe40ea0d36c7ed1a0401509a0623213f088dbf47bcde0d6f68f0b,934,934,934,934,934,same,layer1_1_conv1,
fp6_e2m3,460,7bfabc829d309556e9d511abeb35e7efd131c9482d6f61ae1bd7af13c006fd49,335,335,335,335,335,same,layer3_0_conv1,
fp6_e2m3,461,7c052fc029e05cc799f5a2e69ab356309c45e3b8f5e46ee185df6255adf465fa,935,937,937,937,937,same,layer2_1_conv1,
fp6_e2m3,462,7c0a794535d5d6b287691bb9edeee39ca09c9df09b297b957ac638fea2d5f592,699,198,788,788,788,same,layer1_1_conv1,
fp6_e2m3,463,7c4ed1c6d82b814f4ad9a775eda580d3cab338092c2a7e992d222a11d827aca3,116,116,116,116,116,same,layer2_0_conv1,
fp6_e2m3,464,7c8ea855c144d3ca16dac7a33dd8e75d8a8beefcb0ba32e7459f47510c09a38f,608,608,608,608,608,same,layer3_0_conv1,
fp6_e2m3,465,7c9eae6146640c59ec8f3a6953614db4b979c8e8eee18336b8b40d59b3c308db,721,905,831,831,831,same,layer1_1_conv1,
fp6_e2m3,466,7d68283bbd7ec49db723c1ebefb9644f689b7079947ff57602b24cdf9fe9b5e7,65,65,65,65,65,same,,
fp6_e2m3,467,7db8e1242fb0149e625f4f29e96ef0312411dac05cf765be3cf835ebdeaecad0,860,637,637,637,637,same,,
fp6_e2m3,468,7dd0463be42e072a0dc584c4ce0d6a5a19aac56d271a2edd0f6735372418a730,626,626,876,954,954,wrong_to_other_wrong,layer1_0_conv2,
fp6_e2m3,469,7dd378cab87a6e7722fc3336af306919184924c4bb431eb5635909e48120e8aa,296,296,279,296,296,B_wrong_to_wide_correct,layer2_0_conv1,
fp6_e2m3,470,7e26f2be808d0fb0e5d50166af9f18262abf2ca68b37d4304d82bf29082cfe20,145,145,145,150,150,B_correct_to_wide_wrong,layer1_1_conv1,
fp6_e2m3,471,7e4be2e60e25a87929a4406bfaba5439488167fedc7cf4c568430ee799cbf980,223,223,223,223,223,same,,
fp6_e2m3,472,7e982b58fa99875cf059fb6a13ec6b12633ca92f726363470d6ed692b73ea83f,45,45,45,45,45,same,layer1_1_conv1,
fp6_e2m3,473,7f2d4c6894b3a686d51537ba96edda1de4f58041647638cfd0332c58e3ae4ebd,908,908,908,908,908,same,layer1_1_conv1,
fp6_e2m3,474,7f6341d5078d8cfbe073354fc9c2ed186d7cd8e824f66f2223f9fd8e22f09c61,77,77,77,77,77,same,,
fp6_e2m3,475,7f8936c1da70769ad386330ef4be908c44581c11d9b9e416459fbd95ced88f71,215,215,215,215,215,same,layer2_0_conv2,
fp6_e2m3,476,7fd9ca7b940941b0db6ca6fc689f57d644bb9a3895659a63b306b412b0be220c,5,5,5,5,5,same,,
fp6_e2m3,477,8030c56c7f5fb951b579f8991cdf2d220525fe741cdabae2ddb9105c570e9bba,449,449,449,449,449,same,layer2_1_conv1,
fp6_e2m3,478,8078e0416a17af6f2e821e68d33af0a2beae1fa17222682cecd1569e9d373804,120,124,124,124,124,same,layer4_0_downsample_0,
fp6_e2m3,479,808829c9b2f3d269f942649e0e7c36f6993dc34190e6d71e425a76a6f68e228d,128,128,128,128,128,same,,
fp6_e2m3,480,80f3a1075c0827ad5857b10b8cc65f6bcabecfcc421f19bec75891db8471e5c0,740,740,740,740,740,same,layer1_1_conv2,
fp6_e2m3,481,8158ae69693332d57201cc4683f5b2cc8907986c3d11a1ca18f144a7f96345e4,111,111,59,59,59,same,layer1_0_conv2,
fp6_e2m3,482,81ab17a743e300b6d1e3d4036b6e9089dbd0948c7870d6c8bde8536deda10812,180,180,180,180,180,same,,
fp6_e2m3,483,81b13914990af25dc2d6dadc79374f77633d4dccce67e71753f9cbcaefab0c5c,674,674,674,674,674,same,layer1_1_conv2,
fp6_e2m3,484,81b6278bbe90bce85f27e0d7d8d02f6ed4a3df919de501dc6e4b90d99fee6a59,704,704,704,704,704,same,,
fp6_e2m3,485,81cd0c91ad4f66be214a3cc466b2ab14753974494f086eaef20852ae7b699f05,507,626,683,683,683,same,,
fp6_e2m3,486,821d4a163e63771fa8f8b6e5348f13d2209fa91a9398ae8a835a69a64025e02a,315,311,311,311,311,same,,
fp6_e2m3,487,823b637327b1bb7f2090391f29fb6b410ffde5f417f2135b2628af452f789b8a,686,686,686,686,686,same,layer2_0_conv2,
fp6_e2m3,488,828943ff43039d65e70a288506160d9d7eafbd954d358dc2a4d47a240bff7de3,505,773,725,773,773,wrong_to_other_wrong,layer2_0_conv1,
fp6_e2m3,489,82a4aceb2525acbd2bfb7c2589328effb691419145f94bf6c2b5c8f73e0da1e7,179,243,243,243,243,same,layer1_1_conv1,
fp6_e2m3,490,8309ddbc034c7b7ec3d0a7c5f6a212ddea7778a640a8795ffa008e111a207301,317,317,317,317,317,same,layer1_0_conv2,
fp6_e2m3,491,83268cc492008214190591253ff47fa573b0c5b171904830912126e28a2b00ab,719,719,719,719,719,same,layer2_0_conv2,
fp6_e2m3,492,8351630e7af13fc7735bec1d8857166f7fc5bfe714712c215cc595c8e417eaf8,383,383,383,383,383,same,,
fp6_e2m3,493,8352a8a68f63494ee15a770f522197945ac761a5eadc453f7453029a41bda811,232,217,217,217,217,same,layer4_0_conv2,
fp6_e2m3,494,839e28e03afcd379cfd0bad416c82b1e91e26d6dc6b56033daa4bb53fbb92aec,923,933,933,415,415,wrong_to_other_wrong,layer1_1_conv1,
fp6_e2m3,495,84d4c655e0e9e0a22e8e43f387239eb4bae45b49924757fa6744503817553b10,464,683,558,558,558,same,layer4_0_conv2,
fp6_e2m3,496,84e241ee3ef29ffde5528dd99e4df9b4763830998678ee312ed7901a545ba658,717,717,717,717,717,same,,
fp6_e2m3,497,852a6f77137d76a23efababfb4d0f1e9156e31a51cf68bd127e88f7d880e59d6,494,849,849,849,849,same,layer4_1_conv1,
fp6_e2m3,498,85c08e3c18045e9f6c4fb35fef2af3ba91d29e4a456fd3dda96cf3d047b604d2,20,20,20,20,20,same,layer1_0_conv2,
fp6_e2m3,499,85d21a5fbda0a8d666d8bd467e07840d211e33b86b9604f1f539368382ce221a,725,725,441,725,725,B_wrong_to_wide_correct,,
fp6_e2m3,500,85d7124d6ac1ceafa50223e5906389a2dc3d1c53cfd1a763a94330137ff7a7e4,841,841,841,841,841,same,layer1_0_conv2,
fp6_e2m3,501,866936f6d4f04ea9e372e882ae541404d071a30902381f4657cafdbba3989137,567,567,463,458,458,wrong_to_other_wrong,layer3_1_conv1,
fp6_e2m3,502,86a471d01c629f97eaf7712596755e14d58f9e11667963faae45447dc6bb2a12,519,519,907,519,519,B_wrong_to_wide_correct,layer1_1_conv2,
fp6_e2m3,503,86e9f1040b4c54cd5ac742748e925306a61eb9f640cb8a48cd69a83b41648c9c,170,170,170,170,170,same,layer1_1_conv1,
fp6_e2m3,504,870146269e44dbc583ebbe8e7516773d3efd9052ed2bc4e2d5afdf0e7dd1ccd4,452,452,452,452,452,same,layer2_0_conv2,
fp6_e2m3,505,872b8c8b7f1d9a9e908b6a25149aa1a9b59c68ba3cd096dcb6e445f34f0f16f0,500,500,500,500,500,same,layer1_0_conv2,
fp6_e2m3,506,87bee61f1cfe7bc3761a7db514cc6494f1a345e7529c365dbbc401c030e0ab5b,552,552,552,552,552,same,,
fp6_e2m3,507,87e922a490345aa0d82fef69c06bb4b1fc62f88cb97bec78f1ac7e1b22e5c46d,155,152,155,155,155,same,layer2_0_conv1,
fp6_e2m3,508,88440dd950c45b4c954d011dbc9fdf7131fb3ffd07de16d28cbd96fcc831cc05,763,512,763,763,763,same,,
fp6_e2m3,509,88cb1e3aaa4334472c2430b1a2e411aaeefd3dcb0d30a62f44c04f6fc101a43e,23,23,23,23,23,same,layer1_1_conv2,
fp6_e2m3,510,891d5958aee0f01728f9df30a0041d9b69480ca5fb648758af6e1d81373f71c9,19,19,19,19,19,same,layer1_0_conv2,
fp6_e2m3,511,89455dc6bdd9b9f02fdb07d5731e930c215c85eb94838d185a99aaaf8540a31e,158,151,151,151,151,same,,
fp6_e2m3,512,89c0f39af705e13240005cfa390923cecd64047f1dd6c030126cdc122b1233e9,976,976,976,979,979,B_correct_to_wide_wrong,layer1_1_conv2,
fp6_e2m3,513,8a0c893397851ae44fa3f562926737475932171d99eef17d056cdaa92bdd7af6,454,824,775,824,824,wrong_to_other_wrong,layer1_1_conv1,
fp6_e2m3,514,8a0f5a4fde554752a257096290c55ba54ba19e348656615c14a02d0dd8a5743a,855,562,773,773,773,same,,
fp6_e2m3,515,8b2316127926df088d93974e44539629fdf063067ec44e579de9a977a8237016,506,703,703,703,703,same,layer1_1_conv1,
fp6_e2m3,516,8b570769746f16fcd8a041da02d6f3d83a0ce698f0cfd495d9b9416add5f65b5,25,25,25,25,25,same,layer1_0_conv2,
fp6_e2m3,517,8b8bc87d672759610c723532290817d88f8cb17417969f9690da82371523f35b,508,550,550,550,550,same,conv1,
fp6_e2m3,518,8b9f826e63f50355b1a8c36d81ea47ca1503815fccf392bcc5b19195d94b1e75,865,743,886,556,556,wrong_to_other_wrong,layer1_0_conv2,
fp6_e2m3,519,8c6cda8e646f3d588af9f6770140c1a5a6e21524118e2650ce25e6803d898552,3,3,3,3,3,same,,
fp6_e2m3,520,8ca9c403ffd8d1b977005713e1787ed5a01b9309c706949c0c3ea1d7380a1586,101,101,385,385,385,same,layer1_1_conv1,
fp6_e2m3,521,8d159da7e7f94c18fd05c24efa10f9a33efa36326890033d61305d6a263cd764,974,974,974,974,974,same,layer1_1_conv2,
fp6_e2m3,522,8d2af6106fd16494454be0fda295864ff1bc4a4e89e4b4f469a0eeef6892a959,81,81,81,81,81,same,conv1,
fp6_e2m3,523,8d6cf0a92db17bfe5550e749c288422db39674c8e236d2022e360b68e1ce32bb,297,295,295,295,295,same,,
fp6_e2m3,524,8d87433817ca24e9da8d9de9a25dbbdaebf82055bba35a0163c020efc2e25fb7,611,611,611,611,611,same,layer2_0_conv2,
fp6_e2m3,525,8dcd99fbc7a178109597565a6e68bf05a94ec8c3686fd3bb0f0c8dd5ecd15767,812,812,812,812,812,same,layer1_0_conv2,
fp6_e2m3,526,8dd74e5a74b0d39a26ad51f4a02e9366391429c8ec6fdd28803b18bffcf2ee0a,915,915,915,915,915,same,,
fp6_e2m3,527,8e38bfb99d2b98ab068f4a7f08d7ee15b1036edf83a22bf073f3b0eb57c4a632,698,698,449,449,449,same,conv1,
fp6_e2m3,528,8e63e2476a1268a7f7098556dc5fcff6439c9761b3b4748d7c9acba577442d73,499,499,499,499,499,same,layer1_1_conv2,
fp6_e2m3,529,8e7546d26282a90752cbda52dc67bce0e7594ce60d2c1a37f899aeb5a14261bf,43,43,43,43,43,same,layer2_0_conv2,
fp6_e2m3,530,8e955daf40a4f852d2fe87a51c34b8b87e4ea5f51bfa9e9332454ec33caba744,253,242,242,263,263,wrong_to_other_wrong,layer1_1_conv2,
fp6_e2m3,531,8ed637759e25e45d6a65535898e0dcaebc86cce84920c7b419b5384ae5b604bf,337,337,337,337,337,same,,
fp6_e2m3,532,8f4c081cf4276629b1f645491f675a10faf25e5f74c632f963847f1b63985300,73,73,73,73,73,same,,
fp6_e2m3,533,8f51a8b8adb9646d83a53742cf6a3cc67579cb060a04cd6912192389491ede11,304,304,304,304,304,same,,
fp6_e2m3,534,902164e1f4ad0490b2a17390b637ddea078c5a9db31f682e4f2895b4796068f2,413,413,413,413,413,same,layer1_1_conv2,
fp6_e2m3,535,903764a259ab3f6391c87f47bc21f44446212c557705e1c4b75af5471e7aac09,264,257,263,153,153,wrong_to_other_wrong,layer2_0_conv2,
fp6_e2m3,536,9055a293a4252c48a851483a7bbc4c74b64e422fd47ec7f295955075dec997fe,199,251,251,251,251,same,,
fp6_e2m3,537,90d5b6f429db55798892ff6b00a694b34e26f46177a4436333daaad0cae43448,532,762,532,532,532,same,,
fp6_e2m3,538,915a40b9624ae3bf623be4493b1b7294d1e22fedb1658859ad55cdb96321e5fb,136,136,136,136,136,same,,
fp6_e2m3,539,91cf1a8f9e0becaa49a0f3fe22d2b52291300d751e8f6c7341025daaf20f2505,683,683,683,683,683,same,layer2_0_conv1,
fp6_e2m3,540,91e8ca6eb7758d97c8facf4eba4a4772ae9f2bbba290480297a0889f97306da1,432,683,432,432,432,same,layer1_1_conv2,
fp6_e2m3,541,91eb794099866a511971c29182f47b00e9f043614328521801461154601837a7,890,890,890,890,890,same,,
fp6_e2m3,542,9227a6994863fc88b92311e539b8d00203195589e14de0c5c4b47d7f77b8e152,707,707,707,707,707,same,,
fp6_e2m3,543,9268bc3f13bcb991056c3b679330402d194a74750c67a7856ebaa5b7cbac690d,577,577,577,577,577,same,layer3_1_conv1,
fp6_e2m3,544,92a25bb643a88eb030cd641dcef9a79cf49723a1dfa9d3bd55bfa0037b555aec,926,469,469,469,469,same,,
fp6_e2m3,545,92bf7ae06cb6f8175e55e2d3ee27b9d91e67d6e40b8da4b70eae20643d0dd736,410,410,410,410,410,same,layer1_0_conv2,
fp6_e2m3,546,93911164ecb77042358cc925105a642182a481192f0084a57fc16f3cb09c5eec,538,538,538,884,884,B_correct_to_wide_wrong,layer3_0_conv2,
fp6_e2m3,547,93f90080e1c09f7b0819e74f1d93f95c919288b13d6ad129de166ce70e76a37d,524,753,753,753,753,same,layer4_0_conv2,
fp6_e2m3,548,94096e5ad5116ce6959684997d19017c097173b52f02aa1ebb5c26f210862410,415,415,415,415,415,same,layer2_1_conv1,
fp6_e2m3,549,9419c8358da45ad0b54a4c451f9e27f2ad8c52aba04c29246983164a8b347430,112,112,947,947,947,same,layer1_0_conv2,
fp6_e2m3,550,94626b5d849d262c4cb84843c8ce92ec37e4bc96a312a6c64706a546ab380317,553,553,553,553,553,same,,
fp6_e2m3,551,94adc2a9479167f4bea32cc5c61a79808fc554de881268ef63fe5c71518c73af,147,147,147,147,147,same,layer1_1_conv1,
fp6_e2m3,552,94cc40164acd016ab6c718e441bee9da22414ef84babe99338a16106ca10c525,107,107,107,107,107,same,,
fp6_e2m3,553,94e6fcb9094abd5ea636740a70c4132fe25a49b27230d7eb93a562eb462db0cd,627,627,627,627,627,same,,
fp6_e2m3,554,95060d34bc4336077860ae7a11690a6a2ac0c36a749f65e8cd726c499a0ec286,66,327,58,58,58,same,,
fp6_e2m3,555,95165785c91f74b7346e05e37d677b9a6d455874693b14bac2d003e4303a2e30,558,542,558,542,542,B_correct_to_wide_wrong,layer3_0_conv2,
fp6_e2m3,556,9567e33f3ac6b149858b4d9233956d6c650a7e4426f037781df17325a746ad4c,85,85,85,85,85,same,layer2_0_conv1,
fp6_e2m3,557,95dada2279ae3a683d48ee185fcf5800b741d67ed1553fde09dbed5696529b93,655,655,655,655,655,same,,
fp6_e2m3,558,95dfcdd2341666fb0acf471e0600873774565a3a702a4db9a56a1d64a09afe73,462,462,462,462,462,same,,
fp6_e2m3,559,9605f08e31ecfb34a232eef4299135c4c2bf5cd83fe065b32f07da01ef0907ab,765,765,765,765,765,same,layer4_0_conv1,
fp6_e2m3,560,963f6116b74e9a154e6b3f852692464d91003e683011694e22a11f6f1b0456a3,528,528,528,528,528,same,,
fp6_e2m3,561,965843deced0d7100d8a1528e3bd9f8e983257c4dc9e5819f12f587533ee886a,870,870,870,870,870,same,,
fp6_e2m3,562,96586f8cc35b0753aa163bb5de18b71e6aeca4438558ed2c381f00dc41e2cf7e,708,652,652,652,652,same,,
fp6_e2m3,563,96700c474592b31791d41028adc204c4254969878efe0b71ea2e82ec80c1f21b,807,807,807,807,807,same,,
fp6_e2m3,564,96845e8d5a2e384353bacfc8393e155130cda691f27e8cb07fb1a9b2d73c6cb3,254,254,254,254,254,same,,
fp6_e2m3,565,96ba61f52f7463d1ae9e6d214918c85e528c5b5f33facf8abd3ec81cedcdbb52,604,604,604,604,604,same,layer3_1_conv1,
fp6_e2m3,566,96f1ee7c103c1441a37187f37d51e42a8beb04463a28ca74039640d6e376fdab,747,920,788,788,788,same,layer2_0_conv1,
fp6_e2m3,567,97550482386b57c66694bc07c85d2c8dc8c99da2efd81abb8fd583f1d3cf159e,931,930,930,930,930,same,layer2_1_conv1,
fp6_e2m3,568,977fdfabdca75e3ff69d1b226cad2b81334011e2d2b368b6f2ce1b57a67b8dfe,697,903,903,903,903,same,,
fp6_e2m3,569,978a481905200315cab1a87795dbfdde3189841104379a7e03f5bb51e5004562,665,665,665,665,665,same,,
fp6_e2m3,570,97b738526386e52f74ac3a21e4f62c7a91bd2b8baa18de07ea86dc49151455ae,788,582,582,582,582,same,layer2_0_conv1,
fp6_e2m3,571,982f2716ce16c5459fe13740135866ea5e862917f751eb8a8236f17669983a97,386,101,386,385,385,B_correct_to_wide_wrong,layer1_0_conv2,
fp6_e2m3,572,9834056ff5bfdf54105a9835b975bff4d38a5de76e8c2165b2445a373e50ef54,531,530,530,531,531,B_wrong_to_wide_correct,layer1_1_conv1,
fp6_e2m3,573,983c6840ba62d1da2ac9f0895e9bd679c7dc37d278eb0053456b789aeb881d1a,992,992,992,992,992,same,layer2_0_conv2,
fp6_e2m3,574,98811878278b153c76df62bffc3c381a9a5e6a7e43e56c96a7398ef7e00c7eb8,644,644,644,644,644,same,layer1_0_conv2,
fp6_e2m3,575,99169c0982b9daf3b2cf58b9c9a78350b71b0770a8c9311997fb3a97ebc62d18,122,122,122,122,122,same,layer1_1_conv1,
fp6_e2m3,576,9940c733f3fa0b10d6e9ab0046a2192fd964596c200189c9a180f727497be798,688,688,688,688,688,same,layer1_1_conv2,
fp6_e2m3,577,9945ba3a4e179939afc30e262f12d412d5f469892f21315068c0d21033e07b68,959,424,424,424,424,same,layer2_1_conv1,
fp6_e2m3,578,99507b8b3db421aed44aaaa91844a43bbe7bb21f4e07fb4dd0844e25b918a9a5,863,863,863,863,863,same,,
fp6_e2m3,579,996720fecfccae1286074499803bf7f89fa17b91f2341a744f723f530d5e6941,886,886,886,886,886,same,layer2_0_conv1,
fp6_e2m3,580,99bebd64ab211e7cdc59946814e01983bebbe1f9575103eb8d3099cf120ccf78,250,248,248,248,248,same,layer2_0_conv2,
fp6_e2m3,581,9a144357cd2e2346a7bc5f3aa4e5d50b445be4a6186dee059dd2c46e5396e6bf,273,273,273,273,273,same,layer3_1_conv1,
fp6_e2m3,582,9ac52916ed24476e71b10a9f542e3a69f781587ab210c69176731bc07f28c90b,922,922,922,922,922,same,,
fp6_e2m3,583,9b2f93e06e54af38ffbdc2946c2f083f696eae60203f38859bd615b2544cc757,844,778,426,426,426,same,layer3_1_conv1,
fp6_e2m3,584,9b6e2c54a21ed4fff18353a405cbb9b7926ad89183f9b234de4cebe9a5ce70c4,417,417,417,417,417,same,,
fp6_e2m3,585,9ba687064665e5d408e0856d6feffa50dee64bff38c58e59175af0de0166fb45,615,615,615,615,615,same,,
fp6_e2m3,586,9ba9c6601457456a9172980cc92e473daa4a5224b80232aaf31bcfbd663b83ad,825,825,825,825,825,same,layer1_1_conv1,
fp6_e2m3,587,9bda02e571524eed1e3b4274602a8f930687a273612ad7ced264334bf30fa83b,583,583,583,583,583,same,layer4_0_downsample_0,
fp6_e2m3,588,9be179ed7cae46de942858c3d4d518bf0e7c9976e7be4e49a2236308d4bfa987,258,258,258,258,258,same,,
fp6_e2m3,589,9c06b347a415b9e9fa3e3e7521298dd2192c9cc895eac6928eac3e84a9a90a04,4,4,6,6,6,same,layer1_1_conv1,
fp6_e2m3,590,9c6355c3e69293b6f060b72a5e64b14e8a4f8cb24b211684f39e6e09a23fc211,805,805,805,805,805,same,layer1_0_conv2,
fp6_e2m3,591,9c6c4ed7f0dc697d87dd76619e6ca69093eda223548af8b98c3088e2ad1bd83d,637,637,637,637,637,same,,
fp6_e2m3,592,9c76f9425367909db989fd4d6dfa9de9f452fd249380b7ddcb5e97a33c8ee41d,338,338,338,338,338,same,layer4_0_downsample_0,
fp6_e2m3,593,9c7e68f67925dc4a8821627a211fc36eb5ef10dbf7485fd839304042d0e59811,937,937,937,937,937,same,layer1_0_conv2,
fp6_e2m3,594,9cf239bb8d4742a104938f4fd3eac224c1a481115d5eb2e5b1bd38a38ad97725,22,22,22,22,22,same,layer1_0_conv2,
fp6_e2m3,595,9cfb2800004a9656a752db72eee57718d3bbca8e84b64cf0ba1c62ed5135fcf0,420,617,457,457,457,same,layer1_0_conv2,
fp6_e2m3,596,9d29a621b49ee1b9e4b465ea4ca1013e2673dfdeb6363be0b4790c9249f98436,457,918,918,918,918,same,layer2_0_conv1,
fp6_e2m3,597,9d2ebe351a7a77d9890480951062954cb7037259316676574eb645586b71700b,74,74,74,74,74,same,layer2_1_conv1,
fp6_e2m3,598,9e2de102f933198e153eeb8408db78df611ab4ccea976a2522bf9c86a1d21ab8,783,783,783,783,783,same,,
fp6_e2m3,599,9ea35dc15cfe9d36c51bc528e71cd26bf7d993d8043a9965c97a7370f9dcecb9,303,303,303,303,303,same,layer2_0_conv1,
fp6_e2m3,600,9ee283497c47f6dc131210aa4837eca6b20633df1fd67cc201de2a7ead2cb257,733,144,144,144,144,same,layer4_0_downsample_0,
fp6_e2m3,601,9eebf723cc8c6f337a0e746b716f127a1979fa633c48257390da5f9737e9fcb7,694,694,694,694,694,same,layer1_1_conv2,
fp6_e2m3,602,9ef8359eb21152d2631c7707eeaca872d305d89aed7bf6e8e19d6959d2621df6,775,775,775,775,775,same,layer2_0_conv2,
fp6_e2m3,603,9efa6834e2bcd74b11cad29d976c883e8c57875bfb0f36de763ec3c945085473,502,816,816,816,816,same,,
fp6_e2m3,604,9f100b33427e96dbd65ef4b1912f935aed6c4b960fa809288f537dc76f09a4f3,628,628,628,628,628,same,layer2_0_conv2,
fp6_e2m3,605,9f2647cde7c23e07befcb072e5fa8fa8a5ac014d5317ba38ae3378e5662c13f8,503,828,686,828,828,wrong_to_other_wrong,layer1_0_conv2,
fp6_e2m3,606,9f7ec9f94c1f999b136913fe80e96972f9ce46f54a733bb343e2c38a0c8ce694,906,834,834,834,834,same,layer2_0_conv2,
fp6_e2m3,607,9f80a677e95b6f09e973c74539845c5395cbcd07abada7762eb741b506400148,936,936,936,936,936,same,layer1_1_conv1,
fp6_e2m3,608,9ff5fb54ce93d5693faa04e78ec68f52de6567aa70d0ef001069f74064d0ac4b,991,991,991,991,991,same,layer1_0_conv2,
fp6_e2m3,609,a0407691facc23c17f53677eeaf0b5470f1630dfea9e3259256ca717932f1d4b,804,731,731,731,731,same,,
fp6_e2m3,610,a0b895ae8f6946e226965d08365d2f021f40072ba92c89455c987f3ac99f1fa7,840,666,965,965,965,same,,
fp6_e2m3,611,a1679a09bacdd196a7d354b91c72b3f17035005f41dde4f1afaeae6af7581fe8,184,226,226,226,226,same,,
fp6_e2m3,612,a17dbfac062850a9f133137d6967a65fd5981795b12dd9d4d853f51b2705d78f,398,398,398,398,398,same,,
fp6_e2m3,613,a28b713db926880c0259c35fbcccfc48c00624a56016d273604be7bb1bb400f1,99,99,99,99,99,same,layer2_1_conv1,
fp6_e2m3,614,a29152971d7ab515beba09b58b2fae96ecdae3d0f7b7d725c78519293d6f204e,851,916,837,837,837,same,layer2_0_conv2,
fp6_e2m3,615,a2cfc90049d18a0971f41c124e0279428159fb5f51adad2f27143a6227edb5df,795,795,795,795,795,same,layer1_0_conv2,
fp6_e2m3,616,a521add6b21ac556e88d9f023a9ea02397f77ec5b44fae5ba6c3e91364d66061,784,784,784,784,784,same,layer2_0_conv1,
fp6_e2m3,617,a57d9e2ed2dfe19874739ce5fc67d8b22e8711993a175ec0bf61367f84857fa0,752,752,752,752,752,same,,
fp6_e2m3,618,a5bb90c266da3c17b15467cc87561126047e034e16a9f397cadc143bb00f49c8,160,160,160,160,160,same,layer1_0_conv2,
fp6_e2m3,619,a5f1cba12002a925076d4e48825141c2ecf258775bc4aedd4e2fb7155beda1f4,878,878,878,878,878,same,conv1,
fp6_e2m3,620,a63b0d66bd1c436692bf07f24956e05fa7e881cd431318e6ec0cc2d2a186fd7c,927,927,927,927,927,same,,
fp6_e2m3,621,a673ff71815f22f07bb7e759d7772bafeadfe985e3765c99024c635de831df34,197,197,197,197,197,same,layer4_1_conv1,
fp6_e2m3,622,a67b2b207bc62fef2e9fdb7e2e23f3f322cb68f4b3b50c03bf2d7053d836f5bc,473,499,813,813,813,same,layer2_0_conv1,
fp6_e2m3,623,a6d1585f9fab1bb5ec956a8847ae04689299db67e6e84834c8859a8383307c45,561,561,561,561,561,same,layer3_1_conv1,
fp6_e2m3,624,a70927b8b214fb89ddbb3dc5f9fc15a3d424f6b7113c81b477329b5652ad42e5,663,500,500,500,500,same,,
fp6_e2m3,625,a71dcba718c18aff40d686c7143bae4e4ae7883662fea03951ab4763e1808853,579,579,579,579,579,same,conv1,
fp6_e2m3,626,a742fa29fb6a576861c398b07ae388d2fe637f7360ad4fef316fc65c7819ba02,443,443,443,443,443,same,layer2_1_conv1,
fp6_e2m3,627,a7938412e987c7a4190c3d2d9351ec18637d1b38ac204866907413cd719b17c1,267,267,206,206,206,same,layer2_1_conv1,
fp6_e2m3,628,a7a9ea53c6f67fc27d18d7559d9d00cee86aa3d860e7cd7e12da78d8d3fc2ee0,916,916,916,916,916,same,layer1_1_conv2,
fp6_e2m3,629,a7ee4fdaaa55d683f341644ceee83c9177f067ef143ecaaf289dbe09c67b5fa2,714,714,942,942,942,same,,
fp6_e2m3,630,a8248a141a28caf6908543acfd38fe2d374d0fda133685d70a04bb73f42d6bcd,149,149,3,149,149,B_wrong_to_wide_correct,layer2_0_conv2,
fp6_e2m3,631,a82eaea6979bbdc7c7f2ac7858b6b9a13b44e08da9c4b37b182e84e97be7c7a9,630,630,630,630,630,same,layer1_0_conv2,
fp6_e2m3,632,a84095ef668903fa9dd548c7f9cf733c7a5c62ed3cd5286899af4ab991a33542,49,344,344,49,49,B_wrong_to_wide_correct,layer1_1_conv1,
fp6_e2m3,633,a874842b304a6fbbbd5abe9c4a5cd8194b5e013da1908d3cb15c9066a425816b,857,857,765,765,765,same,,
fp6_e2m3,634,a8843f64af1109c9baa78fe9ac2fbe5e497c46a026c5f1d87942158721b89733,756,427,427,756,756,B_wrong_to_wide_correct,layer2_0_conv2,
fp6_e2m3,635,a8897ab52d4c712ae41199ee6445660c7f01b7dd2eec20e4e48e6abfe5786ba0,800,800,800,800,800,same,layer1_1_conv1,
fp6_e2m3,636,a980ab8ab39190226829d90edd01554346330a453d8ac20a4b5c36156e05226f,414,414,414,414,414,same,layer1_0_conv2,
fp6_e2m3,637,a99daca2615d8b87c2bfa2580a44a9ec309085a571c82ebbd03fddc221e0ee33,305,305,305,305,305,same,,
fp6_e2m3,638,a9a5f4c13e86213aa032d8ea6f4fdb4b9cbd54d7cc14686543a2a313708825ff,211,211,211,211,211,same,,
fp6_e2m3,639,a9f031f0566de84998e65a19a7e9972bec35f07e7e0138aadd6e063d24a6c4e1,695,695,695,695,695,same,,
fp6_e2m3,640,aa174db8dbf6f047db4adfc1a2c7dd2d3fec55b1e55113432aa35289d8221814,419,419,971,552,552,wrong_to_other_wrong,,
fp6_e2m3,641,aa22467b6ca51c196d30b0e26f5688d377405025dbc4532a183264c13487883a,294,294,294,294,294,same,layer2_0_conv1,
fp6_e2m3,642,aa3f7b66f4a15f3fecf6cfbcd8f8f2d3c1148f0d08b7ecfb1e5df9182c0cd858,340,340,340,340,340,same,,
fp6_e2m3,643,aa49774b123f6997e58e86be848d6d4475991c07c13460c2cd684c970cefd896,125,125,125,125,125,same,,
fp6_e2m3,644,aa591f69b93e3df51f2a5797867cf82cac413e1b13b44bec0440d6b4b1bf5a63,370,370,370,370,370,same,layer1_1_conv1,
fp6_e2m3,645,aabb548742850dabb9ec4e05eca865f9bbbf4403365a087d8c2d94b9b5c9290d,293,293,293,293,293,same,layer2_0_conv1,
fp6_e2m3,646,aabf05ee226e7e25b8a1fc19558481135f18989edd2ab7550a4ae10ba1272b00,411,501,689,601,601,wrong_to_other_wrong,layer1_1_conv1,
fp6_e2m3,647,ab048494eaa8af9c8c8e8ec5bdd9daeecbfa0b0ce3085f788680720e186b5db0,61,61,61,61,61,same,layer1_1_conv2,
fp6_e2m3,648,ab0ae6dc3736ec243b78321f7e485275f4d707622cb2bc9d9bebb2302449cd25,672,672,672,672,672,same,layer4_0_conv1,
fp6_e2m3,649,ab46b09f38e8550d7566b48dd9dc059632855da4714ceb00963f3f094f711acc,962,962,962,962,962,same,layer3_0_conv1,
fp6_e2m3,650,ab53bed4c0fbccf674777e8e90de073b0a7aa0ccde9598fc08ece99ec861edd5,143,143,143,143,143,same,layer1_1_conv1,
fp6_e2m3,651,ab6c26f870df9a81be71b6b1bb26d120b120388139fafa21a2b0084da1f0bae7,384,384,384,384,384,same,layer1_0_conv2,
fp6_e2m3,652,abe9f59fad20395e5202d2307dfe1a16b041e8d481d2ca700f5b2722b9ca52dd,115,115,115,115,115,same,layer1_1_conv1,
fp6_e2m3,653,abf599a09df586271143b458fdd302f0c7fb2fef6336fceed1289fbb65cba035,97,97,97,97,97,same,layer1_0_conv2,
fp6_e2m3,654,ac5f6d544ae2fffae822929b77f9340b75148938421fa20267a04907be3aea2e,904,475,904,904,904,same,,
fp6_e2m3,655,ac932fd24859b1ec590fdca55e07724da2a2777ac4d8b400fecbc8fd7c1d4677,773,773,773,773,773,same,layer1_1_conv1,
fp6_e2m3,656,acb019ed3f24a2168fdb01400bcf2565eac91b93bbc86542bf1dda9cbffb1b14,511,511,511,511,511,same,layer3_0_conv1,
fp6_e2m3,657,ad16ea746a4ed995070f069d5422b77fafc8fc432d1b7ec60ee4d8767f283fb8,555,569,569,569,569,same,layer1_1_conv1,
fp6_e2m3,658,adab6228cee272fae7c3a6df7b7453bcbecab6b47c92dacb9705ccdf8322bb79,938,938,938,938,938,same,layer2_0_conv2,
fp6_e2m3,659,adc7e9fecdcaf0863f5a01feea02db2259b2ddf41e6e6742af16a1c1577062d1,175,175,194,194,194,same,,
fp6_e2m3,660,adeedbde80bafa45a96dbc2068a18250ab780165dcd4a08f7f8e1d893fef9e78,856,856,856,856,856,same,,
fp6_e2m3,661,ae21430f0ea504545eaae276e1789975966b0a673be2d7a4644761f7d59792f4,980,980,970,970,970,same,,
fp6_e2m3,662,ae676649bdb6a52cffc608e085243f3fd5858a1be629c80432f010100d1e7c8d,848,598,548,548,548,same,,
fp6_e2m3,663,ae7277005c6cd04d2c48523aaef945fdecdd97a19dadc0cf1f42ac92d3e353bc,259,259,259,259,259,same,layer1_1_conv2,
fp6_e2m3,664,aea80725ebd506620d5b763b72efe761729347aff04a1ace198152b5f51ff9e3,148,148,148,148,148,same,,
fp6_e2m3,665,aeb1959b1971d3a62984d4e56519a01bb97fe422fda042c4d1161b783eee5290,668,668,668,668,668,same,,
fp6_e2m3,666,aec81f462598d18d270f1045063f2be3c9cd99dacc0cf58d57229987340352f0,14,14,14,14,14,same,layer1_1_conv1,
fp6_e2m3,667,af7eb45e793506d4507d43752f25985bc435b8196df8edfe02f42d1265e81aba,237,238,238,238,238,same,layer4_1_conv2,
fp6_e2m3,668,afbe8899a09e5e88f3af4a18ac90e23744da60ebe6cf5f8dd79cd5a254d92dfb,285,284,203,203,203,same,layer1_0_conv2,
fp6_e2m3,669,aff6790b726f938425a3a950c9ccb29ff2488b66fa7c585dc7787aaf0dcfd170,780,536,536,536,536,same,layer1_1_conv2,
fp6_e2m3,670,b00efe718e03aeb26f54440f1c8f9e99d59ef98025fae1072978b4383e2e950b,737,737,737,737,737,same,layer1_0_conv2,
fp6_e2m3,671,b015656111110e10335cc59e1204c579343e7b76e202960fd5ba50435eb6c62f,268,268,268,268,268,same,,
fp6_e2m3,672,b05a6e51069b6881f946cf6f7e2efc3767e92964cf15339f9f86923ca20bae09,466,466,466,466,466,same,layer1_0_conv2,
fp6_e2m3,673,b0992bbf8c3edfea78204dd3b2c11673083da67e7d3f1989f59dfd260f8e6785,117,115,397,397,397,same,,
fp6_e2m3,674,b09e24ed7629cf71b0423d2b03c6a2e0c67822c8768157975b65c899e05d1ee0,248,248,248,248,248,same,layer1_1_conv1,
fp6_e2m3,675,b0f922f9f9a69364e647d5ad3387c786a6414d2578a9a6b90640ddedd8e3bd4d,829,920,920,920,920,same,layer2_0_conv2,
fp6_e2m3,676,b156fec105bd2152bdf335548c460927ae960bea68223f82fabf1810e4f366c0,822,822,843,843,843,same,,
fp6_e2m3,677,b1afba350358cdfed62566bb3d122a5ad0ce3bf684f1a575d9d211cafc52b21d,839,718,718,718,718,same,,
fp6_e2m3,678,b1d8cef67acb401737d1055b90ace83fb49c246f4806fa903e154e256971f0f4,705,705,705,705,705,same,layer2_0_conv2,
fp6_e2m3,679,b221953c40ee5ad9ffde867acf91d5a36f2465d37e952d89255bb5325c783e68,876,876,794,794,794,same,,
fp6_e2m3,680,b24c6fdf6a8028986d1d7d63dee28a8498b8c4441a2dfcfb811e096428c6650b,318,318,318,318,318,same,layer1_1_conv2,
fp6_e2m3,681,b24fead74e3190abf74c624e8dbb687d696c62385215f753b6a20c6136f3398d,244,244,244,244,244,same,layer2_0_conv2,
fp6_e2m3,682,b27de86b922667e66dd7391c0d173ff01ccf03c3da47c5432b8c6404d2ab2240,968,504,504,504,504,same,layer2_0_conv2,
fp6_e2m3,683,b2d213c7aa6862815610aa1b60fd9d6b9afb55060b3f268b4d0205bbbdfd2bb5,515,515,515,515,515,same,,
fp6_e2m3,684,b31092d8733804745704855f43aa2bd12ff0a25642c07c8a6b4713453dd6c608,877,877,877,877,877,same,layer2_0_conv2,
fp6_e2m3,685,b3c636edc2cf80df7181f1e784059caa1c30fae64189d518dd3e5cd1cf16512a,743,486,743,743,743,same,layer4_0_conv1,
fp6_e2m3,686,b422c0ebe628ccb27d1656cc161383643abc1b6920fd08c4f23df8367c703421,409,688,688,688,688,same,layer1_0_conv2,
fp6_e2m3,687,b45035af34d38d342d36ac26c6402574edcfe392fba81da7ddad8539fa358a00,322,322,322,322,322,same,layer2_0_conv2,
fp6_e2m3,688,b4707244dad2efe330b0e255c28cb7abea880e1c705417ec4d557eff103d62ec,324,324,324,324,324,same,layer2_0_conv2,
fp6_e2m3,689,b4742967236aaeda15b4f77f3b6be88dedd969f393d30f381f75bd7ec39e2680,299,299,298,298,298,same,,
fp6_e2m3,690,b5156ccf76370b64a56e803a39a584b76ca30244692018dd3026fe19598901a0,681,742,831,831,831,same,layer1_1_conv1,
fp6_e2m3,691,b5295359cb7978446c924e192077d93fc14efbe3d8b48e0bdbace925b6d54334,620,681,681,681,681,same,,
fp6_e2m3,692,b52c2586d64418fd399d22e5dacc8e7d224e356525e008cee35aff5ab086e528,781,781,781,781,781,same,,
fp6_e2m3,693,b531c76dc29b789e94a670bc6eae357f0d288e583629f956416aba3faa9ca82d,450,450,652,652,652,same,,
fp6_e2m3,694,b575aa98a0f5e441ceda1ba2782a6700f2868557f92e1dc28cce55d18eaeb882,964,933,933,933,933,same,layer1_0_conv2,
fp6_e2m3,695,b5b674d7d970d9241064b9dacadf389c5d72b890607c3552d1aa70e0041fd166,257,257,257,222,222,B_correct_to_wide_wrong,layer1_1_conv2,
fp6_e2m3,696,b5f1b206a5cdd9aae82890fdccfafd3be38fa908d81ec9f78f27beafa22e6e2e,510,510,510,510,510,same,,
fp6_e2m3,697,b693f3fcd18459f90254e3286ed6148680b96e4f21f13b63d7425ff076f2d120,200,200,202,200,200,B_wrong_to_wide_correct,layer3_1_conv1,
fp6_e2m3,698,b6a9d413f90ba96ade069ff53525f32dc478167876d11bba1c9a21ca9912f0ce,806,806,806,806,806,same,layer2_0_conv1,
fp6_e2m3,699,b710791f3b97b84d2443f19abd3d9b2a77fc56ba67e7d9d086fc0ce8667b1ab6,776,875,523,523,523,same,layer1_1_conv2,
fp6_e2m3,700,b73c2032356a7556da6e0e9f1a043d2c6fd3a72e16d9a36bd8039a5c16705e71,722,722,722,722,722,same,layer1_0_conv2,
fp6_e2m3,701,b747a9579be82dfe5e44cbfa27fa3684718ba11493110981a6ceab15bb63d94d,407,407,407,407,407,same,layer2_0_conv1,
fp6_e2m3,702,b7d8e08a197c7fc426c5fd5cc5bae2ad727add93faf5003d1e3c6195b45db80c,435,672,609,412,412,wrong_to_other_wrong,,
fp6_e2m3,703,b82948079d190574ba06823bd6c0dff882f79e349603839d3d7ea1ad383267ab,277,278,278,280,280,wrong_to_other_wrong,,
fp6_e2m3,704,b86f446570ce77e78ea9fea03c804972e99a1a63477aff1999a832a5f2aaee0f,446,563,563,798,798,wrong_to_other_wrong,,
fp6_e2m3,705,b93599620b55cf6e0debe570dcd8fc95f9830b0d36f6daf9ebeb3ea82a8475b2,195,195,195,195,195,same,,
fp6_e2m3,706,ba339e666598b958709da2bab149f16584247470dedb4f9b77d98ec09798bffd,286,286,286,286,286,same,layer4_1_conv1,
fp6_e2m3,707,ba9bcc90545ffd610df67079a15b5961873869dac41fe7bf75ccb333d81c16d6,569,609,609,609,609,same,layer2_0_conv2,
fp6_e2m3,708,bac4e1d704d07927f6fbd53194da9d779353f4fab3975a41d6582dae515e0715,91,91,91,91,91,same,layer1_1_conv1,
fp6_e2m3,709,bb1e33da1383239832b78ed14b8806bb77ad3f194ed14abf4ef5207a4fe6807e,764,870,870,670,670,wrong_to_other_wrong,layer1_1_conv2,
fp6_e2m3,710,bb3a6a614ca126e6d53b5044d26a6a581a9cd3264006fa67dc2faeeb3b54e20b,758,758,758,758,758,same,,
fp6_e2m3,711,bbb520829054ed4fa0c2c03e0f987eeed31adec3aba904b4b1a4266b46af49a5,547,547,547,547,547,same,conv1,
fp6_e2m3,712,bbc20597e86b0008da3599c16adf03802942ee38b679a1156024b0d6f6b3364f,202,202,184,184,184,same,layer4_0_conv1,
fp6_e2m3,713,bbde727217851d3b2c80715c484df33e4bf6279562ff7aa2ea2a52ff2c7ceb1e,288,288,288,288,288,same,,
fp6_e2m3,714,bc1899d3c64c1a749ff992334ac2cc5e21cb1ec4a36cfe090317941587a824f6,664,548,548,548,548,same,conv1,
fp6_e2m3,715,bc3f678987838b8a768129994f461435bdeb2b98f7dc85080271fc9fe48f230a,777,696,696,696,696,same,layer1_1_conv1,
fp6_e2m3,716,bcf94260369f4fa819c7b782c9beb7cc819eaa760f9a593df7233dd23651944b,62,61,61,61,61,same,layer4_1_conv1,
fp6_e2m3,717,bd1c56047e31dd3c3848784f5e5bd981850565eb507b9ea535752b91f1df026a,423,423,423,423,423,same,layer2_0_conv2,
fp6_e2m3,718,bd738effd5085b4830fd32bb1e76d475762bb4841e855f7d281bb163509caf4d,281,285,285,281,281,B_wrong_to_wide_correct,layer1_1_conv2,
fp6_e2m3,719,bd99dd886483bba066d7b584eea9f03b55cef27b304990880d415e1e6d8fd04d,79,52,52,52,52,same,layer2_0_conv2,
fp6_e2m3,720,be0c20ed2a590e4621d2aefda53e48429f1757d1ea68070b85a8a7aae71e879a,126,126,126,126,126,same,,
fp6_e2m3,721,be377ca3d55162df021a069f92e07abde713f631141715875b9c9ea0c59cc5ee,428,428,428,428,428,same,layer2_0_conv2,
fp6_e2m3,722,be90c94f8a18985fb534a222350ff775958c5a90de1fbdc46852b00a228a6590,720,506,149,149,149,same,layer2_0_conv2,
fp6_e2m3,723,bf4faed027cdf9b81cdaf94f8ceb4c23008b29d9f80dc26af53d1532e47e5a98,946,946,946,946,946,same,layer1_1_conv1,
fp6_e2m3,724,bf80ae968d4609d2470176004daa79611052b56f20ed7286bbc2753cb1cb3a27,995,995,995,995,995,same,,
fp6_e2m3,725,bf9137f32f9559eec7c8e523e3abbbd676bcde6a743d6e5d45870db20291edcf,950,950,950,950,950,same,,
fp6_e2m3,726,bfc3bbae1852fbbf60fa563138bd2b3e12b0f0104a49366fb1e58b92a1b028ac,95,95,95,95,95,same,,
fp6_e2m3,727,c03cb668c7264016bdfddb8bd064b047233c57becf7c007876b5b4d9498b116d,429,429,429,429,429,same,,
fp6_e2m3,728,c1fc1e85ce8ea897104ebdce7e7bfb1370bbafa7278aa44975a25264a564f0cc,748,636,636,636,636,same,layer2_0_conv1,
fp6_e2m3,729,c23f7098008ea783f5e2986dc8baf1fe862815fd289ac960c721896dd6cc0a7f,610,610,610,610,610,same,,
fp6_e2m3,730,c2a02ffb74665a685aa81b350ec653504791c3d9a5d7eaa7e86898aeb50a1191,6,5,6,6,6,same,,
fp6_e2m3,731,c2b06e6e58226b7f28556921c502216444bd8890929794f854f76249fadac4f5,619,619,619,619,619,same,,
fp6_e2m3,732,c2bb5c6b89bffea91ea492a3989cb1127976047efdc73a4f17b586ffea55dded,161,161,161,161,161,same,,
fp6_e2m3,733,c35c97c02d0966c776eb4d029e80fc3833b39cdb47e55fafb94b2ea4f8c03136,341,342,372,372,372,same,,
fp6_e2m3,734,c35ee48c3aa83cee99a41231a5a082266722ce5dc8b02000097c01913c35e64f,240,239,217,217,217,same,,
fp6_e2m3,735,c387165d049b137d57e89884b544f21a16aa6d55ea33830fb217a5b84f0c683c,551,551,551,551,551,same,layer1_1_conv1,
fp6_e2m3,736,c40e3d7e347144b5cbdd2af1347a40dd518e55d44b6465c91b3061ea4ce16c63,556,904,915,556,556,B_wrong_to_wide_correct,layer2_0_conv2,
fp6_e2m3,737,c442acfcda7eec3715034b7cc6f97f39bc304ac50e029a037f38b50e2bca5fcf,584,767,749,728,728,wrong_to_other_wrong,,
fp6_e2m3,738,c4c0cee984464c2281eda2e1be8bf3268834582044d9ef64f7c0cc66ec2b4f06,581,581,581,581,581,same,,
fp6_e2m3,739,c4e53af624c80bfb2eb312f6a7c7a14e05d985c8f31911b922e0fcdeae129a8a,329,51,35,35,35,same,layer3_1_conv1,
fp6_e2m3,740,c4f1ae901812c86e91799ca8b35c0b3f03b1431f5a16f24091302b481a800263,2,2,3,5,5,wrong_to_other_wrong,layer1_1_conv1,
fp6_e2m3,741,c4f7d195c34e8cd3393bbf592c8af67145ded81ccd13952f4df298c7bc6d1f86,64,448,288,288,288,same,layer2_1_conv1,
fp6_e2m3,742,c5214bb0a239bab6d0cb087c02191543279faded4d885a8f83283ab14b377f79,539,539,539,539,539,same,layer2_0_conv1,
fp6_e2m3,743,c5518c60f28ca681bd94a17052125cb7e9ca0d9e926b0dee2146dc28bc4f308d,373,373,373,373,373,same,,
fp6_e2m3,744,c5524d5acf0665328260b736aa02392992d91b0938b3157d80d804c032c32994,802,802,802,802,802,same,layer3_1_conv1,
fp6_e2m3,745,c5846cd29b03736cad87772690cabf044d6dd842537fc531d25972b38e0c20d2,172,172,171,171,171,same,layer2_0_conv1,
fp6_e2m3,746,c63e2901b42179f5ff1f8a7267e8266e428ee147257c493385350b3bdb95400a,898,898,898,898,898,same,layer1_1_conv2,
fp6_e2m3,747,c65fb5cc6e3ed24f4318ae1e1d0173b531d3268ff3f9d8b221eea94c50154bb4,568,568,76,568,568,B_wrong_to_wide_correct,layer2_0_conv2,
fp6_e2m3,748,c689a4c94455a9ac8799f55a994bda1124311d17dfc8512bd398a21619ff7d77,951,951,951,951,951,same,layer3_0_conv2,
fp6_e2m3,749,c6e59e084d27fbe4b39ffbf8cc2ab0bcf9f2bec70637e6e43bd2e025c32a2d5d,867,867,867,867,867,same,layer1_0_conv2,
fp6_e2m3,750,c73f2079bc36d37a3094bead8eb5e23b36fc07861ce4ad6bb17b43f0b532b928,173,171,273,171,171,wrong_to_other_wrong,layer1_0_conv2,
fp6_e2m3,751,c75f79b1e50c66e339cf8e79a28a2be1c5db1ab0217434db1dd02595b5bfa993,533,533,533,533,533,same,layer1_1_conv1,
fp6_e2m3,752,c775292bc70be9fabcaaf1defde022644fe0569048b7f1a5f1ebbe713277b59a,44,84,84,84,84,same,layer1_1_conv1,
fp6_e2m3,753,c7a97752fbabfbff5973f13cffd3eeff45bccb71473e38caafeb293597c037f4,850,850,850,850,850,same,,
fp6_e2m3,754,c816ceebd717dc8d5f1c3fd8eadffc8110ba824d2ecad4b3fed80ae76990da10,193,186,186,193,193,B_wrong_to_wide_correct,layer2_0_conv1,
fp6_e2m3,755,c87caaa517196862ce760e2880f0ccd4b07312ee201208deb61665150975c81c,978,646,646,646,646,same,,
fp6_e2m3,756,c89a2552222b383d550497e4f6efcb0d199f8d4bbd48688444cc0cc7f83230f5,221,221,221,221,221,same,,
fp6_e2m3,757,c996061d8e5bd5143a1d32eba31d87a75dd3f2c3d5322874c84f62f15a1bebbb,823,823,541,891,891,wrong_to_other_wrong,layer1_0_conv2,
fp6_e2m3,758,c9e9c5337ebda8e494c5e7d0b8601f8162892c97851776a3e243b1683bb25b0f,495,495,495,495,495,same,layer1_0_conv2,
fp6_e2m3,759,ca30acd87be787accefa0620fef7807923786a5b491561640329405c3341b521,736,736,722,736,736,B_wrong_to_wide_correct,layer3_1_conv2,
fp6_e2m3,760,caef2b17ba674e60da1f2504e054a5852464b9beea9e22767534bcf762f4ce30,918,918,918,918,918,same,layer2_0_conv2,
fp6_e2m3,761,cb2a9d8adefd39882728dd89d3f9800ab37eeed31576fecb94bf07fce8faabec,907,440,563,563,563,same,,
fp6_e2m3,762,cb2abd3aeb228c56d853faa1d92c2075c9f4d62e052637db55af05bb79139d64,7,7,7,7,7,same,layer2_0_conv1,
fp6_e2m3,763,cb4a2dc3582b144151ac8938b18e4941957aa334c02713cf8afb40678e7475de,809,925,925,809,809,B_wrong_to_wide_correct,,
fp6_e2m3,764,cb614cf7f50a2c31bcd8c89a4f50d40da7a05db8c06778cd63b86be7a736e903,895,895,895,895,895,same,layer2_0_conv1,
fp6_e2m3,765,cb8eb8d49998962b11caa2891096ac340321aeda3894ba0b57b9b74cb10b5f4a,349,349,349,348,348,B_correct_to_wide_wrong,layer4_0_conv1,
fp6_e2m3,766,cba1f0788aafefe7d3d901cf66266f79261e5ec2ecbc5ff2a177c2ceb3e65915,1,467,1,1,1,same,layer2_1_conv1,
fp6_e2m3,767,cbcc5767f2be2a836766ca3346310b40039e94d9623e96ae4144e8091b444b1f,226,226,226,226,226,same,layer3_0_conv2,
fp6_e2m3,768,cc253397d5e58cb45217c098d64013a468457c7a40b7d67c0db2af47448fecd0,219,219,219,219,219,same,,
fp6_e2m3,769,cc5ed4912923fb36c2c78a7dcf630e34c04a6106935e0a91a56f41cec2046686,647,441,441,441,441,same,layer3_1_conv2,
fp6_e2m3,770,cc69682153540088869bb9a5393741ec7b1ecbc79335c45790ccd886d8c54973,724,536,724,724,724,same,layer3_0_conv1,
fp6_e2m3,771,cc759160d6002dec52cab1a218b3fbc53680496d4a48918467ee1190fd48c9ee,742,713,713,713,713,same,,
fp6_e2m3,772,ccc9690753eb087a90376f39d6ab05cfed73576fe07d4db74d8bc7822f98363c,859,859,859,859,859,same,layer1_0_conv2,
fp6_e2m3,773,cd0512593c1b6aa0f2efbd4e6d1173cd7f64e66a3bc29b020dba4dc6d10c22e1,181,181,181,181,181,same,layer2_1_conv1,
fp6_e2m3,774,cdbf29bc6ae0e014db4a6f8e67496cf262d0df820fde5967474b283f5d6a5f06,110,110,110,110,110,same,layer2_0_conv1,
fp6_e2m3,775,ce2c8871016a3e17efac00464b250f0ac47880d333dd9785caffd3865f2bbecc,37,37,37,37,37,same,layer2_0_conv2,
fp6_e2m3,776,ce492ec626aa67dd15b863dd7cde55e5af20d74b632e1e9a8cb3ab6b37ff1fb0,431,431,431,431,431,same,layer1_0_conv2,
fp6_e2m3,777,ce803afa8f7b9e3506b2a1132c3bef25e432d4768b8571e78aaaa798e01715cc,573,573,573,573,573,same,layer1_1_conv1,
fp6_e2m3,778,ceec27906e9fcdfa8ee7c04c618232c4501f5c1b69d6b2a8268274f6f031b1d7,652,586,847,586,586,wrong_to_other_wrong,,
fp6_e2m3,779,cf2662aa25ea94045f0d551d8263b260f866976e3463ff9a2eba607462f3612d,671,671,671,671,671,same,,
fp6_e2m3,780,cf67196b8d6c88f29371c2d00723efdd54b465317281bf0b40f8cbbe1e2fd0d1,229,229,229,229,229,same,layer3_0_conv1,
fp6_e2m3,781,cf7a2d601f79a01e98917319e0f82e5ba705cfd5242448eda1c075bab98f2f66,394,394,394,394,394,same,conv1,
fp6_e2m3,782,cf7b232eba148cbac196f4864e98c5db4fc15247b1b1baba0d6a0ee3e94222ff,426,426,426,426,426,same,layer1_0_conv2,
fp6_e2m3,783,cfcc246a9e0ca9f21e8317cfbc964e61dad015975af0e0cfbe1a52b097d10024,887,399,399,399,399,same,,
fp6_e2m3,784,d05833770e516f8a2b5a42a8627a65271018452950f70dcfe23fbd10df20a7ef,700,700,285,281,281,wrong_to_other_wrong,layer2_0_conv2,
fp6_e2m3,785,d0601fa3b95eaa2e32f2e1915efcab1e72931ab1e3e7f1c4fdacb4fe1a383de0,793,793,903,903,903,same,layer2_0_conv2,
fp6_e2m3,786,d06a43cc58d84df70a70652705593e31df07884d17153eb4315586bbb2dc1789,654,654,757,757,757,same,layer2_0_conv1,
fp6_e2m3,787,d09ac1887733e16bb2e43ca7068256f86895353e793075f7f22d566c39569a43,151,151,151,151,151,same,layer1_1_conv2,
fp6_e2m3,788,d0aeb63b0c2c61c238b44e5319d1ce36d3f9886d8e722c7c2c3ef376284f3518,169,222,169,169,169,same,layer1_1_conv2,
fp6_e2m3,789,d0beda73ab545f7e54a1a0e2d5bc31a86f68cee44969c01bb54028029daef70e,845,901,901,901,901,same,,
fp6_e2m3,790,d26d69ae656932a5c23d46f51a2cf8217a82f930793b865ff926777401084684,987,987,987,998,998,B_correct_to_wide_wrong,layer1_1_conv1,
fp6_e2m3,791,d2b3b826dda5b45d1aeaf5102aa078dbf8222775f5afee657fdaa53183436e3c,702,523,523,523,523,same,,
fp6_e2m3,792,d2c1e1204ed46f01e7f6ff59640132d834c68917534a4a9c3bf8b82a44f154ac,718,525,718,718,718,same,layer2_0_conv2,
fp6_e2m3,793,d2fef0c2b41b5f50ad327135d266038acafc1f612c5fa06b16af4c0c4f29288b,444,444,444,444,444,same,layer3_0_conv1,
fp6_e2m3,794,d31646fbbb8e02507cdea0927445d0aedc0efd33ae923c57054628bdf988b8de,920,920,920,920,920,same,,
fp6_e2m3,795,d330768ced5e29d60de5183d650b0e68c82c1b0778657d3ce3c267bfa5b08939,261,261,261,261,261,same,layer2_1_conv1,
fp6_e2m3,796,d41fa1c4ddfc37330610bfe39062698c70633b737f19b7396a6ba553e40e930f,312,310,312,312,312,same,layer2_0_conv2,
fp6_e2m3,797,d4360ba6ea71aa29e181d0316cfc97003da14306a80925762b496c1a46cf0908,562,562,562,562,562,same,layer3_0_conv2,
fp6_e2m3,798,d43ccf1cb95d4992c7f881fabef35533ffc3f10dc1ed6084757b8b9855fcd953,80,80,80,80,80,same,,
fp6_e2m3,799,d46c4278083e991f7f863bef46030dbe78b825d670c934dd31df51875554061a,162,162,162,162,162,same,,
fp6_e2m3,800,d477d751f98dfba2e45acbb299bcead4f21d32d2f2ab17f3fe67e3e4d860219a,375,375,375,375,375,same,layer1_0_conv2,
fp6_e2m3,801,d48262d9c0ef3e7293f9ba2d471b376b75678f5ac27c410c31729d76a1f057ba,93,93,93,93,93,same,layer3_0_conv2,
fp6_e2m3,802,d4bf4bc7d6186c2c773dfbb6e0052d147bef3c106248de2cdce3a239a2da1b6f,406,857,857,857,857,same,layer1_0_conv2,
fp6_e2m3,803,d4d0c44a9eb611b63633808fd680d0ad32b674045720ee2b9a6b8a699a6b9157,862,862,862,862,862,same,layer1_0_conv2,
fp6_e2m3,804,d4e3f3108568767cb2eea0827103343a546d8f16e049f9d2a6417410e8433e42,408,408,408,408,408,same,layer1_0_conv2,
fp6_e2m3,805,d4fa08dd234cc72ab38dbb370e6d6e16bb4a5e078b3196e615abc10127925400,984,984,984,984,984,same,,
fp6_e2m3,806,d54e0f326d406ffd027ab81ccd8f19d1e0e53b7a4181950633b0a2114b24b650,512,512,512,512,512,same,conv1,
fp6_e2m3,807,d5759323fa2cf283319417ded53985977bb3e3a01f2d7dcf82fec614a702f904,308,308,308,308,308,same,,
fp6_e2m3,808,d58b6b1ee190b5e615b7da0ff565e97bf1f151d3dd345cb4c91a9aa02442df8f,461,514,808,808,808,same,layer2_1_conv1,
fp6_e2m3,809,d590d586cf3b9a4ad3acf85f8b8cb9e4f5731a81efa0096045590e59d462789b,262,262,262,262,262,same,layer1_1_conv1,
fp6_e2m3,810,d5afe7c92b1bc9e2683d79dbd672461de200d066135e4e05b25047a3f0780cff,621,621,621,621,621,same,,
fp6_e2m3,811,d633375778640c143290a0bc879c18f004cd85ca01c3b7ad0c2b4d62382516a7,78,78,78,78,78,same,layer1_1_conv2,
fp6_e2m3,812,d66e803605be6a825cb19f44ecb0a2087f9b140689dd7929c0c83715a2d3a275,939,943,929,929,929,same,,
fp6_e2m3,813,d6acb4737c448362b93dcb1887a02cdb999b3255d7c1e617a0b5f004e666611d,836,793,793,793,793,same,layer1_0_conv2,
fp6_e2m3,814,d6ef3f6816edd4df8b5e02270a9d56ef7534b59872eabb90f497d63b8a5e9fe4,613,613,613,613,613,same,layer1_1_conv2,
fp6_e2m3,815,d6fab4500df36152e9b3fb1ea192b8c64ca2fe267f26bcc553202ce9c8f498da,872,872,872,872,872,same,layer1_1_conv2,
fp6_e2m3,816,d6ffa746f49210efda71aa387015dbb7844161a85ff31187a62b95d1b1848a19,821,821,821,821,821,same,,
fp6_e2m3,817,d73b29988ad7e2e513f9784430f48043038bffcf5676937e90081e91db2c0ea1,612,612,612,612,612,same,layer1_1_conv1,
fp6_e2m3,818,d75efcc7af1deccb3ac1932e09ccd8f2f3f551a0f9b3cc42d6240d8afb7427e2,309,309,309,309,309,same,conv1,
fp6_e2m3,819,d79b982a4a4f6a627e7c6731fd4eec027025a56d98653ea41746416d831cbb10,60,60,60,60,60,same,,
fp6_e2m3,820,d7e296420d4e933d55585d68256085296a3aa6c1bd57cc1806a80d6927ddd2ac,350,350,350,350,350,same,layer2_0_conv2,
fp6_e2m3,821,d7f90dd3c4212da9cdcf26656a9b5eec9a67c6eec1264d7a468d5e58351e496f,833,833,833,833,833,same,layer1_1_conv2,
fp6_e2m3,822,d88915a14c53e7812619247a2e9c3247571ec42c0903258343e60c6aaf892d6c,70,70,70,70,70,same,layer1_0_conv2,
fp6_e2m3,823,d90cf619ac79ccdc65ef9519d8dd7bbeec5ff44f3e354581d81c0471754d6735,546,819,819,819,819,same,layer1_0_conv2,
fp6_e2m3,824,d99ae133134538954bf4682662b397158d028a3ddec57613cdf5ab0f18e038eb,132,144,144,144,144,same,layer3_1_conv2,
fp6_e2m3,825,d9bb961a320a061adbc119dfc1bf2ff978fe1867ee555e88de64a2ab0e685031,824,474,474,824,824,B_wrong_to_wide_correct,layer4_0_conv2,
fp6_e2m3,826,d9ca0a22b219bee5b63b28e2ffc86079eeb60ef15d40838d927a0665cfb827c9,481,662,477,477,477,same,layer1_1_conv1,
fp6_e2m3,827,d9f15de14c6bbd0c9335650c965ff754d377111c1d06f2051cad40648f0b903a,919,919,919,919,919,same,layer1_1_conv1,
fp6_e2m3,828,da4c48fdbfdaa0c17e360e778d088811b8959d3c6b0b504b20bd614388251fb1,130,130,130,130,130,same,,
fp6_e2m3,829,da6cd11a926df4015932535c6cbd50786f860b595db8b233a8a658360b6d6857,57,58,58,58,58,same,layer1_0_conv2,
fp6_e2m3,830,da7e36b7552b9f23c7eb2649061df38e36180980c9893d71ad23849e20a6e1b4,302,310,300,303,303,wrong_to_other_wrong,,
fp6_e2m3,831,da7ecdf17d6a15df4c024d907c54a202c78f82c211fbff4865de68a528ab59d3,356,356,356,356,356,same,,
fp6_e2m3,832,db210be61bc9e4aaf17b514eac8ea4a7b4e86d7496f4ae1aa9ebe4613c1e5a1d,884,884,884,884,884,same,,
fp6_e2m3,833,db3be215c45bf41d158f38b008b8129d8748b3e722e1dc62daac5a51a6463334,345,385,385,385,385,same,layer4_0_downsample_0,
fp6_e2m3,834,db4b15f351df82250311843a49147db92360fe8fc9ebbfef938e8c9827ae8569,713,713,713,713,713,same,,
fp6_e2m3,835,db5ea101d8e78324662af81b49df9bcea10e1a1a5cd552e7184b77da75269ef7,638,655,655,655,655,same,layer3_0_conv1,
fp6_e2m3,836,dbe0af8b1c90c07b04b8c992fa508853cc32e537e8624c7dca013eee5985cc64,225,225,225,225,225,same,,
fp6_e2m3,837,dc85eabb41279cec49cbd6eec68227da8166ff0c66d3c0f91bf39c2d057184fe,879,515,515,515,515,same,layer2_0_conv1,
fp6_e2m3,838,dca886b69e55cf7bb771ab8b7c92bde95a5e253f4724437bc2ea7cebf9770139,534,534,435,435,435,same,,
fp6_e2m3,839,dcae1647f7988d0b3062c57fc748e992d58fffc94b65ae80264760379cd2f94e,600,602,602,602,602,same,layer4_0_downsample_0,
fp6_e2m3,840,dd1d0b6e39a77d4cb51088d8b860a3c684c41635f62aaca030ab18b76864dfd0,266,266,266,266,266,same,,
fp6_e2m3,841,dd437df4c1ff57ae56258861c169c924f747fee5d9a96d437fdb75e45f457b86,58,58,58,58,58,same,,
fp6_e2m3,842,dd64448e7f93e8d297cce3342d1bcf68ba21a9560a7e809337890a2ad8ed2669,899,505,505,505,505,same,,
fp6_e2m3,843,dd67912109acecf9b8f7f76a13300371e3da1c6fc9f2dffb31543b3fd4469093,119,119,119,116,116,B_correct_to_wide_wrong,layer1_1_conv2,
fp6_e2m3,844,dd84a493823e7a2b8d91c28a8cd628145543f025ee7a5d5799ca4684f854a08a,209,171,171,171,171,same,,
fp6_e2m3,845,dd84c33d2d7fe5b5630035b2b0c3181360122bed75ac42a297a5a393cd9930a5,948,948,948,948,948,same,layer1_1_conv1,
fp6_e2m3,846,ddc4e8b0fe1e5c2e9b8f7b60104845ec3e1f6c4b9b6c5fc22adc669d94d18acb,16,16,16,16,16,same,layer1_1_conv1,
fp6_e2m3,847,de1493747152039f93e33e60cbf9e40e69d926289ae1b0ba052a1e7cab4ff82e,729,534,534,534,534,same,layer2_0_conv2,
fp6_e2m3,848,de65870e41af7b8f5d58dd9603f5d621296c3997a703c74977701ff5a28ed132,447,447,447,447,447,same,layer1_1_conv1,
fp6_e2m3,849,de6cfd16b201a69a28bb22edb7ca5dead80bc477a0d0ee6bc746675b29c434a2,332,332,332,332,332,same,,
fp6_e2m3,850,ded02294e268f74ad4af0262bf05368f3622bba4ded771ee4537547096172c28,10,10,10,10,10,same,layer4_1_conv2,
fp6_e2m3,851,ded1b6bf9f594d22175944a547e9ddd40077f1654252d7b30265f76705e8a4ff,787,787,787,787,787,same,layer1_0_conv2,
fp6_e2m3,852,def9774cfd6ac3389a1a767678f68b9bb59c10977602e894a5820e8586ca4644,127,127,127,127,127,same,,
fp6_e2m3,853,df75839eaade2c372855b3c95e52d4d7bdef14df84bb97f2cd145445d9793f8a,925,925,925,925,925,same,,
fp6_e2m3,854,e064c9d22bcb85d97ca3e7ca4e6090242190de24584801bbb8c1488489c49d5f,882,882,453,453,453,same,,
fp6_e2m3,855,e0c450c579bfd7a8a50d1d10f23fac110ced4f462bfdc73298b0a25ac505d9a5,982,501,982,982,982,same,layer1_0_conv2,
fp6_e2m3,856,e0d3c2cc2f372feb7d29ccfd3da7a40639f8822dcc0b3e551c86140a76e4e055,957,957,950,957,957,B_wrong_to_wide_correct,,
fp6_e2m3,857,e144021c3a0dce34bbd4fff09baae3f2cc2ccd0e727c7ee39c053e07780a39c8,424,860,424,415,415,B_correct_to_wide_wrong,layer3_1_conv1,
fp6_e2m3,858,e1567df0649b274f975b94473042e1fa0b1f1cac7fb0b49801e4600d7d2af147,716,716,716,716,716,same,,
fp6_e2m3,859,e160c5d37ac77d960b3cd2bdbd3964e9003df8d22dfdfaaa404d749e378c9e09,441,441,441,441,441,same,,
fp6_e2m3,860,e18aa215931daec624abf70d55b66d7a22fc3c6424bc0e610c0d54fb284a1002,817,817,817,817,817,same,layer1_1_conv1,
fp6_e2m3,861,e192f1b5b82b60bcc40d200530646d7e075cbedd1d1f68bd3702bbfb49a066d4,59,59,59,59,59,same,layer1_0_conv2,
fp6_e2m3,862,e1b2486e04029f2b6528cf80f3f5e16e3c25f0339058ea1b8e1d8e17cbed7ea4,295,297,297,297,297,same,layer1_1_conv1,
fp6_e2m3,863,e1cc33360e18b20ab0b9c5f34154924df1fad268ef4f7d8fd9250ffbaf88fc33,956,956,956,956,956,same,layer2_1_conv1,
fp6_e2m3,864,e2338786ed2d9d2661892a784eea20bb4f67b91031d9c54c15c4a5b1d77d8596,344,344,344,344,344,same,layer2_0_conv2,
fp6_e2m3,865,e24c658b7b6397b4f23e2a33f01d8175ad7942538010c3bcab7e0f04f042eac4,86,86,82,82,82,same,layer1_1_conv1,
fp6_e2m3,866,e2aab3aed546b9792144a71b0f8c64dec73e099c1b9c965eae29e825184370e4,249,249,249,250,250,B_correct_to_wide_wrong,layer2_0_conv2,
fp6_e2m3,867,e2e08f9b8012dc2d1cc74eca7b45989ac07e93b8e51b097c11b4adef803c92ce,570,754,754,754,754,same,,
fp6_e2m3,868,e339031e63dbcef7d999db36a875a4e696c4abdfef6d6544b15538bc2c1072b5,235,235,235,235,235,same,,
fp6_e2m3,869,e3424a6325bee70fb22a17634ab2bbfab2da36a29175a9a362cec6e1a1f465f6,633,633,633,633,633,same,layer3_1_conv2,
fp6_e2m3,870,e35570edb185a3859a78bc5f80de660caba3c089cd730d2dc5ee99e587ed3fad,963,963,963,963,963,same,,
fp6_e2m3,871,e3669afb7b4c608af4268a2a607cfc862032aa643440028a87eade14f7e21ecc,625,625,625,625,625,same,layer1_1_conv1,
fp6_e2m3,872,e376eb90def78d83154cbb1a4d902f1acc23d33abce24eb9f1f4aad2d97d8ff9,994,114,114,114,114,same,,
fp6_e2m3,873,e38f00ba8af3fe92211f9351a6b53c14de6c09c7f25548f75443fb12b21ec63b,903,903,903,903,903,same,,
fp6_e2m3,874,e3a68bd9ae604559fb659131937a66341361fcd9f2ea290da4baaa5cfb8c48dc,389,389,389,389,389,same,layer1_1_conv1,
fp6_e2m3,875,e3bab58e200c97774a51f90b5397ead93ebea1a12d4344649cf5d9b873213c0b,448,448,448,448,448,same,layer2_1_conv1,
fp6_e2m3,876,e41166198d76e247742810e9cbd321b622a6ce5865c9d5cd586f027347bcac5b,51,51,51,51,51,same,,
fp6_e2m3,877,e4304ffc9bc592a14bbf1b47e2bab56da4c60eb607aa5d06b15874e30d7b5ca3,529,529,529,529,529,same,layer1_0_conv2,
fp6_e2m3,878,e44400f6d839393ac199c951b749e9ccae698bd84040e66af425e914f43fa6e2,478,741,741,741,741,same,layer1_1_conv1,
fp6_e2m3,879,e49ceb4f045d3f583b70655c40cd4f601ea3cd22244d10d3f229a90f4c2c55bd,445,842,842,838,838,wrong_to_other_wrong,layer1_0_conv2,
fp6_e2m3,880,e4d223ba209f565b0afec44379b247507a5d9716b110adc97e17efa96ac7ced7,928,927,949,949,949,same,,
fp6_e2m3,881,e4fc9709ca25e98ec3ce5dd880a404697447e79a5e8ca9f2b2afdcc4a9072397,893,728,793,793,793,same,layer1_0_conv2,
fp6_e2m3,882,e579d04030c2fd49e6d6204045db251c78979d0a2e03587ed84ec74441f0c474,39,39,39,39,39,same,layer1_0_conv2,
fp6_e2m3,883,e5bb25ba813e08ac76b3b9132e1b8c206478db8438dda4cd45365da42e89f522,591,591,591,591,591,same,,
fp6_e2m3,884,e5d3ce4f35c29222fa3be34a071d5cf8ec5f21281f405265f041de88cdca6d6b,216,216,216,216,216,same,,
fp6_e2m3,885,e61e619c9e7ff73172b38b001fe4dd49ed729841738e8d42f0af79d9dc411170,504,504,504,504,504,same,,
fp6_e2m3,886,e64610c304238fd8c7d97154277c3767f788f21643daa8ef8a8b73cfc877dcd6,460,460,814,814,814,same,layer2_0_conv1,
fp6_e2m3,887,e6b025364a8044bdd4466b5044c10eaaa30e85da740a23c72c9c2d7580e6354c,955,955,955,955,955,same,,
fp6_e2m3,888,e6d2880bc3566c2a07c29c074becea533280f0738ec1892bd6d40200cc35116e,852,852,852,852,852,same,layer1_1_conv1,
fp6_e2m3,889,e711b4a4fa8d8e7b03478062a32ec5861accd95d68b8ddc487504ec66e0fc4ed,298,298,298,298,298,same,layer4_1_conv2,
fp6_e2m3,890,e73ba01363d35ce230bf6f24341b921ce8bdbd472c7ec0ebcfe8ba6fe1685479,178,178,178,178,178,same,layer2_0_conv1,
fp6_e2m3,891,e74238e2df2942b09683e3fc09d65e9c1594e555490c761954f68be4d4354534,933,933,933,933,933,same,conv1,
fp6_e2m3,892,e76c60dbd0396befbb889db4870c908c00cf048930237e1977f658ed9cedb7dc,624,624,624,624,624,same,layer2_0_conv1,
fp6_e2m3,893,e7b181f7f3a2ea05826cc999512e551331b4d2c11014594d1bf128f7a1e64f1d,196,196,196,196,196,same,layer1_1_conv1,
fp6_e2m3,894,e7df50bd419869664b1a4bb00e1999ff6f0d973a3f0e49bee35271ff846a0627,712,712,712,712,712,same,layer1_1_conv1,
fp6_e2m3,895,e7f4a7ee38365f0352bb40e06c5387cc76c8b67f8e9b7edb8da093dd4b276420,412,899,899,899,899,same,layer3_0_conv2,
fp6_e2m3,896,e7f6f148c7590edb53b280569d26d578b3b6a9d849fd56969b117ed908269e19,657,744,744,744,744,same,,
fp6_e2m3,897,e80d5c6e19a0ee19d49e8627009ed2615711569a1a059586922c04beaa7effd5,488,679,679,679,679,same,layer1_1_conv2,
fp6_e2m3,898,e824001de9b6f63522376ee33b048d3fc7f31605012cc2118c3a414701e93d1c,48,48,39,48,48,B_wrong_to_wide_correct,conv1,
fp6_e2m3,899,e85a933bec23ae1a142027ac6ce69e53e250da203669143dd01203e8938bd965,778,415,652,652,652,same,conv1,
fp6_e2m3,900,e88c71a83437a0a3dfdf6c6a5181a7575b0c07fd514850b918e029bc396f5b72,749,868,868,868,868,same,layer2_0_conv2,
fp6_e2m3,901,e8c1a3a66f11ef07565f89f061c782af680a1590cdb8bb9dcfdb67ffced71043,818,818,818,818,818,same,,
fp6_e2m3,902,e8c7396c21cc77de2ee6857e3ae9166658256dcc94a18f33f94acad21309839e,646,646,646,646,646,same,layer3_1_conv1,
fp6_e2m3,903,e90c34759916ef03be491cdb402a9e5331fce674bc6e98bec7ea2788392b8ebd,576,576,576,576,576,same,layer1_1_conv2,
fp6_e2m3,904,e995085ced1754591dc25e0b92737b97378e2253d15d34ffc777664b8d8a7f09,792,695,695,695,695,same,layer3_1_conv2,
fp6_e2m3,905,e9bfac0bd31ada69620c6f48261ab8779812f63b3a306420311338ad70c0fa1c,949,949,949,949,949,same,layer3_0_conv2,
fp6_e2m3,906,e9f1dbba8eb648a2041c2f63498b92912bd7da22ec98fd4b97a79f551c106bb7,680,680,591,591,591,same,layer2_0_conv2,
fp6_e2m3,907,ea1e339d6f269c9f4368cc19a0f2865618fd28aa7d0b28fce1dbd6589192f21d,284,284,284,284,284,same,layer1_1_conv2,
fp6_e2m3,908,ea3366c0aa5295f5c2ef717c9bec555d72e3177a2a98551d15e06c44329171fd,754,754,788,788,788,same,conv1,
fp6_e2m3,909,ea49911d9ade8dbb976106403efcc80ec4e106e875551ce2405775da9091bf95,354,354,354,354,354,same,layer2_0_conv2,
fp6_e2m3,910,ea7eb2b28c959622ef695811d2741298c28c6dd966d4e06398888bcdfe4c1adf,609,609,609,609,609,same,,
fp6_e2m3,911,ea9cefe6753cbf64fd78dd31dbc791e2e101a54308fc0794af015f9da654d01b,597,597,597,597,597,same,layer2_0_conv2,
fp6_e2m3,912,eaec2470d3bed729fa8cd11af034ae2902f889e96f253ba3ef1d2694d278c4b2,730,730,603,603,603,same,layer1_1_conv2,
fp6_e2m3,913,eaf849c247a66ec1a976ede3505721e7df4a36f0e5fa33ff5d7ddc37bb8df55c,311,311,311,311,311,same,layer1_1_conv1,
fp6_e2m3,914,eb59d5d7b1cdfa5f149b64daa16a4ad5f6bdb67733aa11cc1029d523509fa141,728,545,577,545,545,wrong_to_other_wrong,,
fp6_e2m3,915,eb7e7602705d5363a90a0f36772f407e2ce62de0245d20adae12c2a145c35b0b,831,831,831,831,831,same,,
fp6_e2m3,916,ebdef77ee68660ca17bc71ac10d85cc0cb3ca19e15c76cc133f2cab1dbb3d483,331,330,330,330,330,same,layer2_0_conv1,
fp6_e2m3,917,ebf89e0bdc5315795f7a70372133df2fe9710f38ceb95b3397bb55e262e79f78,218,218,218,218,218,same,,
fp6_e2m3,918,ebfa4039665e043f2eb74b886c2cba7a38fa38afae2dc1dd60d168c94c5c2930,348,348,348,348,348,same,,
fp6_e2m3,919,ebfa434b645d4eb2df00d3dbb024fd14b398f2b93f0d7a3c665f4d552d0ce77f,961,961,265,265,265,same,layer1_1_conv1,
fp6_e2m3,920,ec2c783f2c4dc8b6a8477ff020d5e8d746dfdfe4b2409e53e15972d13afb1036,278,271,271,271,271,same,layer3_1_conv2,
fp6_e2m3,921,ec308383ef1cb7c640833d26130c9de6b8f64672d8d61d60b52368d86ba688a8,909,926,909,926,926,B_correct_to_wide_wrong,,
fp6_e2m3,922,ecabcb5b57eef97f0829283eaccf259fb148206d400124f28d8ac100d4f471e8,239,239,239,239,239,same,,
fp6_e2m3,923,ecf83e4e0ab69b6f95a8704e02c91fd5e7d600c81845f02d154a824da90bd9d7,376,376,376,376,376,same,layer2_0_conv1,
fp6_e2m3,924,ed7bddc1a2bcac4863373eae65e889741d1adf0159c800ec07ec11555c818fd8,965,924,965,965,965,same,,
fp6_e2m3,925,edb8ea493749bf971de9262da47b2ab74153b90174f152d1ef10e2127a080d2c,580,580,580,580,580,same,layer4_0_downsample_0,
fp6_e2m3,926,ee273bef6654ff4aba458f3881259c3a670fc1fc80f586b29bd51ce27ab08153,755,755,755,755,755,same,layer1_1_conv2,
fp6_e2m3,927,eeba904951406ce2b836817f544c6017708fd19b5557ddb049267b5134ac08be,564,669,669,669,669,same,layer2_0_conv2,
fp6_e2m3,928,ef14af41a0e93ef116f48ac7d5fd0f4033a4a14a8501a36548bd94dfbf95d580,208,208,208,208,208,same,,
fp6_e2m3,929,ef2e642808e995b22b65d98b540ddd5371059b15cc1d7c52479aba019d04dbe5,599,599,599,599,599,same,layer2_0_conv1,
fp6_e2m3,930,efdc2889e7252b0fb214e54400fd39d9542c74b98413e3ff4d6804f38dc4218e,287,281,281,281,281,same,layer2_1_conv1,
fp6_e2m3,931,efe150bc3c95eb342bcf3d937fc8e4d5ae8c94fd566cd46437d1bfbc26265f7f,279,279,279,279,279,same,layer2_0_conv2,
fp6_e2m3,932,f02207c332f0fac829f349d6e1e0e9411fd3828ed719a4dcd2f6b44d41b64ba0,87,87,87,87,87,same,,
fp6_e2m3,933,f0a9d5072a54d1c2478b5c018bae2a2ba2fbd1fb5472f8f092be2854e366a029,124,124,124,124,124,same,layer1_1_conv1,
fp6_e2m3,934,f146db349d589fd681619823cfe2b48a14cf6fda229783a6b4dbf4bc649c385f,171,171,171,171,171,same,,
fp6_e2m3,935,f18651b7ce3ba0c53556e1dfde5874d0bdef3ff93dd33d2b2fd3329e7e91265a,292,292,292,292,292,same,layer1_0_conv2,
fp6_e2m3,936,f18a9178dd14afc707832a0a65cbbdacecbbbfdffe3f265e640c54d154025159,929,214,212,212,212,same,layer1_1_conv1,
fp6_e2m3,937,f18db213565f3f1e005cdbf350dca1db6a9e33d600ad0978b8ac8021496e083f,888,888,888,888,888,same,,
fp6_e2m3,938,f1a7ce048f8ce8127c93d162672a7224d4a5cc8ed9c2a893dd8d52ce9530ca23,405,405,405,405,405,same,conv1,
fp6_e2m3,939,f1bed18ce691548abea50e03deeed99e6d2abb1e9dd9730494f6c6475c01a462,656,656,656,656,656,same,layer2_1_conv1,
fp6_e2m3,940,f1cd9dd0c9984617d85df4651baed5e8554bcc0c78827f4357d918fb3a1cb9a3,997,997,997,997,997,same,layer4_0_conv2,
fp6_e2m3,941,f1ced48bda418aa7ca2ed95d50a2703c746c0f59594bdce2259ec45eeaef9fe5,362,362,362,362,362,same,layer1_0_conv2,
fp6_e2m3,942,f22fe6761c9435be544c666baba222a40db432bc3763f1da4ca0722daeb9e6b2,185,185,185,185,185,same,,
fp6_e2m3,943,f2464e1ba3aabefd56c83cf7a309b8c12e6a1ecdddf272993d1d2fd3eab06b93,137,137,137,137,137,same,layer2_0_conv2,
fp6_e2m3,944,f25fd61828ea9708eaa69aff4752f91037ffd5c2da6d8fef59ede3b2d49c78e5,242,246,246,246,246,same,layer2_0_conv2,
fp6_e2m3,945,f26b567d92e66fa3a5cb6eb341e4d53ad9518d6d3974bb8e902dd51731110567,767,855,855,855,855,same,layer1_1_conv1,
fp6_e2m3,946,f28e64dd63bc617c0b93575e9f5383f120de4017eb6136892f648be0e1a3bd30,530,530,767,767,767,same,layer1_1_conv1,
fp6_e2m3,947,f2b3a0f4d3850d05646216a087d3e16f9ab96a0242fdbb69adb98d97167a8d44,372,372,372,372,372,same,layer1_0_conv2,
fp6_e2m3,948,f2b40aba9f6b837fac296fc4523b8750898807e0fffe065b2bffaf3580523e8a,798,700,798,675,675,B_correct_to_wide_wrong,layer2_1_conv2,
fp6_e2m3,949,f2e4bbb8aabcd785fb42d8553468e6a5bb25542efcd6b16153c238dda21c2dd7,861,861,861,861,861,same,layer4_0_downsample_0,
fp6_e2m3,950,f30f947ed6c73079411b203bdad9a36245db18397cad67388eb66d8bec182891,310,310,310,310,310,same,layer2_0_conv2,
fp6_e2m3,951,f33dc4ce44dd5760eee392be2033ab4d8facc5635f5546a42d89c2e9a519da4e,140,140,140,140,140,same,layer2_0_conv2,
fp6_e2m3,952,f38d061c88950c981dbf56e97a8d7d7e2e0eccf03f8ba4674c67a0731894c318,486,486,486,486,486,same,,
fp6_e2m3,953,f3ac4a255ad4742ba0f243a74ac1a4a21fa54a5aad1af8f0cd19a4288fa67c3f,472,801,801,678,678,wrong_to_other_wrong,,
fp6_e2m3,954,f4889c0808cc9f60f0abba54a2dcfa37b0428bb2044b75778032a934bfcdc6c5,910,910,910,910,910,same,layer1_0_conv2,
fp6_e2m3,955,f4c1912dae43edee2370e780b348083928645c68810ff1e768fb13eb62e0173e,477,784,784,784,784,same,,
fp6_e2m3,956,f50bc90605d0d6ef870784b7754f4cb31fad70b607a2a82bd12002d906a2b1aa,692,549,921,549,549,wrong_to_other_wrong,layer2_0_conv2,
fp6_e2m3,957,f5392b8e7ee26112ccc64eb54716707dc0e40a0caaf11bc9ddd6053257a6b370,393,393,393,108,108,B_correct_to_wide_wrong,layer1_1_conv1,
fp6_e2m3,958,f543db303de50ced4d5be3b29187e1888e18cbe1ec8bed467eb31d15f11eb30b,40,46,46,46,46,same,,
fp6_e2m3,959,f54a3a26f7e13b9a12d69b5a51e77542f45fc6d7dac5b5919fbc0b5f74967462,214,214,214,214,214,same,layer1_1_conv1,
fp6_e2m3,960,f576816842619a0e3d93053483f99f97da65bd6fe0da0f0bfafd8803bbcb022c,241,241,240,241,241,B_wrong_to_wide_correct,layer2_0_conv2,
fp6_e2m3,961,f577f85a673e925f39f13027c35678aeeecfd5be2c800a6647f37558583f438d,399,399,578,578,578,same,,
fp6_e2m3,962,f61c83bca3a75d5187fc416bc727ffe8ea22fdc5864d2eda602a89a7c28eb8b6,15,814,93,93,93,same,,
fp6_e2m3,963,f731bc738941b9c7a272c9fd218aeb4fdfbf8347f356705d16f7312c2abd233c,108,108,108,108,108,same,layer2_0_conv2,
fp6_e2m3,964,f75d6e05e93800edacb7a58aff3d17b55cec1194b633dd68d4ba980c6b0df0fc,485,485,485,485,485,same,layer1_1_conv1,
fp6_e2m3,965,f77bfdcea6dd8504c3ba61454551fb677da12c7cba2779dabb49c8995817c933,574,574,574,574,574,same,layer2_0_conv1,
fp6_e2m3,966,f7c5c0af76e2ba86be8f817d03e9a628b0af6de906a6ccd6afcc56ecdba34a62,814,814,625,625,625,same,,
fp6_e2m3,967,f7e745a5c4c918149132d71f431e69ee3a9813e6ae2446ff4f283b54003bf737,390,390,390,390,390,same,,
fp6_e2m3,968,f8561e362872e8808c449099a6d8681f3e1ed6b52263537f9839375cdcf0e027,785,785,793,793,793,same,,
fp6_e2m3,969,f8607de567030a2f123ec21175ac5c2703faf6c2fb407468dd657e3714885518,606,596,613,596,596,wrong_to_other_wrong,layer1_0_conv2,
fp6_e2m3,970,f865d8b712a0f9fa24b1efcf0c6798f0def03ccbd6506605a462e1b93a3bdd21,779,866,779,779,779,same,layer1_0_conv2,
fp6_e2m3,971,f86dd27080dc1d194297c579d8e5555a1e4c0b8b4ddbe202f66df9ae8ae4b752,63,57,57,60,60,wrong_to_other_wrong,,
fp6_e2m3,972,f8b2a06f9fc5822939bface497cf50a2aaa616f1c8650d87db5f0d641c5374ff,958,339,345,339,339,wrong_to_other_wrong,layer1_0_conv2,
fp6_e2m3,973,f8eb3b9a71ae75008306447c0948d8d5babca33a83a2bcd4da6abf839f676166,661,661,661,661,661,same,,
fp6_e2m3,974,f928aec28fddd9e0485b0f283cf9eab8a3afa8ba1275d6ab2031a47aff2be7b9,177,177,177,177,177,same,layer1_1_conv2,
fp6_e2m3,975,f92fe7fd24865ce66e2540587dd98bd436ef4c32f509abfff24c5999f32534cd,837,545,545,704,704,wrong_to_other_wrong,,
fp6_e2m3,976,f9efa4331f6deb1d89ed175cad1d5407a4556b294a0e41c5d0007526f984d081,204,204,204,204,204,same,,
fp6_e2m3,977,fa4ae22c205506d4fba172fedcea026c861593ff290be888ad585bb342571d3a,592,592,592,592,592,same,,
fp6_e2m3,978,fa9e3f655c7bccf1a8974e09ed4647cdb622cba4077e30db9c5f91018a767f33,255,255,255,255,255,same,layer4_0_conv2,
fp6_e2m3,979,faa9736e901fc7b00b0c33d899ab7b77d9d09d8a35f141c801b9d3ce0d128f0a,673,673,673,715,715,B_correct_to_wide_wrong,layer1_0_conv2,
fp6_e2m3,980,fb1e6fe0d204c87a28aa39358ccde90dfdd01f1f983b0ef155f6ae42c6d552cc,301,301,301,301,301,same,,
fp6_e2m3,981,fb3fa3b9376716bded72a8b8269d48fb9c1703005c7e50565f1a462c3ad9876c,104,54,63,63,63,same,conv1,
fp6_e2m3,982,fb8c57dfcbd01a1384577394a53240e43375861aa198c0f9a282abf42d28520c,940,940,951,951,951,same,,
fp6_e2m3,983,fbbcefe6513b3c004da9a45fbf215d5b45b0b8ba535cc2803f2e2133923343ba,983,983,395,149,149,wrong_to_other_wrong,layer3_0_conv1,
fp6_e2m3,984,fbc2cc3447da299d1f9670811493cfa46223cbf2f4373a2dae616454c152f192,141,141,141,141,141,same,layer1_1_conv1,
fp6_e2m3,985,fbe9f24621c5cc9b2a37ad9514542440064b1c5fef300e5e688d78fc674e5bd6,771,771,771,771,771,same,layer1_0_conv2,
fp6_e2m3,986,fc18b3982914579a0de217e6142d63d660dcbac04af68edce803523f1ef69554,32,31,27,27,27,same,,
fp6_e2m3,987,fc75c28f1cd9c0f8c4b337b3d564041abf4b64b777efa64a1193686261e70acf,527,590,681,681,681,same,,
fp6_e2m3,988,fc8c0af3587bcd1133f1bf0c1d1f65f9bd0ae8f2a5d2e55124710f60b2c35920,801,801,801,801,801,same,layer2_0_conv1,
fp6_e2m3,989,fd7c64de3ca130719db37651a14de0ad20c2b545ee7cab6e71d926820a54c65f,917,917,611,611,611,same,layer4_1_conv2,
fp6_e2m3,990,fdbbefffb0c940125eff584e5836e9dc8a8a57840c28f2a6858fc48bf063d41a,274,274,274,274,274,same,,
fp6_e2m3,991,fdf46df7098672fad1eb7a23636adea0711fc7099d73f6242b7681e518eef0a3,27,310,138,138,138,same,,
fp6_e2m3,992,fe323e8bfc76942702bad77d912791cdbf0bb67f4c59fc4f0bb4e3b685635254,790,886,886,886,886,same,,
fp6_e2m3,993,fe38b4b925eb5fa47293727f28618b19ff860bfa02312bf0fc2a72d0ab48adac,941,941,941,941,941,same,layer1_1_conv1,
fp6_e2m3,994,fe8978dd949d6e8471fef258ba70aec83b608bddc486fb72affc2de78a06a578,283,283,283,283,283,same,,
fp6_e2m3,995,feed68d7c7f7deb2861bfaaa447b54ffc133161b6ae8844b8348b6deee058443,252,252,252,252,252,same,,
fp6_e2m3,996,ff8f85554f7955f4ec931a2d2c26afe83d68e48559c77658c4966b9b7e5fa8d5,766,766,766,766,766,same,layer1_0_conv2,
fp6_e2m3,997,ff93e825ad8b2865a7df91095ec26a799b3b62d07986e3fb46a06367735d5de4,201,201,201,201,201,same,,
fp6_e2m3,998,ff9847c92278dd3b7ca92c2421c6ddb8275bb2e0af2ab72bfab36a955ad24820,989,989,989,989,989,same,layer1_1_conv1,
fp6_e2m3,999,ffe5a259b924f02fdbb92225c5b0bf83e0791ba8ac731075fba1e678c8f4dfef,265,266,265,265,265,same,,
fp6_e3m2,0,00565073e4981505f7ae588e0ab33451721cdf24e486685825aa89a03fece965,972,976,976,976,976,same,layer1_0_conv2,
fp6_e3m2,1,00996d02244f1c00ff353e10dc34dd6d5c8df1d49ca76344c7059b9f05c5f3b8,198,202,203,203,203,same,layer1_0_conv2,
fp6_e3m2,2,00db6387bc920ef310f9470982d54e5299eb1c31cbfee91221f3ee635a796dcd,682,682,682,682,682,same,layer1_0_conv1,
fp6_e3m2,3,00e7621022fcc82092a16b2409b8125ae8e6e01553208dc98deb3e862e1eeeb1,434,434,434,434,434,same,layer1_0_conv1,
fp6_e3m2,4,00f08fb0484bc14007debd479db409b61220572973e446a1a7d6d4b79a7df10f,280,277,274,277,277,wrong_to_other_wrong,layer1_0_conv1,
fp6_e3m2,5,01032378795f2bf3373dc14aebf93423c22ee98cc8f287142692738e1800c228,192,192,192,192,192,same,layer1_1_conv1,
fp6_e3m2,6,017260ee32302c16d7b0fd91f626af949f6d68dcea31b07a93b5389d66f718af,333,333,333,333,333,same,conv1,
fp6_e3m2,7,01817fb084e0d1a4cc3d0203a9ef573a140902a053d6e13942b1452f57a7c5d8,334,334,280,280,280,same,layer1_1_conv1,
fp6_e3m2,8,018a0b8bc55d9deeab27a72d75e9d69caa5b786bbff52b3f9f000c14a93ec1d8,820,820,820,820,820,same,conv1,
fp6_e3m2,9,019dab3e4215bd47e96d15786e5a029a0fdf516f38985528ebc7eccc7579aceb,365,366,255,255,255,same,layer1_0_conv1,
fp6_e3m2,10,0208ca06fd779ad36727140f49ded92d06cee8b177c6286f985926ae5e4280a6,42,42,92,42,42,B_wrong_to_wide_correct,conv1,
fp6_e3m2,11,02945dc23538a61252bf0c4638560b07b45678bc472c941f1b596a774ea4f320,0,0,0,0,0,same,conv1,
fp6_e3m2,12,02c7d00037b734b758d31f6bf3f63c0ecbec3c2903ed0bb6f38d05bda55a2b02,687,687,687,687,687,same,conv1,
fp6_e3m2,13,02ebd6783b2ecb9ad1a6a03e03fed829aac644c9178a8e8775413788dd229092,578,578,775,578,578,B_wrong_to_wide_correct,conv1,
fp6_e3m2,14,0343fab86d119aa02bb2e60c68773d7a3e0f50ea876851ca38c00927433ab8d0,381,378,378,359,359,wrong_to_other_wrong,,
fp6_e3m2,15,035a10650ce3164a92f03a0ae4c0bf1bafbccf75855bbb3b95c39359ec96f8e7,378,378,378,378,378,same,layer2_0_conv1,
fp6_e3m2,16,037fc1226b5f5fba4bca6ce8efa9d0fa10a2ec6f19d569dee9872bc86afbe084,970,795,970,795,795,B_correct_to_wide_wrong,layer1_0_conv2,
fp6_e3m2,17,038e9d8b3333a42251d3afa48ed6d8f7686bd67cc084c8d4b6f52cd8acb4a47f,330,272,353,272,272,wrong_to_other_wrong,layer1_0_conv2,
fp6_e3m2,18,0398399ded51fbcbdc05361d3b8387e69e92bfda7b7fab76d8c42fe0acc5b5b9,605,605,605,605,605,same,layer1_0_conv2,
fp6_e3m2,19,03b0430bbce270254c725dd7a5448ceb601711f2992d1176fb2fa3a5e4eef535,900,900,900,900,900,same,layer1_0_conv2,
fp6_e3m2,20,03b950930c806384772fa1c073ec2c5e0a5fe69979e8a5f27f5c7af14560c87a,69,69,69,69,69,same,conv1,
fp6_e3m2,21,03d1ace8d6b2c431f1a0bea2c2d61fc51d6f1bdd5cc07b1bd2850526dee50bca,670,670,670,670,670,same,layer1_1_conv1,
fp6_e3m2,22,042cd4e57067eddf972c1f4ef2eaeb3eab8c450d9b77f39283b94be34f3c31ca,762,800,495,415,415,wrong_to_other_wrong,conv1,
fp6_e3m2,23,049e2732b6302751fb50c00edb8e4324412a0880d68483dc57a7e6dbd4305496,772,950,950,950,950,same,layer1_0_conv1,
fp6_e3m2,24,04b84b9bc3a052ab0ec438dbc39084a029a4a215a2739fcfde4eddd97d79b53e,30,30,30,30,30,same,layer1_1_conv2,
fp6_e3m2,25,04de5e43beab480fbaa749ce95334fa9bcb32387e8275c036ab736da57f399a5,881,881,881,881,881,same,layer1_0_conv2,
fp6_e3m2,26,04f42ebedb755f73ac432667de354164179442144dbde4f1a9526463601abeb6,346,346,346,346,346,same,conv1,
fp6_e3m2,27,0511fb611f05674d70509a3f9db7121d22321ecee79ab48b077e7755e831de5d,585,982,982,982,982,same,conv1,
fp6_e3m2,28,0516449cbf79148057715d1f23b8966dcd3c8ff1778ea2fc87db98099ccc4612,693,693,802,802,802,same,layer1_0_conv1,
fp6_e3m2,29,0534b031ae64ab8ac3b463d8f3eb7234803246eea544b564bf4dac25e636db19,726,726,726,726,726,same,layer2_0_conv2,
fp6_e3m2,30,0550247c4f2d037fbdbd0b5f1ba2a9d32f21ce7e061ea69094dce344ec9dd2c6,769,769,769,769,769,same,layer2_0_conv1,
fp6_e3m2,31,060abecb935033c9adc8628259af927630391fbaf2e01166d97ca3616e13d21d,358,358,358,358,358,same,layer1_0_conv2,
fp6_e3m2,32,06b662ba3d972b10679525577f07e5c44e9e9f6db50581468b2eb3f0403a1cd1,194,204,204,204,204,same,layer1_0_conv2,
fp6_e3m2,33,06f5c0f5e63bbee31d24a889fe600b4cd9c4da9288dab6a821403e11e9356aaf,347,347,347,347,347,same,conv1,
fp6_e3m2,34,0768c84c6eb704f8bdb538df37c0aee021f4beb9dd4ecadd97f7e7d7df36fd18,467,467,467,467,467,same,layer1_0_conv2,
fp6_e3m2,35,07acd5547621ec126cb89535658b1820e49b2ba1f3d3ca8b66bd45b1cb5680e5,300,300,300,300,300,same,conv1,
fp6_e3m2,36,080699c7dc817e185930df561053c7433c19f70ff07ae81025d211d597bd71f4,118,118,118,118,118,same,layer1_0_conv2,
fp6_e3m2,37,085a13107947e98fb24f62c0d6ea73c24e3b5c08ab881acc7779e18b17983ba1,981,981,981,981,981,same,layer3_1_conv2,
fp6_e3m2,38,087d971c5b9762c6ccfedc7e9f05b6a3a300647d0d2fbfe6911a1eea88b6faac,489,791,791,791,791,same,conv1,
fp6_e3m2,39,0887828fe0b6aee515b300b2b5fb3c7340da06908950c58f538af48fa06cea39,17,17,17,17,17,same,conv1,
fp6_e3m2,40,08bc642aed7dc87f5dcfb2bde1b2210c6d14cde00df2e2d85406cf4ddded4075,397,397,397,397,397,same,layer1_0_conv1,
fp6_e3m2,41,08fe947885e23f7c7e8dba22135f4fb06ae6e2d3a771d4881bbd154b49b76c58,114,60,60,777,777,wrong_to_other_wrong,layer1_0_conv2,
fp6_e3m2,42,091b9272048e89ddb75823f74a9516f46b703efc43cbfd1e39dff6c31df2af6d,109,328,328,328,328,same,layer1_1_conv2,
fp6_e3m2,43,09224eac4a5eb13847c0b53bd1162896d1ff073f90751dac3a42342bc0dd9085,490,490,490,490,490,same,conv1,
fp6_e3m2,44,099e350c6f0dcef217b9ee93c1f6ceda6813e36c822a21388d5710a781a8de50,319,319,319,320,320,B_correct_to_wide_wrong,conv1,
fp6_e3m2,45,09bf77ffa5e8d3d50f4d63c6966f0a367815ae47676f9c4933891ac819fdd1f5,789,743,799,743,743,wrong_to_other_wrong,layer1_1_conv1,
fp6_e3m2,46,09cce44dd3c3a331a3e134f7b47f0e027741ddfcfdcfd4dad07890c5c4a67455,220,220,220,220,220,same,layer1_0_conv2,
fp6_e3m2,47,09e29af5b7c675c4df333797043bff4b82cd862682dcf589ebfc6dadfb9eb759,509,509,509,509,509,same,conv1,
fp6_e3m2,48,0a0eccdbe713822a5c0b2506a010819d5ed76d36b136c95282d83bd12ab0785d,912,912,912,912,912,same,layer1_0_conv1,
fp6_e3m2,49,0a660050863cdb17cfe4c0e48cb3fb6446b246ec35aa2ff7675e6bd6ccf681ad,402,402,402,402,402,same,conv1,
fp6_e3m2,50,0acae0785e76ec56322a61474843acb43bb69b564fa1eaa1c4e2f25b24c44fca,913,913,913,913,913,same,layer1_1_conv1,
fp6_e3m2,51,0b3532e2f9dce29135a23d792b17352c88569ceb2e02753fa3003e7964fdad61,418,446,446,446,446,same,conv1,
fp6_e3m2,52,0b38b1b31ffdafbd7ba5561a0bf6a9138b1acf88c7e21d9be3afb6ab1377341e,102,102,102,102,102,same,conv1,
fp6_e3m2,53,0b5501c65c4c65c85ba79ee417f1a206560c8bbc12db4716b7329ffee2baf6bf,750,564,564,831,831,wrong_to_other_wrong,layer1_1_conv2,
fp6_e3m2,54,0c200c279830726c2d4644f86469a1d23a34d9e420c355c4abc203b97e24a8af,979,979,979,979,979,same,conv1,
fp6_e3m2,55,0c74cc00bdb4db39ca9aa109ea25075a5f3d56c444bca31856ab579722ff89b0,589,650,589,650,650,B_correct_to_wide_wrong,layer1_0_conv1,
fp6_e3m2,56,0ce3ce1b6a388bb428c0059a87ce2bfd3b35ade3b80692e0ea612fe6eb4c0011,557,708,832,832,832,same,layer2_1_conv1,
fp6_e3m2,57,0cff5da702329af377d4e5eaf431df3e22fa5ac7e12dd772221084f7cc43179b,52,52,52,52,52,same,layer1_1_conv1,
fp6_e3m2,58,0d0f5f85d7198acfc93aaa0dfff3addcb0a96be17940393a0677d016bc590bd1,563,613,613,844,844,wrong_to_other_wrong,conv1,
fp6_e3m2,59,0d4cee7227e6591c90a8234128560ab79bdf971853a6934bc2d86b1a8d5c2aa9,379,379,379,379,379,same,layer1_0_conv1,
fp6_e3m2,60,0d5a68171f3574d63a669d12f525e18cddac0332bd35b533429b258446f76dbf,71,71,71,71,71,same,layer1_1_conv1,
fp6_e3m2,61,0d64eff1b78215cd7c2c3867712c847ff9bd43cb20646513d2c2f33ebd065f02,572,572,572,572,572,same,layer2_1_conv1,
fp6_e3m2,62,0e2a1a2bf118e5a6d7627e87ce86b66743a73f170c9b84715e6f77342a0fe837,514,514,514,514,514,same,layer1_1_conv1,
fp6_e3m2,63,0e301ed92be00de6a7684ce7d865474ca50c571f0926ea0591b75bf866263201,68,68,68,68,68,same,conv1,
fp6_e3m2,64,0e74c4997df802eab22668c44b50fef999bece7751b53c872de1860bb1a3b6b9,924,924,925,809,809,wrong_to_other_wrong,layer1_1_conv2,
fp6_e3m2,65,0ea26687e201293cd1739c737082b26fd7a94565790b5c7eaa5fa021a1c402a8,943,939,939,939,939,same,layer1_0_conv1,
fp6_e3m2,66,0eb38670019e66c1f95430d12f7020b1c90616c0b9c9ba93023fbd6c8d393d6b,525,525,525,525,525,same,layer1_1_conv2,
fp6_e3m2,67,0f195a4d48d1c5081eea7073d61028fd70b82710e3d4f8252333f5ad3822f096,363,363,363,363,363,same,layer2_0_downsample_0,
fp6_e3m2,68,0f4a2470ef44b230fcfc5e0f4dbae1566cac7ae5e0fe7aa5d70af05a2e80a641,834,834,834,834,834,same,layer1_0_conv2,
fp6_e3m2,69,0f617fa7f0804fe826fc1dba6a91a86f2faa7112c973f09daaee8782de17bc1d,653,653,428,471,471,wrong_to_other_wrong,layer1_1_conv1,
fp6_e3m2,70,0f621f651f00adc19288c056beba3fb38425ab00b95030836268848d1ec5a749,523,523,523,523,523,same,conv1,
fp6_e3m2,71,0fa71dc38e77175b9bb430090fe3dcb3e59110c09cc3ca0b81fe754329868d70,614,614,614,614,614,same,conv1,
fp6_e3m2,72,0fe613c99a575ea8dc729f2482db4adce403b6641851f93ecec596ebd526544b,894,462,406,601,601,wrong_to_other_wrong,conv1,
fp6_e3m2,73,1098dc20bdf023f1f5a2df0a7c3a1781f8c6c3f9594bd4a5128d98e32aa3826b,92,92,92,92,92,same,,
fp6_e3m2,74,10a0e8337a237c4046d0233d993d21fcd812a21de02fe771b477165045a5b816,871,871,871,484,484,B_correct_to_wide_wrong,layer1_0_conv2,
fp6_e3m2,75,10b6996b4b371309c7cf604fcdc486d897873924def4e66709da71c241e625d9,896,896,896,896,896,same,layer1_0_conv1,
fp6_e3m2,76,11160abe03f1d96b1a5e30479fb808d0d0f5a93371763a5a2528c32199ca8df2,835,409,409,409,409,same,conv1,
fp6_e3m2,77,112bbe7770b9640504423b95af8ece847448b092ee5ba1c30d98b5bb1fe0eb28,371,371,371,371,371,same,layer1_0_conv2,
fp6_e3m2,78,11788e1abe83301804014d5ea3f532b56060d9f326912f093d62300ee10807e6,113,910,37,37,37,same,layer1_1_conv2,
fp6_e3m2,79,1184bfb3762d914e8c605faf2932699d5bec26a43ea799ed477600d637653296,543,543,543,543,543,same,layer1_0_conv2,
fp6_e3m2,80,12c07814d78810cd09320efb8addd22c4a108dd75263639193373726fa99e97f,521,521,521,521,521,same,conv1,
fp6_e3m2,81,135117e827cf297d77b2bf8f107bb59467c6aac178492eee40d9369552314a64,575,575,575,575,575,same,conv1,
fp6_e3m2,82,14408f23b93811b95b107b8974ca6e3962fcd77fd9986dcdfda62d8f241f21ec,542,722,642,739,739,wrong_to_other_wrong,layer1_0_conv1,
fp6_e3m2,83,14ddd9609ada51fd74aa01c86d1e3d9cdb624716b8bcb8c36b8f129fca5345ca,759,759,759,759,759,same,conv1,
fp6_e3m2,84,15c3cd31f1b41a794c56944ef031406530d44e71d4c78604d2c5285d97c1a37a,475,475,475,475,475,same,conv1,
fp6_e3m2,85,16874a9d182b911017f881afecdcc782e7c3f0a2017798da2110f8203a72eb34,369,369,980,980,980,same,layer2_0_conv1,
fp6_e3m2,86,17d3f722b3e07a9004023d1ff9d4bd2bf92021276c167e5e9378858efd33e443,996,953,953,953,953,same,layer1_0_conv1,
fp6_e3m2,87,185acf82348d4591a5c96ec6edceec315b363af398c40fc8b5f5d9f86a945864,540,540,540,540,540,same,layer1_0_conv1,
fp6_e3m2,88,186664388f9ead7c233a16e456e452e57fb9effed93e1f4e1ce67109f84ef383,635,778,426,426,426,same,conv1,
fp6_e3m2,89,188dba0ca290b72c86702794dbf0cb8da91308066e03d97ccd4e5adcbbc605eb,353,352,352,352,352,same,layer4_0_conv2,
fp6_e3m2,90,1895f03b1ec0a35d1975c6f38c271f9dba2cb04d207c71d06713a6d71db4c33b,735,824,824,735,735,B_wrong_to_wide_correct,layer1_0_conv1,
fp6_e3m2,91,18fb2508f93e98d31c4661d574c916310a319de88e47d6a953f2ed20ec605679,94,94,94,94,94,same,layer1_0_conv1,
fp6_e3m2,92,193c7936d0b6816b93258ca101ef8e8885c860c85923c0006bb41ec8349ae6a4,238,238,238,238,238,same,conv1,
fp6_e3m2,93,194679eee1c082978686f009be5f943ee1b659b04568aa04140521ae0770b34a,374,374,374,374,374,same,layer1_1_conv2,
fp6_e3m2,94,199ec68bf01c00a0b7b1b4f703c023516d53696c3b53e66247b1cd8274073bea,985,985,985,985,985,same,conv1,
fp6_e3m2,95,1a0e0bc16b54c26f7518a934b4dd5e8c66c4cccb6f2a93723c3d614552eeba96,416,416,830,517,517,wrong_to_other_wrong,layer1_0_conv1,
fp6_e3m2,96,1a3be7e5d06c12004a691a0fee39db7ecf3924817078daa53d800327c7d8489f,799,705,829,829,829,same,conv1,
fp6_e3m2,97,1b11e25036cb6cff5467fd7299a36a1fd6c9598d5e214a938989a9d2d07aa67e,559,840,955,716,716,wrong_to_other_wrong,conv1,
fp6_e3m2,98,1b4d27c93c1af05ea3b338d17a704b93af6cd718ac29545215c78560c4eaa57f,182,182,182,182,182,same,conv1,
fp6_e3m2,99,1b6025b6fa8b47cdda0c38b76ff60c57cfc4c81e7261ae696b563a8763481d32,176,176,176,176,176,same,layer2_0_conv2,
fp6_e3m2,100,1b876f8ca1d89403f3039c9277ab485f8b9cddd51d66a5702c8b06279317de37,139,139,139,139,139,same,layer1_0_conv1,
fp6_e3m2,101,1bb0e52baea6fef28fadd2e9f7a0d0a95d4d72f52aa2fe084d8e67ae219e19ac,596,596,587,773,773,wrong_to_other_wrong,conv1,
fp6_e3m2,102,1c24a50f5fda496c0d137f86c9d92f31ec1f79b134de06a5187523ab9c942edc,105,105,105,105,105,same,layer1_1_conv2,
fp6_e3m2,103,1cc7c48159f59590153f22a49c948fb3db4cedb99d691a7b068bee1cea8bc7f1,339,339,339,339,339,same,layer1_0_conv2,
fp6_e3m2,104,1dcbfb0575751b120b7b322d5435d7bfb39090a926dd9b7f31ffeb2b09f20edb,791,791,791,791,791,same,layer1_1_conv2,
fp6_e3m2,105,1e34aa0c21e608df8abd6bcb6d905cadf5e049bc1ddc15e908f608dda9f9471a,911,911,911,806,806,B_correct_to_wide_wrong,,
fp6_e3m2,106,1e398588170b3b1b138f53f2799a4a93c9e3c90dabac5a9cd700075ca001dda1,56,56,56,56,56,same,layer2_0_conv1,
fp6_e3m2,107,1e6dadee11bd1e19769c9dec8de834f8796a83e7e5fb12e95151b84b8169c29f,739,739,739,739,739,same,conv1,
fp6_e3m2,108,1eadb4d83f8fdf63095f000f4c2e23d9749d84f15a8517b998a9fa510fb8780c,689,601,601,601,601,same,layer1_0_conv2,
fp6_e3m2,109,1eb55f02952fb5cd84b016779d4e9d1a5b218bf36fbb2a9e2452ab44820c169b,307,307,307,307,307,same,layer1_0_conv1,
fp6_e3m2,110,1f1c1403e3fcaf21db83c434e676210874b6534369214384688e1868c5aafdac,732,732,732,732,732,same,conv1,
fp6_e3m2,111,1fde166a90d024e82e4d25ef920162aff6254063ca453bff91de56b5452f9609,282,282,282,173,173,B_correct_to_wide_wrong,conv1,
fp6_e3m2,112,202ada1b5c9dbaf74efd5b11959a985e80f611e3c253abd560db7ab925a3f8cd,212,212,212,212,212,same,conv1,
fp6_e3m2,113,20fee27a077033c24471ecbf9d336cba2d6ee3b814204e45a44c9608ac875412,72,72,72,74,74,B_correct_to_wide_wrong,layer1_1_conv1,
fp6_e3m2,114,21136e889cc06e73b5bb8d6791f0785a165c88f4cf290b33788e3eeba4c78628,892,892,892,892,892,same,layer1_1_conv2,
fp6_e3m2,115,2123c1dd696252483860fe1a277a583b26015cbfa6d5a773327a80f397a1e601,603,177,177,177,177,same,layer1_0_conv2,
fp6_e3m2,116,2149cb209536df1bc332d0911391df785a759c274f48210ace5daaf22d37ce20,88,88,88,88,88,same,layer1_1_conv1,
fp6_e3m2,117,21645cc106571b5b97da815b78d41b9820c98e4f57dc6cf2ae11b68afa0f9867,387,387,387,282,282,B_correct_to_wide_wrong,conv1,
fp6_e3m2,118,21710a466f4130147308663fa91731c04e02e025c1b16ace7a98be92f0a7c73d,727,727,727,727,727,same,layer2_1_conv1,
fp6_e3m2,119,2195e32203d5a51a68f87919218c64f450466590ce580d8e3eda6109b25ce882,476,476,476,476,476,same,layer2_0_conv2,
fp6_e3m2,120,21a8530c9d9c7cbeb552e5d594d6066d3e5a128372a032e26d9f8c6d8abb65f9,54,53,58,54,54,B_wrong_to_wide_correct,layer2_1_conv1,
fp6_e3m2,121,2222383adac513feaa3eb7dad8eb8b634ff94f13d9d28e1387e020c0efd67cbb,858,858,858,858,858,same,layer1_1_conv1,
fp6_e3m2,122,2228ec8a9efdb3cce31cb1415e54dc8a7bd891c908c88c09b2309a0c3dd91f5b,516,431,516,431,431,B_correct_to_wide_wrong,layer1_0_conv1,
fp6_e3m2,123,22424c9379af84c7b824325d0ca77e1129241cebd893e82e2e5698b22691cc4c,803,803,803,803,803,same,layer1_0_conv1,
fp6_e3m2,124,229abd633f834486b5c08f6148c54ad2c9db076f586ce39b327753a687dbb474,746,746,746,746,746,same,conv1,
fp6_e3m2,125,22ba2a047f1ee66678dd609484f6668e7b840e6dec53b732bcbdb11af7407a89,205,205,205,205,205,same,layer2_0_conv2,
fp6_e3m2,126,2300062982435146abaf3df3548bd2e79383220761a8728a2daa143c120ab530,326,326,326,326,326,same,layer1_0_conv2,
fp6_e3m2,127,235662c93ad1e32f37560ff290c11744c89071e1e79f48679367cdf5f2b834c4,269,272,272,272,272,same,layer1_0_conv2,
fp6_e3m2,128,238e75137404da91c925abf0921a132c09cc4aa28ebf631a4ed398cdbbb47392,971,971,971,971,971,same,layer1_0_conv2,
fp6_e3m2,129,23bf90548fe8d4405b848ce7d770ecdee5613f4ff32a9739f3fcf855e9a684f0,545,545,545,545,545,same,layer1_0_conv2,
fp6_e3m2,130,23ecc25de916f4a1e0e78f39bcc96b7c3c3fea3388d130c8496f80281360c8f9,422,422,422,422,422,same,layer1_0_conv1,
fp6_e3m2,131,24a03e122451b6c7817b2a38d016d35e44b27246a0ebd88e365f0145b9f1bc57,526,664,527,527,527,same,layer3_1_conv1,
fp6_e3m2,132,24b64b19f463fec701f5c67a654af07c58c061df7f1829d9bbe9ca2f7d67764d,541,463,840,463,463,wrong_to_other_wrong,conv1,
fp6_e3m2,133,24d7b6c2e316cdf990aca43d7dcf6fb1abc64999031f6c4f5369874ba1f51484,343,343,343,343,343,same,conv1,
fp6_e3m2,134,24fa1fca9ffb2108b5d7ee890f4a4c72fc3051205293bcd024f319b0ef001b24,706,808,706,706,706,same,layer1_1_conv2,
fp6_e3m2,135,251ceff90a4075769c874464230852949fc7958f1e3777a2272cee52ae0e9ba4,142,142,140,141,141,wrong_to_other_wrong,conv1,
fp6_e3m2,136,255c03888d1415e17db859d58c080a0956d17ed9202eb4199528e55521f155b0,684,719,773,719,719,wrong_to_other_wrong,layer3_0_conv1,
fp6_e3m2,137,25aee0c04d0a73e301d375c6c6e666afe46dc392346bba4c0141ab8baa1740a8,82,82,82,82,82,same,conv1,
fp6_e3m2,138,26014ea1a5204f1bad5ff95c20cdd70d8e2dbef584f6853ab0d8ed41e46170c9,41,41,65,65,65,same,layer1_0_conv2,
fp6_e3m2,139,268271749993fcf3ed9a1dc3dbde2d661bff9f4f4f94a0baec2b46cb1dc26cf2,810,878,878,878,878,same,conv1,
fp6_e3m2,140,268861f8cec7b14e329af05eea52159d0b0a18c30582ce874c99570098751222,642,642,642,642,642,same,layer2_0_conv1,
fp6_e3m2,141,26aa6f9c66fc723e40b76799bd47c83d0070674c86e7fdd5b65c296b27c8b48d,364,364,364,364,364,same,conv1,
fp6_e3m2,142,26b3116bb5fcdd35d9583855d7327a398062d2750d7e05b8776b626fcfcaf3c8,468,468,468,468,468,same,layer1_1_conv1,
fp6_e3m2,143,2749ae5a085b4f22703e37c1324559cae13937c6a4d98aa6bfc608f85062e979,133,133,133,133,133,same,layer1_0_conv1,
fp6_e3m2,144,278da98bacf7c915f8ac312817006917a4959ec2234adf01797b4245cf10179d,436,436,656,436,436,B_wrong_to_wide_correct,conv1,
fp6_e3m2,145,2792ba172fb61bcfd2b14f3f22e4ba0bdcb38e15cc763535886c09eab1e43cd7,131,131,131,131,131,same,layer3_1_conv1,
fp6_e3m2,146,27a7109022d5b066d3864a0af6650b4cc2474613c22d650c56051b6a3c7aafc4,438,736,898,737,737,wrong_to_other_wrong,layer4_1_conv2,
fp6_e3m2,147,27ca8cefff4a1ec7955511834f1370a1103ebed5009bee65eba54b9296dd8be0,456,602,386,385,385,wrong_to_other_wrong,layer1_0_conv2,
fp6_e3m2,148,285fe638523b302c1513b2a0205242f9665623d254277e44f290648fb27dcc38,770,770,770,770,770,same,layer1_0_conv1,
fp6_e3m2,149,288780e3be5d1ccf7fe4c9922f468f6092b4ca005371fcb8f214d6a936166bf5,643,805,643,643,643,same,conv1,
fp6_e3m2,150,28c01ec78e122599ce20a56b34956012c145cd9337413a8cbce9df37e0d1d674,897,897,897,897,897,same,conv1,
fp6_e3m2,151,28deea90437744259ca7197169f28005e11c7e4388e4d81d8569d29618ef09ce,367,463,463,463,463,same,layer2_0_conv2,
fp6_e3m2,152,28e42fe0c2a44b3aa9fe4ab2c4957161e00678eb46b68c664cdcfb0bed625441,854,854,854,854,854,same,conv1,
fp6_e3m2,153,2998104a5ef0061316d122582b22380e6d8ac8e32ff427666e534c6048ff9f1f,816,816,623,677,677,wrong_to_other_wrong,layer1_1_conv1,
fp6_e3m2,154,29b8d9d400b2e0941aff3d6df8634036dc812c3e9fed1c27bc1608172e010a87,470,470,470,470,470,same,conv1,
fp6_e3m2,155,29e81bdf70a0aa2148f891afe4f5c65c5a91842fafe1bdda2bfceb3c238863e8,866,866,866,866,866,same,conv1,
fp6_e3m2,156,2a1e1d7e781bc8e73246ed94d1a1ac40187f692ff3af0731c6c94d8d701423e4,678,245,245,245,245,same,conv1,
fp6_e3m2,157,2a5ff54fba06d32ee249dcdeef624421d39feeaf034db444509815fa0e9eccd0,977,977,977,978,978,B_correct_to_wide_wrong,layer1_1_conv1,
fp6_e3m2,158,2af5b685cdb2d2d622d6486972b8ba44cd0e56665108a3b42ac1817a3d192ded,13,13,13,13,13,same,layer3_0_conv1,
fp6_e3m2,159,2b232839e851019c07b0ee8bfe8bd22f3e399646f67ed0cebc559cd9283f5a09,942,942,942,942,942,same,layer1_0_conv1,
fp6_e3m2,160,2b6d89dc48644345786d505ad6f3f0d6b36e9386b3802972d0fc7ef7f108407d,12,12,12,12,12,same,conv1,
fp6_e3m2,161,2b811d05c3977583be4c79095c12135fb9927c04ddbeaaccc76131cf7b789faf,11,11,11,11,11,same,layer1_0_conv2,
fp6_e3m2,162,2b8b13247b3e4b1522bf3f479a79b97bc7c493d0a90850ab6e8eb15495da9aad,593,593,593,593,593,same,layer1_0_conv1,
fp6_e3m2,163,2b995647034e9edc1855a9e91ea90381f1dc37fb858a180ca1cd9961841cb61a,990,990,990,990,990,same,layer1_0_conv1,
fp6_e3m2,164,2bcb7b9af999628022a4a740a332a74bb3fb9d483c65275425a3565135bf02f7,560,560,560,560,560,same,conv1,
fp6_e3m2,165,2c5a54f609df15dc57a5f1b3a223ef426407520bd134a51d610d28c8d5e5c399,731,505,861,861,861,same,layer1_1_conv2,
fp6_e3m2,166,2c97b0b0bf5bb2b2d3a8ce1a9adf7897fcfb0df5ffac23cf891e4e1731f24e98,314,314,314,314,314,same,layer1_0_conv2,
fp6_e3m2,167,2cd47ae1e9bb22de3a9acb3be0b86c4a414cd01150937560bde2f50a0900ba07,757,654,654,654,654,same,layer1_0_conv2,
fp6_e3m2,168,2ceeb1157702fe837a2cda24f263bc5a82b7fd1031d03e6218e63e830f9d0277,230,230,230,230,230,same,conv1,
fp6_e3m2,169,2d48b9c6a4c142dafef61f4f92c0d6c175c360bbe1f71652537ae923ca862f72,246,251,251,251,251,same,conv1,
fp6_e3m2,170,2d92e013f7d58e224a4e98e804d6ef5fcb48c4c6a62900fea07037b3243c2d67,382,382,382,382,382,same,layer2_0_conv1,
fp6_e3m2,171,2da2f2b2d0851242c3d26f6efb478e38837a8aba0944c7571e7efc95642628d4,188,189,189,189,189,same,conv1,
fp6_e3m2,172,2db5acab418ed3a026d9a032ddeeb4f9d300d97f42ffdb97e3e38c0cd4cce087,166,795,537,537,537,same,layer1_0_conv2,
fp6_e3m2,173,2de570230062074654ded103b8ccca26c83bc190f5fa1d7174434da74c075128,224,199,205,199,199,wrong_to_other_wrong,layer1_0_conv1,
fp6_e3m2,174,2e2b4d04adf7daf482b05b4f52700237865af2bc0cd71b66bbf8a5c88d430fe5,847,847,847,847,847,same,layer1_1_conv1,
fp6_e3m2,175,2e38d6209b98a8011d2adad502fb7f498d9c4c8f69a39a59d6c3fb76de1b674f,459,459,459,459,459,same,conv1,
fp6_e3m2,176,2fa7e623d2cfeec87f60b351b1a43e0cc4dd0b6812f8d4943502b03303746865,659,659,659,659,659,same,layer2_0_conv1,
fp6_e3m2,177,301bddb754953d4fb63a085e5cc6dd70527f8ec7324bc8deee74e5fff810cd32,966,579,742,694,694,wrong_to_other_wrong,conv1,
fp6_e3m2,178,304c63f1da58c35b660d98e7333dc2d072f69762226fa97aa6a7617ac66e1a57,666,666,666,666,666,same,layer1_0_conv1,
fp6_e3m2,179,305921ebb029a1099ebb53c102938809784415541b36df76492976b033573d79,496,496,496,806,806,B_correct_to_wide_wrong,conv1,
fp6_e3m2,180,306b3f0d34f41a341ef418adac921f684a34c88bcd7c86758746172685f48741,999,999,999,999,999,same,,
fp6_e3m2,181,30c7ee56102b01d1c360cf704c55a2bc38ff0618c5593083a55e579ce744f3f3,26,26,26,26,26,same,layer1_0_conv1,
fp6_e3m2,182,310e2c938e45d5c703f7e0069eb9f474c71edc5c2c5c0a09028ca95e04ce4409,711,711,711,711,711,same,layer1_0_conv2,
fp6_e3m2,183,312367cfa965116e7de65b0826d3efb72de178602912db3aa313c7f45af0b30a,883,658,658,658,658,same,layer1_1_conv2,
fp6_e3m2,184,314252fe172bd33f831a8795d682385e99fd8802ea3f878585853f3206699d05,313,315,315,315,315,same,conv1,
fp6_e3m2,185,315e47602d34fc71da79a597b38dc3495adec77b9dd86de3afa633d978564a2a,100,100,100,100,100,same,layer2_1_conv1,
fp6_e3m2,186,317392b1fa6b5acffae22ba33d5b42755c801147a57fd8f13921204f3f0ca801,35,35,35,35,35,same,layer1_0_conv1,
fp6_e3m2,187,3177154d23fe481b088a467a720291fc0495ea97679cb21771520c83e45a8e6d,487,487,487,487,487,same,layer1_0_conv2,
fp6_e3m2,188,317a34388f4236000ebbe9f97026a8a766ec1ae183899c356af01c72de62eb5b,988,988,852,429,429,wrong_to_other_wrong,conv1,
fp6_e3m2,189,317b0ac1dafa8e9c4d8e66e9487a14723514b3c61118ba64aa89892419fa2e3a,483,483,483,483,483,same,layer1_0_conv1,
fp6_e3m2,190,3188e6fb7911243e5db1d66e54442b7c5e3fae68ba05170699e1a0be0a0a536c,565,565,565,565,565,same,conv1,
fp6_e3m2,191,320681f8b2a702e7069f04a189490ac485804aaff55fe80e9a32340de1cde868,47,48,47,47,47,same,,
fp6_e3m2,192,32392c3a6286366d7a94ad314f775ee7e1db12b341f330b94e9978ab59fa9660,709,721,721,721,721,same,layer1_0_conv2,
fp6_e3m2,193,324f856d66429d40ce3217308a612a3469b92dd23316128ff6c83ae73315c9cf,89,89,89,89,89,same,layer1_1_conv1,
fp6_e3m2,194,32a5eb9c02acb1148feaee833b865e0387bd52f5dbeff9a91695b873c9ea1eda,190,190,190,190,190,same,layer1_0_conv1,
fp6_e3m2,195,32da210af0106b263d14682212f29bf26b274ee4f696ca7bc37f0cc286ee2f6b,29,29,29,29,29,same,layer1_0_conv1,
fp6_e3m2,196,333568269a60a8f524e8c904bd8e14e59733271dcf032bdf1b126792b773a3b0,153,153,153,153,153,same,layer1_1_conv2,
fp6_e3m2,197,33899d07556a8c5f50b59c75ce8a4d6caab2ecf3d20172d21b5521961df526a8,843,703,912,703,703,wrong_to_other_wrong,layer3_1_conv2,
fp6_e3m2,198,3403a0383643d35d9b8f8e50003cba637f40a37b2e62a96f27cc175ffd4d2ebe,271,271,271,271,271,same,conv1,
fp6_e3m2,199,3423d413a76c76d59e1d4be05632a3142dd85b261f03ff2750df0e002828b6eb,993,993,993,993,993,same,layer1_0_conv2,
fp6_e3m2,200,343eae6b936f0c506f5062a2b945a19827a155da771157076bd5ce73c7af5226,751,555,642,642,642,same,conv1,
fp6_e3m2,201,34787686749f7c8dd99f956e62434d73ad7dc5d5a109d49c6711d5d116b66e6b,535,535,535,535,535,same,layer1_0_conv1,
fp6_e3m2,202,34a9f4cbf611609f752a53ed60082f263f85b70579089f2e0c6e365a08075a67,368,368,368,368,368,same,layer1_0_conv1,
fp6_e3m2,203,34d2b082391e7bffd8776a2316c269a234591dbdc4627f55c8fa19ea400aa388,669,793,728,107,107,wrong_to_other_wrong,layer1_0_conv2,
fp6_e3m2,204,357275e6baa56615777212875eb0ee393ab63ebabec01f411f18f4053cda41e3,152,200,200,155,155,wrong_to_other_wrong,layer1_1_conv2,
fp6_e3m2,205,3595c5071eb90a26a2f1c416c47260f3628afd7ea675167b292bd95dd6fa2aa8,582,582,624,454,454,wrong_to_other_wrong,layer1_0_conv2,
fp6_e3m2,206,35ec2e95bb7bd922adcb11819020d2454e40d7b23dd940e5a3d2e6ee3d528b23,875,890,890,456,456,wrong_to_other_wrong,layer2_0_conv1,
fp6_e3m2,207,36d2434b79fae2f02f1d5cb583fbdad71b9c6032980a32221e19b9033856e23b,598,598,782,598,598,B_wrong_to_wide_correct,conv1,
fp6_e3m2,208,375394ddb1260ea2f33ffca3db632f4d9f12fe415ddff8fe6953d134c90069c7,954,948,948,948,948,same,conv1,
fp6_e3m2,209,377d7d6e08c5505f5eaab138237d2d6b00a70fc889efa485e3c831d75a42a0da,734,675,656,713,713,wrong_to_other_wrong,layer1_0_conv1,
fp6_e3m2,210,37d0ef26cdb74e034c4b37f2f53b9629df80042c6cf5470006915ff73f875060,590,590,590,590,590,same,,
fp6_e3m2,211,37ea422152e54ab2fc311047e7d484966089cd19f51561b2674fbd707922a961,723,723,723,723,723,same,conv1,
fp6_e3m2,212,380083c42f12091cc61ee1c4866a3d1a1997afdf7b27415fbddf4a535a0a45f1,98,98,98,98,98,same,conv1,
fp6_e3m2,213,38a6349bad83d6eb65c4df421b4bc820034b844f0aa593c6af6f896f95aaa365,228,228,228,228,228,same,conv1,
fp6_e3m2,214,38f362923df6abf5a0c3d88c67313e06cadb7916875d4cf6afc5b9e58a6040c7,138,138,138,138,138,same,layer1_1_conv2,
fp6_e3m2,215,39028622da67fec0764b77196de3b700c327b3404b61b45389b02abb4e842e71,150,150,150,150,150,same,conv1,
fp6_e3m2,216,3935bf867c75beffc06d686d1c41414fbdae7d0bed49827be55d19b772cef04c,75,75,75,75,75,same,layer1_0_conv1,
fp6_e3m2,217,39387011e331e63cbda687a0349b7599567af9ff428cc773a040a1d0b1fb6281,889,889,889,889,889,same,layer1_0_conv2,
fp6_e3m2,218,393fe7a174f2010be5a1eec25f3ba518c9bd45710c4f747f2289e725ac328d67,849,849,849,849,849,same,conv1,
fp6_e3m2,219,39692e883ced53541f862668d1e3e81d9c3a9a2ac382a5976f695196bb46ce9b,676,676,676,676,676,same,layer2_0_conv1,
fp6_e3m2,220,3999319ba21c6c4e6709cc4b6734e86654621d43c71207f04acbb62163744527,38,38,38,38,38,same,layer2_0_conv1,
fp6_e3m2,221,39be60243b46823504a0e842c66c2ad1b1e52c57c7ad61fce154a7e23842414b,154,154,154,154,154,same,conv1,
fp6_e3m2,222,3a337c23611287df36864d1d5cf70696d5ba64924026032aa9459066e1ff5159,18,18,18,18,18,same,conv1,
fp6_e3m2,223,3a63f1ad49d9691dd0856ca42b82cc5bed671337cb3098ed6a1b1a80826ba4bd,123,123,123,123,123,same,layer1_0_conv1,
fp6_e3m2,224,3af1c0c0ec03ebd0c07147390b3e914e7bddfa6e09c68d806f6919ac7fb41daa,290,290,290,290,290,same,layer2_0_conv2,
fp6_e3m2,225,3afab3524d2f25fd38c8d48e077d39851d920d479168853e6634c1cf5e33dd28,960,960,967,960,960,B_wrong_to_wide_correct,layer1_0_conv1,
fp6_e3m2,226,3b7ab56af5d765c4dd7fe717521612f850e69d07e8882c5437155760a8d8db12,134,136,136,128,128,wrong_to_other_wrong,conv1,
fp6_e3m2,227,3b83ad49ca89860950ce707151d873f08526364bd96dd7a29f5d6dc855fce3dc,207,207,216,207,207,B_wrong_to_wide_correct,conv1,
fp6_e3m2,228,3bc26636d7630ddb53225617f1772a5e054dcfb5c8e455ec260df14163e34547,484,484,484,484,484,same,layer1_0_conv2,
fp6_e3m2,229,3bcda306749b646cd086bf6f28929e0a80386d8a25774bf72cb33b2b3f0297a5,458,458,458,458,458,same,layer3_0_conv1,
fp6_e3m2,230,3c174bcb5d8e8bd2e5090cdd5ad99a77bcf93224391e3f910aa8de41d8841b85,234,234,234,234,234,same,conv1,
fp6_e3m2,231,3c6f5faf74d07765de9dd8050458f50d167bf6b393ea30a0912101dd5c67e325,832,832,832,832,832,same,conv1,
fp6_e3m2,232,3d50ff5551dc9004e6dae64cf111758543c0d5e0faf94768ca43cc9179edd122,640,640,835,755,755,wrong_to_other_wrong,layer1_0_conv2,
fp6_e3m2,233,3d51fd5ea284557086da77f3e148b1d7dd1585dbcff6ea20d3ac197e1c6da8f6,168,168,168,168,168,same,conv1,
fp6_e3m2,234,3dbbec07e1aa9eb29c4bdd8c256bb34706f5a52070cb21c370c3f141a7c75904,129,129,129,129,129,same,conv1,
fp6_e3m2,235,3dc8c71265c3c6cf763c2eae09cc70c6d71743e6a2b98f5bdae30af31bd2b7f6,782,851,851,782,782,B_wrong_to_wide_correct,layer2_0_conv1,
fp6_e3m2,236,3e10a67bae752f603e6252ab46ff19a116383f16426143586d4b38569fab088b,549,549,868,659,659,wrong_to_other_wrong,layer3_1_conv1,
fp6_e3m2,237,3e255393e6de86fdf0502c700ed39bd9c3f43dab4705d11d2afadef180b70758,701,701,701,417,417,B_correct_to_wide_wrong,,
fp6_e3m2,238,3e61811a29d5f52e9fd5f624b55aa78596f9bd1103f4a141ebcdeea283500220,548,651,651,651,651,same,conv1,
fp6_e3m2,239,3ee4c4df401a9a7536713d00e577572897af0d83687baa9a7dd9b3d683b265ac,50,50,50,50,50,same,layer2_0_conv1,
fp6_e3m2,240,3f4c020b139386d95bf5abd56a299888c62987f8f2babcb92c83d40cab542d2f,813,941,996,996,996,same,layer1_0_conv1,
fp6_e3m2,241,3f6472dcf705a4fd474cbf194c05dd544f401163bf5c35df309ac0c590dd4fcd,826,826,826,826,826,same,layer1_0_conv1,
fp6_e3m2,242,3f8345e04ef86083ae4158286ebeda070ff49c2e07fafb08aabe6ca972c20cab,846,846,619,619,619,same,layer1_1_conv2,
fp6_e3m2,243,3fee7cf8980da52b0b6aae20a42f2d6a11696097c4fe2bc67715bfd03e25507b,973,109,109,109,109,same,layer4_0_conv2,
fp6_e3m2,244,4008b26da0f926360a101f60461f9349c8598e359a55d39619adae6204c9fcaa,650,650,523,650,650,B_wrong_to_wide_correct,layer1_1_conv2,
fp6_e3m2,245,408c605495ce2bc6b63b728c54eceabfd1ff1fa5f77bab731883531840717605,474,474,474,474,474,same,layer1_0_conv2,
fp6_e3m2,246,40921200b5bc3d93b561d2d2a5bbd17ab0ae2be85ef299e565eeae7603639b3c,753,632,848,632,632,wrong_to_other_wrong,layer1_1_conv2,
fp6_e3m2,247,40aa9082608effbcd9a380a85d18a608344cc4c70c42d04aa73efac61d219dec,243,243,243,243,243,same,layer1_0_conv1,
fp6_e3m2,248,4161afce2eaf24c5840d44aca58c28e3dc0f5aebdb099bc8c374220d1c250a63,868,868,868,868,868,same,conv1,
fp6_e3m2,249,41b8871ce533733502159a5e92a41fbb47a7ce6f68282feedf0518dfea35a88d,433,433,433,433,433,same,conv1,
fp6_e3m2,250,41c4a3a2904d45baa50ec34823e3d9310c63810b55e05bacd3bdf819d2c52bd9,210,210,210,210,210,same,conv1,
fp6_e3m2,251,41c6cc49617ef62b71623ca966de5a64c9602d329be061edebdddfa03a6c5df3,607,607,607,607,607,same,conv1,
fp6_e3m2,252,41da32b56e96cf82f64b01282add016c1525e368df81e177c34a8a04d1cdf279,396,396,396,396,396,same,layer2_0_conv1,
fp6_e3m2,253,42bd216dd58162be56f87ffee6e35f00be8ff2b8d156ea646e036e9ba807f3b8,873,873,873,873,873,same,conv1,
fp6_e3m2,254,42c12156d38a719f9898572fc2674069fe54d02ec27551c5f1cdaf99043ef7a5,46,46,46,47,47,B_correct_to_wide_wrong,layer1_0_conv1,
fp6_e3m2,255,42c71cf7e21fcaf5e140332f1fb95a821274b4eea8b37188acbcc24194646f06,96,96,96,96,96,same,layer1_0_conv1,
fp6_e3m2,256,4352c6ba1897382853bbcd0ef4534f05eced44a70743aeadcdfb55101a85352a,380,377,380,380,380,same,conv1,
fp6_e3m2,257,43aea7e18e2833767500524bff3df5dd1b45ecbc60a5e68bf413d995d552e3d9,986,986,986,986,986,same,layer2_0_conv1,
fp6_e3m2,258,43ca1a4fee5c4fc5cff65daa53a6ef23b6559efc16c96c31f16a524807104752,366,366,366,366,366,same,layer1_1_conv2,
fp6_e3m2,259,43e7846625b31dee0b2ed3076664fe3bf66472d06b61a4429a69ecdfd5a44348,774,774,774,774,774,same,conv1,
fp6_e3m2,260,4406e9a7e2f78a80cb093356b3de85cbf347fd0754609e2ab912837b631234a1,260,260,260,260,260,same,conv1,
fp6_e3m2,261,4415f134890ea8bf47807707c3261602857b53848007b45203a12b8d80a0a454,270,270,270,296,296,B_correct_to_wide_wrong,layer1_0_conv1,
fp6_e3m2,262,446b26727776f2caa5de9c417622968878864230085091e06683adb981ba6960,9,9,9,9,9,same,conv1,
fp6_e3m2,263,44771ca1d824c50d1c8d71444df43ee1ea73fc60f141227c5f1c84d3b076fb58,430,430,430,430,430,same,layer1_0_conv1,
fp6_e3m2,264,44ca8e44028b757fdbfccfe82b6a1ce7a458e730d963d71c30879a6083a0d3db,403,403,403,403,403,same,layer2_1_conv1,
fp6_e3m2,265,44f4f961c43b74a9514ac907f6dc63de7aca4624a1eb65a446ea0fde8a5b7fc7,634,634,634,634,634,same,conv1,
fp6_e3m2,266,4511d5f6f2df575268aa00ac81c7a03336a8db492c7b7f3aa78f446e0d937d59,213,213,213,213,213,same,conv1,
fp6_e3m2,267,452523457ad5fb0d3f45722d12c0ee30c8ba6e003a4a75ad6fc6097db325af89,520,520,520,520,520,same,conv1,
fp6_e3m2,268,452c7341391880778daaf72ff191c9fd36b7e827888033b4e2218654d5186717,830,830,768,768,768,same,conv1,
fp6_e3m2,269,452eba91373765f877792a9b78ea5ec8b07160e296ac0d4c8b0b3311cefc262e,306,722,868,868,868,same,layer1_1_conv1,
fp6_e3m2,270,45829ee925aa9bdb1c5f6490d6a71db25d6ad291e38e30293ce334e3d4d37032,566,566,566,566,566,same,conv1,
fp6_e3m2,271,45a8bf182342b0e79e9d360ebe0bd30386ceb3dbbd40da188edb6544d077ca0f,471,471,847,847,847,same,layer1_0_conv2,
fp6_e3m2,272,45ca90c7015d9dc2a8d51e1f36e42fed138a2bcf18a054022f80204aae25f031,31,31,32,31,31,B_wrong_to_wide_correct,,
fp6_e3m2,273,45ef2dd56b860b70269e99b39790d7aa2492a9f637c52bcd9e6387d509ee0782,55,64,64,55,55,B_wrong_to_wide_correct,conv1,
fp6_e3m2,274,460f85ca4a748f036e2a76102760a643c23d4f2dde7ef12e4eb5ccc5e003c37a,679,679,679,679,679,same,layer2_1_conv1,
fp6_e3m2,275,467c620f9929ddc82bd926b680eef690b2ef95ae1a0987450c6d7cf1e52228ce,217,218,218,218,218,same,layer1_0_conv2,
fp6_e3m2,276,46c072c742de88819939b10dd995098a0a17b5b1318d8e335bca5cd5bcaa2140,738,469,469,469,469,same,layer2_0_conv2,
fp6_e3m2,277,46defaa8dbd32633296dc2da6a3a6ea78226dd899bcd663d72d3ea7afec6e763,404,404,404,404,404,same,layer1_0_conv1,
fp6_e3m2,278,47085971a0c0eaf9d05c6ca9d4541c1cdfdb8a82cc3220556182ca0f1da38e82,853,853,853,853,853,same,layer1_0_conv1,
fp6_e3m2,279,47399f7517326332b6a84e94880561d314d0ae2c11c3f26f7b379ecc87117e4a,469,926,809,926,926,wrong_to_other_wrong,conv1,
fp6_e3m2,280,477f85b22e9f36fa9d44bf17a69dd9a831045cdc67b745171cd8d93fc3e4d132,67,41,41,41,41,same,conv1,
fp6_e3m2,281,4841524491a5284328f03fb8dc48640dace13256650de761ef009941182bb283,401,401,401,401,401,same,conv1,
fp6_e3m2,282,4848d598f35e6e1404890058db7c4beaea5c6de179ad4e461c86e5a6b48e54fa,247,247,247,247,247,same,conv1,
fp6_e3m2,283,48e99e0f596bbc2d83a5959a93b431bd61cd8ffa9727e8fe8237891705c681cf,745,745,745,745,745,same,conv1,
fp6_e3m2,284,48edb428be267614fe86b55f7c4c11e2a71e2e35122d2ff6c6756f35c8eb0d65,632,819,819,819,819,same,layer1_0_conv1,
fp6_e3m2,285,49222551919e0baa1287ebe87932f56fa809fbfe413211d8e22f17c391825297,517,517,517,517,517,same,conv1,
fp6_e3m2,286,496c67fd501ca3146cff255ec44f8a50d4f2f97766ad04db0acd3a1742990087,451,451,816,816,816,same,conv1,
fp6_e3m2,287,4a3d8f21f8ec7424ce2e5f1078aa01b7ea2749cb0000c23874ac6f9717b52084,174,174,174,174,174,same,conv1,
fp6_e3m2,288,4a87666fb0b600bf76c04127765ca2d7b4832e61dd25dfbed1d887cce973bd21,395,395,395,395,395,same,conv1,
fp6_e3m2,289,4a95178277ed5dff6442c5340da8dd899c4116657a1390fa0f32927625c0c2ec,761,761,761,761,761,same,layer1_0_conv1,
fp6_e3m2,290,4a970af8fec2a11839cde34cfe05bb53dab817cfc7edc85255cb9f3372d7c275,357,136,136,136,136,same,conv1,
fp6_e3m2,291,4aa973ec62f6c74120f071cf33d89a2a6d3d49acbf6702133f55691341f21583,649,649,649,649,649,same,layer1_0_conv2,
fp6_e3m2,292,4ab46952b6a2dbd0eff38b923d9694b95f1262a712ce21191106a784260b7793,236,236,236,236,236,same,conv1,
fp6_e3m2,293,4ad357689a4c8880af75d4d477ffc05c20ca317e715434a0aed9191c404d0bd7,231,231,231,231,231,same,conv1,
fp6_e3m2,294,4b516a9f8eeae6025f267ec49d1b96ac000c949aa09b6e819170e3e7b6a3f7cc,710,710,710,710,710,same,conv1,
fp6_e3m2,295,4b95a00c4259917ff54bf6a9619fc302194a7be49c724a8c9f552e4b77d07abf,291,291,291,291,291,same,conv1,
fp6_e3m2,296,4bb2182390a437d09a799ad7145cd6d6d66a74e10b79ffc3237e6579cfa48429,796,796,796,796,796,same,conv1,
fp6_e3m2,297,4bfbafba592cf1bfc435074a9b1f85b17961483910168858f11dd2a56e4b6aba,658,658,658,658,658,same,layer1_1_conv2,
fp6_e3m2,298,4c8b2c0be14c2ed323172364e508d87110eb78a86c5bfab181f9a0a8fc0db536,703,490,743,743,743,same,conv1,
fp6_e3m2,299,4c9f5e9914e6344b36dedc540b241a7fe5a11b265f53777035716e5c97b359d6,501,903,903,903,903,same,layer1_0_conv2,
fp6_e3m2,300,4ca84c292963ec3f76ad6ecb160030d437171798eb65d82f72fbb8646897baca,902,626,107,107,107,same,layer1_0_conv1,
fp6_e3m2,301,4ce64d626c6997b9ae15671ee709519c765ee8163a1682c8bfb0b7a389ccf4fa,442,442,442,442,442,same,conv1,
fp6_e3m2,302,4cf180a1059cf5887167fc7d6b9264102e78f629d900e0610a368044ea9299d7,944,944,944,944,944,same,layer1_0_conv2,
fp6_e3m2,303,4d48634289bd44ef94400679ef40995cdd064232326e5de15b8774aad8ca38ed,328,322,322,5,5,wrong_to_other_wrong,conv1,
fp6_e3m2,304,4d6af2382b0c1961929c0e4a31ab8ec15a50218e6928e3cbbc1c571417a6aec2,388,388,388,388,388,same,layer2_0_conv1,
fp6_e3m2,305,4da60d058dfa487e406dc46973255e53f12204eeed0d96ce4278478267e9f86a,522,522,522,522,522,same,conv1,
fp6_e3m2,306,4da64ee640c875dddfe92ecfd7caf2a0a43d753b56208caa6ebb6403bed79f17,351,351,351,351,351,same,layer2_0_conv2,
fp6_e3m2,307,4dc80393bd32c4e30a890e2c10706892b2f23ad53f37c005489bfda8bdf41331,53,65,65,52,52,wrong_to_other_wrong,conv1,
fp6_e3m2,308,4e2802d9af33eace534bf76f5099221fe017d98cb2276c4508500afae84bb9cd,617,823,823,457,457,wrong_to_other_wrong,layer1_1_conv2,
fp6_e3m2,309,4e3d29a5ff3cb95b744051722b7055d91d215c1de9101f8c94bc954cb8584fc1,135,135,135,135,135,same,,
fp6_e3m2,310,4ef713ca1593a356a0ab66a677c6ab5fd0ff30eb388143ab1870f076fe05a58a,327,327,327,327,327,same,layer1_0_conv2,
fp6_e3m2,311,4f15266f11c12085e481c404e6210fc3361f2e14043165a97bd0352d3669070b,550,550,872,550,550,B_wrong_to_wide_correct,layer1_0_conv1,
fp6_e3m2,312,4f74c7b5131a6e77d1676e709e9d2b056ccb3b15c348ae6bcd0e7d73e139a95a,690,690,345,690,690,B_wrong_to_wide_correct,layer1_0_conv1,
fp6_e3m2,313,4f92ff9d3551874300d572941d58eb65b31aa795e1d4f499eef8b9d8fe500dd7,601,601,601,601,601,same,layer1_0_conv2,
fp6_e3m2,314,4fc8bd0b8bf660727ee6a1d3fa4ecfa7cafab8c86c3a4f2fd5892c0dc1dbec33,316,316,316,316,316,same,conv1,
fp6_e3m2,315,4fe8461c4c741918206716a10011164f1c2570879ca1450743cdb74827991747,715,568,568,568,568,same,layer1_1_conv1,
fp6_e3m2,316,50b5cdf5f82e9ccef483ad83f1f18312f8f3d59088b0a8524106e65cd5a53577,794,697,697,697,697,same,conv1,
fp6_e3m2,317,50ed3bf9348403eeada37fe05b7bb50606673653264930491ed26c507a3e1f85,222,222,222,222,222,same,layer1_1_conv2,
fp6_e3m2,318,5184fae6d5a8f9e6f2dd93805f420a61caac25561df4da03a34b794015b547ad,662,662,754,662,662,B_wrong_to_wide_correct,layer2_1_conv1,
fp6_e3m2,319,522203be2b14663426e9fe7d2bd3cf7fe3d2c624dbcb70925d9293fa0c06b7e7,648,453,760,760,760,same,conv1,
fp6_e3m2,320,5287aeeed64e976985f1cecd28884c23efdad176e1d5c15ffee215236ba85ad1,696,551,711,551,551,wrong_to_other_wrong,layer1_1_conv1,
fp6_e3m2,321,52a65c0141b38c0d213a06eaf439cdedfc6913fbef686f0141de1eafac37c8dd,359,359,190,196,196,wrong_to_other_wrong,conv1,
fp6_e3m2,322,52cd565dea452ab1c5b11ff82d75daaf36c74fc27679109b46c1e04650522625,492,492,492,492,492,same,layer1_0_conv2,
fp6_e3m2,323,5378330277a7eab2aa7bcae65dc8c395344380f6e3ddcc4e5d1253dd50020c1a,186,186,186,186,186,same,layer1_1_conv2,
fp6_e3m2,324,544bb199c11fbc5f14e318dd2250db166d6449674dca3b3d30930ff86d7e9d30,377,373,373,374,374,wrong_to_other_wrong,layer1_1_conv1,
fp6_e3m2,325,5476e6d729fd1ecf477bd18eeb1ad632512e7575a30dc96e2cf61b6d81400eea,289,289,289,289,289,same,conv1,
fp6_e3m2,326,5499674a6530db319b97be5bbe39241039fe96cd4111f3c12e2f542311c4b6c5,571,425,449,449,449,same,conv1,
fp6_e3m2,327,55683fdded3943e15ca6c1804a5328cb090688f3629195bee680626725fc3b39,618,618,618,618,618,same,layer1_0_conv1,
fp6_e3m2,328,556fbfcbeb7aa45e6639b4c126109d07517538ecee7117169a4a39a76fa3b1bf,537,537,537,537,537,same,conv1,
fp6_e3m2,329,55825d8ae4cd4e5a387a30187646896536930e73ee24cc8e4e0a0cb8e18f7bb0,325,90,325,88,88,B_correct_to_wide_wrong,layer1_1_conv2,
fp6_e3m2,330,55ada4e23d7a5735998d42c767584ee01c216fbdd79258b568dd8f7954cbe59b,361,361,361,361,361,same,conv1,
fp6_e3m2,331,55d70a4c670918e4423e526a2af6dcc7e62c8e085b55babf78528147581eef1d,342,343,343,343,343,same,conv1,
fp6_e3m2,332,55f1a3b90bc9f16200f51c0f3f9045211c39f2ece78ce4babc9f7003081a9b8a,513,875,513,513,513,same,layer1_0_conv1,
fp6_e3m2,333,5603d56faa088a4d1536519904e44724e642f0985d80f4a05d72e3cd69001418,183,183,183,183,183,same,layer1_1_conv2,
fp6_e3m2,334,561dd27f4fed6753af1800852505220347d29b33adb78e35ce2cb300e5b60758,391,394,394,394,394,same,conv1,
fp6_e3m2,335,56856185dd74f5877f006c74ccdb324db5274e540fd3e19a122bdd2df0aca747,741,283,285,285,285,same,conv1,
fp6_e3m2,336,56d2688fb913f04f3df7daf4e5039e319e4b70da7086094a0980a747413a6164,953,956,943,956,956,wrong_to_other_wrong,conv1,
fp6_e3m2,337,56e36239796d5396dc654d293890c98a4988a8b7d8cbf7419ecc26d15c6bc252,439,439,439,439,439,same,conv1,
fp6_e3m2,338,56f7d35ed973cf18c726f0b17a753f576c176853eff19f5089789b2c4428e982,360,360,360,360,360,same,conv1,
fp6_e3m2,339,572bff9c81c0664518df473afa734c8e814d7d101d88042f8beb4f0e1b9f55bb,587,587,587,471,471,B_correct_to_wide_wrong,layer1_0_conv2,
fp6_e3m2,340,576e6cc0d681634eda6aecaee2a74c372ad05215c8ba2f93a83381ff296542f3,463,756,756,756,756,same,layer2_0_conv1,
fp6_e3m2,341,57b24289e7ee8379c13f470ec769caa5f41607a0e28cbc84a1320cbbcfeb4aad,947,947,947,947,947,same,conv1,
fp6_e3m2,342,57b8bf392cf90c8c333ccd644f24289e17a7fb53331d342baffa313a6ad101f7,760,760,760,760,760,same,layer1_1_conv1,
fp6_e3m2,343,57ccb3d2276c9cab1264cf53787001bba3c0e99572072bb8d88a3ca13452bc9a,400,400,667,501,501,wrong_to_other_wrong,conv1,
fp6_e3m2,344,57d425c2e7f5461f887aa91dad017cda8c1e7263f94dd4a0da8357d8a5e9e5a9,83,83,83,83,83,same,conv1,
fp6_e3m2,345,585da955e35a2fb89b5202a50d79b9003921417ac7ae628a44cda54aa69019e3,256,693,801,801,801,same,layer1_0_conv1,
fp6_e3m2,346,586350e5d7097d209da044456455454b723d3de9e98c923f5dc390cb0d80f91a,828,828,828,828,828,same,layer1_0_conv1,
fp6_e3m2,347,58b76cf641598eec77ffd1afca13f21a248a512fe04a5ef35e8fcf0186b1f68a,595,595,595,595,595,same,layer1_0_conv1,
fp6_e3m2,348,58e483327124efb5f3860ba95109908aca669c5de4443d8feadd1eb43b61d456,8,8,8,8,8,same,layer1_0_conv1,
fp6_e3m2,349,591dc2e8071bda4d738f0d13ca55f90ec64bc21d6c4a7d0c9fbeabc6daa3dc41,163,161,161,161,161,same,conv1,
fp6_e3m2,350,5974a45aedccd19d14461569e71f84594a2c75c5156dfb4f6941a10f78da167d,323,323,323,323,323,same,conv1,
fp6_e3m2,351,5ab5e651d4c8024268ee1636bcbc4ee26f02ccf1122b06dd262d61fda10fd0ab,425,425,425,425,425,same,layer1_0_conv1,
fp6_e3m2,352,5acabd5b8e0b17a7e83331d59ea83841332d8d96242ecdab831ff85fe1870599,827,827,827,827,827,same,layer2_0_downsample_0,
fp6_e3m2,353,5ade0ba42378fc6fa9ed09a5762d3969c2f23bb03205da5fa934a19a515fe82c,146,89,89,146,146,B_wrong_to_wide_correct,conv1,
fp6_e3m2,354,5aee57203e7a0b0d6c044334be9fddb551386662ac04e8c9d6cf4b0a4467e331,932,860,569,468,468,wrong_to_other_wrong,layer1_1_conv1,
fp6_e3m2,355,5b0becf3c2edba055b71b396bc13cb2907f16efe21dec92257881676cb7ba341,639,639,639,638,638,B_correct_to_wide_wrong,layer1_1_conv1,
fp6_e3m2,356,5b73f0cad83c10e73123385626d81c78cc34621a3faeb7497cd2ff153d2368e9,480,880,799,799,799,same,conv1,
fp6_e3m2,357,5ba81bb8e998b2d811501a910bb454668df8dac8b5269c7455de47afd6eb5948,275,275,275,275,275,same,conv1,
fp6_e3m2,358,5bcbf48d02cf59c081d4da1967f9a28174b7a5dc08bd597cf926a29fe595153e,842,842,842,842,842,same,layer2_0_downsample_0,
fp6_e3m2,359,5c5696905f98ac36871aec48ea66626cb9607cd6a57f0d740572ba061f51eada,482,482,485,754,754,wrong_to_other_wrong,conv1,
fp6_e3m2,360,5c745f03fbcfcf803dd3f9260571f8b800d92a2b085606a2ea9b2f860f92bfe0,815,815,815,815,815,same,layer1_0_conv1,
fp6_e3m2,361,5d2df83342dfe3145fa807ac11aa371051f763afc78c615b8f87ab392ca2bf14,479,479,479,479,479,same,layer1_0_conv2,
fp6_e3m2,362,5d562ebece289000483f8b78a2acbc7e4cb22120bd9181b6126793ece41b52a5,864,864,864,864,864,same,,
fp6_e3m2,363,5d77c85144358e578737833b2f4e51b9d6b094bfda5186cc4a10e7dfba8d8c8c,869,869,869,474,474,B_correct_to_wide_wrong,layer1_1_conv1,
fp6_e3m2,364,5df5847f0cd83a1e1ea0ebb7a0e1afd590d76201f9810b867c72782382915cdc,498,415,424,480,480,wrong_to_other_wrong,conv1,
fp6_e3m2,365,5dfbe9f1b3bb998d3754007be52019326dea4d8dd8f069830ca9b3e5c2b9c385,165,234,234,165,165,B_wrong_to_wide_correct,layer2_0_conv2,
fp6_e3m2,366,5e0dff31ffe463483535e1f4dfade5123f0ab00d1e3922acf0abb3dbbea87557,667,667,667,667,667,same,conv1,
fp6_e3m2,367,5ea1b697732ab184d32c5ed45a59348d2f03a927c2f39450830491dff813cfef,263,263,264,263,263,B_wrong_to_wide_correct,conv1,
fp6_e3m2,368,5ec49e13d45a4c7485ecaa04b7c56818643afefbad5a3e11f206b44fc7772e13,819,819,819,819,819,same,conv1,
fp6_e3m2,369,5edb22b94f29efa0195034b7b83bc327c55bf6861a4674335b8fa88232fb2741,969,968,969,809,809,B_correct_to_wide_wrong,conv1,
fp6_e3m2,370,5f86a21de123bd70ecd1e3b594a0ff53a6f71bf13065ca3b2991f69657fbec60,491,491,491,491,491,same,conv1,
fp6_e3m2,371,5ff8fb90fe1a4adffdb55e2ca07b3666bfeeebc43d294fbd48161db0b69e2c2b,880,880,880,880,880,same,conv1,
fp6_e3m2,372,60157d49f8462e2fd619cc62588f64ccd481d9a8efd58786eef059e67cb75102,272,272,272,272,272,same,layer2_1_conv2,
fp6_e3m2,373,60a610232838c3a9e8d7b51fdddfda54eac78150e628bcaebc4dd55327b298fe,631,454,454,454,454,same,,
fp6_e3m2,374,6143c3a4bd59cf1693dca19d0565542cc62d82a60155e6fc5206b202b917b231,493,894,894,894,894,same,layer1_0_conv1,
fp6_e3m2,375,61cc5fd5ddcbc5e18d0e1aee53d75abc40a4df178f80273247b6a741816a07a0,159,246,246,246,246,same,layer2_1_conv1,
fp6_e3m2,376,6212f8a2707572ef4ac166d44def1da36c072ed81303f8d2e85e90a2afde0f6a,121,467,467,467,467,same,conv1,
fp6_e3m2,377,62252d19990c8c92893de6640f7f95da2115f46f8d7e6e64efafd33ac54c812f,536,724,724,724,724,same,layer2_0_conv2,
fp6_e3m2,378,62696424327dfc09be426bff723e44853ecf68c3643ca16367a06fc9b7175b6a,602,602,602,602,602,same,layer1_0_conv1,
fp6_e3m2,379,62c3777764582a408e37e55994679893e2ef4f3b3218e039cbc5749b60bea178,385,385,386,386,386,same,conv1,
fp6_e3m2,380,62cb6dedbb0a3fc3ef0dd746cd179b8a384a707eee94ebed2ef6ef42f2d14aa8,797,591,797,591,591,B_correct_to_wide_wrong,conv1,
fp6_e3m2,381,633e1703677268338ac936c9e9c169389aef9615ea9b9c9e21c9c4869a581332,28,28,44,44,44,same,layer1_1_conv2,
fp6_e3m2,382,6380183282d1e713d6cf35ed5d837cf539da40ec52d742d48b20f73f9dd72f00,440,784,907,784,784,wrong_to_other_wrong,layer1_0_conv1,
fp6_e3m2,383,63f20fd00a13a85156338dc2904d0a3c7562dbb3642e7ca89869ac9b908fdace,156,156,156,156,156,same,conv1,
fp6_e3m2,384,658621f938c86f371e9adba21073d1203d039735399e2166613d04f7ab9b6bcd,33,33,33,33,33,same,conv1,
fp6_e3m2,385,65d3f1c1f7b2acfac41084366458470215189455e78549e5b760bcc2e26315b3,276,276,276,276,276,same,layer1_0_conv1,
fp6_e3m2,386,65e00e24ab7cfd8ba983f0d468774e14b871762a127ee0460c8c2f1cba574e27,975,344,449,449,449,same,conv1,
fp6_e3m2,387,666481b5f1406fda00755a3352fe21f5d5f0d591501e4e84f8e084a313e3ca15,905,789,905,905,905,same,layer2_0_conv2,
fp6_e3m2,388,66871acb63de718b0ad1b06339cf24d70ab0fc8e4c8a0271e31c02ef14736952,808,879,707,707,707,same,conv1,
fp6_e3m2,389,66894a6344ec7b2f0d374601d0e7158a93f77b341acdfe4490397b6d6f47de2b,651,648,648,648,648,same,layer1_0_conv2,
fp6_e3m2,390,66b2b6b8654dd3b3ce54b16d38128cc9cb278fa71a6c79c9e9921c41472b44c9,497,884,884,884,884,same,layer1_0_conv2,
fp6_e3m2,391,66cec21feff87474b245ccc7e02c9a4969220aa31862c233189fa1ef9c3829a4,90,90,90,90,90,same,layer1_1_conv2,
fp6_e3m2,392,66d4e2eaafcba610d08df25dabc40d7c1c5ceaab01b9e3b94eade365a9cd753d,157,157,157,157,157,same,conv1,
fp6_e3m2,393,66f013d9cefbef762cdc2373e2d3f5bd1de5098e531f76b1b169597e246124dc,952,952,952,952,952,same,layer1_0_conv2,
fp6_e3m2,394,66f5d93e85f6316a1924408aa58bf85f46e4d531a4f979c510a1af2161988c42,874,874,874,874,874,same,conv1,
fp6_e3m2,395,674c477ee54c2fa33eb17e1e6e21d98bd8cf512c0ec32e12809ff88133bf38f0,967,967,967,967,967,same,layer1_0_conv2,
fp6_e3m2,396,67b0c252979a026bb7ce38abffdb1fa9b780d221dd06ff28a036c9814c9453b0,320,320,320,320,320,same,layer1_0_conv1,
fp6_e3m2,397,67e0bebe84de75b0d1e2a2337412c03ab4222a01bf0a357801edb963e7c0170e,84,753,904,877,877,wrong_to_other_wrong,layer1_1_conv1,
fp6_e3m2,398,68103f6fdfd924823da8a85271474c7b8f6e4752a8a7be2e0993e88a30755d86,21,21,23,22,22,wrong_to_other_wrong,conv1,
fp6_e3m2,399,68182be4536f04bf44661956d4dfde6f1bb28bcdd4b12f4747235092af5e3607,675,675,675,675,675,same,conv1,
fp6_e3m2,400,685769fb64703354fff6bf07a22b1197b27e52a3efed1b21731f07c2a0a49d90,191,191,191,191,191,same,layer1_1_conv1,
fp6_e3m2,401,68e7d11a42148678755208d8b0691470b6a8474ed1e104114daf39716a6840b0,744,657,744,657,657,B_correct_to_wide_wrong,,
fp6_e3m2,402,69707f7bb96751fa7f3a98bd91c5b7a00afaffce82f800478f2232ff5c6b7f39,453,453,453,453,453,same,layer1_0_conv2,
fp6_e3m2,403,699ac660fd7f1a2249e80cbdb737804565234ea34066d7b168cc3a1f1d21698b,245,245,245,195,195,B_correct_to_wide_wrong,layer1_1_conv1,
fp6_e3m2,404,69acdca9e6b4bcd586df7859570f5d57195e6c07f6e06c7cdd745bb59fa0b59d,206,206,206,206,206,same,conv1,
fp6_e3m2,405,69e819000d434daa99a83573adeabc447ac3602f6af86c068f986a05d143507a,321,321,321,321,321,same,layer1_0_conv1,
fp6_e3m2,406,6a705f364cd9299ec34622ea6c5377e3c6fd470b2ae7e260ec515d00576b2122,465,465,465,465,465,same,layer1_0_conv1,
fp6_e3m2,407,6aea3be62743365f0f68f3a37c521bcdf59f50c87c312061ce5949b7e22fd069,34,34,394,33,33,wrong_to_other_wrong,conv1,
fp6_e3m2,408,6af9c903b55cf8f5f1a9224def61f2db5d1edc7c2ce4213ba393f98ce3aa0727,891,891,891,891,891,same,layer1_0_conv2,
fp6_e3m2,409,6b0c1af0396c90ddd215fb30659389562dfad5e5c9f0abcba46fe3f866a3c540,437,437,437,437,437,same,layer3_1_conv1,
fp6_e3m2,410,6c25495884ba4078f17552a281db4d8f269b9129d290870602b4029b3d9f96b7,901,901,901,901,901,same,layer1_0_conv1,
fp6_e3m2,411,6d438d308ff77ead633ad029e69f7782f7697169c73808e78b32e9d641e9a1b4,616,616,616,616,616,same,conv1,
fp6_e3m2,412,6da87ad8b7b3483303ac50ce404dabebb10b84ef80bf0bd0407a4329e89c7bb3,336,336,336,336,336,same,layer1_0_conv2,
fp6_e3m2,413,6db5f4e87ee428ac4d6aa50d1ab56d9f49c35468364766291f8ef7c65580bea1,103,103,50,391,391,wrong_to_other_wrong,conv1,
fp6_e3m2,414,6ddcbe0fbbe6c23d7caf286d610474606d86cf7e0fa845b67b8aa2dae4e48228,233,267,233,256,256,B_correct_to_wide_wrong,layer1_0_conv2,
fp6_e3m2,415,6df5d4e95eac73cb292cc8a6771944ea187e9538fd69407a322ccaa5ee49869d,144,144,144,144,144,same,layer1_1_conv1,
fp6_e3m2,416,6dfefda541dde0507b9862d482ec67f0a5f945be11e0d8eedcb8a7b801f0fee7,786,786,786,786,786,same,layer1_0_conv1,
fp6_e3m2,417,6e17c44572f4e6d08b8f6f454762da3e0ba86a6eb05d980b10f03295fb9a4840,885,885,775,775,775,same,conv1,
fp6_e3m2,418,6e77ab5d7985588d4f6e408c857763059e096721c6e942736f47109007b3139b,588,588,588,588,588,same,layer1_0_conv1,
fp6_e3m2,419,6e8e8abfef4b9c6db0d4cd809f0dd14eaa1d4fc3eb4276bada18bb9d9fa8be2e,838,841,838,838,838,same,conv1,
fp6_e3m2,420,6ebaec0af02a3ae489f324f67a2305156352257f74265b2205aaffa3d3e6094c,455,455,455,455,455,same,conv1,
fp6_e3m2,421,6ebc880600c22d61942b71855279f8640bc5405edeb0a961550ae6c5d8185e78,945,945,945,945,945,same,conv1,
fp6_e3m2,422,6f03d76df7cdb0585c3f0ea4d23b0ea79c9dfc59c6771a447c25a3de06ce61e5,392,392,392,392,392,same,layer1_1_conv1,
fp6_e3m2,423,6f66f5fddbdc7c6eac85f83a9c0b7e7a028280497633334453c1abf5c601fa02,554,554,554,554,554,same,conv1,
fp6_e3m2,424,701bc4b687f6f3906df2cf08bca73be72fb43242b509a07d2ae95a806927e11a,251,251,251,251,251,same,conv1,
fp6_e3m2,425,7034b8dab7f0c86530e6556a584f80f2ca8f57d07e60061a259d0d967e94d860,352,353,132,132,132,same,layer1_1_conv1,
fp6_e3m2,426,70b810b541c96f255c7376b4fb4102d06cef703ceed82a2ef0e003d551b5972d,691,691,601,601,601,same,conv1,
fp6_e3m2,427,710cd89e8ae3fe27fc79806ad8338f2fee534ffcfbbfe772c5fe32af2d8e6137,421,421,421,421,421,same,conv1,
fp6_e3m2,428,71126f237a6f628f3ea5d43e734437fcf8ac439811802c981d3e9ed4d09792db,811,770,545,770,770,wrong_to_other_wrong,layer2_0_conv1,
fp6_e3m2,429,7184960e1acee479c9a7e3d120113f8d94f6d76ba72b13951bcbab3f6fb8c8e4,164,164,164,164,164,same,conv1,
fp6_e3m2,430,71fb786052e8d5a6515eca183c613149dd9b6394acb276621f481564a824c840,998,998,998,998,998,same,layer1_0_conv1,
fp6_e3m2,431,7276a311815e1412c9860543215d0fc5549bdd5a189922ffb49b0c8678461967,355,355,355,355,355,same,layer1_0_conv2,
fp6_e3m2,432,7296c9a9fe3d9938c7de15a262235de9e85aa7b6c55e572108b8d8aa8fa4ffbe,427,427,427,427,427,same,layer1_1_conv1,
fp6_e3m2,433,7349be7dc1e95c96fc666f82fe3836c143d774960c3d9c9708dabf43d92276d7,629,629,629,629,629,same,layer2_0_downsample_0,
fp6_e3m2,434,735b83bb62e09ad7007d838b546e2bd561dd4b76e86c877b086fde71d98d35fa,586,847,847,847,847,same,conv1,
fp6_e3m2,435,7369807e17c07f833c757a66021be6e753e346f519b9cc128a40561d635ed89f,921,921,921,921,921,same,layer1_1_conv2,
fp6_e3m2,436,737297bfbb36f05eea63edafa81d30ed7f9e762c3a974ab097e56edb63a81023,203,192,203,199,199,B_correct_to_wide_wrong,layer2_1_conv1,
fp6_e3m2,437,741c73e21379ff3a7ad219ee0b8745c5e41b6d33d40bb0c56e3a4cc7e9e25b5d,187,187,187,187,187,same,conv1,
fp6_e3m2,438,742da7149053e97984a654c6a16feb9e11bd4354c62b00179c95c5026ccf6d80,645,645,645,645,645,same,layer1_0_conv1,
fp6_e3m2,439,744f956e63618d79df0d42ea25b45218622d12a3734931e8783bc7523affe3d6,227,227,227,227,227,same,conv1,
fp6_e3m2,440,7470ce565f2056af157e5055d4cd4301e3cd9f7519f5f807f7d0330f056f5701,685,685,685,685,685,same,layer1_1_conv2,
fp6_e3m2,441,7474c343045bd6573308bf2be5ce09e7ec813163539df78029ad0a83dac8a557,622,622,622,622,622,same,conv1,
fp6_e3m2,442,755e3df0a534d3702dd4d4cc2cfbde23b02646bd574b6c552627fa6e955b6c6c,189,189,189,189,189,same,conv1,
fp6_e3m2,443,755f3baaa42be7ebba09e370ab50bf90870a9e88531e29c8853c118b9cfdf943,106,102,85,102,102,wrong_to_other_wrong,layer1_1_conv1,
fp6_e3m2,444,75699ef58dac3d0e981eeda837ae921910bc90239f0c2ff6373b4f191846e4e9,768,615,752,615,615,wrong_to_other_wrong,layer2_0_conv1,
fp6_e3m2,445,7589e39bfdc47844d467d1168ed978c35203c02c737d902813ff0e4b018141d2,930,930,930,930,930,same,conv1,
fp6_e3m2,446,7780f7899fc541425d1a18c6981b4a555d4b56e2016a8174882054c5bf26d967,641,641,543,422,422,wrong_to_other_wrong,conv1,
fp6_e3m2,447,77e189990ce55e9932d1a572ede3e06a2db4f8597b6231e19390dcc368994adb,660,519,519,519,519,same,conv1,
fp6_e3m2,448,77ffead4f44cc2b206e9c2aeecc3027770d3f6c3c47e2591dc057a2708c4d750,544,544,544,567,567,B_correct_to_wide_wrong,conv1,
fp6_e3m2,449,781fadf50fe1c063ed9edcd0fff281d1362753aa6e35e6bce7b4d1937d96a0e7,594,594,50,50,50,same,layer2_0_conv2,
fp6_e3m2,450,78267a1c9747bd110e6330d4e16306f3401229783430870661b8cb27fb1aea57,636,636,792,459,459,wrong_to_other_wrong,layer2_1_conv2,
fp6_e3m2,451,789f87815f5ab5f057ddcce4f0e05b376a09fab71cc3c6207b058db2a684bee7,76,76,76,76,76,same,conv1,
fp6_e3m2,452,794c780c19496a2f368ea91a0818433538bcc53fdabee8a0da06271a7269ca61,24,24,24,24,24,same,conv1,
fp6_e3m2,453,7a3f186d6f3e0a23baa7bbeb83e58c73357e29c7af5bb47ab3141f7fd02ace32,167,167,166,166,166,same,layer4_0_conv2,
fp6_e3m2,454,7a574cc2ef2693fd6385f418af5f63773b7adf8247a09613e497a2a98e4b19b3,677,50,50,50,50,same,conv1,
fp6_e3m2,455,7a623c7d3f573eb40e5c8a15294be7f4e3b29d91a2113fb878b1454064cf82fa,36,35,35,35,35,same,conv1,
fp6_e3m2,456,7a868fc6fc1f178e0655c469e62922e43c76d67a392e6f91f7ffa3723fc1294b,518,518,518,518,518,same,conv1,
fp6_e3m2,457,7aacb6a9544eaf1da0a00c8f1d1a6106dd9df9daad3721f766445c062e1f17ca,623,714,769,769,769,same,layer1_1_conv2,
fp6_e3m2,458,7b472984ae4445ff49285fb0c8d8588487dabde19e2d733b4d3a0b7e1f135293,914,914,914,914,914,same,layer2_1_conv1,
fp6_e3m2,459,7beb6580c24fe40ea0d36c7ed1a0401509a0623213f088dbf47bcde0d6f68f0b,934,934,415,415,415,same,conv1,
fp6_e3m2,460,7bfabc829d309556e9d511abeb35e7efd131c9482d6f61ae1bd7af13c006fd49,335,335,335,335,335,same,layer1_0_conv1,
fp6_e3m2,461,7c052fc029e05cc799f5a2e69ab356309c45e3b8f5e46ee185df6255adf465fa,935,937,937,937,937,same,conv1,
fp6_e3m2,462,7c0a794535d5d6b287691bb9edeee39ca09c9df09b297b957ac638fea2d5f592,699,198,731,788,788,wrong_to_other_wrong,conv1,
fp6_e3m2,463,7c4ed1c6d82b814f4ad9a775eda580d3cab338092c2a7e992d222a11d827aca3,116,116,116,116,116,same,conv1,
fp6_e3m2,464,7c8ea855c144d3ca16dac7a33dd8e75d8a8beefcb0ba32e7459f47510c09a38f,608,608,608,608,608,same,conv1,
fp6_e3m2,465,7c9eae6146640c59ec8f3a6953614db4b979c8e8eee18336b8b40d59b3c308db,721,905,831,831,831,same,layer1_0_conv2,
fp6_e3m2,466,7d68283bbd7ec49db723c1ebefb9644f689b7079947ff57602b24cdf9fe9b5e7,65,65,65,65,65,same,conv1,
fp6_e3m2,467,7db8e1242fb0149e625f4f29e96ef0312411dac05cf765be3cf835ebdeaecad0,860,637,637,637,637,same,layer1_0_conv1,
fp6_e3m2,468,7dd0463be42e072a0dc584c4ce0d6a5a19aac56d271a2edd0f6735372418a730,626,626,862,818,818,wrong_to_other_wrong,conv1,
fp6_e3m2,469,7dd378cab87a6e7722fc3336af306919184924c4bb431eb5635909e48120e8aa,296,296,296,296,296,same,layer1_1_conv1,
fp6_e3m2,470,7e26f2be808d0fb0e5d50166af9f18262abf2ca68b37d4304d82bf29082cfe20,145,145,150,150,150,same,conv1,
fp6_e3m2,471,7e4be2e60e25a87929a4406bfaba5439488167fedc7cf4c568430ee799cbf980,223,223,297,297,297,same,layer1_0_conv1,
fp6_e3m2,472,7e982b58fa99875cf059fb6a13ec6b12633ca92f726363470d6ed692b73ea83f,45,45,45,45,45,same,conv1,
fp6_e3m2,473,7f2d4c6894b3a686d51537ba96edda1de4f58041647638cfd0332c58e3ae4ebd,908,908,908,908,908,same,layer1_0_conv1,
fp6_e3m2,474,7f6341d5078d8cfbe073354fc9c2ed186d7cd8e824f66f2223f9fd8e22f09c61,77,77,77,77,77,same,layer1_1_conv2,
fp6_e3m2,475,7f8936c1da70769ad386330ef4be908c44581c11d9b9e416459fbd95ced88f71,215,215,215,215,215,same,layer1_0_conv1,
fp6_e3m2,476,7fd9ca7b940941b0db6ca6fc689f57d644bb9a3895659a63b306b412b0be220c,5,5,5,5,5,same,layer2_0_conv1,
fp6_e3m2,477,8030c56c7f5fb951b579f8991cdf2d220525fe741cdabae2ddb9105c570e9bba,449,449,449,449,449,same,layer2_1_conv2,
fp6_e3m2,478,8078e0416a17af6f2e821e68d33af0a2beae1fa17222682cecd1569e9d373804,120,124,124,124,124,same,layer1_0_conv2,
fp6_e3m2,479,808829c9b2f3d269f942649e0e7c36f6993dc34190e6d71e425a76a6f68e228d,128,128,128,128,128,same,layer1_0_conv2,
fp6_e3m2,480,80f3a1075c0827ad5857b10b8cc65f6bcabecfcc421f19bec75891db8471e5c0,740,740,740,740,740,same,conv1,
fp6_e3m2,481,8158ae69693332d57201cc4683f5b2cc8907986c3d11a1ca18f144a7f96345e4,111,111,111,111,111,same,,
fp6_e3m2,482,81ab17a743e300b6d1e3d4036b6e9089dbd0948c7870d6c8bde8536deda10812,180,180,180,180,180,same,layer1_1_conv1,
fp6_e3m2,483,81b13914990af25dc2d6dadc79374f77633d4dccce67e71753f9cbcaefab0c5c,674,674,674,674,674,same,layer1_0_conv2,
fp6_e3m2,484,81b6278bbe90bce85f27e0d7d8d02f6ed4a3df919de501dc6e4b90d99fee6a59,704,704,704,704,704,same,conv1,
fp6_e3m2,485,81cd0c91ad4f66be214a3cc466b2ab14753974494f086eaef20852ae7b699f05,507,626,786,626,626,wrong_to_other_wrong,layer1_0_conv1,
fp6_e3m2,486,821d4a163e63771fa8f8b6e5348f13d2209fa91a9398ae8a835a69a64025e02a,315,311,317,317,317,same,conv1,
fp6_e3m2,487,823b637327b1bb7f2090391f29fb6b410ffde5f417f2135b2628af452f789b8a,686,686,686,535,535,B_correct_to_wide_wrong,conv1,
fp6_e3m2,488,828943ff43039d65e70a288506160d9d7eafbd954d358dc2a4d47a240bff7de3,505,773,899,899,899,same,layer2_0_conv1,
fp6_e3m2,489,82a4aceb2525acbd2bfb7c2589328effb691419145f94bf6c2b5c8f73e0da1e7,179,243,243,243,243,same,layer1_0_conv1,
fp6_e3m2,490,8309ddbc034c7b7ec3d0a7c5f6a212ddea7778a640a8795ffa008e111a207301,317,317,317,317,317,same,,
fp6_e3m2,491,83268cc492008214190591253ff47fa573b0c5b171904830912126e28a2b00ab,719,719,719,719,719,same,conv1,
fp6_e3m2,492,8351630e7af13fc7735bec1d8857166f7fc5bfe714712c215cc595c8e417eaf8,383,383,383,383,383,same,conv1,
fp6_e3m2,493,8352a8a68f63494ee15a770f522197945ac761a5eadc453f7453029a41bda811,232,217,232,231,231,B_correct_to_wide_wrong,layer1_1_conv1,
fp6_e3m2,494,839e28e03afcd379cfd0bad416c82b1e91e26d6dc6b56033daa4bb53fbb92aec,923,933,931,415,415,wrong_to_other_wrong,layer1_1_conv1,
fp6_e3m2,495,84d4c655e0e9e0a22e8e43f387239eb4bae45b49924757fa6744503817553b10,464,683,683,763,763,wrong_to_other_wrong,,
fp6_e3m2,496,84e241ee3ef29ffde5528dd99e4df9b4763830998678ee312ed7901a545ba658,717,717,717,717,717,same,layer1_0_conv2,
fp6_e3m2,497,852a6f77137d76a23efababfb4d0f1e9156e31a51cf68bd127e88f7d880e59d6,494,849,849,611,611,wrong_to_other_wrong,conv1,
fp6_e3m2,498,85c08e3c18045e9f6c4fb35fef2af3ba91d29e4a456fd3dda96cf3d047b604d2,20,20,20,20,20,same,layer1_1_conv2,
fp6_e3m2,499,85d21a5fbda0a8d666d8bd467e07840d211e33b86b9604f1f539368382ce221a,725,725,725,441,441,B_correct_to_wide_wrong,layer1_1_conv1,
fp6_e3m2,500,85d7124d6ac1ceafa50223e5906389a2dc3d1c53cfd1a763a94330137ff7a7e4,841,841,841,841,841,same,conv1,
fp6_e3m2,501,866936f6d4f04ea9e372e882ae541404d071a30902381f4657cafdbba3989137,567,567,463,567,567,B_wrong_to_wide_correct,layer1_0_conv2,
fp6_e3m2,502,86a471d01c629f97eaf7712596755e14d58f9e11667963faae45447dc6bb2a12,519,519,907,737,737,wrong_to_other_wrong,layer1_0_conv1,
fp6_e3m2,503,86e9f1040b4c54cd5ac742748e925306a61eb9f640cb8a48cd69a83b41648c9c,170,170,170,170,170,same,layer1_1_conv1,
fp6_e3m2,504,870146269e44dbc583ebbe8e7516773d3efd9052ed2bc4e2d5afdf0e7dd1ccd4,452,452,452,452,452,same,layer1_0_conv2,
fp6_e3m2,505,872b8c8b7f1d9a9e908b6a25149aa1a9b59c68ba3cd096dcb6e445f34f0f16f0,500,500,500,500,500,same,layer4_0_conv2,
fp6_e3m2,506,87bee61f1cfe7bc3761a7db514cc6494f1a345e7529c365dbbc401c030e0ab5b,552,552,552,552,552,same,layer1_0_conv1,
fp6_e3m2,507,87e922a490345aa0d82fef69c06bb4b1fc62f88cb97bec78f1ac7e1b22e5c46d,155,152,155,152,152,B_correct_to_wide_wrong,layer1_0_conv1,
fp6_e3m2,508,88440dd950c45b4c954d011dbc9fdf7131fb3ffd07de16d28cbd96fcc831cc05,763,512,413,413,413,same,layer1_0_conv2,
fp6_e3m2,509,88cb1e3aaa4334472c2430b1a2e411aaeefd3dcb0d30a62f44c04f6fc101a43e,23,23,23,23,23,same,layer2_0_conv1,
fp6_e3m2,510,891d5958aee0f01728f9df30a0041d9b69480ca5fb648758af6e1d81373f71c9,19,19,19,19,19,same,layer4_0_conv1,
fp6_e3m2,511,89455dc6bdd9b9f02fdb07d5731e930c215c85eb94838d185a99aaaf8540a31e,158,151,151,151,151,same,conv1,
fp6_e3m2,512,89c0f39af705e13240005cfa390923cecd64047f1dd6c030126cdc122b1233e9,976,976,976,979,979,B_correct_to_wide_wrong,layer1_0_conv1,
fp6_e3m2,513,8a0c893397851ae44fa3f562926737475932171d99eef17d056cdaa92bdd7af6,454,824,824,775,775,wrong_to_other_wrong,layer1_0_conv1,
fp6_e3m2,514,8a0f5a4fde554752a257096290c55ba54ba19e348656615c14a02d0dd8a5743a,855,562,562,562,562,same,conv1,
fp6_e3m2,515,8b2316127926df088d93974e44539629fdf063067ec44e579de9a977a8237016,506,703,703,703,703,same,layer1_1_conv1,
fp6_e3m2,516,8b570769746f16fcd8a041da02d6f3d83a0ce698f0cfd495d9b9416add5f65b5,25,25,25,25,25,same,,
fp6_e3m2,517,8b8bc87d672759610c723532290817d88f8cb17417969f9690da82371523f35b,508,550,899,505,505,wrong_to_other_wrong,layer1_1_conv1,
fp6_e3m2,518,8b9f826e63f50355b1a8c36d81ea47ca1503815fccf392bcc5b19195d94b1e75,865,743,886,448,448,wrong_to_other_wrong,conv1,
fp6_e3m2,519,8c6cda8e646f3d588af9f6770140c1a5a6e21524118e2650ce25e6803d898552,3,3,3,3,3,same,layer2_0_downsample_0,
fp6_e3m2,520,8ca9c403ffd8d1b977005713e1787ed5a01b9309c706949c0c3ea1d7380a1586,101,101,386,385,385,wrong_to_other_wrong,conv1,
fp6_e3m2,521,8d159da7e7f94c18fd05c24efa10f9a33efa36326890033d61305d6a263cd764,974,974,974,562,562,B_correct_to_wide_wrong,layer3_0_conv1,
fp6_e3m2,522,8d2af6106fd16494454be0fda295864ff1bc4a4e89e4b4f469a0eeef6892a959,81,81,81,81,81,same,layer1_1_conv2,
fp6_e3m2,523,8d6cf0a92db17bfe5550e749c288422db39674c8e236d2022e360b68e1ce32bb,297,295,295,295,295,same,layer1_0_conv1,
fp6_e3m2,524,8d87433817ca24e9da8d9de9a25dbbdaebf82055bba35a0163c020efc2e25fb7,611,611,611,611,611,same,conv1,
fp6_e3m2,525,8dcd99fbc7a178109597565a6e68bf05a94ec8c3686fd3bb0f0c8dd5ecd15767,812,812,812,812,812,same,layer1_0_conv2,
fp6_e3m2,526,8dd74e5a74b0d39a26ad51f4a02e9366391429c8ec6fdd28803b18bffcf2ee0a,915,915,915,915,915,same,conv1,
fp6_e3m2,527,8e38bfb99d2b98ab068f4a7f08d7ee15b1036edf83a22bf073f3b0eb57c4a632,698,698,698,449,449,B_correct_to_wide_wrong,conv1,
fp6_e3m2,528,8e63e2476a1268a7f7098556dc5fcff6439c9761b3b4748d7c9acba577442d73,499,499,499,499,499,same,conv1,
fp6_e3m2,529,8e7546d26282a90752cbda52dc67bce0e7594ce60d2c1a37f899aeb5a14261bf,43,43,43,39,39,B_correct_to_wide_wrong,conv1,
fp6_e3m2,530,8e955daf40a4f852d2fe87a51c34b8b87e4ea5f51bfa9e9332454ec33caba744,253,242,242,242,242,same,conv1,
fp6_e3m2,531,8ed637759e25e45d6a65535898e0dcaebc86cce84920c7b419b5384ae5b604bf,337,337,337,337,337,same,layer1_0_conv1,
fp6_e3m2,532,8f4c081cf4276629b1f645491f675a10faf25e5f74c632f963847f1b63985300,73,73,73,73,73,same,layer4_0_conv1,
fp6_e3m2,533,8f51a8b8adb9646d83a53742cf6a3cc67579cb060a04cd6912192389491ede11,304,304,304,304,304,same,layer1_1_conv1,
fp6_e3m2,534,902164e1f4ad0490b2a17390b637ddea078c5a9db31f682e4f2895b4796068f2,413,413,413,413,413,same,conv1,
fp6_e3m2,535,903764a259ab3f6391c87f47bc21f44446212c557705e1c4b75af5471e7aac09,264,257,279,279,279,same,layer1_0_conv2,
fp6_e3m2,536,9055a293a4252c48a851483a7bbc4c74b64e422fd47ec7f295955075dec997fe,199,251,251,251,251,same,layer1_0_conv2,
fp6_e3m2,537,90d5b6f429db55798892ff6b00a694b34e26f46177a4436333daaad0cae43448,532,762,532,532,532,same,layer1_0_conv1,
fp6_e3m2,538,915a40b9624ae3bf623be4493b1b7294d1e22fedb1658859ad55cdb96321e5fb,136,136,136,136,136,same,layer1_1_conv1,
fp6_e3m2,539,91cf1a8f9e0becaa49a0f3fe22d2b52291300d751e8f6c7341025daaf20f2505,683,683,683,683,683,same,layer1_0_conv2,
fp6_e3m2,540,91e8ca6eb7758d97c8facf4eba4a4772ae9f2bbba290480297a0889f97306da1,432,683,432,432,432,same,layer1_0_conv2,
fp6_e3m2,541,91eb794099866a511971c29182f47b00e9f043614328521801461154601837a7,890,890,890,890,890,same,layer1_0_conv1,
fp6_e3m2,542,9227a6994863fc88b92311e539b8d00203195589e14de0c5c4b47d7f77b8e152,707,707,571,571,571,same,conv1,
fp6_e3m2,543,9268bc3f13bcb991056c3b679330402d194a74750c67a7856ebaa5b7cbac690d,577,577,577,577,577,same,layer1_0_conv1,
fp6_e3m2,544,92a25bb643a88eb030cd641dcef9a79cf49723a1dfa9d3bd55bfa0037b555aec,926,469,876,876,876,same,layer1_0_conv1,
fp6_e3m2,545,92bf7ae06cb6f8175e55e2d3ee27b9d91e67d6e40b8da4b70eae20643d0dd736,410,410,410,410,410,same,layer1_0_conv1,
fp6_e3m2,546,93911164ecb77042358cc925105a642182a481192f0084a57fc16f3cb09c5eec,538,538,538,884,884,B_correct_to_wide_wrong,conv1,
fp6_e3m2,547,93f90080e1c09f7b0819e74f1d93f95c919288b13d6ad129de166ce70e76a37d,524,753,461,490,490,wrong_to_other_wrong,layer1_1_conv1,
fp6_e3m2,548,94096e5ad5116ce6959684997d19017c097173b52f02aa1ebb5c26f210862410,415,415,415,415,415,same,conv1,
fp6_e3m2,549,9419c8358da45ad0b54a4c451f9e27f2ad8c52aba04c29246983164a8b347430,112,112,112,112,112,same,conv1,
fp6_e3m2,550,94626b5d849d262c4cb84843c8ce92ec37e4bc96a312a6c64706a546ab380317,553,553,553,553,553,same,conv1,
fp6_e3m2,551,94adc2a9479167f4bea32cc5c61a79808fc554de881268ef63fe5c71518c73af,147,147,147,147,147,same,layer1_0_conv2,
fp6_e3m2,552,94cc40164acd016ab6c718e441bee9da22414ef84babe99338a16106ca10c525,107,107,107,107,107,same,,
fp6_e3m2,553,94e6fcb9094abd5ea636740a70c4132fe25a49b27230d7eb93a562eb462db0cd,627,627,627,627,627,same,conv1,
fp6_e3m2,554,95060d34bc4336077860ae7a11690a6a2ac0c36a749f65e8cd726c499a0ec286,66,327,327,327,327,same,layer1_0_conv2,
fp6_e3m2,555,95165785c91f74b7346e05e37d677b9a6d455874693b14bac2d003e4303a2e30,558,542,542,542,542,same,layer1_0_conv1,
fp6_e3m2,556,9567e33f3ac6b149858b4d9233956d6c650a7e4426f037781df17325a746ad4c,85,85,85,85,85,same,layer1_1_conv2,
fp6_e3m2,557,95dada2279ae3a683d48ee185fcf5800b741d67ed1553fde09dbed5696529b93,655,655,655,655,655,same,conv1,
fp6_e3m2,558,95dfcdd2341666fb0acf471e0600873774565a3a702a4db9a56a1d64a09afe73,462,462,462,462,462,same,layer1_1_conv1,
fp6_e3m2,559,9605f08e31ecfb34a232eef4299135c4c2bf5cd83fe065b32f07da01ef0907ab,765,765,765,765,765,same,conv1,
fp6_e3m2,560,963f6116b74e9a154e6b3f852692464d91003e683011694e22a11f6f1b0456a3,528,528,528,475,475,B_correct_to_wide_wrong,layer1_0_conv2,
fp6_e3m2,561,965843deced0d7100d8a1528e3bd9f8e983257c4dc9e5819f12f587533ee886a,870,870,870,870,870,same,,
fp6_e3m2,562,96586f8cc35b0753aa163bb5de18b71e6aeca4438558ed2c381f00dc41e2cf7e,708,652,652,652,652,same,layer1_0_conv2,
fp6_e3m2,563,96700c474592b31791d41028adc204c4254969878efe0b71ea2e82ec80c1f21b,807,807,807,807,807,same,layer1_1_conv2,
fp6_e3m2,564,96845e8d5a2e384353bacfc8393e155130cda691f27e8cb07fb1a9b2d73c6cb3,254,254,254,208,208,B_correct_to_wide_wrong,layer1_0_conv1,
fp6_e3m2,565,96ba61f52f7463d1ae9e6d214918c85e528c5b5f33facf8abd3ec81cedcdbb52,604,604,604,604,604,same,layer1_1_conv2,
fp6_e3m2,566,96f1ee7c103c1441a37187f37d51e42a8beb04463a28ca74039640d6e376fdab,747,920,731,515,515,wrong_to_other_wrong,conv1,
fp6_e3m2,567,97550482386b57c66694bc07c85d2c8dc8c99da2efd81abb8fd583f1d3cf159e,931,930,930,930,930,same,conv1,
fp6_e3m2,568,977fdfabdca75e3ff69d1b226cad2b81334011e2d2b368b6f2ce1b57a67b8dfe,697,903,903,552,552,wrong_to_other_wrong,conv1,
fp6_e3m2,569,978a481905200315cab1a87795dbfdde3189841104379a7e03f5bb51e5004562,665,665,665,665,665,same,,
fp6_e3m2,570,97b738526386e52f74ac3a21e4f62c7a91bd2b8baa18de07ea86dc49151455ae,788,582,582,582,582,same,layer1_0_conv1,
fp6_e3m2,571,982f2716ce16c5459fe13740135866ea5e862917f751eb8a8236f17669983a97,386,101,101,101,101,same,layer2_0_conv1,
fp6_e3m2,572,9834056ff5bfdf54105a9835b975bff4d38a5de76e8c2165b2445a373e50ef54,531,530,685,531,531,B_wrong_to_wide_correct,conv1,
fp6_e3m2,573,983c6840ba62d1da2ac9f0895e9bd679c7dc37d278eb0053456b789aeb881d1a,992,992,992,992,992,same,layer1_0_conv1,
fp6_e3m2,574,98811878278b153c76df62bffc3c381a9a5e6a7e43e56c96a7398ef7e00c7eb8,644,644,644,644,644,same,conv1,
fp6_e3m2,575,99169c0982b9daf3b2cf58b9c9a78350b71b0770a8c9311997fb3a97ebc62d18,122,122,122,122,122,same,layer3_1_conv2,
fp6_e3m2,576,9940c733f3fa0b10d6e9ab0046a2192fd964596c200189c9a180f727497be798,688,688,688,688,688,same,conv1,
fp6_e3m2,577,9945ba3a4e179939afc30e262f12d412d5f469892f21315068c0d21033e07b68,959,424,424,424,424,same,layer1_0_conv1,
fp6_e3m2,578,99507b8b3db421aed44aaaa91844a43bbe7bb21f4e07fb4dd0844e25b918a9a5,863,863,863,863,863,same,layer1_0_conv1,
fp6_e3m2,579,996720fecfccae1286074499803bf7f89fa17b91f2341a744f723f530d5e6941,886,886,886,886,886,same,conv1,
fp6_e3m2,580,99bebd64ab211e7cdc59946814e01983bebbe1f9575103eb8d3099cf120ccf78,250,248,250,248,248,B_correct_to_wide_wrong,layer1_1_conv2,
fp6_e3m2,581,9a144357cd2e2346a7bc5f3aa4e5d50b445be4a6186dee059dd2c46e5396e6bf,273,273,273,273,273,same,layer1_0_conv1,
fp6_e3m2,582,9ac52916ed24476e71b10a9f542e3a69f781587ab210c69176731bc07f28c90b,922,922,922,922,922,same,layer1_0_conv2,
fp6_e3m2,583,9b2f93e06e54af38ffbdc2946c2f083f696eae60203f38859bd615b2544cc757,844,778,778,778,778,same,conv1,
fp6_e3m2,584,9b6e2c54a21ed4fff18353a405cbb9b7926ad89183f9b234de4cebe9a5ce70c4,417,417,417,417,417,same,layer1_0_conv1,
fp6_e3m2,585,9ba687064665e5d408e0856d6feffa50dee64bff38c58e59175af0de0166fb45,615,615,615,615,615,same,,
fp6_e3m2,586,9ba9c6601457456a9172980cc92e473daa4a5224b80232aaf31bcfbd663b83ad,825,825,825,825,825,same,conv1,
fp6_e3m2,587,9bda02e571524eed1e3b4274602a8f930687a273612ad7ced264334bf30fa83b,583,583,743,743,743,same,layer2_0_conv1,
fp6_e3m2,588,9be179ed7cae46de942858c3d4d518bf0e7c9976e7be4e49a2236308d4bfa987,258,258,258,258,258,same,layer1_0_conv1,
fp6_e3m2,589,9c06b347a415b9e9fa3e3e7521298dd2192c9cc895eac6928eac3e84a9a90a04,4,4,983,913,913,wrong_to_other_wrong,conv1,
fp6_e3m2,590,9c6355c3e69293b6f060b72a5e64b14e8a4f8cb24b211684f39e6e09a23fc211,805,805,805,805,805,same,layer1_0_conv2,
fp6_e3m2,591,9c6c4ed7f0dc697d87dd76619e6ca69093eda223548af8b98c3088e2ad1bd83d,637,637,637,637,637,same,layer1_1_conv1,
fp6_e3m2,592,9c76f9425367909db989fd4d6dfa9de9f452fd249380b7ddcb5e97a33c8ee41d,338,338,338,338,338,same,conv1,
fp6_e3m2,593,9c7e68f67925dc4a8821627a211fc36eb5ef10dbf7485fd839304042d0e59811,937,937,937,937,937,same,conv1,
fp6_e3m2,594,9cf239bb8d4742a104938f4fd3eac224c1a481115d5eb2e5b1bd38a38ad97725,22,22,22,22,22,same,layer2_0_conv1,
fp6_e3m2,595,9cfb2800004a9656a752db72eee57718d3bbca8e84b64cf0ba1c62ed5135fcf0,420,617,433,419,419,wrong_to_other_wrong,layer1_1_conv1,
fp6_e3m2,596,9d29a621b49ee1b9e4b465ea4ca1013e2673dfdeb6363be0b4790c9249f98436,457,918,681,782,782,wrong_to_other_wrong,layer2_0_downsample_0,
fp6_e3m2,597,9d2ebe351a7a77d9890480951062954cb7037259316676574eb645586b71700b,74,74,74,74,74,same,layer1_0_conv2,
fp6_e3m2,598,9e2de102f933198e153eeb8408db78df611ab4ccea976a2522bf9c86a1d21ab8,783,783,783,783,783,same,layer3_0_conv2,
fp6_e3m2,599,9ea35dc15cfe9d36c51bc528e71cd26bf7d993d8043a9965c97a7370f9dcecb9,303,303,303,303,303,same,conv1,
fp6_e3m2,600,9ee283497c47f6dc131210aa4837eca6b20633df1fd67cc201de2a7ead2cb257,733,144,144,144,144,same,layer1_0_conv1,
fp6_e3m2,601,9eebf723cc8c6f337a0e746b716f127a1979fa633c48257390da5f9737e9fcb7,694,694,694,694,694,same,layer1_0_conv1,
fp6_e3m2,602,9ef8359eb21152d2631c7707eeaca872d305d89aed7bf6e8e19d6959d2621df6,775,775,775,775,775,same,conv1,
fp6_e3m2,603,9efa6834e2bcd74b11cad29d976c883e8c57875bfb0f36de763ec3c945085473,502,816,502,462,462,B_correct_to_wide_wrong,conv1,
fp6_e3m2,604,9f100b33427e96dbd65ef4b1912f935aed6c4b960fa809288f537dc76f09a4f3,628,628,628,628,628,same,conv1,
fp6_e3m2,605,9f2647cde7c23e07befcb072e5fa8fa8a5ac014d5317ba38ae3378e5662c13f8,503,828,828,686,686,wrong_to_other_wrong,layer1_1_conv2,
fp6_e3m2,606,9f7ec9f94c1f999b136913fe80e96972f9ce46f54a733bb343e2c38a0c8ce694,906,834,834,834,834,same,layer1_1_conv2,
fp6_e3m2,607,9f80a677e95b6f09e973c74539845c5395cbcd07abada7762eb741b506400148,936,936,936,936,936,same,layer1_0_conv2,
fp6_e3m2,608,9ff5fb54ce93d5693faa04e78ec68f52de6567aa70d0ef001069f74064d0ac4b,991,991,991,991,991,same,layer1_0_conv1,
fp6_e3m2,609,a0407691facc23c17f53677eeaf0b5470f1630dfea9e3259256ca717932f1d4b,804,731,731,731,731,same,layer1_0_conv2,
fp6_e3m2,610,a0b895ae8f6946e226965d08365d2f021f40072ba92c89455c987f3ac99f1fa7,840,666,659,666,666,wrong_to_other_wrong,layer2_0_conv1,
fp6_e3m2,611,a1679a09bacdd196a7d354b91c72b3f17035005f41dde4f1afaeae6af7581fe8,184,226,226,226,226,same,layer1_0_conv2,
fp6_e3m2,612,a17dbfac062850a9f133137d6967a65fd5981795b12dd9d4d853f51b2705d78f,398,398,398,398,398,same,layer1_0_conv2,
fp6_e3m2,613,a28b713db926880c0259c35fbcccfc48c00624a56016d273604be7bb1bb400f1,99,99,146,99,99,B_wrong_to_wide_correct,layer2_0_conv1,
fp6_e3m2,614,a29152971d7ab515beba09b58b2fae96ecdae3d0f7b7d725c78519293d6f204e,851,916,916,897,897,wrong_to_other_wrong,conv1,
fp6_e3m2,615,a2cfc90049d18a0971f41c124e0279428159fb5f51adad2f27143a6227edb5df,795,795,795,795,795,same,conv1,
fp6_e3m2,616,a521add6b21ac556e88d9f023a9ea02397f77ec5b44fae5ba6c3e91364d66061,784,784,784,784,784,same,layer1_0_conv2,
fp6_e3m2,617,a57d9e2ed2dfe19874739ce5fc67d8b22e8711993a175ec0bf61367f84857fa0,752,752,752,752,752,same,layer2_1_conv1,
fp6_e3m2,618,a5bb90c266da3c17b15467cc87561126047e034e16a9f397cadc143bb00f49c8,160,160,160,160,160,same,layer1_1_conv2,
fp6_e3m2,619,a5f1cba12002a925076d4e48825141c2ecf258775bc4aedd4e2fb7155beda1f4,878,878,878,878,878,same,conv1,
fp6_e3m2,620,a63b0d66bd1c436692bf07f24956e05fa7e881cd431318e6ec0cc2d2a186fd7c,927,927,927,927,927,same,layer1_1_conv2,
fp6_e3m2,621,a673ff71815f22f07bb7e759d7772bafeadfe985e3765c99024c635de831df34,197,197,197,197,197,same,conv1,
fp6_e3m2,622,a67b2b207bc62fef2e9fdb7e2e23f3f322cb68f4b3b50c03bf2d7053d836f5bc,473,499,473,413,413,B_correct_to_wide_wrong,layer3_0_conv1,
fp6_e3m2,623,a6d1585f9fab1bb5ec956a8847ae04689299db67e6e84834c8859a8383307c45,561,561,561,561,561,same,layer1_0_conv1,
fp6_e3m2,624,a70927b8b214fb89ddbb3dc5f9fc15a3d424f6b7113c81b477329b5652ad42e5,663,500,500,500,500,same,conv1,
fp6_e3m2,625,a71dcba718c18aff40d686c7143bae4e4ae7883662fea03951ab4763e1808853,579,579,807,807,807,same,layer1_0_conv2,
fp6_e3m2,626,a742fa29fb6a576861c398b07ae388d2fe637f7360ad4fef316fc65c7819ba02,443,443,443,443,443,same,layer1_0_conv1,
fp6_e3m2,627,a7938412e987c7a4190c3d2d9351ec18637d1b38ac204866907413cd719b17c1,267,267,197,221,221,wrong_to_other_wrong,layer2_0_conv2,
fp6_e3m2,628,a7a9ea53c6f67fc27d18d7559d9d00cee86aa3d860e7cd7e12da78d8d3fc2ee0,916,916,916,916,916,same,,
fp6_e3m2,629,a7ee4fdaaa55d683f341644ceee83c9177f067ef143ecaaf289dbe09c67b5fa2,714,714,714,333,333,B_correct_to_wide_wrong,layer1_0_conv1,
fp6_e3m2,630,a8248a141a28caf6908543acfd38fe2d374d0fda133685d70a04bb73f42d6bcd,149,149,149,149,149,same,conv1,
fp6_e3m2,631,a82eaea6979bbdc7c7f2ac7858b6b9a13b44e08da9c4b37b182e84e97be7c7a9,630,630,630,630,630,same,layer1_0_conv1,
fp6_e3m2,632,a84095ef668903fa9dd548c7f9cf733c7a5c62ed3cd5286899af4ab991a33542,49,344,344,49,49,B_wrong_to_wide_correct,conv1,
fp6_e3m2,633,a874842b304a6fbbbd5abe9c4a5cd8194b5e013da1908d3cb15c9066a425816b,857,857,857,857,857,same,layer1_0_conv2,
fp6_e3m2,634,a8843f64af1109c9baa78fe9ac2fbe5e497c46a026c5f1d87942158721b89733,756,427,427,756,756,B_wrong_to_wide_correct,layer1_1_conv2,
fp6_e3m2,635,a8897ab52d4c712ae41199ee6445660c7f01b7dd2eec20e4e48e6abfe5786ba0,800,800,800,800,800,same,layer2_0_conv2,
fp6_e3m2,636,a980ab8ab39190226829d90edd01554346330a453d8ac20a4b5c36156e05226f,414,414,414,414,414,same,layer1_1_conv1,
fp6_e3m2,637,a99daca2615d8b87c2bfa2580a44a9ec309085a571c82ebbd03fddc221e0ee33,305,305,305,305,305,same,layer1_1_conv2,
fp6_e3m2,638,a9a5f4c13e86213aa032d8ea6f4fdb4b9cbd54d7cc14686543a2a313708825ff,211,211,211,211,211,same,conv1,
fp6_e3m2,639,a9f031f0566de84998e65a19a7e9972bec35f07e7e0138aadd6e063d24a6c4e1,695,695,695,695,695,same,layer2_0_conv1,
fp6_e3m2,640,aa174db8dbf6f047db4adfc1a2c7dd2d3fec55b1e55113432aa35289d8221814,419,419,971,971,971,same,,
fp6_e3m2,641,aa22467b6ca51c196d30b0e26f5688d377405025dbc4532a183264c13487883a,294,294,294,294,294,same,conv1,
fp6_e3m2,642,aa3f7b66f4a15f3fecf6cfbcd8f8f2d3c1148f0d08b7ecfb1e5df9182c0cd858,340,340,340,340,340,same,layer1_0_conv2,
fp6_e3m2,643,aa49774b123f6997e58e86be848d6d4475991c07c13460c2cd684c970cefd896,125,125,125,125,125,same,conv1,
fp6_e3m2,644,aa591f69b93e3df51f2a5797867cf82cac413e1b13b44bec0440d6b4b1bf5a63,370,370,370,370,370,same,conv1,
fp6_e3m2,645,aabb548742850dabb9ec4e05eca865f9bbbf4403365a087d8c2d94b9b5c9290d,293,293,288,288,288,same,layer1_0_conv1,
fp6_e3m2,646,aabf05ee226e7e25b8a1fc19558481135f18989edd2ab7550a4ae10ba1272b00,411,501,601,578,578,wrong_to_other_wrong,layer1_0_conv1,
fp6_e3m2,647,ab048494eaa8af9c8c8e8ec5bdd9daeecbfa0b0ce3085f788680720e186b5db0,61,61,61,61,61,same,layer1_0_conv2,
fp6_e3m2,648,ab0ae6dc3736ec243b78321f7e485275f4d707622cb2bc9d9bebb2302449cd25,672,672,672,672,672,same,conv1,
fp6_e3m2,649,ab46b09f38e8550d7566b48dd9dc059632855da4714ceb00963f3f094f711acc,962,962,962,962,962,same,conv1,
fp6_e3m2,650,ab53bed4c0fbccf674777e8e90de073b0a7aa0ccde9598fc08ece99ec861edd5,143,143,143,143,143,same,conv1,
fp6_e3m2,651,ab6c26f870df9a81be71b6b1bb26d120b120388139fafa21a2b0084da1f0bae7,384,384,384,384,384,same,layer1_1_conv2,
fp6_e3m2,652,abe9f59fad20395e5202d2307dfe1a16b041e8d481d2ca700f5b2722b9ca52dd,115,115,115,115,115,same,conv1,
fp6_e3m2,653,abf599a09df586271143b458fdd302f0c7fb2fef6336fceed1289fbb65cba035,97,97,97,97,97,same,layer1_1_conv1,
fp6_e3m2,654,ac5f6d544ae2fffae822929b77f9340b75148938421fa20267a04907be3aea2e,904,475,475,475,475,same,layer3_1_conv1,
fp6_e3m2,655,ac932fd24859b1ec590fdca55e07724da2a2777ac4d8b400fecbc8fd7c1d4677,773,773,861,861,861,same,layer1_0_conv1,
fp6_e3m2,656,acb019ed3f24a2168fdb01400bcf2565eac91b93bbc86542bf1dda9cbffb1b14,511,511,511,511,511,same,layer1_1_conv1,
fp6_e3m2,657,ad16ea746a4ed995070f069d5422b77fafc8fc432d1b7ec60ee4d8767f283fb8,555,569,569,569,569,same,layer1_1_conv1,
fp6_e3m2,658,adab6228cee272fae7c3a6df7b7453bcbecab6b47c92dacb9705ccdf8322bb79,938,938,938,938,938,same,conv1,
fp6_e3m2,659,adc7e9fecdcaf0863f5a01feea02db2259b2ddf41e6e6742af16a1c1577062d1,175,175,194,175,175,B_wrong_to_wide_correct,layer1_0_conv1,
fp6_e3m2,660,adeedbde80bafa45a96dbc2068a18250ab780165dcd4a08f7f8e1d893fef9e78,856,856,856,856,856,same,,
fp6_e3m2,661,ae21430f0ea504545eaae276e1789975966b0a673be2d7a4644761f7d59792f4,980,980,980,980,980,same,conv1,
fp6_e3m2,662,ae676649bdb6a52cffc608e085243f3fd5858a1be629c80432f010100d1e7c8d,848,598,485,485,485,same,layer1_0_conv2,
fp6_e3m2,663,ae7277005c6cd04d2c48523aaef945fdecdd97a19dadc0cf1f42ac92d3e353bc,259,259,259,259,259,same,conv1,
fp6_e3m2,664,aea80725ebd506620d5b763b72efe761729347aff04a1ace198152b5f51ff9e3,148,148,148,148,148,same,layer1_0_conv1,
fp6_e3m2,665,aeb1959b1971d3a62984d4e56519a01bb97fe422fda042c4d1161b783eee5290,668,668,668,668,668,same,layer1_1_conv2,
fp6_e3m2,666,aec81f462598d18d270f1045063f2be3c9cd99dacc0cf58d57229987340352f0,14,14,14,14,14,same,layer1_1_conv1,
fp6_e3m2,667,af7eb45e793506d4507d43752f25985bc435b8196df8edfe02f42d1265e81aba,237,238,238,238,238,same,layer2_1_conv1,
fp6_e3m2,668,afbe8899a09e5e88f3af4a18ac90e23744da60ebe6cf5f8dd79cd5a254d92dfb,285,284,980,562,562,wrong_to_other_wrong,layer1_1_conv1,
fp6_e3m2,669,aff6790b726f938425a3a950c9ccb29ff2488b66fa7c585dc7787aaf0dcfd170,780,536,536,536,536,same,conv1,
fp6_e3m2,670,b00efe718e03aeb26f54440f1c8f9e99d59ef98025fae1072978b4383e2e950b,737,737,737,737,737,same,conv1,
fp6_e3m2,671,b015656111110e10335cc59e1204c579343e7b76e202960fd5ba50435eb6c62f,268,268,346,150,150,wrong_to_other_wrong,layer1_1_conv1,
fp6_e3m2,672,b05a6e51069b6881f946cf6f7e2efc3767e92964cf15339f9f86923ca20bae09,466,466,466,466,466,same,layer1_0_conv1,
fp6_e3m2,673,b0992bbf8c3edfea78204dd3b2c11673083da67e7d3f1989f59dfd260f8e6785,117,115,115,115,115,same,conv1,
fp6_e3m2,674,b09e24ed7629cf71b0423d2b03c6a2e0c67822c8768157975b65c899e05d1ee0,248,248,248,248,248,same,layer1_1_conv1,
fp6_e3m2,675,b0f922f9f9a69364e647d5ad3387c786a6414d2578a9a6b90640ddedd8e3bd4d,829,920,920,920,920,same,conv1,
fp6_e3m2,676,b156fec105bd2152bdf335548c460927ae960bea68223f82fabf1810e4f366c0,822,822,829,822,822,B_wrong_to_wide_correct,conv1,
fp6_e3m2,677,b1afba350358cdfed62566bb3d122a5ad0ce3bf684f1a575d9d211cafc52b21d,839,718,839,718,718,B_correct_to_wide_wrong,conv1,
fp6_e3m2,678,b1d8cef67acb401737d1055b90ace83fb49c246f4806fa903e154e256971f0f4,705,705,705,705,705,same,layer3_1_conv1,
fp6_e3m2,679,b221953c40ee5ad9ffde867acf91d5a36f2465d37e952d89255bb5325c783e68,876,876,435,876,876,B_wrong_to_wide_correct,layer1_1_conv1,
fp6_e3m2,680,b24c6fdf6a8028986d1d7d63dee28a8498b8c4441a2dfcfb811e096428c6650b,318,318,318,318,318,same,conv1,
fp6_e3m2,681,b24fead74e3190abf74c624e8dbb687d696c62385215f753b6a20c6136f3398d,244,244,244,244,244,same,layer1_0_conv1,
fp6_e3m2,682,b27de86b922667e66dd7391c0d173ff01ccf03c3da47c5432b8c6404d2ab2240,968,504,504,504,504,same,layer1_0_conv2,
fp6_e3m2,683,b2d213c7aa6862815610aa1b60fd9d6b9afb55060b3f268b4d0205bbbdfd2bb5,515,515,515,515,515,same,layer1_1_conv2,
fp6_e3m2,684,b31092d8733804745704855f43aa2bd12ff0a25642c07c8a6b4713453dd6c608,877,877,877,877,877,same,,
fp6_e3m2,685,b3c636edc2cf80df7181f1e784059caa1c30fae64189d518dd3e5cd1cf16512a,743,486,753,753,753,same,layer1_0_conv2,
fp6_e3m2,686,b422c0ebe628ccb27d1656cc161383643abc1b6920fd08c4f23df8367c703421,409,688,688,688,688,same,layer1_1_conv1,
fp6_e3m2,687,b45035af34d38d342d36ac26c6402574edcfe392fba81da7ddad8539fa358a00,322,322,322,322,322,same,layer1_1_conv1,
fp6_e3m2,688,b4707244dad2efe330b0e255c28cb7abea880e1c705417ec4d557eff103d62ec,324,324,324,324,324,same,conv1,
fp6_e3m2,689,b4742967236aaeda15b4f77f3b6be88dedd969f393d30f381f75bd7ec39e2680,299,299,298,298,298,same,layer1_1_conv2,
fp6_e3m2,690,b5156ccf76370b64a56e803a39a584b76ca30244692018dd3026fe19598901a0,681,742,662,662,662,same,layer1_0_conv1,
fp6_e3m2,691,b5295359cb7978446c924e192077d93fc14efbe3d8b48e0bdbace925b6d54334,620,681,620,620,620,same,layer1_0_conv1,
fp6_e3m2,692,b52c2586d64418fd399d22e5dacc8e7d224e356525e008cee35aff5ab086e528,781,781,781,781,781,same,layer1_1_conv1,
fp6_e3m2,693,b531c76dc29b789e94a670bc6eae357f0d288e583629f956416aba3faa9ca82d,450,450,704,412,412,wrong_to_other_wrong,conv1,
fp6_e3m2,694,b575aa98a0f5e441ceda1ba2782a6700f2868557f92e1dc28cce55d18eaeb882,964,933,933,933,933,same,conv1,
fp6_e3m2,695,b5b674d7d970d9241064b9dacadf389c5d72b890607c3552d1aa70e0041fd166,257,257,257,257,257,same,conv1,
fp6_e3m2,696,b5f1b206a5cdd9aae82890fdccfafd3be38fa908d81ec9f78f27beafa22e6e2e,510,510,510,510,510,same,conv1,
fp6_e3m2,697,b693f3fcd18459f90254e3286ed6148680b96e4f21f13b63d7425ff076f2d120,200,200,226,226,226,same,layer1_1_conv1,
fp6_e3m2,698,b6a9d413f90ba96ade069ff53525f32dc478167876d11bba1c9a21ca9912f0ce,806,806,806,806,806,same,conv1,
fp6_e3m2,699,b710791f3b97b84d2443f19abd3d9b2a77fc56ba67e7d9d086fc0ce8667b1ab6,776,875,523,523,523,same,conv1,
fp6_e3m2,700,b73c2032356a7556da6e0e9f1a043d2c6fd3a72e16d9a36bd8039a5c16705e71,722,722,722,722,722,same,conv1,
fp6_e3m2,701,b747a9579be82dfe5e44cbfa27fa3684718ba11493110981a6ceab15bb63d94d,407,407,407,407,407,same,layer1_0_conv1,
fp6_e3m2,702,b7d8e08a197c7fc426c5fd5cc5bae2ad727add93faf5003d1e3c6195b45db80c,435,672,672,472,472,wrong_to_other_wrong,conv1,
fp6_e3m2,703,b82948079d190574ba06823bd6c0dff882f79e349603839d3d7ea1ad383267ab,277,278,278,278,278,same,conv1,
fp6_e3m2,704,b86f446570ce77e78ea9fea03c804972e99a1a63477aff1999a832a5f2aaee0f,446,563,798,798,798,same,layer1_0_conv2,
fp6_e3m2,705,b93599620b55cf6e0debe570dcd8fc95f9830b0d36f6daf9ebeb3ea82a8475b2,195,195,195,195,195,same,layer1_0_conv2,
fp6_e3m2,706,ba339e666598b958709da2bab149f16584247470dedb4f9b77d98ec09798bffd,286,286,286,286,286,same,conv1,
fp6_e3m2,707,ba9bcc90545ffd610df67079a15b5961873869dac41fe7bf75ccb333d81c16d6,569,609,609,609,609,same,layer2_1_conv1,
fp6_e3m2,708,bac4e1d704d07927f6fbd53194da9d779353f4fab3975a41d6582dae515e0715,91,91,91,91,91,same,conv1,
fp6_e3m2,709,bb1e33da1383239832b78ed14b8806bb77ad3f194ed14abf4ef5207a4fe6807e,764,870,870,870,870,same,conv1,
fp6_e3m2,710,bb3a6a614ca126e6d53b5044d26a6a581a9cd3264006fa67dc2faeeb3b54e20b,758,758,758,758,758,same,conv1,
fp6_e3m2,711,bbb520829054ed4fa0c2c03e0f987eeed31adec3aba904b4b1a4266b46af49a5,547,547,547,547,547,same,layer1_0_conv1,
fp6_e3m2,712,bbc20597e86b0008da3599c16adf03802942ee38b679a1156024b0d6f6b3364f,202,202,202,202,202,same,conv1,
fp6_e3m2,713,bbde727217851d3b2c80715c484df33e4bf6279562ff7aa2ea2a52ff2c7ceb1e,288,288,288,288,288,same,conv1,
fp6_e3m2,714,bc1899d3c64c1a749ff992334ac2cc5e21cb1ec4a36cfe090317941587a824f6,664,548,548,548,548,same,layer1_0_conv1,
fp6_e3m2,715,bc3f678987838b8a768129994f461435bdeb2b98f7dc85080271fc9fe48f230a,777,696,696,696,696,same,layer1_0_conv2,
fp6_e3m2,716,bcf94260369f4fa819c7b782c9beb7cc819eaa760f9a593df7233dd23651944b,62,61,62,61,61,B_correct_to_wide_wrong,layer1_0_conv1,
fp6_e3m2,717,bd1c56047e31dd3c3848784f5e5bd981850565eb507b9ea535752b91f1df026a,423,423,423,423,423,same,layer1_1_conv1,
fp6_e3m2,718,bd738effd5085b4830fd32bb1e76d475762bb4841e855f7d281bb163509caf4d,281,285,281,281,281,same,layer1_1_conv1,
fp6_e3m2,719,bd99dd886483bba066d7b584eea9f03b55cef27b304990880d415e1e6d8fd04d,79,52,53,52,52,wrong_to_other_wrong,layer1_1_conv2,
fp6_e3m2,720,be0c20ed2a590e4621d2aefda53e48429f1757d1ea68070b85a8a7aae71e879a,126,126,126,126,126,same,conv1,
fp6_e3m2,721,be377ca3d55162df021a069f92e07abde713f631141715875b9c9ea0c59cc5ee,428,428,428,428,428,same,conv1,
fp6_e3m2,722,be90c94f8a18985fb534a222350ff775958c5a90de1fbdc46852b00a228a6590,720,506,920,530,530,wrong_to_other_wrong,layer3_0_downsample_0,
fp6_e3m2,723,bf4faed027cdf9b81cdaf94f8ceb4c23008b29d9f80dc26af53d1532e47e5a98,946,946,946,946,946,same,conv1,
fp6_e3m2,724,bf80ae968d4609d2470176004daa79611052b56f20ed7286bbc2753cb1cb3a27,995,995,995,995,995,same,conv1,
fp6_e3m2,725,bf9137f32f9559eec7c8e523e3abbbd676bcde6a743d6e5d45870db20291edcf,950,950,950,950,950,same,conv1,
fp6_e3m2,726,bfc3bbae1852fbbf60fa563138bd2b3e12b0f0104a49366fb1e58b92a1b028ac,95,95,95,95,95,same,layer2_0_conv1,
fp6_e3m2,727,c03cb668c7264016bdfddb8bd064b047233c57becf7c007876b5b4d9498b116d,429,429,429,429,429,same,layer1_0_conv2,
fp6_e3m2,728,c1fc1e85ce8ea897104ebdce7e7bfb1370bbafa7278aa44975a25264a564f0cc,748,636,636,636,636,same,conv1,
fp6_e3m2,729,c23f7098008ea783f5e2986dc8baf1fe862815fd289ac960c721896dd6cc0a7f,610,610,610,610,610,same,layer1_0_conv1,
fp6_e3m2,730,c2a02ffb74665a685aa81b350ec653504791c3d9a5d7eaa7e86898aeb50a1191,6,5,6,6,6,same,layer1_0_conv1,
fp6_e3m2,731,c2b06e6e58226b7f28556921c502216444bd8890929794f854f76249fadac4f5,619,619,619,619,619,same,conv1,
fp6_e3m2,732,c2bb5c6b89bffea91ea492a3989cb1127976047efdc73a4f17b586ffea55dded,161,161,161,161,161,same,layer1_0_conv1,
fp6_e3m2,733,c35c97c02d0966c776eb4d029e80fc3833b39cdb47e55fafb94b2ea4f8c03136,341,342,342,343,343,wrong_to_other_wrong,conv1,
fp6_e3m2,734,c35ee48c3aa83cee99a41231a5a082266722ce5dc8b02000097c01913c35e64f,240,239,239,239,239,same,conv1,
fp6_e3m2,735,c387165d049b137d57e89884b544f21a16aa6d55ea33830fb217a5b84f0c683c,551,551,551,551,551,same,,
fp6_e3m2,736,c40e3d7e347144b5cbdd2af1347a40dd518e55d44b6465c91b3061ea4ce16c63,556,904,904,904,904,same,conv1,
fp6_e3m2,737,c442acfcda7eec3715034b7cc6f97f39bc304ac50e029a037f38b50e2bca5fcf,584,767,770,770,770,same,layer1_1_conv1,
fp6_e3m2,738,c4c0cee984464c2281eda2e1be8bf3268834582044d9ef64f7c0cc66ec2b4f06,581,581,581,581,581,same,conv1,
fp6_e3m2,739,c4e53af624c80bfb2eb312f6a7c7a14e05d985c8f31911b922e0fcdeae129a8a,329,51,114,296,296,wrong_to_other_wrong,conv1,
fp6_e3m2,740,c4f1ae901812c86e91799ca8b35c0b3f03b1431f5a16f24091302b481a800263,2,2,2,2,2,same,layer1_1_conv2,
fp6_e3m2,741,c4f7d195c34e8cd3393bbf592c8af67145ded81ccd13952f4df298c7bc6d1f86,64,448,448,448,448,same,conv1,
fp6_e3m2,742,c5214bb0a239bab6d0cb087c02191543279faded4d885a8f83283ab14b377f79,539,539,539,539,539,same,layer1_1_conv2,
fp6_e3m2,743,c5518c60f28ca681bd94a17052125cb7e9ca0d9e926b0dee2146dc28bc4f308d,373,373,373,374,374,B_correct_to_wide_wrong,layer1_0_conv2,
fp6_e3m2,744,c5524d5acf0665328260b736aa02392992d91b0938b3157d80d804c032c32994,802,802,802,802,802,same,layer3_1_conv1,
fp6_e3m2,745,c5846cd29b03736cad87772690cabf044d6dd842537fc531d25972b38e0c20d2,172,172,172,172,172,same,conv1,
fp6_e3m2,746,c63e2901b42179f5ff1f8a7267e8266e428ee147257c493385350b3bdb95400a,898,898,898,898,898,same,layer1_0_conv2,
fp6_e3m2,747,c65fb5cc6e3ed24f4318ae1e1d0173b531d3268ff3f9d8b221eea94c50154bb4,568,568,568,197,197,B_correct_to_wide_wrong,layer1_0_conv1,
fp6_e3m2,748,c689a4c94455a9ac8799f55a994bda1124311d17dfc8512bd398a21619ff7d77,951,951,951,951,951,same,layer1_0_conv2,
fp6_e3m2,749,c6e59e084d27fbe4b39ffbf8cc2ab0bcf9f2bec70637e6e43bd2e025c32a2d5d,867,867,498,498,498,same,conv1,
fp6_e3m2,750,c73f2079bc36d37a3094bead8eb5e23b36fc07861ce4ad6bb17b43f0b532b928,173,171,171,171,171,same,conv1,
fp6_e3m2,751,c75f79b1e50c66e339cf8e79a28a2be1c5db1ab0217434db1dd02595b5bfa993,533,533,533,533,533,same,layer1_0_conv1,
fp6_e3m2,752,c775292bc70be9fabcaaf1defde022644fe0569048b7f1a5f1ebbe713277b59a,44,84,50,84,84,wrong_to_other_wrong,conv1,
fp6_e3m2,753,c7a97752fbabfbff5973f13cffd3eeff45bccb71473e38caafeb293597c037f4,850,850,850,850,850,same,conv1,
fp6_e3m2,754,c816ceebd717dc8d5f1c3fd8eadffc8110ba824d2ecad4b3fed80ae76990da10,193,186,186,186,186,same,conv1,
fp6_e3m2,755,c87caaa517196862ce760e2880f0ccd4b07312ee201208deb61665150975c81c,978,646,646,646,646,same,conv1,
fp6_e3m2,756,c89a2552222b383d550497e4f6efcb0d199f8d4bbd48688444cc0cc7f83230f5,221,221,221,221,221,same,layer2_1_conv2,
fp6_e3m2,757,c996061d8e5bd5143a1d32eba31d87a75dd3f2c3d5322874c84f62f15a1bebbb,823,823,823,823,823,same,layer2_1_conv1,
fp6_e3m2,758,c9e9c5337ebda8e494c5e7d0b8601f8162892c97851776a3e243b1683bb25b0f,495,495,495,495,495,same,conv1,
fp6_e3m2,759,ca30acd87be787accefa0620fef7807923786a5b491561640329405c3341b521,736,736,722,736,736,B_wrong_to_wide_correct,conv1,
fp6_e3m2,760,caef2b17ba674e60da1f2504e054a5852464b9beea9e22767534bcf762f4ce30,918,918,918,918,918,same,layer1_1_conv1,
fp6_e3m2,761,cb2a9d8adefd39882728dd89d3f9800ab37eeed31576fecb94bf07fce8faabec,907,440,907,440,440,B_correct_to_wide_wrong,layer1_0_conv1,
fp6_e3m2,762,cb2abd3aeb228c56d853faa1d92c2075c9f4d62e052637db55af05bb79139d64,7,7,7,7,7,same,layer1_0_conv2,
fp6_e3m2,763,cb4a2dc3582b144151ac8938b18e4941957aa334c02713cf8afb40678e7475de,809,925,925,809,809,B_wrong_to_wide_correct,conv1,
fp6_e3m2,764,cb614cf7f50a2c31bcd8c89a4f50d40da7a05db8c06778cd63b86be7a736e903,895,895,895,908,908,B_correct_to_wide_wrong,layer1_1_conv1,
fp6_e3m2,765,cb8eb8d49998962b11caa2891096ac340321aeda3894ba0b57b9b74cb10b5f4a,349,349,349,349,349,same,conv1,
fp6_e3m2,766,cba1f0788aafefe7d3d901cf66266f79261e5ec2ecbc5ff2a177c2ceb3e65915,1,467,1,1,1,same,layer4_0_downsample_0,
fp6_e3m2,767,cbcc5767f2be2a836766ca3346310b40039e94d9623e96ae4144e8091b444b1f,226,226,226,226,226,same,conv1,
fp6_e3m2,768,cc253397d5e58cb45217c098d64013a468457c7a40b7d67c0db2af47448fecd0,219,219,219,219,219,same,conv1,
fp6_e3m2,769,cc5ed4912923fb36c2c78a7dcf630e34c04a6106935e0a91a56f41cec2046686,647,441,503,503,503,same,conv1,
fp6_e3m2,770,cc69682153540088869bb9a5393741ec7b1ecbc79335c45790ccd886d8c54973,724,536,724,724,724,same,layer1_0_conv1,
fp6_e3m2,771,cc759160d6002dec52cab1a218b3fbc53680496d4a48918467ee1190fd48c9ee,742,713,713,713,713,same,layer2_0_conv2,
fp6_e3m2,772,ccc9690753eb087a90376f39d6ab05cfed73576fe07d4db74d8bc7822f98363c,859,859,859,859,859,same,layer1_0_conv2,
fp6_e3m2,773,cd0512593c1b6aa0f2efbd4e6d1173cd7f64e66a3bc29b020dba4dc6d10c22e1,181,181,181,181,181,same,layer3_0_conv2,
fp6_e3m2,774,cdbf29bc6ae0e014db4a6f8e67496cf262d0df820fde5967474b283f5d6a5f06,110,110,115,115,115,same,conv1,
fp6_e3m2,775,ce2c8871016a3e17efac00464b250f0ac47880d333dd9785caffd3865f2bbecc,37,37,35,37,37,B_wrong_to_wide_correct,conv1,
fp6_e3m2,776,ce492ec626aa67dd15b863dd7cde55e5af20d74b632e1e9a8cb3ab6b37ff1fb0,431,431,431,431,431,same,layer1_1_conv2,
fp6_e3m2,777,ce803afa8f7b9e3506b2a1132c3bef25e432d4768b8571e78aaaa798e01715cc,573,573,573,573,573,same,layer2_0_conv2,
fp6_e3m2,778,ceec27906e9fcdfa8ee7c04c618232c4501f5c1b69d6b2a8268274f6f031b1d7,652,586,847,575,575,wrong_to_other_wrong,layer2_0_conv2,
fp6_e3m2,779,cf2662aa25ea94045f0d551d8263b260f866976e3463ff9a2eba607462f3612d,671,671,671,870,870,B_correct_to_wide_wrong,conv1,
fp6_e3m2,780,cf67196b8d6c88f29371c2d00723efdd54b465317281bf0b40f8cbbe1e2fd0d1,229,229,229,153,153,B_correct_to_wide_wrong,conv1,
fp6_e3m2,781,cf7a2d601f79a01e98917319e0f82e5ba705cfd5242448eda1c075bab98f2f66,394,394,394,394,394,same,layer1_0_conv2,
fp6_e3m2,782,cf7b232eba148cbac196f4864e98c5db4fc15247b1b1baba0d6a0ee3e94222ff,426,426,426,426,426,same,conv1,
fp6_e3m2,783,cfcc246a9e0ca9f21e8317cfbc964e61dad015975af0e0cfbe1a52b097d10024,887,399,887,887,887,same,layer1_1_conv1,
fp6_e3m2,784,d05833770e516f8a2b5a42a8627a65271018452950f70dcfe23fbd10df20a7ef,700,700,999,285,285,wrong_to_other_wrong,layer1_0_conv2,
fp6_e3m2,785,d0601fa3b95eaa2e32f2e1915efcab1e72931ab1e3e7f1c4fdacb4fe1a383de0,793,793,435,876,876,wrong_to_other_wrong,conv1,
fp6_e3m2,786,d06a43cc58d84df70a70652705593e31df07884d17153eb4315586bbb2dc1789,654,654,654,654,654,same,layer2_0_conv1,
fp6_e3m2,787,d09ac1887733e16bb2e43ca7068256f86895353e793075f7f22d566c39569a43,151,151,151,151,151,same,conv1,
fp6_e3m2,788,d0aeb63b0c2c61c238b44e5319d1ce36d3f9886d8e722c7c2c3ef376284f3518,169,222,169,169,169,same,layer1_1_conv1,
fp6_e3m2,789,d0beda73ab545f7e54a1a0e2d5bc31a86f68cee44969c01bb54028029daef70e,845,901,901,901,901,same,layer1_0_conv2,
fp6_e3m2,790,d26d69ae656932a5c23d46f51a2cf8217a82f930793b865ff926777401084684,987,987,987,987,987,same,layer1_0_conv2,
fp6_e3m2,791,d2b3b826dda5b45d1aeaf5102aa078dbf8222775f5afee657fdaa53183436e3c,702,523,523,523,523,same,layer2_0_downsample_0,
fp6_e3m2,792,d2c1e1204ed46f01e7f6ff59640132d834c68917534a4a9c3bf8b82a44f154ac,718,525,525,525,525,same,layer2_0_conv2,
fp6_e3m2,793,d2fef0c2b41b5f50ad327135d266038acafc1f612c5fa06b16af4c0c4f29288b,444,444,444,444,444,same,layer4_1_conv1,
fp6_e3m2,794,d31646fbbb8e02507cdea0927445d0aedc0efd33ae923c57054628bdf988b8de,920,920,920,920,920,same,layer1_0_conv1,
fp6_e3m2,795,d330768ced5e29d60de5183d650b0e68c82c1b0778657d3ce3c267bfa5b08939,261,261,261,261,261,same,,
fp6_e3m2,796,d41fa1c4ddfc37330610bfe39062698c70633b737f19b7396a6ba553e40e930f,312,310,312,312,312,same,conv1,
fp6_e3m2,797,d4360ba6ea71aa29e181d0316cfc97003da14306a80925762b496c1a46cf0908,562,562,562,562,562,same,conv1,
fp6_e3m2,798,d43ccf1cb95d4992c7f881fabef35533ffc3f10dc1ed6084757b8b9855fcd953,80,80,80,80,80,same,layer1_1_conv1,
fp6_e3m2,799,d46c4278083e991f7f863bef46030dbe78b825d670c934dd31df51875554061a,162,162,162,162,162,same,layer1_1_conv1,
fp6_e3m2,800,d477d751f98dfba2e45acbb299bcead4f21d32d2f2ab17f3fe67e3e4d860219a,375,375,375,375,375,same,layer1_0_conv2,
fp6_e3m2,801,d48262d9c0ef3e7293f9ba2d471b376b75678f5ac27c410c31729d76a1f057ba,93,93,93,93,93,same,layer1_0_conv1,
fp6_e3m2,802,d4bf4bc7d6186c2c773dfbb6e0052d147bef3c106248de2cdce3a239a2da1b6f,406,857,854,854,854,same,conv1,
fp6_e3m2,803,d4d0c44a9eb611b63633808fd680d0ad32b674045720ee2b9a6b8a699a6b9157,862,862,862,862,862,same,conv1,
fp6_e3m2,804,d4e3f3108568767cb2eea0827103343a546d8f16e049f9d2a6417410e8433e42,408,408,408,408,408,same,conv1,
fp6_e3m2,805,d4fa08dd234cc72ab38dbb370e6d6e16bb4a5e078b3196e615abc10127925400,984,984,984,984,984,same,layer1_0_conv1,
fp6_e3m2,806,d54e0f326d406ffd027ab81ccd8f19d1e0e53b7a4181950633b0a2114b24b650,512,512,512,512,512,same,layer1_0_conv1,
fp6_e3m2,807,d5759323fa2cf283319417ded53985977bb3e3a01f2d7dcf82fec614a702f904,308,308,308,308,308,same,conv1,
fp6_e3m2,808,d58b6b1ee190b5e615b7da0ff565e97bf1f151d3dd345cb4c91a9aa02442df8f,461,514,490,490,490,same,layer1_1_conv1,
fp6_e3m2,809,d590d586cf3b9a4ad3acf85f8b8cb9e4f5731a81efa0096045590e59d462789b,262,262,262,254,254,B_correct_to_wide_wrong,conv1,
fp6_e3m2,810,d5afe7c92b1bc9e2683d79dbd672461de200d066135e4e05b25047a3f0780cff,621,621,621,621,621,same,,
fp6_e3m2,811,d633375778640c143290a0bc879c18f004cd85ca01c3b7ad0c2b4d62382516a7,78,78,78,78,78,same,layer1_1_conv2,
fp6_e3m2,812,d66e803605be6a825cb19f44ecb0a2087f9b140689dd7929c0c83715a2d3a275,939,943,580,580,580,same,conv1,
fp6_e3m2,813,d6acb4737c448362b93dcb1887a02cdb999b3255d7c1e617a0b5f004e666611d,836,793,879,399,399,wrong_to_other_wrong,layer2_0_conv1,
fp6_e3m2,814,d6ef3f6816edd4df8b5e02270a9d56ef7534b59872eabb90f497d63b8a5e9fe4,613,613,613,613,613,same,layer1_0_conv1,
fp6_e3m2,815,d6fab4500df36152e9b3fb1ea192b8c64ca2fe267f26bcc553202ce9c8f498da,872,872,872,872,872,same,layer1_0_conv1,
fp6_e3m2,816,d6ffa746f49210efda71aa387015dbb7844161a85ff31187a62b95d1b1848a19,821,821,821,821,821,same,layer1_1_conv2,
fp6_e3m2,817,d73b29988ad7e2e513f9784430f48043038bffcf5676937e90081e91db2c0ea1,612,612,612,612,612,same,layer1_0_conv1,
fp6_e3m2,818,d75efcc7af1deccb3ac1932e09ccd8f2f3f551a0f9b3cc42d6240d8afb7427e2,309,309,309,309,309,same,layer1_0_conv2,
fp6_e3m2,819,d79b982a4a4f6a627e7c6731fd4eec027025a56d98653ea41746416d831cbb10,60,60,60,60,60,same,layer1_0_conv2,
fp6_e3m2,820,d7e296420d4e933d55585d68256085296a3aa6c1bd57cc1806a80d6927ddd2ac,350,350,350,350,350,same,layer2_0_conv1,
fp6_e3m2,821,d7f90dd3c4212da9cdcf26656a9b5eec9a67c6eec1264d7a468d5e58351e496f,833,833,833,833,833,same,layer3_0_conv1,
fp6_e3m2,822,d88915a14c53e7812619247a2e9c3247571ec42c0903258343e60c6aaf892d6c,70,70,70,70,70,same,conv1,
fp6_e3m2,823,d90cf619ac79ccdc65ef9519d8dd7bbeec5ff44f3e354581d81c0471754d6735,546,819,650,486,486,wrong_to_other_wrong,layer1_0_conv2,
fp6_e3m2,824,d99ae133134538954bf4682662b397158d028a3ddec57613cdf5ab0f18e038eb,132,144,144,132,132,B_wrong_to_wide_correct,conv1,
fp6_e3m2,825,d9bb961a320a061adbc119dfc1bf2ff978fe1867ee555e88de64a2ab0e685031,824,474,474,474,474,same,layer1_0_conv2,
fp6_e3m2,826,d9ca0a22b219bee5b63b28e2ffc86079eeb60ef15d40838d927a0665cfb827c9,481,662,662,620,620,wrong_to_other_wrong,layer1_0_conv1,
fp6_e3m2,827,d9f15de14c6bbd0c9335650c965ff754d377111c1d06f2051cad40648f0b903a,919,919,919,919,919,same,layer1_1_conv1,
fp6_e3m2,828,da4c48fdbfdaa0c17e360e778d088811b8959d3c6b0b504b20bd614388251fb1,130,130,130,130,130,same,conv1,
fp6_e3m2,829,da6cd11a926df4015932535c6cbd50786f860b595db8b233a8a658360b6d6857,57,58,63,58,58,wrong_to_other_wrong,layer3_0_downsample_0,
fp6_e3m2,830,da7e36b7552b9f23c7eb2649061df38e36180980c9893d71ad23849e20a6e1b4,302,310,310,73,73,wrong_to_other_wrong,layer2_1_conv1,
fp6_e3m2,831,da7ecdf17d6a15df4c024d907c54a202c78f82c211fbff4865de68a528ab59d3,356,356,356,356,356,same,layer1_1_conv1,
fp6_e3m2,832,db210be61bc9e4aaf17b514eac8ea4a7b4e86d7496f4ae1aa9ebe4613c1e5a1d,884,884,884,884,884,same,layer1_0_conv1,
fp6_e3m2,833,db3be215c45bf41d158f38b008b8129d8748b3e722e1dc62daac5a51a6463334,345,385,385,346,346,wrong_to_other_wrong,layer1_0_conv1,
fp6_e3m2,834,db4b15f351df82250311843a49147db92360fe8fc9ebbfef938e8c9827ae8569,713,713,713,713,713,same,conv1,
fp6_e3m2,835,db5ea101d8e78324662af81b49df9bcea10e1a1a5cd552e7184b77da75269ef7,638,655,655,655,655,same,layer1_0_conv1,
fp6_e3m2,836,dbe0af8b1c90c07b04b8c992fa508853cc32e537e8624c7dca013eee5985cc64,225,225,225,225,225,same,layer3_0_conv1,
fp6_e3m2,837,dc85eabb41279cec49cbd6eec68227da8166ff0c66d3c0f91bf39c2d057184fe,879,515,879,879,879,same,layer1_0_conv2,
fp6_e3m2,838,dca886b69e55cf7bb771ab8b7c92bde95a5e253f4724437bc2ea7cebf9770139,534,534,534,534,534,same,conv1,
fp6_e3m2,839,dcae1647f7988d0b3062c57fc748e992d58fffc94b65ae80264760379cd2f94e,600,602,602,602,602,same,layer4_1_conv2,
fp6_e3m2,840,dd1d0b6e39a77d4cb51088d8b860a3c684c41635f62aaca030ab18b76864dfd0,266,266,267,266,266,B_wrong_to_wide_correct,layer1_0_conv1,
fp6_e3m2,841,dd437df4c1ff57ae56258861c169c924f747fee5d9a96d437fdb75e45f457b86,58,58,58,58,58,same,conv1,
fp6_e3m2,842,dd64448e7f93e8d297cce3342d1bcf68ba21a9560a7e809337890a2ad8ed2669,899,505,505,505,505,same,conv1,
fp6_e3m2,843,dd67912109acecf9b8f7f76a13300371e3da1c6fc9f2dffb31543b3fd4469093,119,119,119,119,119,same,conv1,
fp6_e3m2,844,dd84a493823e7a2b8d91c28a8cd628145543f025ee7a5d5799ca4684f854a08a,209,171,171,171,171,same,layer1_0_conv1,
fp6_e3m2,845,dd84c33d2d7fe5b5630035b2b0c3181360122bed75ac42a297a5a393cd9930a5,948,948,948,948,948,same,conv1,
fp6_e3m2,846,ddc4e8b0fe1e5c2e9b8f7b60104845ec3e1f6c4b9b6c5fc22adc669d94d18acb,16,16,16,16,16,same,conv1,
fp6_e3m2,847,de1493747152039f93e33e60cbf9e40e69d926289ae1b0ba052a1e7cab4ff82e,729,534,534,534,534,same,conv1,
fp6_e3m2,848,de65870e41af7b8f5d58dd9603f5d621296c3997a703c74977701ff5a28ed132,447,447,447,447,447,same,conv1,
fp6_e3m2,849,de6cfd16b201a69a28bb22edb7ca5dead80bc477a0d0ee6bc746675b29c434a2,332,332,332,332,332,same,layer1_0_conv2,
fp6_e3m2,850,ded02294e268f74ad4af0262bf05368f3622bba4ded771ee4537547096172c28,10,10,10,10,10,same,conv1,
fp6_e3m2,851,ded1b6bf9f594d22175944a547e9ddd40077f1654252d7b30265f76705e8a4ff,787,787,919,919,919,same,conv1,
fp6_e3m2,852,def9774cfd6ac3389a1a767678f68b9bb59c10977602e894a5820e8586ca4644,127,127,127,127,127,same,conv1,
fp6_e3m2,853,df75839eaade2c372855b3c95e52d4d7bdef14df84bb97f2cd145445d9793f8a,925,925,809,809,809,same,layer1_0_conv2,
fp6_e3m2,854,e064c9d22bcb85d97ca3e7ca4e6090242190de24584801bbb8c1488489c49d5f,882,882,453,606,606,wrong_to_other_wrong,conv1,
fp6_e3m2,855,e0c450c579bfd7a8a50d1d10f23fac110ced4f462bfdc73298b0a25ac505d9a5,982,501,982,982,982,same,layer1_0_conv1,
fp6_e3m2,856,e0d3c2cc2f372feb7d29ccfd3da7a40639f8822dcc0b3e551c86140a76e4e055,957,957,957,950,950,B_correct_to_wide_wrong,layer1_0_conv1,
fp6_e3m2,857,e144021c3a0dce34bbd4fff09baae3f2cc2ccd0e727c7ee39c053e07780a39c8,424,860,424,415,415,B_correct_to_wide_wrong,layer1_0_conv1,
fp6_e3m2,858,e1567df0649b274f975b94473042e1fa0b1f1cac7fb0b49801e4600d7d2af147,716,716,716,716,716,same,conv1,
fp6_e3m2,859,e160c5d37ac77d960b3cd2bdbd3964e9003df8d22dfdfaaa404d749e378c9e09,441,441,441,441,441,same,conv1,
fp6_e3m2,860,e18aa215931daec624abf70d55b66d7a22fc3c6424bc0e610c0d54fb284a1002,817,817,717,751,751,wrong_to_other_wrong,layer1_0_conv1,
fp6_e3m2,861,e192f1b5b82b60bcc40d200530646d7e075cbedd1d1f68bd3702bbfb49a066d4,59,59,55,55,55,same,layer1_1_conv1,
fp6_e3m2,862,e1b2486e04029f2b6528cf80f3f5e16e3c25f0339058ea1b8e1d8e17cbed7ea4,295,297,297,297,297,same,layer1_0_conv1,
fp6_e3m2,863,e1cc33360e18b20ab0b9c5f34154924df1fad268ef4f7d8fd9250ffbaf88fc33,956,956,956,956,956,same,layer1_1_conv1,
fp6_e3m2,864,e2338786ed2d9d2661892a784eea20bb4f67b91031d9c54c15c4a5b1d77d8596,344,344,344,344,344,same,layer1_0_conv1,
fp6_e3m2,865,e24c658b7b6397b4f23e2a33f01d8175ad7942538010c3bcab7e0f04f042eac4,86,86,82,82,82,same,layer2_0_conv2,
fp6_e3m2,866,e2aab3aed546b9792144a71b0f8c64dec73e099c1b9c965eae29e825184370e4,249,249,249,249,249,same,layer1_1_conv1,
fp6_e3m2,867,e2e08f9b8012dc2d1cc74eca7b45989ac07e93b8e51b097c11b4adef803c92ce,570,754,754,754,754,same,conv1,
fp6_e3m2,868,e339031e63dbcef7d999db36a875a4e696c4abdfef6d6544b15538bc2c1072b5,235,235,235,235,235,same,layer1_1_conv1,
fp6_e3m2,869,e3424a6325bee70fb22a17634ab2bbfab2da36a29175a9a362cec6e1a1f465f6,633,633,983,801,801,wrong_to_other_wrong,conv1,
fp6_e3m2,870,e35570edb185a3859a78bc5f80de660caba3c089cd730d2dc5ee99e587ed3fad,963,963,963,963,963,same,conv1,
fp6_e3m2,871,e3669afb7b4c608af4268a2a607cfc862032aa643440028a87eade14f7e21ecc,625,625,625,625,625,same,layer1_0_conv2,
fp6_e3m2,872,e376eb90def78d83154cbb1a4d902f1acc23d33abce24eb9f1f4aad2d97d8ff9,994,114,994,994,994,same,layer1_0_conv1,
fp6_e3m2,873,e38f00ba8af3fe92211f9351a6b53c14de6c09c7f25548f75443fb12b21ec63b,903,903,903,903,903,same,layer1_0_conv1,
fp6_e3m2,874,e3a68bd9ae604559fb659131937a66341361fcd9f2ea290da4baaa5cfb8c48dc,389,389,395,389,389,B_wrong_to_wide_correct,layer1_0_conv1,
fp6_e3m2,875,e3bab58e200c97774a51f90b5397ead93ebea1a12d4344649cf5d9b873213c0b,448,448,448,448,448,same,layer1_0_conv2,
fp6_e3m2,876,e41166198d76e247742810e9cbd321b622a6ce5865c9d5cd586f027347bcac5b,51,51,51,51,51,same,layer2_0_conv1,
fp6_e3m2,877,e4304ffc9bc592a14bbf1b47e2bab56da4c60eb607aa5d06b15874e30d7b5ca3,529,529,529,529,529,same,layer1_0_conv2,
fp6_e3m2,878,e44400f6d839393ac199c951b749e9ccae698bd84040e66af425e914f43fa6e2,478,741,669,741,741,wrong_to_other_wrong,layer1_1_conv1,
fp6_e3m2,879,e49ceb4f045d3f583b70655c40cd4f601ea3cd22244d10d3f229a90f4c2c55bd,445,842,445,433,433,B_correct_to_wide_wrong,layer1_0_conv2,
fp6_e3m2,880,e4d223ba209f565b0afec44379b247507a5d9716b110adc97e17efa96ac7ced7,928,927,928,928,928,same,layer2_0_conv2,
fp6_e3m2,881,e4fc9709ca25e98ec3ce5dd880a404697447e79a5e8ca9f2b2afdcc4a9072397,893,728,999,999,999,same,layer1_0_conv2,
fp6_e3m2,882,e579d04030c2fd49e6d6204045db251c78979d0a2e03587ed84ec74441f0c474,39,39,39,39,39,same,conv1,
fp6_e3m2,883,e5bb25ba813e08ac76b3b9132e1b8c206478db8438dda4cd45365da42e89f522,591,591,591,591,591,same,layer2_0_conv2,
fp6_e3m2,884,e5d3ce4f35c29222fa3be34a071d5cf8ec5f21281f405265f041de88cdca6d6b,216,216,216,216,216,same,layer1_0_conv2,
fp6_e3m2,885,e61e619c9e7ff73172b38b001fe4dd49ed729841738e8d42f0af79d9dc411170,504,504,725,504,504,B_wrong_to_wide_correct,layer1_0_conv1,
fp6_e3m2,886,e64610c304238fd8c7d97154277c3767f788f21643daa8ef8a8b73cfc877dcd6,460,460,460,460,460,same,layer1_0_conv1,
fp6_e3m2,887,e6b025364a8044bdd4466b5044c10eaaa30e85da740a23c72c9c2d7580e6354c,955,955,955,955,955,same,layer1_1_conv1,
fp6_e3m2,888,e6d2880bc3566c2a07c29c074becea533280f0738ec1892bd6d40200cc35116e,852,852,852,852,852,same,conv1,
fp6_e3m2,889,e711b4a4fa8d8e7b03478062a32ec5861accd95d68b8ddc487504ec66e0fc4ed,298,298,298,298,298,same,layer1_1_conv1,
fp6_e3m2,890,e73ba01363d35ce230bf6f24341b921ce8bdbd472c7ec0ebcfe8ba6fe1685479,178,178,178,178,178,same,layer1_1_conv1,
fp6_e3m2,891,e74238e2df2942b09683e3fc09d65e9c1594e555490c761954f68be4d4354534,933,933,933,933,933,same,conv1,
fp6_e3m2,892,e76c60dbd0396befbb889db4870c908c00cf048930237e1977f658ed9cedb7dc,624,624,624,624,624,same,layer1_0_conv1,
fp6_e3m2,893,e7b181f7f3a2ea05826cc999512e551331b4d2c11014594d1bf128f7a1e64f1d,196,196,196,196,196,same,layer1_0_conv1,
fp6_e3m2,894,e7df50bd419869664b1a4bb00e1999ff6f0d973a3f0e49bee35271ff846a0627,712,712,712,117,117,B_correct_to_wide_wrong,layer3_1_conv1,
fp6_e3m2,895,e7f4a7ee38365f0352bb40e06c5387cc76c8b67f8e9b7edb8da093dd4b276420,412,899,463,463,463,same,layer2_0_conv2,
fp6_e3m2,896,e7f6f148c7590edb53b280569d26d578b3b6a9d849fd56969b117ed908269e19,657,744,812,812,812,same,conv1,
fp6_e3m2,897,e80d5c6e19a0ee19d49e8627009ed2615711569a1a059586922c04beaa7effd5,488,679,679,679,679,same,layer1_1_conv1,
fp6_e3m2,898,e824001de9b6f63522376ee33b048d3fc7f31605012cc2118c3a414701e93d1c,48,48,48,48,48,same,layer2_0_conv2,
fp6_e3m2,899,e85a933bec23ae1a142027ac6ce69e53e250da203669143dd01203e8938bd965,778,415,778,778,778,same,conv1,
fp6_e3m2,900,e88c71a83437a0a3dfdf6c6a5181a7575b0c07fd514850b918e029bc396f5b72,749,868,922,922,922,same,conv1,
fp6_e3m2,901,e8c1a3a66f11ef07565f89f061c782af680a1590cdb8bb9dcfdb67ffced71043,818,818,818,818,818,same,conv1,
fp6_e3m2,902,e8c7396c21cc77de2ee6857e3ae9166658256dcc94a18f33f94acad21309839e,646,646,646,646,646,same,conv1,
fp6_e3m2,903,e90c34759916ef03be491cdb402a9e5331fce674bc6e98bec7ea2788392b8ebd,576,576,576,576,576,same,layer1_1_conv1,
fp6_e3m2,904,e995085ced1754591dc25e0b92737b97378e2253d15d34ffc777664b8d8a7f09,792,695,79,76,76,wrong_to_other_wrong,layer1_1_conv1,
fp6_e3m2,905,e9bfac0bd31ada69620c6f48261ab8779812f63b3a306420311338ad70c0fa1c,949,949,949,949,949,same,layer1_0_conv1,
fp6_e3m2,906,e9f1dbba8eb648a2041c2f63498b92912bd7da22ec98fd4b97a79f551c106bb7,680,680,971,971,971,same,layer1_0_conv1,
fp6_e3m2,907,ea1e339d6f269c9f4368cc19a0f2865618fd28aa7d0b28fce1dbd6589192f21d,284,284,285,285,285,same,conv1,
fp6_e3m2,908,ea3366c0aa5295f5c2ef717c9bec555d72e3177a2a98551d15e06c44329171fd,754,754,424,424,424,same,conv1,
fp6_e3m2,909,ea49911d9ade8dbb976106403efcc80ec4e106e875551ce2405775da9091bf95,354,354,354,354,354,same,conv1,
fp6_e3m2,910,ea7eb2b28c959622ef695811d2741298c28c6dd966d4e06398888bcdfe4c1adf,609,609,609,609,609,same,layer1_0_conv2,
fp6_e3m2,911,ea9cefe6753cbf64fd78dd31dbc791e2e101a54308fc0794af015f9da654d01b,597,597,597,597,597,same,layer1_0_conv1,
fp6_e3m2,912,eaec2470d3bed729fa8cd11af034ae2902f889e96f253ba3ef1d2694d278c4b2,730,730,730,603,603,B_correct_to_wide_wrong,conv1,
fp6_e3m2,913,eaf849c247a66ec1a976ede3505721e7df4a36f0e5fa33ff5d7ddc37bb8df55c,311,311,311,311,311,same,layer1_0_conv1,
fp6_e3m2,914,eb59d5d7b1cdfa5f149b64daa16a4ad5f6bdb67733aa11cc1029d523509fa141,728,545,545,545,545,same,conv1,
fp6_e3m2,915,eb7e7602705d5363a90a0f36772f407e2ce62de0245d20adae12c2a145c35b0b,831,831,831,831,831,same,layer3_0_downsample_0,
fp6_e3m2,916,ebdef77ee68660ca17bc71ac10d85cc0cb3ca19e15c76cc133f2cab1dbb3d483,331,330,331,331,331,same,layer1_1_conv2,
fp6_e3m2,917,ebf89e0bdc5315795f7a70372133df2fe9710f38ceb95b3397bb55e262e79f78,218,218,218,218,218,same,layer1_1_conv1,
fp6_e3m2,918,ebfa4039665e043f2eb74b886c2cba7a38fa38afae2dc1dd60d168c94c5c2930,348,348,348,348,348,same,layer1_0_conv1,
fp6_e3m2,919,ebfa434b645d4eb2df00d3dbb024fd14b398f2b93f0d7a3c665f4d552d0ce77f,961,961,333,333,333,same,layer1_0_conv1,
fp6_e3m2,920,ec2c783f2c4dc8b6a8477ff020d5e8d746dfdfe4b2409e53e15972d13afb1036,278,271,277,278,278,B_wrong_to_wide_correct,conv1,
fp6_e3m2,921,ec308383ef1cb7c640833d26130c9de6b8f64672d8d61d60b52368d86ba688a8,909,926,544,469,469,wrong_to_other_wrong,conv1,
fp6_e3m2,922,ecabcb5b57eef97f0829283eaccf259fb148206d400124f28d8ac100d4f471e8,239,239,239,239,239,same,conv1,
fp6_e3m2,923,ecf83e4e0ab69b6f95a8704e02c91fd5e7d600c81845f02d154a824da90bd9d7,376,376,376,376,376,same,conv1,
fp6_e3m2,924,ed7bddc1a2bcac4863373eae65e889741d1adf0159c800ec07ec11555c818fd8,965,924,965,924,924,B_correct_to_wide_wrong,layer2_0_conv2,
fp6_e3m2,925,edb8ea493749bf971de9262da47b2ab74153b90174f152d1ef10e2127a080d2c,580,580,580,580,580,same,layer1_0_conv1,
fp6_e3m2,926,ee273bef6654ff4aba458f3881259c3a670fc1fc80f586b29bd51ce27ab08153,755,755,755,755,755,same,conv1,
fp6_e3m2,927,eeba904951406ce2b836817f544c6017708fd19b5557ddb049267b5134ac08be,564,669,669,669,669,same,conv1,
fp6_e3m2,928,ef14af41a0e93ef116f48ac7d5fd0f4033a4a14a8501a36548bd94dfbf95d580,208,208,208,208,208,same,layer2_1_conv1,
fp6_e3m2,929,ef2e642808e995b22b65d98b540ddd5371059b15cc1d7c52479aba019d04dbe5,599,599,599,599,599,same,layer1_0_conv2,
fp6_e3m2,930,efdc2889e7252b0fb214e54400fd39d9542c74b98413e3ff4d6804f38dc4218e,287,281,281,281,281,same,layer1_0_conv1,
fp6_e3m2,931,efe150bc3c95eb342bcf3d937fc8e4d5ae8c94fd566cd46437d1bfbc26265f7f,279,279,279,279,279,same,layer1_1_conv1,
fp6_e3m2,932,f02207c332f0fac829f349d6e1e0e9411fd3828ed719a4dcd2f6b44d41b64ba0,87,87,87,87,87,same,layer2_0_conv2,
fp6_e3m2,933,f0a9d5072a54d1c2478b5c018bae2a2ba2fbd1fb5472f8f092be2854e366a029,124,124,124,124,124,same,layer1_0_conv2,
fp6_e3m2,934,f146db349d589fd681619823cfe2b48a14cf6fda229783a6b4dbf4bc649c385f,171,171,171,171,171,same,conv1,
fp6_e3m2,935,f18651b7ce3ba0c53556e1dfde5874d0bdef3ff93dd33d2b2fd3329e7e91265a,292,292,292,292,292,same,conv1,
fp6_e3m2,936,f18a9178dd14afc707832a0a65cbbdacecbbbfdffe3f265e640c54d154025159,929,214,214,201,201,wrong_to_other_wrong,conv1,
fp6_e3m2,937,f18db213565f3f1e005cdbf350dca1db6a9e33d600ad0978b8ac8021496e083f,888,888,888,888,888,same,layer1_0_conv1,
fp6_e3m2,938,f1a7ce048f8ce8127c93d162672a7224d4a5cc8ed9c2a893dd8d52ce9530ca23,405,405,405,405,405,same,layer1_0_conv2,
fp6_e3m2,939,f1bed18ce691548abea50e03deeed99e6d2abb1e9dd9730494f6c6475c01a462,656,656,656,656,656,same,conv1,
fp6_e3m2,940,f1cd9dd0c9984617d85df4651baed5e8554bcc0c78827f4357d918fb3a1cb9a3,997,997,997,997,997,same,conv1,
fp6_e3m2,941,f1ced48bda418aa7ca2ed95d50a2703c746c0f59594bdce2259ec45eeaef9fe5,362,362,362,362,362,same,layer1_0_conv2,
fp6_e3m2,942,f22fe6761c9435be544c666baba222a40db432bc3763f1da4ca0722daeb9e6b2,185,185,185,185,185,same,conv1,
fp6_e3m2,943,f2464e1ba3aabefd56c83cf7a309b8c12e6a1ecdddf272993d1d2fd3eab06b93,137,137,137,137,137,same,layer1_1_conv2,
fp6_e3m2,944,f25fd61828ea9708eaa69aff4752f91037ffd5c2da6d8fef59ede3b2d49c78e5,242,246,246,246,246,same,conv1,
fp6_e3m2,945,f26b567d92e66fa3a5cb6eb341e4d53ad9518d6d3974bb8e902dd51731110567,767,855,855,855,855,same,conv1,
fp6_e3m2,946,f28e64dd63bc617c0b93575e9f5383f120de4017eb6136892f648be0e1a3bd30,530,530,530,530,530,same,conv1,
fp6_e3m2,947,f2b3a0f4d3850d05646216a087d3e16f9ab96a0242fdbb69adb98d97167a8d44,372,372,372,372,372,same,conv1,
fp6_e3m2,948,f2b40aba9f6b837fac296fc4523b8750898807e0fffe065b2bffaf3580523e8a,798,700,713,454,454,wrong_to_other_wrong,conv1,
fp6_e3m2,949,f2e4bbb8aabcd785fb42d8553468e6a5bb25542efcd6b16153c238dda21c2dd7,861,861,861,861,861,same,,
fp6_e3m2,950,f30f947ed6c73079411b203bdad9a36245db18397cad67388eb66d8bec182891,310,310,310,310,310,same,conv1,
fp6_e3m2,951,f33dc4ce44dd5760eee392be2033ab4d8facc5635f5546a42d89c2e9a519da4e,140,140,140,140,140,same,layer1_1_conv1,
fp6_e3m2,952,f38d061c88950c981dbf56e97a8d7d7e2e0eccf03f8ba4674c67a0731894c318,486,486,486,486,486,same,layer1_1_conv1,
fp6_e3m2,953,f3ac4a255ad4742ba0f243a74ac1a4a21fa54a5aad1af8f0cd19a4288fa67c3f,472,801,801,801,801,same,layer1_0_conv2,
fp6_e3m2,954,f4889c0808cc9f60f0abba54a2dcfa37b0428bb2044b75778032a934bfcdc6c5,910,910,910,910,910,same,conv1,
fp6_e3m2,955,f4c1912dae43edee2370e780b348083928645c68810ff1e768fb13eb62e0173e,477,784,784,784,784,same,conv1,
fp6_e3m2,956,f50bc90605d0d6ef870784b7754f4cb31fad70b607a2a82bd12002d906a2b1aa,692,549,692,549,549,B_correct_to_wide_wrong,layer1_0_conv1,
fp6_e3m2,957,f5392b8e7ee26112ccc64eb54716707dc0e40a0caaf11bc9ddd6053257a6b370,393,393,393,393,393,same,conv1,
fp6_e3m2,958,f543db303de50ced4d5be3b29187e1888e18cbe1ec8bed467eb31d15f11eb30b,40,46,46,46,46,same,layer1_1_conv1,
fp6_e3m2,959,f54a3a26f7e13b9a12d69b5a51e77542f45fc6d7dac5b5919fbc0b5f74967462,214,214,214,214,214,same,conv1,
fp6_e3m2,960,f576816842619a0e3d93053483f99f97da65bd6fe0da0f0bfafd8803bbcb022c,241,241,238,241,241,B_wrong_to_wide_correct,layer1_0_conv1,
fp6_e3m2,961,f577f85a673e925f39f13027c35678aeeecfd5be2c800a6647f37558583f438d,399,399,399,399,399,same,layer1_0_conv2,
fp6_e3m2,962,f61c83bca3a75d5187fc416bc727ffe8ea22fdc5864d2eda602a89a7c28eb8b6,15,814,975,975,975,same,conv1,
fp6_e3m2,963,f731bc738941b9c7a272c9fd218aeb4fdfbf8347f356705d16f7312c2abd233c,108,108,108,108,108,same,layer1_0_conv2,
fp6_e3m2,964,f75d6e05e93800edacb7a58aff3d17b55cec1194b633dd68d4ba980c6b0df0fc,485,485,848,485,485,B_wrong_to_wide_correct,conv1,
fp6_e3m2,965,f77bfdcea6dd8504c3ba61454551fb677da12c7cba2779dabb49c8995817c933,574,574,574,574,574,same,layer1_1_conv2,
fp6_e3m2,966,f7c5c0af76e2ba86be8f817d03e9a628b0af6de906a6ccd6afcc56ecdba34a62,814,814,625,625,625,same,conv1,
fp6_e3m2,967,f7e745a5c4c918149132d71f431e69ee3a9813e6ae2446ff4f283b54003bf737,390,390,390,390,390,same,layer1_0_conv2,
fp6_e3m2,968,f8561e362872e8808c449099a6d8681f3e1ed6b52263537f9839375cdcf0e027,785,785,785,785,785,same,layer1_0_conv1,
fp6_e3m2,969,f8607de567030a2f123ec21175ac5c2703faf6c2fb407468dd657e3714885518,606,596,596,587,587,wrong_to_other_wrong,layer1_1_conv2,
fp6_e3m2,970,f865d8b712a0f9fa24b1efcf0c6798f0def03ccbd6506605a462e1b93a3bdd21,779,866,866,866,866,same,conv1,
fp6_e3m2,971,f86dd27080dc1d194297c579d8e5555a1e4c0b8b4ddbe202f66df9ae8ae4b752,63,57,57,60,60,wrong_to_other_wrong,layer1_0_conv1,
fp6_e3m2,972,f8b2a06f9fc5822939bface497cf50a2aaa616f1c8650d87db5f0d641c5374ff,958,339,345,345,345,same,layer1_0_conv2,
fp6_e3m2,973,f8eb3b9a71ae75008306447c0948d8d5babca33a83a2bcd4da6abf839f676166,661,661,661,661,661,same,layer2_0_conv1,
fp6_e3m2,974,f928aec28fddd9e0485b0f283cf9eab8a3afa8ba1275d6ab2031a47aff2be7b9,177,177,177,177,177,same,layer1_1_conv1,
fp6_e3m2,975,f92fe7fd24865ce66e2540587dd98bd436ef4c32f509abfff24c5999f32534cd,837,545,475,427,427,wrong_to_other_wrong,layer1_1_conv1,
fp6_e3m2,976,f9efa4331f6deb1d89ed175cad1d5407a4556b294a0e41c5d0007526f984d081,204,204,204,204,204,same,conv1,
fp6_e3m2,977,fa4ae22c205506d4fba172fedcea026c861593ff290be888ad585bb342571d3a,592,592,592,592,592,same,conv1,
fp6_e3m2,978,fa9e3f655c7bccf1a8974e09ed4647cdb622cba4077e30db9c5f91018a767f33,255,255,255,255,255,same,layer1_1_conv2,
fp6_e3m2,979,faa9736e901fc7b00b0c33d899ab7b77d9d09d8a35f141c801b9d3ce0d128f0a,673,673,673,673,673,same,layer3_0_conv1,
fp6_e3m2,980,fb1e6fe0d204c87a28aa39358ccde90dfdd01f1f983b0ef155f6ae42c6d552cc,301,301,301,301,301,same,layer1_0_conv1,
fp6_e3m2,981,fb3fa3b9376716bded72a8b8269d48fb9c1703005c7e50565f1a462c3ad9876c,104,54,49,48,48,wrong_to_other_wrong,layer2_0_conv2,
fp6_e3m2,982,fb8c57dfcbd01a1384577394a53240e43375861aa198c0f9a282abf42d28520c,940,940,951,940,940,B_wrong_to_wide_correct,conv1,
fp6_e3m2,983,fbbcefe6513b3c004da9a45fbf215d5b45b0b8ba535cc2803f2e2133923343ba,983,983,344,983,983,B_wrong_to_wide_correct,layer1_0_conv1,
fp6_e3m2,984,fbc2cc3447da299d1f9670811493cfa46223cbf2f4373a2dae616454c152f192,141,141,141,141,141,same,conv1,
fp6_e3m2,985,fbe9f24621c5cc9b2a37ad9514542440064b1c5fef300e5e688d78fc674e5bd6,771,771,771,771,771,same,conv1,
fp6_e3m2,986,fc18b3982914579a0de217e6142d63d660dcbac04af68edce803523f1ef69554,32,31,32,31,31,B_correct_to_wide_wrong,layer3_0_conv1,
fp6_e3m2,987,fc75c28f1cd9c0f8c4b337b3d564041abf4b64b777efa64a1193686261e70acf,527,590,681,681,681,same,layer1_0_conv1,
fp6_e3m2,988,fc8c0af3587bcd1133f1bf0c1d1f65f9bd0ae8f2a5d2e55124710f60b2c35920,801,801,801,801,801,same,layer1_1_conv1,
fp6_e3m2,989,fd7c64de3ca130719db37651a14de0ad20c2b545ee7cab6e71d926820a54c65f,917,917,917,917,917,same,conv1,
fp6_e3m2,990,fdbbefffb0c940125eff584e5836e9dc8a8a57840c28f2a6858fc48bf063d41a,274,274,274,274,274,same,layer2_0_conv2,
fp6_e3m2,991,fdf46df7098672fad1eb7a23636adea0711fc7099d73f6242b7681e518eef0a3,27,310,138,138,138,same,conv1,
fp6_e3m2,992,fe323e8bfc76942702bad77d912791cdbf0bb67f4c59fc4f0bb4e3b685635254,790,886,886,886,886,same,conv1,
fp6_e3m2,993,fe38b4b925eb5fa47293727f28618b19ff860bfa02312bf0fc2a72d0ab48adac,941,941,942,940,940,wrong_to_other_wrong,layer2_0_conv1,
fp6_e3m2,994,fe8978dd949d6e8471fef258ba70aec83b608bddc486fb72affc2de78a06a578,283,283,283,283,283,same,layer1_0_conv2,
fp6_e3m2,995,feed68d7c7f7deb2861bfaaa447b54ffc133161b6ae8844b8348b6deee058443,252,252,252,252,252,same,conv1,
fp6_e3m2,996,ff8f85554f7955f4ec931a2d2c26afe83d68e48559c77658c4966b9b7e5fa8d5,766,766,766,766,766,same,conv1,
fp6_e3m2,997,ff93e825ad8b2865a7df91095ec26a799b3b62d07986e3fb46a06367735d5de4,201,201,201,201,201,same,layer1_1_conv2,
fp6_e3m2,998,ff9847c92278dd3b7ca92c2421c6ddb8275bb2e0af2ab72bfab36a955ad24820,989,989,989,989,989,same,conv1,
fp6_e3m2,999,ffe5a259b924f02fdbb92225c5b0bf83e0791ba8ac731075fba1e678c8f4dfef,265,266,197,197,197,same,conv1,
fp7_e3m3,0,00565073e4981505f7ae588e0ab33451721cdf24e486685825aa89a03fece965,972,976,976,976,976,same,layer1_1_conv1,
fp7_e3m3,1,00996d02244f1c00ff353e10dc34dd6d5c8df1d49ca76344c7059b9f05c5f3b8,198,202,202,202,202,same,layer1_0_conv2,
fp7_e3m3,2,00db6387bc920ef310f9470982d54e5299eb1c31cbfee91221f3ee635a796dcd,682,682,682,682,682,same,conv1,
fp7_e3m3,3,00e7621022fcc82092a16b2409b8125ae8e6e01553208dc98deb3e862e1eeeb1,434,434,434,434,434,same,conv1,
fp7_e3m3,4,00f08fb0484bc14007debd479db409b61220572973e446a1a7d6d4b79a7df10f,280,277,274,277,277,wrong_to_other_wrong,conv1,
fp7_e3m3,5,01032378795f2bf3373dc14aebf93423c22ee98cc8f287142692738e1800c228,192,192,192,192,192,same,conv1,
fp7_e3m3,6,017260ee32302c16d7b0fd91f626af949f6d68dcea31b07a93b5389d66f718af,333,333,333,333,333,same,conv1,
fp7_e3m3,7,01817fb084e0d1a4cc3d0203a9ef573a140902a053d6e13942b1452f57a7c5d8,334,334,334,334,334,same,conv1,
fp7_e3m3,8,018a0b8bc55d9deeab27a72d75e9d69caa5b786bbff52b3f9f000c14a93ec1d8,820,820,820,820,820,same,conv1,
fp7_e3m3,9,019dab3e4215bd47e96d15786e5a029a0fdf516f38985528ebc7eccc7579aceb,365,366,255,255,255,same,conv1,
fp7_e3m3,10,0208ca06fd779ad36727140f49ded92d06cee8b177c6286f985926ae5e4280a6,42,42,42,42,42,same,layer1_0_conv1,
fp7_e3m3,11,02945dc23538a61252bf0c4638560b07b45678bc472c941f1b596a774ea4f320,0,0,0,0,0,same,conv1,
fp7_e3m3,12,02c7d00037b734b758d31f6bf3f63c0ecbec3c2903ed0bb6f38d05bda55a2b02,687,687,687,687,687,same,conv1,
fp7_e3m3,13,02ebd6783b2ecb9ad1a6a03e03fed829aac644c9178a8e8775413788dd229092,578,578,578,578,578,same,conv1,
fp7_e3m3,14,0343fab86d119aa02bb2e60c68773d7a3e0f50ea876851ca38c00927433ab8d0,381,378,378,378,378,same,conv1,
fp7_e3m3,15,035a10650ce3164a92f03a0ae4c0bf1bafbccf75855bbb3b95c39359ec96f8e7,378,378,378,378,378,same,conv1,
fp7_e3m3,16,037fc1226b5f5fba4bca6ce8efa9d0fa10a2ec6f19d569dee9872bc86afbe084,970,795,970,795,795,B_correct_to_wide_wrong,layer1_0_conv1,
fp7_e3m3,17,038e9d8b3333a42251d3afa48ed6d8f7686bd67cc084c8d4b6f52cd8acb4a47f,330,272,272,272,272,same,layer1_0_conv1,
fp7_e3m3,18,0398399ded51fbcbdc05361d3b8387e69e92bfda7b7fab76d8c42fe0acc5b5b9,605,605,605,605,605,same,conv1,
fp7_e3m3,19,03b0430bbce270254c725dd7a5448ceb601711f2992d1176fb2fa3a5e4eef535,900,900,900,900,900,same,layer2_0_conv1,
fp7_e3m3,20,03b950930c806384772fa1c073ec2c5e0a5fe69979e8a5f27f5c7af14560c87a,69,69,69,69,69,same,conv1,
fp7_e3m3,21,03d1ace8d6b2c431f1a0bea2c2d61fc51d6f1bdd5cc07b1bd2850526dee50bca,670,670,670,670,670,same,conv1,
fp7_e3m3,22,042cd4e57067eddf972c1f4ef2eaeb3eab8c450d9b77f39283b94be34f3c31ca,762,800,495,495,495,same,layer1_0_conv1,
fp7_e3m3,23,049e2732b6302751fb50c00edb8e4324412a0880d68483dc57a7e6dbd4305496,772,950,950,950,950,same,conv1,
fp7_e3m3,24,04b84b9bc3a052ab0ec438dbc39084a029a4a215a2739fcfde4eddd97d79b53e,30,30,30,30,30,same,conv1,
fp7_e3m3,25,04de5e43beab480fbaa749ce95334fa9bcb32387e8275c036ab736da57f399a5,881,881,881,881,881,same,conv1,
fp7_e3m3,26,04f42ebedb755f73ac432667de354164179442144dbde4f1a9526463601abeb6,346,346,346,346,346,same,layer1_0_conv1,
fp7_e3m3,27,0511fb611f05674d70509a3f9db7121d22321ecee79ab48b077e7755e831de5d,585,982,982,982,982,same,layer1_0_conv1,
fp7_e3m3,28,0516449cbf79148057715d1f23b8966dcd3c8ff1778ea2fc87db98099ccc4612,693,693,693,802,802,B_correct_to_wide_wrong,layer1_0_conv2,
fp7_e3m3,29,0534b031ae64ab8ac3b463d8f3eb7234803246eea544b564bf4dac25e636db19,726,726,726,726,726,same,conv1,
fp7_e3m3,30,0550247c4f2d037fbdbd0b5f1ba2a9d32f21ce7e061ea69094dce344ec9dd2c6,769,769,769,769,769,same,conv1,
fp7_e3m3,31,060abecb935033c9adc8628259af927630391fbaf2e01166d97ca3616e13d21d,358,358,358,358,358,same,conv1,
fp7_e3m3,32,06b662ba3d972b10679525577f07e5c44e9e9f6db50581468b2eb3f0403a1cd1,194,204,204,204,204,same,conv1,
fp7_e3m3,33,06f5c0f5e63bbee31d24a889fe600b4cd9c4da9288dab6a821403e11e9356aaf,347,347,347,347,347,same,conv1,
fp7_e3m3,34,0768c84c6eb704f8bdb538df37c0aee021f4beb9dd4ecadd97f7e7d7df36fd18,467,467,467,858,858,B_correct_to_wide_wrong,conv1,
fp7_e3m3,35,07acd5547621ec126cb89535658b1820e49b2ba1f3d3ca8b66bd45b1cb5680e5,300,300,300,300,300,same,conv1,
fp7_e3m3,36,080699c7dc817e185930df561053c7433c19f70ff07ae81025d211d597bd71f4,118,118,118,118,118,same,layer1_0_conv1,
fp7_e3m3,37,085a13107947e98fb24f62c0d6ea73c24e3b5c08ab881acc7779e18b17983ba1,981,981,981,981,981,same,conv1,
fp7_e3m3,38,087d971c5b9762c6ccfedc7e9f05b6a3a300647d0d2fbfe6911a1eea88b6faac,489,791,791,791,791,same,conv1,
fp7_e3m3,39,0887828fe0b6aee515b300b2b5fb3c7340da06908950c58f538af48fa06cea39,17,17,17,17,17,same,conv1,
fp7_e3m3,40,08bc642aed7dc87f5dcfb2bde1b2210c6d14cde00df2e2d85406cf4ddded4075,397,397,397,397,397,same,conv1,
fp7_e3m3,41,08fe947885e23f7c7e8dba22135f4fb06ae6e2d3a771d4881bbd154b49b76c58,114,60,60,60,60,same,conv1,
fp7_e3m3,42,091b9272048e89ddb75823f74a9516f46b703efc43cbfd1e39dff6c31df2af6d,109,328,328,328,328,same,layer1_0_conv1,
fp7_e3m3,43,09224eac4a5eb13847c0b53bd1162896d1ff073f90751dac3a42342bc0dd9085,490,490,490,490,490,same,conv1,
fp7_e3m3,44,099e350c6f0dcef217b9ee93c1f6ceda6813e36c822a21388d5710a781a8de50,319,319,319,320,320,B_correct_to_wide_wrong,conv1,
fp7_e3m3,45,09bf77ffa5e8d3d50f4d63c6966f0a367815ae47676f9c4933891ac819fdd1f5,789,743,789,789,789,same,conv1,
fp7_e3m3,46,09cce44dd3c3a331a3e134f7b47f0e027741ddfcfdcfd4dad07890c5c4a67455,220,220,220,220,220,same,layer1_0_conv2,
fp7_e3m3,47,09e29af5b7c675c4df333797043bff4b82cd862682dcf589ebfc6dadfb9eb759,509,509,582,509,509,B_wrong_to_wide_correct,conv1,
fp7_e3m3,48,0a0eccdbe713822a5c0b2506a010819d5ed76d36b136c95282d83bd12ab0785d,912,912,912,912,912,same,layer1_0_conv1,
fp7_e3m3,49,0a660050863cdb17cfe4c0e48cb3fb6446b246ec35aa2ff7675e6bd6ccf681ad,402,402,402,402,402,same,conv1,
fp7_e3m3,50,0acae0785e76ec56322a61474843acb43bb69b564fa1eaa1c4e2f25b24c44fca,913,913,913,913,913,same,conv1,
fp7_e3m3,51,0b3532e2f9dce29135a23d792b17352c88569ceb2e02753fa3003e7964fdad61,418,446,446,446,446,same,conv1,
fp7_e3m3,52,0b38b1b31ffdafbd7ba5561a0bf6a9138b1acf88c7e21d9be3afb6ab1377341e,102,102,102,102,102,same,layer1_0_conv1,
fp7_e3m3,53,0b5501c65c4c65c85ba79ee417f1a206560c8bbc12db4716b7329ffee2baf6bf,750,564,564,564,564,same,conv1,
fp7_e3m3,54,0c200c279830726c2d4644f86469a1d23a34d9e420c355c4abc203b97e24a8af,979,979,979,979,979,same,conv1,
fp7_e3m3,55,0c74cc00bdb4db39ca9aa109ea25075a5f3d56c444bca31856ab579722ff89b0,589,650,589,811,811,B_correct_to_wide_wrong,conv1,
fp7_e3m3,56,0ce3ce1b6a388bb428c0059a87ce2bfd3b35ade3b80692e0ea612fe6eb4c0011,557,708,708,708,708,same,conv1,
fp7_e3m3,57,0cff5da702329af377d4e5eaf431df3e22fa5ac7e12dd772221084f7cc43179b,52,52,52,52,52,same,layer1_0_conv1,
fp7_e3m3,58,0d0f5f85d7198acfc93aaa0dfff3addcb0a96be17940393a0677d016bc590bd1,563,613,613,613,613,same,conv1,
fp7_e3m3,59,0d4cee7227e6591c90a8234128560ab79bdf971853a6934bc2d86b1a8d5c2aa9,379,379,379,379,379,same,conv1,
fp7_e3m3,60,0d5a68171f3574d63a669d12f525e18cddac0332bd35b533429b258446f76dbf,71,71,71,71,71,same,conv1,
fp7_e3m3,61,0d64eff1b78215cd7c2c3867712c847ff9bd43cb20646513d2c2f33ebd065f02,572,572,572,572,572,same,layer1_0_conv1,
fp7_e3m3,62,0e2a1a2bf118e5a6d7627e87ce86b66743a73f170c9b84715e6f77342a0fe837,514,514,514,514,514,same,conv1,
fp7_e3m3,63,0e301ed92be00de6a7684ce7d865474ca50c571f0926ea0591b75bf866263201,68,68,66,66,66,same,conv1,
fp7_e3m3,64,0e74c4997df802eab22668c44b50fef999bece7751b53c872de1860bb1a3b6b9,924,924,924,924,924,same,layer1_0_conv1,
fp7_e3m3,65,0ea26687e201293cd1739c737082b26fd7a94565790b5c7eaa5fa021a1c402a8,943,939,939,939,939,same,conv1,
fp7_e3m3,66,0eb38670019e66c1f95430d12f7020b1c90616c0b9c9ba93023fbd6c8d393d6b,525,525,525,976,976,B_correct_to_wide_wrong,conv1,
fp7_e3m3,67,0f195a4d48d1c5081eea7073d61028fd70b82710e3d4f8252333f5ad3822f096,363,363,363,363,363,same,layer1_0_conv1,
fp7_e3m3,68,0f4a2470ef44b230fcfc5e0f4dbae1566cac7ae5e0fe7aa5d70af05a2e80a641,834,834,834,834,834,same,conv1,
fp7_e3m3,69,0f617fa7f0804fe826fc1dba6a91a86f2faa7112c973f09daaee8782de17bc1d,653,653,653,653,653,same,conv1,
fp7_e3m3,70,0f621f651f00adc19288c056beba3fb38425ab00b95030836268848d1ec5a749,523,523,523,523,523,same,conv1,
fp7_e3m3,71,0fa71dc38e77175b9bb430090fe3dcb3e59110c09cc3ca0b81fe754329868d70,614,614,614,614,614,same,conv1,
fp7_e3m3,72,0fe613c99a575ea8dc729f2482db4adce403b6641851f93ecec596ebd526544b,894,462,462,462,462,same,conv1,
fp7_e3m3,73,1098dc20bdf023f1f5a2df0a7c3a1781f8c6c3f9594bd4a5128d98e32aa3826b,92,92,92,92,92,same,conv1,
fp7_e3m3,74,10a0e8337a237c4046d0233d993d21fcd812a21de02fe771b477165045a5b816,871,871,871,871,871,same,layer1_0_conv2,
fp7_e3m3,75,10b6996b4b371309c7cf604fcdc486d897873924def4e66709da71c241e625d9,896,896,896,896,896,same,conv1,
fp7_e3m3,76,11160abe03f1d96b1a5e30479fb808d0d0f5a93371763a5a2528c32199ca8df2,835,409,409,409,409,same,conv1,
fp7_e3m3,77,112bbe7770b9640504423b95af8ece847448b092ee5ba1c30d98b5bb1fe0eb28,371,371,371,371,371,same,layer1_1_conv1,
fp7_e3m3,78,11788e1abe83301804014d5ea3f532b56060d9f326912f093d62300ee10807e6,113,910,910,910,910,same,conv1,
fp7_e3m3,79,1184bfb3762d914e8c605faf2932699d5bec26a43ea799ed477600d637653296,543,543,543,543,543,same,layer1_0_conv1,
fp7_e3m3,80,12c07814d78810cd09320efb8addd22c4a108dd75263639193373726fa99e97f,521,521,521,521,521,same,layer2_0_downsample_0,
fp7_e3m3,81,135117e827cf297d77b2bf8f107bb59467c6aac178492eee40d9369552314a64,575,575,575,575,575,same,conv1,
fp7_e3m3,82,14408f23b93811b95b107b8974ca6e3962fcd77fd9986dcdfda62d8f241f21ec,542,722,909,722,722,wrong_to_other_wrong,conv1,
fp7_e3m3,83,14ddd9609ada51fd74aa01c86d1e3d9cdb624716b8bcb8c36b8f129fca5345ca,759,759,759,759,759,same,conv1,
fp7_e3m3,84,15c3cd31f1b41a794c56944ef031406530d44e71d4c78604d2c5285d97c1a37a,475,475,475,475,475,same,conv1,
fp7_e3m3,85,16874a9d182b911017f881afecdcc782e7c3f0a2017798da2110f8203a72eb34,369,369,980,980,980,same,conv1,
fp7_e3m3,86,17d3f722b3e07a9004023d1ff9d4bd2bf92021276c167e5e9378858efd33e443,996,953,953,953,953,same,conv1,
fp7_e3m3,87,185acf82348d4591a5c96ec6edceec315b363af398c40fc8b5f5d9f86a945864,540,540,540,540,540,same,conv1,
fp7_e3m3,88,186664388f9ead7c233a16e456e452e57fb9effed93e1f4e1ce67109f84ef383,635,778,426,778,778,wrong_to_other_wrong,conv1,
fp7_e3m3,89,188dba0ca290b72c86702794dbf0cb8da91308066e03d97ccd4e5adcbbc605eb,353,352,352,352,352,same,conv1,
fp7_e3m3,90,1895f03b1ec0a35d1975c6f38c271f9dba2cb04d207c71d06713a6d71db4c33b,735,824,824,824,824,same,layer1_0_conv1,
fp7_e3m3,91,18fb2508f93e98d31c4661d574c916310a319de88e47d6a953f2ed20ec605679,94,94,94,94,94,same,conv1,
fp7_e3m3,92,193c7936d0b6816b93258ca101ef8e8885c860c85923c0006bb41ec8349ae6a4,238,238,238,238,238,same,conv1,
fp7_e3m3,93,194679eee1c082978686f009be5f943ee1b659b04568aa04140521ae0770b34a,374,374,374,374,374,same,conv1,
fp7_e3m3,94,199ec68bf01c00a0b7b1b4f703c023516d53696c3b53e66247b1cd8274073bea,985,985,985,985,985,same,conv1,
fp7_e3m3,95,1a0e0bc16b54c26f7518a934b4dd5e8c66c4cccb6f2a93723c3d614552eeba96,416,416,416,416,416,same,conv1,
fp7_e3m3,96,1a3be7e5d06c12004a691a0fee39db7ecf3924817078daa53d800327c7d8489f,799,705,705,705,705,same,conv1,
fp7_e3m3,97,1b11e25036cb6cff5467fd7299a36a1fd6c9598d5e214a938989a9d2d07aa67e,559,840,448,637,637,wrong_to_other_wrong,conv1,
fp7_e3m3,98,1b4d27c93c1af05ea3b338d17a704b93af6cd718ac29545215c78560c4eaa57f,182,182,182,182,182,same,conv1,
fp7_e3m3,99,1b6025b6fa8b47cdda0c38b76ff60c57cfc4c81e7261ae696b563a8763481d32,176,176,176,176,176,same,layer1_0_conv1,
fp7_e3m3,100,1b876f8ca1d89403f3039c9277ab485f8b9cddd51d66a5702c8b06279317de37,139,139,139,139,139,same,layer1_0_conv1,
fp7_e3m3,101,1bb0e52baea6fef28fadd2e9f7a0d0a95d4d72f52aa2fe084d8e67ae219e19ac,596,596,587,587,587,same,conv1,
fp7_e3m3,102,1c24a50f5fda496c0d137f86c9d92f31ec1f79b134de06a5187523ab9c942edc,105,105,105,105,105,same,layer1_0_conv2,
fp7_e3m3,103,1cc7c48159f59590153f22a49c948fb3db4cedb99d691a7b068bee1cea8bc7f1,339,339,339,339,339,same,layer1_1_conv1,
fp7_e3m3,104,1dcbfb0575751b120b7b322d5435d7bfb39090a926dd9b7f31ffeb2b09f20edb,791,791,791,791,791,same,layer1_0_conv1,
fp7_e3m3,105,1e34aa0c21e608df8abd6bcb6d905cadf5e049bc1ddc15e908f608dda9f9471a,911,911,911,911,911,same,conv1,
fp7_e3m3,106,1e398588170b3b1b138f53f2799a4a93c9e3c90dabac5a9cd700075ca001dda1,56,56,56,56,56,same,conv1,
fp7_e3m3,107,1e6dadee11bd1e19769c9dec8de834f8796a83e7e5fb12e95151b84b8169c29f,739,739,739,739,739,same,conv1,
fp7_e3m3,108,1eadb4d83f8fdf63095f000f4c2e23d9749d84f15a8517b998a9fa510fb8780c,689,601,601,601,601,same,conv1,
fp7_e3m3,109,1eb55f02952fb5cd84b016779d4e9d1a5b218bf36fbb2a9e2452ab44820c169b,307,307,307,307,307,same,conv1,
fp7_e3m3,110,1f1c1403e3fcaf21db83c434e676210874b6534369214384688e1868c5aafdac,732,732,732,732,732,same,layer1_0_conv1,
fp7_e3m3,111,1fde166a90d024e82e4d25ef920162aff6254063ca453bff91de56b5452f9609,282,282,282,282,282,same,layer1_0_conv1,
fp7_e3m3,112,202ada1b5c9dbaf74efd5b11959a985e80f611e3c253abd560db7ab925a3f8cd,212,212,212,212,212,same,conv1,
fp7_e3m3,113,20fee27a077033c24471ecbf9d336cba2d6ee3b814204e45a44c9608ac875412,72,72,74,74,74,same,conv1,
fp7_e3m3,114,21136e889cc06e73b5bb8d6791f0785a165c88f4cf290b33788e3eeba4c78628,892,892,892,892,892,same,conv1,
fp7_e3m3,115,2123c1dd696252483860fe1a277a583b26015cbfa6d5a773327a80f397a1e601,603,177,177,177,177,same,conv1,
fp7_e3m3,116,2149cb209536df1bc332d0911391df785a759c274f48210ace5daaf22d37ce20,88,88,88,88,88,same,conv1,
fp7_e3m3,117,21645cc106571b5b97da815b78d41b9820c98e4f57dc6cf2ae11b68afa0f9867,387,387,387,387,387,same,conv1,
fp7_e3m3,118,21710a466f4130147308663fa91731c04e02e025c1b16ace7a98be92f0a7c73d,727,727,727,727,727,same,conv1,
fp7_e3m3,119,2195e32203d5a51a68f87919218c64f450466590ce580d8e3eda6109b25ce882,476,476,476,476,476,same,conv1,
fp7_e3m3,120,21a8530c9d9c7cbeb552e5d594d6066d3e5a128372a032e26d9f8c6d8abb65f9,54,53,53,53,53,same,conv1,
fp7_e3m3,121,2222383adac513feaa3eb7dad8eb8b634ff94f13d9d28e1387e020c0efd67cbb,858,858,858,858,858,same,conv1,
fp7_e3m3,122,2228ec8a9efdb3cce31cb1415e54dc8a7bd891c908c88c09b2309a0c3dd91f5b,516,431,516,431,431,B_correct_to_wide_wrong,conv1,
fp7_e3m3,123,22424c9379af84c7b824325d0ca77e1129241cebd893e82e2e5698b22691cc4c,803,803,803,803,803,same,conv1,
fp7_e3m3,124,229abd633f834486b5c08f6148c54ad2c9db076f586ce39b327753a687dbb474,746,746,746,746,746,same,layer1_0_conv2,
fp7_e3m3,125,22ba2a047f1ee66678dd609484f6668e7b840e6dec53b732bcbdb11af7407a89,205,205,205,205,205,same,conv1,
fp7_e3m3,126,2300062982435146abaf3df3548bd2e79383220761a8728a2daa143c120ab530,326,326,326,326,326,same,conv1,
fp7_e3m3,127,235662c93ad1e32f37560ff290c11744c89071e1e79f48679367cdf5f2b834c4,269,272,271,272,272,wrong_to_other_wrong,layer1_0_conv1,
fp7_e3m3,128,238e75137404da91c925abf0921a132c09cc4aa28ebf631a4ed398cdbbb47392,971,971,971,971,971,same,conv1,
fp7_e3m3,129,23bf90548fe8d4405b848ce7d770ecdee5613f4ff32a9739f3fcf855e9a684f0,545,545,545,545,545,same,conv1,
fp7_e3m3,130,23ecc25de916f4a1e0e78f39bcc96b7c3c3fea3388d130c8496f80281360c8f9,422,422,422,422,422,same,conv1,
fp7_e3m3,131,24a03e122451b6c7817b2a38d016d35e44b27246a0ebd88e365f0145b9f1bc57,526,664,527,664,664,wrong_to_other_wrong,conv1,
fp7_e3m3,132,24b64b19f463fec701f5c67a654af07c58c061df7f1829d9bbe9ca2f7d67764d,541,463,463,463,463,same,conv1,
fp7_e3m3,133,24d7b6c2e316cdf990aca43d7dcf6fb1abc64999031f6c4f5369874ba1f51484,343,343,343,343,343,same,conv1,
fp7_e3m3,134,24fa1fca9ffb2108b5d7ee890f4a4c72fc3051205293bcd024f319b0ef001b24,706,808,808,706,706,B_wrong_to_wide_correct,conv1,
fp7_e3m3,135,251ceff90a4075769c874464230852949fc7958f1e3777a2272cee52ae0e9ba4,142,142,142,142,142,same,conv1,
fp7_e3m3,136,255c03888d1415e17db859d58c080a0956d17ed9202eb4199528e55521f155b0,684,719,719,684,684,B_wrong_to_wide_correct,conv1,
fp7_e3m3,137,25aee0c04d0a73e301d375c6c6e666afe46dc392346bba4c0141ab8baa1740a8,82,82,82,82,82,same,layer1_1_conv2,
fp7_e3m3,138,26014ea1a5204f1bad5ff95c20cdd70d8e2dbef584f6853ab0d8ed41e46170c9,41,41,41,41,41,same,conv1,
fp7_e3m3,139,268271749993fcf3ed9a1dc3dbde2d661bff9f4f4f94a0baec2b46cb1dc26cf2,810,878,878,878,878,same,conv1,
fp7_e3m3,140,268861f8cec7b14e329af05eea52159d0b0a18c30582ce874c99570098751222,642,642,642,642,642,same,conv1,
fp7_e3m3,141,26aa6f9c66fc723e40b76799bd47c83d0070674c86e7fdd5b65c296b27c8b48d,364,364,364,364,364,same,layer1_0_conv1,
fp7_e3m3,142,26b3116bb5fcdd35d9583855d7327a398062d2750d7e05b8776b626fcfcaf3c8,468,468,468,468,468,same,conv1,
fp7_e3m3,143,2749ae5a085b4f22703e37c1324559cae13937c6a4d98aa6bfc608f85062e979,133,133,133,133,133,same,conv1,
fp7_e3m3,144,278da98bacf7c915f8ac312817006917a4959ec2234adf01797b4245cf10179d,436,436,436,436,436,same,conv1,
fp7_e3m3,145,2792ba172fb61bcfd2b14f3f22e4ba0bdcb38e15cc763535886c09eab1e43cd7,131,131,131,131,131,same,conv1,
fp7_e3m3,146,27a7109022d5b066d3864a0af6650b4cc2474613c22d650c56051b6a3c7aafc4,438,736,736,627,627,wrong_to_other_wrong,conv1,
fp7_e3m3,147,27ca8cefff4a1ec7955511834f1370a1103ebed5009bee65eba54b9296dd8be0,456,602,197,197,197,same,conv1,
fp7_e3m3,148,285fe638523b302c1513b2a0205242f9665623d254277e44f290648fb27dcc38,770,770,770,770,770,same,conv1,
fp7_e3m3,149,288780e3be5d1ccf7fe4c9922f468f6092b4ca005371fcb8f214d6a936166bf5,643,805,805,805,805,same,conv1,
fp7_e3m3,150,28c01ec78e122599ce20a56b34956012c145cd9337413a8cbce9df37e0d1d674,897,897,897,897,897,same,layer1_0_conv1,
fp7_e3m3,151,28deea90437744259ca7197169f28005e11c7e4388e4d81d8569d29618ef09ce,367,463,463,463,463,same,conv1,
fp7_e3m3,152,28e42fe0c2a44b3aa9fe4ab2c4957161e00678eb46b68c664cdcfb0bed625441,854,854,854,854,854,same,conv1,
fp7_e3m3,153,2998104a5ef0061316d122582b22380e6d8ac8e32ff427666e534c6048ff9f1f,816,816,816,731,731,B_correct_to_wide_wrong,layer1_1_conv2,
fp7_e3m3,154,29b8d9d400b2e0941aff3d6df8634036dc812c3e9fed1c27bc1608172e010a87,470,470,470,470,470,same,conv1,
fp7_e3m3,155,29e81bdf70a0aa2148f891afe4f5c65c5a91842fafe1bdda2bfceb3c238863e8,866,866,866,866,866,same,conv1,
fp7_e3m3,156,2a1e1d7e781bc8e73246ed94d1a1ac40187f692ff3af0731c6c94d8d701423e4,678,245,245,245,245,same,conv1,
fp7_e3m3,157,2a5ff54fba06d32ee249dcdeef624421d39feeaf034db444509815fa0e9eccd0,977,977,978,978,978,same,conv1,
fp7_e3m3,158,2af5b685cdb2d2d622d6486972b8ba44cd0e56665108a3b42ac1817a3d192ded,13,13,13,13,13,same,conv1,
fp7_e3m3,159,2b232839e851019c07b0ee8bfe8bd22f3e399646f67ed0cebc559cd9283f5a09,942,942,942,942,942,same,layer1_1_conv1,
fp7_e3m3,160,2b6d89dc48644345786d505ad6f3f0d6b36e9386b3802972d0fc7ef7f108407d,12,12,12,12,12,same,conv1,
fp7_e3m3,161,2b811d05c3977583be4c79095c12135fb9927c04ddbeaaccc76131cf7b789faf,11,11,11,11,11,same,conv1,
fp7_e3m3,162,2b8b13247b3e4b1522bf3f479a79b97bc7c493d0a90850ab6e8eb15495da9aad,593,593,593,593,593,same,conv1,
fp7_e3m3,163,2b995647034e9edc1855a9e91ea90381f1dc37fb858a180ca1cd9961841cb61a,990,990,990,990,990,same,conv1,
fp7_e3m3,164,2bcb7b9af999628022a4a740a332a74bb3fb9d483c65275425a3565135bf02f7,560,560,560,560,560,same,conv1,
fp7_e3m3,165,2c5a54f609df15dc57a5f1b3a223ef426407520bd134a51d610d28c8d5e5c399,731,505,861,861,861,same,conv1,
fp7_e3m3,166,2c97b0b0bf5bb2b2d3a8ce1a9adf7897fcfb0df5ffac23cf891e4e1731f24e98,314,314,314,314,314,same,conv1,
fp7_e3m3,167,2cd47ae1e9bb22de3a9acb3be0b86c4a414cd01150937560bde2f50a0900ba07,757,654,654,654,654,same,conv1,
fp7_e3m3,168,2ceeb1157702fe837a2cda24f263bc5a82b7fd1031d03e6218e63e830f9d0277,230,230,230,230,230,same,conv1,
fp7_e3m3,169,2d48b9c6a4c142dafef61f4f92c0d6c175c360bbe1f71652537ae923ca862f72,246,251,251,251,251,same,conv1,
fp7_e3m3,170,2d92e013f7d58e224a4e98e804d6ef5fcb48c4c6a62900fea07037b3243c2d67,382,382,382,382,382,same,layer1_0_conv1,
fp7_e3m3,171,2da2f2b2d0851242c3d26f6efb478e38837a8aba0944c7571e7efc95642628d4,188,189,188,188,188,same,conv1,
fp7_e3m3,172,2db5acab418ed3a026d9a032ddeeb4f9d300d97f42ffdb97e3e38c0cd4cce087,166,795,537,537,537,same,conv1,
fp7_e3m3,173,2de570230062074654ded103b8ccca26c83bc190f5fa1d7174434da74c075128,224,199,199,199,199,same,conv1,
fp7_e3m3,174,2e2b4d04adf7daf482b05b4f52700237865af2bc0cd71b66bbf8a5c88d430fe5,847,847,847,847,847,same,conv1,
fp7_e3m3,175,2e38d6209b98a8011d2adad502fb7f498d9c4c8f69a39a59d6c3fb76de1b674f,459,459,459,459,459,same,conv1,
fp7_e3m3,176,2fa7e623d2cfeec87f60b351b1a43e0cc4dd0b6812f8d4943502b03303746865,659,659,659,659,659,same,conv1,
fp7_e3m3,177,301bddb754953d4fb63a085e5cc6dd70527f8ec7324bc8deee74e5fff810cd32,966,579,881,859,859,wrong_to_other_wrong,conv1,
fp7_e3m3,178,304c63f1da58c35b660d98e7333dc2d072f69762226fa97aa6a7617ac66e1a57,666,666,666,666,666,same,layer1_0_conv1,
fp7_e3m3,179,305921ebb029a1099ebb53c102938809784415541b36df76492976b033573d79,496,496,496,496,496,same,conv1,
fp7_e3m3,180,306b3f0d34f41a341ef418adac921f684a34c88bcd7c86758746172685f48741,999,999,999,999,999,same,conv1,
fp7_e3m3,181,30c7ee56102b01d1c360cf704c55a2bc38ff0618c5593083a55e579ce744f3f3,26,26,26,26,26,same,layer1_0_conv1,
fp7_e3m3,182,310e2c938e45d5c703f7e0069eb9f474c71edc5c2c5c0a09028ca95e04ce4409,711,711,711,711,711,same,conv1,
fp7_e3m3,183,312367cfa965116e7de65b0826d3efb72de178602912db3aa313c7f45af0b30a,883,658,658,658,658,same,conv1,
fp7_e3m3,184,314252fe172bd33f831a8795d682385e99fd8802ea3f878585853f3206699d05,313,315,315,315,315,same,layer1_0_conv1,
fp7_e3m3,185,315e47602d34fc71da79a597b38dc3495adec77b9dd86de3afa633d978564a2a,100,100,100,100,100,same,layer1_0_conv1,
fp7_e3m3,186,317392b1fa6b5acffae22ba33d5b42755c801147a57fd8f13921204f3f0ca801,35,35,35,35,35,same,conv1,
fp7_e3m3,187,3177154d23fe481b088a467a720291fc0495ea97679cb21771520c83e45a8e6d,487,487,487,487,487,same,conv1,
fp7_e3m3,188,317a34388f4236000ebbe9f97026a8a766ec1ae183899c356af01c72de62eb5b,988,988,722,852,852,wrong_to_other_wrong,conv1,
fp7_e3m3,189,317b0ac1dafa8e9c4d8e66e9487a14723514b3c61118ba64aa89892419fa2e3a,483,483,483,483,483,same,layer1_0_conv1,
fp7_e3m3,190,3188e6fb7911243e5db1d66e54442b7c5e3fae68ba05170699e1a0be0a0a536c,565,565,565,565,565,same,layer1_0_conv1,
fp7_e3m3,191,320681f8b2a702e7069f04a189490ac485804aaff55fe80e9a32340de1cde868,47,48,47,48,48,B_correct_to_wide_wrong,layer1_0_conv1,
fp7_e3m3,192,32392c3a6286366d7a94ad314f775ee7e1db12b341f330b94e9978ab59fa9660,709,721,805,805,805,same,conv1,
fp7_e3m3,193,324f856d66429d40ce3217308a612a3469b92dd23316128ff6c83ae73315c9cf,89,89,89,89,89,same,conv1,
fp7_e3m3,194,32a5eb9c02acb1148feaee833b865e0387bd52f5dbeff9a91695b873c9ea1eda,190,190,190,190,190,same,layer1_1_conv1,
fp7_e3m3,195,32da210af0106b263d14682212f29bf26b274ee4f696ca7bc37f0cc286ee2f6b,29,29,29,29,29,same,conv1,
fp7_e3m3,196,333568269a60a8f524e8c904bd8e14e59733271dcf032bdf1b126792b773a3b0,153,153,153,153,153,same,conv1,
fp7_e3m3,197,33899d07556a8c5f50b59c75ce8a4d6caab2ecf3d20172d21b5521961df526a8,843,703,912,703,703,wrong_to_other_wrong,layer1_0_conv1,
fp7_e3m3,198,3403a0383643d35d9b8f8e50003cba637f40a37b2e62a96f27cc175ffd4d2ebe,271,271,271,271,271,same,conv1,
fp7_e3m3,199,3423d413a76c76d59e1d4be05632a3142dd85b261f03ff2750df0e002828b6eb,993,993,993,993,993,same,conv1,
fp7_e3m3,200,343eae6b936f0c506f5062a2b945a19827a155da771157076bd5ce73c7af5226,751,555,555,555,555,same,layer1_0_conv1,
fp7_e3m3,201,34787686749f7c8dd99f956e62434d73ad7dc5d5a109d49c6711d5d116b66e6b,535,535,535,535,535,same,conv1,
fp7_e3m3,202,34a9f4cbf611609f752a53ed60082f263f85b70579089f2e0c6e365a08075a67,368,368,368,368,368,same,conv1,
fp7_e3m3,203,34d2b082391e7bffd8776a2316c269a234591dbdc4627f55c8fa19ea400aa388,669,793,669,34,34,B_correct_to_wide_wrong,conv1,
fp7_e3m3,204,357275e6baa56615777212875eb0ee393ab63ebabec01f411f18f4053cda41e3,152,200,200,200,200,same,conv1,
fp7_e3m3,205,3595c5071eb90a26a2f1c416c47260f3628afd7ea675167b292bd95dd6fa2aa8,582,582,582,582,582,same,conv1,
fp7_e3m3,206,35ec2e95bb7bd922adcb11819020d2454e40d7b23dd940e5a3d2e6ee3d528b23,875,890,890,890,890,same,conv1,
fp7_e3m3,207,36d2434b79fae2f02f1d5cb583fbdad71b9c6032980a32221e19b9033856e23b,598,598,598,598,598,same,conv1,
fp7_e3m3,208,375394ddb1260ea2f33ffca3db632f4d9f12fe415ddff8fe6953d134c90069c7,954,948,948,948,948,same,conv1,
fp7_e3m3,209,377d7d6e08c5505f5eaab138237d2d6b00a70fc889efa485e3c831d75a42a0da,734,675,874,874,874,same,conv1,
fp7_e3m3,210,37d0ef26cdb74e034c4b37f2f53b9629df80042c6cf5470006915ff73f875060,590,590,590,590,590,same,layer1_0_conv1,
fp7_e3m3,211,37ea422152e54ab2fc311047e7d484966089cd19f51561b2674fbd707922a961,723,723,723,723,723,same,conv1,
fp7_e3m3,212,380083c42f12091cc61ee1c4866a3d1a1997afdf7b27415fbddf4a535a0a45f1,98,98,98,98,98,same,layer1_0_conv1,
fp7_e3m3,213,38a6349bad83d6eb65c4df421b4bc820034b844f0aa593c6af6f896f95aaa365,228,228,228,228,228,same,conv1,
fp7_e3m3,214,38f362923df6abf5a0c3d88c67313e06cadb7916875d4cf6afc5b9e58a6040c7,138,138,138,138,138,same,conv1,
fp7_e3m3,215,39028622da67fec0764b77196de3b700c327b3404b61b45389b02abb4e842e71,150,150,150,150,150,same,conv1,
fp7_e3m3,216,3935bf867c75beffc06d686d1c41414fbdae7d0bed49827be55d19b772cef04c,75,75,75,75,75,same,conv1,
fp7_e3m3,217,39387011e331e63cbda687a0349b7599567af9ff428cc773a040a1d0b1fb6281,889,889,889,889,889,same,conv1,
fp7_e3m3,218,393fe7a174f2010be5a1eec25f3ba518c9bd45710c4f747f2289e725ac328d67,849,849,849,849,849,same,conv1,
fp7_e3m3,219,39692e883ced53541f862668d1e3e81d9c3a9a2ac382a5976f695196bb46ce9b,676,676,676,676,676,same,layer1_0_conv2,
fp7_e3m3,220,3999319ba21c6c4e6709cc4b6734e86654621d43c71207f04acbb62163744527,38,38,38,38,38,same,conv1,
fp7_e3m3,221,39be60243b46823504a0e842c66c2ad1b1e52c57c7ad61fce154a7e23842414b,154,154,154,154,154,same,conv1,
fp7_e3m3,222,3a337c23611287df36864d1d5cf70696d5ba64924026032aa9459066e1ff5159,18,18,18,18,18,same,conv1,
fp7_e3m3,223,3a63f1ad49d9691dd0856ca42b82cc5bed671337cb3098ed6a1b1a80826ba4bd,123,123,123,124,124,B_correct_to_wide_wrong,conv1,
fp7_e3m3,224,3af1c0c0ec03ebd0c07147390b3e914e7bddfa6e09c68d806f6919ac7fb41daa,290,290,290,290,290,same,conv1,
fp7_e3m3,225,3afab3524d2f25fd38c8d48e077d39851d920d479168853e6634c1cf5e33dd28,960,960,960,960,960,same,layer1_0_conv2,
fp7_e3m3,226,3b7ab56af5d765c4dd7fe717521612f850e69d07e8882c5437155760a8d8db12,134,136,136,136,136,same,conv1,
fp7_e3m3,227,3b83ad49ca89860950ce707151d873f08526364bd96dd7a29f5d6dc855fce3dc,207,207,208,207,207,B_wrong_to_wide_correct,conv1,
fp7_e3m3,228,3bc26636d7630ddb53225617f1772a5e054dcfb5c8e455ec260df14163e34547,484,484,484,484,484,same,conv1,
fp7_e3m3,229,3bcda306749b646cd086bf6f28929e0a80386d8a25774bf72cb33b2b3f0297a5,458,458,458,458,458,same,conv1,
fp7_e3m3,230,3c174bcb5d8e8bd2e5090cdd5ad99a77bcf93224391e3f910aa8de41d8841b85,234,234,234,234,234,same,conv1,
fp7_e3m3,231,3c6f5faf74d07765de9dd8050458f50d167bf6b393ea30a0912101dd5c67e325,832,832,832,832,832,same,conv1,
fp7_e3m3,232,3d50ff5551dc9004e6dae64cf111758543c0d5e0faf94768ca43cc9179edd122,640,640,835,835,835,same,layer1_0_conv1,
fp7_e3m3,233,3d51fd5ea284557086da77f3e148b1d7dd1585dbcff6ea20d3ac197e1c6da8f6,168,168,168,168,168,same,conv1,
fp7_e3m3,234,3dbbec07e1aa9eb29c4bdd8c256bb34706f5a52070cb21c370c3f141a7c75904,129,129,129,129,129,same,conv1,
fp7_e3m3,235,3dc8c71265c3c6cf763c2eae09cc70c6d71743e6a2b98f5bdae30af31bd2b7f6,782,851,851,851,851,same,conv1,
fp7_e3m3,236,3e10a67bae752f603e6252ab46ff19a116383f16426143586d4b38569fab088b,549,549,549,549,549,same,conv1,
fp7_e3m3,237,3e255393e6de86fdf0502c700ed39bd9c3f43dab4705d11d2afadef180b70758,701,701,701,701,701,same,conv1,
fp7_e3m3,238,3e61811a29d5f52e9fd5f624b55aa78596f9bd1103f4a141ebcdeea283500220,548,651,548,651,651,B_correct_to_wide_wrong,conv1,
fp7_e3m3,239,3ee4c4df401a9a7536713d00e577572897af0d83687baa9a7dd9b3d683b265ac,50,50,50,50,50,same,layer1_1_conv1,
fp7_e3m3,240,3f4c020b139386d95bf5abd56a299888c62987f8f2babcb92c83d40cab542d2f,813,941,941,941,941,same,conv1,
fp7_e3m3,241,3f6472dcf705a4fd474cbf194c05dd544f401163bf5c35df309ac0c590dd4fcd,826,826,826,826,826,same,conv1,
fp7_e3m3,242,3f8345e04ef86083ae4158286ebeda070ff49c2e07fafb08aabe6ca972c20cab,846,846,846,846,846,same,conv1,
fp7_e3m3,243,3fee7cf8980da52b0b6aae20a42f2d6a11696097c4fe2bc67715bfd03e25507b,973,109,109,109,109,same,conv1,
fp7_e3m3,244,4008b26da0f926360a101f60461f9349c8598e359a55d39619adae6204c9fcaa,650,650,872,546,546,wrong_to_other_wrong,conv1,
fp7_e3m3,245,408c605495ce2bc6b63b728c54eceabfd1ff1fa5f77bab731883531840717605,474,474,474,474,474,same,conv1,
fp7_e3m3,246,40921200b5bc3d93b561d2d2a5bbd17ab0ae2be85ef299e565eeae7603639b3c,753,632,632,632,632,same,conv1,
fp7_e3m3,247,40aa9082608effbcd9a380a85d18a608344cc4c70c42d04aa73efac61d219dec,243,243,243,243,243,same,layer1_0_conv1,
fp7_e3m3,248,4161afce2eaf24c5840d44aca58c28e3dc0f5aebdb099bc8c374220d1c250a63,868,868,868,868,868,same,conv1,
fp7_e3m3,249,41b8871ce533733502159a5e92a41fbb47a7ce6f68282feedf0518dfea35a88d,433,433,433,433,433,same,layer1_0_conv1,
fp7_e3m3,250,41c4a3a2904d45baa50ec34823e3d9310c63810b55e05bacd3bdf819d2c52bd9,210,210,210,210,210,same,conv1,
fp7_e3m3,251,41c6cc49617ef62b71623ca966de5a64c9602d329be061edebdddfa03a6c5df3,607,607,607,607,607,same,conv1,
fp7_e3m3,252,41da32b56e96cf82f64b01282add016c1525e368df81e177c34a8a04d1cdf279,396,396,396,396,396,same,conv1,
fp7_e3m3,253,42bd216dd58162be56f87ffee6e35f00be8ff2b8d156ea646e036e9ba807f3b8,873,873,873,873,873,same,conv1,
fp7_e3m3,254,42c12156d38a719f9898572fc2674069fe54d02ec27551c5f1cdaf99043ef7a5,46,46,46,46,46,same,layer1_0_conv2,
fp7_e3m3,255,42c71cf7e21fcaf5e140332f1fb95a821274b4eea8b37188acbcc24194646f06,96,96,96,96,96,same,conv1,
fp7_e3m3,256,4352c6ba1897382853bbcd0ef4534f05eced44a70743aeadcdfb55101a85352a,380,377,377,377,377,same,conv1,
fp7_e3m3,257,43aea7e18e2833767500524bff3df5dd1b45ecbc60a5e68bf413d995d552e3d9,986,986,986,986,986,same,conv1,
fp7_e3m3,258,43ca1a4fee5c4fc5cff65daa53a6ef23b6559efc16c96c31f16a524807104752,366,366,366,366,366,same,conv1,
fp7_e3m3,259,43e7846625b31dee0b2ed3076664fe3bf66472d06b61a4429a69ecdfd5a44348,774,774,774,774,774,same,conv1,
fp7_e3m3,260,4406e9a7e2f78a80cb093356b3de85cbf347fd0754609e2ab912837b631234a1,260,260,260,260,260,same,layer1_0_conv1,
fp7_e3m3,261,4415f134890ea8bf47807707c3261602857b53848007b45203a12b8d80a0a454,270,270,296,296,296,same,conv1,
fp7_e3m3,262,446b26727776f2caa5de9c417622968878864230085091e06683adb981ba6960,9,9,9,9,9,same,conv1,
fp7_e3m3,263,44771ca1d824c50d1c8d71444df43ee1ea73fc60f141227c5f1c84d3b076fb58,430,430,430,430,430,same,layer1_1_conv2,
fp7_e3m3,264,44ca8e44028b757fdbfccfe82b6a1ce7a458e730d963d71c30879a6083a0d3db,403,403,403,403,403,same,conv1,
fp7_e3m3,265,44f4f961c43b74a9514ac907f6dc63de7aca4624a1eb65a446ea0fde8a5b7fc7,634,634,634,634,634,same,conv1,
fp7_e3m3,266,4511d5f6f2df575268aa00ac81c7a03336a8db492c7b7f3aa78f446e0d937d59,213,213,213,213,213,same,conv1,
fp7_e3m3,267,452523457ad5fb0d3f45722d12c0ee30c8ba6e003a4a75ad6fc6097db325af89,520,520,520,520,520,same,layer1_0_conv1,
fp7_e3m3,268,452c7341391880778daaf72ff191c9fd36b7e827888033b4e2218654d5186717,830,830,830,830,830,same,conv1,
fp7_e3m3,269,452eba91373765f877792a9b78ea5ec8b07160e296ac0d4c8b0b3311cefc262e,306,722,868,868,868,same,layer1_0_conv1,
fp7_e3m3,270,45829ee925aa9bdb1c5f6490d6a71db25d6ad291e38e30293ce334e3d4d37032,566,566,566,566,566,same,layer1_0_conv1,
fp7_e3m3,271,45a8bf182342b0e79e9d360ebe0bd30386ceb3dbbd40da188edb6544d077ca0f,471,471,972,972,972,same,conv1,
fp7_e3m3,272,45ca90c7015d9dc2a8d51e1f36e42fed138a2bcf18a054022f80204aae25f031,31,31,31,31,31,same,conv1,
fp7_e3m3,273,45ef2dd56b860b70269e99b39790d7aa2492a9f637c52bcd9e6387d509ee0782,55,64,64,64,64,same,conv1,
fp7_e3m3,274,460f85ca4a748f036e2a76102760a643c23d4f2dde7ef12e4eb5ccc5e003c37a,679,679,679,679,679,same,conv1,
fp7_e3m3,275,467c620f9929ddc82bd926b680eef690b2ef95ae1a0987450c6d7cf1e52228ce,217,218,218,218,218,same,conv1,
fp7_e3m3,276,46c072c742de88819939b10dd995098a0a17b5b1318d8e335bca5cd5bcaa2140,738,469,469,469,469,same,conv1,
fp7_e3m3,277,46defaa8dbd32633296dc2da6a3a6ea78226dd899bcd663d72d3ea7afec6e763,404,404,404,404,404,same,layer2_0_conv1,
fp7_e3m3,278,47085971a0c0eaf9d05c6ca9d4541c1cdfdb8a82cc3220556182ca0f1da38e82,853,853,853,853,853,same,conv1,
fp7_e3m3,279,47399f7517326332b6a84e94880561d314d0ae2c11c3f26f7b379ecc87117e4a,469,926,926,926,926,same,conv1,
fp7_e3m3,280,477f85b22e9f36fa9d44bf17a69dd9a831045cdc67b745171cd8d93fc3e4d132,67,41,44,44,44,same,layer1_0_conv1,
fp7_e3m3,281,4841524491a5284328f03fb8dc48640dace13256650de761ef009941182bb283,401,401,401,401,401,same,conv1,
fp7_e3m3,282,4848d598f35e6e1404890058db7c4beaea5c6de179ad4e461c86e5a6b48e54fa,247,247,247,247,247,same,layer1_0_conv1,
fp7_e3m3,283,48e99e0f596bbc2d83a5959a93b431bd61cd8ffa9727e8fe8237891705c681cf,745,745,745,745,745,same,conv1,
fp7_e3m3,284,48edb428be267614fe86b55f7c4c11e2a71e2e35122d2ff6c6756f35c8eb0d65,632,819,819,819,819,same,conv1,
fp7_e3m3,285,49222551919e0baa1287ebe87932f56fa809fbfe413211d8e22f17c391825297,517,517,517,517,517,same,conv1,
fp7_e3m3,286,496c67fd501ca3146cff255ec44f8a50d4f2f97766ad04db0acd3a1742990087,451,451,451,451,451,same,layer1_0_conv2,
fp7_e3m3,287,4a3d8f21f8ec7424ce2e5f1078aa01b7ea2749cb0000c23874ac6f9717b52084,174,174,174,174,174,same,layer1_0_conv2,
fp7_e3m3,288,4a87666fb0b600bf76c04127765ca2d7b4832e61dd25dfbed1d887cce973bd21,395,395,395,395,395,same,layer1_0_conv1,
fp7_e3m3,289,4a95178277ed5dff6442c5340da8dd899c4116657a1390fa0f32927625c0c2ec,761,761,532,761,761,B_wrong_to_wide_correct,conv1,
fp7_e3m3,290,4a970af8fec2a11839cde34cfe05bb53dab817cfc7edc85255cb9f3372d7c275,357,136,136,136,136,same,conv1,
fp7_e3m3,291,4aa973ec62f6c74120f071cf33d89a2a6d3d49acbf6702133f55691341f21583,649,649,649,649,649,same,conv1,
fp7_e3m3,292,4ab46952b6a2dbd0eff38b923d9694b95f1262a712ce21191106a784260b7793,236,236,236,236,236,same,conv1,
fp7_e3m3,293,4ad357689a4c8880af75d4d477ffc05c20ca317e715434a0aed9191c404d0bd7,231,231,231,230,230,B_correct_to_wide_wrong,conv1,
fp7_e3m3,294,4b516a9f8eeae6025f267ec49d1b96ac000c949aa09b6e819170e3e7b6a3f7cc,710,710,710,710,710,same,layer1_0_conv1,
fp7_e3m3,295,4b95a00c4259917ff54bf6a9619fc302194a7be49c724a8c9f552e4b77d07abf,291,291,291,291,291,same,conv1,
fp7_e3m3,296,4bb2182390a437d09a799ad7145cd6d6d66a74e10b79ffc3237e6579cfa48429,796,796,796,796,796,same,conv1,
fp7_e3m3,297,4bfbafba592cf1bfc435074a9b1f85b17961483910168858f11dd2a56e4b6aba,658,658,658,658,658,same,layer1_0_conv1,
fp7_e3m3,298,4c8b2c0be14c2ed323172364e508d87110eb78a86c5bfab181f9a0a8fc0db536,703,490,743,743,743,same,conv1,
fp7_e3m3,299,4c9f5e9914e6344b36dedc540b241a7fe5a11b265f53777035716e5c97b359d6,501,903,903,903,903,same,conv1,
fp7_e3m3,300,4ca84c292963ec3f76ad6ecb160030d437171798eb65d82f72fbb8646897baca,902,626,107,107,107,same,conv1,
fp7_e3m3,301,4ce64d626c6997b9ae15671ee709519c765ee8163a1682c8bfb0b7a389ccf4fa,442,442,583,442,442,B_wrong_to_wide_correct,conv1,
fp7_e3m3,302,4cf180a1059cf5887167fc7d6b9264102e78f629d900e0610a368044ea9299d7,944,944,944,944,944,same,conv1,
fp7_e3m3,303,4d48634289bd44ef94400679ef40995cdd064232326e5de15b8774aad8ca38ed,328,322,322,322,322,same,conv1,
fp7_e3m3,304,4d6af2382b0c1961929c0e4a31ab8ec15a50218e6928e3cbbc1c571417a6aec2,388,388,388,388,388,same,conv1,
fp7_e3m3,305,4da60d058dfa487e406dc46973255e53f12204eeed0d96ce4278478267e9f86a,522,522,522,522,522,same,conv1,
fp7_e3m3,306,4da64ee640c875dddfe92ecfd7caf2a0a43d753b56208caa6ebb6403bed79f17,351,351,351,351,351,same,layer1_1_conv2,
fp7_e3m3,307,4dc80393bd32c4e30a890e2c10706892b2f23ad53f37c005489bfda8bdf41331,53,65,65,65,65,same,conv1,
fp7_e3m3,308,4e2802d9af33eace534bf76f5099221fe017d98cb2276c4508500afae84bb9cd,617,823,823,823,823,same,conv1,
fp7_e3m3,309,4e3d29a5ff3cb95b744051722b7055d91d215c1de9101f8c94bc954cb8584fc1,135,135,135,135,135,same,conv1,
fp7_e3m3,310,4ef713ca1593a356a0ab66a677c6ab5fd0ff30eb388143ab1870f076fe05a58a,327,327,327,327,327,same,conv1,
fp7_e3m3,311,4f15266f11c12085e481c404e6210fc3361f2e14043165a97bd0352d3669070b,550,550,550,550,550,same,conv1,
fp7_e3m3,312,4f74c7b5131a6e77d1676e709e9d2b056ccb3b15c348ae6bcd0e7d73e139a95a,690,690,690,690,690,same,conv1,
fp7_e3m3,313,4f92ff9d3551874300d572941d58eb65b31aa795e1d4f499eef8b9d8fe500dd7,601,601,601,601,601,same,layer1_0_conv1,
fp7_e3m3,314,4fc8bd0b8bf660727ee6a1d3fa4ecfa7cafab8c86c3a4f2fd5892c0dc1dbec33,316,316,316,316,316,same,conv1,
fp7_e3m3,315,4fe8461c4c741918206716a10011164f1c2570879ca1450743cdb74827991747,715,568,568,568,568,same,conv1,
fp7_e3m3,316,50b5cdf5f82e9ccef483ad83f1f18312f8f3d59088b0a8524106e65cd5a53577,794,697,697,697,697,same,conv1,
fp7_e3m3,317,50ed3bf9348403eeada37fe05b7bb50606673653264930491ed26c507a3e1f85,222,222,222,222,222,same,layer1_0_conv1,
fp7_e3m3,318,5184fae6d5a8f9e6f2dd93805f420a61caac25561df4da03a34b794015b547ad,662,662,754,662,662,B_wrong_to_wide_correct,conv1,
fp7_e3m3,319,522203be2b14663426e9fe7d2bd3cf7fe3d2c624dbcb70925d9293fa0c06b7e7,648,453,651,453,453,wrong_to_other_wrong,layer1_0_conv1,
fp7_e3m3,320,5287aeeed64e976985f1cecd28884c23efdad176e1d5c15ffee215236ba85ad1,696,551,551,551,551,same,conv1,
fp7_e3m3,321,52a65c0141b38c0d213a06eaf439cdedfc6913fbef686f0141de1eafac37c8dd,359,359,359,359,359,same,conv1,
fp7_e3m3,322,52cd565dea452ab1c5b11ff82d75daaf36c74fc27679109b46c1e04650522625,492,492,519,492,492,B_wrong_to_wide_correct,conv1,
fp7_e3m3,323,5378330277a7eab2aa7bcae65dc8c395344380f6e3ddcc4e5d1253dd50020c1a,186,186,186,186,186,same,conv1,
fp7_e3m3,324,544bb199c11fbc5f14e318dd2250db166d6449674dca3b3d30930ff86d7e9d30,377,373,377,373,373,B_correct_to_wide_wrong,conv1,
fp7_e3m3,325,5476e6d729fd1ecf477bd18eeb1ad632512e7575a30dc96e2cf61b6d81400eea,289,289,289,289,289,same,conv1,
fp7_e3m3,326,5499674a6530db319b97be5bbe39241039fe96cd4111f3c12e2f542311c4b6c5,571,425,425,425,425,same,conv1,
fp7_e3m3,327,55683fdded3943e15ca6c1804a5328cb090688f3629195bee680626725fc3b39,618,618,618,618,618,same,conv1,
fp7_e3m3,328,556fbfcbeb7aa45e6639b4c126109d07517538ecee7117169a4a39a76fa3b1bf,537,537,537,537,537,same,conv1,
fp7_e3m3,329,55825d8ae4cd4e5a387a30187646896536930e73ee24cc8e4e0a0cb8e18f7bb0,325,90,325,325,325,same,conv1,
fp7_e3m3,330,55ada4e23d7a5735998d42c767584ee01c216fbdd79258b568dd8f7954cbe59b,361,361,361,361,361,same,conv1,
fp7_e3m3,331,55d70a4c670918e4423e526a2af6dcc7e62c8e085b55babf78528147581eef1d,342,343,343,343,343,same,conv1,
fp7_e3m3,332,55f1a3b90bc9f16200f51c0f3f9045211c39f2ece78ce4babc9f7003081a9b8a,513,875,513,875,875,B_correct_to_wide_wrong,layer1_0_conv2,
fp7_e3m3,333,5603d56faa088a4d1536519904e44724e642f0985d80f4a05d72e3cd69001418,183,183,183,183,183,same,conv1,
fp7_e3m3,334,561dd27f4fed6753af1800852505220347d29b33adb78e35ce2cb300e5b60758,391,394,394,394,394,same,conv1,
fp7_e3m3,335,56856185dd74f5877f006c74ccdb324db5274e540fd3e19a122bdd2df0aca747,741,283,283,283,283,same,layer1_0_conv2,
fp7_e3m3,336,56d2688fb913f04f3df7daf4e5039e319e4b70da7086094a0980a747413a6164,953,956,956,956,956,same,conv1,
fp7_e3m3,337,56e36239796d5396dc654d293890c98a4988a8b7d8cbf7419ecc26d15c6bc252,439,439,439,439,439,same,conv1,
fp7_e3m3,338,56f7d35ed973cf18c726f0b17a753f576c176853eff19f5089789b2c4428e982,360,360,360,360,360,same,conv1,
fp7_e3m3,339,572bff9c81c0664518df473afa734c8e814d7d101d88042f8beb4f0e1b9f55bb,587,587,587,587,587,same,conv1,
fp7_e3m3,340,576e6cc0d681634eda6aecaee2a74c372ad05215c8ba2f93a83381ff296542f3,463,756,756,756,756,same,conv1,
fp7_e3m3,341,57b24289e7ee8379c13f470ec769caa5f41607a0e28cbc84a1320cbbcfeb4aad,947,947,947,947,947,same,conv1,
fp7_e3m3,342,57b8bf392cf90c8c333ccd644f24289e17a7fb53331d342baffa313a6ad101f7,760,760,760,760,760,same,conv1,
fp7_e3m3,343,57ccb3d2276c9cab1264cf53787001bba3c0e99572072bb8d88a3ca13452bc9a,400,400,400,400,400,same,conv1,
fp7_e3m3,344,57d425c2e7f5461f887aa91dad017cda8c1e7263f94dd4a0da8357d8a5e9e5a9,83,83,83,83,83,same,layer1_1_conv2,
fp7_e3m3,345,585da955e35a2fb89b5202a50d79b9003921417ac7ae628a44cda54aa69019e3,256,693,693,693,693,same,layer1_0_conv1,
fp7_e3m3,346,586350e5d7097d209da044456455454b723d3de9e98c923f5dc390cb0d80f91a,828,828,828,828,828,same,conv1,
fp7_e3m3,347,58b76cf641598eec77ffd1afca13f21a248a512fe04a5ef35e8fcf0186b1f68a,595,595,595,595,595,same,conv1,
fp7_e3m3,348,58e483327124efb5f3860ba95109908aca669c5de4443d8feadd1eb43b61d456,8,8,8,8,8,same,conv1,
fp7_e3m3,349,591dc2e8071bda4d738f0d13ca55f90ec64bc21d6c4a7d0c9fbeabc6daa3dc41,163,161,161,161,161,same,layer1_0_conv1,
fp7_e3m3,350,5974a45aedccd19d14461569e71f84594a2c75c5156dfb4f6941a10f78da167d,323,323,323,323,323,same,conv1,
fp7_e3m3,351,5ab5e651d4c8024268ee1636bcbc4ee26f02ccf1122b06dd262d61fda10fd0ab,425,425,425,425,425,same,conv1,
fp7_e3m3,352,5acabd5b8e0b17a7e83331d59ea83841332d8d96242ecdab831ff85fe1870599,827,827,827,827,827,same,layer1_0_conv1,
fp7_e3m3,353,5ade0ba42378fc6fa9ed09a5762d3969c2f23bb03205da5fa934a19a515fe82c,146,89,146,89,89,B_correct_to_wide_wrong,conv1,
fp7_e3m3,354,5aee57203e7a0b0d6c044334be9fddb551386662ac04e8c9d6cf4b0a4467e331,932,860,791,791,791,same,conv1,
fp7_e3m3,355,5b0becf3c2edba055b71b396bc13cb2907f16efe21dec92257881676cb7ba341,639,639,639,639,639,same,layer1_0_conv2,
fp7_e3m3,356,5b73f0cad83c10e73123385626d81c78cc34621a3faeb7497cd2ff153d2368e9,480,880,880,880,880,same,conv1,
fp7_e3m3,357,5ba81bb8e998b2d811501a910bb454668df8dac8b5269c7455de47afd6eb5948,275,275,275,275,275,same,conv1,
fp7_e3m3,358,5bcbf48d02cf59c081d4da1967f9a28174b7a5dc08bd597cf926a29fe595153e,842,842,842,842,842,same,layer1_1_conv1,
fp7_e3m3,359,5c5696905f98ac36871aec48ea66626cb9607cd6a57f0d740572ba061f51eada,482,482,482,482,482,same,conv1,
fp7_e3m3,360,5c745f03fbcfcf803dd3f9260571f8b800d92a2b085606a2ea9b2f860f92bfe0,815,815,815,815,815,same,layer1_0_conv1,
fp7_e3m3,361,5d2df83342dfe3145fa807ac11aa371051f763afc78c615b8f87ab392ca2bf14,479,479,479,479,479,same,conv1,
fp7_e3m3,362,5d562ebece289000483f8b78a2acbc7e4cb22120bd9181b6126793ece41b52a5,864,864,864,864,864,same,conv1,
fp7_e3m3,363,5d77c85144358e578737833b2f4e51b9d6b094bfda5186cc4a10e7dfba8d8c8c,869,869,824,735,735,wrong_to_other_wrong,conv1,
fp7_e3m3,364,5df5847f0cd83a1e1ea0ebb7a0e1afd590d76201f9810b867c72782382915cdc,498,415,860,860,860,same,conv1,
fp7_e3m3,365,5dfbe9f1b3bb998d3754007be52019326dea4d8dd8f069830ca9b3e5c2b9c385,165,234,236,236,236,same,conv1,
fp7_e3m3,366,5e0dff31ffe463483535e1f4dfade5123f0ab00d1e3922acf0abb3dbbea87557,667,667,667,667,667,same,conv1,
fp7_e3m3,367,5ea1b697732ab184d32c5ed45a59348d2f03a927c2f39450830491dff813cfef,263,263,263,263,263,same,conv1,
fp7_e3m3,368,5ec49e13d45a4c7485ecaa04b7c56818643afefbad5a3e11f206b44fc7772e13,819,819,819,819,819,same,conv1,
fp7_e3m3,369,5edb22b94f29efa0195034b7b83bc327c55bf6861a4674335b8fa88232fb2741,969,968,968,969,969,B_wrong_to_wide_correct,conv1,
fp7_e3m3,370,5f86a21de123bd70ecd1e3b594a0ff53a6f71bf13065ca3b2991f69657fbec60,491,491,491,491,491,same,conv1,
fp7_e3m3,371,5ff8fb90fe1a4adffdb55e2ca07b3666bfeeebc43d294fbd48161db0b69e2c2b,880,880,880,880,880,same,conv1,
fp7_e3m3,372,60157d49f8462e2fd619cc62588f64ccd481d9a8efd58786eef059e67cb75102,272,272,272,272,272,same,conv1,
fp7_e3m3,373,60a610232838c3a9e8d7b51fdddfda54eac78150e628bcaebc4dd55327b298fe,631,454,454,454,454,same,conv1,
fp7_e3m3,374,6143c3a4bd59cf1693dca19d0565542cc62d82a60155e6fc5206b202b917b231,493,894,894,894,894,same,conv1,
fp7_e3m3,375,61cc5fd5ddcbc5e18d0e1aee53d75abc40a4df178f80273247b6a741816a07a0,159,246,246,159,159,B_wrong_to_wide_correct,layer1_0_conv1,
fp7_e3m3,376,6212f8a2707572ef4ac166d44def1da36c072ed81303f8d2e85e90a2afde0f6a,121,467,467,467,467,same,conv1,
fp7_e3m3,377,62252d19990c8c92893de6640f7f95da2115f46f8d7e6e64efafd33ac54c812f,536,724,724,724,724,same,conv1,
fp7_e3m3,378,62696424327dfc09be426bff723e44853ecf68c3643ca16367a06fc9b7175b6a,602,602,602,602,602,same,conv1,
fp7_e3m3,379,62c3777764582a408e37e55994679893e2ef4f3b3218e039cbc5749b60bea178,385,385,385,385,385,same,layer1_0_conv1,
fp7_e3m3,380,62cb6dedbb0a3fc3ef0dd746cd179b8a384a707eee94ebed2ef6ef42f2d14aa8,797,591,591,591,591,same,conv1,
fp7_e3m3,381,633e1703677268338ac936c9e9c169389aef9615ea9b9c9e21c9c4869a581332,28,28,28,28,28,same,conv1,
fp7_e3m3,382,6380183282d1e713d6cf35ed5d837cf539da40ec52d742d48b20f73f9dd72f00,440,784,907,784,784,wrong_to_other_wrong,conv1,
fp7_e3m3,383,63f20fd00a13a85156338dc2904d0a3c7562dbb3642e7ca89869ac9b908fdace,156,156,156,156,156,same,conv1,
fp7_e3m3,384,658621f938c86f371e9adba21073d1203d039735399e2166613d04f7ab9b6bcd,33,33,33,33,33,same,conv1,
fp7_e3m3,385,65d3f1c1f7b2acfac41084366458470215189455e78549e5b760bcc2e26315b3,276,276,276,276,276,same,conv1,
fp7_e3m3,386,65e00e24ab7cfd8ba983f0d468774e14b871762a127ee0460c8c2f1cba574e27,975,344,789,789,789,same,conv1,
fp7_e3m3,387,666481b5f1406fda00755a3352fe21f5d5f0d591501e4e84f8e084a313e3ca15,905,789,905,904,904,B_correct_to_wide_wrong,conv1,
fp7_e3m3,388,66871acb63de718b0ad1b06339cf24d70ab0fc8e4c8a0271e31c02ef14736952,808,879,675,675,675,same,conv1,
fp7_e3m3,389,66894a6344ec7b2f0d374601d0e7158a93f77b341acdfe4490397b6d6f47de2b,651,648,648,648,648,same,conv1,
fp7_e3m3,390,66b2b6b8654dd3b3ce54b16d38128cc9cb278fa71a6c79c9e9921c41472b44c9,497,884,884,884,884,same,layer1_0_conv2,
fp7_e3m3,391,66cec21feff87474b245ccc7e02c9a4969220aa31862c233189fa1ef9c3829a4,90,90,90,90,90,same,conv1,
fp7_e3m3,392,66d4e2eaafcba610d08df25dabc40d7c1c5ceaab01b9e3b94eade365a9cd753d,157,157,157,157,157,same,conv1,
fp7_e3m3,393,66f013d9cefbef762cdc2373e2d3f5bd1de5098e531f76b1b169597e246124dc,952,952,952,952,952,same,conv1,
fp7_e3m3,394,66f5d93e85f6316a1924408aa58bf85f46e4d531a4f979c510a1af2161988c42,874,874,874,874,874,same,conv1,
fp7_e3m3,395,674c477ee54c2fa33eb17e1e6e21d98bd8cf512c0ec32e12809ff88133bf38f0,967,967,967,967,967,same,conv1,
fp7_e3m3,396,67b0c252979a026bb7ce38abffdb1fa9b780d221dd06ff28a036c9814c9453b0,320,320,320,320,320,same,conv1,
fp7_e3m3,397,67e0bebe84de75b0d1e2a2337412c03ab4222a01bf0a357801edb963e7c0170e,84,753,753,753,753,same,conv1,
fp7_e3m3,398,68103f6fdfd924823da8a85271474c7b8f6e4752a8a7be2e0993e88a30755d86,21,21,21,21,21,same,conv1,
fp7_e3m3,399,68182be4536f04bf44661956d4dfde6f1bb28bcdd4b12f4747235092af5e3607,675,675,675,675,675,same,conv1,
fp7_e3m3,400,685769fb64703354fff6bf07a22b1197b27e52a3efed1b21731f07c2a0a49d90,191,191,191,191,191,same,layer1_0_conv1,
fp7_e3m3,401,68e7d11a42148678755208d8b0691470b6a8474ed1e104114daf39716a6840b0,744,657,657,657,657,same,conv1,
fp7_e3m3,402,69707f7bb96751fa7f3a98bd91c5b7a00afaffce82f800478f2232ff5c6b7f39,453,453,453,453,453,same,conv1,
fp7_e3m3,403,699ac660fd7f1a2249e80cbdb737804565234ea34066d7b168cc3a1f1d21698b,245,245,245,245,245,same,conv1,
fp7_e3m3,404,69acdca9e6b4bcd586df7859570f5d57195e6c07f6e06c7cdd745bb59fa0b59d,206,206,206,206,206,same,conv1,
fp7_e3m3,405,69e819000d434daa99a83573adeabc447ac3602f6af86c068f986a05d143507a,321,321,321,321,321,same,conv1,
fp7_e3m3,406,6a705f364cd9299ec34622ea6c5377e3c6fd470b2ae7e260ec515d00576b2122,465,465,465,465,465,same,conv1,
fp7_e3m3,407,6aea3be62743365f0f68f3a37c521bcdf59f50c87c312061ce5949b7e22fd069,34,34,34,34,34,same,conv1,
fp7_e3m3,408,6af9c903b55cf8f5f1a9224def61f2db5d1edc7c2ce4213ba393f98ce3aa0727,891,891,891,891,891,same,conv1,
fp7_e3m3,409,6b0c1af0396c90ddd215fb30659389562dfad5e5c9f0abcba46fe3f866a3c540,437,437,437,437,437,same,conv1,
fp7_e3m3,410,6c25495884ba4078f17552a281db4d8f269b9129d290870602b4029b3d9f96b7,901,901,901,901,901,same,conv1,
fp7_e3m3,411,6d438d308ff77ead633ad029e69f7782f7697169c73808e78b32e9d641e9a1b4,616,616,616,616,616,same,conv1,
fp7_e3m3,412,6da87ad8b7b3483303ac50ce404dabebb10b84ef80bf0bd0407a4329e89c7bb3,336,336,336,336,336,same,conv1,
fp7_e3m3,413,6db5f4e87ee428ac4d6aa50d1ab56d9f49c35468364766291f8ef7c65580bea1,103,103,103,103,103,same,conv1,
fp7_e3m3,414,6ddcbe0fbbe6c23d7caf286d610474606d86cf7e0fa845b67b8aa2dae4e48228,233,267,233,233,233,same,conv1,
fp7_e3m3,415,6df5d4e95eac73cb292cc8a6771944ea187e9538fd69407a322ccaa5ee49869d,144,144,144,144,144,same,conv1,
fp7_e3m3,416,6dfefda541dde0507b9862d482ec67f0a5f945be11e0d8eedcb8a7b801f0fee7,786,786,786,786,786,same,layer1_0_conv1,
fp7_e3m3,417,6e17c44572f4e6d08b8f6f454762da3e0ba86a6eb05d980b10f03295fb9a4840,885,885,885,885,885,same,conv1,
fp7_e3m3,418,6e77ab5d7985588d4f6e408c857763059e096721c6e942736f47109007b3139b,588,588,588,588,588,same,conv1,
fp7_e3m3,419,6e8e8abfef4b9c6db0d4cd809f0dd14eaa1d4fc3eb4276bada18bb9d9fa8be2e,838,841,841,841,841,same,conv1,
fp7_e3m3,420,6ebaec0af02a3ae489f324f67a2305156352257f74265b2205aaffa3d3e6094c,455,455,455,455,455,same,conv1,
fp7_e3m3,421,6ebc880600c22d61942b71855279f8640bc5405edeb0a961550ae6c5d8185e78,945,945,945,945,945,same,conv1,
fp7_e3m3,422,6f03d76df7cdb0585c3f0ea4d23b0ea79c9dfc59c6771a447c25a3de06ce61e5,392,392,392,392,392,same,layer1_0_conv1,
fp7_e3m3,423,6f66f5fddbdc7c6eac85f83a9c0b7e7a028280497633334453c1abf5c601fa02,554,554,554,554,554,same,conv1,
fp7_e3m3,424,701bc4b687f6f3906df2cf08bca73be72fb43242b509a07d2ae95a806927e11a,251,251,251,251,251,same,conv1,
fp7_e3m3,425,7034b8dab7f0c86530e6556a584f80f2ca8f57d07e60061a259d0d967e94d860,352,353,353,353,353,same,conv1,
fp7_e3m3,426,70b810b541c96f255c7376b4fb4102d06cef703ceed82a2ef0e003d551b5972d,691,691,697,697,697,same,conv1,
fp7_e3m3,427,710cd89e8ae3fe27fc79806ad8338f2fee534ffcfbbfe772c5fe32af2d8e6137,421,421,421,421,421,same,conv1,
fp7_e3m3,428,71126f237a6f628f3ea5d43e734437fcf8ac439811802c981d3e9ed4d09792db,811,770,545,770,770,wrong_to_other_wrong,conv1,
fp7_e3m3,429,7184960e1acee479c9a7e3d120113f8d94f6d76ba72b13951bcbab3f6fb8c8e4,164,164,164,164,164,same,conv1,
fp7_e3m3,430,71fb786052e8d5a6515eca183c613149dd9b6394acb276621f481564a824c840,998,998,998,998,998,same,conv1,
fp7_e3m3,431,7276a311815e1412c9860543215d0fc5549bdd5a189922ffb49b0c8678461967,355,355,355,355,355,same,conv1,
fp7_e3m3,432,7296c9a9fe3d9938c7de15a262235de9e85aa7b6c55e572108b8d8aa8fa4ffbe,427,427,427,427,427,same,layer1_0_conv1,
fp7_e3m3,433,7349be7dc1e95c96fc666f82fe3836c143d774960c3d9c9708dabf43d92276d7,629,629,629,629,629,same,conv1,
fp7_e3m3,434,735b83bb62e09ad7007d838b546e2bd561dd4b76e86c877b086fde71d98d35fa,586,847,847,847,847,same,conv1,
fp7_e3m3,435,7369807e17c07f833c757a66021be6e753e346f519b9cc128a40561d635ed89f,921,921,921,921,921,same,conv1,
fp7_e3m3,436,737297bfbb36f05eea63edafa81d30ed7f9e762c3a974ab097e56edb63a81023,203,192,192,192,192,same,conv1,
fp7_e3m3,437,741c73e21379ff3a7ad219ee0b8745c5e41b6d33d40bb0c56e3a4cc7e9e25b5d,187,187,187,187,187,same,conv1,
fp7_e3m3,438,742da7149053e97984a654c6a16feb9e11bd4354c62b00179c95c5026ccf6d80,645,645,645,645,645,same,layer1_0_conv1,
fp7_e3m3,439,744f956e63618d79df0d42ea25b45218622d12a3734931e8783bc7523affe3d6,227,227,227,227,227,same,conv1,
fp7_e3m3,440,7470ce565f2056af157e5055d4cd4301e3cd9f7519f5f807f7d0330f056f5701,685,685,685,685,685,same,conv1,
fp7_e3m3,441,7474c343045bd6573308bf2be5ce09e7ec813163539df78029ad0a83dac8a557,622,622,622,622,622,same,conv1,
fp7_e3m3,442,755e3df0a534d3702dd4d4cc2cfbde23b02646bd574b6c552627fa6e955b6c6c,189,189,189,189,189,same,conv1,
fp7_e3m3,443,755f3baaa42be7ebba09e370ab50bf90870a9e88531e29c8853c118b9cfdf943,106,102,298,102,102,wrong_to_other_wrong,layer1_0_conv1,
fp7_e3m3,444,75699ef58dac3d0e981eeda837ae921910bc90239f0c2ff6373b4f191846e4e9,768,615,880,430,430,wrong_to_other_wrong,conv1,
fp7_e3m3,445,7589e39bfdc47844d467d1168ed978c35203c02c737d902813ff0e4b018141d2,930,930,930,930,930,same,layer1_1_conv1,
fp7_e3m3,446,7780f7899fc541425d1a18c6981b4a555d4b56e2016a8174882054c5bf26d967,641,641,641,522,522,B_correct_to_wide_wrong,conv1,
fp7_e3m3,447,77e189990ce55e9932d1a572ede3e06a2db4f8597b6231e19390dcc368994adb,660,519,519,519,519,same,conv1,
fp7_e3m3,448,77ffead4f44cc2b206e9c2aeecc3027770d3f6c3c47e2591dc057a2708c4d750,544,544,926,544,544,B_wrong_to_wide_correct,conv1,
fp7_e3m3,449,781fadf50fe1c063ed9edcd0fff281d1362753aa6e35e6bce7b4d1937d96a0e7,594,594,594,594,594,same,conv1,
fp7_e3m3,450,78267a1c9747bd110e6330d4e16306f3401229783430870661b8cb27fb1aea57,636,636,792,636,636,B_wrong_to_wide_correct,conv1,
fp7_e3m3,451,789f87815f5ab5f057ddcce4f0e05b376a09fab71cc3c6207b058db2a684bee7,76,76,76,76,76,same,conv1,
fp7_e3m3,452,794c780c19496a2f368ea91a0818433538bcc53fdabee8a0da06271a7269ca61,24,24,24,24,24,same,layer1_0_conv1,
fp7_e3m3,453,7a3f186d6f3e0a23baa7bbeb83e58c73357e29c7af5bb47ab3141f7fd02ace32,167,167,167,166,166,B_correct_to_wide_wrong,conv1,
fp7_e3m3,454,7a574cc2ef2693fd6385f418af5f63773b7adf8247a09613e497a2a98e4b19b3,677,50,50,39,39,wrong_to_other_wrong,layer1_0_conv1,
fp7_e3m3,455,7a623c7d3f573eb40e5c8a15294be7f4e3b29d91a2113fb878b1454064cf82fa,36,35,35,35,35,same,conv1,
fp7_e3m3,456,7a868fc6fc1f178e0655c469e62922e43c76d67a392e6f91f7ffa3723fc1294b,518,518,518,518,518,same,conv1,
fp7_e3m3,457,7aacb6a9544eaf1da0a00c8f1d1a6106dd9df9daad3721f766445c062e1f17ca,623,714,714,714,714,same,conv1,
fp7_e3m3,458,7b472984ae4445ff49285fb0c8d8588487dabde19e2d733b4d3a0b7e1f135293,914,914,914,914,914,same,conv1,
fp7_e3m3,459,7beb6580c24fe40ea0d36c7ed1a0401509a0623213f088dbf47bcde0d6f68f0b,934,934,415,415,415,same,conv1,
fp7_e3m3,460,7bfabc829d309556e9d511abeb35e7efd131c9482d6f61ae1bd7af13c006fd49,335,335,335,335,335,same,conv1,
fp7_e3m3,461,7c052fc029e05cc799f5a2e69ab356309c45e3b8f5e46ee185df6255adf465fa,935,937,937,937,937,same,conv1,
fp7_e3m3,462,7c0a794535d5d6b287691bb9edeee39ca09c9df09b297b957ac638fea2d5f592,699,198,819,819,819,same,conv1,
fp7_e3m3,463,7c4ed1c6d82b814f4ad9a775eda580d3cab338092c2a7e992d222a11d827aca3,116,116,116,116,116,same,layer1_0_conv1,
fp7_e3m3,464,7c8ea855c144d3ca16dac7a33dd8e75d8a8beefcb0ba32e7459f47510c09a38f,608,608,608,608,608,same,conv1,
fp7_e3m3,465,7c9eae6146640c59ec8f3a6953614db4b979c8e8eee18336b8b40d59b3c308db,721,905,905,905,905,same,conv1,
fp7_e3m3,466,7d68283bbd7ec49db723c1ebefb9644f689b7079947ff57602b24cdf9fe9b5e7,65,65,65,65,65,same,conv1,
fp7_e3m3,467,7db8e1242fb0149e625f4f29e96ef0312411dac05cf765be3cf835ebdeaecad0,860,637,637,637,637,same,conv1,
fp7_e3m3,468,7dd0463be42e072a0dc584c4ce0d6a5a19aac56d271a2edd0f6735372418a730,626,626,626,626,626,same,conv1,
fp7_e3m3,469,7dd378cab87a6e7722fc3336af306919184924c4bb431eb5635909e48120e8aa,296,296,296,336,336,B_correct_to_wide_wrong,layer1_0_conv2,
fp7_e3m3,470,7e26f2be808d0fb0e5d50166af9f18262abf2ca68b37d4304d82bf29082cfe20,145,145,145,150,150,B_correct_to_wide_wrong,conv1,
fp7_e3m3,471,7e4be2e60e25a87929a4406bfaba5439488167fedc7cf4c568430ee799cbf980,223,223,297,297,297,same,conv1,
fp7_e3m3,472,7e982b58fa99875cf059fb6a13ec6b12633ca92f726363470d6ed692b73ea83f,45,45,45,45,45,same,conv1,
fp7_e3m3,473,7f2d4c6894b3a686d51537ba96edda1de4f58041647638cfd0332c58e3ae4ebd,908,908,908,908,908,same,conv1,
fp7_e3m3,474,7f6341d5078d8cfbe073354fc9c2ed186d7cd8e824f66f2223f9fd8e22f09c61,77,77,77,77,77,same,conv1,
fp7_e3m3,475,7f8936c1da70769ad386330ef4be908c44581c11d9b9e416459fbd95ced88f71,215,215,215,215,215,same,conv1,
fp7_e3m3,476,7fd9ca7b940941b0db6ca6fc689f57d644bb9a3895659a63b306b412b0be220c,5,5,5,5,5,same,conv1,
fp7_e3m3,477,8030c56c7f5fb951b579f8991cdf2d220525fe741cdabae2ddb9105c570e9bba,449,449,449,449,449,same,conv1,
fp7_e3m3,478,8078e0416a17af6f2e821e68d33af0a2beae1fa17222682cecd1569e9d373804,120,124,124,119,119,wrong_to_other_wrong,layer2_0_conv1,
fp7_e3m3,479,808829c9b2f3d269f942649e0e7c36f6993dc34190e6d71e425a76a6f68e228d,128,128,128,128,128,same,conv1,
fp7_e3m3,480,80f3a1075c0827ad5857b10b8cc65f6bcabecfcc421f19bec75891db8471e5c0,740,740,740,740,740,same,conv1,
fp7_e3m3,481,8158ae69693332d57201cc4683f5b2cc8907986c3d11a1ca18f144a7f96345e4,111,111,111,111,111,same,layer1_1_conv1,
fp7_e3m3,482,81ab17a743e300b6d1e3d4036b6e9089dbd0948c7870d6c8bde8536deda10812,180,180,180,180,180,same,conv1,
fp7_e3m3,483,81b13914990af25dc2d6dadc79374f77633d4dccce67e71753f9cbcaefab0c5c,674,674,674,674,674,same,conv1,
fp7_e3m3,484,81b6278bbe90bce85f27e0d7d8d02f6ed4a3df919de501dc6e4b90d99fee6a59,704,704,704,704,704,same,conv1,
fp7_e3m3,485,81cd0c91ad4f66be214a3cc466b2ab14753974494f086eaef20852ae7b699f05,507,626,626,626,626,same,conv1,
fp7_e3m3,486,821d4a163e63771fa8f8b6e5348f13d2209fa91a9398ae8a835a69a64025e02a,315,311,311,311,311,same,conv1,
fp7_e3m3,487,823b637327b1bb7f2090391f29fb6b410ffde5f417f2135b2628af452f789b8a,686,686,447,686,686,B_wrong_to_wide_correct,conv1,
fp7_e3m3,488,828943ff43039d65e70a288506160d9d7eafbd954d358dc2a4d47a240bff7de3,505,773,725,725,725,same,conv1,
fp7_e3m3,489,82a4aceb2525acbd2bfb7c2589328effb691419145f94bf6c2b5c8f73e0da1e7,179,243,243,243,243,same,conv1,
fp7_e3m3,490,8309ddbc034c7b7ec3d0a7c5f6a212ddea7778a640a8795ffa008e111a207301,317,317,317,317,317,same,conv1,
fp7_e3m3,491,83268cc492008214190591253ff47fa573b0c5b171904830912126e28a2b00ab,719,719,719,719,719,same,conv1,
fp7_e3m3,492,8351630e7af13fc7735bec1d8857166f7fc5bfe714712c215cc595c8e417eaf8,383,383,383,384,384,B_correct_to_wide_wrong,conv1,
fp7_e3m3,493,8352a8a68f63494ee15a770f522197945ac761a5eadc453f7453029a41bda811,232,217,217,217,217,same,conv1,
fp7_e3m3,494,839e28e03afcd379cfd0bad416c82b1e91e26d6dc6b56033daa4bb53fbb92aec,923,933,933,933,933,same,conv1,
fp7_e3m3,495,84d4c655e0e9e0a22e8e43f387239eb4bae45b49924757fa6744503817553b10,464,683,776,683,683,wrong_to_other_wrong,layer1_1_conv2,
fp7_e3m3,496,84e241ee3ef29ffde5528dd99e4df9b4763830998678ee312ed7901a545ba658,717,717,717,717,717,same,conv1,
fp7_e3m3,497,852a6f77137d76a23efababfb4d0f1e9156e31a51cf68bd127e88f7d880e59d6,494,849,849,849,849,same,layer1_0_conv1,
fp7_e3m3,498,85c08e3c18045e9f6c4fb35fef2af3ba91d29e4a456fd3dda96cf3d047b604d2,20,20,20,20,20,same,conv1,
fp7_e3m3,499,85d21a5fbda0a8d666d8bd467e07840d211e33b86b9604f1f539368382ce221a,725,725,725,725,725,same,layer1_0_conv1,
fp7_e3m3,500,85d7124d6ac1ceafa50223e5906389a2dc3d1c53cfd1a763a94330137ff7a7e4,841,841,841,841,841,same,conv1,
fp7_e3m3,501,866936f6d4f04ea9e372e882ae541404d071a30902381f4657cafdbba3989137,567,567,746,746,746,same,layer1_1_conv2,
fp7_e3m3,502,86a471d01c629f97eaf7712596755e14d58f9e11667963faae45447dc6bb2a12,519,519,519,519,519,same,conv1,
fp7_e3m3,503,86e9f1040b4c54cd5ac742748e925306a61eb9f640cb8a48cd69a83b41648c9c,170,170,170,170,170,same,conv1,
fp7_e3m3,504,870146269e44dbc583ebbe8e7516773d3efd9052ed2bc4e2d5afdf0e7dd1ccd4,452,452,452,452,452,same,conv1,
fp7_e3m3,505,872b8c8b7f1d9a9e908b6a25149aa1a9b59c68ba3cd096dcb6e445f34f0f16f0,500,500,500,500,500,same,conv1,
fp7_e3m3,506,87bee61f1cfe7bc3761a7db514cc6494f1a345e7529c365dbbc401c030e0ab5b,552,552,552,552,552,same,conv1,
fp7_e3m3,507,87e922a490345aa0d82fef69c06bb4b1fc62f88cb97bec78f1ac7e1b22e5c46d,155,152,155,155,155,same,conv1,
fp7_e3m3,508,88440dd950c45b4c954d011dbc9fdf7131fb3ffd07de16d28cbd96fcc831cc05,763,512,512,512,512,same,conv1,
fp7_e3m3,509,88cb1e3aaa4334472c2430b1a2e411aaeefd3dcb0d30a62f44c04f6fc101a43e,23,23,23,23,23,same,conv1,
fp7_e3m3,510,891d5958aee0f01728f9df30a0041d9b69480ca5fb648758af6e1d81373f71c9,19,19,19,19,19,same,conv1,
fp7_e3m3,511,89455dc6bdd9b9f02fdb07d5731e930c215c85eb94838d185a99aaaf8540a31e,158,151,151,151,151,same,layer1_0_conv2,
fp7_e3m3,512,89c0f39af705e13240005cfa390923cecd64047f1dd6c030126cdc122b1233e9,976,976,976,979,979,B_correct_to_wide_wrong,conv1,
fp7_e3m3,513,8a0c893397851ae44fa3f562926737475932171d99eef17d056cdaa92bdd7af6,454,824,824,824,824,same,conv1,
fp7_e3m3,514,8a0f5a4fde554752a257096290c55ba54ba19e348656615c14a02d0dd8a5743a,855,562,562,562,562,same,conv1,
fp7_e3m3,515,8b2316127926df088d93974e44539629fdf063067ec44e579de9a977a8237016,506,703,703,703,703,same,conv1,
fp7_e3m3,516,8b570769746f16fcd8a041da02d6f3d83a0ce698f0cfd495d9b9416add5f65b5,25,25,25,25,25,same,conv1,
fp7_e3m3,517,8b8bc87d672759610c723532290817d88f8cb17417969f9690da82371523f35b,508,550,550,550,550,same,conv1,
fp7_e3m3,518,8b9f826e63f50355b1a8c36d81ea47ca1503815fccf392bcc5b19195d94b1e75,865,743,743,556,556,wrong_to_other_wrong,conv1,
fp7_e3m3,519,8c6cda8e646f3d588af9f6770140c1a5a6e21524118e2650ce25e6803d898552,3,3,3,3,3,same,conv1,
fp7_e3m3,520,8ca9c403ffd8d1b977005713e1787ed5a01b9309c706949c0c3ea1d7380a1586,101,101,101,101,101,same,layer1_0_conv1,
fp7_e3m3,521,8d159da7e7f94c18fd05c24efa10f9a33efa36326890033d61305d6a263cd764,974,974,974,974,974,same,conv1,
fp7_e3m3,522,8d2af6106fd16494454be0fda295864ff1bc4a4e89e4b4f469a0eeef6892a959,81,81,81,81,81,same,conv1,
fp7_e3m3,523,8d6cf0a92db17bfe5550e749c288422db39674c8e236d2022e360b68e1ce32bb,297,295,295,295,295,same,conv1,
fp7_e3m3,524,8d87433817ca24e9da8d9de9a25dbbdaebf82055bba35a0163c020efc2e25fb7,611,611,611,611,611,same,conv1,
fp7_e3m3,525,8dcd99fbc7a178109597565a6e68bf05a94ec8c3686fd3bb0f0c8dd5ecd15767,812,812,812,812,812,same,conv1,
fp7_e3m3,526,8dd74e5a74b0d39a26ad51f4a02e9366391429c8ec6fdd28803b18bffcf2ee0a,915,915,915,915,915,same,conv1,
fp7_e3m3,527,8e38bfb99d2b98ab068f4a7f08d7ee15b1036edf83a22bf073f3b0eb57c4a632,698,698,698,698,698,same,layer1_0_conv1,
fp7_e3m3,528,8e63e2476a1268a7f7098556dc5fcff6439c9761b3b4748d7c9acba577442d73,499,499,499,499,499,same,layer1_0_conv1,
fp7_e3m3,529,8e7546d26282a90752cbda52dc67bce0e7594ce60d2c1a37f899aeb5a14261bf,43,43,43,43,43,same,conv1,
fp7_e3m3,530,8e955daf40a4f852d2fe87a51c34b8b87e4ea5f51bfa9e9332454ec33caba744,253,242,242,242,242,same,conv1,
fp7_e3m3,531,8ed637759e25e45d6a65535898e0dcaebc86cce84920c7b419b5384ae5b604bf,337,337,337,337,337,same,layer1_1_conv1,
fp7_e3m3,532,8f4c081cf4276629b1f645491f675a10faf25e5f74c632f963847f1b63985300,73,73,73,77,77,B_correct_to_wide_wrong,layer1_0_conv1,
fp7_e3m3,533,8f51a8b8adb9646d83a53742cf6a3cc67579cb060a04cd6912192389491ede11,304,304,304,304,304,same,conv1,
fp7_e3m3,534,902164e1f4ad0490b2a17390b637ddea078c5a9db31f682e4f2895b4796068f2,413,413,413,413,413,same,conv1,
fp7_e3m3,535,903764a259ab3f6391c87f47bc21f44446212c557705e1c4b75af5471e7aac09,264,257,269,248,248,wrong_to_other_wrong,conv1,
fp7_e3m3,536,9055a293a4252c48a851483a7bbc4c74b64e422fd47ec7f295955075dec997fe,199,251,251,251,251,same,conv1,
fp7_e3m3,537,90d5b6f429db55798892ff6b00a694b34e26f46177a4436333daaad0cae43448,532,762,762,762,762,same,conv1,
fp7_e3m3,538,915a40b9624ae3bf623be4493b1b7294d1e22fedb1658859ad55cdb96321e5fb,136,136,136,136,136,same,layer1_1_conv1,
fp7_e3m3,539,91cf1a8f9e0becaa49a0f3fe22d2b52291300d751e8f6c7341025daaf20f2505,683,683,683,683,683,same,layer1_0_conv1,
fp7_e3m3,540,91e8ca6eb7758d97c8facf4eba4a4772ae9f2bbba290480297a0889f97306da1,432,683,432,432,432,same,conv1,
fp7_e3m3,541,91eb794099866a511971c29182f47b00e9f043614328521801461154601837a7,890,890,890,890,890,same,layer1_0_conv1,
fp7_e3m3,542,9227a6994863fc88b92311e539b8d00203195589e14de0c5c4b47d7f77b8e152,707,707,571,707,707,B_wrong_to_wide_correct,conv1,
fp7_e3m3,543,9268bc3f13bcb991056c3b679330402d194a74750c67a7856ebaa5b7cbac690d,577,577,577,494,494,B_correct_to_wide_wrong,conv1,
fp7_e3m3,544,92a25bb643a88eb030cd641dcef9a79cf49723a1dfa9d3bd55bfa0037b555aec,926,469,469,469,469,same,layer1_0_conv2,
fp7_e3m3,545,92bf7ae06cb6f8175e55e2d3ee27b9d91e67d6e40b8da4b70eae20643d0dd736,410,410,410,410,410,same,conv1,
fp7_e3m3,546,93911164ecb77042358cc925105a642182a481192f0084a57fc16f3cb09c5eec,538,538,538,538,538,same,conv1,
fp7_e3m3,547,93f90080e1c09f7b0819e74f1d93f95c919288b13d6ad129de166ce70e76a37d,524,753,753,753,753,same,conv1,
fp7_e3m3,548,94096e5ad5116ce6959684997d19017c097173b52f02aa1ebb5c26f210862410,415,415,415,415,415,same,conv1,
fp7_e3m3,549,9419c8358da45ad0b54a4c451f9e27f2ad8c52aba04c29246983164a8b347430,112,112,112,997,997,B_correct_to_wide_wrong,conv1,
fp7_e3m3,550,94626b5d849d262c4cb84843c8ce92ec37e4bc96a312a6c64706a546ab380317,553,553,553,553,553,same,conv1,
fp7_e3m3,551,94adc2a9479167f4bea32cc5c61a79808fc554de881268ef63fe5c71518c73af,147,147,147,147,147,same,conv1,
fp7_e3m3,552,94cc40164acd016ab6c718e441bee9da22414ef84babe99338a16106ca10c525,107,107,107,107,107,same,layer1_0_conv1,
fp7_e3m3,553,94e6fcb9094abd5ea636740a70c4132fe25a49b27230d7eb93a562eb462db0cd,627,627,627,627,627,same,conv1,
fp7_e3m3,554,95060d34bc4336077860ae7a11690a6a2ac0c36a749f65e8cd726c499a0ec286,66,327,58,58,58,same,layer1_0_conv1,
fp7_e3m3,555,95165785c91f74b7346e05e37d677b9a6d455874693b14bac2d003e4303a2e30,558,542,558,542,542,B_correct_to_wide_wrong,layer1_0_conv1,
fp7_e3m3,556,9567e33f3ac6b149858b4d9233956d6c650a7e4426f037781df17325a746ad4c,85,85,85,85,85,same,conv1,
fp7_e3m3,557,95dada2279ae3a683d48ee185fcf5800b741d67ed1553fde09dbed5696529b93,655,655,655,655,655,same,conv1,
fp7_e3m3,558,95dfcdd2341666fb0acf471e0600873774565a3a702a4db9a56a1d64a09afe73,462,462,462,462,462,same,conv1,
fp7_e3m3,559,9605f08e31ecfb34a232eef4299135c4c2bf5cd83fe065b32f07da01ef0907ab,765,765,765,765,765,same,layer1_0_conv2,
fp7_e3m3,560,963f6116b74e9a154e6b3f852692464d91003e683011694e22a11f6f1b0456a3,528,528,479,479,479,same,conv1,
fp7_e3m3,561,965843deced0d7100d8a1528e3bd9f8e983257c4dc9e5819f12f587533ee886a,870,870,870,870,870,same,conv1,
fp7_e3m3,562,96586f8cc35b0753aa163bb5de18b71e6aeca4438558ed2c381f00dc41e2cf7e,708,652,652,652,652,same,layer1_1_conv1,
fp7_e3m3,563,96700c474592b31791d41028adc204c4254969878efe0b71ea2e82ec80c1f21b,807,807,807,807,807,same,conv1,
fp7_e3m3,564,96845e8d5a2e384353bacfc8393e155130cda691f27e8cb07fb1a9b2d73c6cb3,254,254,254,254,254,same,conv1,
fp7_e3m3,565,96ba61f52f7463d1ae9e6d214918c85e528c5b5f33facf8abd3ec81cedcdbb52,604,604,604,604,604,same,conv1,
fp7_e3m3,566,96f1ee7c103c1441a37187f37d51e42a8beb04463a28ca74039640d6e376fdab,747,920,788,788,788,same,conv1,
fp7_e3m3,567,97550482386b57c66694bc07c85d2c8dc8c99da2efd81abb8fd583f1d3cf159e,931,930,930,930,930,same,layer1_1_conv2,
fp7_e3m3,568,977fdfabdca75e3ff69d1b226cad2b81334011e2d2b368b6f2ce1b57a67b8dfe,697,903,903,903,903,same,conv1,
fp7_e3m3,569,978a481905200315cab1a87795dbfdde3189841104379a7e03f5bb51e5004562,665,665,665,665,665,same,conv1,
fp7_e3m3,570,97b738526386e52f74ac3a21e4f62c7a91bd2b8baa18de07ea86dc49151455ae,788,582,582,582,582,same,conv1,
fp7_e3m3,571,982f2716ce16c5459fe13740135866ea5e862917f751eb8a8236f17669983a97,386,101,101,101,101,same,layer1_0_conv1,
fp7_e3m3,572,9834056ff5bfdf54105a9835b975bff4d38a5de76e8c2165b2445a373e50ef54,531,530,531,531,531,same,conv1,
fp7_e3m3,573,983c6840ba62d1da2ac9f0895e9bd679c7dc37d278eb0053456b789aeb881d1a,992,992,992,992,992,same,conv1,
fp7_e3m3,574,98811878278b153c76df62bffc3c381a9a5e6a7e43e56c96a7398ef7e00c7eb8,644,644,644,644,644,same,layer1_0_conv1,
fp7_e3m3,575,99169c0982b9daf3b2cf58b9c9a78350b71b0770a8c9311997fb3a97ebc62d18,122,122,122,122,122,same,conv1,
fp7_e3m3,576,9940c733f3fa0b10d6e9ab0046a2192fd964596c200189c9a180f727497be798,688,688,688,688,688,same,conv1,
fp7_e3m3,577,9945ba3a4e179939afc30e262f12d412d5f469892f21315068c0d21033e07b68,959,424,424,424,424,same,conv1,
fp7_e3m3,578,99507b8b3db421aed44aaaa91844a43bbe7bb21f4e07fb4dd0844e25b918a9a5,863,863,863,863,863,same,conv1,
fp7_e3m3,579,996720fecfccae1286074499803bf7f89fa17b91f2341a744f723f530d5e6941,886,886,886,886,886,same,conv1,
fp7_e3m3,580,99bebd64ab211e7cdc59946814e01983bebbe1f9575103eb8d3099cf120ccf78,250,248,248,250,250,B_wrong_to_wide_correct,layer1_0_conv2,
fp7_e3m3,581,9a144357cd2e2346a7bc5f3aa4e5d50b445be4a6186dee059dd2c46e5396e6bf,273,273,273,273,273,same,conv1,
fp7_e3m3,582,9ac52916ed24476e71b10a9f542e3a69f781587ab210c69176731bc07f28c90b,922,922,922,922,922,same,conv1,
fp7_e3m3,583,9b2f93e06e54af38ffbdc2946c2f083f696eae60203f38859bd615b2544cc757,844,778,778,778,778,same,conv1,
fp7_e3m3,584,9b6e2c54a21ed4fff18353a405cbb9b7926ad89183f9b234de4cebe9a5ce70c4,417,417,417,417,417,same,conv1,
fp7_e3m3,585,9ba687064665e5d408e0856d6feffa50dee64bff38c58e59175af0de0166fb45,615,615,615,615,615,same,layer1_0_conv2,
fp7_e3m3,586,9ba9c6601457456a9172980cc92e473daa4a5224b80232aaf31bcfbd663b83ad,825,825,825,825,825,same,conv1,
fp7_e3m3,587,9bda02e571524eed1e3b4274602a8f930687a273612ad7ced264334bf30fa83b,583,583,743,743,743,same,conv1,
fp7_e3m3,588,9be179ed7cae46de942858c3d4d518bf0e7c9976e7be4e49a2236308d4bfa987,258,258,258,258,258,same,conv1,
fp7_e3m3,589,9c06b347a415b9e9fa3e3e7521298dd2192c9cc895eac6928eac3e84a9a90a04,4,4,4,4,4,same,layer2_0_conv1,
fp7_e3m3,590,9c6355c3e69293b6f060b72a5e64b14e8a4f8cb24b211684f39e6e09a23fc211,805,805,805,805,805,same,conv1,
fp7_e3m3,591,9c6c4ed7f0dc697d87dd76619e6ca69093eda223548af8b98c3088e2ad1bd83d,637,637,637,637,637,same,conv1,
fp7_e3m3,592,9c76f9425367909db989fd4d6dfa9de9f452fd249380b7ddcb5e97a33c8ee41d,338,338,338,338,338,same,conv1,
fp7_e3m3,593,9c7e68f67925dc4a8821627a211fc36eb5ef10dbf7485fd839304042d0e59811,937,937,937,937,937,same,conv1,
fp7_e3m3,594,9cf239bb8d4742a104938f4fd3eac224c1a481115d5eb2e5b1bd38a38ad97725,22,22,22,22,22,same,conv1,
fp7_e3m3,595,9cfb2800004a9656a752db72eee57718d3bbca8e84b64cf0ba1c62ed5135fcf0,420,617,420,420,420,same,conv1,
fp7_e3m3,596,9d29a621b49ee1b9e4b465ea4ca1013e2673dfdeb6363be0b4790c9249f98436,457,918,918,918,918,same,layer1_0_conv1,
fp7_e3m3,597,9d2ebe351a7a77d9890480951062954cb7037259316676574eb645586b71700b,74,74,74,74,74,same,layer1_0_conv2,
fp7_e3m3,598,9e2de102f933198e153eeb8408db78df611ab4ccea976a2522bf9c86a1d21ab8,783,783,783,783,783,same,conv1,
fp7_e3m3,599,9ea35dc15cfe9d36c51bc528e71cd26bf7d993d8043a9965c97a7370f9dcecb9,303,303,303,303,303,same,conv1,
fp7_e3m3,600,9ee283497c47f6dc131210aa4837eca6b20633df1fd67cc201de2a7ead2cb257,733,144,144,144,144,same,conv1,
fp7_e3m3,601,9eebf723cc8c6f337a0e746b716f127a1979fa633c48257390da5f9737e9fcb7,694,694,694,694,694,same,conv1,
fp7_e3m3,602,9ef8359eb21152d2631c7707eeaca872d305d89aed7bf6e8e19d6959d2621df6,775,775,775,775,775,same,conv1,
fp7_e3m3,603,9efa6834e2bcd74b11cad29d976c883e8c57875bfb0f36de763ec3c945085473,502,816,816,816,816,same,conv1,
fp7_e3m3,604,9f100b33427e96dbd65ef4b1912f935aed6c4b960fa809288f537dc76f09a4f3,628,628,628,628,628,same,conv1,
fp7_e3m3,605,9f2647cde7c23e07befcb072e5fa8fa8a5ac014d5317ba38ae3378e5662c13f8,503,828,828,828,828,same,conv1,
fp7_e3m3,606,9f7ec9f94c1f999b136913fe80e96972f9ce46f54a733bb343e2c38a0c8ce694,906,834,834,834,834,same,conv1,
fp7_e3m3,607,9f80a677e95b6f09e973c74539845c5395cbcd07abada7762eb741b506400148,936,936,936,936,936,same,layer1_0_conv1,
fp7_e3m3,608,9ff5fb54ce93d5693faa04e78ec68f52de6567aa70d0ef001069f74064d0ac4b,991,991,991,991,991,same,conv1,
fp7_e3m3,609,a0407691facc23c17f53677eeaf0b5470f1630dfea9e3259256ca717932f1d4b,804,731,641,641,641,same,conv1,
fp7_e3m3,610,a0b895ae8f6946e226965d08365d2f021f40072ba92c89455c987f3ac99f1fa7,840,666,666,666,666,same,conv1,
fp7_e3m3,611,a1679a09bacdd196a7d354b91c72b3f17035005f41dde4f1afaeae6af7581fe8,184,226,226,226,226,same,conv1,
fp7_e3m3,612,a17dbfac062850a9f133137d6967a65fd5981795b12dd9d4d853f51b2705d78f,398,398,398,398,398,same,conv1,
fp7_e3m3,613,a28b713db926880c0259c35fbcccfc48c00624a56016d273604be7bb1bb400f1,99,99,99,99,99,same,layer1_0_conv1,
fp7_e3m3,614,a29152971d7ab515beba09b58b2fae96ecdae3d0f7b7d725c78519293d6f204e,851,916,916,851,851,B_wrong_to_wide_correct,conv1,
fp7_e3m3,615,a2cfc90049d18a0971f41c124e0279428159fb5f51adad2f27143a6227edb5df,795,795,795,795,795,same,conv1,
fp7_e3m3,616,a521add6b21ac556e88d9f023a9ea02397f77ec5b44fae5ba6c3e91364d66061,784,784,784,784,784,same,conv1,
fp7_e3m3,617,a57d9e2ed2dfe19874739ce5fc67d8b22e8711993a175ec0bf61367f84857fa0,752,752,752,752,752,same,conv1,
fp7_e3m3,618,a5bb90c266da3c17b15467cc87561126047e034e16a9f397cadc143bb00f49c8,160,160,160,160,160,same,conv1,
fp7_e3m3,619,a5f1cba12002a925076d4e48825141c2ecf258775bc4aedd4e2fb7155beda1f4,878,878,878,878,878,same,conv1,
fp7_e3m3,620,a63b0d66bd1c436692bf07f24956e05fa7e881cd431318e6ec0cc2d2a186fd7c,927,927,927,927,927,same,conv1,
fp7_e3m3,621,a673ff71815f22f07bb7e759d7772bafeadfe985e3765c99024c635de831df34,197,197,197,197,197,same,conv1,
fp7_e3m3,622,a67b2b207bc62fef2e9fdb7e2e23f3f322cb68f4b3b50c03bf2d7053d836f5bc,473,499,499,499,499,same,conv1,
fp7_e3m3,623,a6d1585f9fab1bb5ec956a8847ae04689299db67e6e84834c8859a8383307c45,561,561,561,561,561,same,conv1,
fp7_e3m3,624,a70927b8b214fb89ddbb3dc5f9fc15a3d424f6b7113c81b477329b5652ad42e5,663,500,500,500,500,same,conv1,
fp7_e3m3,625,a71dcba718c18aff40d686c7143bae4e4ae7883662fea03951ab4763e1808853,579,579,579,579,579,same,conv1,
fp7_e3m3,626,a742fa29fb6a576861c398b07ae388d2fe637f7360ad4fef316fc65c7819ba02,443,443,443,443,443,same,layer1_1_conv1,
fp7_e3m3,627,a7938412e987c7a4190c3d2d9351ec18637d1b38ac204866907413cd719b17c1,267,267,267,267,267,same,conv1,
fp7_e3m3,628,a7a9ea53c6f67fc27d18d7559d9d00cee86aa3d860e7cd7e12da78d8d3fc2ee0,916,916,916,916,916,same,conv1,
fp7_e3m3,629,a7ee4fdaaa55d683f341644ceee83c9177f067ef143ecaaf289dbe09c67b5fa2,714,714,714,714,714,same,layer1_1_conv1,
fp7_e3m3,630,a8248a141a28caf6908543acfd38fe2d374d0fda133685d70a04bb73f42d6bcd,149,149,149,149,149,same,conv1,
fp7_e3m3,631,a82eaea6979bbdc7c7f2ac7858b6b9a13b44e08da9c4b37b182e84e97be7c7a9,630,630,630,630,630,same,conv1,
fp7_e3m3,632,a84095ef668903fa9dd548c7f9cf733c7a5c62ed3cd5286899af4ab991a33542,49,344,344,344,344,same,conv1,
fp7_e3m3,633,a874842b304a6fbbbd5abe9c4a5cd8194b5e013da1908d3cb15c9066a425816b,857,857,765,765,765,same,conv1,
fp7_e3m3,634,a8843f64af1109c9baa78fe9ac2fbe5e497c46a026c5f1d87942158721b89733,756,427,427,756,756,B_wrong_to_wide_correct,layer1_0_conv1,
fp7_e3m3,635,a8897ab52d4c712ae41199ee6445660c7f01b7dd2eec20e4e48e6abfe5786ba0,800,800,800,800,800,same,layer1_0_conv2,
fp7_e3m3,636,a980ab8ab39190226829d90edd01554346330a453d8ac20a4b5c36156e05226f,414,414,414,414,414,same,conv1,
fp7_e3m3,637,a99daca2615d8b87c2bfa2580a44a9ec309085a571c82ebbd03fddc221e0ee33,305,305,305,305,305,same,layer3_1_conv1,
fp7_e3m3,638,a9a5f4c13e86213aa032d8ea6f4fdb4b9cbd54d7cc14686543a2a313708825ff,211,211,211,211,211,same,conv1,
fp7_e3m3,639,a9f031f0566de84998e65a19a7e9972bec35f07e7e0138aadd6e063d24a6c4e1,695,695,695,695,695,same,layer1_0_conv2,
fp7_e3m3,640,aa174db8dbf6f047db4adfc1a2c7dd2d3fec55b1e55113432aa35289d8221814,419,419,971,419,419,B_wrong_to_wide_correct,conv1,
fp7_e3m3,641,aa22467b6ca51c196d30b0e26f5688d377405025dbc4532a183264c13487883a,294,294,294,294,294,same,conv1,
fp7_e3m3,642,aa3f7b66f4a15f3fecf6cfbcd8f8f2d3c1148f0d08b7ecfb1e5df9182c0cd858,340,340,340,340,340,same,layer1_0_conv1,
fp7_e3m3,643,aa49774b123f6997e58e86be848d6d4475991c07c13460c2cd684c970cefd896,125,125,125,125,125,same,conv1,
fp7_e3m3,644,aa591f69b93e3df51f2a5797867cf82cac413e1b13b44bec0440d6b4b1bf5a63,370,370,370,370,370,same,conv1,
fp7_e3m3,645,aabb548742850dabb9ec4e05eca865f9bbbf4403365a087d8c2d94b9b5c9290d,293,293,288,288,288,same,conv1,
fp7_e3m3,646,aabf05ee226e7e25b8a1fc19558481135f18989edd2ab7550a4ae10ba1272b00,411,501,501,501,501,same,conv1,
fp7_e3m3,647,ab048494eaa8af9c8c8e8ec5bdd9daeecbfa0b0ce3085f788680720e186b5db0,61,61,61,61,61,same,layer1_0_conv1,
fp7_e3m3,648,ab0ae6dc3736ec243b78321f7e485275f4d707622cb2bc9d9bebb2302449cd25,672,672,672,672,672,same,conv1,
fp7_e3m3,649,ab46b09f38e8550d7566b48dd9dc059632855da4714ceb00963f3f094f711acc,962,962,962,962,962,same,layer1_0_conv2,
fp7_e3m3,650,ab53bed4c0fbccf674777e8e90de073b0a7aa0ccde9598fc08ece99ec861edd5,143,143,143,143,143,same,conv1,
fp7_e3m3,651,ab6c26f870df9a81be71b6b1bb26d120b120388139fafa21a2b0084da1f0bae7,384,384,384,384,384,same,conv1,
fp7_e3m3,652,abe9f59fad20395e5202d2307dfe1a16b041e8d481d2ca700f5b2722b9ca52dd,115,115,115,115,115,same,conv1,
fp7_e3m3,653,abf599a09df586271143b458fdd302f0c7fb2fef6336fceed1289fbb65cba035,97,97,97,97,97,same,conv1,
fp7_e3m3,654,ac5f6d544ae2fffae822929b77f9340b75148938421fa20267a04907be3aea2e,904,475,475,475,475,same,conv1,
fp7_e3m3,655,ac932fd24859b1ec590fdca55e07724da2a2777ac4d8b400fecbc8fd7c1d4677,773,773,773,773,773,same,layer2_0_conv1,
fp7_e3m3,656,acb019ed3f24a2168fdb01400bcf2565eac91b93bbc86542bf1dda9cbffb1b14,511,511,511,511,511,same,conv1,
fp7_e3m3,657,ad16ea746a4ed995070f069d5422b77fafc8fc432d1b7ec60ee4d8767f283fb8,555,569,569,569,569,same,conv1,
fp7_e3m3,658,adab6228cee272fae7c3a6df7b7453bcbecab6b47c92dacb9705ccdf8322bb79,938,938,938,938,938,same,conv1,
fp7_e3m3,659,adc7e9fecdcaf0863f5a01feea02db2259b2ddf41e6e6742af16a1c1577062d1,175,175,194,182,182,wrong_to_other_wrong,layer1_0_conv1,
fp7_e3m3,660,adeedbde80bafa45a96dbc2068a18250ab780165dcd4a08f7f8e1d893fef9e78,856,856,856,856,856,same,conv1,
fp7_e3m3,661,ae21430f0ea504545eaae276e1789975966b0a673be2d7a4644761f7d59792f4,980,980,980,980,980,same,conv1,
fp7_e3m3,662,ae676649bdb6a52cffc608e085243f3fd5858a1be629c80432f010100d1e7c8d,848,598,851,851,851,same,conv1,
fp7_e3m3,663,ae7277005c6cd04d2c48523aaef945fdecdd97a19dadc0cf1f42ac92d3e353bc,259,259,259,259,259,same,layer1_0_conv1,
fp7_e3m3,664,aea80725ebd506620d5b763b72efe761729347aff04a1ace198152b5f51ff9e3,148,148,148,148,148,same,conv1,
fp7_e3m3,665,aeb1959b1971d3a62984d4e56519a01bb97fe422fda042c4d1161b783eee5290,668,668,668,668,668,same,conv1,
fp7_e3m3,666,aec81f462598d18d270f1045063f2be3c9cd99dacc0cf58d57229987340352f0,14,14,14,14,14,same,conv1,
fp7_e3m3,667,af7eb45e793506d4507d43752f25985bc435b8196df8edfe02f42d1265e81aba,237,238,238,205,205,wrong_to_other_wrong,conv1,
fp7_e3m3,668,afbe8899a09e5e88f3af4a18ac90e23744da60ebe6cf5f8dd79cd5a254d92dfb,285,284,284,284,284,same,conv1,
fp7_e3m3,669,aff6790b726f938425a3a950c9ccb29ff2488b66fa7c585dc7787aaf0dcfd170,780,536,536,536,536,same,layer1_1_conv1,
fp7_e3m3,670,b00efe718e03aeb26f54440f1c8f9e99d59ef98025fae1072978b4383e2e950b,737,737,737,737,737,same,conv1,
fp7_e3m3,671,b015656111110e10335cc59e1204c579343e7b76e202960fd5ba50435eb6c62f,268,268,268,268,268,same,conv1,
fp7_e3m3,672,b05a6e51069b6881f946cf6f7e2efc3767e92964cf15339f9f86923ca20bae09,466,466,466,466,466,same,layer1_0_conv2,
fp7_e3m3,673,b0992bbf8c3edfea78204dd3b2c11673083da67e7d3f1989f59dfd260f8e6785,117,115,115,115,115,same,conv1,
fp7_e3m3,674,b09e24ed7629cf71b0423d2b03c6a2e0c67822c8768157975b65c899e05d1ee0,248,248,248,248,248,same,conv1,
fp7_e3m3,675,b0f922f9f9a69364e647d5ad3387c786a6414d2578a9a6b90640ddedd8e3bd4d,829,920,920,920,920,same,conv1,
fp7_e3m3,676,b156fec105bd2152bdf335548c460927ae960bea68223f82fabf1810e4f366c0,822,822,822,822,822,same,conv1,
fp7_e3m3,677,b1afba350358cdfed62566bb3d122a5ad0ce3bf684f1a575d9d211cafc52b21d,839,718,718,718,718,same,conv1,
fp7_e3m3,678,b1d8cef67acb401737d1055b90ace83fb49c246f4806fa903e154e256971f0f4,705,705,705,705,705,same,conv1,
fp7_e3m3,679,b221953c40ee5ad9ffde867acf91d5a36f2465d37e952d89255bb5325c783e68,876,876,876,435,435,B_correct_to_wide_wrong,layer2_0_conv2,
fp7_e3m3,680,b24c6fdf6a8028986d1d7d63dee28a8498b8c4441a2dfcfb811e096428c6650b,318,318,318,318,318,same,conv1,
fp7_e3m3,681,b24fead74e3190abf74c624e8dbb687d696c62385215f753b6a20c6136f3398d,244,244,244,244,244,same,conv1,
fp7_e3m3,682,b27de86b922667e66dd7391c0d173ff01ccf03c3da47c5432b8c6404d2ab2240,968,504,504,504,504,same,layer1_0_conv2,
fp7_e3m3,683,b2d213c7aa6862815610aa1b60fd9d6b9afb55060b3f268b4d0205bbbdfd2bb5,515,515,515,515,515,same,conv1,
fp7_e3m3,684,b31092d8733804745704855f43aa2bd12ff0a25642c07c8a6b4713453dd6c608,877,877,877,877,877,same,conv1,
fp7_e3m3,685,b3c636edc2cf80df7181f1e784059caa1c30fae64189d518dd3e5cd1cf16512a,743,486,743,699,699,B_correct_to_wide_wrong,conv1,
fp7_e3m3,686,b422c0ebe628ccb27d1656cc161383643abc1b6920fd08c4f23df8367c703421,409,688,688,530,530,wrong_to_other_wrong,conv1,
fp7_e3m3,687,b45035af34d38d342d36ac26c6402574edcfe392fba81da7ddad8539fa358a00,322,322,322,322,322,same,layer1_0_conv1,
fp7_e3m3,688,b4707244dad2efe330b0e255c28cb7abea880e1c705417ec4d557eff103d62ec,324,324,324,324,324,same,conv1,
fp7_e3m3,689,b4742967236aaeda15b4f77f3b6be88dedd969f393d30f381f75bd7ec39e2680,299,299,299,299,299,same,conv1,
fp7_e3m3,690,b5156ccf76370b64a56e803a39a584b76ca30244692018dd3026fe19598901a0,681,742,662,742,742,wrong_to_other_wrong,layer1_0_conv1,
fp7_e3m3,691,b5295359cb7978446c924e192077d93fc14efbe3d8b48e0bdbace925b6d54334,620,681,681,681,681,same,conv1,
fp7_e3m3,692,b52c2586d64418fd399d22e5dacc8e7d224e356525e008cee35aff5ab086e528,781,781,781,781,781,same,conv1,
fp7_e3m3,693,b531c76dc29b789e94a670bc6eae357f0d288e583629f956416aba3faa9ca82d,450,450,450,450,450,same,conv1,
fp7_e3m3,694,b575aa98a0f5e441ceda1ba2782a6700f2868557f92e1dc28cce55d18eaeb882,964,933,933,933,933,same,conv1,
fp7_e3m3,695,b5b674d7d970d9241064b9dacadf389c5d72b890607c3552d1aa70e0041fd166,257,257,257,257,257,same,layer1_0_conv1,
fp7_e3m3,696,b5f1b206a5cdd9aae82890fdccfafd3be38fa908d81ec9f78f27beafa22e6e2e,510,510,510,510,510,same,conv1,
fp7_e3m3,697,b693f3fcd18459f90254e3286ed6148680b96e4f21f13b63d7425ff076f2d120,200,200,200,194,194,B_correct_to_wide_wrong,conv1,
fp7_e3m3,698,b6a9d413f90ba96ade069ff53525f32dc478167876d11bba1c9a21ca9912f0ce,806,806,806,806,806,same,conv1,
fp7_e3m3,699,b710791f3b97b84d2443f19abd3d9b2a77fc56ba67e7d9d086fc0ce8667b1ab6,776,875,875,875,875,same,conv1,
fp7_e3m3,700,b73c2032356a7556da6e0e9f1a043d2c6fd3a72e16d9a36bd8039a5c16705e71,722,722,722,722,722,same,conv1,
fp7_e3m3,701,b747a9579be82dfe5e44cbfa27fa3684718ba11493110981a6ceab15bb63d94d,407,407,407,407,407,same,conv1,
fp7_e3m3,702,b7d8e08a197c7fc426c5fd5cc5bae2ad727add93faf5003d1e3c6195b45db80c,435,672,672,672,672,same,conv1,
fp7_e3m3,703,b82948079d190574ba06823bd6c0dff882f79e349603839d3d7ea1ad383267ab,277,278,278,280,280,wrong_to_other_wrong,conv1,
fp7_e3m3,704,b86f446570ce77e78ea9fea03c804972e99a1a63477aff1999a832a5f2aaee0f,446,563,563,563,563,same,conv1,
fp7_e3m3,705,b93599620b55cf6e0debe570dcd8fc95f9830b0d36f6daf9ebeb3ea82a8475b2,195,195,195,195,195,same,conv1,
fp7_e3m3,706,ba339e666598b958709da2bab149f16584247470dedb4f9b77d98ec09798bffd,286,286,286,286,286,same,conv1,
fp7_e3m3,707,ba9bcc90545ffd610df67079a15b5961873869dac41fe7bf75ccb333d81c16d6,569,609,609,609,609,same,conv1,
fp7_e3m3,708,bac4e1d704d07927f6fbd53194da9d779353f4fab3975a41d6582dae515e0715,91,91,91,91,91,same,conv1,
fp7_e3m3,709,bb1e33da1383239832b78ed14b8806bb77ad3f194ed14abf4ef5207a4fe6807e,764,870,870,870,870,same,layer1_0_conv1,
fp7_e3m3,710,bb3a6a614ca126e6d53b5044d26a6a581a9cd3264006fa67dc2faeeb3b54e20b,758,758,758,758,758,same,layer1_0_conv1,
fp7_e3m3,711,bbb520829054ed4fa0c2c03e0f987eeed31adec3aba904b4b1a4266b46af49a5,547,547,547,547,547,same,conv1,
fp7_e3m3,712,bbc20597e86b0008da3599c16adf03802942ee38b679a1156024b0d6f6b3364f,202,202,202,202,202,same,layer1_0_conv1,
fp7_e3m3,713,bbde727217851d3b2c80715c484df33e4bf6279562ff7aa2ea2a52ff2c7ceb1e,288,288,288,288,288,same,layer1_0_conv1,
fp7_e3m3,714,bc1899d3c64c1a749ff992334ac2cc5e21cb1ec4a36cfe090317941587a824f6,664,548,548,548,548,same,conv1,
fp7_e3m3,715,bc3f678987838b8a768129994f461435bdeb2b98f7dc85080271fc9fe48f230a,777,696,696,696,696,same,conv1,
fp7_e3m3,716,bcf94260369f4fa819c7b782c9beb7cc819eaa760f9a593df7233dd23651944b,62,61,61,61,61,same,conv1,
fp7_e3m3,717,bd1c56047e31dd3c3848784f5e5bd981850565eb507b9ea535752b91f1df026a,423,423,423,423,423,same,conv1,
fp7_e3m3,718,bd738effd5085b4830fd32bb1e76d475762bb4841e855f7d281bb163509caf4d,281,285,281,285,285,B_correct_to_wide_wrong,conv1,
fp7_e3m3,719,bd99dd886483bba066d7b584eea9f03b55cef27b304990880d415e1e6d8fd04d,79,52,53,53,53,same,conv1,
fp7_e3m3,720,be0c20ed2a590e4621d2aefda53e48429f1757d1ea68070b85a8a7aae71e879a,126,126,126,126,126,same,conv1,
fp7_e3m3,721,be377ca3d55162df021a069f92e07abde713f631141715875b9c9ea0c59cc5ee,428,428,428,428,428,same,conv1,
fp7_e3m3,722,be90c94f8a18985fb534a222350ff775958c5a90de1fbdc46852b00a228a6590,720,506,720,720,720,same,layer1_0_conv1,
fp7_e3m3,723,bf4faed027cdf9b81cdaf94f8ceb4c23008b29d9f80dc26af53d1532e47e5a98,946,946,946,946,946,same,conv1,
fp7_e3m3,724,bf80ae968d4609d2470176004daa79611052b56f20ed7286bbc2753cb1cb3a27,995,995,995,995,995,same,conv1,
fp7_e3m3,725,bf9137f32f9559eec7c8e523e3abbbd676bcde6a743d6e5d45870db20291edcf,950,950,950,950,950,same,conv1,
fp7_e3m3,726,bfc3bbae1852fbbf60fa563138bd2b3e12b0f0104a49366fb1e58b92a1b028ac,95,95,95,95,95,same,conv1,
fp7_e3m3,727,c03cb668c7264016bdfddb8bd064b047233c57becf7c007876b5b4d9498b116d,429,429,429,429,429,same,layer1_1_conv2,
fp7_e3m3,728,c1fc1e85ce8ea897104ebdce7e7bfb1370bbafa7278aa44975a25264a564f0cc,748,636,636,636,636,same,conv1,
fp7_e3m3,729,c23f7098008ea783f5e2986dc8baf1fe862815fd289ac960c721896dd6cc0a7f,610,610,610,610,610,same,layer1_0_conv1,
fp7_e3m3,730,c2a02ffb74665a685aa81b350ec653504791c3d9a5d7eaa7e86898aeb50a1191,6,5,6,6,6,same,conv1,
fp7_e3m3,731,c2b06e6e58226b7f28556921c502216444bd8890929794f854f76249fadac4f5,619,619,619,619,619,same,conv1,
fp7_e3m3,732,c2bb5c6b89bffea91ea492a3989cb1127976047efdc73a4f17b586ffea55dded,161,161,161,161,161,same,conv1,
fp7_e3m3,733,c35c97c02d0966c776eb4d029e80fc3833b39cdb47e55fafb94b2ea4f8c03136,341,342,342,342,342,same,layer2_0_conv1,
fp7_e3m3,734,c35ee48c3aa83cee99a41231a5a082266722ce5dc8b02000097c01913c35e64f,240,239,217,217,217,same,conv1,
fp7_e3m3,735,c387165d049b137d57e89884b544f21a16aa6d55ea33830fb217a5b84f0c683c,551,551,551,551,551,same,conv1,
fp7_e3m3,736,c40e3d7e347144b5cbdd2af1347a40dd518e55d44b6465c91b3061ea4ce16c63,556,904,548,548,548,same,conv1,
fp7_e3m3,737,c442acfcda7eec3715034b7cc6f97f39bc304ac50e029a037f38b50e2bca5fcf,584,767,770,770,770,same,conv1,
fp7_e3m3,738,c4c0cee984464c2281eda2e1be8bf3268834582044d9ef64f7c0cc66ec2b4f06,581,581,581,581,581,same,conv1,
fp7_e3m3,739,c4e53af624c80bfb2eb312f6a7c7a14e05d985c8f31911b922e0fcdeae129a8a,329,51,388,388,388,same,conv1,
fp7_e3m3,740,c4f1ae901812c86e91799ca8b35c0b3f03b1431f5a16f24091302b481a800263,2,2,2,2,2,same,layer1_0_conv2,
fp7_e3m3,741,c4f7d195c34e8cd3393bbf592c8af67145ded81ccd13952f4df298c7bc6d1f86,64,448,288,448,448,wrong_to_other_wrong,conv1,
fp7_e3m3,742,c5214bb0a239bab6d0cb087c02191543279faded4d885a8f83283ab14b377f79,539,539,539,539,539,same,conv1,
fp7_e3m3,743,c5518c60f28ca681bd94a17052125cb7e9ca0d9e926b0dee2146dc28bc4f308d,373,373,373,373,373,same,conv1,
fp7_e3m3,744,c5524d5acf0665328260b736aa02392992d91b0938b3157d80d804c032c32994,802,802,802,802,802,same,conv1,
fp7_e3m3,745,c5846cd29b03736cad87772690cabf044d6dd842537fc531d25972b38e0c20d2,172,172,172,172,172,same,layer1_0_conv1,
fp7_e3m3,746,c63e2901b42179f5ff1f8a7267e8266e428ee147257c493385350b3bdb95400a,898,898,898,898,898,same,conv1,
fp7_e3m3,747,c65fb5cc6e3ed24f4318ae1e1d0173b531d3268ff3f9d8b221eea94c50154bb4,568,568,568,568,568,same,conv1,
fp7_e3m3,748,c689a4c94455a9ac8799f55a994bda1124311d17dfc8512bd398a21619ff7d77,951,951,951,951,951,same,conv1,
fp7_e3m3,749,c6e59e084d27fbe4b39ffbf8cc2ab0bcf9f2bec70637e6e43bd2e025c32a2d5d,867,867,867,867,867,same,conv1,
fp7_e3m3,750,c73f2079bc36d37a3094bead8eb5e23b36fc07861ce4ad6bb17b43f0b532b928,173,171,171,273,273,wrong_to_other_wrong,conv1,
fp7_e3m3,751,c75f79b1e50c66e339cf8e79a28a2be1c5db1ab0217434db1dd02595b5bfa993,533,533,533,533,533,same,conv1,
fp7_e3m3,752,c775292bc70be9fabcaaf1defde022644fe0569048b7f1a5f1ebbe713277b59a,44,84,50,389,389,wrong_to_other_wrong,conv1,
fp7_e3m3,753,c7a97752fbabfbff5973f13cffd3eeff45bccb71473e38caafeb293597c037f4,850,850,850,850,850,same,layer1_0_conv1,
fp7_e3m3,754,c816ceebd717dc8d5f1c3fd8eadffc8110ba824d2ecad4b3fed80ae76990da10,193,186,186,193,193,B_wrong_to_wide_correct,conv1,
fp7_e3m3,755,c87caaa517196862ce760e2880f0ccd4b07312ee201208deb61665150975c81c,978,646,858,646,646,wrong_to_other_wrong,conv1,
fp7_e3m3,756,c89a2552222b383d550497e4f6efcb0d199f8d4bbd48688444cc0cc7f83230f5,221,221,221,221,221,same,layer1_0_conv2,
fp7_e3m3,757,c996061d8e5bd5143a1d32eba31d87a75dd3f2c3d5322874c84f62f15a1bebbb,823,823,823,823,823,same,layer1_1_conv1,
fp7_e3m3,758,c9e9c5337ebda8e494c5e7d0b8601f8162892c97851776a3e243b1683bb25b0f,495,495,495,495,495,same,conv1,
fp7_e3m3,759,ca30acd87be787accefa0620fef7807923786a5b491561640329405c3341b521,736,736,736,736,736,same,conv1,
fp7_e3m3,760,caef2b17ba674e60da1f2504e054a5852464b9beea9e22767534bcf762f4ce30,918,918,918,918,918,same,conv1,
fp7_e3m3,761,cb2a9d8adefd39882728dd89d3f9800ab37eeed31576fecb94bf07fce8faabec,907,440,563,563,563,same,conv1,
fp7_e3m3,762,cb2abd3aeb228c56d853faa1d92c2075c9f4d62e052637db55af05bb79139d64,7,7,7,7,7,same,conv1,
fp7_e3m3,763,cb4a2dc3582b144151ac8938b18e4941957aa334c02713cf8afb40678e7475de,809,925,925,809,809,B_wrong_to_wide_correct,conv1,
fp7_e3m3,764,cb614cf7f50a2c31bcd8c89a4f50d40da7a05db8c06778cd63b86be7a736e903,895,895,895,895,895,same,conv1,
fp7_e3m3,765,cb8eb8d49998962b11caa2891096ac340321aeda3894ba0b57b9b74cb10b5f4a,349,349,349,349,349,same,conv1,
fp7_e3m3,766,cba1f0788aafefe7d3d901cf66266f79261e5ec2ecbc5ff2a177c2ceb3e65915,1,467,1,1,1,same,layer1_1_conv1,
fp7_e3m3,767,cbcc5767f2be2a836766ca3346310b40039e94d9623e96ae4144e8091b444b1f,226,226,226,226,226,same,conv1,
fp7_e3m3,768,cc253397d5e58cb45217c098d64013a468457c7a40b7d67c0db2af47448fecd0,219,219,219,219,219,same,conv1,
fp7_e3m3,769,cc5ed4912923fb36c2c78a7dcf630e34c04a6106935e0a91a56f41cec2046686,647,441,441,503,503,wrong_to_other_wrong,conv1,
fp7_e3m3,770,cc69682153540088869bb9a5393741ec7b1ecbc79335c45790ccd886d8c54973,724,536,724,724,724,same,conv1,
fp7_e3m3,771,cc759160d6002dec52cab1a218b3fbc53680496d4a48918467ee1190fd48c9ee,742,713,713,713,713,same,conv1,
fp7_e3m3,772,ccc9690753eb087a90376f39d6ab05cfed73576fe07d4db74d8bc7822f98363c,859,859,859,859,859,same,layer1_0_conv2,
fp7_e3m3,773,cd0512593c1b6aa0f2efbd4e6d1173cd7f64e66a3bc29b020dba4dc6d10c22e1,181,181,181,181,181,same,layer1_1_conv1,
fp7_e3m3,774,cdbf29bc6ae0e014db4a6f8e67496cf262d0df820fde5967474b283f5d6a5f06,110,110,115,110,110,B_wrong_to_wide_correct,conv1,
fp7_e3m3,775,ce2c8871016a3e17efac00464b250f0ac47880d333dd9785caffd3865f2bbecc,37,37,37,37,37,same,conv1,
fp7_e3m3,776,ce492ec626aa67dd15b863dd7cde55e5af20d74b632e1e9a8cb3ab6b37ff1fb0,431,431,431,431,431,same,conv1,
fp7_e3m3,777,ce803afa8f7b9e3506b2a1132c3bef25e432d4768b8571e78aaaa798e01715cc,573,573,573,573,573,same,conv1,
fp7_e3m3,778,ceec27906e9fcdfa8ee7c04c618232c4501f5c1b69d6b2a8268274f6f031b1d7,652,586,847,586,586,wrong_to_other_wrong,conv1,
fp7_e3m3,779,cf2662aa25ea94045f0d551d8263b260f866976e3463ff9a2eba607462f3612d,671,671,671,671,671,same,layer1_0_conv1,
fp7_e3m3,780,cf67196b8d6c88f29371c2d00723efdd54b465317281bf0b40f8cbbe1e2fd0d1,229,229,229,229,229,same,,
fp7_e3m3,781,cf7a2d601f79a01e98917319e0f82e5ba705cfd5242448eda1c075bab98f2f66,394,394,394,394,394,same,conv1,
fp7_e3m3,782,cf7b232eba148cbac196f4864e98c5db4fc15247b1b1baba0d6a0ee3e94222ff,426,426,426,426,426,same,conv1,
fp7_e3m3,783,cfcc246a9e0ca9f21e8317cfbc964e61dad015975af0e0cfbe1a52b097d10024,887,399,399,399,399,same,layer1_0_conv1,
fp7_e3m3,784,d05833770e516f8a2b5a42a8627a65271018452950f70dcfe23fbd10df20a7ef,700,700,700,700,700,same,conv1,
fp7_e3m3,785,d0601fa3b95eaa2e32f2e1915efcab1e72931ab1e3e7f1c4fdacb4fe1a383de0,793,793,793,793,793,same,layer1_0_conv1,
fp7_e3m3,786,d06a43cc58d84df70a70652705593e31df07884d17153eb4315586bbb2dc1789,654,654,654,654,654,same,conv1,
fp7_e3m3,787,d09ac1887733e16bb2e43ca7068256f86895353e793075f7f22d566c39569a43,151,151,151,151,151,same,conv1,
fp7_e3m3,788,d0aeb63b0c2c61c238b44e5319d1ce36d3f9886d8e722c7c2c3ef376284f3518,169,222,222,222,222,same,conv1,
fp7_e3m3,789,d0beda73ab545f7e54a1a0e2d5bc31a86f68cee44969c01bb54028029daef70e,845,901,901,901,901,same,conv1,
fp7_e3m3,790,d26d69ae656932a5c23d46f51a2cf8217a82f930793b865ff926777401084684,987,987,987,987,987,same,conv1,
fp7_e3m3,791,d2b3b826dda5b45d1aeaf5102aa078dbf8222775f5afee657fdaa53183436e3c,702,523,523,523,523,same,conv1,
fp7_e3m3,792,d2c1e1204ed46f01e7f6ff59640132d834c68917534a4a9c3bf8b82a44f154ac,718,525,525,525,525,same,layer2_0_conv2,
fp7_e3m3,793,d2fef0c2b41b5f50ad327135d266038acafc1f612c5fa06b16af4c0c4f29288b,444,444,444,444,444,same,conv1,
fp7_e3m3,794,d31646fbbb8e02507cdea0927445d0aedc0efd33ae923c57054628bdf988b8de,920,920,920,920,920,same,conv1,
fp7_e3m3,795,d330768ced5e29d60de5183d650b0e68c82c1b0778657d3ce3c267bfa5b08939,261,261,261,261,261,same,conv1,
fp7_e3m3,796,d41fa1c4ddfc37330610bfe39062698c70633b737f19b7396a6ba553e40e930f,312,310,310,310,310,same,conv1,
fp7_e3m3,797,d4360ba6ea71aa29e181d0316cfc97003da14306a80925762b496c1a46cf0908,562,562,562,562,562,same,conv1,
fp7_e3m3,798,d43ccf1cb95d4992c7f881fabef35533ffc3f10dc1ed6084757b8b9855fcd953,80,80,80,80,80,same,conv1,
fp7_e3m3,799,d46c4278083e991f7f863bef46030dbe78b825d670c934dd31df51875554061a,162,162,162,162,162,same,layer1_1_conv2,
fp7_e3m3,800,d477d751f98dfba2e45acbb299bcead4f21d32d2f2ab17f3fe67e3e4d860219a,375,375,375,375,375,same,conv1,
fp7_e3m3,801,d48262d9c0ef3e7293f9ba2d471b376b75678f5ac27c410c31729d76a1f057ba,93,93,93,93,93,same,conv1,
fp7_e3m3,802,d4bf4bc7d6186c2c773dfbb6e0052d147bef3c106248de2cdce3a239a2da1b6f,406,857,857,857,857,same,conv1,
fp7_e3m3,803,d4d0c44a9eb611b63633808fd680d0ad32b674045720ee2b9a6b8a699a6b9157,862,862,862,862,862,same,conv1,
fp7_e3m3,804,d4e3f3108568767cb2eea0827103343a546d8f16e049f9d2a6417410e8433e42,408,408,408,408,408,same,conv1,
fp7_e3m3,805,d4fa08dd234cc72ab38dbb370e6d6e16bb4a5e078b3196e615abc10127925400,984,984,984,984,984,same,conv1,
fp7_e3m3,806,d54e0f326d406ffd027ab81ccd8f19d1e0e53b7a4181950633b0a2114b24b650,512,512,512,512,512,same,conv1,
fp7_e3m3,807,d5759323fa2cf283319417ded53985977bb3e3a01f2d7dcf82fec614a702f904,308,308,308,308,308,same,conv1,
fp7_e3m3,808,d58b6b1ee190b5e615b7da0ff565e97bf1f151d3dd345cb4c91a9aa02442df8f,461,514,490,490,490,same,layer1_1_conv1,
fp7_e3m3,809,d590d586cf3b9a4ad3acf85f8b8cb9e4f5731a81efa0096045590e59d462789b,262,262,262,262,262,same,layer1_0_conv1,
fp7_e3m3,810,d5afe7c92b1bc9e2683d79dbd672461de200d066135e4e05b25047a3f0780cff,621,621,621,621,621,same,layer1_0_conv2,
fp7_e3m3,811,d633375778640c143290a0bc879c18f004cd85ca01c3b7ad0c2b4d62382516a7,78,78,78,78,78,same,conv1,
fp7_e3m3,812,d66e803605be6a825cb19f44ecb0a2087f9b140689dd7929c0c83715a2d3a275,939,943,939,939,939,same,conv1,
fp7_e3m3,813,d6acb4737c448362b93dcb1887a02cdb999b3255d7c1e617a0b5f004e666611d,836,793,793,793,793,same,layer1_0_conv1,
fp7_e3m3,814,d6ef3f6816edd4df8b5e02270a9d56ef7534b59872eabb90f497d63b8a5e9fe4,613,613,613,613,613,same,layer1_0_conv1,
fp7_e3m3,815,d6fab4500df36152e9b3fb1ea192b8c64ca2fe267f26bcc553202ce9c8f498da,872,872,872,872,872,same,conv1,
fp7_e3m3,816,d6ffa746f49210efda71aa387015dbb7844161a85ff31187a62b95d1b1848a19,821,821,821,821,821,same,conv1,
fp7_e3m3,817,d73b29988ad7e2e513f9784430f48043038bffcf5676937e90081e91db2c0ea1,612,612,612,612,612,same,conv1,
fp7_e3m3,818,d75efcc7af1deccb3ac1932e09ccd8f2f3f551a0f9b3cc42d6240d8afb7427e2,309,309,309,309,309,same,layer1_0_conv1,
fp7_e3m3,819,d79b982a4a4f6a627e7c6731fd4eec027025a56d98653ea41746416d831cbb10,60,60,60,60,60,same,conv1,
fp7_e3m3,820,d7e296420d4e933d55585d68256085296a3aa6c1bd57cc1806a80d6927ddd2ac,350,350,350,350,350,same,conv1,
fp7_e3m3,821,d7f90dd3c4212da9cdcf26656a9b5eec9a67c6eec1264d7a468d5e58351e496f,833,833,833,833,833,same,conv1,
fp7_e3m3,822,d88915a14c53e7812619247a2e9c3247571ec42c0903258343e60c6aaf892d6c,70,70,70,70,70,same,conv1,
fp7_e3m3,823,d90cf619ac79ccdc65ef9519d8dd7bbeec5ff44f3e354581d81c0471754d6735,546,819,819,819,819,same,conv1,
fp7_e3m3,824,d99ae133134538954bf4682662b397158d028a3ddec57613cdf5ab0f18e038eb,132,144,144,132,132,B_wrong_to_wide_correct,conv1,
fp7_e3m3,825,d9bb961a320a061adbc119dfc1bf2ff978fe1867ee555e88de64a2ab0e685031,824,474,474,474,474,same,conv1,
fp7_e3m3,826,d9ca0a22b219bee5b63b28e2ffc86079eeb60ef15d40838d927a0665cfb827c9,481,662,848,477,477,wrong_to_other_wrong,conv1,
fp7_e3m3,827,d9f15de14c6bbd0c9335650c965ff754d377111c1d06f2051cad40648f0b903a,919,919,919,919,919,same,conv1,
fp7_e3m3,828,da4c48fdbfdaa0c17e360e778d088811b8959d3c6b0b504b20bd614388251fb1,130,130,130,130,130,same,conv1,
fp7_e3m3,829,da6cd11a926df4015932535c6cbd50786f860b595db8b233a8a658360b6d6857,57,58,58,58,58,same,conv1,
fp7_e3m3,830,da7e36b7552b9f23c7eb2649061df38e36180980c9893d71ad23849e20a6e1b4,302,310,303,300,300,wrong_to_other_wrong,layer1_0_conv1,
fp7_e3m3,831,da7ecdf17d6a15df4c024d907c54a202c78f82c211fbff4865de68a528ab59d3,356,356,356,356,356,same,conv1,
fp7_e3m3,832,db210be61bc9e4aaf17b514eac8ea4a7b4e86d7496f4ae1aa9ebe4613c1e5a1d,884,884,884,884,884,same,layer1_0_conv1,
fp7_e3m3,833,db3be215c45bf41d158f38b008b8129d8748b3e722e1dc62daac5a51a6463334,345,385,234,180,180,wrong_to_other_wrong,conv1,
fp7_e3m3,834,db4b15f351df82250311843a49147db92360fe8fc9ebbfef938e8c9827ae8569,713,713,713,713,713,same,conv1,
fp7_e3m3,835,db5ea101d8e78324662af81b49df9bcea10e1a1a5cd552e7184b77da75269ef7,638,655,655,655,655,same,conv1,
fp7_e3m3,836,dbe0af8b1c90c07b04b8c992fa508853cc32e537e8624c7dca013eee5985cc64,225,225,225,225,225,same,conv1,
fp7_e3m3,837,dc85eabb41279cec49cbd6eec68227da8166ff0c66d3c0f91bf39c2d057184fe,879,515,879,515,515,B_correct_to_wide_wrong,conv1,
fp7_e3m3,838,dca886b69e55cf7bb771ab8b7c92bde95a5e253f4724437bc2ea7cebf9770139,534,534,534,534,534,same,layer1_0_conv1,
fp7_e3m3,839,dcae1647f7988d0b3062c57fc748e992d58fffc94b65ae80264760379cd2f94e,600,602,602,602,602,same,conv1,
fp7_e3m3,840,dd1d0b6e39a77d4cb51088d8b860a3c684c41635f62aaca030ab18b76864dfd0,266,266,266,265,265,B_correct_to_wide_wrong,conv1,
fp7_e3m3,841,dd437df4c1ff57ae56258861c169c924f747fee5d9a96d437fdb75e45f457b86,58,58,58,58,58,same,layer1_0_conv1,
fp7_e3m3,842,dd64448e7f93e8d297cce3342d1bcf68ba21a9560a7e809337890a2ad8ed2669,899,505,899,725,725,B_correct_to_wide_wrong,conv1,
fp7_e3m3,843,dd67912109acecf9b8f7f76a13300371e3da1c6fc9f2dffb31543b3fd4469093,119,119,119,116,116,B_correct_to_wide_wrong,conv1,
fp7_e3m3,844,dd84a493823e7a2b8d91c28a8cd628145543f025ee7a5d5799ca4684f854a08a,209,171,171,171,171,same,conv1,
fp7_e3m3,845,dd84c33d2d7fe5b5630035b2b0c3181360122bed75ac42a297a5a393cd9930a5,948,948,948,948,948,same,layer1_0_conv1,
fp7_e3m3,846,ddc4e8b0fe1e5c2e9b8f7b60104845ec3e1f6c4b9b6c5fc22adc669d94d18acb,16,16,16,16,16,same,conv1,
fp7_e3m3,847,de1493747152039f93e33e60cbf9e40e69d926289ae1b0ba052a1e7cab4ff82e,729,534,534,534,534,same,conv1,
fp7_e3m3,848,de65870e41af7b8f5d58dd9603f5d621296c3997a703c74977701ff5a28ed132,447,447,447,447,447,same,layer1_0_conv1,
fp7_e3m3,849,de6cfd16b201a69a28bb22edb7ca5dead80bc477a0d0ee6bc746675b29c434a2,332,332,332,332,332,same,layer2_0_conv1,
fp7_e3m3,850,ded02294e268f74ad4af0262bf05368f3622bba4ded771ee4537547096172c28,10,10,10,10,10,same,layer1_0_conv1,
fp7_e3m3,851,ded1b6bf9f594d22175944a547e9ddd40077f1654252d7b30265f76705e8a4ff,787,787,464,787,787,B_wrong_to_wide_correct,conv1,
fp7_e3m3,852,def9774cfd6ac3389a1a767678f68b9bb59c10977602e894a5820e8586ca4644,127,127,127,127,127,same,layer1_1_conv1,
fp7_e3m3,853,df75839eaade2c372855b3c95e52d4d7bdef14df84bb97f2cd145445d9793f8a,925,925,925,925,925,same,conv1,
fp7_e3m3,854,e064c9d22bcb85d97ca3e7ca4e6090242190de24584801bbb8c1488489c49d5f,882,882,882,453,453,B_correct_to_wide_wrong,layer1_0_conv2,
fp7_e3m3,855,e0c450c579bfd7a8a50d1d10f23fac110ced4f462bfdc73298b0a25ac505d9a5,982,501,501,501,501,same,conv1,
fp7_e3m3,856,e0d3c2cc2f372feb7d29ccfd3da7a40639f8822dcc0b3e551c86140a76e4e055,957,957,957,957,957,same,layer1_0_conv1,
fp7_e3m3,857,e144021c3a0dce34bbd4fff09baae3f2cc2ccd0e727c7ee39c053e07780a39c8,424,860,424,454,454,B_correct_to_wide_wrong,conv1,
fp7_e3m3,858,e1567df0649b274f975b94473042e1fa0b1f1cac7fb0b49801e4600d7d2af147,716,716,716,716,716,same,conv1,
fp7_e3m3,859,e160c5d37ac77d960b3cd2bdbd3964e9003df8d22dfdfaaa404d749e378c9e09,441,441,441,441,441,same,conv1,
fp7_e3m3,860,e18aa215931daec624abf70d55b66d7a22fc3c6424bc0e610c0d54fb284a1002,817,817,817,817,817,same,conv1,
fp7_e3m3,861,e192f1b5b82b60bcc40d200530646d7e075cbedd1d1f68bd3702bbfb49a066d4,59,59,59,59,59,same,conv1,
fp7_e3m3,862,e1b2486e04029f2b6528cf80f3f5e16e3c25f0339058ea1b8e1d8e17cbed7ea4,295,297,295,295,295,same,conv1,
fp7_e3m3,863,e1cc33360e18b20ab0b9c5f34154924df1fad268ef4f7d8fd9250ffbaf88fc33,956,956,956,956,956,same,conv1,
fp7_e3m3,864,e2338786ed2d9d2661892a784eea20bb4f67b91031d9c54c15c4a5b1d77d8596,344,344,344,344,344,same,layer1_0_conv1,
fp7_e3m3,865,e24c658b7b6397b4f23e2a33f01d8175ad7942538010c3bcab7e0f04f042eac4,86,86,86,86,86,same,layer1_0_conv1,
fp7_e3m3,866,e2aab3aed546b9792144a71b0f8c64dec73e099c1b9c965eae29e825184370e4,249,249,249,249,249,same,conv1,
fp7_e3m3,867,e2e08f9b8012dc2d1cc74eca7b45989ac07e93b8e51b097c11b4adef803c92ce,570,754,754,754,754,same,layer1_0_conv2,
fp7_e3m3,868,e339031e63dbcef7d999db36a875a4e696c4abdfef6d6544b15538bc2c1072b5,235,235,235,235,235,same,conv1,
fp7_e3m3,869,e3424a6325bee70fb22a17634ab2bbfab2da36a29175a9a362cec6e1a1f465f6,633,633,633,633,633,same,conv1,
fp7_e3m3,870,e35570edb185a3859a78bc5f80de660caba3c089cd730d2dc5ee99e587ed3fad,963,963,963,963,963,same,conv1,
fp7_e3m3,871,e3669afb7b4c608af4268a2a607cfc862032aa643440028a87eade14f7e21ecc,625,625,625,625,625,same,conv1,
fp7_e3m3,872,e376eb90def78d83154cbb1a4d902f1acc23d33abce24eb9f1f4aad2d97d8ff9,994,114,114,114,114,same,conv1,
fp7_e3m3,873,e38f00ba8af3fe92211f9351a6b53c14de6c09c7f25548f75443fb12b21ec63b,903,903,903,903,903,same,conv1,
fp7_e3m3,874,e3a68bd9ae604559fb659131937a66341361fcd9f2ea290da4baaa5cfb8c48dc,389,389,389,389,389,same,conv1,
fp7_e3m3,875,e3bab58e200c97774a51f90b5397ead93ebea1a12d4344649cf5d9b873213c0b,448,448,448,448,448,same,conv1,
fp7_e3m3,876,e41166198d76e247742810e9cbd321b622a6ce5865c9d5cd586f027347bcac5b,51,51,51,51,51,same,layer1_0_conv2,
fp7_e3m3,877,e4304ffc9bc592a14bbf1b47e2bab56da4c60eb607aa5d06b15874e30d7b5ca3,529,529,529,529,529,same,layer1_0_conv1,
fp7_e3m3,878,e44400f6d839393ac199c951b749e9ccae698bd84040e66af425e914f43fa6e2,478,741,741,750,750,wrong_to_other_wrong,conv1,
fp7_e3m3,879,e49ceb4f045d3f583b70655c40cd4f601ea3cd22244d10d3f229a90f4c2c55bd,445,842,842,842,842,same,conv1,
fp7_e3m3,880,e4d223ba209f565b0afec44379b247507a5d9716b110adc97e17efa96ac7ced7,928,927,949,927,927,wrong_to_other_wrong,conv1,
fp7_e3m3,881,e4fc9709ca25e98ec3ce5dd880a404697447e79a5e8ca9f2b2afdcc4a9072397,893,728,728,728,728,same,conv1,
fp7_e3m3,882,e579d04030c2fd49e6d6204045db251c78979d0a2e03587ed84ec74441f0c474,39,39,39,39,39,same,layer1_1_conv1,
fp7_e3m3,883,e5bb25ba813e08ac76b3b9132e1b8c206478db8438dda4cd45365da42e89f522,591,591,591,591,591,same,conv1,
fp7_e3m3,884,e5d3ce4f35c29222fa3be34a071d5cf8ec5f21281f405265f041de88cdca6d6b,216,216,216,216,216,same,layer1_0_conv1,
fp7_e3m3,885,e61e619c9e7ff73172b38b001fe4dd49ed729841738e8d42f0af79d9dc411170,504,504,504,504,504,same,conv1,
fp7_e3m3,886,e64610c304238fd8c7d97154277c3767f788f21643daa8ef8a8b73cfc877dcd6,460,460,460,460,460,same,conv1,
fp7_e3m3,887,e6b025364a8044bdd4466b5044c10eaaa30e85da740a23c72c9c2d7580e6354c,955,955,955,955,955,same,layer1_0_conv1,
fp7_e3m3,888,e6d2880bc3566c2a07c29c074becea533280f0738ec1892bd6d40200cc35116e,852,852,852,852,852,same,conv1,
fp7_e3m3,889,e711b4a4fa8d8e7b03478062a32ec5861accd95d68b8ddc487504ec66e0fc4ed,298,298,298,298,298,same,layer1_0_conv2,
fp7_e3m3,890,e73ba01363d35ce230bf6f24341b921ce8bdbd472c7ec0ebcfe8ba6fe1685479,178,178,178,178,178,same,conv1,
fp7_e3m3,891,e74238e2df2942b09683e3fc09d65e9c1594e555490c761954f68be4d4354534,933,933,933,933,933,same,conv1,
fp7_e3m3,892,e76c60dbd0396befbb889db4870c908c00cf048930237e1977f658ed9cedb7dc,624,624,624,624,624,same,conv1,
fp7_e3m3,893,e7b181f7f3a2ea05826cc999512e551331b4d2c11014594d1bf128f7a1e64f1d,196,196,196,196,196,same,conv1,
fp7_e3m3,894,e7df50bd419869664b1a4bb00e1999ff6f0d973a3f0e49bee35271ff846a0627,712,712,712,712,712,same,layer1_0_conv1,
fp7_e3m3,895,e7f4a7ee38365f0352bb40e06c5387cc76c8b67f8e9b7edb8da093dd4b276420,412,899,822,899,899,wrong_to_other_wrong,conv1,
fp7_e3m3,896,e7f6f148c7590edb53b280569d26d578b3b6a9d849fd56969b117ed908269e19,657,744,657,744,744,B_correct_to_wide_wrong,layer2_0_conv1,
fp7_e3m3,897,e80d5c6e19a0ee19d49e8627009ed2615711569a1a059586922c04beaa7effd5,488,679,679,679,679,same,layer2_1_conv1,
fp7_e3m3,898,e824001de9b6f63522376ee33b048d3fc7f31605012cc2118c3a414701e93d1c,48,48,48,48,48,same,conv1,
fp7_e3m3,899,e85a933bec23ae1a142027ac6ce69e53e250da203669143dd01203e8938bd965,778,415,415,778,778,B_wrong_to_wide_correct,layer1_0_conv1,
fp7_e3m3,900,e88c71a83437a0a3dfdf6c6a5181a7575b0c07fd514850b918e029bc396f5b72,749,868,741,492,492,wrong_to_other_wrong,conv1,
fp7_e3m3,901,e8c1a3a66f11ef07565f89f061c782af680a1590cdb8bb9dcfdb67ffced71043,818,818,818,818,818,same,conv1,
fp7_e3m3,902,e8c7396c21cc77de2ee6857e3ae9166658256dcc94a18f33f94acad21309839e,646,646,646,646,646,same,conv1,
fp7_e3m3,903,e90c34759916ef03be491cdb402a9e5331fce674bc6e98bec7ea2788392b8ebd,576,576,576,576,576,same,conv1,
fp7_e3m3,904,e995085ced1754591dc25e0b92737b97378e2253d15d34ffc777664b8d8a7f09,792,695,792,792,792,same,conv1,
fp7_e3m3,905,e9bfac0bd31ada69620c6f48261ab8779812f63b3a306420311338ad70c0fa1c,949,949,949,949,949,same,conv1,
fp7_e3m3,906,e9f1dbba8eb648a2041c2f63498b92912bd7da22ec98fd4b97a79f551c106bb7,680,680,680,680,680,same,conv1,
fp7_e3m3,907,ea1e339d6f269c9f4368cc19a0f2865618fd28aa7d0b28fce1dbd6589192f21d,284,284,284,284,284,same,conv1,
fp7_e3m3,908,ea3366c0aa5295f5c2ef717c9bec555d72e3177a2a98551d15e06c44329171fd,754,754,788,788,788,same,conv1,
fp7_e3m3,909,ea49911d9ade8dbb976106403efcc80ec4e106e875551ce2405775da9091bf95,354,354,354,354,354,same,conv1,
fp7_e3m3,910,ea7eb2b28c959622ef695811d2741298c28c6dd966d4e06398888bcdfe4c1adf,609,609,609,609,609,same,conv1,
fp7_e3m3,911,ea9cefe6753cbf64fd78dd31dbc791e2e101a54308fc0794af015f9da654d01b,597,597,597,597,597,same,conv1,
fp7_e3m3,912,eaec2470d3bed729fa8cd11af034ae2902f889e96f253ba3ef1d2694d278c4b2,730,730,730,730,730,same,layer1_0_conv2,
fp7_e3m3,913,eaf849c247a66ec1a976ede3505721e7df4a36f0e5fa33ff5d7ddc37bb8df55c,311,311,311,311,311,same,conv1,
fp7_e3m3,914,eb59d5d7b1cdfa5f149b64daa16a4ad5f6bdb67733aa11cc1029d523509fa141,728,545,545,545,545,same,conv1,
fp7_e3m3,915,eb7e7602705d5363a90a0f36772f407e2ce62de0245d20adae12c2a145c35b0b,831,831,831,831,831,same,conv1,
fp7_e3m3,916,ebdef77ee68660ca17bc71ac10d85cc0cb3ca19e15c76cc133f2cab1dbb3d483,331,330,330,330,330,same,layer1_0_conv1,
fp7_e3m3,917,ebf89e0bdc5315795f7a70372133df2fe9710f38ceb95b3397bb55e262e79f78,218,218,218,218,218,same,layer1_0_conv1,
fp7_e3m3,918,ebfa4039665e043f2eb74b886c2cba7a38fa38afae2dc1dd60d168c94c5c2930,348,348,348,348,348,same,conv1,
fp7_e3m3,919,ebfa434b645d4eb2df00d3dbb024fd14b398f2b93f0d7a3c665f4d552d0ce77f,961,961,961,961,961,same,layer1_0_conv2,
fp7_e3m3,920,ec2c783f2c4dc8b6a8477ff020d5e8d746dfdfe4b2409e53e15972d13afb1036,278,271,271,278,278,B_wrong_to_wide_correct,conv1,
fp7_e3m3,921,ec308383ef1cb7c640833d26130c9de6b8f64672d8d61d60b52368d86ba688a8,909,926,926,926,926,same,conv1,
fp7_e3m3,922,ecabcb5b57eef97f0829283eaccf259fb148206d400124f28d8ac100d4f471e8,239,239,239,239,239,same,conv1,
fp7_e3m3,923,ecf83e4e0ab69b6f95a8704e02c91fd5e7d600c81845f02d154a824da90bd9d7,376,376,376,376,376,same,conv1,
fp7_e3m3,924,ed7bddc1a2bcac4863373eae65e889741d1adf0159c800ec07ec11555c818fd8,965,924,924,924,924,same,layer1_0_conv1,
fp7_e3m3,925,edb8ea493749bf971de9262da47b2ab74153b90174f152d1ef10e2127a080d2c,580,580,580,580,580,same,layer1_0_conv1,
fp7_e3m3,926,ee273bef6654ff4aba458f3881259c3a670fc1fc80f586b29bd51ce27ab08153,755,755,755,755,755,same,conv1,
fp7_e3m3,927,eeba904951406ce2b836817f544c6017708fd19b5557ddb049267b5134ac08be,564,669,669,564,564,B_wrong_to_wide_correct,conv1,
fp7_e3m3,928,ef14af41a0e93ef116f48ac7d5fd0f4033a4a14a8501a36548bd94dfbf95d580,208,208,208,208,208,same,conv1,
fp7_e3m3,929,ef2e642808e995b22b65d98b540ddd5371059b15cc1d7c52479aba019d04dbe5,599,599,599,599,599,same,conv1,
fp7_e3m3,930,efdc2889e7252b0fb214e54400fd39d9542c74b98413e3ff4d6804f38dc4218e,287,281,285,285,285,same,layer1_0_conv2,
fp7_e3m3,931,efe150bc3c95eb342bcf3d937fc8e4d5ae8c94fd566cd46437d1bfbc26265f7f,279,279,279,279,279,same,layer1_1_conv1,
fp7_e3m3,932,f02207c332f0fac829f349d6e1e0e9411fd3828ed719a4dcd2f6b44d41b64ba0,87,87,87,87,87,same,conv1,
fp7_e3m3,933,f0a9d5072a54d1c2478b5c018bae2a2ba2fbd1fb5472f8f092be2854e366a029,124,124,124,124,124,same,conv1,
fp7_e3m3,934,f146db349d589fd681619823cfe2b48a14cf6fda229783a6b4dbf4bc649c385f,171,171,171,171,171,same,conv1,
fp7_e3m3,935,f18651b7ce3ba0c53556e1dfde5874d0bdef3ff93dd33d2b2fd3329e7e91265a,292,292,292,292,292,same,layer1_0_conv1,
fp7_e3m3,936,f18a9178dd14afc707832a0a65cbbdacecbbbfdffe3f265e640c54d154025159,929,214,201,214,214,wrong_to_other_wrong,conv1,
fp7_e3m3,937,f18db213565f3f1e005cdbf350dca1db6a9e33d600ad0978b8ac8021496e083f,888,888,888,888,888,same,conv1,
fp7_e3m3,938,f1a7ce048f8ce8127c93d162672a7224d4a5cc8ed9c2a893dd8d52ce9530ca23,405,405,405,405,405,same,conv1,
fp7_e3m3,939,f1bed18ce691548abea50e03deeed99e6d2abb1e9dd9730494f6c6475c01a462,656,656,436,436,436,same,conv1,
fp7_e3m3,940,f1cd9dd0c9984617d85df4651baed5e8554bcc0c78827f4357d918fb3a1cb9a3,997,997,997,997,997,same,conv1,
fp7_e3m3,941,f1ced48bda418aa7ca2ed95d50a2703c746c0f59594bdce2259ec45eeaef9fe5,362,362,362,362,362,same,conv1,
fp7_e3m3,942,f22fe6761c9435be544c666baba222a40db432bc3763f1da4ca0722daeb9e6b2,185,185,185,185,185,same,conv1,
fp7_e3m3,943,f2464e1ba3aabefd56c83cf7a309b8c12e6a1ecdddf272993d1d2fd3eab06b93,137,137,137,137,137,same,conv1,
fp7_e3m3,944,f25fd61828ea9708eaa69aff4752f91037ffd5c2da6d8fef59ede3b2d49c78e5,242,246,246,246,246,same,conv1,
fp7_e3m3,945,f26b567d92e66fa3a5cb6eb341e4d53ad9518d6d3974bb8e902dd51731110567,767,855,855,855,855,same,layer1_1_conv2,
fp7_e3m3,946,f28e64dd63bc617c0b93575e9f5383f120de4017eb6136892f648be0e1a3bd30,530,530,530,530,530,same,conv1,
fp7_e3m3,947,f2b3a0f4d3850d05646216a087d3e16f9ab96a0242fdbb69adb98d97167a8d44,372,372,372,372,372,same,conv1,
fp7_e3m3,948,f2b40aba9f6b837fac296fc4523b8750898807e0fffe065b2bffaf3580523e8a,798,700,675,700,700,wrong_to_other_wrong,conv1,
fp7_e3m3,949,f2e4bbb8aabcd785fb42d8553468e6a5bb25542efcd6b16153c238dda21c2dd7,861,861,861,861,861,same,layer1_0_conv1,
fp7_e3m3,950,f30f947ed6c73079411b203bdad9a36245db18397cad67388eb66d8bec182891,310,310,310,310,310,same,layer1_1_conv1,
fp7_e3m3,951,f33dc4ce44dd5760eee392be2033ab4d8facc5635f5546a42d89c2e9a519da4e,140,140,140,140,140,same,layer1_0_conv1,
fp7_e3m3,952,f38d061c88950c981dbf56e97a8d7d7e2e0eccf03f8ba4674c67a0731894c318,486,486,486,486,486,same,conv1,
fp7_e3m3,953,f3ac4a255ad4742ba0f243a74ac1a4a21fa54a5aad1af8f0cd19a4288fa67c3f,472,801,472,472,472,same,conv1,
fp7_e3m3,954,f4889c0808cc9f60f0abba54a2dcfa37b0428bb2044b75778032a934bfcdc6c5,910,910,910,910,910,same,layer1_1_conv2,
fp7_e3m3,955,f4c1912dae43edee2370e780b348083928645c68810ff1e768fb13eb62e0173e,477,784,784,477,477,B_wrong_to_wide_correct,layer1_1_conv1,
fp7_e3m3,956,f50bc90605d0d6ef870784b7754f4cb31fad70b607a2a82bd12002d906a2b1aa,692,549,549,549,549,same,conv1,
fp7_e3m3,957,f5392b8e7ee26112ccc64eb54716707dc0e40a0caaf11bc9ddd6053257a6b370,393,393,393,108,108,B_correct_to_wide_wrong,conv1,
fp7_e3m3,958,f543db303de50ced4d5be3b29187e1888e18cbe1ec8bed467eb31d15f11eb30b,40,46,46,46,46,same,layer1_0_conv1,
fp7_e3m3,959,f54a3a26f7e13b9a12d69b5a51e77542f45fc6d7dac5b5919fbc0b5f74967462,214,214,214,214,214,same,conv1,
fp7_e3m3,960,f576816842619a0e3d93053483f99f97da65bd6fe0da0f0bfafd8803bbcb022c,241,241,241,241,241,same,conv1,
fp7_e3m3,961,f577f85a673e925f39f13027c35678aeeecfd5be2c800a6647f37558583f438d,399,399,885,885,885,same,conv1,
fp7_e3m3,962,f61c83bca3a75d5187fc416bc727ffe8ea22fdc5864d2eda602a89a7c28eb8b6,15,814,330,330,330,same,conv1,
fp7_e3m3,963,f731bc738941b9c7a272c9fd218aeb4fdfbf8347f356705d16f7312c2abd233c,108,108,108,108,108,same,conv1,
fp7_e3m3,964,f75d6e05e93800edacb7a58aff3d17b55cec1194b633dd68d4ba980c6b0df0fc,485,485,485,485,485,same,conv1,
fp7_e3m3,965,f77bfdcea6dd8504c3ba61454551fb677da12c7cba2779dabb49c8995817c933,574,574,574,574,574,same,conv1,
fp7_e3m3,966,f7c5c0af76e2ba86be8f817d03e9a628b0af6de906a6ccd6afcc56ecdba34a62,814,814,625,625,625,same,layer1_1_conv1,
fp7_e3m3,967,f7e745a5c4c918149132d71f431e69ee3a9813e6ae2446ff4f283b54003bf737,390,390,390,390,390,same,layer1_0_conv1,
fp7_e3m3,968,f8561e362872e8808c449099a6d8681f3e1ed6b52263537f9839375cdcf0e027,785,785,785,785,785,same,conv1,
fp7_e3m3,969,f8607de567030a2f123ec21175ac5c2703faf6c2fb407468dd657e3714885518,606,596,596,596,596,same,conv1,
fp7_e3m3,970,f865d8b712a0f9fa24b1efcf0c6798f0def03ccbd6506605a462e1b93a3bdd21,779,866,866,866,866,same,conv1,
fp7_e3m3,971,f86dd27080dc1d194297c579d8e5555a1e4c0b8b4ddbe202f66df9ae8ae4b752,63,57,57,60,60,wrong_to_other_wrong,conv1,
fp7_e3m3,972,f8b2a06f9fc5822939bface497cf50a2aaa616f1c8650d87db5f0d641c5374ff,958,339,345,345,345,same,conv1,
fp7_e3m3,973,f8eb3b9a71ae75008306447c0948d8d5babca33a83a2bcd4da6abf839f676166,661,661,661,661,661,same,layer1_1_conv1,
fp7_e3m3,974,f928aec28fddd9e0485b0f283cf9eab8a3afa8ba1275d6ab2031a47aff2be7b9,177,177,177,177,177,same,layer1_1_conv2,
fp7_e3m3,975,f92fe7fd24865ce66e2540587dd98bd436ef4c32f509abfff24c5999f32534cd,837,545,704,427,427,wrong_to_other_wrong,conv1,
fp7_e3m3,976,f9efa4331f6deb1d89ed175cad1d5407a4556b294a0e41c5d0007526f984d081,204,204,204,204,204,same,conv1,
fp7_e3m3,977,fa4ae22c205506d4fba172fedcea026c861593ff290be888ad585bb342571d3a,592,592,592,592,592,same,conv1,
fp7_e3m3,978,fa9e3f655c7bccf1a8974e09ed4647cdb622cba4077e30db9c5f91018a767f33,255,255,255,255,255,same,conv1,
fp7_e3m3,979,faa9736e901fc7b00b0c33d899ab7b77d9d09d8a35f141c801b9d3ce0d128f0a,673,673,673,673,673,same,conv1,
fp7_e3m3,980,fb1e6fe0d204c87a28aa39358ccde90dfdd01f1f983b0ef155f6ae42c6d552cc,301,301,301,301,301,same,conv1,
fp7_e3m3,981,fb3fa3b9376716bded72a8b8269d48fb9c1703005c7e50565f1a462c3ad9876c,104,54,63,63,63,same,layer1_0_conv1,
fp7_e3m3,982,fb8c57dfcbd01a1384577394a53240e43375861aa198c0f9a282abf42d28520c,940,940,940,951,951,B_correct_to_wide_wrong,conv1,
fp7_e3m3,983,fbbcefe6513b3c004da9a45fbf215d5b45b0b8ba535cc2803f2e2133923343ba,983,983,983,983,983,same,layer1_0_conv1,
fp7_e3m3,984,fbc2cc3447da299d1f9670811493cfa46223cbf2f4373a2dae616454c152f192,141,141,141,141,141,same,conv1,
fp7_e3m3,985,fbe9f24621c5cc9b2a37ad9514542440064b1c5fef300e5e688d78fc674e5bd6,771,771,771,771,771,same,conv1,
fp7_e3m3,986,fc18b3982914579a0de217e6142d63d660dcbac04af68edce803523f1ef69554,32,31,31,31,31,same,conv1,
fp7_e3m3,987,fc75c28f1cd9c0f8c4b337b3d564041abf4b64b777efa64a1193686261e70acf,527,590,590,590,590,same,layer1_1_conv1,
fp7_e3m3,988,fc8c0af3587bcd1133f1bf0c1d1f65f9bd0ae8f2a5d2e55124710f60b2c35920,801,801,801,801,801,same,conv1,
fp7_e3m3,989,fd7c64de3ca130719db37651a14de0ad20c2b545ee7cab6e71d926820a54c65f,917,917,917,611,611,B_correct_to_wide_wrong,conv1,
fp7_e3m3,990,fdbbefffb0c940125eff584e5836e9dc8a8a57840c28f2a6858fc48bf063d41a,274,274,274,274,274,same,layer1_0_conv1,
fp7_e3m3,991,fdf46df7098672fad1eb7a23636adea0711fc7099d73f6242b7681e518eef0a3,27,310,272,272,272,same,layer1_0_conv1,
fp7_e3m3,992,fe323e8bfc76942702bad77d912791cdbf0bb67f4c59fc4f0bb4e3b685635254,790,886,886,886,886,same,conv1,
fp7_e3m3,993,fe38b4b925eb5fa47293727f28618b19ff860bfa02312bf0fc2a72d0ab48adac,941,941,941,941,941,same,conv1,
fp7_e3m3,994,fe8978dd949d6e8471fef258ba70aec83b608bddc486fb72affc2de78a06a578,283,283,283,283,283,same,conv1,
fp7_e3m3,995,feed68d7c7f7deb2861bfaaa447b54ffc133161b6ae8844b8348b6deee058443,252,252,252,252,252,same,layer1_0_conv2,
fp7_e3m3,996,ff8f85554f7955f4ec931a2d2c26afe83d68e48559c77658c4966b9b7e5fa8d5,766,766,766,766,766,same,conv1,
fp7_e3m3,997,ff93e825ad8b2865a7df91095ec26a799b3b62d07986e3fb46a06367735d5de4,201,201,201,201,201,same,conv1,
fp7_e3m3,998,ff9847c92278dd3b7ca92c2421c6ddb8275bb2e0af2ab72bfab36a955ad24820,989,989,989,989,989,same,conv1,
fp7_e3m3,999,ffe5a259b924f02fdbb92225c5b0bf83e0791ba8ac731075fba1e678c8f4dfef,265,266,221,266,266,wrong_to_other_wrong,conv1,
